ID,TIME,DV,AMT,EVID,MDV,II,ADDL,FLAG,DOSE,TAD,WT
1,0,0,200,1,1,24,111,1,200,0,70
1,0,0,0,0,0,0,0,1,200,0,70
1,0,0,0,0,0,0,0,2,200,0,70
1,1,0,0,0,0,0,0,1,200,1,70
1,1,0,0,0,0,0,0,2,200,1,70
1,2,0,0,0,0,0,0,1,200,2,70
1,2,0,0,0,0,0,0,2,200,2,70
1,3,0,0,0,0,0,0,1,200,3,70
1,3,0,0,0,0,0,0,2,200,3,70
1,4,0,0,0,0,0,0,1,200,4,70
1,4,0,0,0,0,0,0,2,200,4,70
1,5,0,0,0,0,0,0,1,200,5,70
1,5,0,0,0,0,0,0,2,200,5,70
1,6,0,0,0,0,0,0,1,200,6,70
1,6,0,0,0,0,0,0,2,200,6,70
1,7,0,0,0,0,0,0,1,200,7,70
1,7,0,0,0,0,0,0,2,200,7,70
1,8,0,0,0,0,0,0,1,200,8,70
1,8,0,0,0,0,0,0,2,200,8,70
1,9,0,0,0,0,0,0,1,200,9,70
1,9,0,0,0,0,0,0,2,200,9,70
1,10,0,0,0,0,0,0,1,200,10,70
1,10,0,0,0,0,0,0,2,200,10,70
1,11,0,0,0,0,0,0,1,200,11,70
1,11,0,0,0,0,0,0,2,200,11,70
1,12,0,0,0,0,0,0,1,200,12,70
1,12,0,0,0,0,0,0,2,200,12,70
1,13,0,0,0,0,0,0,1,200,13,70
1,13,0,0,0,0,0,0,2,200,13,70
1,14,0,0,0,0,0,0,1,200,14,70
1,14,0,0,0,0,0,0,2,200,14,70
1,15,0,0,0,0,0,0,1,200,15,70
1,15,0,0,0,0,0,0,2,200,15,70
1,16,0,0,0,0,0,0,1,200,16,70
1,16,0,0,0,0,0,0,2,200,16,70
1,17,0,0,0,0,0,0,1,200,17,70
1,17,0,0,0,0,0,0,2,200,17,70
1,18,0,0,0,0,0,0,1,200,18,70
1,18,0,0,0,0,0,0,2,200,18,70
1,19,0,0,0,0,0,0,1,200,19,70
1,19,0,0,0,0,0,0,2,200,19,70
1,20,0,0,0,0,0,0,1,200,20,70
1,20,0,0,0,0,0,0,2,200,20,70
1,21,0,0,0,0,0,0,1,200,21,70
1,21,0,0,0,0,0,0,2,200,21,70
1,22,0,0,0,0,0,0,1,200,22,70
1,22,0,0,0,0,0,0,2,200,22,70
1,23,0,0,0,0,0,0,1,200,23,70
1,23,0,0,0,0,0,0,2,200,23,70
1,24,0,0,0,0,0,0,1,200,0,70
1,24,0,0,0,0,0,0,2,200,0,70
1,25,0,0,0,0,0,0,1,200,1,70
1,25,0,0,0,0,0,0,2,200,1,70
1,26,0,0,0,0,0,0,1,200,2,70
1,26,0,0,0,0,0,0,2,200,2,70
1,27,0,0,0,0,0,0,1,200,3,70
1,27,0,0,0,0,0,0,2,200,3,70
1,28,0,0,0,0,0,0,1,200,4,70
1,28,0,0,0,0,0,0,2,200,4,70
1,29,0,0,0,0,0,0,1,200,5,70
1,29,0,0,0,0,0,0,2,200,5,70
1,30,0,0,0,0,0,0,1,200,6,70
1,30,0,0,0,0,0,0,2,200,6,70
1,31,0,0,0,0,0,0,1,200,7,70
1,31,0,0,0,0,0,0,2,200,7,70
1,32,0,0,0,0,0,0,1,200,8,70
1,32,0,0,0,0,0,0,2,200,8,70
1,33,0,0,0,0,0,0,1,200,9,70
1,33,0,0,0,0,0,0,2,200,9,70
1,34,0,0,0,0,0,0,1,200,10,70
1,34,0,0,0,0,0,0,2,200,10,70
1,35,0,0,0,0,0,0,1,200,11,70
1,35,0,0,0,0,0,0,2,200,11,70
1,36,0,0,0,0,0,0,1,200,12,70
1,36,0,0,0,0,0,0,2,200,12,70
1,37,0,0,0,0,0,0,1,200,13,70
1,37,0,0,0,0,0,0,2,200,13,70
1,38,0,0,0,0,0,0,1,200,14,70
1,38,0,0,0,0,0,0,2,200,14,70
1,39,0,0,0,0,0,0,1,200,15,70
1,39,0,0,0,0,0,0,2,200,15,70
1,40,0,0,0,0,0,0,1,200,16,70
1,40,0,0,0,0,0,0,2,200,16,70
1,41,0,0,0,0,0,0,1,200,17,70
1,41,0,0,0,0,0,0,2,200,17,70
1,42,0,0,0,0,0,0,1,200,18,70
1,42,0,0,0,0,0,0,2,200,18,70
1,43,0,0,0,0,0,0,1,200,19,70
1,43,0,0,0,0,0,0,2,200,19,70
1,44,0,0,0,0,0,0,1,200,20,70
1,44,0,0,0,0,0,0,2,200,20,70
1,45,0,0,0,0,0,0,1,200,21,70
1,45,0,0,0,0,0,0,2,200,21,70
1,46,0,0,0,0,0,0,1,200,22,70
1,46,0,0,0,0,0,0,2,200,22,70
1,47,0,0,0,0,0,0,1,200,23,70
1,47,0,0,0,0,0,0,2,200,23,70
1,48,0,0,0,0,0,0,1,200,0,70
1,48,0,0,0,0,0,0,2,200,0,70
1,49,0,0,0,0,0,0,1,200,1,70
1,49,0,0,0,0,0,0,2,200,1,70
1,50,0,0,0,0,0,0,1,200,2,70
1,50,0,0,0,0,0,0,2,200,2,70
1,51,0,0,0,0,0,0,1,200,3,70
1,51,0,0,0,0,0,0,2,200,3,70
1,52,0,0,0,0,0,0,1,200,4,70
1,52,0,0,0,0,0,0,2,200,4,70
1,53,0,0,0,0,0,0,1,200,5,70
1,53,0,0,0,0,0,0,2,200,5,70
1,54,0,0,0,0,0,0,1,200,6,70
1,54,0,0,0,0,0,0,2,200,6,70
1,55,0,0,0,0,0,0,1,200,7,70
1,55,0,0,0,0,0,0,2,200,7,70
1,56,0,0,0,0,0,0,1,200,8,70
1,56,0,0,0,0,0,0,2,200,8,70
1,57,0,0,0,0,0,0,1,200,9,70
1,57,0,0,0,0,0,0,2,200,9,70
1,58,0,0,0,0,0,0,1,200,10,70
1,58,0,0,0,0,0,0,2,200,10,70
1,59,0,0,0,0,0,0,1,200,11,70
1,59,0,0,0,0,0,0,2,200,11,70
1,60,0,0,0,0,0,0,1,200,12,70
1,60,0,0,0,0,0,0,2,200,12,70
1,61,0,0,0,0,0,0,1,200,13,70
1,61,0,0,0,0,0,0,2,200,13,70
1,62,0,0,0,0,0,0,1,200,14,70
1,62,0,0,0,0,0,0,2,200,14,70
1,63,0,0,0,0,0,0,1,200,15,70
1,63,0,0,0,0,0,0,2,200,15,70
1,64,0,0,0,0,0,0,1,200,16,70
1,64,0,0,0,0,0,0,2,200,16,70
1,65,0,0,0,0,0,0,1,200,17,70
1,65,0,0,0,0,0,0,2,200,17,70
1,66,0,0,0,0,0,0,1,200,18,70
1,66,0,0,0,0,0,0,2,200,18,70
1,67,0,0,0,0,0,0,1,200,19,70
1,67,0,0,0,0,0,0,2,200,19,70
1,68,0,0,0,0,0,0,1,200,20,70
1,68,0,0,0,0,0,0,2,200,20,70
1,69,0,0,0,0,0,0,1,200,21,70
1,69,0,0,0,0,0,0,2,200,21,70
1,70,0,0,0,0,0,0,1,200,22,70
1,70,0,0,0,0,0,0,2,200,22,70
1,71,0,0,0,0,0,0,1,200,23,70
1,71,0,0,0,0,0,0,2,200,23,70
1,72,0,0,0,0,0,0,1,200,0,70
1,72,0,0,0,0,0,0,2,200,0,70
1,73,0,0,0,0,0,0,1,200,1,70
1,73,0,0,0,0,0,0,2,200,1,70
1,74,0,0,0,0,0,0,1,200,2,70
1,74,0,0,0,0,0,0,2,200,2,70
1,75,0,0,0,0,0,0,1,200,3,70
1,75,0,0,0,0,0,0,2,200,3,70
1,76,0,0,0,0,0,0,1,200,4,70
1,76,0,0,0,0,0,0,2,200,4,70
1,77,0,0,0,0,0,0,1,200,5,70
1,77,0,0,0,0,0,0,2,200,5,70
1,78,0,0,0,0,0,0,1,200,6,70
1,78,0,0,0,0,0,0,2,200,6,70
1,79,0,0,0,0,0,0,1,200,7,70
1,79,0,0,0,0,0,0,2,200,7,70
1,80,0,0,0,0,0,0,1,200,8,70
1,80,0,0,0,0,0,0,2,200,8,70
1,81,0,0,0,0,0,0,1,200,9,70
1,81,0,0,0,0,0,0,2,200,9,70
1,82,0,0,0,0,0,0,1,200,10,70
1,82,0,0,0,0,0,0,2,200,10,70
1,83,0,0,0,0,0,0,1,200,11,70
1,83,0,0,0,0,0,0,2,200,11,70
1,84,0,0,0,0,0,0,1,200,12,70
1,84,0,0,0,0,0,0,2,200,12,70
1,85,0,0,0,0,0,0,1,200,13,70
1,85,0,0,0,0,0,0,2,200,13,70
1,86,0,0,0,0,0,0,1,200,14,70
1,86,0,0,0,0,0,0,2,200,14,70
1,87,0,0,0,0,0,0,1,200,15,70
1,87,0,0,0,0,0,0,2,200,15,70
1,88,0,0,0,0,0,0,1,200,16,70
1,88,0,0,0,0,0,0,2,200,16,70
1,89,0,0,0,0,0,0,1,200,17,70
1,89,0,0,0,0,0,0,2,200,17,70
1,90,0,0,0,0,0,0,1,200,18,70
1,90,0,0,0,0,0,0,2,200,18,70
1,91,0,0,0,0,0,0,1,200,19,70
1,91,0,0,0,0,0,0,2,200,19,70
1,92,0,0,0,0,0,0,1,200,20,70
1,92,0,0,0,0,0,0,2,200,20,70
1,93,0,0,0,0,0,0,1,200,21,70
1,93,0,0,0,0,0,0,2,200,21,70
1,94,0,0,0,0,0,0,1,200,22,70
1,94,0,0,0,0,0,0,2,200,22,70
1,95,0,0,0,0,0,0,1,200,23,70
1,95,0,0,0,0,0,0,2,200,23,70
1,96,0,0,0,0,0,0,1,200,0,70
1,96,0,0,0,0,0,0,2,200,0,70
1,97,0,0,0,0,0,0,1,200,1,70
1,97,0,0,0,0,0,0,2,200,1,70
1,98,0,0,0,0,0,0,1,200,2,70
1,98,0,0,0,0,0,0,2,200,2,70
1,99,0,0,0,0,0,0,1,200,3,70
1,99,0,0,0,0,0,0,2,200,3,70
1,100,0,0,0,0,0,0,1,200,4,70
1,100,0,0,0,0,0,0,2,200,4,70
1,101,0,0,0,0,0,0,1,200,5,70
1,101,0,0,0,0,0,0,2,200,5,70
1,102,0,0,0,0,0,0,1,200,6,70
1,102,0,0,0,0,0,0,2,200,6,70
1,103,0,0,0,0,0,0,1,200,7,70
1,103,0,0,0,0,0,0,2,200,7,70
1,104,0,0,0,0,0,0,1,200,8,70
1,104,0,0,0,0,0,0,2,200,8,70
1,105,0,0,0,0,0,0,1,200,9,70
1,105,0,0,0,0,0,0,2,200,9,70
1,106,0,0,0,0,0,0,1,200,10,70
1,106,0,0,0,0,0,0,2,200,10,70
1,107,0,0,0,0,0,0,1,200,11,70
1,107,0,0,0,0,0,0,2,200,11,70
1,108,0,0,0,0,0,0,1,200,12,70
1,108,0,0,0,0,0,0,2,200,12,70
1,109,0,0,0,0,0,0,1,200,13,70
1,109,0,0,0,0,0,0,2,200,13,70
1,110,0,0,0,0,0,0,1,200,14,70
1,110,0,0,0,0,0,0,2,200,14,70
1,111,0,0,0,0,0,0,1,200,15,70
1,111,0,0,0,0,0,0,2,200,15,70
1,112,0,0,0,0,0,0,1,200,16,70
1,112,0,0,0,0,0,0,2,200,16,70
1,113,0,0,0,0,0,0,1,200,17,70
1,113,0,0,0,0,0,0,2,200,17,70
1,114,0,0,0,0,0,0,1,200,18,70
1,114,0,0,0,0,0,0,2,200,18,70
1,115,0,0,0,0,0,0,1,200,19,70
1,115,0,0,0,0,0,0,2,200,19,70
1,116,0,0,0,0,0,0,1,200,20,70
1,116,0,0,0,0,0,0,2,200,20,70
1,117,0,0,0,0,0,0,1,200,21,70
1,117,0,0,0,0,0,0,2,200,21,70
1,118,0,0,0,0,0,0,1,200,22,70
1,118,0,0,0,0,0,0,2,200,22,70
1,119,0,0,0,0,0,0,1,200,23,70
1,119,0,0,0,0,0,0,2,200,23,70
1,120,0,0,0,0,0,0,1,200,0,70
1,120,0,0,0,0,0,0,2,200,0,70
1,121,0,0,0,0,0,0,1,200,1,70
1,121,0,0,0,0,0,0,2,200,1,70
1,122,0,0,0,0,0,0,1,200,2,70
1,122,0,0,0,0,0,0,2,200,2,70
1,123,0,0,0,0,0,0,1,200,3,70
1,123,0,0,0,0,0,0,2,200,3,70
1,124,0,0,0,0,0,0,1,200,4,70
1,124,0,0,0,0,0,0,2,200,4,70
1,125,0,0,0,0,0,0,1,200,5,70
1,125,0,0,0,0,0,0,2,200,5,70
1,126,0,0,0,0,0,0,1,200,6,70
1,126,0,0,0,0,0,0,2,200,6,70
1,127,0,0,0,0,0,0,1,200,7,70
1,127,0,0,0,0,0,0,2,200,7,70
1,128,0,0,0,0,0,0,1,200,8,70
1,128,0,0,0,0,0,0,2,200,8,70
1,129,0,0,0,0,0,0,1,200,9,70
1,129,0,0,0,0,0,0,2,200,9,70
1,130,0,0,0,0,0,0,1,200,10,70
1,130,0,0,0,0,0,0,2,200,10,70
1,131,0,0,0,0,0,0,1,200,11,70
1,131,0,0,0,0,0,0,2,200,11,70
1,132,0,0,0,0,0,0,1,200,12,70
1,132,0,0,0,0,0,0,2,200,12,70
1,133,0,0,0,0,0,0,1,200,13,70
1,133,0,0,0,0,0,0,2,200,13,70
1,134,0,0,0,0,0,0,1,200,14,70
1,134,0,0,0,0,0,0,2,200,14,70
1,135,0,0,0,0,0,0,1,200,15,70
1,135,0,0,0,0,0,0,2,200,15,70
1,136,0,0,0,0,0,0,1,200,16,70
1,136,0,0,0,0,0,0,2,200,16,70
1,137,0,0,0,0,0,0,1,200,17,70
1,137,0,0,0,0,0,0,2,200,17,70
1,138,0,0,0,0,0,0,1,200,18,70
1,138,0,0,0,0,0,0,2,200,18,70
1,139,0,0,0,0,0,0,1,200,19,70
1,139,0,0,0,0,0,0,2,200,19,70
1,140,0,0,0,0,0,0,1,200,20,70
1,140,0,0,0,0,0,0,2,200,20,70
1,141,0,0,0,0,0,0,1,200,21,70
1,141,0,0,0,0,0,0,2,200,21,70
1,142,0,0,0,0,0,0,1,200,22,70
1,142,0,0,0,0,0,0,2,200,22,70
1,143,0,0,0,0,0,0,1,200,23,70
1,143,0,0,0,0,0,0,2,200,23,70
1,144,0,0,0,0,0,0,1,200,0,70
1,144,0,0,0,0,0,0,2,200,0,70
1,145,0,0,0,0,0,0,1,200,1,70
1,145,0,0,0,0,0,0,2,200,1,70
1,146,0,0,0,0,0,0,1,200,2,70
1,146,0,0,0,0,0,0,2,200,2,70
1,147,0,0,0,0,0,0,1,200,3,70
1,147,0,0,0,0,0,0,2,200,3,70
1,148,0,0,0,0,0,0,1,200,4,70
1,148,0,0,0,0,0,0,2,200,4,70
1,149,0,0,0,0,0,0,1,200,5,70
1,149,0,0,0,0,0,0,2,200,5,70
1,150,0,0,0,0,0,0,1,200,6,70
1,150,0,0,0,0,0,0,2,200,6,70
1,151,0,0,0,0,0,0,1,200,7,70
1,151,0,0,0,0,0,0,2,200,7,70
1,152,0,0,0,0,0,0,1,200,8,70
1,152,0,0,0,0,0,0,2,200,8,70
1,153,0,0,0,0,0,0,1,200,9,70
1,153,0,0,0,0,0,0,2,200,9,70
1,154,0,0,0,0,0,0,1,200,10,70
1,154,0,0,0,0,0,0,2,200,10,70
1,155,0,0,0,0,0,0,1,200,11,70
1,155,0,0,0,0,0,0,2,200,11,70
1,156,0,0,0,0,0,0,1,200,12,70
1,156,0,0,0,0,0,0,2,200,12,70
1,157,0,0,0,0,0,0,1,200,13,70
1,157,0,0,0,0,0,0,2,200,13,70
1,158,0,0,0,0,0,0,1,200,14,70
1,158,0,0,0,0,0,0,2,200,14,70
1,159,0,0,0,0,0,0,1,200,15,70
1,159,0,0,0,0,0,0,2,200,15,70
1,160,0,0,0,0,0,0,1,200,16,70
1,160,0,0,0,0,0,0,2,200,16,70
1,161,0,0,0,0,0,0,1,200,17,70
1,161,0,0,0,0,0,0,2,200,17,70
1,162,0,0,0,0,0,0,1,200,18,70
1,162,0,0,0,0,0,0,2,200,18,70
1,163,0,0,0,0,0,0,1,200,19,70
1,163,0,0,0,0,0,0,2,200,19,70
1,164,0,0,0,0,0,0,1,200,20,70
1,164,0,0,0,0,0,0,2,200,20,70
1,165,0,0,0,0,0,0,1,200,21,70
1,165,0,0,0,0,0,0,2,200,21,70
1,166,0,0,0,0,0,0,1,200,22,70
1,166,0,0,0,0,0,0,2,200,22,70
1,167,0,0,0,0,0,0,1,200,23,70
1,167,0,0,0,0,0,0,2,200,23,70
1,168,0,0,0,0,0,0,1,200,0,70
1,168,0,0,0,0,0,0,2,200,0,70
1,169,0,0,0,0,0,0,1,200,1,70
1,169,0,0,0,0,0,0,2,200,1,70
1,170,0,0,0,0,0,0,1,200,2,70
1,170,0,0,0,0,0,0,2,200,2,70
1,171,0,0,0,0,0,0,1,200,3,70
1,171,0,0,0,0,0,0,2,200,3,70
1,172,0,0,0,0,0,0,1,200,4,70
1,172,0,0,0,0,0,0,2,200,4,70
1,173,0,0,0,0,0,0,1,200,5,70
1,173,0,0,0,0,0,0,2,200,5,70
1,174,0,0,0,0,0,0,1,200,6,70
1,174,0,0,0,0,0,0,2,200,6,70
1,175,0,0,0,0,0,0,1,200,7,70
1,175,0,0,0,0,0,0,2,200,7,70
1,176,0,0,0,0,0,0,1,200,8,70
1,176,0,0,0,0,0,0,2,200,8,70
1,177,0,0,0,0,0,0,1,200,9,70
1,177,0,0,0,0,0,0,2,200,9,70
1,178,0,0,0,0,0,0,1,200,10,70
1,178,0,0,0,0,0,0,2,200,10,70
1,179,0,0,0,0,0,0,1,200,11,70
1,179,0,0,0,0,0,0,2,200,11,70
1,180,0,0,0,0,0,0,1,200,12,70
1,180,0,0,0,0,0,0,2,200,12,70
1,181,0,0,0,0,0,0,1,200,13,70
1,181,0,0,0,0,0,0,2,200,13,70
1,182,0,0,0,0,0,0,1,200,14,70
1,182,0,0,0,0,0,0,2,200,14,70
1,183,0,0,0,0,0,0,1,200,15,70
1,183,0,0,0,0,0,0,2,200,15,70
1,184,0,0,0,0,0,0,1,200,16,70
1,184,0,0,0,0,0,0,2,200,16,70
1,185,0,0,0,0,0,0,1,200,17,70
1,185,0,0,0,0,0,0,2,200,17,70
1,186,0,0,0,0,0,0,1,200,18,70
1,186,0,0,0,0,0,0,2,200,18,70
1,187,0,0,0,0,0,0,1,200,19,70
1,187,0,0,0,0,0,0,2,200,19,70
1,188,0,0,0,0,0,0,1,200,20,70
1,188,0,0,0,0,0,0,2,200,20,70
1,189,0,0,0,0,0,0,1,200,21,70
1,189,0,0,0,0,0,0,2,200,21,70
1,190,0,0,0,0,0,0,1,200,22,70
1,190,0,0,0,0,0,0,2,200,22,70
1,191,0,0,0,0,0,0,1,200,23,70
1,191,0,0,0,0,0,0,2,200,23,70
1,192,0,0,0,0,0,0,1,200,0,70
1,192,0,0,0,0,0,0,2,200,0,70
1,193,0,0,0,0,0,0,1,200,1,70
1,193,0,0,0,0,0,0,2,200,1,70
1,194,0,0,0,0,0,0,1,200,2,70
1,194,0,0,0,0,0,0,2,200,2,70
1,195,0,0,0,0,0,0,1,200,3,70
1,195,0,0,0,0,0,0,2,200,3,70
1,196,0,0,0,0,0,0,1,200,4,70
1,196,0,0,0,0,0,0,2,200,4,70
1,197,0,0,0,0,0,0,1,200,5,70
1,197,0,0,0,0,0,0,2,200,5,70
1,198,0,0,0,0,0,0,1,200,6,70
1,198,0,0,0,0,0,0,2,200,6,70
1,199,0,0,0,0,0,0,1,200,7,70
1,199,0,0,0,0,0,0,2,200,7,70
1,200,0,0,0,0,0,0,1,200,8,70
1,200,0,0,0,0,0,0,2,200,8,70
1,201,0,0,0,0,0,0,1,200,9,70
1,201,0,0,0,0,0,0,2,200,9,70
1,202,0,0,0,0,0,0,1,200,10,70
1,202,0,0,0,0,0,0,2,200,10,70
1,203,0,0,0,0,0,0,1,200,11,70
1,203,0,0,0,0,0,0,2,200,11,70
1,204,0,0,0,0,0,0,1,200,12,70
1,204,0,0,0,0,0,0,2,200,12,70
1,205,0,0,0,0,0,0,1,200,13,70
1,205,0,0,0,0,0,0,2,200,13,70
1,206,0,0,0,0,0,0,1,200,14,70
1,206,0,0,0,0,0,0,2,200,14,70
1,207,0,0,0,0,0,0,1,200,15,70
1,207,0,0,0,0,0,0,2,200,15,70
1,208,0,0,0,0,0,0,1,200,16,70
1,208,0,0,0,0,0,0,2,200,16,70
1,209,0,0,0,0,0,0,1,200,17,70
1,209,0,0,0,0,0,0,2,200,17,70
1,210,0,0,0,0,0,0,1,200,18,70
1,210,0,0,0,0,0,0,2,200,18,70
1,211,0,0,0,0,0,0,1,200,19,70
1,211,0,0,0,0,0,0,2,200,19,70
1,212,0,0,0,0,0,0,1,200,20,70
1,212,0,0,0,0,0,0,2,200,20,70
1,213,0,0,0,0,0,0,1,200,21,70
1,213,0,0,0,0,0,0,2,200,21,70
1,214,0,0,0,0,0,0,1,200,22,70
1,214,0,0,0,0,0,0,2,200,22,70
1,215,0,0,0,0,0,0,1,200,23,70
1,215,0,0,0,0,0,0,2,200,23,70
1,216,0,0,0,0,0,0,1,200,0,70
1,216,0,0,0,0,0,0,2,200,0,70
1,217,0,0,0,0,0,0,1,200,1,70
1,217,0,0,0,0,0,0,2,200,1,70
1,218,0,0,0,0,0,0,1,200,2,70
1,218,0,0,0,0,0,0,2,200,2,70
1,219,0,0,0,0,0,0,1,200,3,70
1,219,0,0,0,0,0,0,2,200,3,70
1,220,0,0,0,0,0,0,1,200,4,70
1,220,0,0,0,0,0,0,2,200,4,70
1,221,0,0,0,0,0,0,1,200,5,70
1,221,0,0,0,0,0,0,2,200,5,70
1,222,0,0,0,0,0,0,1,200,6,70
1,222,0,0,0,0,0,0,2,200,6,70
1,223,0,0,0,0,0,0,1,200,7,70
1,223,0,0,0,0,0,0,2,200,7,70
1,224,0,0,0,0,0,0,1,200,8,70
1,224,0,0,0,0,0,0,2,200,8,70
1,225,0,0,0,0,0,0,1,200,9,70
1,225,0,0,0,0,0,0,2,200,9,70
1,226,0,0,0,0,0,0,1,200,10,70
1,226,0,0,0,0,0,0,2,200,10,70
1,227,0,0,0,0,0,0,1,200,11,70
1,227,0,0,0,0,0,0,2,200,11,70
1,228,0,0,0,0,0,0,1,200,12,70
1,228,0,0,0,0,0,0,2,200,12,70
1,229,0,0,0,0,0,0,1,200,13,70
1,229,0,0,0,0,0,0,2,200,13,70
1,230,0,0,0,0,0,0,1,200,14,70
1,230,0,0,0,0,0,0,2,200,14,70
1,231,0,0,0,0,0,0,1,200,15,70
1,231,0,0,0,0,0,0,2,200,15,70
1,232,0,0,0,0,0,0,1,200,16,70
1,232,0,0,0,0,0,0,2,200,16,70
1,233,0,0,0,0,0,0,1,200,17,70
1,233,0,0,0,0,0,0,2,200,17,70
1,234,0,0,0,0,0,0,1,200,18,70
1,234,0,0,0,0,0,0,2,200,18,70
1,235,0,0,0,0,0,0,1,200,19,70
1,235,0,0,0,0,0,0,2,200,19,70
1,236,0,0,0,0,0,0,1,200,20,70
1,236,0,0,0,0,0,0,2,200,20,70
1,237,0,0,0,0,0,0,1,200,21,70
1,237,0,0,0,0,0,0,2,200,21,70
1,238,0,0,0,0,0,0,1,200,22,70
1,238,0,0,0,0,0,0,2,200,22,70
1,239,0,0,0,0,0,0,1,200,23,70
1,239,0,0,0,0,0,0,2,200,23,70
1,240,0,0,0,0,0,0,1,200,0,70
1,240,0,0,0,0,0,0,2,200,0,70
1,241,0,0,0,0,0,0,1,200,1,70
1,241,0,0,0,0,0,0,2,200,1,70
1,242,0,0,0,0,0,0,1,200,2,70
1,242,0,0,0,0,0,0,2,200,2,70
1,243,0,0,0,0,0,0,1,200,3,70
1,243,0,0,0,0,0,0,2,200,3,70
1,244,0,0,0,0,0,0,1,200,4,70
1,244,0,0,0,0,0,0,2,200,4,70
1,245,0,0,0,0,0,0,1,200,5,70
1,245,0,0,0,0,0,0,2,200,5,70
1,246,0,0,0,0,0,0,1,200,6,70
1,246,0,0,0,0,0,0,2,200,6,70
1,247,0,0,0,0,0,0,1,200,7,70
1,247,0,0,0,0,0,0,2,200,7,70
1,248,0,0,0,0,0,0,1,200,8,70
1,248,0,0,0,0,0,0,2,200,8,70
1,249,0,0,0,0,0,0,1,200,9,70
1,249,0,0,0,0,0,0,2,200,9,70
1,250,0,0,0,0,0,0,1,200,10,70
1,250,0,0,0,0,0,0,2,200,10,70
1,251,0,0,0,0,0,0,1,200,11,70
1,251,0,0,0,0,0,0,2,200,11,70
1,252,0,0,0,0,0,0,1,200,12,70
1,252,0,0,0,0,0,0,2,200,12,70
1,253,0,0,0,0,0,0,1,200,13,70
1,253,0,0,0,0,0,0,2,200,13,70
1,254,0,0,0,0,0,0,1,200,14,70
1,254,0,0,0,0,0,0,2,200,14,70
1,255,0,0,0,0,0,0,1,200,15,70
1,255,0,0,0,0,0,0,2,200,15,70
1,256,0,0,0,0,0,0,1,200,16,70
1,256,0,0,0,0,0,0,2,200,16,70
1,257,0,0,0,0,0,0,1,200,17,70
1,257,0,0,0,0,0,0,2,200,17,70
1,258,0,0,0,0,0,0,1,200,18,70
1,258,0,0,0,0,0,0,2,200,18,70
1,259,0,0,0,0,0,0,1,200,19,70
1,259,0,0,0,0,0,0,2,200,19,70
1,260,0,0,0,0,0,0,1,200,20,70
1,260,0,0,0,0,0,0,2,200,20,70
1,261,0,0,0,0,0,0,1,200,21,70
1,261,0,0,0,0,0,0,2,200,21,70
1,262,0,0,0,0,0,0,1,200,22,70
1,262,0,0,0,0,0,0,2,200,22,70
1,263,0,0,0,0,0,0,1,200,23,70
1,263,0,0,0,0,0,0,2,200,23,70
1,264,0,0,0,0,0,0,1,200,0,70
1,264,0,0,0,0,0,0,2,200,0,70
1,265,0,0,0,0,0,0,1,200,1,70
1,265,0,0,0,0,0,0,2,200,1,70
1,266,0,0,0,0,0,0,1,200,2,70
1,266,0,0,0,0,0,0,2,200,2,70
1,267,0,0,0,0,0,0,1,200,3,70
1,267,0,0,0,0,0,0,2,200,3,70
1,268,0,0,0,0,0,0,1,200,4,70
1,268,0,0,0,0,0,0,2,200,4,70
1,269,0,0,0,0,0,0,1,200,5,70
1,269,0,0,0,0,0,0,2,200,5,70
1,270,0,0,0,0,0,0,1,200,6,70
1,270,0,0,0,0,0,0,2,200,6,70
1,271,0,0,0,0,0,0,1,200,7,70
1,271,0,0,0,0,0,0,2,200,7,70
1,272,0,0,0,0,0,0,1,200,8,70
1,272,0,0,0,0,0,0,2,200,8,70
1,273,0,0,0,0,0,0,1,200,9,70
1,273,0,0,0,0,0,0,2,200,9,70
1,274,0,0,0,0,0,0,1,200,10,70
1,274,0,0,0,0,0,0,2,200,10,70
1,275,0,0,0,0,0,0,1,200,11,70
1,275,0,0,0,0,0,0,2,200,11,70
1,276,0,0,0,0,0,0,1,200,12,70
1,276,0,0,0,0,0,0,2,200,12,70
1,277,0,0,0,0,0,0,1,200,13,70
1,277,0,0,0,0,0,0,2,200,13,70
1,278,0,0,0,0,0,0,1,200,14,70
1,278,0,0,0,0,0,0,2,200,14,70
1,279,0,0,0,0,0,0,1,200,15,70
1,279,0,0,0,0,0,0,2,200,15,70
1,280,0,0,0,0,0,0,1,200,16,70
1,280,0,0,0,0,0,0,2,200,16,70
1,281,0,0,0,0,0,0,1,200,17,70
1,281,0,0,0,0,0,0,2,200,17,70
1,282,0,0,0,0,0,0,1,200,18,70
1,282,0,0,0,0,0,0,2,200,18,70
1,283,0,0,0,0,0,0,1,200,19,70
1,283,0,0,0,0,0,0,2,200,19,70
1,284,0,0,0,0,0,0,1,200,20,70
1,284,0,0,0,0,0,0,2,200,20,70
1,285,0,0,0,0,0,0,1,200,21,70
1,285,0,0,0,0,0,0,2,200,21,70
1,286,0,0,0,0,0,0,1,200,22,70
1,286,0,0,0,0,0,0,2,200,22,70
1,287,0,0,0,0,0,0,1,200,23,70
1,287,0,0,0,0,0,0,2,200,23,70
1,288,0,0,0,0,0,0,1,200,0,70
1,288,0,0,0,0,0,0,2,200,0,70
1,289,0,0,0,0,0,0,1,200,1,70
1,289,0,0,0,0,0,0,2,200,1,70
1,290,0,0,0,0,0,0,1,200,2,70
1,290,0,0,0,0,0,0,2,200,2,70
1,291,0,0,0,0,0,0,1,200,3,70
1,291,0,0,0,0,0,0,2,200,3,70
1,292,0,0,0,0,0,0,1,200,4,70
1,292,0,0,0,0,0,0,2,200,4,70
1,293,0,0,0,0,0,0,1,200,5,70
1,293,0,0,0,0,0,0,2,200,5,70
1,294,0,0,0,0,0,0,1,200,6,70
1,294,0,0,0,0,0,0,2,200,6,70
1,295,0,0,0,0,0,0,1,200,7,70
1,295,0,0,0,0,0,0,2,200,7,70
1,296,0,0,0,0,0,0,1,200,8,70
1,296,0,0,0,0,0,0,2,200,8,70
1,297,0,0,0,0,0,0,1,200,9,70
1,297,0,0,0,0,0,0,2,200,9,70
1,298,0,0,0,0,0,0,1,200,10,70
1,298,0,0,0,0,0,0,2,200,10,70
1,299,0,0,0,0,0,0,1,200,11,70
1,299,0,0,0,0,0,0,2,200,11,70
1,300,0,0,0,0,0,0,1,200,12,70
1,300,0,0,0,0,0,0,2,200,12,70
1,301,0,0,0,0,0,0,1,200,13,70
1,301,0,0,0,0,0,0,2,200,13,70
1,302,0,0,0,0,0,0,1,200,14,70
1,302,0,0,0,0,0,0,2,200,14,70
1,303,0,0,0,0,0,0,1,200,15,70
1,303,0,0,0,0,0,0,2,200,15,70
1,304,0,0,0,0,0,0,1,200,16,70
1,304,0,0,0,0,0,0,2,200,16,70
1,305,0,0,0,0,0,0,1,200,17,70
1,305,0,0,0,0,0,0,2,200,17,70
1,306,0,0,0,0,0,0,1,200,18,70
1,306,0,0,0,0,0,0,2,200,18,70
1,307,0,0,0,0,0,0,1,200,19,70
1,307,0,0,0,0,0,0,2,200,19,70
1,308,0,0,0,0,0,0,1,200,20,70
1,308,0,0,0,0,0,0,2,200,20,70
1,309,0,0,0,0,0,0,1,200,21,70
1,309,0,0,0,0,0,0,2,200,21,70
1,310,0,0,0,0,0,0,1,200,22,70
1,310,0,0,0,0,0,0,2,200,22,70
1,311,0,0,0,0,0,0,1,200,23,70
1,311,0,0,0,0,0,0,2,200,23,70
1,312,0,0,0,0,0,0,1,200,0,70
1,312,0,0,0,0,0,0,2,200,0,70
1,313,0,0,0,0,0,0,1,200,1,70
1,313,0,0,0,0,0,0,2,200,1,70
1,314,0,0,0,0,0,0,1,200,2,70
1,314,0,0,0,0,0,0,2,200,2,70
1,315,0,0,0,0,0,0,1,200,3,70
1,315,0,0,0,0,0,0,2,200,3,70
1,316,0,0,0,0,0,0,1,200,4,70
1,316,0,0,0,0,0,0,2,200,4,70
1,317,0,0,0,0,0,0,1,200,5,70
1,317,0,0,0,0,0,0,2,200,5,70
1,318,0,0,0,0,0,0,1,200,6,70
1,318,0,0,0,0,0,0,2,200,6,70
1,319,0,0,0,0,0,0,1,200,7,70
1,319,0,0,0,0,0,0,2,200,7,70
1,320,0,0,0,0,0,0,1,200,8,70
1,320,0,0,0,0,0,0,2,200,8,70
1,321,0,0,0,0,0,0,1,200,9,70
1,321,0,0,0,0,0,0,2,200,9,70
1,322,0,0,0,0,0,0,1,200,10,70
1,322,0,0,0,0,0,0,2,200,10,70
1,323,0,0,0,0,0,0,1,200,11,70
1,323,0,0,0,0,0,0,2,200,11,70
1,324,0,0,0,0,0,0,1,200,12,70
1,324,0,0,0,0,0,0,2,200,12,70
1,325,0,0,0,0,0,0,1,200,13,70
1,325,0,0,0,0,0,0,2,200,13,70
1,326,0,0,0,0,0,0,1,200,14,70
1,326,0,0,0,0,0,0,2,200,14,70
1,327,0,0,0,0,0,0,1,200,15,70
1,327,0,0,0,0,0,0,2,200,15,70
1,328,0,0,0,0,0,0,1,200,16,70
1,328,0,0,0,0,0,0,2,200,16,70
1,329,0,0,0,0,0,0,1,200,17,70
1,329,0,0,0,0,0,0,2,200,17,70
1,330,0,0,0,0,0,0,1,200,18,70
1,330,0,0,0,0,0,0,2,200,18,70
1,331,0,0,0,0,0,0,1,200,19,70
1,331,0,0,0,0,0,0,2,200,19,70
1,332,0,0,0,0,0,0,1,200,20,70
1,332,0,0,0,0,0,0,2,200,20,70
1,333,0,0,0,0,0,0,1,200,21,70
1,333,0,0,0,0,0,0,2,200,21,70
1,334,0,0,0,0,0,0,1,200,22,70
1,334,0,0,0,0,0,0,2,200,22,70
1,335,0,0,0,0,0,0,1,200,23,70
1,335,0,0,0,0,0,0,2,200,23,70
1,336,0,0,0,0,0,0,1,200,0,70
1,336,0,0,0,0,0,0,2,200,0,70
1,337,0,0,0,0,0,0,1,200,1,70
1,337,0,0,0,0,0,0,2,200,1,70
1,338,0,0,0,0,0,0,1,200,2,70
1,338,0,0,0,0,0,0,2,200,2,70
1,339,0,0,0,0,0,0,1,200,3,70
1,339,0,0,0,0,0,0,2,200,3,70
1,340,0,0,0,0,0,0,1,200,4,70
1,340,0,0,0,0,0,0,2,200,4,70
1,341,0,0,0,0,0,0,1,200,5,70
1,341,0,0,0,0,0,0,2,200,5,70
1,342,0,0,0,0,0,0,1,200,6,70
1,342,0,0,0,0,0,0,2,200,6,70
1,343,0,0,0,0,0,0,1,200,7,70
1,343,0,0,0,0,0,0,2,200,7,70
1,344,0,0,0,0,0,0,1,200,8,70
1,344,0,0,0,0,0,0,2,200,8,70
1,345,0,0,0,0,0,0,1,200,9,70
1,345,0,0,0,0,0,0,2,200,9,70
1,346,0,0,0,0,0,0,1,200,10,70
1,346,0,0,0,0,0,0,2,200,10,70
1,347,0,0,0,0,0,0,1,200,11,70
1,347,0,0,0,0,0,0,2,200,11,70
1,348,0,0,0,0,0,0,1,200,12,70
1,348,0,0,0,0,0,0,2,200,12,70
1,349,0,0,0,0,0,0,1,200,13,70
1,349,0,0,0,0,0,0,2,200,13,70
1,350,0,0,0,0,0,0,1,200,14,70
1,350,0,0,0,0,0,0,2,200,14,70
1,351,0,0,0,0,0,0,1,200,15,70
1,351,0,0,0,0,0,0,2,200,15,70
1,352,0,0,0,0,0,0,1,200,16,70
1,352,0,0,0,0,0,0,2,200,16,70
1,353,0,0,0,0,0,0,1,200,17,70
1,353,0,0,0,0,0,0,2,200,17,70
1,354,0,0,0,0,0,0,1,200,18,70
1,354,0,0,0,0,0,0,2,200,18,70
1,355,0,0,0,0,0,0,1,200,19,70
1,355,0,0,0,0,0,0,2,200,19,70
1,356,0,0,0,0,0,0,1,200,20,70
1,356,0,0,0,0,0,0,2,200,20,70
1,357,0,0,0,0,0,0,1,200,21,70
1,357,0,0,0,0,0,0,2,200,21,70
1,358,0,0,0,0,0,0,1,200,22,70
1,358,0,0,0,0,0,0,2,200,22,70
1,359,0,0,0,0,0,0,1,200,23,70
1,359,0,0,0,0,0,0,2,200,23,70
1,360,0,0,0,0,0,0,1,200,0,70
1,360,0,0,0,0,0,0,2,200,0,70
1,361,0,0,0,0,0,0,1,200,1,70
1,361,0,0,0,0,0,0,2,200,1,70
1,362,0,0,0,0,0,0,1,200,2,70
1,362,0,0,0,0,0,0,2,200,2,70
1,363,0,0,0,0,0,0,1,200,3,70
1,363,0,0,0,0,0,0,2,200,3,70
1,364,0,0,0,0,0,0,1,200,4,70
1,364,0,0,0,0,0,0,2,200,4,70
1,365,0,0,0,0,0,0,1,200,5,70
1,365,0,0,0,0,0,0,2,200,5,70
1,366,0,0,0,0,0,0,1,200,6,70
1,366,0,0,0,0,0,0,2,200,6,70
1,367,0,0,0,0,0,0,1,200,7,70
1,367,0,0,0,0,0,0,2,200,7,70
1,368,0,0,0,0,0,0,1,200,8,70
1,368,0,0,0,0,0,0,2,200,8,70
1,369,0,0,0,0,0,0,1,200,9,70
1,369,0,0,0,0,0,0,2,200,9,70
1,370,0,0,0,0,0,0,1,200,10,70
1,370,0,0,0,0,0,0,2,200,10,70
1,371,0,0,0,0,0,0,1,200,11,70
1,371,0,0,0,0,0,0,2,200,11,70
1,372,0,0,0,0,0,0,1,200,12,70
1,372,0,0,0,0,0,0,2,200,12,70
1,373,0,0,0,0,0,0,1,200,13,70
1,373,0,0,0,0,0,0,2,200,13,70
1,374,0,0,0,0,0,0,1,200,14,70
1,374,0,0,0,0,0,0,2,200,14,70
1,375,0,0,0,0,0,0,1,200,15,70
1,375,0,0,0,0,0,0,2,200,15,70
1,376,0,0,0,0,0,0,1,200,16,70
1,376,0,0,0,0,0,0,2,200,16,70
1,377,0,0,0,0,0,0,1,200,17,70
1,377,0,0,0,0,0,0,2,200,17,70
1,378,0,0,0,0,0,0,1,200,18,70
1,378,0,0,0,0,0,0,2,200,18,70
1,379,0,0,0,0,0,0,1,200,19,70
1,379,0,0,0,0,0,0,2,200,19,70
1,380,0,0,0,0,0,0,1,200,20,70
1,380,0,0,0,0,0,0,2,200,20,70
1,381,0,0,0,0,0,0,1,200,21,70
1,381,0,0,0,0,0,0,2,200,21,70
1,382,0,0,0,0,0,0,1,200,22,70
1,382,0,0,0,0,0,0,2,200,22,70
1,383,0,0,0,0,0,0,1,200,23,70
1,383,0,0,0,0,0,0,2,200,23,70
1,384,0,0,0,0,0,0,1,200,0,70
1,384,0,0,0,0,0,0,2,200,0,70
1,385,0,0,0,0,0,0,1,200,1,70
1,385,0,0,0,0,0,0,2,200,1,70
1,386,0,0,0,0,0,0,1,200,2,70
1,386,0,0,0,0,0,0,2,200,2,70
1,387,0,0,0,0,0,0,1,200,3,70
1,387,0,0,0,0,0,0,2,200,3,70
1,388,0,0,0,0,0,0,1,200,4,70
1,388,0,0,0,0,0,0,2,200,4,70
1,389,0,0,0,0,0,0,1,200,5,70
1,389,0,0,0,0,0,0,2,200,5,70
1,390,0,0,0,0,0,0,1,200,6,70
1,390,0,0,0,0,0,0,2,200,6,70
1,391,0,0,0,0,0,0,1,200,7,70
1,391,0,0,0,0,0,0,2,200,7,70
1,392,0,0,0,0,0,0,1,200,8,70
1,392,0,0,0,0,0,0,2,200,8,70
1,393,0,0,0,0,0,0,1,200,9,70
1,393,0,0,0,0,0,0,2,200,9,70
1,394,0,0,0,0,0,0,1,200,10,70
1,394,0,0,0,0,0,0,2,200,10,70
1,395,0,0,0,0,0,0,1,200,11,70
1,395,0,0,0,0,0,0,2,200,11,70
1,396,0,0,0,0,0,0,1,200,12,70
1,396,0,0,0,0,0,0,2,200,12,70
1,397,0,0,0,0,0,0,1,200,13,70
1,397,0,0,0,0,0,0,2,200,13,70
1,398,0,0,0,0,0,0,1,200,14,70
1,398,0,0,0,0,0,0,2,200,14,70
1,399,0,0,0,0,0,0,1,200,15,70
1,399,0,0,0,0,0,0,2,200,15,70
1,400,0,0,0,0,0,0,1,200,16,70
1,400,0,0,0,0,0,0,2,200,16,70
1,401,0,0,0,0,0,0,1,200,17,70
1,401,0,0,0,0,0,0,2,200,17,70
1,402,0,0,0,0,0,0,1,200,18,70
1,402,0,0,0,0,0,0,2,200,18,70
1,403,0,0,0,0,0,0,1,200,19,70
1,403,0,0,0,0,0,0,2,200,19,70
1,404,0,0,0,0,0,0,1,200,20,70
1,404,0,0,0,0,0,0,2,200,20,70
1,405,0,0,0,0,0,0,1,200,21,70
1,405,0,0,0,0,0,0,2,200,21,70
1,406,0,0,0,0,0,0,1,200,22,70
1,406,0,0,0,0,0,0,2,200,22,70
1,407,0,0,0,0,0,0,1,200,23,70
1,407,0,0,0,0,0,0,2,200,23,70
1,408,0,0,0,0,0,0,1,200,0,70
1,408,0,0,0,0,0,0,2,200,0,70
1,409,0,0,0,0,0,0,1,200,1,70
1,409,0,0,0,0,0,0,2,200,1,70
1,410,0,0,0,0,0,0,1,200,2,70
1,410,0,0,0,0,0,0,2,200,2,70
1,411,0,0,0,0,0,0,1,200,3,70
1,411,0,0,0,0,0,0,2,200,3,70
1,412,0,0,0,0,0,0,1,200,4,70
1,412,0,0,0,0,0,0,2,200,4,70
1,413,0,0,0,0,0,0,1,200,5,70
1,413,0,0,0,0,0,0,2,200,5,70
1,414,0,0,0,0,0,0,1,200,6,70
1,414,0,0,0,0,0,0,2,200,6,70
1,415,0,0,0,0,0,0,1,200,7,70
1,415,0,0,0,0,0,0,2,200,7,70
1,416,0,0,0,0,0,0,1,200,8,70
1,416,0,0,0,0,0,0,2,200,8,70
1,417,0,0,0,0,0,0,1,200,9,70
1,417,0,0,0,0,0,0,2,200,9,70
1,418,0,0,0,0,0,0,1,200,10,70
1,418,0,0,0,0,0,0,2,200,10,70
1,419,0,0,0,0,0,0,1,200,11,70
1,419,0,0,0,0,0,0,2,200,11,70
1,420,0,0,0,0,0,0,1,200,12,70
1,420,0,0,0,0,0,0,2,200,12,70
1,421,0,0,0,0,0,0,1,200,13,70
1,421,0,0,0,0,0,0,2,200,13,70
1,422,0,0,0,0,0,0,1,200,14,70
1,422,0,0,0,0,0,0,2,200,14,70
1,423,0,0,0,0,0,0,1,200,15,70
1,423,0,0,0,0,0,0,2,200,15,70
1,424,0,0,0,0,0,0,1,200,16,70
1,424,0,0,0,0,0,0,2,200,16,70
1,425,0,0,0,0,0,0,1,200,17,70
1,425,0,0,0,0,0,0,2,200,17,70
1,426,0,0,0,0,0,0,1,200,18,70
1,426,0,0,0,0,0,0,2,200,18,70
1,427,0,0,0,0,0,0,1,200,19,70
1,427,0,0,0,0,0,0,2,200,19,70
1,428,0,0,0,0,0,0,1,200,20,70
1,428,0,0,0,0,0,0,2,200,20,70
1,429,0,0,0,0,0,0,1,200,21,70
1,429,0,0,0,0,0,0,2,200,21,70
1,430,0,0,0,0,0,0,1,200,22,70
1,430,0,0,0,0,0,0,2,200,22,70
1,431,0,0,0,0,0,0,1,200,23,70
1,431,0,0,0,0,0,0,2,200,23,70
1,432,0,0,0,0,0,0,1,200,0,70
1,432,0,0,0,0,0,0,2,200,0,70
1,433,0,0,0,0,0,0,1,200,1,70
1,433,0,0,0,0,0,0,2,200,1,70
1,434,0,0,0,0,0,0,1,200,2,70
1,434,0,0,0,0,0,0,2,200,2,70
1,435,0,0,0,0,0,0,1,200,3,70
1,435,0,0,0,0,0,0,2,200,3,70
1,436,0,0,0,0,0,0,1,200,4,70
1,436,0,0,0,0,0,0,2,200,4,70
1,437,0,0,0,0,0,0,1,200,5,70
1,437,0,0,0,0,0,0,2,200,5,70
1,438,0,0,0,0,0,0,1,200,6,70
1,438,0,0,0,0,0,0,2,200,6,70
1,439,0,0,0,0,0,0,1,200,7,70
1,439,0,0,0,0,0,0,2,200,7,70
1,440,0,0,0,0,0,0,1,200,8,70
1,440,0,0,0,0,0,0,2,200,8,70
1,441,0,0,0,0,0,0,1,200,9,70
1,441,0,0,0,0,0,0,2,200,9,70
1,442,0,0,0,0,0,0,1,200,10,70
1,442,0,0,0,0,0,0,2,200,10,70
1,443,0,0,0,0,0,0,1,200,11,70
1,443,0,0,0,0,0,0,2,200,11,70
1,444,0,0,0,0,0,0,1,200,12,70
1,444,0,0,0,0,0,0,2,200,12,70
1,445,0,0,0,0,0,0,1,200,13,70
1,445,0,0,0,0,0,0,2,200,13,70
1,446,0,0,0,0,0,0,1,200,14,70
1,446,0,0,0,0,0,0,2,200,14,70
1,447,0,0,0,0,0,0,1,200,15,70
1,447,0,0,0,0,0,0,2,200,15,70
1,448,0,0,0,0,0,0,1,200,16,70
1,448,0,0,0,0,0,0,2,200,16,70
1,449,0,0,0,0,0,0,1,200,17,70
1,449,0,0,0,0,0,0,2,200,17,70
1,450,0,0,0,0,0,0,1,200,18,70
1,450,0,0,0,0,0,0,2,200,18,70
1,451,0,0,0,0,0,0,1,200,19,70
1,451,0,0,0,0,0,0,2,200,19,70
1,452,0,0,0,0,0,0,1,200,20,70
1,452,0,0,0,0,0,0,2,200,20,70
1,453,0,0,0,0,0,0,1,200,21,70
1,453,0,0,0,0,0,0,2,200,21,70
1,454,0,0,0,0,0,0,1,200,22,70
1,454,0,0,0,0,0,0,2,200,22,70
1,455,0,0,0,0,0,0,1,200,23,70
1,455,0,0,0,0,0,0,2,200,23,70
1,456,0,0,0,0,0,0,1,200,0,70
1,456,0,0,0,0,0,0,2,200,0,70
1,457,0,0,0,0,0,0,1,200,1,70
1,457,0,0,0,0,0,0,2,200,1,70
1,458,0,0,0,0,0,0,1,200,2,70
1,458,0,0,0,0,0,0,2,200,2,70
1,459,0,0,0,0,0,0,1,200,3,70
1,459,0,0,0,0,0,0,2,200,3,70
1,460,0,0,0,0,0,0,1,200,4,70
1,460,0,0,0,0,0,0,2,200,4,70
1,461,0,0,0,0,0,0,1,200,5,70
1,461,0,0,0,0,0,0,2,200,5,70
1,462,0,0,0,0,0,0,1,200,6,70
1,462,0,0,0,0,0,0,2,200,6,70
1,463,0,0,0,0,0,0,1,200,7,70
1,463,0,0,0,0,0,0,2,200,7,70
1,464,0,0,0,0,0,0,1,200,8,70
1,464,0,0,0,0,0,0,2,200,8,70
1,465,0,0,0,0,0,0,1,200,9,70
1,465,0,0,0,0,0,0,2,200,9,70
1,466,0,0,0,0,0,0,1,200,10,70
1,466,0,0,0,0,0,0,2,200,10,70
1,467,0,0,0,0,0,0,1,200,11,70
1,467,0,0,0,0,0,0,2,200,11,70
1,468,0,0,0,0,0,0,1,200,12,70
1,468,0,0,0,0,0,0,2,200,12,70
1,469,0,0,0,0,0,0,1,200,13,70
1,469,0,0,0,0,0,0,2,200,13,70
1,470,0,0,0,0,0,0,1,200,14,70
1,470,0,0,0,0,0,0,2,200,14,70
1,471,0,0,0,0,0,0,1,200,15,70
1,471,0,0,0,0,0,0,2,200,15,70
1,472,0,0,0,0,0,0,1,200,16,70
1,472,0,0,0,0,0,0,2,200,16,70
1,473,0,0,0,0,0,0,1,200,17,70
1,473,0,0,0,0,0,0,2,200,17,70
1,474,0,0,0,0,0,0,1,200,18,70
1,474,0,0,0,0,0,0,2,200,18,70
1,475,0,0,0,0,0,0,1,200,19,70
1,475,0,0,0,0,0,0,2,200,19,70
1,476,0,0,0,0,0,0,1,200,20,70
1,476,0,0,0,0,0,0,2,200,20,70
1,477,0,0,0,0,0,0,1,200,21,70
1,477,0,0,0,0,0,0,2,200,21,70
1,478,0,0,0,0,0,0,1,200,22,70
1,478,0,0,0,0,0,0,2,200,22,70
1,479,0,0,0,0,0,0,1,200,23,70
1,479,0,0,0,0,0,0,2,200,23,70
1,480,0,0,0,0,0,0,1,200,0,70
1,480,0,0,0,0,0,0,2,200,0,70
1,481,0,0,0,0,0,0,1,200,1,70
1,481,0,0,0,0,0,0,2,200,1,70
1,482,0,0,0,0,0,0,1,200,2,70
1,482,0,0,0,0,0,0,2,200,2,70
1,483,0,0,0,0,0,0,1,200,3,70
1,483,0,0,0,0,0,0,2,200,3,70
1,484,0,0,0,0,0,0,1,200,4,70
1,484,0,0,0,0,0,0,2,200,4,70
1,485,0,0,0,0,0,0,1,200,5,70
1,485,0,0,0,0,0,0,2,200,5,70
1,486,0,0,0,0,0,0,1,200,6,70
1,486,0,0,0,0,0,0,2,200,6,70
1,487,0,0,0,0,0,0,1,200,7,70
1,487,0,0,0,0,0,0,2,200,7,70
1,488,0,0,0,0,0,0,1,200,8,70
1,488,0,0,0,0,0,0,2,200,8,70
1,489,0,0,0,0,0,0,1,200,9,70
1,489,0,0,0,0,0,0,2,200,9,70
1,490,0,0,0,0,0,0,1,200,10,70
1,490,0,0,0,0,0,0,2,200,10,70
1,491,0,0,0,0,0,0,1,200,11,70
1,491,0,0,0,0,0,0,2,200,11,70
1,492,0,0,0,0,0,0,1,200,12,70
1,492,0,0,0,0,0,0,2,200,12,70
1,493,0,0,0,0,0,0,1,200,13,70
1,493,0,0,0,0,0,0,2,200,13,70
1,494,0,0,0,0,0,0,1,200,14,70
1,494,0,0,0,0,0,0,2,200,14,70
1,495,0,0,0,0,0,0,1,200,15,70
1,495,0,0,0,0,0,0,2,200,15,70
1,496,0,0,0,0,0,0,1,200,16,70
1,496,0,0,0,0,0,0,2,200,16,70
1,497,0,0,0,0,0,0,1,200,17,70
1,497,0,0,0,0,0,0,2,200,17,70
1,498,0,0,0,0,0,0,1,200,18,70
1,498,0,0,0,0,0,0,2,200,18,70
1,499,0,0,0,0,0,0,1,200,19,70
1,499,0,0,0,0,0,0,2,200,19,70
1,500,0,0,0,0,0,0,1,200,20,70
1,500,0,0,0,0,0,0,2,200,20,70
1,501,0,0,0,0,0,0,1,200,21,70
1,501,0,0,0,0,0,0,2,200,21,70
1,502,0,0,0,0,0,0,1,200,22,70
1,502,0,0,0,0,0,0,2,200,22,70
1,503,0,0,0,0,0,0,1,200,23,70
1,503,0,0,0,0,0,0,2,200,23,70
1,504,0,0,0,0,0,0,1,200,0,70
1,504,0,0,0,0,0,0,2,200,0,70
1,505,0,0,0,0,0,0,1,200,1,70
1,505,0,0,0,0,0,0,2,200,1,70
1,506,0,0,0,0,0,0,1,200,2,70
1,506,0,0,0,0,0,0,2,200,2,70
1,507,0,0,0,0,0,0,1,200,3,70
1,507,0,0,0,0,0,0,2,200,3,70
1,508,0,0,0,0,0,0,1,200,4,70
1,508,0,0,0,0,0,0,2,200,4,70
1,509,0,0,0,0,0,0,1,200,5,70
1,509,0,0,0,0,0,0,2,200,5,70
1,510,0,0,0,0,0,0,1,200,6,70
1,510,0,0,0,0,0,0,2,200,6,70
1,511,0,0,0,0,0,0,1,200,7,70
1,511,0,0,0,0,0,0,2,200,7,70
1,512,0,0,0,0,0,0,1,200,8,70
1,512,0,0,0,0,0,0,2,200,8,70
1,513,0,0,0,0,0,0,1,200,9,70
1,513,0,0,0,0,0,0,2,200,9,70
1,514,0,0,0,0,0,0,1,200,10,70
1,514,0,0,0,0,0,0,2,200,10,70
1,515,0,0,0,0,0,0,1,200,11,70
1,515,0,0,0,0,0,0,2,200,11,70
1,516,0,0,0,0,0,0,1,200,12,70
1,516,0,0,0,0,0,0,2,200,12,70
1,517,0,0,0,0,0,0,1,200,13,70
1,517,0,0,0,0,0,0,2,200,13,70
1,518,0,0,0,0,0,0,1,200,14,70
1,518,0,0,0,0,0,0,2,200,14,70
1,519,0,0,0,0,0,0,1,200,15,70
1,519,0,0,0,0,0,0,2,200,15,70
1,520,0,0,0,0,0,0,1,200,16,70
1,520,0,0,0,0,0,0,2,200,16,70
1,521,0,0,0,0,0,0,1,200,17,70
1,521,0,0,0,0,0,0,2,200,17,70
1,522,0,0,0,0,0,0,1,200,18,70
1,522,0,0,0,0,0,0,2,200,18,70
1,523,0,0,0,0,0,0,1,200,19,70
1,523,0,0,0,0,0,0,2,200,19,70
1,524,0,0,0,0,0,0,1,200,20,70
1,524,0,0,0,0,0,0,2,200,20,70
1,525,0,0,0,0,0,0,1,200,21,70
1,525,0,0,0,0,0,0,2,200,21,70
1,526,0,0,0,0,0,0,1,200,22,70
1,526,0,0,0,0,0,0,2,200,22,70
1,527,0,0,0,0,0,0,1,200,23,70
1,527,0,0,0,0,0,0,2,200,23,70
1,528,0,0,0,0,0,0,1,200,0,70
1,528,0,0,0,0,0,0,2,200,0,70
1,529,0,0,0,0,0,0,1,200,1,70
1,529,0,0,0,0,0,0,2,200,1,70
1,530,0,0,0,0,0,0,1,200,2,70
1,530,0,0,0,0,0,0,2,200,2,70
1,531,0,0,0,0,0,0,1,200,3,70
1,531,0,0,0,0,0,0,2,200,3,70
1,532,0,0,0,0,0,0,1,200,4,70
1,532,0,0,0,0,0,0,2,200,4,70
1,533,0,0,0,0,0,0,1,200,5,70
1,533,0,0,0,0,0,0,2,200,5,70
1,534,0,0,0,0,0,0,1,200,6,70
1,534,0,0,0,0,0,0,2,200,6,70
1,535,0,0,0,0,0,0,1,200,7,70
1,535,0,0,0,0,0,0,2,200,7,70
1,536,0,0,0,0,0,0,1,200,8,70
1,536,0,0,0,0,0,0,2,200,8,70
1,537,0,0,0,0,0,0,1,200,9,70
1,537,0,0,0,0,0,0,2,200,9,70
1,538,0,0,0,0,0,0,1,200,10,70
1,538,0,0,0,0,0,0,2,200,10,70
1,539,0,0,0,0,0,0,1,200,11,70
1,539,0,0,0,0,0,0,2,200,11,70
1,540,0,0,0,0,0,0,1,200,12,70
1,540,0,0,0,0,0,0,2,200,12,70
1,541,0,0,0,0,0,0,1,200,13,70
1,541,0,0,0,0,0,0,2,200,13,70
1,542,0,0,0,0,0,0,1,200,14,70
1,542,0,0,0,0,0,0,2,200,14,70
1,543,0,0,0,0,0,0,1,200,15,70
1,543,0,0,0,0,0,0,2,200,15,70
1,544,0,0,0,0,0,0,1,200,16,70
1,544,0,0,0,0,0,0,2,200,16,70
1,545,0,0,0,0,0,0,1,200,17,70
1,545,0,0,0,0,0,0,2,200,17,70
1,546,0,0,0,0,0,0,1,200,18,70
1,546,0,0,0,0,0,0,2,200,18,70
1,547,0,0,0,0,0,0,1,200,19,70
1,547,0,0,0,0,0,0,2,200,19,70
1,548,0,0,0,0,0,0,1,200,20,70
1,548,0,0,0,0,0,0,2,200,20,70
1,549,0,0,0,0,0,0,1,200,21,70
1,549,0,0,0,0,0,0,2,200,21,70
1,550,0,0,0,0,0,0,1,200,22,70
1,550,0,0,0,0,0,0,2,200,22,70
1,551,0,0,0,0,0,0,1,200,23,70
1,551,0,0,0,0,0,0,2,200,23,70
1,552,0,0,0,0,0,0,1,200,0,70
1,552,0,0,0,0,0,0,2,200,0,70
1,553,0,0,0,0,0,0,1,200,1,70
1,553,0,0,0,0,0,0,2,200,1,70
1,554,0,0,0,0,0,0,1,200,2,70
1,554,0,0,0,0,0,0,2,200,2,70
1,555,0,0,0,0,0,0,1,200,3,70
1,555,0,0,0,0,0,0,2,200,3,70
1,556,0,0,0,0,0,0,1,200,4,70
1,556,0,0,0,0,0,0,2,200,4,70
1,557,0,0,0,0,0,0,1,200,5,70
1,557,0,0,0,0,0,0,2,200,5,70
1,558,0,0,0,0,0,0,1,200,6,70
1,558,0,0,0,0,0,0,2,200,6,70
1,559,0,0,0,0,0,0,1,200,7,70
1,559,0,0,0,0,0,0,2,200,7,70
1,560,0,0,0,0,0,0,1,200,8,70
1,560,0,0,0,0,0,0,2,200,8,70
1,561,0,0,0,0,0,0,1,200,9,70
1,561,0,0,0,0,0,0,2,200,9,70
1,562,0,0,0,0,0,0,1,200,10,70
1,562,0,0,0,0,0,0,2,200,10,70
1,563,0,0,0,0,0,0,1,200,11,70
1,563,0,0,0,0,0,0,2,200,11,70
1,564,0,0,0,0,0,0,1,200,12,70
1,564,0,0,0,0,0,0,2,200,12,70
1,565,0,0,0,0,0,0,1,200,13,70
1,565,0,0,0,0,0,0,2,200,13,70
1,566,0,0,0,0,0,0,1,200,14,70
1,566,0,0,0,0,0,0,2,200,14,70
1,567,0,0,0,0,0,0,1,200,15,70
1,567,0,0,0,0,0,0,2,200,15,70
1,568,0,0,0,0,0,0,1,200,16,70
1,568,0,0,0,0,0,0,2,200,16,70
1,569,0,0,0,0,0,0,1,200,17,70
1,569,0,0,0,0,0,0,2,200,17,70
1,570,0,0,0,0,0,0,1,200,18,70
1,570,0,0,0,0,0,0,2,200,18,70
1,571,0,0,0,0,0,0,1,200,19,70
1,571,0,0,0,0,0,0,2,200,19,70
1,572,0,0,0,0,0,0,1,200,20,70
1,572,0,0,0,0,0,0,2,200,20,70
1,573,0,0,0,0,0,0,1,200,21,70
1,573,0,0,0,0,0,0,2,200,21,70
1,574,0,0,0,0,0,0,1,200,22,70
1,574,0,0,0,0,0,0,2,200,22,70
1,575,0,0,0,0,0,0,1,200,23,70
1,575,0,0,0,0,0,0,2,200,23,70
1,576,0,0,0,0,0,0,1,200,0,70
1,576,0,0,0,0,0,0,2,200,0,70
1,577,0,0,0,0,0,0,1,200,1,70
1,577,0,0,0,0,0,0,2,200,1,70
1,578,0,0,0,0,0,0,1,200,2,70
1,578,0,0,0,0,0,0,2,200,2,70
1,579,0,0,0,0,0,0,1,200,3,70
1,579,0,0,0,0,0,0,2,200,3,70
1,580,0,0,0,0,0,0,1,200,4,70
1,580,0,0,0,0,0,0,2,200,4,70
1,581,0,0,0,0,0,0,1,200,5,70
1,581,0,0,0,0,0,0,2,200,5,70
1,582,0,0,0,0,0,0,1,200,6,70
1,582,0,0,0,0,0,0,2,200,6,70
1,583,0,0,0,0,0,0,1,200,7,70
1,583,0,0,0,0,0,0,2,200,7,70
1,584,0,0,0,0,0,0,1,200,8,70
1,584,0,0,0,0,0,0,2,200,8,70
1,585,0,0,0,0,0,0,1,200,9,70
1,585,0,0,0,0,0,0,2,200,9,70
1,586,0,0,0,0,0,0,1,200,10,70
1,586,0,0,0,0,0,0,2,200,10,70
1,587,0,0,0,0,0,0,1,200,11,70
1,587,0,0,0,0,0,0,2,200,11,70
1,588,0,0,0,0,0,0,1,200,12,70
1,588,0,0,0,0,0,0,2,200,12,70
1,589,0,0,0,0,0,0,1,200,13,70
1,589,0,0,0,0,0,0,2,200,13,70
1,590,0,0,0,0,0,0,1,200,14,70
1,590,0,0,0,0,0,0,2,200,14,70
1,591,0,0,0,0,0,0,1,200,15,70
1,591,0,0,0,0,0,0,2,200,15,70
1,592,0,0,0,0,0,0,1,200,16,70
1,592,0,0,0,0,0,0,2,200,16,70
1,593,0,0,0,0,0,0,1,200,17,70
1,593,0,0,0,0,0,0,2,200,17,70
1,594,0,0,0,0,0,0,1,200,18,70
1,594,0,0,0,0,0,0,2,200,18,70
1,595,0,0,0,0,0,0,1,200,19,70
1,595,0,0,0,0,0,0,2,200,19,70
1,596,0,0,0,0,0,0,1,200,20,70
1,596,0,0,0,0,0,0,2,200,20,70
1,597,0,0,0,0,0,0,1,200,21,70
1,597,0,0,0,0,0,0,2,200,21,70
1,598,0,0,0,0,0,0,1,200,22,70
1,598,0,0,0,0,0,0,2,200,22,70
1,599,0,0,0,0,0,0,1,200,23,70
1,599,0,0,0,0,0,0,2,200,23,70
1,600,0,0,0,0,0,0,1,200,0,70
1,600,0,0,0,0,0,0,2,200,0,70
1,601,0,0,0,0,0,0,1,200,1,70
1,601,0,0,0,0,0,0,2,200,1,70
1,602,0,0,0,0,0,0,1,200,2,70
1,602,0,0,0,0,0,0,2,200,2,70
1,603,0,0,0,0,0,0,1,200,3,70
1,603,0,0,0,0,0,0,2,200,3,70
1,604,0,0,0,0,0,0,1,200,4,70
1,604,0,0,0,0,0,0,2,200,4,70
1,605,0,0,0,0,0,0,1,200,5,70
1,605,0,0,0,0,0,0,2,200,5,70
1,606,0,0,0,0,0,0,1,200,6,70
1,606,0,0,0,0,0,0,2,200,6,70
1,607,0,0,0,0,0,0,1,200,7,70
1,607,0,0,0,0,0,0,2,200,7,70
1,608,0,0,0,0,0,0,1,200,8,70
1,608,0,0,0,0,0,0,2,200,8,70
1,609,0,0,0,0,0,0,1,200,9,70
1,609,0,0,0,0,0,0,2,200,9,70
1,610,0,0,0,0,0,0,1,200,10,70
1,610,0,0,0,0,0,0,2,200,10,70
1,611,0,0,0,0,0,0,1,200,11,70
1,611,0,0,0,0,0,0,2,200,11,70
1,612,0,0,0,0,0,0,1,200,12,70
1,612,0,0,0,0,0,0,2,200,12,70
1,613,0,0,0,0,0,0,1,200,13,70
1,613,0,0,0,0,0,0,2,200,13,70
1,614,0,0,0,0,0,0,1,200,14,70
1,614,0,0,0,0,0,0,2,200,14,70
1,615,0,0,0,0,0,0,1,200,15,70
1,615,0,0,0,0,0,0,2,200,15,70
1,616,0,0,0,0,0,0,1,200,16,70
1,616,0,0,0,0,0,0,2,200,16,70
1,617,0,0,0,0,0,0,1,200,17,70
1,617,0,0,0,0,0,0,2,200,17,70
1,618,0,0,0,0,0,0,1,200,18,70
1,618,0,0,0,0,0,0,2,200,18,70
1,619,0,0,0,0,0,0,1,200,19,70
1,619,0,0,0,0,0,0,2,200,19,70
1,620,0,0,0,0,0,0,1,200,20,70
1,620,0,0,0,0,0,0,2,200,20,70
1,621,0,0,0,0,0,0,1,200,21,70
1,621,0,0,0,0,0,0,2,200,21,70
1,622,0,0,0,0,0,0,1,200,22,70
1,622,0,0,0,0,0,0,2,200,22,70
1,623,0,0,0,0,0,0,1,200,23,70
1,623,0,0,0,0,0,0,2,200,23,70
1,624,0,0,0,0,0,0,1,200,0,70
1,624,0,0,0,0,0,0,2,200,0,70
1,625,0,0,0,0,0,0,1,200,1,70
1,625,0,0,0,0,0,0,2,200,1,70
1,626,0,0,0,0,0,0,1,200,2,70
1,626,0,0,0,0,0,0,2,200,2,70
1,627,0,0,0,0,0,0,1,200,3,70
1,627,0,0,0,0,0,0,2,200,3,70
1,628,0,0,0,0,0,0,1,200,4,70
1,628,0,0,0,0,0,0,2,200,4,70
1,629,0,0,0,0,0,0,1,200,5,70
1,629,0,0,0,0,0,0,2,200,5,70
1,630,0,0,0,0,0,0,1,200,6,70
1,630,0,0,0,0,0,0,2,200,6,70
1,631,0,0,0,0,0,0,1,200,7,70
1,631,0,0,0,0,0,0,2,200,7,70
1,632,0,0,0,0,0,0,1,200,8,70
1,632,0,0,0,0,0,0,2,200,8,70
1,633,0,0,0,0,0,0,1,200,9,70
1,633,0,0,0,0,0,0,2,200,9,70
1,634,0,0,0,0,0,0,1,200,10,70
1,634,0,0,0,0,0,0,2,200,10,70
1,635,0,0,0,0,0,0,1,200,11,70
1,635,0,0,0,0,0,0,2,200,11,70
1,636,0,0,0,0,0,0,1,200,12,70
1,636,0,0,0,0,0,0,2,200,12,70
1,637,0,0,0,0,0,0,1,200,13,70
1,637,0,0,0,0,0,0,2,200,13,70
1,638,0,0,0,0,0,0,1,200,14,70
1,638,0,0,0,0,0,0,2,200,14,70
1,639,0,0,0,0,0,0,1,200,15,70
1,639,0,0,0,0,0,0,2,200,15,70
1,640,0,0,0,0,0,0,1,200,16,70
1,640,0,0,0,0,0,0,2,200,16,70
1,641,0,0,0,0,0,0,1,200,17,70
1,641,0,0,0,0,0,0,2,200,17,70
1,642,0,0,0,0,0,0,1,200,18,70
1,642,0,0,0,0,0,0,2,200,18,70
1,643,0,0,0,0,0,0,1,200,19,70
1,643,0,0,0,0,0,0,2,200,19,70
1,644,0,0,0,0,0,0,1,200,20,70
1,644,0,0,0,0,0,0,2,200,20,70
1,645,0,0,0,0,0,0,1,200,21,70
1,645,0,0,0,0,0,0,2,200,21,70
1,646,0,0,0,0,0,0,1,200,22,70
1,646,0,0,0,0,0,0,2,200,22,70
1,647,0,0,0,0,0,0,1,200,23,70
1,647,0,0,0,0,0,0,2,200,23,70
1,648,0,0,0,0,0,0,1,200,0,70
1,648,0,0,0,0,0,0,2,200,0,70
1,649,0,0,0,0,0,0,1,200,1,70
1,649,0,0,0,0,0,0,2,200,1,70
1,650,0,0,0,0,0,0,1,200,2,70
1,650,0,0,0,0,0,0,2,200,2,70
1,651,0,0,0,0,0,0,1,200,3,70
1,651,0,0,0,0,0,0,2,200,3,70
1,652,0,0,0,0,0,0,1,200,4,70
1,652,0,0,0,0,0,0,2,200,4,70
1,653,0,0,0,0,0,0,1,200,5,70
1,653,0,0,0,0,0,0,2,200,5,70
1,654,0,0,0,0,0,0,1,200,6,70
1,654,0,0,0,0,0,0,2,200,6,70
1,655,0,0,0,0,0,0,1,200,7,70
1,655,0,0,0,0,0,0,2,200,7,70
1,656,0,0,0,0,0,0,1,200,8,70
1,656,0,0,0,0,0,0,2,200,8,70
1,657,0,0,0,0,0,0,1,200,9,70
1,657,0,0,0,0,0,0,2,200,9,70
1,658,0,0,0,0,0,0,1,200,10,70
1,658,0,0,0,0,0,0,2,200,10,70
1,659,0,0,0,0,0,0,1,200,11,70
1,659,0,0,0,0,0,0,2,200,11,70
1,660,0,0,0,0,0,0,1,200,12,70
1,660,0,0,0,0,0,0,2,200,12,70
1,661,0,0,0,0,0,0,1,200,13,70
1,661,0,0,0,0,0,0,2,200,13,70
1,662,0,0,0,0,0,0,1,200,14,70
1,662,0,0,0,0,0,0,2,200,14,70
1,663,0,0,0,0,0,0,1,200,15,70
1,663,0,0,0,0,0,0,2,200,15,70
1,664,0,0,0,0,0,0,1,200,16,70
1,664,0,0,0,0,0,0,2,200,16,70
1,665,0,0,0,0,0,0,1,200,17,70
1,665,0,0,0,0,0,0,2,200,17,70
1,666,0,0,0,0,0,0,1,200,18,70
1,666,0,0,0,0,0,0,2,200,18,70
1,667,0,0,0,0,0,0,1,200,19,70
1,667,0,0,0,0,0,0,2,200,19,70
1,668,0,0,0,0,0,0,1,200,20,70
1,668,0,0,0,0,0,0,2,200,20,70
1,669,0,0,0,0,0,0,1,200,21,70
1,669,0,0,0,0,0,0,2,200,21,70
1,670,0,0,0,0,0,0,1,200,22,70
1,670,0,0,0,0,0,0,2,200,22,70
1,671,0,0,0,0,0,0,1,200,23,70
1,671,0,0,0,0,0,0,2,200,23,70
1,672,0,0,0,0,0,0,1,200,0,70
1,672,0,0,0,0,0,0,2,200,0,70
1,672,0,0,0,0,0,0,1,200,0,70
1,672,0,0,0,0,0,0,2,200,0,70
1,673,0,0,0,0,0,0,1,200,1,70
1,673,0,0,0,0,0,0,2,200,1,70
1,674,0,0,0,0,0,0,1,200,2,70
1,674,0,0,0,0,0,0,2,200,2,70
1,675,0,0,0,0,0,0,1,200,3,70
1,675,0,0,0,0,0,0,2,200,3,70
1,676,0,0,0,0,0,0,1,200,4,70
1,676,0,0,0,0,0,0,2,200,4,70
1,677,0,0,0,0,0,0,1,200,5,70
1,677,0,0,0,0,0,0,2,200,5,70
1,678,0,0,0,0,0,0,1,200,6,70
1,678,0,0,0,0,0,0,2,200,6,70
1,679,0,0,0,0,0,0,1,200,7,70
1,679,0,0,0,0,0,0,2,200,7,70
1,680,0,0,0,0,0,0,1,200,8,70
1,680,0,0,0,0,0,0,2,200,8,70
1,681,0,0,0,0,0,0,1,200,9,70
1,681,0,0,0,0,0,0,2,200,9,70
1,682,0,0,0,0,0,0,1,200,10,70
1,682,0,0,0,0,0,0,2,200,10,70
1,683,0,0,0,0,0,0,1,200,11,70
1,683,0,0,0,0,0,0,2,200,11,70
1,684,0,0,0,0,0,0,1,200,12,70
1,684,0,0,0,0,0,0,2,200,12,70
1,685,0,0,0,0,0,0,1,200,13,70
1,685,0,0,0,0,0,0,2,200,13,70
1,686,0,0,0,0,0,0,1,200,14,70
1,686,0,0,0,0,0,0,2,200,14,70
1,687,0,0,0,0,0,0,1,200,15,70
1,687,0,0,0,0,0,0,2,200,15,70
1,688,0,0,0,0,0,0,1,200,16,70
1,688,0,0,0,0,0,0,2,200,16,70
1,689,0,0,0,0,0,0,1,200,17,70
1,689,0,0,0,0,0,0,2,200,17,70
1,690,0,0,0,0,0,0,1,200,18,70
1,690,0,0,0,0,0,0,2,200,18,70
1,691,0,0,0,0,0,0,1,200,19,70
1,691,0,0,0,0,0,0,2,200,19,70
1,692,0,0,0,0,0,0,1,200,20,70
1,692,0,0,0,0,0,0,2,200,20,70
1,693,0,0,0,0,0,0,1,200,21,70
1,693,0,0,0,0,0,0,2,200,21,70
1,694,0,0,0,0,0,0,1,200,22,70
1,694,0,0,0,0,0,0,2,200,22,70
1,695,0,0,0,0,0,0,1,200,23,70
1,695,0,0,0,0,0,0,2,200,23,70
1,696,0,0,0,0,0,0,1,200,0,70
1,696,0,0,0,0,0,0,2,200,0,70
1,697,0,0,0,0,0,0,1,200,1,70
1,697,0,0,0,0,0,0,2,200,1,70
1,698,0,0,0,0,0,0,1,200,2,70
1,698,0,0,0,0,0,0,2,200,2,70
1,699,0,0,0,0,0,0,1,200,3,70
1,699,0,0,0,0,0,0,2,200,3,70
1,700,0,0,0,0,0,0,1,200,4,70
1,700,0,0,0,0,0,0,2,200,4,70
1,701,0,0,0,0,0,0,1,200,5,70
1,701,0,0,0,0,0,0,2,200,5,70
1,702,0,0,0,0,0,0,1,200,6,70
1,702,0,0,0,0,0,0,2,200,6,70
1,703,0,0,0,0,0,0,1,200,7,70
1,703,0,0,0,0,0,0,2,200,7,70
1,704,0,0,0,0,0,0,1,200,8,70
1,704,0,0,0,0,0,0,2,200,8,70
1,705,0,0,0,0,0,0,1,200,9,70
1,705,0,0,0,0,0,0,2,200,9,70
1,706,0,0,0,0,0,0,1,200,10,70
1,706,0,0,0,0,0,0,2,200,10,70
1,707,0,0,0,0,0,0,1,200,11,70
1,707,0,0,0,0,0,0,2,200,11,70
1,708,0,0,0,0,0,0,1,200,12,70
1,708,0,0,0,0,0,0,2,200,12,70
1,709,0,0,0,0,0,0,1,200,13,70
1,709,0,0,0,0,0,0,2,200,13,70
1,710,0,0,0,0,0,0,1,200,14,70
1,710,0,0,0,0,0,0,2,200,14,70
1,711,0,0,0,0,0,0,1,200,15,70
1,711,0,0,0,0,0,0,2,200,15,70
1,712,0,0,0,0,0,0,1,200,16,70
1,712,0,0,0,0,0,0,2,200,16,70
1,713,0,0,0,0,0,0,1,200,17,70
1,713,0,0,0,0,0,0,2,200,17,70
1,714,0,0,0,0,0,0,1,200,18,70
1,714,0,0,0,0,0,0,2,200,18,70
1,715,0,0,0,0,0,0,1,200,19,70
1,715,0,0,0,0,0,0,2,200,19,70
1,716,0,0,0,0,0,0,1,200,20,70
1,716,0,0,0,0,0,0,2,200,20,70
1,717,0,0,0,0,0,0,1,200,21,70
1,717,0,0,0,0,0,0,2,200,21,70
1,718,0,0,0,0,0,0,1,200,22,70
1,718,0,0,0,0,0,0,2,200,22,70
1,719,0,0,0,0,0,0,1,200,23,70
1,719,0,0,0,0,0,0,2,200,23,70
1,720,0,0,0,0,0,0,1,200,0,70
1,720,0,0,0,0,0,0,2,200,0,70
1,721,0,0,0,0,0,0,1,200,1,70
1,721,0,0,0,0,0,0,2,200,1,70
1,722,0,0,0,0,0,0,1,200,2,70
1,722,0,0,0,0,0,0,2,200,2,70
1,723,0,0,0,0,0,0,1,200,3,70
1,723,0,0,0,0,0,0,2,200,3,70
1,724,0,0,0,0,0,0,1,200,4,70
1,724,0,0,0,0,0,0,2,200,4,70
1,725,0,0,0,0,0,0,1,200,5,70
1,725,0,0,0,0,0,0,2,200,5,70
1,726,0,0,0,0,0,0,1,200,6,70
1,726,0,0,0,0,0,0,2,200,6,70
1,727,0,0,0,0,0,0,1,200,7,70
1,727,0,0,0,0,0,0,2,200,7,70
1,728,0,0,0,0,0,0,1,200,8,70
1,728,0,0,0,0,0,0,2,200,8,70
1,729,0,0,0,0,0,0,1,200,9,70
1,729,0,0,0,0,0,0,2,200,9,70
1,730,0,0,0,0,0,0,1,200,10,70
1,730,0,0,0,0,0,0,2,200,10,70
1,731,0,0,0,0,0,0,1,200,11,70
1,731,0,0,0,0,0,0,2,200,11,70
1,732,0,0,0,0,0,0,1,200,12,70
1,732,0,0,0,0,0,0,2,200,12,70
1,733,0,0,0,0,0,0,1,200,13,70
1,733,0,0,0,0,0,0,2,200,13,70
1,734,0,0,0,0,0,0,1,200,14,70
1,734,0,0,0,0,0,0,2,200,14,70
1,735,0,0,0,0,0,0,1,200,15,70
1,735,0,0,0,0,0,0,2,200,15,70
1,736,0,0,0,0,0,0,1,200,16,70
1,736,0,0,0,0,0,0,2,200,16,70
1,737,0,0,0,0,0,0,1,200,17,70
1,737,0,0,0,0,0,0,2,200,17,70
1,738,0,0,0,0,0,0,1,200,18,70
1,738,0,0,0,0,0,0,2,200,18,70
1,739,0,0,0,0,0,0,1,200,19,70
1,739,0,0,0,0,0,0,2,200,19,70
1,740,0,0,0,0,0,0,1,200,20,70
1,740,0,0,0,0,0,0,2,200,20,70
1,741,0,0,0,0,0,0,1,200,21,70
1,741,0,0,0,0,0,0,2,200,21,70
1,742,0,0,0,0,0,0,1,200,22,70
1,742,0,0,0,0,0,0,2,200,22,70
1,743,0,0,0,0,0,0,1,200,23,70
1,743,0,0,0,0,0,0,2,200,23,70
1,744,0,0,0,0,0,0,1,200,0,70
1,744,0,0,0,0,0,0,2,200,0,70
1,745,0,0,0,0,0,0,1,200,1,70
1,745,0,0,0,0,0,0,2,200,1,70
1,746,0,0,0,0,0,0,1,200,2,70
1,746,0,0,0,0,0,0,2,200,2,70
1,747,0,0,0,0,0,0,1,200,3,70
1,747,0,0,0,0,0,0,2,200,3,70
1,748,0,0,0,0,0,0,1,200,4,70
1,748,0,0,0,0,0,0,2,200,4,70
1,749,0,0,0,0,0,0,1,200,5,70
1,749,0,0,0,0,0,0,2,200,5,70
1,750,0,0,0,0,0,0,1,200,6,70
1,750,0,0,0,0,0,0,2,200,6,70
1,751,0,0,0,0,0,0,1,200,7,70
1,751,0,0,0,0,0,0,2,200,7,70
1,752,0,0,0,0,0,0,1,200,8,70
1,752,0,0,0,0,0,0,2,200,8,70
1,753,0,0,0,0,0,0,1,200,9,70
1,753,0,0,0,0,0,0,2,200,9,70
1,754,0,0,0,0,0,0,1,200,10,70
1,754,0,0,0,0,0,0,2,200,10,70
1,755,0,0,0,0,0,0,1,200,11,70
1,755,0,0,0,0,0,0,2,200,11,70
1,756,0,0,0,0,0,0,1,200,12,70
1,756,0,0,0,0,0,0,2,200,12,70
1,757,0,0,0,0,0,0,1,200,13,70
1,757,0,0,0,0,0,0,2,200,13,70
1,758,0,0,0,0,0,0,1,200,14,70
1,758,0,0,0,0,0,0,2,200,14,70
1,759,0,0,0,0,0,0,1,200,15,70
1,759,0,0,0,0,0,0,2,200,15,70
1,760,0,0,0,0,0,0,1,200,16,70
1,760,0,0,0,0,0,0,2,200,16,70
1,761,0,0,0,0,0,0,1,200,17,70
1,761,0,0,0,0,0,0,2,200,17,70
1,762,0,0,0,0,0,0,1,200,18,70
1,762,0,0,0,0,0,0,2,200,18,70
1,763,0,0,0,0,0,0,1,200,19,70
1,763,0,0,0,0,0,0,2,200,19,70
1,764,0,0,0,0,0,0,1,200,20,70
1,764,0,0,0,0,0,0,2,200,20,70
1,765,0,0,0,0,0,0,1,200,21,70
1,765,0,0,0,0,0,0,2,200,21,70
1,766,0,0,0,0,0,0,1,200,22,70
1,766,0,0,0,0,0,0,2,200,22,70
1,767,0,0,0,0,0,0,1,200,23,70
1,767,0,0,0,0,0,0,2,200,23,70
1,768,0,0,0,0,0,0,1,200,0,70
1,768,0,0,0,0,0,0,2,200,0,70
1,769,0,0,0,0,0,0,1,200,1,70
1,769,0,0,0,0,0,0,2,200,1,70
1,770,0,0,0,0,0,0,1,200,2,70
1,770,0,0,0,0,0,0,2,200,2,70
1,771,0,0,0,0,0,0,1,200,3,70
1,771,0,0,0,0,0,0,2,200,3,70
1,772,0,0,0,0,0,0,1,200,4,70
1,772,0,0,0,0,0,0,2,200,4,70
1,773,0,0,0,0,0,0,1,200,5,70
1,773,0,0,0,0,0,0,2,200,5,70
1,774,0,0,0,0,0,0,1,200,6,70
1,774,0,0,0,0,0,0,2,200,6,70
1,775,0,0,0,0,0,0,1,200,7,70
1,775,0,0,0,0,0,0,2,200,7,70
1,776,0,0,0,0,0,0,1,200,8,70
1,776,0,0,0,0,0,0,2,200,8,70
1,777,0,0,0,0,0,0,1,200,9,70
1,777,0,0,0,0,0,0,2,200,9,70
1,778,0,0,0,0,0,0,1,200,10,70
1,778,0,0,0,0,0,0,2,200,10,70
1,779,0,0,0,0,0,0,1,200,11,70
1,779,0,0,0,0,0,0,2,200,11,70
1,780,0,0,0,0,0,0,1,200,12,70
1,780,0,0,0,0,0,0,2,200,12,70
1,781,0,0,0,0,0,0,1,200,13,70
1,781,0,0,0,0,0,0,2,200,13,70
1,782,0,0,0,0,0,0,1,200,14,70
1,782,0,0,0,0,0,0,2,200,14,70
1,783,0,0,0,0,0,0,1,200,15,70
1,783,0,0,0,0,0,0,2,200,15,70
1,784,0,0,0,0,0,0,1,200,16,70
1,784,0,0,0,0,0,0,2,200,16,70
1,785,0,0,0,0,0,0,1,200,17,70
1,785,0,0,0,0,0,0,2,200,17,70
1,786,0,0,0,0,0,0,1,200,18,70
1,786,0,0,0,0,0,0,2,200,18,70
1,787,0,0,0,0,0,0,1,200,19,70
1,787,0,0,0,0,0,0,2,200,19,70
1,788,0,0,0,0,0,0,1,200,20,70
1,788,0,0,0,0,0,0,2,200,20,70
1,789,0,0,0,0,0,0,1,200,21,70
1,789,0,0,0,0,0,0,2,200,21,70
1,790,0,0,0,0,0,0,1,200,22,70
1,790,0,0,0,0,0,0,2,200,22,70
1,791,0,0,0,0,0,0,1,200,23,70
1,791,0,0,0,0,0,0,2,200,23,70
1,792,0,0,0,0,0,0,1,200,0,70
1,792,0,0,0,0,0,0,2,200,0,70
1,793,0,0,0,0,0,0,1,200,1,70
1,793,0,0,0,0,0,0,2,200,1,70
1,794,0,0,0,0,0,0,1,200,2,70
1,794,0,0,0,0,0,0,2,200,2,70
1,795,0,0,0,0,0,0,1,200,3,70
1,795,0,0,0,0,0,0,2,200,3,70
1,796,0,0,0,0,0,0,1,200,4,70
1,796,0,0,0,0,0,0,2,200,4,70
1,797,0,0,0,0,0,0,1,200,5,70
1,797,0,0,0,0,0,0,2,200,5,70
1,798,0,0,0,0,0,0,1,200,6,70
1,798,0,0,0,0,0,0,2,200,6,70
1,799,0,0,0,0,0,0,1,200,7,70
1,799,0,0,0,0,0,0,2,200,7,70
1,800,0,0,0,0,0,0,1,200,8,70
1,800,0,0,0,0,0,0,2,200,8,70
1,801,0,0,0,0,0,0,1,200,9,70
1,801,0,0,0,0,0,0,2,200,9,70
1,802,0,0,0,0,0,0,1,200,10,70
1,802,0,0,0,0,0,0,2,200,10,70
1,803,0,0,0,0,0,0,1,200,11,70
1,803,0,0,0,0,0,0,2,200,11,70
1,804,0,0,0,0,0,0,1,200,12,70
1,804,0,0,0,0,0,0,2,200,12,70
1,805,0,0,0,0,0,0,1,200,13,70
1,805,0,0,0,0,0,0,2,200,13,70
1,806,0,0,0,0,0,0,1,200,14,70
1,806,0,0,0,0,0,0,2,200,14,70
1,807,0,0,0,0,0,0,1,200,15,70
1,807,0,0,0,0,0,0,2,200,15,70
1,808,0,0,0,0,0,0,1,200,16,70
1,808,0,0,0,0,0,0,2,200,16,70
1,809,0,0,0,0,0,0,1,200,17,70
1,809,0,0,0,0,0,0,2,200,17,70
1,810,0,0,0,0,0,0,1,200,18,70
1,810,0,0,0,0,0,0,2,200,18,70
1,811,0,0,0,0,0,0,1,200,19,70
1,811,0,0,0,0,0,0,2,200,19,70
1,812,0,0,0,0,0,0,1,200,20,70
1,812,0,0,0,0,0,0,2,200,20,70
1,813,0,0,0,0,0,0,1,200,21,70
1,813,0,0,0,0,0,0,2,200,21,70
1,814,0,0,0,0,0,0,1,200,22,70
1,814,0,0,0,0,0,0,2,200,22,70
1,815,0,0,0,0,0,0,1,200,23,70
1,815,0,0,0,0,0,0,2,200,23,70
1,816,0,0,0,0,0,0,1,200,0,70
1,816,0,0,0,0,0,0,2,200,0,70
1,817,0,0,0,0,0,0,1,200,1,70
1,817,0,0,0,0,0,0,2,200,1,70
1,818,0,0,0,0,0,0,1,200,2,70
1,818,0,0,0,0,0,0,2,200,2,70
1,819,0,0,0,0,0,0,1,200,3,70
1,819,0,0,0,0,0,0,2,200,3,70
1,820,0,0,0,0,0,0,1,200,4,70
1,820,0,0,0,0,0,0,2,200,4,70
1,821,0,0,0,0,0,0,1,200,5,70
1,821,0,0,0,0,0,0,2,200,5,70
1,822,0,0,0,0,0,0,1,200,6,70
1,822,0,0,0,0,0,0,2,200,6,70
1,823,0,0,0,0,0,0,1,200,7,70
1,823,0,0,0,0,0,0,2,200,7,70
1,824,0,0,0,0,0,0,1,200,8,70
1,824,0,0,0,0,0,0,2,200,8,70
1,825,0,0,0,0,0,0,1,200,9,70
1,825,0,0,0,0,0,0,2,200,9,70
1,826,0,0,0,0,0,0,1,200,10,70
1,826,0,0,0,0,0,0,2,200,10,70
1,827,0,0,0,0,0,0,1,200,11,70
1,827,0,0,0,0,0,0,2,200,11,70
1,828,0,0,0,0,0,0,1,200,12,70
1,828,0,0,0,0,0,0,2,200,12,70
1,829,0,0,0,0,0,0,1,200,13,70
1,829,0,0,0,0,0,0,2,200,13,70
1,830,0,0,0,0,0,0,1,200,14,70
1,830,0,0,0,0,0,0,2,200,14,70
1,831,0,0,0,0,0,0,1,200,15,70
1,831,0,0,0,0,0,0,2,200,15,70
1,832,0,0,0,0,0,0,1,200,16,70
1,832,0,0,0,0,0,0,2,200,16,70
1,833,0,0,0,0,0,0,1,200,17,70
1,833,0,0,0,0,0,0,2,200,17,70
1,834,0,0,0,0,0,0,1,200,18,70
1,834,0,0,0,0,0,0,2,200,18,70
1,835,0,0,0,0,0,0,1,200,19,70
1,835,0,0,0,0,0,0,2,200,19,70
1,836,0,0,0,0,0,0,1,200,20,70
1,836,0,0,0,0,0,0,2,200,20,70
1,837,0,0,0,0,0,0,1,200,21,70
1,837,0,0,0,0,0,0,2,200,21,70
1,838,0,0,0,0,0,0,1,200,22,70
1,838,0,0,0,0,0,0,2,200,22,70
1,839,0,0,0,0,0,0,1,200,23,70
1,839,0,0,0,0,0,0,2,200,23,70
1,840,0,0,0,0,0,0,1,200,0,70
1,840,0,0,0,0,0,0,2,200,0,70
1,841,0,0,0,0,0,0,1,200,1,70
1,841,0,0,0,0,0,0,2,200,1,70
1,842,0,0,0,0,0,0,1,200,2,70
1,842,0,0,0,0,0,0,2,200,2,70
1,843,0,0,0,0,0,0,1,200,3,70
1,843,0,0,0,0,0,0,2,200,3,70
1,844,0,0,0,0,0,0,1,200,4,70
1,844,0,0,0,0,0,0,2,200,4,70
1,845,0,0,0,0,0,0,1,200,5,70
1,845,0,0,0,0,0,0,2,200,5,70
1,846,0,0,0,0,0,0,1,200,6,70
1,846,0,0,0,0,0,0,2,200,6,70
1,847,0,0,0,0,0,0,1,200,7,70
1,847,0,0,0,0,0,0,2,200,7,70
1,848,0,0,0,0,0,0,1,200,8,70
1,848,0,0,0,0,0,0,2,200,8,70
1,849,0,0,0,0,0,0,1,200,9,70
1,849,0,0,0,0,0,0,2,200,9,70
1,850,0,0,0,0,0,0,1,200,10,70
1,850,0,0,0,0,0,0,2,200,10,70
1,851,0,0,0,0,0,0,1,200,11,70
1,851,0,0,0,0,0,0,2,200,11,70
1,852,0,0,0,0,0,0,1,200,12,70
1,852,0,0,0,0,0,0,2,200,12,70
1,853,0,0,0,0,0,0,1,200,13,70
1,853,0,0,0,0,0,0,2,200,13,70
1,854,0,0,0,0,0,0,1,200,14,70
1,854,0,0,0,0,0,0,2,200,14,70
1,855,0,0,0,0,0,0,1,200,15,70
1,855,0,0,0,0,0,0,2,200,15,70
1,856,0,0,0,0,0,0,1,200,16,70
1,856,0,0,0,0,0,0,2,200,16,70
1,857,0,0,0,0,0,0,1,200,17,70
1,857,0,0,0,0,0,0,2,200,17,70
1,858,0,0,0,0,0,0,1,200,18,70
1,858,0,0,0,0,0,0,2,200,18,70
1,859,0,0,0,0,0,0,1,200,19,70
1,859,0,0,0,0,0,0,2,200,19,70
1,860,0,0,0,0,0,0,1,200,20,70
1,860,0,0,0,0,0,0,2,200,20,70
1,861,0,0,0,0,0,0,1,200,21,70
1,861,0,0,0,0,0,0,2,200,21,70
1,862,0,0,0,0,0,0,1,200,22,70
1,862,0,0,0,0,0,0,2,200,22,70
1,863,0,0,0,0,0,0,1,200,23,70
1,863,0,0,0,0,0,0,2,200,23,70
1,864,0,0,0,0,0,0,1,200,0,70
1,864,0,0,0,0,0,0,2,200,0,70
1,865,0,0,0,0,0,0,1,200,1,70
1,865,0,0,0,0,0,0,2,200,1,70
1,866,0,0,0,0,0,0,1,200,2,70
1,866,0,0,0,0,0,0,2,200,2,70
1,867,0,0,0,0,0,0,1,200,3,70
1,867,0,0,0,0,0,0,2,200,3,70
1,868,0,0,0,0,0,0,1,200,4,70
1,868,0,0,0,0,0,0,2,200,4,70
1,869,0,0,0,0,0,0,1,200,5,70
1,869,0,0,0,0,0,0,2,200,5,70
1,870,0,0,0,0,0,0,1,200,6,70
1,870,0,0,0,0,0,0,2,200,6,70
1,871,0,0,0,0,0,0,1,200,7,70
1,871,0,0,0,0,0,0,2,200,7,70
1,872,0,0,0,0,0,0,1,200,8,70
1,872,0,0,0,0,0,0,2,200,8,70
1,873,0,0,0,0,0,0,1,200,9,70
1,873,0,0,0,0,0,0,2,200,9,70
1,874,0,0,0,0,0,0,1,200,10,70
1,874,0,0,0,0,0,0,2,200,10,70
1,875,0,0,0,0,0,0,1,200,11,70
1,875,0,0,0,0,0,0,2,200,11,70
1,876,0,0,0,0,0,0,1,200,12,70
1,876,0,0,0,0,0,0,2,200,12,70
1,877,0,0,0,0,0,0,1,200,13,70
1,877,0,0,0,0,0,0,2,200,13,70
1,878,0,0,0,0,0,0,1,200,14,70
1,878,0,0,0,0,0,0,2,200,14,70
1,879,0,0,0,0,0,0,1,200,15,70
1,879,0,0,0,0,0,0,2,200,15,70
1,880,0,0,0,0,0,0,1,200,16,70
1,880,0,0,0,0,0,0,2,200,16,70
1,881,0,0,0,0,0,0,1,200,17,70
1,881,0,0,0,0,0,0,2,200,17,70
1,882,0,0,0,0,0,0,1,200,18,70
1,882,0,0,0,0,0,0,2,200,18,70
1,883,0,0,0,0,0,0,1,200,19,70
1,883,0,0,0,0,0,0,2,200,19,70
1,884,0,0,0,0,0,0,1,200,20,70
1,884,0,0,0,0,0,0,2,200,20,70
1,885,0,0,0,0,0,0,1,200,21,70
1,885,0,0,0,0,0,0,2,200,21,70
1,886,0,0,0,0,0,0,1,200,22,70
1,886,0,0,0,0,0,0,2,200,22,70
1,887,0,0,0,0,0,0,1,200,23,70
1,887,0,0,0,0,0,0,2,200,23,70
1,888,0,0,0,0,0,0,1,200,0,70
1,888,0,0,0,0,0,0,2,200,0,70
1,889,0,0,0,0,0,0,1,200,1,70
1,889,0,0,0,0,0,0,2,200,1,70
1,890,0,0,0,0,0,0,1,200,2,70
1,890,0,0,0,0,0,0,2,200,2,70
1,891,0,0,0,0,0,0,1,200,3,70
1,891,0,0,0,0,0,0,2,200,3,70
1,892,0,0,0,0,0,0,1,200,4,70
1,892,0,0,0,0,0,0,2,200,4,70
1,893,0,0,0,0,0,0,1,200,5,70
1,893,0,0,0,0,0,0,2,200,5,70
1,894,0,0,0,0,0,0,1,200,6,70
1,894,0,0,0,0,0,0,2,200,6,70
1,895,0,0,0,0,0,0,1,200,7,70
1,895,0,0,0,0,0,0,2,200,7,70
1,896,0,0,0,0,0,0,1,200,8,70
1,896,0,0,0,0,0,0,2,200,8,70
1,897,0,0,0,0,0,0,1,200,9,70
1,897,0,0,0,0,0,0,2,200,9,70
1,898,0,0,0,0,0,0,1,200,10,70
1,898,0,0,0,0,0,0,2,200,10,70
1,899,0,0,0,0,0,0,1,200,11,70
1,899,0,0,0,0,0,0,2,200,11,70
1,900,0,0,0,0,0,0,1,200,12,70
1,900,0,0,0,0,0,0,2,200,12,70
1,901,0,0,0,0,0,0,1,200,13,70
1,901,0,0,0,0,0,0,2,200,13,70
1,902,0,0,0,0,0,0,1,200,14,70
1,902,0,0,0,0,0,0,2,200,14,70
1,903,0,0,0,0,0,0,1,200,15,70
1,903,0,0,0,0,0,0,2,200,15,70
1,904,0,0,0,0,0,0,1,200,16,70
1,904,0,0,0,0,0,0,2,200,16,70
1,905,0,0,0,0,0,0,1,200,17,70
1,905,0,0,0,0,0,0,2,200,17,70
1,906,0,0,0,0,0,0,1,200,18,70
1,906,0,0,0,0,0,0,2,200,18,70
1,907,0,0,0,0,0,0,1,200,19,70
1,907,0,0,0,0,0,0,2,200,19,70
1,908,0,0,0,0,0,0,1,200,20,70
1,908,0,0,0,0,0,0,2,200,20,70
1,909,0,0,0,0,0,0,1,200,21,70
1,909,0,0,0,0,0,0,2,200,21,70
1,910,0,0,0,0,0,0,1,200,22,70
1,910,0,0,0,0,0,0,2,200,22,70
1,911,0,0,0,0,0,0,1,200,23,70
1,911,0,0,0,0,0,0,2,200,23,70
1,912,0,0,0,0,0,0,1,200,0,70
1,912,0,0,0,0,0,0,2,200,0,70
1,913,0,0,0,0,0,0,1,200,1,70
1,913,0,0,0,0,0,0,2,200,1,70
1,914,0,0,0,0,0,0,1,200,2,70
1,914,0,0,0,0,0,0,2,200,2,70
1,915,0,0,0,0,0,0,1,200,3,70
1,915,0,0,0,0,0,0,2,200,3,70
1,916,0,0,0,0,0,0,1,200,4,70
1,916,0,0,0,0,0,0,2,200,4,70
1,917,0,0,0,0,0,0,1,200,5,70
1,917,0,0,0,0,0,0,2,200,5,70
1,918,0,0,0,0,0,0,1,200,6,70
1,918,0,0,0,0,0,0,2,200,6,70
1,919,0,0,0,0,0,0,1,200,7,70
1,919,0,0,0,0,0,0,2,200,7,70
1,920,0,0,0,0,0,0,1,200,8,70
1,920,0,0,0,0,0,0,2,200,8,70
1,921,0,0,0,0,0,0,1,200,9,70
1,921,0,0,0,0,0,0,2,200,9,70
1,922,0,0,0,0,0,0,1,200,10,70
1,922,0,0,0,0,0,0,2,200,10,70
1,923,0,0,0,0,0,0,1,200,11,70
1,923,0,0,0,0,0,0,2,200,11,70
1,924,0,0,0,0,0,0,1,200,12,70
1,924,0,0,0,0,0,0,2,200,12,70
1,925,0,0,0,0,0,0,1,200,13,70
1,925,0,0,0,0,0,0,2,200,13,70
1,926,0,0,0,0,0,0,1,200,14,70
1,926,0,0,0,0,0,0,2,200,14,70
1,927,0,0,0,0,0,0,1,200,15,70
1,927,0,0,0,0,0,0,2,200,15,70
1,928,0,0,0,0,0,0,1,200,16,70
1,928,0,0,0,0,0,0,2,200,16,70
1,929,0,0,0,0,0,0,1,200,17,70
1,929,0,0,0,0,0,0,2,200,17,70
1,930,0,0,0,0,0,0,1,200,18,70
1,930,0,0,0,0,0,0,2,200,18,70
1,931,0,0,0,0,0,0,1,200,19,70
1,931,0,0,0,0,0,0,2,200,19,70
1,932,0,0,0,0,0,0,1,200,20,70
1,932,0,0,0,0,0,0,2,200,20,70
1,933,0,0,0,0,0,0,1,200,21,70
1,933,0,0,0,0,0,0,2,200,21,70
1,934,0,0,0,0,0,0,1,200,22,70
1,934,0,0,0,0,0,0,2,200,22,70
1,935,0,0,0,0,0,0,1,200,23,70
1,935,0,0,0,0,0,0,2,200,23,70
1,936,0,0,0,0,0,0,1,200,0,70
1,936,0,0,0,0,0,0,2,200,0,70
1,937,0,0,0,0,0,0,1,200,1,70
1,937,0,0,0,0,0,0,2,200,1,70
1,938,0,0,0,0,0,0,1,200,2,70
1,938,0,0,0,0,0,0,2,200,2,70
1,939,0,0,0,0,0,0,1,200,3,70
1,939,0,0,0,0,0,0,2,200,3,70
1,940,0,0,0,0,0,0,1,200,4,70
1,940,0,0,0,0,0,0,2,200,4,70
1,941,0,0,0,0,0,0,1,200,5,70
1,941,0,0,0,0,0,0,2,200,5,70
1,942,0,0,0,0,0,0,1,200,6,70
1,942,0,0,0,0,0,0,2,200,6,70
1,943,0,0,0,0,0,0,1,200,7,70
1,943,0,0,0,0,0,0,2,200,7,70
1,944,0,0,0,0,0,0,1,200,8,70
1,944,0,0,0,0,0,0,2,200,8,70
1,945,0,0,0,0,0,0,1,200,9,70
1,945,0,0,0,0,0,0,2,200,9,70
1,946,0,0,0,0,0,0,1,200,10,70
1,946,0,0,0,0,0,0,2,200,10,70
1,947,0,0,0,0,0,0,1,200,11,70
1,947,0,0,0,0,0,0,2,200,11,70
1,948,0,0,0,0,0,0,1,200,12,70
1,948,0,0,0,0,0,0,2,200,12,70
1,949,0,0,0,0,0,0,1,200,13,70
1,949,0,0,0,0,0,0,2,200,13,70
1,950,0,0,0,0,0,0,1,200,14,70
1,950,0,0,0,0,0,0,2,200,14,70
1,951,0,0,0,0,0,0,1,200,15,70
1,951,0,0,0,0,0,0,2,200,15,70
1,952,0,0,0,0,0,0,1,200,16,70
1,952,0,0,0,0,0,0,2,200,16,70
1,953,0,0,0,0,0,0,1,200,17,70
1,953,0,0,0,0,0,0,2,200,17,70
1,954,0,0,0,0,0,0,1,200,18,70
1,954,0,0,0,0,0,0,2,200,18,70
1,955,0,0,0,0,0,0,1,200,19,70
1,955,0,0,0,0,0,0,2,200,19,70
1,956,0,0,0,0,0,0,1,200,20,70
1,956,0,0,0,0,0,0,2,200,20,70
1,957,0,0,0,0,0,0,1,200,21,70
1,957,0,0,0,0,0,0,2,200,21,70
1,958,0,0,0,0,0,0,1,200,22,70
1,958,0,0,0,0,0,0,2,200,22,70
1,959,0,0,0,0,0,0,1,200,23,70
1,959,0,0,0,0,0,0,2,200,23,70
1,960,0,0,0,0,0,0,1,200,0,70
1,960,0,0,0,0,0,0,2,200,0,70
1,961,0,0,0,0,0,0,1,200,1,70
1,961,0,0,0,0,0,0,2,200,1,70
1,962,0,0,0,0,0,0,1,200,2,70
1,962,0,0,0,0,0,0,2,200,2,70
1,963,0,0,0,0,0,0,1,200,3,70
1,963,0,0,0,0,0,0,2,200,3,70
1,964,0,0,0,0,0,0,1,200,4,70
1,964,0,0,0,0,0,0,2,200,4,70
1,965,0,0,0,0,0,0,1,200,5,70
1,965,0,0,0,0,0,0,2,200,5,70
1,966,0,0,0,0,0,0,1,200,6,70
1,966,0,0,0,0,0,0,2,200,6,70
1,967,0,0,0,0,0,0,1,200,7,70
1,967,0,0,0,0,0,0,2,200,7,70
1,968,0,0,0,0,0,0,1,200,8,70
1,968,0,0,0,0,0,0,2,200,8,70
1,969,0,0,0,0,0,0,1,200,9,70
1,969,0,0,0,0,0,0,2,200,9,70
1,970,0,0,0,0,0,0,1,200,10,70
1,970,0,0,0,0,0,0,2,200,10,70
1,971,0,0,0,0,0,0,1,200,11,70
1,971,0,0,0,0,0,0,2,200,11,70
1,972,0,0,0,0,0,0,1,200,12,70
1,972,0,0,0,0,0,0,2,200,12,70
1,973,0,0,0,0,0,0,1,200,13,70
1,973,0,0,0,0,0,0,2,200,13,70
1,974,0,0,0,0,0,0,1,200,14,70
1,974,0,0,0,0,0,0,2,200,14,70
1,975,0,0,0,0,0,0,1,200,15,70
1,975,0,0,0,0,0,0,2,200,15,70
1,976,0,0,0,0,0,0,1,200,16,70
1,976,0,0,0,0,0,0,2,200,16,70
1,977,0,0,0,0,0,0,1,200,17,70
1,977,0,0,0,0,0,0,2,200,17,70
1,978,0,0,0,0,0,0,1,200,18,70
1,978,0,0,0,0,0,0,2,200,18,70
1,979,0,0,0,0,0,0,1,200,19,70
1,979,0,0,0,0,0,0,2,200,19,70
1,980,0,0,0,0,0,0,1,200,20,70
1,980,0,0,0,0,0,0,2,200,20,70
1,981,0,0,0,0,0,0,1,200,21,70
1,981,0,0,0,0,0,0,2,200,21,70
1,982,0,0,0,0,0,0,1,200,22,70
1,982,0,0,0,0,0,0,2,200,22,70
1,983,0,0,0,0,0,0,1,200,23,70
1,983,0,0,0,0,0,0,2,200,23,70
1,984,0,0,0,0,0,0,1,200,0,70
1,984,0,0,0,0,0,0,2,200,0,70
1,985,0,0,0,0,0,0,1,200,1,70
1,985,0,0,0,0,0,0,2,200,1,70
1,986,0,0,0,0,0,0,1,200,2,70
1,986,0,0,0,0,0,0,2,200,2,70
1,987,0,0,0,0,0,0,1,200,3,70
1,987,0,0,0,0,0,0,2,200,3,70
1,988,0,0,0,0,0,0,1,200,4,70
1,988,0,0,0,0,0,0,2,200,4,70
1,989,0,0,0,0,0,0,1,200,5,70
1,989,0,0,0,0,0,0,2,200,5,70
1,990,0,0,0,0,0,0,1,200,6,70
1,990,0,0,0,0,0,0,2,200,6,70
1,991,0,0,0,0,0,0,1,200,7,70
1,991,0,0,0,0,0,0,2,200,7,70
1,992,0,0,0,0,0,0,1,200,8,70
1,992,0,0,0,0,0,0,2,200,8,70
1,993,0,0,0,0,0,0,1,200,9,70
1,993,0,0,0,0,0,0,2,200,9,70
1,994,0,0,0,0,0,0,1,200,10,70
1,994,0,0,0,0,0,0,2,200,10,70
1,995,0,0,0,0,0,0,1,200,11,70
1,995,0,0,0,0,0,0,2,200,11,70
1,996,0,0,0,0,0,0,1,200,12,70
1,996,0,0,0,0,0,0,2,200,12,70
1,997,0,0,0,0,0,0,1,200,13,70
1,997,0,0,0,0,0,0,2,200,13,70
1,998,0,0,0,0,0,0,1,200,14,70
1,998,0,0,0,0,0,0,2,200,14,70
1,999,0,0,0,0,0,0,1,200,15,70
1,999,0,0,0,0,0,0,2,200,15,70
1,1000,0,0,0,0,0,0,1,200,16,70
1,1000,0,0,0,0,0,0,2,200,16,70
1,1001,0,0,0,0,0,0,1,200,17,70
1,1001,0,0,0,0,0,0,2,200,17,70
1,1002,0,0,0,0,0,0,1,200,18,70
1,1002,0,0,0,0,0,0,2,200,18,70
1,1003,0,0,0,0,0,0,1,200,19,70
1,1003,0,0,0,0,0,0,2,200,19,70
1,1004,0,0,0,0,0,0,1,200,20,70
1,1004,0,0,0,0,0,0,2,200,20,70
1,1005,0,0,0,0,0,0,1,200,21,70
1,1005,0,0,0,0,0,0,2,200,21,70
1,1006,0,0,0,0,0,0,1,200,22,70
1,1006,0,0,0,0,0,0,2,200,22,70
1,1007,0,0,0,0,0,0,1,200,23,70
1,1007,0,0,0,0,0,0,2,200,23,70
1,1008,0,0,0,0,0,0,1,200,0,70
1,1008,0,0,0,0,0,0,2,200,0,70
1,1009,0,0,0,0,0,0,1,200,1,70
1,1009,0,0,0,0,0,0,2,200,1,70
1,1010,0,0,0,0,0,0,1,200,2,70
1,1010,0,0,0,0,0,0,2,200,2,70
1,1011,0,0,0,0,0,0,1,200,3,70
1,1011,0,0,0,0,0,0,2,200,3,70
1,1012,0,0,0,0,0,0,1,200,4,70
1,1012,0,0,0,0,0,0,2,200,4,70
1,1013,0,0,0,0,0,0,1,200,5,70
1,1013,0,0,0,0,0,0,2,200,5,70
1,1014,0,0,0,0,0,0,1,200,6,70
1,1014,0,0,0,0,0,0,2,200,6,70
1,1015,0,0,0,0,0,0,1,200,7,70
1,1015,0,0,0,0,0,0,2,200,7,70
1,1016,0,0,0,0,0,0,1,200,8,70
1,1016,0,0,0,0,0,0,2,200,8,70
1,1017,0,0,0,0,0,0,1,200,9,70
1,1017,0,0,0,0,0,0,2,200,9,70
1,1018,0,0,0,0,0,0,1,200,10,70
1,1018,0,0,0,0,0,0,2,200,10,70
1,1019,0,0,0,0,0,0,1,200,11,70
1,1019,0,0,0,0,0,0,2,200,11,70
1,1020,0,0,0,0,0,0,1,200,12,70
1,1020,0,0,0,0,0,0,2,200,12,70
1,1021,0,0,0,0,0,0,1,200,13,70
1,1021,0,0,0,0,0,0,2,200,13,70
1,1022,0,0,0,0,0,0,1,200,14,70
1,1022,0,0,0,0,0,0,2,200,14,70
1,1023,0,0,0,0,0,0,1,200,15,70
1,1023,0,0,0,0,0,0,2,200,15,70
1,1024,0,0,0,0,0,0,1,200,16,70
1,1024,0,0,0,0,0,0,2,200,16,70
1,1025,0,0,0,0,0,0,1,200,17,70
1,1025,0,0,0,0,0,0,2,200,17,70
1,1026,0,0,0,0,0,0,1,200,18,70
1,1026,0,0,0,0,0,0,2,200,18,70
1,1027,0,0,0,0,0,0,1,200,19,70
1,1027,0,0,0,0,0,0,2,200,19,70
1,1028,0,0,0,0,0,0,1,200,20,70
1,1028,0,0,0,0,0,0,2,200,20,70
1,1029,0,0,0,0,0,0,1,200,21,70
1,1029,0,0,0,0,0,0,2,200,21,70
1,1030,0,0,0,0,0,0,1,200,22,70
1,1030,0,0,0,0,0,0,2,200,22,70
1,1031,0,0,0,0,0,0,1,200,23,70
1,1031,0,0,0,0,0,0,2,200,23,70
1,1032,0,0,0,0,0,0,1,200,0,70
1,1032,0,0,0,0,0,0,2,200,0,70
1,1033,0,0,0,0,0,0,1,200,1,70
1,1033,0,0,0,0,0,0,2,200,1,70
1,1034,0,0,0,0,0,0,1,200,2,70
1,1034,0,0,0,0,0,0,2,200,2,70
1,1035,0,0,0,0,0,0,1,200,3,70
1,1035,0,0,0,0,0,0,2,200,3,70
1,1036,0,0,0,0,0,0,1,200,4,70
1,1036,0,0,0,0,0,0,2,200,4,70
1,1037,0,0,0,0,0,0,1,200,5,70
1,1037,0,0,0,0,0,0,2,200,5,70
1,1038,0,0,0,0,0,0,1,200,6,70
1,1038,0,0,0,0,0,0,2,200,6,70
1,1039,0,0,0,0,0,0,1,200,7,70
1,1039,0,0,0,0,0,0,2,200,7,70
1,1040,0,0,0,0,0,0,1,200,8,70
1,1040,0,0,0,0,0,0,2,200,8,70
1,1041,0,0,0,0,0,0,1,200,9,70
1,1041,0,0,0,0,0,0,2,200,9,70
1,1042,0,0,0,0,0,0,1,200,10,70
1,1042,0,0,0,0,0,0,2,200,10,70
1,1043,0,0,0,0,0,0,1,200,11,70
1,1043,0,0,0,0,0,0,2,200,11,70
1,1044,0,0,0,0,0,0,1,200,12,70
1,1044,0,0,0,0,0,0,2,200,12,70
1,1045,0,0,0,0,0,0,1,200,13,70
1,1045,0,0,0,0,0,0,2,200,13,70
1,1046,0,0,0,0,0,0,1,200,14,70
1,1046,0,0,0,0,0,0,2,200,14,70
1,1047,0,0,0,0,0,0,1,200,15,70
1,1047,0,0,0,0,0,0,2,200,15,70
1,1048,0,0,0,0,0,0,1,200,16,70
1,1048,0,0,0,0,0,0,2,200,16,70
1,1049,0,0,0,0,0,0,1,200,17,70
1,1049,0,0,0,0,0,0,2,200,17,70
1,1050,0,0,0,0,0,0,1,200,18,70
1,1050,0,0,0,0,0,0,2,200,18,70
1,1051,0,0,0,0,0,0,1,200,19,70
1,1051,0,0,0,0,0,0,2,200,19,70
1,1052,0,0,0,0,0,0,1,200,20,70
1,1052,0,0,0,0,0,0,2,200,20,70
1,1053,0,0,0,0,0,0,1,200,21,70
1,1053,0,0,0,0,0,0,2,200,21,70
1,1054,0,0,0,0,0,0,1,200,22,70
1,1054,0,0,0,0,0,0,2,200,22,70
1,1055,0,0,0,0,0,0,1,200,23,70
1,1055,0,0,0,0,0,0,2,200,23,70
1,1056,0,0,0,0,0,0,1,200,0,70
1,1056,0,0,0,0,0,0,2,200,0,70
1,1057,0,0,0,0,0,0,1,200,1,70
1,1057,0,0,0,0,0,0,2,200,1,70
1,1058,0,0,0,0,0,0,1,200,2,70
1,1058,0,0,0,0,0,0,2,200,2,70
1,1059,0,0,0,0,0,0,1,200,3,70
1,1059,0,0,0,0,0,0,2,200,3,70
1,1060,0,0,0,0,0,0,1,200,4,70
1,1060,0,0,0,0,0,0,2,200,4,70
1,1061,0,0,0,0,0,0,1,200,5,70
1,1061,0,0,0,0,0,0,2,200,5,70
1,1062,0,0,0,0,0,0,1,200,6,70
1,1062,0,0,0,0,0,0,2,200,6,70
1,1063,0,0,0,0,0,0,1,200,7,70
1,1063,0,0,0,0,0,0,2,200,7,70
1,1064,0,0,0,0,0,0,1,200,8,70
1,1064,0,0,0,0,0,0,2,200,8,70
1,1065,0,0,0,0,0,0,1,200,9,70
1,1065,0,0,0,0,0,0,2,200,9,70
1,1066,0,0,0,0,0,0,1,200,10,70
1,1066,0,0,0,0,0,0,2,200,10,70
1,1067,0,0,0,0,0,0,1,200,11,70
1,1067,0,0,0,0,0,0,2,200,11,70
1,1068,0,0,0,0,0,0,1,200,12,70
1,1068,0,0,0,0,0,0,2,200,12,70
1,1069,0,0,0,0,0,0,1,200,13,70
1,1069,0,0,0,0,0,0,2,200,13,70
1,1070,0,0,0,0,0,0,1,200,14,70
1,1070,0,0,0,0,0,0,2,200,14,70
1,1071,0,0,0,0,0,0,1,200,15,70
1,1071,0,0,0,0,0,0,2,200,15,70
1,1072,0,0,0,0,0,0,1,200,16,70
1,1072,0,0,0,0,0,0,2,200,16,70
1,1073,0,0,0,0,0,0,1,200,17,70
1,1073,0,0,0,0,0,0,2,200,17,70
1,1074,0,0,0,0,0,0,1,200,18,70
1,1074,0,0,0,0,0,0,2,200,18,70
1,1075,0,0,0,0,0,0,1,200,19,70
1,1075,0,0,0,0,0,0,2,200,19,70
1,1076,0,0,0,0,0,0,1,200,20,70
1,1076,0,0,0,0,0,0,2,200,20,70
1,1077,0,0,0,0,0,0,1,200,21,70
1,1077,0,0,0,0,0,0,2,200,21,70
1,1078,0,0,0,0,0,0,1,200,22,70
1,1078,0,0,0,0,0,0,2,200,22,70
1,1079,0,0,0,0,0,0,1,200,23,70
1,1079,0,0,0,0,0,0,2,200,23,70
1,1080,0,0,0,0,0,0,1,200,0,70
1,1080,0,0,0,0,0,0,2,200,0,70
1,1081,0,0,0,0,0,0,1,200,1,70
1,1081,0,0,0,0,0,0,2,200,1,70
1,1082,0,0,0,0,0,0,1,200,2,70
1,1082,0,0,0,0,0,0,2,200,2,70
1,1083,0,0,0,0,0,0,1,200,3,70
1,1083,0,0,0,0,0,0,2,200,3,70
1,1084,0,0,0,0,0,0,1,200,4,70
1,1084,0,0,0,0,0,0,2,200,4,70
1,1085,0,0,0,0,0,0,1,200,5,70
1,1085,0,0,0,0,0,0,2,200,5,70
1,1086,0,0,0,0,0,0,1,200,6,70
1,1086,0,0,0,0,0,0,2,200,6,70
1,1087,0,0,0,0,0,0,1,200,7,70
1,1087,0,0,0,0,0,0,2,200,7,70
1,1088,0,0,0,0,0,0,1,200,8,70
1,1088,0,0,0,0,0,0,2,200,8,70
1,1089,0,0,0,0,0,0,1,200,9,70
1,1089,0,0,0,0,0,0,2,200,9,70
1,1090,0,0,0,0,0,0,1,200,10,70
1,1090,0,0,0,0,0,0,2,200,10,70
1,1091,0,0,0,0,0,0,1,200,11,70
1,1091,0,0,0,0,0,0,2,200,11,70
1,1092,0,0,0,0,0,0,1,200,12,70
1,1092,0,0,0,0,0,0,2,200,12,70
1,1093,0,0,0,0,0,0,1,200,13,70
1,1093,0,0,0,0,0,0,2,200,13,70
1,1094,0,0,0,0,0,0,1,200,14,70
1,1094,0,0,0,0,0,0,2,200,14,70
1,1095,0,0,0,0,0,0,1,200,15,70
1,1095,0,0,0,0,0,0,2,200,15,70
1,1096,0,0,0,0,0,0,1,200,16,70
1,1096,0,0,0,0,0,0,2,200,16,70
1,1097,0,0,0,0,0,0,1,200,17,70
1,1097,0,0,0,0,0,0,2,200,17,70
1,1098,0,0,0,0,0,0,1,200,18,70
1,1098,0,0,0,0,0,0,2,200,18,70
1,1099,0,0,0,0,0,0,1,200,19,70
1,1099,0,0,0,0,0,0,2,200,19,70
1,1100,0,0,0,0,0,0,1,200,20,70
1,1100,0,0,0,0,0,0,2,200,20,70
1,1101,0,0,0,0,0,0,1,200,21,70
1,1101,0,0,0,0,0,0,2,200,21,70
1,1102,0,0,0,0,0,0,1,200,22,70
1,1102,0,0,0,0,0,0,2,200,22,70
1,1103,0,0,0,0,0,0,1,200,23,70
1,1103,0,0,0,0,0,0,2,200,23,70
1,1104,0,0,0,0,0,0,1,200,0,70
1,1104,0,0,0,0,0,0,2,200,0,70
1,1105,0,0,0,0,0,0,1,200,1,70
1,1105,0,0,0,0,0,0,2,200,1,70
1,1106,0,0,0,0,0,0,1,200,2,70
1,1106,0,0,0,0,0,0,2,200,2,70
1,1107,0,0,0,0,0,0,1,200,3,70
1,1107,0,0,0,0,0,0,2,200,3,70
1,1108,0,0,0,0,0,0,1,200,4,70
1,1108,0,0,0,0,0,0,2,200,4,70
1,1109,0,0,0,0,0,0,1,200,5,70
1,1109,0,0,0,0,0,0,2,200,5,70
1,1110,0,0,0,0,0,0,1,200,6,70
1,1110,0,0,0,0,0,0,2,200,6,70
1,1111,0,0,0,0,0,0,1,200,7,70
1,1111,0,0,0,0,0,0,2,200,7,70
1,1112,0,0,0,0,0,0,1,200,8,70
1,1112,0,0,0,0,0,0,2,200,8,70
1,1113,0,0,0,0,0,0,1,200,9,70
1,1113,0,0,0,0,0,0,2,200,9,70
1,1114,0,0,0,0,0,0,1,200,10,70
1,1114,0,0,0,0,0,0,2,200,10,70
1,1115,0,0,0,0,0,0,1,200,11,70
1,1115,0,0,0,0,0,0,2,200,11,70
1,1116,0,0,0,0,0,0,1,200,12,70
1,1116,0,0,0,0,0,0,2,200,12,70
1,1117,0,0,0,0,0,0,1,200,13,70
1,1117,0,0,0,0,0,0,2,200,13,70
1,1118,0,0,0,0,0,0,1,200,14,70
1,1118,0,0,0,0,0,0,2,200,14,70
1,1119,0,0,0,0,0,0,1,200,15,70
1,1119,0,0,0,0,0,0,2,200,15,70
1,1120,0,0,0,0,0,0,1,200,16,70
1,1120,0,0,0,0,0,0,2,200,16,70
1,1121,0,0,0,0,0,0,1,200,17,70
1,1121,0,0,0,0,0,0,2,200,17,70
1,1122,0,0,0,0,0,0,1,200,18,70
1,1122,0,0,0,0,0,0,2,200,18,70
1,1123,0,0,0,0,0,0,1,200,19,70
1,1123,0,0,0,0,0,0,2,200,19,70
1,1124,0,0,0,0,0,0,1,200,20,70
1,1124,0,0,0,0,0,0,2,200,20,70
1,1125,0,0,0,0,0,0,1,200,21,70
1,1125,0,0,0,0,0,0,2,200,21,70
1,1126,0,0,0,0,0,0,1,200,22,70
1,1126,0,0,0,0,0,0,2,200,22,70
1,1127,0,0,0,0,0,0,1,200,23,70
1,1127,0,0,0,0,0,0,2,200,23,70
1,1128,0,0,0,0,0,0,1,200,0,70
1,1128,0,0,0,0,0,0,2,200,0,70
1,1129,0,0,0,0,0,0,1,200,1,70
1,1129,0,0,0,0,0,0,2,200,1,70
1,1130,0,0,0,0,0,0,1,200,2,70
1,1130,0,0,0,0,0,0,2,200,2,70
1,1131,0,0,0,0,0,0,1,200,3,70
1,1131,0,0,0,0,0,0,2,200,3,70
1,1132,0,0,0,0,0,0,1,200,4,70
1,1132,0,0,0,0,0,0,2,200,4,70
1,1133,0,0,0,0,0,0,1,200,5,70
1,1133,0,0,0,0,0,0,2,200,5,70
1,1134,0,0,0,0,0,0,1,200,6,70
1,1134,0,0,0,0,0,0,2,200,6,70
1,1135,0,0,0,0,0,0,1,200,7,70
1,1135,0,0,0,0,0,0,2,200,7,70
1,1136,0,0,0,0,0,0,1,200,8,70
1,1136,0,0,0,0,0,0,2,200,8,70
1,1137,0,0,0,0,0,0,1,200,9,70
1,1137,0,0,0,0,0,0,2,200,9,70
1,1138,0,0,0,0,0,0,1,200,10,70
1,1138,0,0,0,0,0,0,2,200,10,70
1,1139,0,0,0,0,0,0,1,200,11,70
1,1139,0,0,0,0,0,0,2,200,11,70
1,1140,0,0,0,0,0,0,1,200,12,70
1,1140,0,0,0,0,0,0,2,200,12,70
1,1141,0,0,0,0,0,0,1,200,13,70
1,1141,0,0,0,0,0,0,2,200,13,70
1,1142,0,0,0,0,0,0,1,200,14,70
1,1142,0,0,0,0,0,0,2,200,14,70
1,1143,0,0,0,0,0,0,1,200,15,70
1,1143,0,0,0,0,0,0,2,200,15,70
1,1144,0,0,0,0,0,0,1,200,16,70
1,1144,0,0,0,0,0,0,2,200,16,70
1,1145,0,0,0,0,0,0,1,200,17,70
1,1145,0,0,0,0,0,0,2,200,17,70
1,1146,0,0,0,0,0,0,1,200,18,70
1,1146,0,0,0,0,0,0,2,200,18,70
1,1147,0,0,0,0,0,0,1,200,19,70
1,1147,0,0,0,0,0,0,2,200,19,70
1,1148,0,0,0,0,0,0,1,200,20,70
1,1148,0,0,0,0,0,0,2,200,20,70
1,1149,0,0,0,0,0,0,1,200,21,70
1,1149,0,0,0,0,0,0,2,200,21,70
1,1150,0,0,0,0,0,0,1,200,22,70
1,1150,0,0,0,0,0,0,2,200,22,70
1,1151,0,0,0,0,0,0,1,200,23,70
1,1151,0,0,0,0,0,0,2,200,23,70
1,1152,0,0,0,0,0,0,1,200,0,70
1,1152,0,0,0,0,0,0,2,200,0,70
1,1153,0,0,0,0,0,0,1,200,1,70
1,1153,0,0,0,0,0,0,2,200,1,70
1,1154,0,0,0,0,0,0,1,200,2,70
1,1154,0,0,0,0,0,0,2,200,2,70
1,1155,0,0,0,0,0,0,1,200,3,70
1,1155,0,0,0,0,0,0,2,200,3,70
1,1156,0,0,0,0,0,0,1,200,4,70
1,1156,0,0,0,0,0,0,2,200,4,70
1,1157,0,0,0,0,0,0,1,200,5,70
1,1157,0,0,0,0,0,0,2,200,5,70
1,1158,0,0,0,0,0,0,1,200,6,70
1,1158,0,0,0,0,0,0,2,200,6,70
1,1159,0,0,0,0,0,0,1,200,7,70
1,1159,0,0,0,0,0,0,2,200,7,70
1,1160,0,0,0,0,0,0,1,200,8,70
1,1160,0,0,0,0,0,0,2,200,8,70
1,1161,0,0,0,0,0,0,1,200,9,70
1,1161,0,0,0,0,0,0,2,200,9,70
1,1162,0,0,0,0,0,0,1,200,10,70
1,1162,0,0,0,0,0,0,2,200,10,70
1,1163,0,0,0,0,0,0,1,200,11,70
1,1163,0,0,0,0,0,0,2,200,11,70
1,1164,0,0,0,0,0,0,1,200,12,70
1,1164,0,0,0,0,0,0,2,200,12,70
1,1165,0,0,0,0,0,0,1,200,13,70
1,1165,0,0,0,0,0,0,2,200,13,70
1,1166,0,0,0,0,0,0,1,200,14,70
1,1166,0,0,0,0,0,0,2,200,14,70
1,1167,0,0,0,0,0,0,1,200,15,70
1,1167,0,0,0,0,0,0,2,200,15,70
1,1168,0,0,0,0,0,0,1,200,16,70
1,1168,0,0,0,0,0,0,2,200,16,70
1,1169,0,0,0,0,0,0,1,200,17,70
1,1169,0,0,0,0,0,0,2,200,17,70
1,1170,0,0,0,0,0,0,1,200,18,70
1,1170,0,0,0,0,0,0,2,200,18,70
1,1171,0,0,0,0,0,0,1,200,19,70
1,1171,0,0,0,0,0,0,2,200,19,70
1,1172,0,0,0,0,0,0,1,200,20,70
1,1172,0,0,0,0,0,0,2,200,20,70
1,1173,0,0,0,0,0,0,1,200,21,70
1,1173,0,0,0,0,0,0,2,200,21,70
1,1174,0,0,0,0,0,0,1,200,22,70
1,1174,0,0,0,0,0,0,2,200,22,70
1,1175,0,0,0,0,0,0,1,200,23,70
1,1175,0,0,0,0,0,0,2,200,23,70
1,1176,0,0,0,0,0,0,1,200,0,70
1,1176,0,0,0,0,0,0,2,200,0,70
1,1177,0,0,0,0,0,0,1,200,1,70
1,1177,0,0,0,0,0,0,2,200,1,70
1,1178,0,0,0,0,0,0,1,200,2,70
1,1178,0,0,0,0,0,0,2,200,2,70
1,1179,0,0,0,0,0,0,1,200,3,70
1,1179,0,0,0,0,0,0,2,200,3,70
1,1180,0,0,0,0,0,0,1,200,4,70
1,1180,0,0,0,0,0,0,2,200,4,70
1,1181,0,0,0,0,0,0,1,200,5,70
1,1181,0,0,0,0,0,0,2,200,5,70
1,1182,0,0,0,0,0,0,1,200,6,70
1,1182,0,0,0,0,0,0,2,200,6,70
1,1183,0,0,0,0,0,0,1,200,7,70
1,1183,0,0,0,0,0,0,2,200,7,70
1,1184,0,0,0,0,0,0,1,200,8,70
1,1184,0,0,0,0,0,0,2,200,8,70
1,1185,0,0,0,0,0,0,1,200,9,70
1,1185,0,0,0,0,0,0,2,200,9,70
1,1186,0,0,0,0,0,0,1,200,10,70
1,1186,0,0,0,0,0,0,2,200,10,70
1,1187,0,0,0,0,0,0,1,200,11,70
1,1187,0,0,0,0,0,0,2,200,11,70
1,1188,0,0,0,0,0,0,1,200,12,70
1,1188,0,0,0,0,0,0,2,200,12,70
1,1189,0,0,0,0,0,0,1,200,13,70
1,1189,0,0,0,0,0,0,2,200,13,70
1,1190,0,0,0,0,0,0,1,200,14,70
1,1190,0,0,0,0,0,0,2,200,14,70
1,1191,0,0,0,0,0,0,1,200,15,70
1,1191,0,0,0,0,0,0,2,200,15,70
1,1192,0,0,0,0,0,0,1,200,16,70
1,1192,0,0,0,0,0,0,2,200,16,70
1,1193,0,0,0,0,0,0,1,200,17,70
1,1193,0,0,0,0,0,0,2,200,17,70
1,1194,0,0,0,0,0,0,1,200,18,70
1,1194,0,0,0,0,0,0,2,200,18,70
1,1195,0,0,0,0,0,0,1,200,19,70
1,1195,0,0,0,0,0,0,2,200,19,70
1,1196,0,0,0,0,0,0,1,200,20,70
1,1196,0,0,0,0,0,0,2,200,20,70
1,1197,0,0,0,0,0,0,1,200,21,70
1,1197,0,0,0,0,0,0,2,200,21,70
1,1198,0,0,0,0,0,0,1,200,22,70
1,1198,0,0,0,0,0,0,2,200,22,70
1,1199,0,0,0,0,0,0,1,200,23,70
1,1199,0,0,0,0,0,0,2,200,23,70
1,1200,0,0,0,0,0,0,1,200,0,70
1,1200,0,0,0,0,0,0,2,200,0,70
1,1201,0,0,0,0,0,0,1,200,1,70
1,1201,0,0,0,0,0,0,2,200,1,70
1,1202,0,0,0,0,0,0,1,200,2,70
1,1202,0,0,0,0,0,0,2,200,2,70
1,1203,0,0,0,0,0,0,1,200,3,70
1,1203,0,0,0,0,0,0,2,200,3,70
1,1204,0,0,0,0,0,0,1,200,4,70
1,1204,0,0,0,0,0,0,2,200,4,70
1,1205,0,0,0,0,0,0,1,200,5,70
1,1205,0,0,0,0,0,0,2,200,5,70
1,1206,0,0,0,0,0,0,1,200,6,70
1,1206,0,0,0,0,0,0,2,200,6,70
1,1207,0,0,0,0,0,0,1,200,7,70
1,1207,0,0,0,0,0,0,2,200,7,70
1,1208,0,0,0,0,0,0,1,200,8,70
1,1208,0,0,0,0,0,0,2,200,8,70
1,1209,0,0,0,0,0,0,1,200,9,70
1,1209,0,0,0,0,0,0,2,200,9,70
1,1210,0,0,0,0,0,0,1,200,10,70
1,1210,0,0,0,0,0,0,2,200,10,70
1,1211,0,0,0,0,0,0,1,200,11,70
1,1211,0,0,0,0,0,0,2,200,11,70
1,1212,0,0,0,0,0,0,1,200,12,70
1,1212,0,0,0,0,0,0,2,200,12,70
1,1213,0,0,0,0,0,0,1,200,13,70
1,1213,0,0,0,0,0,0,2,200,13,70
1,1214,0,0,0,0,0,0,1,200,14,70
1,1214,0,0,0,0,0,0,2,200,14,70
1,1215,0,0,0,0,0,0,1,200,15,70
1,1215,0,0,0,0,0,0,2,200,15,70
1,1216,0,0,0,0,0,0,1,200,16,70
1,1216,0,0,0,0,0,0,2,200,16,70
1,1217,0,0,0,0,0,0,1,200,17,70
1,1217,0,0,0,0,0,0,2,200,17,70
1,1218,0,0,0,0,0,0,1,200,18,70
1,1218,0,0,0,0,0,0,2,200,18,70
1,1219,0,0,0,0,0,0,1,200,19,70
1,1219,0,0,0,0,0,0,2,200,19,70
1,1220,0,0,0,0,0,0,1,200,20,70
1,1220,0,0,0,0,0,0,2,200,20,70
1,1221,0,0,0,0,0,0,1,200,21,70
1,1221,0,0,0,0,0,0,2,200,21,70
1,1222,0,0,0,0,0,0,1,200,22,70
1,1222,0,0,0,0,0,0,2,200,22,70
1,1223,0,0,0,0,0,0,1,200,23,70
1,1223,0,0,0,0,0,0,2,200,23,70
1,1224,0,0,0,0,0,0,1,200,0,70
1,1224,0,0,0,0,0,0,2,200,0,70
1,1225,0,0,0,0,0,0,1,200,1,70
1,1225,0,0,0,0,0,0,2,200,1,70
1,1226,0,0,0,0,0,0,1,200,2,70
1,1226,0,0,0,0,0,0,2,200,2,70
1,1227,0,0,0,0,0,0,1,200,3,70
1,1227,0,0,0,0,0,0,2,200,3,70
1,1228,0,0,0,0,0,0,1,200,4,70
1,1228,0,0,0,0,0,0,2,200,4,70
1,1229,0,0,0,0,0,0,1,200,5,70
1,1229,0,0,0,0,0,0,2,200,5,70
1,1230,0,0,0,0,0,0,1,200,6,70
1,1230,0,0,0,0,0,0,2,200,6,70
1,1231,0,0,0,0,0,0,1,200,7,70
1,1231,0,0,0,0,0,0,2,200,7,70
1,1232,0,0,0,0,0,0,1,200,8,70
1,1232,0,0,0,0,0,0,2,200,8,70
1,1233,0,0,0,0,0,0,1,200,9,70
1,1233,0,0,0,0,0,0,2,200,9,70
1,1234,0,0,0,0,0,0,1,200,10,70
1,1234,0,0,0,0,0,0,2,200,10,70
1,1235,0,0,0,0,0,0,1,200,11,70
1,1235,0,0,0,0,0,0,2,200,11,70
1,1236,0,0,0,0,0,0,1,200,12,70
1,1236,0,0,0,0,0,0,2,200,12,70
1,1237,0,0,0,0,0,0,1,200,13,70
1,1237,0,0,0,0,0,0,2,200,13,70
1,1238,0,0,0,0,0,0,1,200,14,70
1,1238,0,0,0,0,0,0,2,200,14,70
1,1239,0,0,0,0,0,0,1,200,15,70
1,1239,0,0,0,0,0,0,2,200,15,70
1,1240,0,0,0,0,0,0,1,200,16,70
1,1240,0,0,0,0,0,0,2,200,16,70
1,1241,0,0,0,0,0,0,1,200,17,70
1,1241,0,0,0,0,0,0,2,200,17,70
1,1242,0,0,0,0,0,0,1,200,18,70
1,1242,0,0,0,0,0,0,2,200,18,70
1,1243,0,0,0,0,0,0,1,200,19,70
1,1243,0,0,0,0,0,0,2,200,19,70
1,1244,0,0,0,0,0,0,1,200,20,70
1,1244,0,0,0,0,0,0,2,200,20,70
1,1245,0,0,0,0,0,0,1,200,21,70
1,1245,0,0,0,0,0,0,2,200,21,70
1,1246,0,0,0,0,0,0,1,200,22,70
1,1246,0,0,0,0,0,0,2,200,22,70
1,1247,0,0,0,0,0,0,1,200,23,70
1,1247,0,0,0,0,0,0,2,200,23,70
1,1248,0,0,0,0,0,0,1,200,0,70
1,1248,0,0,0,0,0,0,2,200,0,70
1,1249,0,0,0,0,0,0,1,200,1,70
1,1249,0,0,0,0,0,0,2,200,1,70
1,1250,0,0,0,0,0,0,1,200,2,70
1,1250,0,0,0,0,0,0,2,200,2,70
1,1251,0,0,0,0,0,0,1,200,3,70
1,1251,0,0,0,0,0,0,2,200,3,70
1,1252,0,0,0,0,0,0,1,200,4,70
1,1252,0,0,0,0,0,0,2,200,4,70
1,1253,0,0,0,0,0,0,1,200,5,70
1,1253,0,0,0,0,0,0,2,200,5,70
1,1254,0,0,0,0,0,0,1,200,6,70
1,1254,0,0,0,0,0,0,2,200,6,70
1,1255,0,0,0,0,0,0,1,200,7,70
1,1255,0,0,0,0,0,0,2,200,7,70
1,1256,0,0,0,0,0,0,1,200,8,70
1,1256,0,0,0,0,0,0,2,200,8,70
1,1257,0,0,0,0,0,0,1,200,9,70
1,1257,0,0,0,0,0,0,2,200,9,70
1,1258,0,0,0,0,0,0,1,200,10,70
1,1258,0,0,0,0,0,0,2,200,10,70
1,1259,0,0,0,0,0,0,1,200,11,70
1,1259,0,0,0,0,0,0,2,200,11,70
1,1260,0,0,0,0,0,0,1,200,12,70
1,1260,0,0,0,0,0,0,2,200,12,70
1,1261,0,0,0,0,0,0,1,200,13,70
1,1261,0,0,0,0,0,0,2,200,13,70
1,1262,0,0,0,0,0,0,1,200,14,70
1,1262,0,0,0,0,0,0,2,200,14,70
1,1263,0,0,0,0,0,0,1,200,15,70
1,1263,0,0,0,0,0,0,2,200,15,70
1,1264,0,0,0,0,0,0,1,200,16,70
1,1264,0,0,0,0,0,0,2,200,16,70
1,1265,0,0,0,0,0,0,1,200,17,70
1,1265,0,0,0,0,0,0,2,200,17,70
1,1266,0,0,0,0,0,0,1,200,18,70
1,1266,0,0,0,0,0,0,2,200,18,70
1,1267,0,0,0,0,0,0,1,200,19,70
1,1267,0,0,0,0,0,0,2,200,19,70
1,1268,0,0,0,0,0,0,1,200,20,70
1,1268,0,0,0,0,0,0,2,200,20,70
1,1269,0,0,0,0,0,0,1,200,21,70
1,1269,0,0,0,0,0,0,2,200,21,70
1,1270,0,0,0,0,0,0,1,200,22,70
1,1270,0,0,0,0,0,0,2,200,22,70
1,1271,0,0,0,0,0,0,1,200,23,70
1,1271,0,0,0,0,0,0,2,200,23,70
1,1272,0,0,0,0,0,0,1,200,0,70
1,1272,0,0,0,0,0,0,2,200,0,70
1,1273,0,0,0,0,0,0,1,200,1,70
1,1273,0,0,0,0,0,0,2,200,1,70
1,1274,0,0,0,0,0,0,1,200,2,70
1,1274,0,0,0,0,0,0,2,200,2,70
1,1275,0,0,0,0,0,0,1,200,3,70
1,1275,0,0,0,0,0,0,2,200,3,70
1,1276,0,0,0,0,0,0,1,200,4,70
1,1276,0,0,0,0,0,0,2,200,4,70
1,1277,0,0,0,0,0,0,1,200,5,70
1,1277,0,0,0,0,0,0,2,200,5,70
1,1278,0,0,0,0,0,0,1,200,6,70
1,1278,0,0,0,0,0,0,2,200,6,70
1,1279,0,0,0,0,0,0,1,200,7,70
1,1279,0,0,0,0,0,0,2,200,7,70
1,1280,0,0,0,0,0,0,1,200,8,70
1,1280,0,0,0,0,0,0,2,200,8,70
1,1281,0,0,0,0,0,0,1,200,9,70
1,1281,0,0,0,0,0,0,2,200,9,70
1,1282,0,0,0,0,0,0,1,200,10,70
1,1282,0,0,0,0,0,0,2,200,10,70
1,1283,0,0,0,0,0,0,1,200,11,70
1,1283,0,0,0,0,0,0,2,200,11,70
1,1284,0,0,0,0,0,0,1,200,12,70
1,1284,0,0,0,0,0,0,2,200,12,70
1,1285,0,0,0,0,0,0,1,200,13,70
1,1285,0,0,0,0,0,0,2,200,13,70
1,1286,0,0,0,0,0,0,1,200,14,70
1,1286,0,0,0,0,0,0,2,200,14,70
1,1287,0,0,0,0,0,0,1,200,15,70
1,1287,0,0,0,0,0,0,2,200,15,70
1,1288,0,0,0,0,0,0,1,200,16,70
1,1288,0,0,0,0,0,0,2,200,16,70
1,1289,0,0,0,0,0,0,1,200,17,70
1,1289,0,0,0,0,0,0,2,200,17,70
1,1290,0,0,0,0,0,0,1,200,18,70
1,1290,0,0,0,0,0,0,2,200,18,70
1,1291,0,0,0,0,0,0,1,200,19,70
1,1291,0,0,0,0,0,0,2,200,19,70
1,1292,0,0,0,0,0,0,1,200,20,70
1,1292,0,0,0,0,0,0,2,200,20,70
1,1293,0,0,0,0,0,0,1,200,21,70
1,1293,0,0,0,0,0,0,2,200,21,70
1,1294,0,0,0,0,0,0,1,200,22,70
1,1294,0,0,0,0,0,0,2,200,22,70
1,1295,0,0,0,0,0,0,1,200,23,70
1,1295,0,0,0,0,0,0,2,200,23,70
1,1296,0,0,0,0,0,0,1,200,0,70
1,1296,0,0,0,0,0,0,2,200,0,70
1,1297,0,0,0,0,0,0,1,200,1,70
1,1297,0,0,0,0,0,0,2,200,1,70
1,1298,0,0,0,0,0,0,1,200,2,70
1,1298,0,0,0,0,0,0,2,200,2,70
1,1299,0,0,0,0,0,0,1,200,3,70
1,1299,0,0,0,0,0,0,2,200,3,70
1,1300,0,0,0,0,0,0,1,200,4,70
1,1300,0,0,0,0,0,0,2,200,4,70
1,1301,0,0,0,0,0,0,1,200,5,70
1,1301,0,0,0,0,0,0,2,200,5,70
1,1302,0,0,0,0,0,0,1,200,6,70
1,1302,0,0,0,0,0,0,2,200,6,70
1,1303,0,0,0,0,0,0,1,200,7,70
1,1303,0,0,0,0,0,0,2,200,7,70
1,1304,0,0,0,0,0,0,1,200,8,70
1,1304,0,0,0,0,0,0,2,200,8,70
1,1305,0,0,0,0,0,0,1,200,9,70
1,1305,0,0,0,0,0,0,2,200,9,70
1,1306,0,0,0,0,0,0,1,200,10,70
1,1306,0,0,0,0,0,0,2,200,10,70
1,1307,0,0,0,0,0,0,1,200,11,70
1,1307,0,0,0,0,0,0,2,200,11,70
1,1308,0,0,0,0,0,0,1,200,12,70
1,1308,0,0,0,0,0,0,2,200,12,70
1,1309,0,0,0,0,0,0,1,200,13,70
1,1309,0,0,0,0,0,0,2,200,13,70
1,1310,0,0,0,0,0,0,1,200,14,70
1,1310,0,0,0,0,0,0,2,200,14,70
1,1311,0,0,0,0,0,0,1,200,15,70
1,1311,0,0,0,0,0,0,2,200,15,70
1,1312,0,0,0,0,0,0,1,200,16,70
1,1312,0,0,0,0,0,0,2,200,16,70
1,1313,0,0,0,0,0,0,1,200,17,70
1,1313,0,0,0,0,0,0,2,200,17,70
1,1314,0,0,0,0,0,0,1,200,18,70
1,1314,0,0,0,0,0,0,2,200,18,70
1,1315,0,0,0,0,0,0,1,200,19,70
1,1315,0,0,0,0,0,0,2,200,19,70
1,1316,0,0,0,0,0,0,1,200,20,70
1,1316,0,0,0,0,0,0,2,200,20,70
1,1317,0,0,0,0,0,0,1,200,21,70
1,1317,0,0,0,0,0,0,2,200,21,70
1,1318,0,0,0,0,0,0,1,200,22,70
1,1318,0,0,0,0,0,0,2,200,22,70
1,1319,0,0,0,0,0,0,1,200,23,70
1,1319,0,0,0,0,0,0,2,200,23,70
1,1320,0,0,0,0,0,0,1,200,0,70
1,1320,0,0,0,0,0,0,2,200,0,70
1,1321,0,0,0,0,0,0,1,200,1,70
1,1321,0,0,0,0,0,0,2,200,1,70
1,1322,0,0,0,0,0,0,1,200,2,70
1,1322,0,0,0,0,0,0,2,200,2,70
1,1323,0,0,0,0,0,0,1,200,3,70
1,1323,0,0,0,0,0,0,2,200,3,70
1,1324,0,0,0,0,0,0,1,200,4,70
1,1324,0,0,0,0,0,0,2,200,4,70
1,1325,0,0,0,0,0,0,1,200,5,70
1,1325,0,0,0,0,0,0,2,200,5,70
1,1326,0,0,0,0,0,0,1,200,6,70
1,1326,0,0,0,0,0,0,2,200,6,70
1,1327,0,0,0,0,0,0,1,200,7,70
1,1327,0,0,0,0,0,0,2,200,7,70
1,1328,0,0,0,0,0,0,1,200,8,70
1,1328,0,0,0,0,0,0,2,200,8,70
1,1329,0,0,0,0,0,0,1,200,9,70
1,1329,0,0,0,0,0,0,2,200,9,70
1,1330,0,0,0,0,0,0,1,200,10,70
1,1330,0,0,0,0,0,0,2,200,10,70
1,1331,0,0,0,0,0,0,1,200,11,70
1,1331,0,0,0,0,0,0,2,200,11,70
1,1332,0,0,0,0,0,0,1,200,12,70
1,1332,0,0,0,0,0,0,2,200,12,70
1,1333,0,0,0,0,0,0,1,200,13,70
1,1333,0,0,0,0,0,0,2,200,13,70
1,1334,0,0,0,0,0,0,1,200,14,70
1,1334,0,0,0,0,0,0,2,200,14,70
1,1335,0,0,0,0,0,0,1,200,15,70
1,1335,0,0,0,0,0,0,2,200,15,70
1,1336,0,0,0,0,0,0,1,200,16,70
1,1336,0,0,0,0,0,0,2,200,16,70
1,1337,0,0,0,0,0,0,1,200,17,70
1,1337,0,0,0,0,0,0,2,200,17,70
1,1338,0,0,0,0,0,0,1,200,18,70
1,1338,0,0,0,0,0,0,2,200,18,70
1,1339,0,0,0,0,0,0,1,200,19,70
1,1339,0,0,0,0,0,0,2,200,19,70
1,1340,0,0,0,0,0,0,1,200,20,70
1,1340,0,0,0,0,0,0,2,200,20,70
1,1341,0,0,0,0,0,0,1,200,21,70
1,1341,0,0,0,0,0,0,2,200,21,70
1,1342,0,0,0,0,0,0,1,200,22,70
1,1342,0,0,0,0,0,0,2,200,22,70
1,1343,0,0,0,0,0,0,1,200,23,70
1,1343,0,0,0,0,0,0,2,200,23,70
1,1344,0,0,0,0,0,0,1,200,0,70
1,1344,0,0,0,0,0,0,2,200,0,70
1,1345,0,0,0,0,0,0,1,200,1,70
1,1345,0,0,0,0,0,0,2,200,1,70
1,1346,0,0,0,0,0,0,1,200,2,70
1,1346,0,0,0,0,0,0,2,200,2,70
1,1347,0,0,0,0,0,0,1,200,3,70
1,1347,0,0,0,0,0,0,2,200,3,70
1,1348,0,0,0,0,0,0,1,200,4,70
1,1348,0,0,0,0,0,0,2,200,4,70
1,1349,0,0,0,0,0,0,1,200,5,70
1,1349,0,0,0,0,0,0,2,200,5,70
1,1350,0,0,0,0,0,0,1,200,6,70
1,1350,0,0,0,0,0,0,2,200,6,70
1,1351,0,0,0,0,0,0,1,200,7,70
1,1351,0,0,0,0,0,0,2,200,7,70
1,1352,0,0,0,0,0,0,1,200,8,70
1,1352,0,0,0,0,0,0,2,200,8,70
1,1353,0,0,0,0,0,0,1,200,9,70
1,1353,0,0,0,0,0,0,2,200,9,70
1,1354,0,0,0,0,0,0,1,200,10,70
1,1354,0,0,0,0,0,0,2,200,10,70
1,1355,0,0,0,0,0,0,1,200,11,70
1,1355,0,0,0,0,0,0,2,200,11,70
1,1356,0,0,0,0,0,0,1,200,12,70
1,1356,0,0,0,0,0,0,2,200,12,70
1,1357,0,0,0,0,0,0,1,200,13,70
1,1357,0,0,0,0,0,0,2,200,13,70
1,1358,0,0,0,0,0,0,1,200,14,70
1,1358,0,0,0,0,0,0,2,200,14,70
1,1359,0,0,0,0,0,0,1,200,15,70
1,1359,0,0,0,0,0,0,2,200,15,70
1,1360,0,0,0,0,0,0,1,200,16,70
1,1360,0,0,0,0,0,0,2,200,16,70
1,1361,0,0,0,0,0,0,1,200,17,70
1,1361,0,0,0,0,0,0,2,200,17,70
1,1362,0,0,0,0,0,0,1,200,18,70
1,1362,0,0,0,0,0,0,2,200,18,70
1,1363,0,0,0,0,0,0,1,200,19,70
1,1363,0,0,0,0,0,0,2,200,19,70
1,1364,0,0,0,0,0,0,1,200,20,70
1,1364,0,0,0,0,0,0,2,200,20,70
1,1365,0,0,0,0,0,0,1,200,21,70
1,1365,0,0,0,0,0,0,2,200,21,70
1,1366,0,0,0,0,0,0,1,200,22,70
1,1366,0,0,0,0,0,0,2,200,22,70
1,1367,0,0,0,0,0,0,1,200,23,70
1,1367,0,0,0,0,0,0,2,200,23,70
1,1368,0,0,0,0,0,0,1,200,0,70
1,1368,0,0,0,0,0,0,2,200,0,70
1,1369,0,0,0,0,0,0,1,200,1,70
1,1369,0,0,0,0,0,0,2,200,1,70
1,1370,0,0,0,0,0,0,1,200,2,70
1,1370,0,0,0,0,0,0,2,200,2,70
1,1371,0,0,0,0,0,0,1,200,3,70
1,1371,0,0,0,0,0,0,2,200,3,70
1,1372,0,0,0,0,0,0,1,200,4,70
1,1372,0,0,0,0,0,0,2,200,4,70
1,1373,0,0,0,0,0,0,1,200,5,70
1,1373,0,0,0,0,0,0,2,200,5,70
1,1374,0,0,0,0,0,0,1,200,6,70
1,1374,0,0,0,0,0,0,2,200,6,70
1,1375,0,0,0,0,0,0,1,200,7,70
1,1375,0,0,0,0,0,0,2,200,7,70
1,1376,0,0,0,0,0,0,1,200,8,70
1,1376,0,0,0,0,0,0,2,200,8,70
1,1377,0,0,0,0,0,0,1,200,9,70
1,1377,0,0,0,0,0,0,2,200,9,70
1,1378,0,0,0,0,0,0,1,200,10,70
1,1378,0,0,0,0,0,0,2,200,10,70
1,1379,0,0,0,0,0,0,1,200,11,70
1,1379,0,0,0,0,0,0,2,200,11,70
1,1380,0,0,0,0,0,0,1,200,12,70
1,1380,0,0,0,0,0,0,2,200,12,70
1,1381,0,0,0,0,0,0,1,200,13,70
1,1381,0,0,0,0,0,0,2,200,13,70
1,1382,0,0,0,0,0,0,1,200,14,70
1,1382,0,0,0,0,0,0,2,200,14,70
1,1383,0,0,0,0,0,0,1,200,15,70
1,1383,0,0,0,0,0,0,2,200,15,70
1,1384,0,0,0,0,0,0,1,200,16,70
1,1384,0,0,0,0,0,0,2,200,16,70
1,1385,0,0,0,0,0,0,1,200,17,70
1,1385,0,0,0,0,0,0,2,200,17,70
1,1386,0,0,0,0,0,0,1,200,18,70
1,1386,0,0,0,0,0,0,2,200,18,70
1,1387,0,0,0,0,0,0,1,200,19,70
1,1387,0,0,0,0,0,0,2,200,19,70
1,1388,0,0,0,0,0,0,1,200,20,70
1,1388,0,0,0,0,0,0,2,200,20,70
1,1389,0,0,0,0,0,0,1,200,21,70
1,1389,0,0,0,0,0,0,2,200,21,70
1,1390,0,0,0,0,0,0,1,200,22,70
1,1390,0,0,0,0,0,0,2,200,22,70
1,1391,0,0,0,0,0,0,1,200,23,70
1,1391,0,0,0,0,0,0,2,200,23,70
1,1392,0,0,0,0,0,0,1,200,0,70
1,1392,0,0,0,0,0,0,2,200,0,70
1,1393,0,0,0,0,0,0,1,200,1,70
1,1393,0,0,0,0,0,0,2,200,1,70
1,1394,0,0,0,0,0,0,1,200,2,70
1,1394,0,0,0,0,0,0,2,200,2,70
1,1395,0,0,0,0,0,0,1,200,3,70
1,1395,0,0,0,0,0,0,2,200,3,70
1,1396,0,0,0,0,0,0,1,200,4,70
1,1396,0,0,0,0,0,0,2,200,4,70
1,1397,0,0,0,0,0,0,1,200,5,70
1,1397,0,0,0,0,0,0,2,200,5,70
1,1398,0,0,0,0,0,0,1,200,6,70
1,1398,0,0,0,0,0,0,2,200,6,70
1,1399,0,0,0,0,0,0,1,200,7,70
1,1399,0,0,0,0,0,0,2,200,7,70
1,1400,0,0,0,0,0,0,1,200,8,70
1,1400,0,0,0,0,0,0,2,200,8,70
1,1401,0,0,0,0,0,0,1,200,9,70
1,1401,0,0,0,0,0,0,2,200,9,70
1,1402,0,0,0,0,0,0,1,200,10,70
1,1402,0,0,0,0,0,0,2,200,10,70
1,1403,0,0,0,0,0,0,1,200,11,70
1,1403,0,0,0,0,0,0,2,200,11,70
1,1404,0,0,0,0,0,0,1,200,12,70
1,1404,0,0,0,0,0,0,2,200,12,70
1,1405,0,0,0,0,0,0,1,200,13,70
1,1405,0,0,0,0,0,0,2,200,13,70
1,1406,0,0,0,0,0,0,1,200,14,70
1,1406,0,0,0,0,0,0,2,200,14,70
1,1407,0,0,0,0,0,0,1,200,15,70
1,1407,0,0,0,0,0,0,2,200,15,70
1,1408,0,0,0,0,0,0,1,200,16,70
1,1408,0,0,0,0,0,0,2,200,16,70
1,1409,0,0,0,0,0,0,1,200,17,70
1,1409,0,0,0,0,0,0,2,200,17,70
1,1410,0,0,0,0,0,0,1,200,18,70
1,1410,0,0,0,0,0,0,2,200,18,70
1,1411,0,0,0,0,0,0,1,200,19,70
1,1411,0,0,0,0,0,0,2,200,19,70
1,1412,0,0,0,0,0,0,1,200,20,70
1,1412,0,0,0,0,0,0,2,200,20,70
1,1413,0,0,0,0,0,0,1,200,21,70
1,1413,0,0,0,0,0,0,2,200,21,70
1,1414,0,0,0,0,0,0,1,200,22,70
1,1414,0,0,0,0,0,0,2,200,22,70
1,1415,0,0,0,0,0,0,1,200,23,70
1,1415,0,0,0,0,0,0,2,200,23,70
1,1416,0,0,0,0,0,0,1,200,0,70
1,1416,0,0,0,0,0,0,2,200,0,70
1,1417,0,0,0,0,0,0,1,200,1,70
1,1417,0,0,0,0,0,0,2,200,1,70
1,1418,0,0,0,0,0,0,1,200,2,70
1,1418,0,0,0,0,0,0,2,200,2,70
1,1419,0,0,0,0,0,0,1,200,3,70
1,1419,0,0,0,0,0,0,2,200,3,70
1,1420,0,0,0,0,0,0,1,200,4,70
1,1420,0,0,0,0,0,0,2,200,4,70
1,1421,0,0,0,0,0,0,1,200,5,70
1,1421,0,0,0,0,0,0,2,200,5,70
1,1422,0,0,0,0,0,0,1,200,6,70
1,1422,0,0,0,0,0,0,2,200,6,70
1,1423,0,0,0,0,0,0,1,200,7,70
1,1423,0,0,0,0,0,0,2,200,7,70
1,1424,0,0,0,0,0,0,1,200,8,70
1,1424,0,0,0,0,0,0,2,200,8,70
1,1425,0,0,0,0,0,0,1,200,9,70
1,1425,0,0,0,0,0,0,2,200,9,70
1,1426,0,0,0,0,0,0,1,200,10,70
1,1426,0,0,0,0,0,0,2,200,10,70
1,1427,0,0,0,0,0,0,1,200,11,70
1,1427,0,0,0,0,0,0,2,200,11,70
1,1428,0,0,0,0,0,0,1,200,12,70
1,1428,0,0,0,0,0,0,2,200,12,70
1,1429,0,0,0,0,0,0,1,200,13,70
1,1429,0,0,0,0,0,0,2,200,13,70
1,1430,0,0,0,0,0,0,1,200,14,70
1,1430,0,0,0,0,0,0,2,200,14,70
1,1431,0,0,0,0,0,0,1,200,15,70
1,1431,0,0,0,0,0,0,2,200,15,70
1,1432,0,0,0,0,0,0,1,200,16,70
1,1432,0,0,0,0,0,0,2,200,16,70
1,1433,0,0,0,0,0,0,1,200,17,70
1,1433,0,0,0,0,0,0,2,200,17,70
1,1434,0,0,0,0,0,0,1,200,18,70
1,1434,0,0,0,0,0,0,2,200,18,70
1,1435,0,0,0,0,0,0,1,200,19,70
1,1435,0,0,0,0,0,0,2,200,19,70
1,1436,0,0,0,0,0,0,1,200,20,70
1,1436,0,0,0,0,0,0,2,200,20,70
1,1437,0,0,0,0,0,0,1,200,21,70
1,1437,0,0,0,0,0,0,2,200,21,70
1,1438,0,0,0,0,0,0,1,200,22,70
1,1438,0,0,0,0,0,0,2,200,22,70
1,1439,0,0,0,0,0,0,1,200,23,70
1,1439,0,0,0,0,0,0,2,200,23,70
1,1440,0,0,0,0,0,0,1,200,0,70
1,1440,0,0,0,0,0,0,2,200,0,70
1,1441,0,0,0,0,0,0,1,200,1,70
1,1441,0,0,0,0,0,0,2,200,1,70
1,1442,0,0,0,0,0,0,1,200,2,70
1,1442,0,0,0,0,0,0,2,200,2,70
1,1443,0,0,0,0,0,0,1,200,3,70
1,1443,0,0,0,0,0,0,2,200,3,70
1,1444,0,0,0,0,0,0,1,200,4,70
1,1444,0,0,0,0,0,0,2,200,4,70
1,1445,0,0,0,0,0,0,1,200,5,70
1,1445,0,0,0,0,0,0,2,200,5,70
1,1446,0,0,0,0,0,0,1,200,6,70
1,1446,0,0,0,0,0,0,2,200,6,70
1,1447,0,0,0,0,0,0,1,200,7,70
1,1447,0,0,0,0,0,0,2,200,7,70
1,1448,0,0,0,0,0,0,1,200,8,70
1,1448,0,0,0,0,0,0,2,200,8,70
1,1449,0,0,0,0,0,0,1,200,9,70
1,1449,0,0,0,0,0,0,2,200,9,70
1,1450,0,0,0,0,0,0,1,200,10,70
1,1450,0,0,0,0,0,0,2,200,10,70
1,1451,0,0,0,0,0,0,1,200,11,70
1,1451,0,0,0,0,0,0,2,200,11,70
1,1452,0,0,0,0,0,0,1,200,12,70
1,1452,0,0,0,0,0,0,2,200,12,70
1,1453,0,0,0,0,0,0,1,200,13,70
1,1453,0,0,0,0,0,0,2,200,13,70
1,1454,0,0,0,0,0,0,1,200,14,70
1,1454,0,0,0,0,0,0,2,200,14,70
1,1455,0,0,0,0,0,0,1,200,15,70
1,1455,0,0,0,0,0,0,2,200,15,70
1,1456,0,0,0,0,0,0,1,200,16,70
1,1456,0,0,0,0,0,0,2,200,16,70
1,1457,0,0,0,0,0,0,1,200,17,70
1,1457,0,0,0,0,0,0,2,200,17,70
1,1458,0,0,0,0,0,0,1,200,18,70
1,1458,0,0,0,0,0,0,2,200,18,70
1,1459,0,0,0,0,0,0,1,200,19,70
1,1459,0,0,0,0,0,0,2,200,19,70
1,1460,0,0,0,0,0,0,1,200,20,70
1,1460,0,0,0,0,0,0,2,200,20,70
1,1461,0,0,0,0,0,0,1,200,21,70
1,1461,0,0,0,0,0,0,2,200,21,70
1,1462,0,0,0,0,0,0,1,200,22,70
1,1462,0,0,0,0,0,0,2,200,22,70
1,1463,0,0,0,0,0,0,1,200,23,70
1,1463,0,0,0,0,0,0,2,200,23,70
1,1464,0,0,0,0,0,0,1,200,0,70
1,1464,0,0,0,0,0,0,2,200,0,70
1,1465,0,0,0,0,0,0,1,200,1,70
1,1465,0,0,0,0,0,0,2,200,1,70
1,1466,0,0,0,0,0,0,1,200,2,70
1,1466,0,0,0,0,0,0,2,200,2,70
1,1467,0,0,0,0,0,0,1,200,3,70
1,1467,0,0,0,0,0,0,2,200,3,70
1,1468,0,0,0,0,0,0,1,200,4,70
1,1468,0,0,0,0,0,0,2,200,4,70
1,1469,0,0,0,0,0,0,1,200,5,70
1,1469,0,0,0,0,0,0,2,200,5,70
1,1470,0,0,0,0,0,0,1,200,6,70
1,1470,0,0,0,0,0,0,2,200,6,70
1,1471,0,0,0,0,0,0,1,200,7,70
1,1471,0,0,0,0,0,0,2,200,7,70
1,1472,0,0,0,0,0,0,1,200,8,70
1,1472,0,0,0,0,0,0,2,200,8,70
1,1473,0,0,0,0,0,0,1,200,9,70
1,1473,0,0,0,0,0,0,2,200,9,70
1,1474,0,0,0,0,0,0,1,200,10,70
1,1474,0,0,0,0,0,0,2,200,10,70
1,1475,0,0,0,0,0,0,1,200,11,70
1,1475,0,0,0,0,0,0,2,200,11,70
1,1476,0,0,0,0,0,0,1,200,12,70
1,1476,0,0,0,0,0,0,2,200,12,70
1,1477,0,0,0,0,0,0,1,200,13,70
1,1477,0,0,0,0,0,0,2,200,13,70
1,1478,0,0,0,0,0,0,1,200,14,70
1,1478,0,0,0,0,0,0,2,200,14,70
1,1479,0,0,0,0,0,0,1,200,15,70
1,1479,0,0,0,0,0,0,2,200,15,70
1,1480,0,0,0,0,0,0,1,200,16,70
1,1480,0,0,0,0,0,0,2,200,16,70
1,1481,0,0,0,0,0,0,1,200,17,70
1,1481,0,0,0,0,0,0,2,200,17,70
1,1482,0,0,0,0,0,0,1,200,18,70
1,1482,0,0,0,0,0,0,2,200,18,70
1,1483,0,0,0,0,0,0,1,200,19,70
1,1483,0,0,0,0,0,0,2,200,19,70
1,1484,0,0,0,0,0,0,1,200,20,70
1,1484,0,0,0,0,0,0,2,200,20,70
1,1485,0,0,0,0,0,0,1,200,21,70
1,1485,0,0,0,0,0,0,2,200,21,70
1,1486,0,0,0,0,0,0,1,200,22,70
1,1486,0,0,0,0,0,0,2,200,22,70
1,1487,0,0,0,0,0,0,1,200,23,70
1,1487,0,0,0,0,0,0,2,200,23,70
1,1488,0,0,0,0,0,0,1,200,0,70
1,1488,0,0,0,0,0,0,2,200,0,70
1,1489,0,0,0,0,0,0,1,200,1,70
1,1489,0,0,0,0,0,0,2,200,1,70
1,1490,0,0,0,0,0,0,1,200,2,70
1,1490,0,0,0,0,0,0,2,200,2,70
1,1491,0,0,0,0,0,0,1,200,3,70
1,1491,0,0,0,0,0,0,2,200,3,70
1,1492,0,0,0,0,0,0,1,200,4,70
1,1492,0,0,0,0,0,0,2,200,4,70
1,1493,0,0,0,0,0,0,1,200,5,70
1,1493,0,0,0,0,0,0,2,200,5,70
1,1494,0,0,0,0,0,0,1,200,6,70
1,1494,0,0,0,0,0,0,2,200,6,70
1,1495,0,0,0,0,0,0,1,200,7,70
1,1495,0,0,0,0,0,0,2,200,7,70
1,1496,0,0,0,0,0,0,1,200,8,70
1,1496,0,0,0,0,0,0,2,200,8,70
1,1497,0,0,0,0,0,0,1,200,9,70
1,1497,0,0,0,0,0,0,2,200,9,70
1,1498,0,0,0,0,0,0,1,200,10,70
1,1498,0,0,0,0,0,0,2,200,10,70
1,1499,0,0,0,0,0,0,1,200,11,70
1,1499,0,0,0,0,0,0,2,200,11,70
1,1500,0,0,0,0,0,0,1,200,12,70
1,1500,0,0,0,0,0,0,2,200,12,70
1,1501,0,0,0,0,0,0,1,200,13,70
1,1501,0,0,0,0,0,0,2,200,13,70
1,1502,0,0,0,0,0,0,1,200,14,70
1,1502,0,0,0,0,0,0,2,200,14,70
1,1503,0,0,0,0,0,0,1,200,15,70
1,1503,0,0,0,0,0,0,2,200,15,70
1,1504,0,0,0,0,0,0,1,200,16,70
1,1504,0,0,0,0,0,0,2,200,16,70
1,1505,0,0,0,0,0,0,1,200,17,70
1,1505,0,0,0,0,0,0,2,200,17,70
1,1506,0,0,0,0,0,0,1,200,18,70
1,1506,0,0,0,0,0,0,2,200,18,70
1,1507,0,0,0,0,0,0,1,200,19,70
1,1507,0,0,0,0,0,0,2,200,19,70
1,1508,0,0,0,0,0,0,1,200,20,70
1,1508,0,0,0,0,0,0,2,200,20,70
1,1509,0,0,0,0,0,0,1,200,21,70
1,1509,0,0,0,0,0,0,2,200,21,70
1,1510,0,0,0,0,0,0,1,200,22,70
1,1510,0,0,0,0,0,0,2,200,22,70
1,1511,0,0,0,0,0,0,1,200,23,70
1,1511,0,0,0,0,0,0,2,200,23,70
1,1512,0,0,0,0,0,0,1,200,0,70
1,1512,0,0,0,0,0,0,2,200,0,70
1,1513,0,0,0,0,0,0,1,200,1,70
1,1513,0,0,0,0,0,0,2,200,1,70
1,1514,0,0,0,0,0,0,1,200,2,70
1,1514,0,0,0,0,0,0,2,200,2,70
1,1515,0,0,0,0,0,0,1,200,3,70
1,1515,0,0,0,0,0,0,2,200,3,70
1,1516,0,0,0,0,0,0,1,200,4,70
1,1516,0,0,0,0,0,0,2,200,4,70
1,1517,0,0,0,0,0,0,1,200,5,70
1,1517,0,0,0,0,0,0,2,200,5,70
1,1518,0,0,0,0,0,0,1,200,6,70
1,1518,0,0,0,0,0,0,2,200,6,70
1,1519,0,0,0,0,0,0,1,200,7,70
1,1519,0,0,0,0,0,0,2,200,7,70
1,1520,0,0,0,0,0,0,1,200,8,70
1,1520,0,0,0,0,0,0,2,200,8,70
1,1521,0,0,0,0,0,0,1,200,9,70
1,1521,0,0,0,0,0,0,2,200,9,70
1,1522,0,0,0,0,0,0,1,200,10,70
1,1522,0,0,0,0,0,0,2,200,10,70
1,1523,0,0,0,0,0,0,1,200,11,70
1,1523,0,0,0,0,0,0,2,200,11,70
1,1524,0,0,0,0,0,0,1,200,12,70
1,1524,0,0,0,0,0,0,2,200,12,70
1,1525,0,0,0,0,0,0,1,200,13,70
1,1525,0,0,0,0,0,0,2,200,13,70
1,1526,0,0,0,0,0,0,1,200,14,70
1,1526,0,0,0,0,0,0,2,200,14,70
1,1527,0,0,0,0,0,0,1,200,15,70
1,1527,0,0,0,0,0,0,2,200,15,70
1,1528,0,0,0,0,0,0,1,200,16,70
1,1528,0,0,0,0,0,0,2,200,16,70
1,1529,0,0,0,0,0,0,1,200,17,70
1,1529,0,0,0,0,0,0,2,200,17,70
1,1530,0,0,0,0,0,0,1,200,18,70
1,1530,0,0,0,0,0,0,2,200,18,70
1,1531,0,0,0,0,0,0,1,200,19,70
1,1531,0,0,0,0,0,0,2,200,19,70
1,1532,0,0,0,0,0,0,1,200,20,70
1,1532,0,0,0,0,0,0,2,200,20,70
1,1533,0,0,0,0,0,0,1,200,21,70
1,1533,0,0,0,0,0,0,2,200,21,70
1,1534,0,0,0,0,0,0,1,200,22,70
1,1534,0,0,0,0,0,0,2,200,22,70
1,1535,0,0,0,0,0,0,1,200,23,70
1,1535,0,0,0,0,0,0,2,200,23,70
1,1536,0,0,0,0,0,0,1,200,0,70
1,1536,0,0,0,0,0,0,2,200,0,70
1,1537,0,0,0,0,0,0,1,200,1,70
1,1537,0,0,0,0,0,0,2,200,1,70
1,1538,0,0,0,0,0,0,1,200,2,70
1,1538,0,0,0,0,0,0,2,200,2,70
1,1539,0,0,0,0,0,0,1,200,3,70
1,1539,0,0,0,0,0,0,2,200,3,70
1,1540,0,0,0,0,0,0,1,200,4,70
1,1540,0,0,0,0,0,0,2,200,4,70
1,1541,0,0,0,0,0,0,1,200,5,70
1,1541,0,0,0,0,0,0,2,200,5,70
1,1542,0,0,0,0,0,0,1,200,6,70
1,1542,0,0,0,0,0,0,2,200,6,70
1,1543,0,0,0,0,0,0,1,200,7,70
1,1543,0,0,0,0,0,0,2,200,7,70
1,1544,0,0,0,0,0,0,1,200,8,70
1,1544,0,0,0,0,0,0,2,200,8,70
1,1545,0,0,0,0,0,0,1,200,9,70
1,1545,0,0,0,0,0,0,2,200,9,70
1,1546,0,0,0,0,0,0,1,200,10,70
1,1546,0,0,0,0,0,0,2,200,10,70
1,1547,0,0,0,0,0,0,1,200,11,70
1,1547,0,0,0,0,0,0,2,200,11,70
1,1548,0,0,0,0,0,0,1,200,12,70
1,1548,0,0,0,0,0,0,2,200,12,70
1,1549,0,0,0,0,0,0,1,200,13,70
1,1549,0,0,0,0,0,0,2,200,13,70
1,1550,0,0,0,0,0,0,1,200,14,70
1,1550,0,0,0,0,0,0,2,200,14,70
1,1551,0,0,0,0,0,0,1,200,15,70
1,1551,0,0,0,0,0,0,2,200,15,70
1,1552,0,0,0,0,0,0,1,200,16,70
1,1552,0,0,0,0,0,0,2,200,16,70
1,1553,0,0,0,0,0,0,1,200,17,70
1,1553,0,0,0,0,0,0,2,200,17,70
1,1554,0,0,0,0,0,0,1,200,18,70
1,1554,0,0,0,0,0,0,2,200,18,70
1,1555,0,0,0,0,0,0,1,200,19,70
1,1555,0,0,0,0,0,0,2,200,19,70
1,1556,0,0,0,0,0,0,1,200,20,70
1,1556,0,0,0,0,0,0,2,200,20,70
1,1557,0,0,0,0,0,0,1,200,21,70
1,1557,0,0,0,0,0,0,2,200,21,70
1,1558,0,0,0,0,0,0,1,200,22,70
1,1558,0,0,0,0,0,0,2,200,22,70
1,1559,0,0,0,0,0,0,1,200,23,70
1,1559,0,0,0,0,0,0,2,200,23,70
1,1560,0,0,0,0,0,0,1,200,0,70
1,1560,0,0,0,0,0,0,2,200,0,70
1,1561,0,0,0,0,0,0,1,200,1,70
1,1561,0,0,0,0,0,0,2,200,1,70
1,1562,0,0,0,0,0,0,1,200,2,70
1,1562,0,0,0,0,0,0,2,200,2,70
1,1563,0,0,0,0,0,0,1,200,3,70
1,1563,0,0,0,0,0,0,2,200,3,70
1,1564,0,0,0,0,0,0,1,200,4,70
1,1564,0,0,0,0,0,0,2,200,4,70
1,1565,0,0,0,0,0,0,1,200,5,70
1,1565,0,0,0,0,0,0,2,200,5,70
1,1566,0,0,0,0,0,0,1,200,6,70
1,1566,0,0,0,0,0,0,2,200,6,70
1,1567,0,0,0,0,0,0,1,200,7,70
1,1567,0,0,0,0,0,0,2,200,7,70
1,1568,0,0,0,0,0,0,1,200,8,70
1,1568,0,0,0,0,0,0,2,200,8,70
1,1569,0,0,0,0,0,0,1,200,9,70
1,1569,0,0,0,0,0,0,2,200,9,70
1,1570,0,0,0,0,0,0,1,200,10,70
1,1570,0,0,0,0,0,0,2,200,10,70
1,1571,0,0,0,0,0,0,1,200,11,70
1,1571,0,0,0,0,0,0,2,200,11,70
1,1572,0,0,0,0,0,0,1,200,12,70
1,1572,0,0,0,0,0,0,2,200,12,70
1,1573,0,0,0,0,0,0,1,200,13,70
1,1573,0,0,0,0,0,0,2,200,13,70
1,1574,0,0,0,0,0,0,1,200,14,70
1,1574,0,0,0,0,0,0,2,200,14,70
1,1575,0,0,0,0,0,0,1,200,15,70
1,1575,0,0,0,0,0,0,2,200,15,70
1,1576,0,0,0,0,0,0,1,200,16,70
1,1576,0,0,0,0,0,0,2,200,16,70
1,1577,0,0,0,0,0,0,1,200,17,70
1,1577,0,0,0,0,0,0,2,200,17,70
1,1578,0,0,0,0,0,0,1,200,18,70
1,1578,0,0,0,0,0,0,2,200,18,70
1,1579,0,0,0,0,0,0,1,200,19,70
1,1579,0,0,0,0,0,0,2,200,19,70
1,1580,0,0,0,0,0,0,1,200,20,70
1,1580,0,0,0,0,0,0,2,200,20,70
1,1581,0,0,0,0,0,0,1,200,21,70
1,1581,0,0,0,0,0,0,2,200,21,70
1,1582,0,0,0,0,0,0,1,200,22,70
1,1582,0,0,0,0,0,0,2,200,22,70
1,1583,0,0,0,0,0,0,1,200,23,70
1,1583,0,0,0,0,0,0,2,200,23,70
1,1584,0,0,0,0,0,0,1,200,0,70
1,1584,0,0,0,0,0,0,2,200,0,70
1,1585,0,0,0,0,0,0,1,200,1,70
1,1585,0,0,0,0,0,0,2,200,1,70
1,1586,0,0,0,0,0,0,1,200,2,70
1,1586,0,0,0,0,0,0,2,200,2,70
1,1587,0,0,0,0,0,0,1,200,3,70
1,1587,0,0,0,0,0,0,2,200,3,70
1,1588,0,0,0,0,0,0,1,200,4,70
1,1588,0,0,0,0,0,0,2,200,4,70
1,1589,0,0,0,0,0,0,1,200,5,70
1,1589,0,0,0,0,0,0,2,200,5,70
1,1590,0,0,0,0,0,0,1,200,6,70
1,1590,0,0,0,0,0,0,2,200,6,70
1,1591,0,0,0,0,0,0,1,200,7,70
1,1591,0,0,0,0,0,0,2,200,7,70
1,1592,0,0,0,0,0,0,1,200,8,70
1,1592,0,0,0,0,0,0,2,200,8,70
1,1593,0,0,0,0,0,0,1,200,9,70
1,1593,0,0,0,0,0,0,2,200,9,70
1,1594,0,0,0,0,0,0,1,200,10,70
1,1594,0,0,0,0,0,0,2,200,10,70
1,1595,0,0,0,0,0,0,1,200,11,70
1,1595,0,0,0,0,0,0,2,200,11,70
1,1596,0,0,0,0,0,0,1,200,12,70
1,1596,0,0,0,0,0,0,2,200,12,70
1,1597,0,0,0,0,0,0,1,200,13,70
1,1597,0,0,0,0,0,0,2,200,13,70
1,1598,0,0,0,0,0,0,1,200,14,70
1,1598,0,0,0,0,0,0,2,200,14,70
1,1599,0,0,0,0,0,0,1,200,15,70
1,1599,0,0,0,0,0,0,2,200,15,70
1,1600,0,0,0,0,0,0,1,200,16,70
1,1600,0,0,0,0,0,0,2,200,16,70
1,1601,0,0,0,0,0,0,1,200,17,70
1,1601,0,0,0,0,0,0,2,200,17,70
1,1602,0,0,0,0,0,0,1,200,18,70
1,1602,0,0,0,0,0,0,2,200,18,70
1,1603,0,0,0,0,0,0,1,200,19,70
1,1603,0,0,0,0,0,0,2,200,19,70
1,1604,0,0,0,0,0,0,1,200,20,70
1,1604,0,0,0,0,0,0,2,200,20,70
1,1605,0,0,0,0,0,0,1,200,21,70
1,1605,0,0,0,0,0,0,2,200,21,70
1,1606,0,0,0,0,0,0,1,200,22,70
1,1606,0,0,0,0,0,0,2,200,22,70
1,1607,0,0,0,0,0,0,1,200,23,70
1,1607,0,0,0,0,0,0,2,200,23,70
1,1608,0,0,0,0,0,0,1,200,0,70
1,1608,0,0,0,0,0,0,2,200,0,70
1,1609,0,0,0,0,0,0,1,200,1,70
1,1609,0,0,0,0,0,0,2,200,1,70
1,1610,0,0,0,0,0,0,1,200,2,70
1,1610,0,0,0,0,0,0,2,200,2,70
1,1611,0,0,0,0,0,0,1,200,3,70
1,1611,0,0,0,0,0,0,2,200,3,70
1,1612,0,0,0,0,0,0,1,200,4,70
1,1612,0,0,0,0,0,0,2,200,4,70
1,1613,0,0,0,0,0,0,1,200,5,70
1,1613,0,0,0,0,0,0,2,200,5,70
1,1614,0,0,0,0,0,0,1,200,6,70
1,1614,0,0,0,0,0,0,2,200,6,70
1,1615,0,0,0,0,0,0,1,200,7,70
1,1615,0,0,0,0,0,0,2,200,7,70
1,1616,0,0,0,0,0,0,1,200,8,70
1,1616,0,0,0,0,0,0,2,200,8,70
1,1617,0,0,0,0,0,0,1,200,9,70
1,1617,0,0,0,0,0,0,2,200,9,70
1,1618,0,0,0,0,0,0,1,200,10,70
1,1618,0,0,0,0,0,0,2,200,10,70
1,1619,0,0,0,0,0,0,1,200,11,70
1,1619,0,0,0,0,0,0,2,200,11,70
1,1620,0,0,0,0,0,0,1,200,12,70
1,1620,0,0,0,0,0,0,2,200,12,70
1,1621,0,0,0,0,0,0,1,200,13,70
1,1621,0,0,0,0,0,0,2,200,13,70
1,1622,0,0,0,0,0,0,1,200,14,70
1,1622,0,0,0,0,0,0,2,200,14,70
1,1623,0,0,0,0,0,0,1,200,15,70
1,1623,0,0,0,0,0,0,2,200,15,70
1,1624,0,0,0,0,0,0,1,200,16,70
1,1624,0,0,0,0,0,0,2,200,16,70
1,1625,0,0,0,0,0,0,1,200,17,70
1,1625,0,0,0,0,0,0,2,200,17,70
1,1626,0,0,0,0,0,0,1,200,18,70
1,1626,0,0,0,0,0,0,2,200,18,70
1,1627,0,0,0,0,0,0,1,200,19,70
1,1627,0,0,0,0,0,0,2,200,19,70
1,1628,0,0,0,0,0,0,1,200,20,70
1,1628,0,0,0,0,0,0,2,200,20,70
1,1629,0,0,0,0,0,0,1,200,21,70
1,1629,0,0,0,0,0,0,2,200,21,70
1,1630,0,0,0,0,0,0,1,200,22,70
1,1630,0,0,0,0,0,0,2,200,22,70
1,1631,0,0,0,0,0,0,1,200,23,70
1,1631,0,0,0,0,0,0,2,200,23,70
1,1632,0,0,0,0,0,0,1,200,0,70
1,1632,0,0,0,0,0,0,2,200,0,70
1,1633,0,0,0,0,0,0,1,200,1,70
1,1633,0,0,0,0,0,0,2,200,1,70
1,1634,0,0,0,0,0,0,1,200,2,70
1,1634,0,0,0,0,0,0,2,200,2,70
1,1635,0,0,0,0,0,0,1,200,3,70
1,1635,0,0,0,0,0,0,2,200,3,70
1,1636,0,0,0,0,0,0,1,200,4,70
1,1636,0,0,0,0,0,0,2,200,4,70
1,1637,0,0,0,0,0,0,1,200,5,70
1,1637,0,0,0,0,0,0,2,200,5,70
1,1638,0,0,0,0,0,0,1,200,6,70
1,1638,0,0,0,0,0,0,2,200,6,70
1,1639,0,0,0,0,0,0,1,200,7,70
1,1639,0,0,0,0,0,0,2,200,7,70
1,1640,0,0,0,0,0,0,1,200,8,70
1,1640,0,0,0,0,0,0,2,200,8,70
1,1641,0,0,0,0,0,0,1,200,9,70
1,1641,0,0,0,0,0,0,2,200,9,70
1,1642,0,0,0,0,0,0,1,200,10,70
1,1642,0,0,0,0,0,0,2,200,10,70
1,1643,0,0,0,0,0,0,1,200,11,70
1,1643,0,0,0,0,0,0,2,200,11,70
1,1644,0,0,0,0,0,0,1,200,12,70
1,1644,0,0,0,0,0,0,2,200,12,70
1,1645,0,0,0,0,0,0,1,200,13,70
1,1645,0,0,0,0,0,0,2,200,13,70
1,1646,0,0,0,0,0,0,1,200,14,70
1,1646,0,0,0,0,0,0,2,200,14,70
1,1647,0,0,0,0,0,0,1,200,15,70
1,1647,0,0,0,0,0,0,2,200,15,70
1,1648,0,0,0,0,0,0,1,200,16,70
1,1648,0,0,0,0,0,0,2,200,16,70
1,1649,0,0,0,0,0,0,1,200,17,70
1,1649,0,0,0,0,0,0,2,200,17,70
1,1650,0,0,0,0,0,0,1,200,18,70
1,1650,0,0,0,0,0,0,2,200,18,70
1,1651,0,0,0,0,0,0,1,200,19,70
1,1651,0,0,0,0,0,0,2,200,19,70
1,1652,0,0,0,0,0,0,1,200,20,70
1,1652,0,0,0,0,0,0,2,200,20,70
1,1653,0,0,0,0,0,0,1,200,21,70
1,1653,0,0,0,0,0,0,2,200,21,70
1,1654,0,0,0,0,0,0,1,200,22,70
1,1654,0,0,0,0,0,0,2,200,22,70
1,1655,0,0,0,0,0,0,1,200,23,70
1,1655,0,0,0,0,0,0,2,200,23,70
1,1656,0,0,0,0,0,0,1,200,0,70
1,1656,0,0,0,0,0,0,2,200,0,70
1,1657,0,0,0,0,0,0,1,200,1,70
1,1657,0,0,0,0,0,0,2,200,1,70
1,1658,0,0,0,0,0,0,1,200,2,70
1,1658,0,0,0,0,0,0,2,200,2,70
1,1659,0,0,0,0,0,0,1,200,3,70
1,1659,0,0,0,0,0,0,2,200,3,70
1,1660,0,0,0,0,0,0,1,200,4,70
1,1660,0,0,0,0,0,0,2,200,4,70
1,1661,0,0,0,0,0,0,1,200,5,70
1,1661,0,0,0,0,0,0,2,200,5,70
1,1662,0,0,0,0,0,0,1,200,6,70
1,1662,0,0,0,0,0,0,2,200,6,70
1,1663,0,0,0,0,0,0,1,200,7,70
1,1663,0,0,0,0,0,0,2,200,7,70
1,1664,0,0,0,0,0,0,1,200,8,70
1,1664,0,0,0,0,0,0,2,200,8,70
1,1665,0,0,0,0,0,0,1,200,9,70
1,1665,0,0,0,0,0,0,2,200,9,70
1,1666,0,0,0,0,0,0,1,200,10,70
1,1666,0,0,0,0,0,0,2,200,10,70
1,1667,0,0,0,0,0,0,1,200,11,70
1,1667,0,0,0,0,0,0,2,200,11,70
1,1668,0,0,0,0,0,0,1,200,12,70
1,1668,0,0,0,0,0,0,2,200,12,70
1,1669,0,0,0,0,0,0,1,200,13,70
1,1669,0,0,0,0,0,0,2,200,13,70
1,1670,0,0,0,0,0,0,1,200,14,70
1,1670,0,0,0,0,0,0,2,200,14,70
1,1671,0,0,0,0,0,0,1,200,15,70
1,1671,0,0,0,0,0,0,2,200,15,70
1,1672,0,0,0,0,0,0,1,200,16,70
1,1672,0,0,0,0,0,0,2,200,16,70
1,1673,0,0,0,0,0,0,1,200,17,70
1,1673,0,0,0,0,0,0,2,200,17,70
1,1674,0,0,0,0,0,0,1,200,18,70
1,1674,0,0,0,0,0,0,2,200,18,70
1,1675,0,0,0,0,0,0,1,200,19,70
1,1675,0,0,0,0,0,0,2,200,19,70
1,1676,0,0,0,0,0,0,1,200,20,70
1,1676,0,0,0,0,0,0,2,200,20,70
1,1677,0,0,0,0,0,0,1,200,21,70
1,1677,0,0,0,0,0,0,2,200,21,70
1,1678,0,0,0,0,0,0,1,200,22,70
1,1678,0,0,0,0,0,0,2,200,22,70
1,1679,0,0,0,0,0,0,1,200,23,70
1,1679,0,0,0,0,0,0,2,200,23,70
1,1680,0,0,0,0,0,0,1,200,0,70
1,1680,0,0,0,0,0,0,2,200,0,70
1,1681,0,0,0,0,0,0,1,200,1,70
1,1681,0,0,0,0,0,0,2,200,1,70
1,1682,0,0,0,0,0,0,1,200,2,70
1,1682,0,0,0,0,0,0,2,200,2,70
1,1683,0,0,0,0,0,0,1,200,3,70
1,1683,0,0,0,0,0,0,2,200,3,70
1,1684,0,0,0,0,0,0,1,200,4,70
1,1684,0,0,0,0,0,0,2,200,4,70
1,1685,0,0,0,0,0,0,1,200,5,70
1,1685,0,0,0,0,0,0,2,200,5,70
1,1686,0,0,0,0,0,0,1,200,6,70
1,1686,0,0,0,0,0,0,2,200,6,70
1,1687,0,0,0,0,0,0,1,200,7,70
1,1687,0,0,0,0,0,0,2,200,7,70
1,1688,0,0,0,0,0,0,1,200,8,70
1,1688,0,0,0,0,0,0,2,200,8,70
1,1689,0,0,0,0,0,0,1,200,9,70
1,1689,0,0,0,0,0,0,2,200,9,70
1,1690,0,0,0,0,0,0,1,200,10,70
1,1690,0,0,0,0,0,0,2,200,10,70
1,1691,0,0,0,0,0,0,1,200,11,70
1,1691,0,0,0,0,0,0,2,200,11,70
1,1692,0,0,0,0,0,0,1,200,12,70
1,1692,0,0,0,0,0,0,2,200,12,70
1,1693,0,0,0,0,0,0,1,200,13,70
1,1693,0,0,0,0,0,0,2,200,13,70
1,1694,0,0,0,0,0,0,1,200,14,70
1,1694,0,0,0,0,0,0,2,200,14,70
1,1695,0,0,0,0,0,0,1,200,15,70
1,1695,0,0,0,0,0,0,2,200,15,70
1,1696,0,0,0,0,0,0,1,200,16,70
1,1696,0,0,0,0,0,0,2,200,16,70
1,1697,0,0,0,0,0,0,1,200,17,70
1,1697,0,0,0,0,0,0,2,200,17,70
1,1698,0,0,0,0,0,0,1,200,18,70
1,1698,0,0,0,0,0,0,2,200,18,70
1,1699,0,0,0,0,0,0,1,200,19,70
1,1699,0,0,0,0,0,0,2,200,19,70
1,1700,0,0,0,0,0,0,1,200,20,70
1,1700,0,0,0,0,0,0,2,200,20,70
1,1701,0,0,0,0,0,0,1,200,21,70
1,1701,0,0,0,0,0,0,2,200,21,70
1,1702,0,0,0,0,0,0,1,200,22,70
1,1702,0,0,0,0,0,0,2,200,22,70
1,1703,0,0,0,0,0,0,1,200,23,70
1,1703,0,0,0,0,0,0,2,200,23,70
1,1704,0,0,0,0,0,0,1,200,0,70
1,1704,0,0,0,0,0,0,2,200,0,70
1,1705,0,0,0,0,0,0,1,200,1,70
1,1705,0,0,0,0,0,0,2,200,1,70
1,1706,0,0,0,0,0,0,1,200,2,70
1,1706,0,0,0,0,0,0,2,200,2,70
1,1707,0,0,0,0,0,0,1,200,3,70
1,1707,0,0,0,0,0,0,2,200,3,70
1,1708,0,0,0,0,0,0,1,200,4,70
1,1708,0,0,0,0,0,0,2,200,4,70
1,1709,0,0,0,0,0,0,1,200,5,70
1,1709,0,0,0,0,0,0,2,200,5,70
1,1710,0,0,0,0,0,0,1,200,6,70
1,1710,0,0,0,0,0,0,2,200,6,70
1,1711,0,0,0,0,0,0,1,200,7,70
1,1711,0,0,0,0,0,0,2,200,7,70
1,1712,0,0,0,0,0,0,1,200,8,70
1,1712,0,0,0,0,0,0,2,200,8,70
1,1713,0,0,0,0,0,0,1,200,9,70
1,1713,0,0,0,0,0,0,2,200,9,70
1,1714,0,0,0,0,0,0,1,200,10,70
1,1714,0,0,0,0,0,0,2,200,10,70
1,1715,0,0,0,0,0,0,1,200,11,70
1,1715,0,0,0,0,0,0,2,200,11,70
1,1716,0,0,0,0,0,0,1,200,12,70
1,1716,0,0,0,0,0,0,2,200,12,70
1,1717,0,0,0,0,0,0,1,200,13,70
1,1717,0,0,0,0,0,0,2,200,13,70
1,1718,0,0,0,0,0,0,1,200,14,70
1,1718,0,0,0,0,0,0,2,200,14,70
1,1719,0,0,0,0,0,0,1,200,15,70
1,1719,0,0,0,0,0,0,2,200,15,70
1,1720,0,0,0,0,0,0,1,200,16,70
1,1720,0,0,0,0,0,0,2,200,16,70
1,1721,0,0,0,0,0,0,1,200,17,70
1,1721,0,0,0,0,0,0,2,200,17,70
1,1722,0,0,0,0,0,0,1,200,18,70
1,1722,0,0,0,0,0,0,2,200,18,70
1,1723,0,0,0,0,0,0,1,200,19,70
1,1723,0,0,0,0,0,0,2,200,19,70
1,1724,0,0,0,0,0,0,1,200,20,70
1,1724,0,0,0,0,0,0,2,200,20,70
1,1725,0,0,0,0,0,0,1,200,21,70
1,1725,0,0,0,0,0,0,2,200,21,70
1,1726,0,0,0,0,0,0,1,200,22,70
1,1726,0,0,0,0,0,0,2,200,22,70
1,1727,0,0,0,0,0,0,1,200,23,70
1,1727,0,0,0,0,0,0,2,200,23,70
1,1728,0,0,0,0,0,0,1,200,0,70
1,1728,0,0,0,0,0,0,2,200,0,70
1,1729,0,0,0,0,0,0,1,200,1,70
1,1729,0,0,0,0,0,0,2,200,1,70
1,1730,0,0,0,0,0,0,1,200,2,70
1,1730,0,0,0,0,0,0,2,200,2,70
1,1731,0,0,0,0,0,0,1,200,3,70
1,1731,0,0,0,0,0,0,2,200,3,70
1,1732,0,0,0,0,0,0,1,200,4,70
1,1732,0,0,0,0,0,0,2,200,4,70
1,1733,0,0,0,0,0,0,1,200,5,70
1,1733,0,0,0,0,0,0,2,200,5,70
1,1734,0,0,0,0,0,0,1,200,6,70
1,1734,0,0,0,0,0,0,2,200,6,70
1,1735,0,0,0,0,0,0,1,200,7,70
1,1735,0,0,0,0,0,0,2,200,7,70
1,1736,0,0,0,0,0,0,1,200,8,70
1,1736,0,0,0,0,0,0,2,200,8,70
1,1737,0,0,0,0,0,0,1,200,9,70
1,1737,0,0,0,0,0,0,2,200,9,70
1,1738,0,0,0,0,0,0,1,200,10,70
1,1738,0,0,0,0,0,0,2,200,10,70
1,1739,0,0,0,0,0,0,1,200,11,70
1,1739,0,0,0,0,0,0,2,200,11,70
1,1740,0,0,0,0,0,0,1,200,12,70
1,1740,0,0,0,0,0,0,2,200,12,70
1,1741,0,0,0,0,0,0,1,200,13,70
1,1741,0,0,0,0,0,0,2,200,13,70
1,1742,0,0,0,0,0,0,1,200,14,70
1,1742,0,0,0,0,0,0,2,200,14,70
1,1743,0,0,0,0,0,0,1,200,15,70
1,1743,0,0,0,0,0,0,2,200,15,70
1,1744,0,0,0,0,0,0,1,200,16,70
1,1744,0,0,0,0,0,0,2,200,16,70
1,1745,0,0,0,0,0,0,1,200,17,70
1,1745,0,0,0,0,0,0,2,200,17,70
1,1746,0,0,0,0,0,0,1,200,18,70
1,1746,0,0,0,0,0,0,2,200,18,70
1,1747,0,0,0,0,0,0,1,200,19,70
1,1747,0,0,0,0,0,0,2,200,19,70
1,1748,0,0,0,0,0,0,1,200,20,70
1,1748,0,0,0,0,0,0,2,200,20,70
1,1749,0,0,0,0,0,0,1,200,21,70
1,1749,0,0,0,0,0,0,2,200,21,70
1,1750,0,0,0,0,0,0,1,200,22,70
1,1750,0,0,0,0,0,0,2,200,22,70
1,1751,0,0,0,0,0,0,1,200,23,70
1,1751,0,0,0,0,0,0,2,200,23,70
1,1752,0,0,0,0,0,0,1,200,0,70
1,1752,0,0,0,0,0,0,2,200,0,70
1,1753,0,0,0,0,0,0,1,200,1,70
1,1753,0,0,0,0,0,0,2,200,1,70
1,1754,0,0,0,0,0,0,1,200,2,70
1,1754,0,0,0,0,0,0,2,200,2,70
1,1755,0,0,0,0,0,0,1,200,3,70
1,1755,0,0,0,0,0,0,2,200,3,70
1,1756,0,0,0,0,0,0,1,200,4,70
1,1756,0,0,0,0,0,0,2,200,4,70
1,1757,0,0,0,0,0,0,1,200,5,70
1,1757,0,0,0,0,0,0,2,200,5,70
1,1758,0,0,0,0,0,0,1,200,6,70
1,1758,0,0,0,0,0,0,2,200,6,70
1,1759,0,0,0,0,0,0,1,200,7,70
1,1759,0,0,0,0,0,0,2,200,7,70
1,1760,0,0,0,0,0,0,1,200,8,70
1,1760,0,0,0,0,0,0,2,200,8,70
1,1761,0,0,0,0,0,0,1,200,9,70
1,1761,0,0,0,0,0,0,2,200,9,70
1,1762,0,0,0,0,0,0,1,200,10,70
1,1762,0,0,0,0,0,0,2,200,10,70
1,1763,0,0,0,0,0,0,1,200,11,70
1,1763,0,0,0,0,0,0,2,200,11,70
1,1764,0,0,0,0,0,0,1,200,12,70
1,1764,0,0,0,0,0,0,2,200,12,70
1,1765,0,0,0,0,0,0,1,200,13,70
1,1765,0,0,0,0,0,0,2,200,13,70
1,1766,0,0,0,0,0,0,1,200,14,70
1,1766,0,0,0,0,0,0,2,200,14,70
1,1767,0,0,0,0,0,0,1,200,15,70
1,1767,0,0,0,0,0,0,2,200,15,70
1,1768,0,0,0,0,0,0,1,200,16,70
1,1768,0,0,0,0,0,0,2,200,16,70
1,1769,0,0,0,0,0,0,1,200,17,70
1,1769,0,0,0,0,0,0,2,200,17,70
1,1770,0,0,0,0,0,0,1,200,18,70
1,1770,0,0,0,0,0,0,2,200,18,70
1,1771,0,0,0,0,0,0,1,200,19,70
1,1771,0,0,0,0,0,0,2,200,19,70
1,1772,0,0,0,0,0,0,1,200,20,70
1,1772,0,0,0,0,0,0,2,200,20,70
1,1773,0,0,0,0,0,0,1,200,21,70
1,1773,0,0,0,0,0,0,2,200,21,70
1,1774,0,0,0,0,0,0,1,200,22,70
1,1774,0,0,0,0,0,0,2,200,22,70
1,1775,0,0,0,0,0,0,1,200,23,70
1,1775,0,0,0,0,0,0,2,200,23,70
1,1776,0,0,0,0,0,0,1,200,0,70
1,1776,0,0,0,0,0,0,2,200,0,70
1,1777,0,0,0,0,0,0,1,200,1,70
1,1777,0,0,0,0,0,0,2,200,1,70
1,1778,0,0,0,0,0,0,1,200,2,70
1,1778,0,0,0,0,0,0,2,200,2,70
1,1779,0,0,0,0,0,0,1,200,3,70
1,1779,0,0,0,0,0,0,2,200,3,70
1,1780,0,0,0,0,0,0,1,200,4,70
1,1780,0,0,0,0,0,0,2,200,4,70
1,1781,0,0,0,0,0,0,1,200,5,70
1,1781,0,0,0,0,0,0,2,200,5,70
1,1782,0,0,0,0,0,0,1,200,6,70
1,1782,0,0,0,0,0,0,2,200,6,70
1,1783,0,0,0,0,0,0,1,200,7,70
1,1783,0,0,0,0,0,0,2,200,7,70
1,1784,0,0,0,0,0,0,1,200,8,70
1,1784,0,0,0,0,0,0,2,200,8,70
1,1785,0,0,0,0,0,0,1,200,9,70
1,1785,0,0,0,0,0,0,2,200,9,70
1,1786,0,0,0,0,0,0,1,200,10,70
1,1786,0,0,0,0,0,0,2,200,10,70
1,1787,0,0,0,0,0,0,1,200,11,70
1,1787,0,0,0,0,0,0,2,200,11,70
1,1788,0,0,0,0,0,0,1,200,12,70
1,1788,0,0,0,0,0,0,2,200,12,70
1,1789,0,0,0,0,0,0,1,200,13,70
1,1789,0,0,0,0,0,0,2,200,13,70
1,1790,0,0,0,0,0,0,1,200,14,70
1,1790,0,0,0,0,0,0,2,200,14,70
1,1791,0,0,0,0,0,0,1,200,15,70
1,1791,0,0,0,0,0,0,2,200,15,70
1,1792,0,0,0,0,0,0,1,200,16,70
1,1792,0,0,0,0,0,0,2,200,16,70
1,1793,0,0,0,0,0,0,1,200,17,70
1,1793,0,0,0,0,0,0,2,200,17,70
1,1794,0,0,0,0,0,0,1,200,18,70
1,1794,0,0,0,0,0,0,2,200,18,70
1,1795,0,0,0,0,0,0,1,200,19,70
1,1795,0,0,0,0,0,0,2,200,19,70
1,1796,0,0,0,0,0,0,1,200,20,70
1,1796,0,0,0,0,0,0,2,200,20,70
1,1797,0,0,0,0,0,0,1,200,21,70
1,1797,0,0,0,0,0,0,2,200,21,70
1,1798,0,0,0,0,0,0,1,200,22,70
1,1798,0,0,0,0,0,0,2,200,22,70
1,1799,0,0,0,0,0,0,1,200,23,70
1,1799,0,0,0,0,0,0,2,200,23,70
1,1800,0,0,0,0,0,0,1,200,0,70
1,1800,0,0,0,0,0,0,2,200,0,70
1,1801,0,0,0,0,0,0,1,200,1,70
1,1801,0,0,0,0,0,0,2,200,1,70
1,1802,0,0,0,0,0,0,1,200,2,70
1,1802,0,0,0,0,0,0,2,200,2,70
1,1803,0,0,0,0,0,0,1,200,3,70
1,1803,0,0,0,0,0,0,2,200,3,70
1,1804,0,0,0,0,0,0,1,200,4,70
1,1804,0,0,0,0,0,0,2,200,4,70
1,1805,0,0,0,0,0,0,1,200,5,70
1,1805,0,0,0,0,0,0,2,200,5,70
1,1806,0,0,0,0,0,0,1,200,6,70
1,1806,0,0,0,0,0,0,2,200,6,70
1,1807,0,0,0,0,0,0,1,200,7,70
1,1807,0,0,0,0,0,0,2,200,7,70
1,1808,0,0,0,0,0,0,1,200,8,70
1,1808,0,0,0,0,0,0,2,200,8,70
1,1809,0,0,0,0,0,0,1,200,9,70
1,1809,0,0,0,0,0,0,2,200,9,70
1,1810,0,0,0,0,0,0,1,200,10,70
1,1810,0,0,0,0,0,0,2,200,10,70
1,1811,0,0,0,0,0,0,1,200,11,70
1,1811,0,0,0,0,0,0,2,200,11,70
1,1812,0,0,0,0,0,0,1,200,12,70
1,1812,0,0,0,0,0,0,2,200,12,70
1,1813,0,0,0,0,0,0,1,200,13,70
1,1813,0,0,0,0,0,0,2,200,13,70
1,1814,0,0,0,0,0,0,1,200,14,70
1,1814,0,0,0,0,0,0,2,200,14,70
1,1815,0,0,0,0,0,0,1,200,15,70
1,1815,0,0,0,0,0,0,2,200,15,70
1,1816,0,0,0,0,0,0,1,200,16,70
1,1816,0,0,0,0,0,0,2,200,16,70
1,1817,0,0,0,0,0,0,1,200,17,70
1,1817,0,0,0,0,0,0,2,200,17,70
1,1818,0,0,0,0,0,0,1,200,18,70
1,1818,0,0,0,0,0,0,2,200,18,70
1,1819,0,0,0,0,0,0,1,200,19,70
1,1819,0,0,0,0,0,0,2,200,19,70
1,1820,0,0,0,0,0,0,1,200,20,70
1,1820,0,0,0,0,0,0,2,200,20,70
1,1821,0,0,0,0,0,0,1,200,21,70
1,1821,0,0,0,0,0,0,2,200,21,70
1,1822,0,0,0,0,0,0,1,200,22,70
1,1822,0,0,0,0,0,0,2,200,22,70
1,1823,0,0,0,0,0,0,1,200,23,70
1,1823,0,0,0,0,0,0,2,200,23,70
1,1824,0,0,0,0,0,0,1,200,0,70
1,1824,0,0,0,0,0,0,2,200,0,70
1,1825,0,0,0,0,0,0,1,200,1,70
1,1825,0,0,0,0,0,0,2,200,1,70
1,1826,0,0,0,0,0,0,1,200,2,70
1,1826,0,0,0,0,0,0,2,200,2,70
1,1827,0,0,0,0,0,0,1,200,3,70
1,1827,0,0,0,0,0,0,2,200,3,70
1,1828,0,0,0,0,0,0,1,200,4,70
1,1828,0,0,0,0,0,0,2,200,4,70
1,1829,0,0,0,0,0,0,1,200,5,70
1,1829,0,0,0,0,0,0,2,200,5,70
1,1830,0,0,0,0,0,0,1,200,6,70
1,1830,0,0,0,0,0,0,2,200,6,70
1,1831,0,0,0,0,0,0,1,200,7,70
1,1831,0,0,0,0,0,0,2,200,7,70
1,1832,0,0,0,0,0,0,1,200,8,70
1,1832,0,0,0,0,0,0,2,200,8,70
1,1833,0,0,0,0,0,0,1,200,9,70
1,1833,0,0,0,0,0,0,2,200,9,70
1,1834,0,0,0,0,0,0,1,200,10,70
1,1834,0,0,0,0,0,0,2,200,10,70
1,1835,0,0,0,0,0,0,1,200,11,70
1,1835,0,0,0,0,0,0,2,200,11,70
1,1836,0,0,0,0,0,0,1,200,12,70
1,1836,0,0,0,0,0,0,2,200,12,70
1,1837,0,0,0,0,0,0,1,200,13,70
1,1837,0,0,0,0,0,0,2,200,13,70
1,1838,0,0,0,0,0,0,1,200,14,70
1,1838,0,0,0,0,0,0,2,200,14,70
1,1839,0,0,0,0,0,0,1,200,15,70
1,1839,0,0,0,0,0,0,2,200,15,70
1,1840,0,0,0,0,0,0,1,200,16,70
1,1840,0,0,0,0,0,0,2,200,16,70
1,1841,0,0,0,0,0,0,1,200,17,70
1,1841,0,0,0,0,0,0,2,200,17,70
1,1842,0,0,0,0,0,0,1,200,18,70
1,1842,0,0,0,0,0,0,2,200,18,70
1,1843,0,0,0,0,0,0,1,200,19,70
1,1843,0,0,0,0,0,0,2,200,19,70
1,1844,0,0,0,0,0,0,1,200,20,70
1,1844,0,0,0,0,0,0,2,200,20,70
1,1845,0,0,0,0,0,0,1,200,21,70
1,1845,0,0,0,0,0,0,2,200,21,70
1,1846,0,0,0,0,0,0,1,200,22,70
1,1846,0,0,0,0,0,0,2,200,22,70
1,1847,0,0,0,0,0,0,1,200,23,70
1,1847,0,0,0,0,0,0,2,200,23,70
1,1848,0,0,0,0,0,0,1,200,0,70
1,1848,0,0,0,0,0,0,2,200,0,70
1,1849,0,0,0,0,0,0,1,200,1,70
1,1849,0,0,0,0,0,0,2,200,1,70
1,1850,0,0,0,0,0,0,1,200,2,70
1,1850,0,0,0,0,0,0,2,200,2,70
1,1851,0,0,0,0,0,0,1,200,3,70
1,1851,0,0,0,0,0,0,2,200,3,70
1,1852,0,0,0,0,0,0,1,200,4,70
1,1852,0,0,0,0,0,0,2,200,4,70
1,1853,0,0,0,0,0,0,1,200,5,70
1,1853,0,0,0,0,0,0,2,200,5,70
1,1854,0,0,0,0,0,0,1,200,6,70
1,1854,0,0,0,0,0,0,2,200,6,70
1,1855,0,0,0,0,0,0,1,200,7,70
1,1855,0,0,0,0,0,0,2,200,7,70
1,1856,0,0,0,0,0,0,1,200,8,70
1,1856,0,0,0,0,0,0,2,200,8,70
1,1857,0,0,0,0,0,0,1,200,9,70
1,1857,0,0,0,0,0,0,2,200,9,70
1,1858,0,0,0,0,0,0,1,200,10,70
1,1858,0,0,0,0,0,0,2,200,10,70
1,1859,0,0,0,0,0,0,1,200,11,70
1,1859,0,0,0,0,0,0,2,200,11,70
1,1860,0,0,0,0,0,0,1,200,12,70
1,1860,0,0,0,0,0,0,2,200,12,70
1,1861,0,0,0,0,0,0,1,200,13,70
1,1861,0,0,0,0,0,0,2,200,13,70
1,1862,0,0,0,0,0,0,1,200,14,70
1,1862,0,0,0,0,0,0,2,200,14,70
1,1863,0,0,0,0,0,0,1,200,15,70
1,1863,0,0,0,0,0,0,2,200,15,70
1,1864,0,0,0,0,0,0,1,200,16,70
1,1864,0,0,0,0,0,0,2,200,16,70
1,1865,0,0,0,0,0,0,1,200,17,70
1,1865,0,0,0,0,0,0,2,200,17,70
1,1866,0,0,0,0,0,0,1,200,18,70
1,1866,0,0,0,0,0,0,2,200,18,70
1,1867,0,0,0,0,0,0,1,200,19,70
1,1867,0,0,0,0,0,0,2,200,19,70
1,1868,0,0,0,0,0,0,1,200,20,70
1,1868,0,0,0,0,0,0,2,200,20,70
1,1869,0,0,0,0,0,0,1,200,21,70
1,1869,0,0,0,0,0,0,2,200,21,70
1,1870,0,0,0,0,0,0,1,200,22,70
1,1870,0,0,0,0,0,0,2,200,22,70
1,1871,0,0,0,0,0,0,1,200,23,70
1,1871,0,0,0,0,0,0,2,200,23,70
1,1872,0,0,0,0,0,0,1,200,0,70
1,1872,0,0,0,0,0,0,2,200,0,70
1,1873,0,0,0,0,0,0,1,200,1,70
1,1873,0,0,0,0,0,0,2,200,1,70
1,1874,0,0,0,0,0,0,1,200,2,70
1,1874,0,0,0,0,0,0,2,200,2,70
1,1875,0,0,0,0,0,0,1,200,3,70
1,1875,0,0,0,0,0,0,2,200,3,70
1,1876,0,0,0,0,0,0,1,200,4,70
1,1876,0,0,0,0,0,0,2,200,4,70
1,1877,0,0,0,0,0,0,1,200,5,70
1,1877,0,0,0,0,0,0,2,200,5,70
1,1878,0,0,0,0,0,0,1,200,6,70
1,1878,0,0,0,0,0,0,2,200,6,70
1,1879,0,0,0,0,0,0,1,200,7,70
1,1879,0,0,0,0,0,0,2,200,7,70
1,1880,0,0,0,0,0,0,1,200,8,70
1,1880,0,0,0,0,0,0,2,200,8,70
1,1881,0,0,0,0,0,0,1,200,9,70
1,1881,0,0,0,0,0,0,2,200,9,70
1,1882,0,0,0,0,0,0,1,200,10,70
1,1882,0,0,0,0,0,0,2,200,10,70
1,1883,0,0,0,0,0,0,1,200,11,70
1,1883,0,0,0,0,0,0,2,200,11,70
1,1884,0,0,0,0,0,0,1,200,12,70
1,1884,0,0,0,0,0,0,2,200,12,70
1,1885,0,0,0,0,0,0,1,200,13,70
1,1885,0,0,0,0,0,0,2,200,13,70
1,1886,0,0,0,0,0,0,1,200,14,70
1,1886,0,0,0,0,0,0,2,200,14,70
1,1887,0,0,0,0,0,0,1,200,15,70
1,1887,0,0,0,0,0,0,2,200,15,70
1,1888,0,0,0,0,0,0,1,200,16,70
1,1888,0,0,0,0,0,0,2,200,16,70
1,1889,0,0,0,0,0,0,1,200,17,70
1,1889,0,0,0,0,0,0,2,200,17,70
1,1890,0,0,0,0,0,0,1,200,18,70
1,1890,0,0,0,0,0,0,2,200,18,70
1,1891,0,0,0,0,0,0,1,200,19,70
1,1891,0,0,0,0,0,0,2,200,19,70
1,1892,0,0,0,0,0,0,1,200,20,70
1,1892,0,0,0,0,0,0,2,200,20,70
1,1893,0,0,0,0,0,0,1,200,21,70
1,1893,0,0,0,0,0,0,2,200,21,70
1,1894,0,0,0,0,0,0,1,200,22,70
1,1894,0,0,0,0,0,0,2,200,22,70
1,1895,0,0,0,0,0,0,1,200,23,70
1,1895,0,0,0,0,0,0,2,200,23,70
1,1896,0,0,0,0,0,0,1,200,0,70
1,1896,0,0,0,0,0,0,2,200,0,70
1,1897,0,0,0,0,0,0,1,200,1,70
1,1897,0,0,0,0,0,0,2,200,1,70
1,1898,0,0,0,0,0,0,1,200,2,70
1,1898,0,0,0,0,0,0,2,200,2,70
1,1899,0,0,0,0,0,0,1,200,3,70
1,1899,0,0,0,0,0,0,2,200,3,70
1,1900,0,0,0,0,0,0,1,200,4,70
1,1900,0,0,0,0,0,0,2,200,4,70
1,1901,0,0,0,0,0,0,1,200,5,70
1,1901,0,0,0,0,0,0,2,200,5,70
1,1902,0,0,0,0,0,0,1,200,6,70
1,1902,0,0,0,0,0,0,2,200,6,70
1,1903,0,0,0,0,0,0,1,200,7,70
1,1903,0,0,0,0,0,0,2,200,7,70
1,1904,0,0,0,0,0,0,1,200,8,70
1,1904,0,0,0,0,0,0,2,200,8,70
1,1905,0,0,0,0,0,0,1,200,9,70
1,1905,0,0,0,0,0,0,2,200,9,70
1,1906,0,0,0,0,0,0,1,200,10,70
1,1906,0,0,0,0,0,0,2,200,10,70
1,1907,0,0,0,0,0,0,1,200,11,70
1,1907,0,0,0,0,0,0,2,200,11,70
1,1908,0,0,0,0,0,0,1,200,12,70
1,1908,0,0,0,0,0,0,2,200,12,70
1,1909,0,0,0,0,0,0,1,200,13,70
1,1909,0,0,0,0,0,0,2,200,13,70
1,1910,0,0,0,0,0,0,1,200,14,70
1,1910,0,0,0,0,0,0,2,200,14,70
1,1911,0,0,0,0,0,0,1,200,15,70
1,1911,0,0,0,0,0,0,2,200,15,70
1,1912,0,0,0,0,0,0,1,200,16,70
1,1912,0,0,0,0,0,0,2,200,16,70
1,1913,0,0,0,0,0,0,1,200,17,70
1,1913,0,0,0,0,0,0,2,200,17,70
1,1914,0,0,0,0,0,0,1,200,18,70
1,1914,0,0,0,0,0,0,2,200,18,70
1,1915,0,0,0,0,0,0,1,200,19,70
1,1915,0,0,0,0,0,0,2,200,19,70
1,1916,0,0,0,0,0,0,1,200,20,70
1,1916,0,0,0,0,0,0,2,200,20,70
1,1917,0,0,0,0,0,0,1,200,21,70
1,1917,0,0,0,0,0,0,2,200,21,70
1,1918,0,0,0,0,0,0,1,200,22,70
1,1918,0,0,0,0,0,0,2,200,22,70
1,1919,0,0,0,0,0,0,1,200,23,70
1,1919,0,0,0,0,0,0,2,200,23,70
1,1920,0,0,0,0,0,0,1,200,0,70
1,1920,0,0,0,0,0,0,2,200,0,70
1,1921,0,0,0,0,0,0,1,200,1,70
1,1921,0,0,0,0,0,0,2,200,1,70
1,1922,0,0,0,0,0,0,1,200,2,70
1,1922,0,0,0,0,0,0,2,200,2,70
1,1923,0,0,0,0,0,0,1,200,3,70
1,1923,0,0,0,0,0,0,2,200,3,70
1,1924,0,0,0,0,0,0,1,200,4,70
1,1924,0,0,0,0,0,0,2,200,4,70
1,1925,0,0,0,0,0,0,1,200,5,70
1,1925,0,0,0,0,0,0,2,200,5,70
1,1926,0,0,0,0,0,0,1,200,6,70
1,1926,0,0,0,0,0,0,2,200,6,70
1,1927,0,0,0,0,0,0,1,200,7,70
1,1927,0,0,0,0,0,0,2,200,7,70
1,1928,0,0,0,0,0,0,1,200,8,70
1,1928,0,0,0,0,0,0,2,200,8,70
1,1929,0,0,0,0,0,0,1,200,9,70
1,1929,0,0,0,0,0,0,2,200,9,70
1,1930,0,0,0,0,0,0,1,200,10,70
1,1930,0,0,0,0,0,0,2,200,10,70
1,1931,0,0,0,0,0,0,1,200,11,70
1,1931,0,0,0,0,0,0,2,200,11,70
1,1932,0,0,0,0,0,0,1,200,12,70
1,1932,0,0,0,0,0,0,2,200,12,70
1,1933,0,0,0,0,0,0,1,200,13,70
1,1933,0,0,0,0,0,0,2,200,13,70
1,1934,0,0,0,0,0,0,1,200,14,70
1,1934,0,0,0,0,0,0,2,200,14,70
1,1935,0,0,0,0,0,0,1,200,15,70
1,1935,0,0,0,0,0,0,2,200,15,70
1,1936,0,0,0,0,0,0,1,200,16,70
1,1936,0,0,0,0,0,0,2,200,16,70
1,1937,0,0,0,0,0,0,1,200,17,70
1,1937,0,0,0,0,0,0,2,200,17,70
1,1938,0,0,0,0,0,0,1,200,18,70
1,1938,0,0,0,0,0,0,2,200,18,70
1,1939,0,0,0,0,0,0,1,200,19,70
1,1939,0,0,0,0,0,0,2,200,19,70
1,1940,0,0,0,0,0,0,1,200,20,70
1,1940,0,0,0,0,0,0,2,200,20,70
1,1941,0,0,0,0,0,0,1,200,21,70
1,1941,0,0,0,0,0,0,2,200,21,70
1,1942,0,0,0,0,0,0,1,200,22,70
1,1942,0,0,0,0,0,0,2,200,22,70
1,1943,0,0,0,0,0,0,1,200,23,70
1,1943,0,0,0,0,0,0,2,200,23,70
1,1944,0,0,0,0,0,0,1,200,0,70
1,1944,0,0,0,0,0,0,2,200,0,70
1,1945,0,0,0,0,0,0,1,200,1,70
1,1945,0,0,0,0,0,0,2,200,1,70
1,1946,0,0,0,0,0,0,1,200,2,70
1,1946,0,0,0,0,0,0,2,200,2,70
1,1947,0,0,0,0,0,0,1,200,3,70
1,1947,0,0,0,0,0,0,2,200,3,70
1,1948,0,0,0,0,0,0,1,200,4,70
1,1948,0,0,0,0,0,0,2,200,4,70
1,1949,0,0,0,0,0,0,1,200,5,70
1,1949,0,0,0,0,0,0,2,200,5,70
1,1950,0,0,0,0,0,0,1,200,6,70
1,1950,0,0,0,0,0,0,2,200,6,70
1,1951,0,0,0,0,0,0,1,200,7,70
1,1951,0,0,0,0,0,0,2,200,7,70
1,1952,0,0,0,0,0,0,1,200,8,70
1,1952,0,0,0,0,0,0,2,200,8,70
1,1953,0,0,0,0,0,0,1,200,9,70
1,1953,0,0,0,0,0,0,2,200,9,70
1,1954,0,0,0,0,0,0,1,200,10,70
1,1954,0,0,0,0,0,0,2,200,10,70
1,1955,0,0,0,0,0,0,1,200,11,70
1,1955,0,0,0,0,0,0,2,200,11,70
1,1956,0,0,0,0,0,0,1,200,12,70
1,1956,0,0,0,0,0,0,2,200,12,70
1,1957,0,0,0,0,0,0,1,200,13,70
1,1957,0,0,0,0,0,0,2,200,13,70
1,1958,0,0,0,0,0,0,1,200,14,70
1,1958,0,0,0,0,0,0,2,200,14,70
1,1959,0,0,0,0,0,0,1,200,15,70
1,1959,0,0,0,0,0,0,2,200,15,70
1,1960,0,0,0,0,0,0,1,200,16,70
1,1960,0,0,0,0,0,0,2,200,16,70
1,1961,0,0,0,0,0,0,1,200,17,70
1,1961,0,0,0,0,0,0,2,200,17,70
1,1962,0,0,0,0,0,0,1,200,18,70
1,1962,0,0,0,0,0,0,2,200,18,70
1,1963,0,0,0,0,0,0,1,200,19,70
1,1963,0,0,0,0,0,0,2,200,19,70
1,1964,0,0,0,0,0,0,1,200,20,70
1,1964,0,0,0,0,0,0,2,200,20,70
1,1965,0,0,0,0,0,0,1,200,21,70
1,1965,0,0,0,0,0,0,2,200,21,70
1,1966,0,0,0,0,0,0,1,200,22,70
1,1966,0,0,0,0,0,0,2,200,22,70
1,1967,0,0,0,0,0,0,1,200,23,70
1,1967,0,0,0,0,0,0,2,200,23,70
1,1968,0,0,0,0,0,0,1,200,0,70
1,1968,0,0,0,0,0,0,2,200,0,70
1,1969,0,0,0,0,0,0,1,200,1,70
1,1969,0,0,0,0,0,0,2,200,1,70
1,1970,0,0,0,0,0,0,1,200,2,70
1,1970,0,0,0,0,0,0,2,200,2,70
1,1971,0,0,0,0,0,0,1,200,3,70
1,1971,0,0,0,0,0,0,2,200,3,70
1,1972,0,0,0,0,0,0,1,200,4,70
1,1972,0,0,0,0,0,0,2,200,4,70
1,1973,0,0,0,0,0,0,1,200,5,70
1,1973,0,0,0,0,0,0,2,200,5,70
1,1974,0,0,0,0,0,0,1,200,6,70
1,1974,0,0,0,0,0,0,2,200,6,70
1,1975,0,0,0,0,0,0,1,200,7,70
1,1975,0,0,0,0,0,0,2,200,7,70
1,1976,0,0,0,0,0,0,1,200,8,70
1,1976,0,0,0,0,0,0,2,200,8,70
1,1977,0,0,0,0,0,0,1,200,9,70
1,1977,0,0,0,0,0,0,2,200,9,70
1,1978,0,0,0,0,0,0,1,200,10,70
1,1978,0,0,0,0,0,0,2,200,10,70
1,1979,0,0,0,0,0,0,1,200,11,70
1,1979,0,0,0,0,0,0,2,200,11,70
1,1980,0,0,0,0,0,0,1,200,12,70
1,1980,0,0,0,0,0,0,2,200,12,70
1,1981,0,0,0,0,0,0,1,200,13,70
1,1981,0,0,0,0,0,0,2,200,13,70
1,1982,0,0,0,0,0,0,1,200,14,70
1,1982,0,0,0,0,0,0,2,200,14,70
1,1983,0,0,0,0,0,0,1,200,15,70
1,1983,0,0,0,0,0,0,2,200,15,70
1,1984,0,0,0,0,0,0,1,200,16,70
1,1984,0,0,0,0,0,0,2,200,16,70
1,1985,0,0,0,0,0,0,1,200,17,70
1,1985,0,0,0,0,0,0,2,200,17,70
1,1986,0,0,0,0,0,0,1,200,18,70
1,1986,0,0,0,0,0,0,2,200,18,70
1,1987,0,0,0,0,0,0,1,200,19,70
1,1987,0,0,0,0,0,0,2,200,19,70
1,1988,0,0,0,0,0,0,1,200,20,70
1,1988,0,0,0,0,0,0,2,200,20,70
1,1989,0,0,0,0,0,0,1,200,21,70
1,1989,0,0,0,0,0,0,2,200,21,70
1,1990,0,0,0,0,0,0,1,200,22,70
1,1990,0,0,0,0,0,0,2,200,22,70
1,1991,0,0,0,0,0,0,1,200,23,70
1,1991,0,0,0,0,0,0,2,200,23,70
1,1992,0,0,0,0,0,0,1,200,0,70
1,1992,0,0,0,0,0,0,2,200,0,70
1,1993,0,0,0,0,0,0,1,200,1,70
1,1993,0,0,0,0,0,0,2,200,1,70
1,1994,0,0,0,0,0,0,1,200,2,70
1,1994,0,0,0,0,0,0,2,200,2,70
1,1995,0,0,0,0,0,0,1,200,3,70
1,1995,0,0,0,0,0,0,2,200,3,70
1,1996,0,0,0,0,0,0,1,200,4,70
1,1996,0,0,0,0,0,0,2,200,4,70
1,1997,0,0,0,0,0,0,1,200,5,70
1,1997,0,0,0,0,0,0,2,200,5,70
1,1998,0,0,0,0,0,0,1,200,6,70
1,1998,0,0,0,0,0,0,2,200,6,70
1,1999,0,0,0,0,0,0,1,200,7,70
1,1999,0,0,0,0,0,0,2,200,7,70
1,2000,0,0,0,0,0,0,1,200,8,70
1,2000,0,0,0,0,0,0,2,200,8,70
1,2001,0,0,0,0,0,0,1,200,9,70
1,2001,0,0,0,0,0,0,2,200,9,70
1,2002,0,0,0,0,0,0,1,200,10,70
1,2002,0,0,0,0,0,0,2,200,10,70
1,2003,0,0,0,0,0,0,1,200,11,70
1,2003,0,0,0,0,0,0,2,200,11,70
1,2004,0,0,0,0,0,0,1,200,12,70
1,2004,0,0,0,0,0,0,2,200,12,70
1,2005,0,0,0,0,0,0,1,200,13,70
1,2005,0,0,0,0,0,0,2,200,13,70
1,2006,0,0,0,0,0,0,1,200,14,70
1,2006,0,0,0,0,0,0,2,200,14,70
1,2007,0,0,0,0,0,0,1,200,15,70
1,2007,0,0,0,0,0,0,2,200,15,70
1,2008,0,0,0,0,0,0,1,200,16,70
1,2008,0,0,0,0,0,0,2,200,16,70
1,2009,0,0,0,0,0,0,1,200,17,70
1,2009,0,0,0,0,0,0,2,200,17,70
1,2010,0,0,0,0,0,0,1,200,18,70
1,2010,0,0,0,0,0,0,2,200,18,70
1,2011,0,0,0,0,0,0,1,200,19,70
1,2011,0,0,0,0,0,0,2,200,19,70
1,2012,0,0,0,0,0,0,1,200,20,70
1,2012,0,0,0,0,0,0,2,200,20,70
1,2013,0,0,0,0,0,0,1,200,21,70
1,2013,0,0,0,0,0,0,2,200,21,70
1,2014,0,0,0,0,0,0,1,200,22,70
1,2014,0,0,0,0,0,0,2,200,22,70
1,2015,0,0,0,0,0,0,1,200,23,70
1,2015,0,0,0,0,0,0,2,200,23,70
1,2016,0,0,0,0,0,0,1,200,0,70
1,2016,0,0,0,0,0,0,2,200,0,70
1,2017,0,0,0,0,0,0,1,200,1,70
1,2017,0,0,0,0,0,0,2,200,1,70
1,2018,0,0,0,0,0,0,1,200,2,70
1,2018,0,0,0,0,0,0,2,200,2,70
1,2019,0,0,0,0,0,0,1,200,3,70
1,2019,0,0,0,0,0,0,2,200,3,70
1,2020,0,0,0,0,0,0,1,200,4,70
1,2020,0,0,0,0,0,0,2,200,4,70
1,2021,0,0,0,0,0,0,1,200,5,70
1,2021,0,0,0,0,0,0,2,200,5,70
1,2022,0,0,0,0,0,0,1,200,6,70
1,2022,0,0,0,0,0,0,2,200,6,70
1,2023,0,0,0,0,0,0,1,200,7,70
1,2023,0,0,0,0,0,0,2,200,7,70
1,2024,0,0,0,0,0,0,1,200,8,70
1,2024,0,0,0,0,0,0,2,200,8,70
1,2025,0,0,0,0,0,0,1,200,9,70
1,2025,0,0,0,0,0,0,2,200,9,70
1,2026,0,0,0,0,0,0,1,200,10,70
1,2026,0,0,0,0,0,0,2,200,10,70
1,2027,0,0,0,0,0,0,1,200,11,70
1,2027,0,0,0,0,0,0,2,200,11,70
1,2028,0,0,0,0,0,0,1,200,12,70
1,2028,0,0,0,0,0,0,2,200,12,70
1,2029,0,0,0,0,0,0,1,200,13,70
1,2029,0,0,0,0,0,0,2,200,13,70
1,2030,0,0,0,0,0,0,1,200,14,70
1,2030,0,0,0,0,0,0,2,200,14,70
1,2031,0,0,0,0,0,0,1,200,15,70
1,2031,0,0,0,0,0,0,2,200,15,70
1,2032,0,0,0,0,0,0,1,200,16,70
1,2032,0,0,0,0,0,0,2,200,16,70
1,2033,0,0,0,0,0,0,1,200,17,70
1,2033,0,0,0,0,0,0,2,200,17,70
1,2034,0,0,0,0,0,0,1,200,18,70
1,2034,0,0,0,0,0,0,2,200,18,70
1,2035,0,0,0,0,0,0,1,200,19,70
1,2035,0,0,0,0,0,0,2,200,19,70
1,2036,0,0,0,0,0,0,1,200,20,70
1,2036,0,0,0,0,0,0,2,200,20,70
1,2037,0,0,0,0,0,0,1,200,21,70
1,2037,0,0,0,0,0,0,2,200,21,70
1,2038,0,0,0,0,0,0,1,200,22,70
1,2038,0,0,0,0,0,0,2,200,22,70
1,2039,0,0,0,0,0,0,1,200,23,70
1,2039,0,0,0,0,0,0,2,200,23,70
1,2040,0,0,0,0,0,0,1,200,0,70
1,2040,0,0,0,0,0,0,2,200,0,70
1,2041,0,0,0,0,0,0,1,200,1,70
1,2041,0,0,0,0,0,0,2,200,1,70
1,2042,0,0,0,0,0,0,1,200,2,70
1,2042,0,0,0,0,0,0,2,200,2,70
1,2043,0,0,0,0,0,0,1,200,3,70
1,2043,0,0,0,0,0,0,2,200,3,70
1,2044,0,0,0,0,0,0,1,200,4,70
1,2044,0,0,0,0,0,0,2,200,4,70
1,2045,0,0,0,0,0,0,1,200,5,70
1,2045,0,0,0,0,0,0,2,200,5,70
1,2046,0,0,0,0,0,0,1,200,6,70
1,2046,0,0,0,0,0,0,2,200,6,70
1,2047,0,0,0,0,0,0,1,200,7,70
1,2047,0,0,0,0,0,0,2,200,7,70
1,2048,0,0,0,0,0,0,1,200,8,70
1,2048,0,0,0,0,0,0,2,200,8,70
1,2049,0,0,0,0,0,0,1,200,9,70
1,2049,0,0,0,0,0,0,2,200,9,70
1,2050,0,0,0,0,0,0,1,200,10,70
1,2050,0,0,0,0,0,0,2,200,10,70
1,2051,0,0,0,0,0,0,1,200,11,70
1,2051,0,0,0,0,0,0,2,200,11,70
1,2052,0,0,0,0,0,0,1,200,12,70
1,2052,0,0,0,0,0,0,2,200,12,70
1,2053,0,0,0,0,0,0,1,200,13,70
1,2053,0,0,0,0,0,0,2,200,13,70
1,2054,0,0,0,0,0,0,1,200,14,70
1,2054,0,0,0,0,0,0,2,200,14,70
1,2055,0,0,0,0,0,0,1,200,15,70
1,2055,0,0,0,0,0,0,2,200,15,70
1,2056,0,0,0,0,0,0,1,200,16,70
1,2056,0,0,0,0,0,0,2,200,16,70
1,2057,0,0,0,0,0,0,1,200,17,70
1,2057,0,0,0,0,0,0,2,200,17,70
1,2058,0,0,0,0,0,0,1,200,18,70
1,2058,0,0,0,0,0,0,2,200,18,70
1,2059,0,0,0,0,0,0,1,200,19,70
1,2059,0,0,0,0,0,0,2,200,19,70
1,2060,0,0,0,0,0,0,1,200,20,70
1,2060,0,0,0,0,0,0,2,200,20,70
1,2061,0,0,0,0,0,0,1,200,21,70
1,2061,0,0,0,0,0,0,2,200,21,70
1,2062,0,0,0,0,0,0,1,200,22,70
1,2062,0,0,0,0,0,0,2,200,22,70
1,2063,0,0,0,0,0,0,1,200,23,70
1,2063,0,0,0,0,0,0,2,200,23,70
1,2064,0,0,0,0,0,0,1,200,0,70
1,2064,0,0,0,0,0,0,2,200,0,70
1,2065,0,0,0,0,0,0,1,200,1,70
1,2065,0,0,0,0,0,0,2,200,1,70
1,2066,0,0,0,0,0,0,1,200,2,70
1,2066,0,0,0,0,0,0,2,200,2,70
1,2067,0,0,0,0,0,0,1,200,3,70
1,2067,0,0,0,0,0,0,2,200,3,70
1,2068,0,0,0,0,0,0,1,200,4,70
1,2068,0,0,0,0,0,0,2,200,4,70
1,2069,0,0,0,0,0,0,1,200,5,70
1,2069,0,0,0,0,0,0,2,200,5,70
1,2070,0,0,0,0,0,0,1,200,6,70
1,2070,0,0,0,0,0,0,2,200,6,70
1,2071,0,0,0,0,0,0,1,200,7,70
1,2071,0,0,0,0,0,0,2,200,7,70
1,2072,0,0,0,0,0,0,1,200,8,70
1,2072,0,0,0,0,0,0,2,200,8,70
1,2073,0,0,0,0,0,0,1,200,9,70
1,2073,0,0,0,0,0,0,2,200,9,70
1,2074,0,0,0,0,0,0,1,200,10,70
1,2074,0,0,0,0,0,0,2,200,10,70
1,2075,0,0,0,0,0,0,1,200,11,70
1,2075,0,0,0,0,0,0,2,200,11,70
1,2076,0,0,0,0,0,0,1,200,12,70
1,2076,0,0,0,0,0,0,2,200,12,70
1,2077,0,0,0,0,0,0,1,200,13,70
1,2077,0,0,0,0,0,0,2,200,13,70
1,2078,0,0,0,0,0,0,1,200,14,70
1,2078,0,0,0,0,0,0,2,200,14,70
1,2079,0,0,0,0,0,0,1,200,15,70
1,2079,0,0,0,0,0,0,2,200,15,70
1,2080,0,0,0,0,0,0,1,200,16,70
1,2080,0,0,0,0,0,0,2,200,16,70
1,2081,0,0,0,0,0,0,1,200,17,70
1,2081,0,0,0,0,0,0,2,200,17,70
1,2082,0,0,0,0,0,0,1,200,18,70
1,2082,0,0,0,0,0,0,2,200,18,70
1,2083,0,0,0,0,0,0,1,200,19,70
1,2083,0,0,0,0,0,0,2,200,19,70
1,2084,0,0,0,0,0,0,1,200,20,70
1,2084,0,0,0,0,0,0,2,200,20,70
1,2085,0,0,0,0,0,0,1,200,21,70
1,2085,0,0,0,0,0,0,2,200,21,70
1,2086,0,0,0,0,0,0,1,200,22,70
1,2086,0,0,0,0,0,0,2,200,22,70
1,2087,0,0,0,0,0,0,1,200,23,70
1,2087,0,0,0,0,0,0,2,200,23,70
1,2088,0,0,0,0,0,0,1,200,0,70
1,2088,0,0,0,0,0,0,2,200,0,70
1,2089,0,0,0,0,0,0,1,200,1,70
1,2089,0,0,0,0,0,0,2,200,1,70
1,2090,0,0,0,0,0,0,1,200,2,70
1,2090,0,0,0,0,0,0,2,200,2,70
1,2091,0,0,0,0,0,0,1,200,3,70
1,2091,0,0,0,0,0,0,2,200,3,70
1,2092,0,0,0,0,0,0,1,200,4,70
1,2092,0,0,0,0,0,0,2,200,4,70
1,2093,0,0,0,0,0,0,1,200,5,70
1,2093,0,0,0,0,0,0,2,200,5,70
1,2094,0,0,0,0,0,0,1,200,6,70
1,2094,0,0,0,0,0,0,2,200,6,70
1,2095,0,0,0,0,0,0,1,200,7,70
1,2095,0,0,0,0,0,0,2,200,7,70
1,2096,0,0,0,0,0,0,1,200,8,70
1,2096,0,0,0,0,0,0,2,200,8,70
1,2097,0,0,0,0,0,0,1,200,9,70
1,2097,0,0,0,0,0,0,2,200,9,70
1,2098,0,0,0,0,0,0,1,200,10,70
1,2098,0,0,0,0,0,0,2,200,10,70
1,2099,0,0,0,0,0,0,1,200,11,70
1,2099,0,0,0,0,0,0,2,200,11,70
1,2100,0,0,0,0,0,0,1,200,12,70
1,2100,0,0,0,0,0,0,2,200,12,70
1,2101,0,0,0,0,0,0,1,200,13,70
1,2101,0,0,0,0,0,0,2,200,13,70
1,2102,0,0,0,0,0,0,1,200,14,70
1,2102,0,0,0,0,0,0,2,200,14,70
1,2103,0,0,0,0,0,0,1,200,15,70
1,2103,0,0,0,0,0,0,2,200,15,70
1,2104,0,0,0,0,0,0,1,200,16,70
1,2104,0,0,0,0,0,0,2,200,16,70
1,2105,0,0,0,0,0,0,1,200,17,70
1,2105,0,0,0,0,0,0,2,200,17,70
1,2106,0,0,0,0,0,0,1,200,18,70
1,2106,0,0,0,0,0,0,2,200,18,70
1,2107,0,0,0,0,0,0,1,200,19,70
1,2107,0,0,0,0,0,0,2,200,19,70
1,2108,0,0,0,0,0,0,1,200,20,70
1,2108,0,0,0,0,0,0,2,200,20,70
1,2109,0,0,0,0,0,0,1,200,21,70
1,2109,0,0,0,0,0,0,2,200,21,70
1,2110,0,0,0,0,0,0,1,200,22,70
1,2110,0,0,0,0,0,0,2,200,22,70
1,2111,0,0,0,0,0,0,1,200,23,70
1,2111,0,0,0,0,0,0,2,200,23,70
1,2112,0,0,0,0,0,0,1,200,0,70
1,2112,0,0,0,0,0,0,2,200,0,70
1,2113,0,0,0,0,0,0,1,200,1,70
1,2113,0,0,0,0,0,0,2,200,1,70
1,2114,0,0,0,0,0,0,1,200,2,70
1,2114,0,0,0,0,0,0,2,200,2,70
1,2115,0,0,0,0,0,0,1,200,3,70
1,2115,0,0,0,0,0,0,2,200,3,70
1,2116,0,0,0,0,0,0,1,200,4,70
1,2116,0,0,0,0,0,0,2,200,4,70
1,2117,0,0,0,0,0,0,1,200,5,70
1,2117,0,0,0,0,0,0,2,200,5,70
1,2118,0,0,0,0,0,0,1,200,6,70
1,2118,0,0,0,0,0,0,2,200,6,70
1,2119,0,0,0,0,0,0,1,200,7,70
1,2119,0,0,0,0,0,0,2,200,7,70
1,2120,0,0,0,0,0,0,1,200,8,70
1,2120,0,0,0,0,0,0,2,200,8,70
1,2121,0,0,0,0,0,0,1,200,9,70
1,2121,0,0,0,0,0,0,2,200,9,70
1,2122,0,0,0,0,0,0,1,200,10,70
1,2122,0,0,0,0,0,0,2,200,10,70
1,2123,0,0,0,0,0,0,1,200,11,70
1,2123,0,0,0,0,0,0,2,200,11,70
1,2124,0,0,0,0,0,0,1,200,12,70
1,2124,0,0,0,0,0,0,2,200,12,70
1,2125,0,0,0,0,0,0,1,200,13,70
1,2125,0,0,0,0,0,0,2,200,13,70
1,2126,0,0,0,0,0,0,1,200,14,70
1,2126,0,0,0,0,0,0,2,200,14,70
1,2127,0,0,0,0,0,0,1,200,15,70
1,2127,0,0,0,0,0,0,2,200,15,70
1,2128,0,0,0,0,0,0,1,200,16,70
1,2128,0,0,0,0,0,0,2,200,16,70
1,2129,0,0,0,0,0,0,1,200,17,70
1,2129,0,0,0,0,0,0,2,200,17,70
1,2130,0,0,0,0,0,0,1,200,18,70
1,2130,0,0,0,0,0,0,2,200,18,70
1,2131,0,0,0,0,0,0,1,200,19,70
1,2131,0,0,0,0,0,0,2,200,19,70
1,2132,0,0,0,0,0,0,1,200,20,70
1,2132,0,0,0,0,0,0,2,200,20,70
1,2133,0,0,0,0,0,0,1,200,21,70
1,2133,0,0,0,0,0,0,2,200,21,70
1,2134,0,0,0,0,0,0,1,200,22,70
1,2134,0,0,0,0,0,0,2,200,22,70
1,2135,0,0,0,0,0,0,1,200,23,70
1,2135,0,0,0,0,0,0,2,200,23,70
1,2136,0,0,0,0,0,0,1,200,0,70
1,2136,0,0,0,0,0,0,2,200,0,70
1,2137,0,0,0,0,0,0,1,200,1,70
1,2137,0,0,0,0,0,0,2,200,1,70
1,2138,0,0,0,0,0,0,1,200,2,70
1,2138,0,0,0,0,0,0,2,200,2,70
1,2139,0,0,0,0,0,0,1,200,3,70
1,2139,0,0,0,0,0,0,2,200,3,70
1,2140,0,0,0,0,0,0,1,200,4,70
1,2140,0,0,0,0,0,0,2,200,4,70
1,2141,0,0,0,0,0,0,1,200,5,70
1,2141,0,0,0,0,0,0,2,200,5,70
1,2142,0,0,0,0,0,0,1,200,6,70
1,2142,0,0,0,0,0,0,2,200,6,70
1,2143,0,0,0,0,0,0,1,200,7,70
1,2143,0,0,0,0,0,0,2,200,7,70
1,2144,0,0,0,0,0,0,1,200,8,70
1,2144,0,0,0,0,0,0,2,200,8,70
1,2145,0,0,0,0,0,0,1,200,9,70
1,2145,0,0,0,0,0,0,2,200,9,70
1,2146,0,0,0,0,0,0,1,200,10,70
1,2146,0,0,0,0,0,0,2,200,10,70
1,2147,0,0,0,0,0,0,1,200,11,70
1,2147,0,0,0,0,0,0,2,200,11,70
1,2148,0,0,0,0,0,0,1,200,12,70
1,2148,0,0,0,0,0,0,2,200,12,70
1,2149,0,0,0,0,0,0,1,200,13,70
1,2149,0,0,0,0,0,0,2,200,13,70
1,2150,0,0,0,0,0,0,1,200,14,70
1,2150,0,0,0,0,0,0,2,200,14,70
1,2151,0,0,0,0,0,0,1,200,15,70
1,2151,0,0,0,0,0,0,2,200,15,70
1,2152,0,0,0,0,0,0,1,200,16,70
1,2152,0,0,0,0,0,0,2,200,16,70
1,2153,0,0,0,0,0,0,1,200,17,70
1,2153,0,0,0,0,0,0,2,200,17,70
1,2154,0,0,0,0,0,0,1,200,18,70
1,2154,0,0,0,0,0,0,2,200,18,70
1,2155,0,0,0,0,0,0,1,200,19,70
1,2155,0,0,0,0,0,0,2,200,19,70
1,2156,0,0,0,0,0,0,1,200,20,70
1,2156,0,0,0,0,0,0,2,200,20,70
1,2157,0,0,0,0,0,0,1,200,21,70
1,2157,0,0,0,0,0,0,2,200,21,70
1,2158,0,0,0,0,0,0,1,200,22,70
1,2158,0,0,0,0,0,0,2,200,22,70
1,2159,0,0,0,0,0,0,1,200,23,70
1,2159,0,0,0,0,0,0,2,200,23,70
1,2160,0,0,0,0,0,0,1,200,0,70
1,2160,0,0,0,0,0,0,2,200,0,70
1,2161,0,0,0,0,0,0,1,200,1,70
1,2161,0,0,0,0,0,0,2,200,1,70
1,2162,0,0,0,0,0,0,1,200,2,70
1,2162,0,0,0,0,0,0,2,200,2,70
1,2163,0,0,0,0,0,0,1,200,3,70
1,2163,0,0,0,0,0,0,2,200,3,70
1,2164,0,0,0,0,0,0,1,200,4,70
1,2164,0,0,0,0,0,0,2,200,4,70
1,2165,0,0,0,0,0,0,1,200,5,70
1,2165,0,0,0,0,0,0,2,200,5,70
1,2166,0,0,0,0,0,0,1,200,6,70
1,2166,0,0,0,0,0,0,2,200,6,70
1,2167,0,0,0,0,0,0,1,200,7,70
1,2167,0,0,0,0,0,0,2,200,7,70
1,2168,0,0,0,0,0,0,1,200,8,70
1,2168,0,0,0,0,0,0,2,200,8,70
1,2169,0,0,0,0,0,0,1,200,9,70
1,2169,0,0,0,0,0,0,2,200,9,70
1,2170,0,0,0,0,0,0,1,200,10,70
1,2170,0,0,0,0,0,0,2,200,10,70
1,2171,0,0,0,0,0,0,1,200,11,70
1,2171,0,0,0,0,0,0,2,200,11,70
1,2172,0,0,0,0,0,0,1,200,12,70
1,2172,0,0,0,0,0,0,2,200,12,70
1,2173,0,0,0,0,0,0,1,200,13,70
1,2173,0,0,0,0,0,0,2,200,13,70
1,2174,0,0,0,0,0,0,1,200,14,70
1,2174,0,0,0,0,0,0,2,200,14,70
1,2175,0,0,0,0,0,0,1,200,15,70
1,2175,0,0,0,0,0,0,2,200,15,70
1,2176,0,0,0,0,0,0,1,200,16,70
1,2176,0,0,0,0,0,0,2,200,16,70
1,2177,0,0,0,0,0,0,1,200,17,70
1,2177,0,0,0,0,0,0,2,200,17,70
1,2178,0,0,0,0,0,0,1,200,18,70
1,2178,0,0,0,0,0,0,2,200,18,70
1,2179,0,0,0,0,0,0,1,200,19,70
1,2179,0,0,0,0,0,0,2,200,19,70
1,2180,0,0,0,0,0,0,1,200,20,70
1,2180,0,0,0,0,0,0,2,200,20,70
1,2181,0,0,0,0,0,0,1,200,21,70
1,2181,0,0,0,0,0,0,2,200,21,70
1,2182,0,0,0,0,0,0,1,200,22,70
1,2182,0,0,0,0,0,0,2,200,22,70
1,2183,0,0,0,0,0,0,1,200,23,70
1,2183,0,0,0,0,0,0,2,200,23,70
1,2184,0,0,0,0,0,0,1,200,0,70
1,2184,0,0,0,0,0,0,2,200,0,70
1,2185,0,0,0,0,0,0,1,200,1,70
1,2185,0,0,0,0,0,0,2,200,1,70
1,2186,0,0,0,0,0,0,1,200,2,70
1,2186,0,0,0,0,0,0,2,200,2,70
1,2187,0,0,0,0,0,0,1,200,3,70
1,2187,0,0,0,0,0,0,2,200,3,70
1,2188,0,0,0,0,0,0,1,200,4,70
1,2188,0,0,0,0,0,0,2,200,4,70
1,2189,0,0,0,0,0,0,1,200,5,70
1,2189,0,0,0,0,0,0,2,200,5,70
1,2190,0,0,0,0,0,0,1,200,6,70
1,2190,0,0,0,0,0,0,2,200,6,70
1,2191,0,0,0,0,0,0,1,200,7,70
1,2191,0,0,0,0,0,0,2,200,7,70
1,2192,0,0,0,0,0,0,1,200,8,70
1,2192,0,0,0,0,0,0,2,200,8,70
1,2193,0,0,0,0,0,0,1,200,9,70
1,2193,0,0,0,0,0,0,2,200,9,70
1,2194,0,0,0,0,0,0,1,200,10,70
1,2194,0,0,0,0,0,0,2,200,10,70
1,2195,0,0,0,0,0,0,1,200,11,70
1,2195,0,0,0,0,0,0,2,200,11,70
1,2196,0,0,0,0,0,0,1,200,12,70
1,2196,0,0,0,0,0,0,2,200,12,70
1,2197,0,0,0,0,0,0,1,200,13,70
1,2197,0,0,0,0,0,0,2,200,13,70
1,2198,0,0,0,0,0,0,1,200,14,70
1,2198,0,0,0,0,0,0,2,200,14,70
1,2199,0,0,0,0,0,0,1,200,15,70
1,2199,0,0,0,0,0,0,2,200,15,70
1,2200,0,0,0,0,0,0,1,200,16,70
1,2200,0,0,0,0,0,0,2,200,16,70
1,2201,0,0,0,0,0,0,1,200,17,70
1,2201,0,0,0,0,0,0,2,200,17,70
1,2202,0,0,0,0,0,0,1,200,18,70
1,2202,0,0,0,0,0,0,2,200,18,70
1,2203,0,0,0,0,0,0,1,200,19,70
1,2203,0,0,0,0,0,0,2,200,19,70
1,2204,0,0,0,0,0,0,1,200,20,70
1,2204,0,0,0,0,0,0,2,200,20,70
1,2205,0,0,0,0,0,0,1,200,21,70
1,2205,0,0,0,0,0,0,2,200,21,70
1,2206,0,0,0,0,0,0,1,200,22,70
1,2206,0,0,0,0,0,0,2,200,22,70
1,2207,0,0,0,0,0,0,1,200,23,70
1,2207,0,0,0,0,0,0,2,200,23,70
1,2208,0,0,0,0,0,0,1,200,0,70
1,2208,0,0,0,0,0,0,2,200,0,70
1,2209,0,0,0,0,0,0,1,200,1,70
1,2209,0,0,0,0,0,0,2,200,1,70
1,2210,0,0,0,0,0,0,1,200,2,70
1,2210,0,0,0,0,0,0,2,200,2,70
1,2211,0,0,0,0,0,0,1,200,3,70
1,2211,0,0,0,0,0,0,2,200,3,70
1,2212,0,0,0,0,0,0,1,200,4,70
1,2212,0,0,0,0,0,0,2,200,4,70
1,2213,0,0,0,0,0,0,1,200,5,70
1,2213,0,0,0,0,0,0,2,200,5,70
1,2214,0,0,0,0,0,0,1,200,6,70
1,2214,0,0,0,0,0,0,2,200,6,70
1,2215,0,0,0,0,0,0,1,200,7,70
1,2215,0,0,0,0,0,0,2,200,7,70
1,2216,0,0,0,0,0,0,1,200,8,70
1,2216,0,0,0,0,0,0,2,200,8,70
1,2217,0,0,0,0,0,0,1,200,9,70
1,2217,0,0,0,0,0,0,2,200,9,70
1,2218,0,0,0,0,0,0,1,200,10,70
1,2218,0,0,0,0,0,0,2,200,10,70
1,2219,0,0,0,0,0,0,1,200,11,70
1,2219,0,0,0,0,0,0,2,200,11,70
1,2220,0,0,0,0,0,0,1,200,12,70
1,2220,0,0,0,0,0,0,2,200,12,70
1,2221,0,0,0,0,0,0,1,200,13,70
1,2221,0,0,0,0,0,0,2,200,13,70
1,2222,0,0,0,0,0,0,1,200,14,70
1,2222,0,0,0,0,0,0,2,200,14,70
1,2223,0,0,0,0,0,0,1,200,15,70
1,2223,0,0,0,0,0,0,2,200,15,70
1,2224,0,0,0,0,0,0,1,200,16,70
1,2224,0,0,0,0,0,0,2,200,16,70
1,2225,0,0,0,0,0,0,1,200,17,70
1,2225,0,0,0,0,0,0,2,200,17,70
1,2226,0,0,0,0,0,0,1,200,18,70
1,2226,0,0,0,0,0,0,2,200,18,70
1,2227,0,0,0,0,0,0,1,200,19,70
1,2227,0,0,0,0,0,0,2,200,19,70
1,2228,0,0,0,0,0,0,1,200,20,70
1,2228,0,0,0,0,0,0,2,200,20,70
1,2229,0,0,0,0,0,0,1,200,21,70
1,2229,0,0,0,0,0,0,2,200,21,70
1,2230,0,0,0,0,0,0,1,200,22,70
1,2230,0,0,0,0,0,0,2,200,22,70
1,2231,0,0,0,0,0,0,1,200,23,70
1,2231,0,0,0,0,0,0,2,200,23,70
1,2232,0,0,0,0,0,0,1,200,0,70
1,2232,0,0,0,0,0,0,2,200,0,70
1,2233,0,0,0,0,0,0,1,200,1,70
1,2233,0,0,0,0,0,0,2,200,1,70
1,2234,0,0,0,0,0,0,1,200,2,70
1,2234,0,0,0,0,0,0,2,200,2,70
1,2235,0,0,0,0,0,0,1,200,3,70
1,2235,0,0,0,0,0,0,2,200,3,70
1,2236,0,0,0,0,0,0,1,200,4,70
1,2236,0,0,0,0,0,0,2,200,4,70
1,2237,0,0,0,0,0,0,1,200,5,70
1,2237,0,0,0,0,0,0,2,200,5,70
1,2238,0,0,0,0,0,0,1,200,6,70
1,2238,0,0,0,0,0,0,2,200,6,70
1,2239,0,0,0,0,0,0,1,200,7,70
1,2239,0,0,0,0,0,0,2,200,7,70
1,2240,0,0,0,0,0,0,1,200,8,70
1,2240,0,0,0,0,0,0,2,200,8,70
1,2241,0,0,0,0,0,0,1,200,9,70
1,2241,0,0,0,0,0,0,2,200,9,70
1,2242,0,0,0,0,0,0,1,200,10,70
1,2242,0,0,0,0,0,0,2,200,10,70
1,2243,0,0,0,0,0,0,1,200,11,70
1,2243,0,0,0,0,0,0,2,200,11,70
1,2244,0,0,0,0,0,0,1,200,12,70
1,2244,0,0,0,0,0,0,2,200,12,70
1,2245,0,0,0,0,0,0,1,200,13,70
1,2245,0,0,0,0,0,0,2,200,13,70
1,2246,0,0,0,0,0,0,1,200,14,70
1,2246,0,0,0,0,0,0,2,200,14,70
1,2247,0,0,0,0,0,0,1,200,15,70
1,2247,0,0,0,0,0,0,2,200,15,70
1,2248,0,0,0,0,0,0,1,200,16,70
1,2248,0,0,0,0,0,0,2,200,16,70
1,2249,0,0,0,0,0,0,1,200,17,70
1,2249,0,0,0,0,0,0,2,200,17,70
1,2250,0,0,0,0,0,0,1,200,18,70
1,2250,0,0,0,0,0,0,2,200,18,70
1,2251,0,0,0,0,0,0,1,200,19,70
1,2251,0,0,0,0,0,0,2,200,19,70
1,2252,0,0,0,0,0,0,1,200,20,70
1,2252,0,0,0,0,0,0,2,200,20,70
1,2253,0,0,0,0,0,0,1,200,21,70
1,2253,0,0,0,0,0,0,2,200,21,70
1,2254,0,0,0,0,0,0,1,200,22,70
1,2254,0,0,0,0,0,0,2,200,22,70
1,2255,0,0,0,0,0,0,1,200,23,70
1,2255,0,0,0,0,0,0,2,200,23,70
1,2256,0,0,0,0,0,0,1,200,0,70
1,2256,0,0,0,0,0,0,2,200,0,70
1,2257,0,0,0,0,0,0,1,200,1,70
1,2257,0,0,0,0,0,0,2,200,1,70
1,2258,0,0,0,0,0,0,1,200,2,70
1,2258,0,0,0,0,0,0,2,200,2,70
1,2259,0,0,0,0,0,0,1,200,3,70
1,2259,0,0,0,0,0,0,2,200,3,70
1,2260,0,0,0,0,0,0,1,200,4,70
1,2260,0,0,0,0,0,0,2,200,4,70
1,2261,0,0,0,0,0,0,1,200,5,70
1,2261,0,0,0,0,0,0,2,200,5,70
1,2262,0,0,0,0,0,0,1,200,6,70
1,2262,0,0,0,0,0,0,2,200,6,70
1,2263,0,0,0,0,0,0,1,200,7,70
1,2263,0,0,0,0,0,0,2,200,7,70
1,2264,0,0,0,0,0,0,1,200,8,70
1,2264,0,0,0,0,0,0,2,200,8,70
1,2265,0,0,0,0,0,0,1,200,9,70
1,2265,0,0,0,0,0,0,2,200,9,70
1,2266,0,0,0,0,0,0,1,200,10,70
1,2266,0,0,0,0,0,0,2,200,10,70
1,2267,0,0,0,0,0,0,1,200,11,70
1,2267,0,0,0,0,0,0,2,200,11,70
1,2268,0,0,0,0,0,0,1,200,12,70
1,2268,0,0,0,0,0,0,2,200,12,70
1,2269,0,0,0,0,0,0,1,200,13,70
1,2269,0,0,0,0,0,0,2,200,13,70
1,2270,0,0,0,0,0,0,1,200,14,70
1,2270,0,0,0,0,0,0,2,200,14,70
1,2271,0,0,0,0,0,0,1,200,15,70
1,2271,0,0,0,0,0,0,2,200,15,70
1,2272,0,0,0,0,0,0,1,200,16,70
1,2272,0,0,0,0,0,0,2,200,16,70
1,2273,0,0,0,0,0,0,1,200,17,70
1,2273,0,0,0,0,0,0,2,200,17,70
1,2274,0,0,0,0,0,0,1,200,18,70
1,2274,0,0,0,0,0,0,2,200,18,70
1,2275,0,0,0,0,0,0,1,200,19,70
1,2275,0,0,0,0,0,0,2,200,19,70
1,2276,0,0,0,0,0,0,1,200,20,70
1,2276,0,0,0,0,0,0,2,200,20,70
1,2277,0,0,0,0,0,0,1,200,21,70
1,2277,0,0,0,0,0,0,2,200,21,70
1,2278,0,0,0,0,0,0,1,200,22,70
1,2278,0,0,0,0,0,0,2,200,22,70
1,2279,0,0,0,0,0,0,1,200,23,70
1,2279,0,0,0,0,0,0,2,200,23,70
1,2280,0,0,0,0,0,0,1,200,0,70
1,2280,0,0,0,0,0,0,2,200,0,70
1,2281,0,0,0,0,0,0,1,200,1,70
1,2281,0,0,0,0,0,0,2,200,1,70
1,2282,0,0,0,0,0,0,1,200,2,70
1,2282,0,0,0,0,0,0,2,200,2,70
1,2283,0,0,0,0,0,0,1,200,3,70
1,2283,0,0,0,0,0,0,2,200,3,70
1,2284,0,0,0,0,0,0,1,200,4,70
1,2284,0,0,0,0,0,0,2,200,4,70
1,2285,0,0,0,0,0,0,1,200,5,70
1,2285,0,0,0,0,0,0,2,200,5,70
1,2286,0,0,0,0,0,0,1,200,6,70
1,2286,0,0,0,0,0,0,2,200,6,70
1,2287,0,0,0,0,0,0,1,200,7,70
1,2287,0,0,0,0,0,0,2,200,7,70
1,2288,0,0,0,0,0,0,1,200,8,70
1,2288,0,0,0,0,0,0,2,200,8,70
1,2289,0,0,0,0,0,0,1,200,9,70
1,2289,0,0,0,0,0,0,2,200,9,70
1,2290,0,0,0,0,0,0,1,200,10,70
1,2290,0,0,0,0,0,0,2,200,10,70
1,2291,0,0,0,0,0,0,1,200,11,70
1,2291,0,0,0,0,0,0,2,200,11,70
1,2292,0,0,0,0,0,0,1,200,12,70
1,2292,0,0,0,0,0,0,2,200,12,70
1,2293,0,0,0,0,0,0,1,200,13,70
1,2293,0,0,0,0,0,0,2,200,13,70
1,2294,0,0,0,0,0,0,1,200,14,70
1,2294,0,0,0,0,0,0,2,200,14,70
1,2295,0,0,0,0,0,0,1,200,15,70
1,2295,0,0,0,0,0,0,2,200,15,70
1,2296,0,0,0,0,0,0,1,200,16,70
1,2296,0,0,0,0,0,0,2,200,16,70
1,2297,0,0,0,0,0,0,1,200,17,70
1,2297,0,0,0,0,0,0,2,200,17,70
1,2298,0,0,0,0,0,0,1,200,18,70
1,2298,0,0,0,0,0,0,2,200,18,70
1,2299,0,0,0,0,0,0,1,200,19,70
1,2299,0,0,0,0,0,0,2,200,19,70
1,2300,0,0,0,0,0,0,1,200,20,70
1,2300,0,0,0,0,0,0,2,200,20,70
1,2301,0,0,0,0,0,0,1,200,21,70
1,2301,0,0,0,0,0,0,2,200,21,70
1,2302,0,0,0,0,0,0,1,200,22,70
1,2302,0,0,0,0,0,0,2,200,22,70
1,2303,0,0,0,0,0,0,1,200,23,70
1,2303,0,0,0,0,0,0,2,200,23,70
1,2304,0,0,0,0,0,0,1,200,0,70
1,2304,0,0,0,0,0,0,2,200,0,70
1,2305,0,0,0,0,0,0,1,200,1,70
1,2305,0,0,0,0,0,0,2,200,1,70
1,2306,0,0,0,0,0,0,1,200,2,70
1,2306,0,0,0,0,0,0,2,200,2,70
1,2307,0,0,0,0,0,0,1,200,3,70
1,2307,0,0,0,0,0,0,2,200,3,70
1,2308,0,0,0,0,0,0,1,200,4,70
1,2308,0,0,0,0,0,0,2,200,4,70
1,2309,0,0,0,0,0,0,1,200,5,70
1,2309,0,0,0,0,0,0,2,200,5,70
1,2310,0,0,0,0,0,0,1,200,6,70
1,2310,0,0,0,0,0,0,2,200,6,70
1,2311,0,0,0,0,0,0,1,200,7,70
1,2311,0,0,0,0,0,0,2,200,7,70
1,2312,0,0,0,0,0,0,1,200,8,70
1,2312,0,0,0,0,0,0,2,200,8,70
1,2313,0,0,0,0,0,0,1,200,9,70
1,2313,0,0,0,0,0,0,2,200,9,70
1,2314,0,0,0,0,0,0,1,200,10,70
1,2314,0,0,0,0,0,0,2,200,10,70
1,2315,0,0,0,0,0,0,1,200,11,70
1,2315,0,0,0,0,0,0,2,200,11,70
1,2316,0,0,0,0,0,0,1,200,12,70
1,2316,0,0,0,0,0,0,2,200,12,70
1,2317,0,0,0,0,0,0,1,200,13,70
1,2317,0,0,0,0,0,0,2,200,13,70
1,2318,0,0,0,0,0,0,1,200,14,70
1,2318,0,0,0,0,0,0,2,200,14,70
1,2319,0,0,0,0,0,0,1,200,15,70
1,2319,0,0,0,0,0,0,2,200,15,70
1,2320,0,0,0,0,0,0,1,200,16,70
1,2320,0,0,0,0,0,0,2,200,16,70
1,2321,0,0,0,0,0,0,1,200,17,70
1,2321,0,0,0,0,0,0,2,200,17,70
1,2322,0,0,0,0,0,0,1,200,18,70
1,2322,0,0,0,0,0,0,2,200,18,70
1,2323,0,0,0,0,0,0,1,200,19,70
1,2323,0,0,0,0,0,0,2,200,19,70
1,2324,0,0,0,0,0,0,1,200,20,70
1,2324,0,0,0,0,0,0,2,200,20,70
1,2325,0,0,0,0,0,0,1,200,21,70
1,2325,0,0,0,0,0,0,2,200,21,70
1,2326,0,0,0,0,0,0,1,200,22,70
1,2326,0,0,0,0,0,0,2,200,22,70
1,2327,0,0,0,0,0,0,1,200,23,70
1,2327,0,0,0,0,0,0,2,200,23,70
1,2328,0,0,0,0,0,0,1,200,0,70
1,2328,0,0,0,0,0,0,2,200,0,70
1,2329,0,0,0,0,0,0,1,200,1,70
1,2329,0,0,0,0,0,0,2,200,1,70
1,2330,0,0,0,0,0,0,1,200,2,70
1,2330,0,0,0,0,0,0,2,200,2,70
1,2331,0,0,0,0,0,0,1,200,3,70
1,2331,0,0,0,0,0,0,2,200,3,70
1,2332,0,0,0,0,0,0,1,200,4,70
1,2332,0,0,0,0,0,0,2,200,4,70
1,2333,0,0,0,0,0,0,1,200,5,70
1,2333,0,0,0,0,0,0,2,200,5,70
1,2334,0,0,0,0,0,0,1,200,6,70
1,2334,0,0,0,0,0,0,2,200,6,70
1,2335,0,0,0,0,0,0,1,200,7,70
1,2335,0,0,0,0,0,0,2,200,7,70
1,2336,0,0,0,0,0,0,1,200,8,70
1,2336,0,0,0,0,0,0,2,200,8,70
1,2337,0,0,0,0,0,0,1,200,9,70
1,2337,0,0,0,0,0,0,2,200,9,70
1,2338,0,0,0,0,0,0,1,200,10,70
1,2338,0,0,0,0,0,0,2,200,10,70
1,2339,0,0,0,0,0,0,1,200,11,70
1,2339,0,0,0,0,0,0,2,200,11,70
1,2340,0,0,0,0,0,0,1,200,12,70
1,2340,0,0,0,0,0,0,2,200,12,70
1,2341,0,0,0,0,0,0,1,200,13,70
1,2341,0,0,0,0,0,0,2,200,13,70
1,2342,0,0,0,0,0,0,1,200,14,70
1,2342,0,0,0,0,0,0,2,200,14,70
1,2343,0,0,0,0,0,0,1,200,15,70
1,2343,0,0,0,0,0,0,2,200,15,70
1,2344,0,0,0,0,0,0,1,200,16,70
1,2344,0,0,0,0,0,0,2,200,16,70
1,2345,0,0,0,0,0,0,1,200,17,70
1,2345,0,0,0,0,0,0,2,200,17,70
1,2346,0,0,0,0,0,0,1,200,18,70
1,2346,0,0,0,0,0,0,2,200,18,70
1,2347,0,0,0,0,0,0,1,200,19,70
1,2347,0,0,0,0,0,0,2,200,19,70
1,2348,0,0,0,0,0,0,1,200,20,70
1,2348,0,0,0,0,0,0,2,200,20,70
1,2349,0,0,0,0,0,0,1,200,21,70
1,2349,0,0,0,0,0,0,2,200,21,70
1,2350,0,0,0,0,0,0,1,200,22,70
1,2350,0,0,0,0,0,0,2,200,22,70
1,2351,0,0,0,0,0,0,1,200,23,70
1,2351,0,0,0,0,0,0,2,200,23,70
1,2352,0,0,0,0,0,0,1,200,0,70
1,2352,0,0,0,0,0,0,2,200,0,70
1,2353,0,0,0,0,0,0,1,200,1,70
1,2353,0,0,0,0,0,0,2,200,1,70
1,2354,0,0,0,0,0,0,1,200,2,70
1,2354,0,0,0,0,0,0,2,200,2,70
1,2355,0,0,0,0,0,0,1,200,3,70
1,2355,0,0,0,0,0,0,2,200,3,70
1,2356,0,0,0,0,0,0,1,200,4,70
1,2356,0,0,0,0,0,0,2,200,4,70
1,2357,0,0,0,0,0,0,1,200,5,70
1,2357,0,0,0,0,0,0,2,200,5,70
1,2358,0,0,0,0,0,0,1,200,6,70
1,2358,0,0,0,0,0,0,2,200,6,70
1,2359,0,0,0,0,0,0,1,200,7,70
1,2359,0,0,0,0,0,0,2,200,7,70
1,2360,0,0,0,0,0,0,1,200,8,70
1,2360,0,0,0,0,0,0,2,200,8,70
1,2361,0,0,0,0,0,0,1,200,9,70
1,2361,0,0,0,0,0,0,2,200,9,70
1,2362,0,0,0,0,0,0,1,200,10,70
1,2362,0,0,0,0,0,0,2,200,10,70
1,2363,0,0,0,0,0,0,1,200,11,70
1,2363,0,0,0,0,0,0,2,200,11,70
1,2364,0,0,0,0,0,0,1,200,12,70
1,2364,0,0,0,0,0,0,2,200,12,70
1,2365,0,0,0,0,0,0,1,200,13,70
1,2365,0,0,0,0,0,0,2,200,13,70
1,2366,0,0,0,0,0,0,1,200,14,70
1,2366,0,0,0,0,0,0,2,200,14,70
1,2367,0,0,0,0,0,0,1,200,15,70
1,2367,0,0,0,0,0,0,2,200,15,70
1,2368,0,0,0,0,0,0,1,200,16,70
1,2368,0,0,0,0,0,0,2,200,16,70
1,2369,0,0,0,0,0,0,1,200,17,70
1,2369,0,0,0,0,0,0,2,200,17,70
1,2370,0,0,0,0,0,0,1,200,18,70
1,2370,0,0,0,0,0,0,2,200,18,70
1,2371,0,0,0,0,0,0,1,200,19,70
1,2371,0,0,0,0,0,0,2,200,19,70
1,2372,0,0,0,0,0,0,1,200,20,70
1,2372,0,0,0,0,0,0,2,200,20,70
1,2373,0,0,0,0,0,0,1,200,21,70
1,2373,0,0,0,0,0,0,2,200,21,70
1,2374,0,0,0,0,0,0,1,200,22,70
1,2374,0,0,0,0,0,0,2,200,22,70
1,2375,0,0,0,0,0,0,1,200,23,70
1,2375,0,0,0,0,0,0,2,200,23,70
1,2376,0,0,0,0,0,0,1,200,0,70
1,2376,0,0,0,0,0,0,2,200,0,70
1,2377,0,0,0,0,0,0,1,200,1,70
1,2377,0,0,0,0,0,0,2,200,1,70
1,2378,0,0,0,0,0,0,1,200,2,70
1,2378,0,0,0,0,0,0,2,200,2,70
1,2379,0,0,0,0,0,0,1,200,3,70
1,2379,0,0,0,0,0,0,2,200,3,70
1,2380,0,0,0,0,0,0,1,200,4,70
1,2380,0,0,0,0,0,0,2,200,4,70
1,2381,0,0,0,0,0,0,1,200,5,70
1,2381,0,0,0,0,0,0,2,200,5,70
1,2382,0,0,0,0,0,0,1,200,6,70
1,2382,0,0,0,0,0,0,2,200,6,70
1,2383,0,0,0,0,0,0,1,200,7,70
1,2383,0,0,0,0,0,0,2,200,7,70
1,2384,0,0,0,0,0,0,1,200,8,70
1,2384,0,0,0,0,0,0,2,200,8,70
1,2385,0,0,0,0,0,0,1,200,9,70
1,2385,0,0,0,0,0,0,2,200,9,70
1,2386,0,0,0,0,0,0,1,200,10,70
1,2386,0,0,0,0,0,0,2,200,10,70
1,2387,0,0,0,0,0,0,1,200,11,70
1,2387,0,0,0,0,0,0,2,200,11,70
1,2388,0,0,0,0,0,0,1,200,12,70
1,2388,0,0,0,0,0,0,2,200,12,70
1,2389,0,0,0,0,0,0,1,200,13,70
1,2389,0,0,0,0,0,0,2,200,13,70
1,2390,0,0,0,0,0,0,1,200,14,70
1,2390,0,0,0,0,0,0,2,200,14,70
1,2391,0,0,0,0,0,0,1,200,15,70
1,2391,0,0,0,0,0,0,2,200,15,70
1,2392,0,0,0,0,0,0,1,200,16,70
1,2392,0,0,0,0,0,0,2,200,16,70
1,2393,0,0,0,0,0,0,1,200,17,70
1,2393,0,0,0,0,0,0,2,200,17,70
1,2394,0,0,0,0,0,0,1,200,18,70
1,2394,0,0,0,0,0,0,2,200,18,70
1,2395,0,0,0,0,0,0,1,200,19,70
1,2395,0,0,0,0,0,0,2,200,19,70
1,2396,0,0,0,0,0,0,1,200,20,70
1,2396,0,0,0,0,0,0,2,200,20,70
1,2397,0,0,0,0,0,0,1,200,21,70
1,2397,0,0,0,0,0,0,2,200,21,70
1,2398,0,0,0,0,0,0,1,200,22,70
1,2398,0,0,0,0,0,0,2,200,22,70
1,2399,0,0,0,0,0,0,1,200,23,70
1,2399,0,0,0,0,0,0,2,200,23,70
1,2400,0,0,0,0,0,0,1,200,0,70
1,2400,0,0,0,0,0,0,2,200,0,70
1,2401,0,0,0,0,0,0,1,200,1,70
1,2401,0,0,0,0,0,0,2,200,1,70
1,2402,0,0,0,0,0,0,1,200,2,70
1,2402,0,0,0,0,0,0,2,200,2,70
1,2403,0,0,0,0,0,0,1,200,3,70
1,2403,0,0,0,0,0,0,2,200,3,70
1,2404,0,0,0,0,0,0,1,200,4,70
1,2404,0,0,0,0,0,0,2,200,4,70
1,2405,0,0,0,0,0,0,1,200,5,70
1,2405,0,0,0,0,0,0,2,200,5,70
1,2406,0,0,0,0,0,0,1,200,6,70
1,2406,0,0,0,0,0,0,2,200,6,70
1,2407,0,0,0,0,0,0,1,200,7,70
1,2407,0,0,0,0,0,0,2,200,7,70
1,2408,0,0,0,0,0,0,1,200,8,70
1,2408,0,0,0,0,0,0,2,200,8,70
1,2409,0,0,0,0,0,0,1,200,9,70
1,2409,0,0,0,0,0,0,2,200,9,70
1,2410,0,0,0,0,0,0,1,200,10,70
1,2410,0,0,0,0,0,0,2,200,10,70
1,2411,0,0,0,0,0,0,1,200,11,70
1,2411,0,0,0,0,0,0,2,200,11,70
1,2412,0,0,0,0,0,0,1,200,12,70
1,2412,0,0,0,0,0,0,2,200,12,70
1,2413,0,0,0,0,0,0,1,200,13,70
1,2413,0,0,0,0,0,0,2,200,13,70
1,2414,0,0,0,0,0,0,1,200,14,70
1,2414,0,0,0,0,0,0,2,200,14,70
1,2415,0,0,0,0,0,0,1,200,15,70
1,2415,0,0,0,0,0,0,2,200,15,70
1,2416,0,0,0,0,0,0,1,200,16,70
1,2416,0,0,0,0,0,0,2,200,16,70
1,2417,0,0,0,0,0,0,1,200,17,70
1,2417,0,0,0,0,0,0,2,200,17,70
1,2418,0,0,0,0,0,0,1,200,18,70
1,2418,0,0,0,0,0,0,2,200,18,70
1,2419,0,0,0,0,0,0,1,200,19,70
1,2419,0,0,0,0,0,0,2,200,19,70
1,2420,0,0,0,0,0,0,1,200,20,70
1,2420,0,0,0,0,0,0,2,200,20,70
1,2421,0,0,0,0,0,0,1,200,21,70
1,2421,0,0,0,0,0,0,2,200,21,70
1,2422,0,0,0,0,0,0,1,200,22,70
1,2422,0,0,0,0,0,0,2,200,22,70
1,2423,0,0,0,0,0,0,1,200,23,70
1,2423,0,0,0,0,0,0,2,200,23,70
1,2424,0,0,0,0,0,0,1,200,0,70
1,2424,0,0,0,0,0,0,2,200,0,70
1,2425,0,0,0,0,0,0,1,200,1,70
1,2425,0,0,0,0,0,0,2,200,1,70
1,2426,0,0,0,0,0,0,1,200,2,70
1,2426,0,0,0,0,0,0,2,200,2,70
1,2427,0,0,0,0,0,0,1,200,3,70
1,2427,0,0,0,0,0,0,2,200,3,70
1,2428,0,0,0,0,0,0,1,200,4,70
1,2428,0,0,0,0,0,0,2,200,4,70
1,2429,0,0,0,0,0,0,1,200,5,70
1,2429,0,0,0,0,0,0,2,200,5,70
1,2430,0,0,0,0,0,0,1,200,6,70
1,2430,0,0,0,0,0,0,2,200,6,70
1,2431,0,0,0,0,0,0,1,200,7,70
1,2431,0,0,0,0,0,0,2,200,7,70
1,2432,0,0,0,0,0,0,1,200,8,70
1,2432,0,0,0,0,0,0,2,200,8,70
1,2433,0,0,0,0,0,0,1,200,9,70
1,2433,0,0,0,0,0,0,2,200,9,70
1,2434,0,0,0,0,0,0,1,200,10,70
1,2434,0,0,0,0,0,0,2,200,10,70
1,2435,0,0,0,0,0,0,1,200,11,70
1,2435,0,0,0,0,0,0,2,200,11,70
1,2436,0,0,0,0,0,0,1,200,12,70
1,2436,0,0,0,0,0,0,2,200,12,70
1,2437,0,0,0,0,0,0,1,200,13,70
1,2437,0,0,0,0,0,0,2,200,13,70
1,2438,0,0,0,0,0,0,1,200,14,70
1,2438,0,0,0,0,0,0,2,200,14,70
1,2439,0,0,0,0,0,0,1,200,15,70
1,2439,0,0,0,0,0,0,2,200,15,70
1,2440,0,0,0,0,0,0,1,200,16,70
1,2440,0,0,0,0,0,0,2,200,16,70
1,2441,0,0,0,0,0,0,1,200,17,70
1,2441,0,0,0,0,0,0,2,200,17,70
1,2442,0,0,0,0,0,0,1,200,18,70
1,2442,0,0,0,0,0,0,2,200,18,70
1,2443,0,0,0,0,0,0,1,200,19,70
1,2443,0,0,0,0,0,0,2,200,19,70
1,2444,0,0,0,0,0,0,1,200,20,70
1,2444,0,0,0,0,0,0,2,200,20,70
1,2445,0,0,0,0,0,0,1,200,21,70
1,2445,0,0,0,0,0,0,2,200,21,70
1,2446,0,0,0,0,0,0,1,200,22,70
1,2446,0,0,0,0,0,0,2,200,22,70
1,2447,0,0,0,0,0,0,1,200,23,70
1,2447,0,0,0,0,0,0,2,200,23,70
1,2448,0,0,0,0,0,0,1,200,0,70
1,2448,0,0,0,0,0,0,2,200,0,70
1,2449,0,0,0,0,0,0,1,200,1,70
1,2449,0,0,0,0,0,0,2,200,1,70
1,2450,0,0,0,0,0,0,1,200,2,70
1,2450,0,0,0,0,0,0,2,200,2,70
1,2451,0,0,0,0,0,0,1,200,3,70
1,2451,0,0,0,0,0,0,2,200,3,70
1,2452,0,0,0,0,0,0,1,200,4,70
1,2452,0,0,0,0,0,0,2,200,4,70
1,2453,0,0,0,0,0,0,1,200,5,70
1,2453,0,0,0,0,0,0,2,200,5,70
1,2454,0,0,0,0,0,0,1,200,6,70
1,2454,0,0,0,0,0,0,2,200,6,70
1,2455,0,0,0,0,0,0,1,200,7,70
1,2455,0,0,0,0,0,0,2,200,7,70
1,2456,0,0,0,0,0,0,1,200,8,70
1,2456,0,0,0,0,0,0,2,200,8,70
1,2457,0,0,0,0,0,0,1,200,9,70
1,2457,0,0,0,0,0,0,2,200,9,70
1,2458,0,0,0,0,0,0,1,200,10,70
1,2458,0,0,0,0,0,0,2,200,10,70
1,2459,0,0,0,0,0,0,1,200,11,70
1,2459,0,0,0,0,0,0,2,200,11,70
1,2460,0,0,0,0,0,0,1,200,12,70
1,2460,0,0,0,0,0,0,2,200,12,70
1,2461,0,0,0,0,0,0,1,200,13,70
1,2461,0,0,0,0,0,0,2,200,13,70
1,2462,0,0,0,0,0,0,1,200,14,70
1,2462,0,0,0,0,0,0,2,200,14,70
1,2463,0,0,0,0,0,0,1,200,15,70
1,2463,0,0,0,0,0,0,2,200,15,70
1,2464,0,0,0,0,0,0,1,200,16,70
1,2464,0,0,0,0,0,0,2,200,16,70
1,2465,0,0,0,0,0,0,1,200,17,70
1,2465,0,0,0,0,0,0,2,200,17,70
1,2466,0,0,0,0,0,0,1,200,18,70
1,2466,0,0,0,0,0,0,2,200,18,70
1,2467,0,0,0,0,0,0,1,200,19,70
1,2467,0,0,0,0,0,0,2,200,19,70
1,2468,0,0,0,0,0,0,1,200,20,70
1,2468,0,0,0,0,0,0,2,200,20,70
1,2469,0,0,0,0,0,0,1,200,21,70
1,2469,0,0,0,0,0,0,2,200,21,70
1,2470,0,0,0,0,0,0,1,200,22,70
1,2470,0,0,0,0,0,0,2,200,22,70
1,2471,0,0,0,0,0,0,1,200,23,70
1,2471,0,0,0,0,0,0,2,200,23,70
1,2472,0,0,0,0,0,0,1,200,0,70
1,2472,0,0,0,0,0,0,2,200,0,70
1,2473,0,0,0,0,0,0,1,200,1,70
1,2473,0,0,0,0,0,0,2,200,1,70
1,2474,0,0,0,0,0,0,1,200,2,70
1,2474,0,0,0,0,0,0,2,200,2,70
1,2475,0,0,0,0,0,0,1,200,3,70
1,2475,0,0,0,0,0,0,2,200,3,70
1,2476,0,0,0,0,0,0,1,200,4,70
1,2476,0,0,0,0,0,0,2,200,4,70
1,2477,0,0,0,0,0,0,1,200,5,70
1,2477,0,0,0,0,0,0,2,200,5,70
1,2478,0,0,0,0,0,0,1,200,6,70
1,2478,0,0,0,0,0,0,2,200,6,70
1,2479,0,0,0,0,0,0,1,200,7,70
1,2479,0,0,0,0,0,0,2,200,7,70
1,2480,0,0,0,0,0,0,1,200,8,70
1,2480,0,0,0,0,0,0,2,200,8,70
1,2481,0,0,0,0,0,0,1,200,9,70
1,2481,0,0,0,0,0,0,2,200,9,70
1,2482,0,0,0,0,0,0,1,200,10,70
1,2482,0,0,0,0,0,0,2,200,10,70
1,2483,0,0,0,0,0,0,1,200,11,70
1,2483,0,0,0,0,0,0,2,200,11,70
1,2484,0,0,0,0,0,0,1,200,12,70
1,2484,0,0,0,0,0,0,2,200,12,70
1,2485,0,0,0,0,0,0,1,200,13,70
1,2485,0,0,0,0,0,0,2,200,13,70
1,2486,0,0,0,0,0,0,1,200,14,70
1,2486,0,0,0,0,0,0,2,200,14,70
1,2487,0,0,0,0,0,0,1,200,15,70
1,2487,0,0,0,0,0,0,2,200,15,70
1,2488,0,0,0,0,0,0,1,200,16,70
1,2488,0,0,0,0,0,0,2,200,16,70
1,2489,0,0,0,0,0,0,1,200,17,70
1,2489,0,0,0,0,0,0,2,200,17,70
1,2490,0,0,0,0,0,0,1,200,18,70
1,2490,0,0,0,0,0,0,2,200,18,70
1,2491,0,0,0,0,0,0,1,200,19,70
1,2491,0,0,0,0,0,0,2,200,19,70
1,2492,0,0,0,0,0,0,1,200,20,70
1,2492,0,0,0,0,0,0,2,200,20,70
1,2493,0,0,0,0,0,0,1,200,21,70
1,2493,0,0,0,0,0,0,2,200,21,70
1,2494,0,0,0,0,0,0,1,200,22,70
1,2494,0,0,0,0,0,0,2,200,22,70
1,2495,0,0,0,0,0,0,1,200,23,70
1,2495,0,0,0,0,0,0,2,200,23,70
1,2496,0,0,0,0,0,0,1,200,0,70
1,2496,0,0,0,0,0,0,2,200,0,70
1,2497,0,0,0,0,0,0,1,200,1,70
1,2497,0,0,0,0,0,0,2,200,1,70
1,2498,0,0,0,0,0,0,1,200,2,70
1,2498,0,0,0,0,0,0,2,200,2,70
1,2499,0,0,0,0,0,0,1,200,3,70
1,2499,0,0,0,0,0,0,2,200,3,70
1,2500,0,0,0,0,0,0,1,200,4,70
1,2500,0,0,0,0,0,0,2,200,4,70
1,2501,0,0,0,0,0,0,1,200,5,70
1,2501,0,0,0,0,0,0,2,200,5,70
1,2502,0,0,0,0,0,0,1,200,6,70
1,2502,0,0,0,0,0,0,2,200,6,70
1,2503,0,0,0,0,0,0,1,200,7,70
1,2503,0,0,0,0,0,0,2,200,7,70
1,2504,0,0,0,0,0,0,1,200,8,70
1,2504,0,0,0,0,0,0,2,200,8,70
1,2505,0,0,0,0,0,0,1,200,9,70
1,2505,0,0,0,0,0,0,2,200,9,70
1,2506,0,0,0,0,0,0,1,200,10,70
1,2506,0,0,0,0,0,0,2,200,10,70
1,2507,0,0,0,0,0,0,1,200,11,70
1,2507,0,0,0,0,0,0,2,200,11,70
1,2508,0,0,0,0,0,0,1,200,12,70
1,2508,0,0,0,0,0,0,2,200,12,70
1,2509,0,0,0,0,0,0,1,200,13,70
1,2509,0,0,0,0,0,0,2,200,13,70
1,2510,0,0,0,0,0,0,1,200,14,70
1,2510,0,0,0,0,0,0,2,200,14,70
1,2511,0,0,0,0,0,0,1,200,15,70
1,2511,0,0,0,0,0,0,2,200,15,70
1,2512,0,0,0,0,0,0,1,200,16,70
1,2512,0,0,0,0,0,0,2,200,16,70
1,2513,0,0,0,0,0,0,1,200,17,70
1,2513,0,0,0,0,0,0,2,200,17,70
1,2514,0,0,0,0,0,0,1,200,18,70
1,2514,0,0,0,0,0,0,2,200,18,70
1,2515,0,0,0,0,0,0,1,200,19,70
1,2515,0,0,0,0,0,0,2,200,19,70
1,2516,0,0,0,0,0,0,1,200,20,70
1,2516,0,0,0,0,0,0,2,200,20,70
1,2517,0,0,0,0,0,0,1,200,21,70
1,2517,0,0,0,0,0,0,2,200,21,70
1,2518,0,0,0,0,0,0,1,200,22,70
1,2518,0,0,0,0,0,0,2,200,22,70
1,2519,0,0,0,0,0,0,1,200,23,70
1,2519,0,0,0,0,0,0,2,200,23,70
1,2520,0,0,0,0,0,0,1,200,0,70
1,2520,0,0,0,0,0,0,2,200,0,70
1,2521,0,0,0,0,0,0,1,200,1,70
1,2521,0,0,0,0,0,0,2,200,1,70
1,2522,0,0,0,0,0,0,1,200,2,70
1,2522,0,0,0,0,0,0,2,200,2,70
1,2523,0,0,0,0,0,0,1,200,3,70
1,2523,0,0,0,0,0,0,2,200,3,70
1,2524,0,0,0,0,0,0,1,200,4,70
1,2524,0,0,0,0,0,0,2,200,4,70
1,2525,0,0,0,0,0,0,1,200,5,70
1,2525,0,0,0,0,0,0,2,200,5,70
1,2526,0,0,0,0,0,0,1,200,6,70
1,2526,0,0,0,0,0,0,2,200,6,70
1,2527,0,0,0,0,0,0,1,200,7,70
1,2527,0,0,0,0,0,0,2,200,7,70
1,2528,0,0,0,0,0,0,1,200,8,70
1,2528,0,0,0,0,0,0,2,200,8,70
1,2529,0,0,0,0,0,0,1,200,9,70
1,2529,0,0,0,0,0,0,2,200,9,70
1,2530,0,0,0,0,0,0,1,200,10,70
1,2530,0,0,0,0,0,0,2,200,10,70
1,2531,0,0,0,0,0,0,1,200,11,70
1,2531,0,0,0,0,0,0,2,200,11,70
1,2532,0,0,0,0,0,0,1,200,12,70
1,2532,0,0,0,0,0,0,2,200,12,70
1,2533,0,0,0,0,0,0,1,200,13,70
1,2533,0,0,0,0,0,0,2,200,13,70
1,2534,0,0,0,0,0,0,1,200,14,70
1,2534,0,0,0,0,0,0,2,200,14,70
1,2535,0,0,0,0,0,0,1,200,15,70
1,2535,0,0,0,0,0,0,2,200,15,70
1,2536,0,0,0,0,0,0,1,200,16,70
1,2536,0,0,0,0,0,0,2,200,16,70
1,2537,0,0,0,0,0,0,1,200,17,70
1,2537,0,0,0,0,0,0,2,200,17,70
1,2538,0,0,0,0,0,0,1,200,18,70
1,2538,0,0,0,0,0,0,2,200,18,70
1,2539,0,0,0,0,0,0,1,200,19,70
1,2539,0,0,0,0,0,0,2,200,19,70
1,2540,0,0,0,0,0,0,1,200,20,70
1,2540,0,0,0,0,0,0,2,200,20,70
1,2541,0,0,0,0,0,0,1,200,21,70
1,2541,0,0,0,0,0,0,2,200,21,70
1,2542,0,0,0,0,0,0,1,200,22,70
1,2542,0,0,0,0,0,0,2,200,22,70
1,2543,0,0,0,0,0,0,1,200,23,70
1,2543,0,0,0,0,0,0,2,200,23,70
1,2544,0,0,0,0,0,0,1,200,0,70
1,2544,0,0,0,0,0,0,2,200,0,70
1,2545,0,0,0,0,0,0,1,200,1,70
1,2545,0,0,0,0,0,0,2,200,1,70
1,2546,0,0,0,0,0,0,1,200,2,70
1,2546,0,0,0,0,0,0,2,200,2,70
1,2547,0,0,0,0,0,0,1,200,3,70
1,2547,0,0,0,0,0,0,2,200,3,70
1,2548,0,0,0,0,0,0,1,200,4,70
1,2548,0,0,0,0,0,0,2,200,4,70
1,2549,0,0,0,0,0,0,1,200,5,70
1,2549,0,0,0,0,0,0,2,200,5,70
1,2550,0,0,0,0,0,0,1,200,6,70
1,2550,0,0,0,0,0,0,2,200,6,70
1,2551,0,0,0,0,0,0,1,200,7,70
1,2551,0,0,0,0,0,0,2,200,7,70
1,2552,0,0,0,0,0,0,1,200,8,70
1,2552,0,0,0,0,0,0,2,200,8,70
1,2553,0,0,0,0,0,0,1,200,9,70
1,2553,0,0,0,0,0,0,2,200,9,70
1,2554,0,0,0,0,0,0,1,200,10,70
1,2554,0,0,0,0,0,0,2,200,10,70
1,2555,0,0,0,0,0,0,1,200,11,70
1,2555,0,0,0,0,0,0,2,200,11,70
1,2556,0,0,0,0,0,0,1,200,12,70
1,2556,0,0,0,0,0,0,2,200,12,70
1,2557,0,0,0,0,0,0,1,200,13,70
1,2557,0,0,0,0,0,0,2,200,13,70
1,2558,0,0,0,0,0,0,1,200,14,70
1,2558,0,0,0,0,0,0,2,200,14,70
1,2559,0,0,0,0,0,0,1,200,15,70
1,2559,0,0,0,0,0,0,2,200,15,70
1,2560,0,0,0,0,0,0,1,200,16,70
1,2560,0,0,0,0,0,0,2,200,16,70
1,2561,0,0,0,0,0,0,1,200,17,70
1,2561,0,0,0,0,0,0,2,200,17,70
1,2562,0,0,0,0,0,0,1,200,18,70
1,2562,0,0,0,0,0,0,2,200,18,70
1,2563,0,0,0,0,0,0,1,200,19,70
1,2563,0,0,0,0,0,0,2,200,19,70
1,2564,0,0,0,0,0,0,1,200,20,70
1,2564,0,0,0,0,0,0,2,200,20,70
1,2565,0,0,0,0,0,0,1,200,21,70
1,2565,0,0,0,0,0,0,2,200,21,70
1,2566,0,0,0,0,0,0,1,200,22,70
1,2566,0,0,0,0,0,0,2,200,22,70
1,2567,0,0,0,0,0,0,1,200,23,70
1,2567,0,0,0,0,0,0,2,200,23,70
1,2568,0,0,0,0,0,0,1,200,0,70
1,2568,0,0,0,0,0,0,2,200,0,70
1,2569,0,0,0,0,0,0,1,200,1,70
1,2569,0,0,0,0,0,0,2,200,1,70
1,2570,0,0,0,0,0,0,1,200,2,70
1,2570,0,0,0,0,0,0,2,200,2,70
1,2571,0,0,0,0,0,0,1,200,3,70
1,2571,0,0,0,0,0,0,2,200,3,70
1,2572,0,0,0,0,0,0,1,200,4,70
1,2572,0,0,0,0,0,0,2,200,4,70
1,2573,0,0,0,0,0,0,1,200,5,70
1,2573,0,0,0,0,0,0,2,200,5,70
1,2574,0,0,0,0,0,0,1,200,6,70
1,2574,0,0,0,0,0,0,2,200,6,70
1,2575,0,0,0,0,0,0,1,200,7,70
1,2575,0,0,0,0,0,0,2,200,7,70
1,2576,0,0,0,0,0,0,1,200,8,70
1,2576,0,0,0,0,0,0,2,200,8,70
1,2577,0,0,0,0,0,0,1,200,9,70
1,2577,0,0,0,0,0,0,2,200,9,70
1,2578,0,0,0,0,0,0,1,200,10,70
1,2578,0,0,0,0,0,0,2,200,10,70
1,2579,0,0,0,0,0,0,1,200,11,70
1,2579,0,0,0,0,0,0,2,200,11,70
1,2580,0,0,0,0,0,0,1,200,12,70
1,2580,0,0,0,0,0,0,2,200,12,70
1,2581,0,0,0,0,0,0,1,200,13,70
1,2581,0,0,0,0,0,0,2,200,13,70
1,2582,0,0,0,0,0,0,1,200,14,70
1,2582,0,0,0,0,0,0,2,200,14,70
1,2583,0,0,0,0,0,0,1,200,15,70
1,2583,0,0,0,0,0,0,2,200,15,70
1,2584,0,0,0,0,0,0,1,200,16,70
1,2584,0,0,0,0,0,0,2,200,16,70
1,2585,0,0,0,0,0,0,1,200,17,70
1,2585,0,0,0,0,0,0,2,200,17,70
1,2586,0,0,0,0,0,0,1,200,18,70
1,2586,0,0,0,0,0,0,2,200,18,70
1,2587,0,0,0,0,0,0,1,200,19,70
1,2587,0,0,0,0,0,0,2,200,19,70
1,2588,0,0,0,0,0,0,1,200,20,70
1,2588,0,0,0,0,0,0,2,200,20,70
1,2589,0,0,0,0,0,0,1,200,21,70
1,2589,0,0,0,0,0,0,2,200,21,70
1,2590,0,0,0,0,0,0,1,200,22,70
1,2590,0,0,0,0,0,0,2,200,22,70
1,2591,0,0,0,0,0,0,1,200,23,70
1,2591,0,0,0,0,0,0,2,200,23,70
1,2592,0,0,0,0,0,0,1,200,0,70
1,2592,0,0,0,0,0,0,2,200,0,70
1,2593,0,0,0,0,0,0,1,200,1,70
1,2593,0,0,0,0,0,0,2,200,1,70
1,2594,0,0,0,0,0,0,1,200,2,70
1,2594,0,0,0,0,0,0,2,200,2,70
1,2595,0,0,0,0,0,0,1,200,3,70
1,2595,0,0,0,0,0,0,2,200,3,70
1,2596,0,0,0,0,0,0,1,200,4,70
1,2596,0,0,0,0,0,0,2,200,4,70
1,2597,0,0,0,0,0,0,1,200,5,70
1,2597,0,0,0,0,0,0,2,200,5,70
1,2598,0,0,0,0,0,0,1,200,6,70
1,2598,0,0,0,0,0,0,2,200,6,70
1,2599,0,0,0,0,0,0,1,200,7,70
1,2599,0,0,0,0,0,0,2,200,7,70
1,2600,0,0,0,0,0,0,1,200,8,70
1,2600,0,0,0,0,0,0,2,200,8,70
1,2601,0,0,0,0,0,0,1,200,9,70
1,2601,0,0,0,0,0,0,2,200,9,70
1,2602,0,0,0,0,0,0,1,200,10,70
1,2602,0,0,0,0,0,0,2,200,10,70
1,2603,0,0,0,0,0,0,1,200,11,70
1,2603,0,0,0,0,0,0,2,200,11,70
1,2604,0,0,0,0,0,0,1,200,12,70
1,2604,0,0,0,0,0,0,2,200,12,70
1,2605,0,0,0,0,0,0,1,200,13,70
1,2605,0,0,0,0,0,0,2,200,13,70
1,2606,0,0,0,0,0,0,1,200,14,70
1,2606,0,0,0,0,0,0,2,200,14,70
1,2607,0,0,0,0,0,0,1,200,15,70
1,2607,0,0,0,0,0,0,2,200,15,70
1,2608,0,0,0,0,0,0,1,200,16,70
1,2608,0,0,0,0,0,0,2,200,16,70
1,2609,0,0,0,0,0,0,1,200,17,70
1,2609,0,0,0,0,0,0,2,200,17,70
1,2610,0,0,0,0,0,0,1,200,18,70
1,2610,0,0,0,0,0,0,2,200,18,70
1,2611,0,0,0,0,0,0,1,200,19,70
1,2611,0,0,0,0,0,0,2,200,19,70
1,2612,0,0,0,0,0,0,1,200,20,70
1,2612,0,0,0,0,0,0,2,200,20,70
1,2613,0,0,0,0,0,0,1,200,21,70
1,2613,0,0,0,0,0,0,2,200,21,70
1,2614,0,0,0,0,0,0,1,200,22,70
1,2614,0,0,0,0,0,0,2,200,22,70
1,2615,0,0,0,0,0,0,1,200,23,70
1,2615,0,0,0,0,0,0,2,200,23,70
1,2616,0,0,0,0,0,0,1,200,0,70
1,2616,0,0,0,0,0,0,2,200,0,70
1,2617,0,0,0,0,0,0,1,200,1,70
1,2617,0,0,0,0,0,0,2,200,1,70
1,2618,0,0,0,0,0,0,1,200,2,70
1,2618,0,0,0,0,0,0,2,200,2,70
1,2619,0,0,0,0,0,0,1,200,3,70
1,2619,0,0,0,0,0,0,2,200,3,70
1,2620,0,0,0,0,0,0,1,200,4,70
1,2620,0,0,0,0,0,0,2,200,4,70
1,2621,0,0,0,0,0,0,1,200,5,70
1,2621,0,0,0,0,0,0,2,200,5,70
1,2622,0,0,0,0,0,0,1,200,6,70
1,2622,0,0,0,0,0,0,2,200,6,70
1,2623,0,0,0,0,0,0,1,200,7,70
1,2623,0,0,0,0,0,0,2,200,7,70
1,2624,0,0,0,0,0,0,1,200,8,70
1,2624,0,0,0,0,0,0,2,200,8,70
1,2625,0,0,0,0,0,0,1,200,9,70
1,2625,0,0,0,0,0,0,2,200,9,70
1,2626,0,0,0,0,0,0,1,200,10,70
1,2626,0,0,0,0,0,0,2,200,10,70
1,2627,0,0,0,0,0,0,1,200,11,70
1,2627,0,0,0,0,0,0,2,200,11,70
1,2628,0,0,0,0,0,0,1,200,12,70
1,2628,0,0,0,0,0,0,2,200,12,70
1,2629,0,0,0,0,0,0,1,200,13,70
1,2629,0,0,0,0,0,0,2,200,13,70
1,2630,0,0,0,0,0,0,1,200,14,70
1,2630,0,0,0,0,0,0,2,200,14,70
1,2631,0,0,0,0,0,0,1,200,15,70
1,2631,0,0,0,0,0,0,2,200,15,70
1,2632,0,0,0,0,0,0,1,200,16,70
1,2632,0,0,0,0,0,0,2,200,16,70
1,2633,0,0,0,0,0,0,1,200,17,70
1,2633,0,0,0,0,0,0,2,200,17,70
1,2634,0,0,0,0,0,0,1,200,18,70
1,2634,0,0,0,0,0,0,2,200,18,70
1,2635,0,0,0,0,0,0,1,200,19,70
1,2635,0,0,0,0,0,0,2,200,19,70
1,2636,0,0,0,0,0,0,1,200,20,70
1,2636,0,0,0,0,0,0,2,200,20,70
1,2637,0,0,0,0,0,0,1,200,21,70
1,2637,0,0,0,0,0,0,2,200,21,70
1,2638,0,0,0,0,0,0,1,200,22,70
1,2638,0,0,0,0,0,0,2,200,22,70
1,2639,0,0,0,0,0,0,1,200,23,70
1,2639,0,0,0,0,0,0,2,200,23,70
1,2640,0,0,0,0,0,0,1,200,0,70
1,2640,0,0,0,0,0,0,2,200,0,70
1,2641,0,0,0,0,0,0,1,200,1,70
1,2641,0,0,0,0,0,0,2,200,1,70
1,2642,0,0,0,0,0,0,1,200,2,70
1,2642,0,0,0,0,0,0,2,200,2,70
1,2643,0,0,0,0,0,0,1,200,3,70
1,2643,0,0,0,0,0,0,2,200,3,70
1,2644,0,0,0,0,0,0,1,200,4,70
1,2644,0,0,0,0,0,0,2,200,4,70
1,2645,0,0,0,0,0,0,1,200,5,70
1,2645,0,0,0,0,0,0,2,200,5,70
1,2646,0,0,0,0,0,0,1,200,6,70
1,2646,0,0,0,0,0,0,2,200,6,70
1,2647,0,0,0,0,0,0,1,200,7,70
1,2647,0,0,0,0,0,0,2,200,7,70
1,2648,0,0,0,0,0,0,1,200,8,70
1,2648,0,0,0,0,0,0,2,200,8,70
1,2649,0,0,0,0,0,0,1,200,9,70
1,2649,0,0,0,0,0,0,2,200,9,70
1,2650,0,0,0,0,0,0,1,200,10,70
1,2650,0,0,0,0,0,0,2,200,10,70
1,2651,0,0,0,0,0,0,1,200,11,70
1,2651,0,0,0,0,0,0,2,200,11,70
1,2652,0,0,0,0,0,0,1,200,12,70
1,2652,0,0,0,0,0,0,2,200,12,70
1,2653,0,0,0,0,0,0,1,200,13,70
1,2653,0,0,0,0,0,0,2,200,13,70
1,2654,0,0,0,0,0,0,1,200,14,70
1,2654,0,0,0,0,0,0,2,200,14,70
1,2655,0,0,0,0,0,0,1,200,15,70
1,2655,0,0,0,0,0,0,2,200,15,70
1,2656,0,0,0,0,0,0,1,200,16,70
1,2656,0,0,0,0,0,0,2,200,16,70
1,2657,0,0,0,0,0,0,1,200,17,70
1,2657,0,0,0,0,0,0,2,200,17,70
1,2658,0,0,0,0,0,0,1,200,18,70
1,2658,0,0,0,0,0,0,2,200,18,70
1,2659,0,0,0,0,0,0,1,200,19,70
1,2659,0,0,0,0,0,0,2,200,19,70
1,2660,0,0,0,0,0,0,1,200,20,70
1,2660,0,0,0,0,0,0,2,200,20,70
1,2661,0,0,0,0,0,0,1,200,21,70
1,2661,0,0,0,0,0,0,2,200,21,70
1,2662,0,0,0,0,0,0,1,200,22,70
1,2662,0,0,0,0,0,0,2,200,22,70
1,2663,0,0,0,0,0,0,1,200,23,70
1,2663,0,0,0,0,0,0,2,200,23,70
1,2664,0,0,0,0,0,0,1,200,0,70
1,2664,0,0,0,0,0,0,2,200,0,70
1,2665,0,0,0,0,0,0,1,200,1,70
1,2665,0,0,0,0,0,0,2,200,1,70
1,2666,0,0,0,0,0,0,1,200,2,70
1,2666,0,0,0,0,0,0,2,200,2,70
1,2667,0,0,0,0,0,0,1,200,3,70
1,2667,0,0,0,0,0,0,2,200,3,70
1,2668,0,0,0,0,0,0,1,200,4,70
1,2668,0,0,0,0,0,0,2,200,4,70
1,2669,0,0,0,0,0,0,1,200,5,70
1,2669,0,0,0,0,0,0,2,200,5,70
1,2670,0,0,0,0,0,0,1,200,6,70
1,2670,0,0,0,0,0,0,2,200,6,70
1,2671,0,0,0,0,0,0,1,200,7,70
1,2671,0,0,0,0,0,0,2,200,7,70
1,2672,0,0,0,0,0,0,1,200,8,70
1,2672,0,0,0,0,0,0,2,200,8,70
1,2673,0,0,0,0,0,0,1,200,9,70
1,2673,0,0,0,0,0,0,2,200,9,70
1,2674,0,0,0,0,0,0,1,200,10,70
1,2674,0,0,0,0,0,0,2,200,10,70
1,2675,0,0,0,0,0,0,1,200,11,70
1,2675,0,0,0,0,0,0,2,200,11,70
1,2676,0,0,0,0,0,0,1,200,12,70
1,2676,0,0,0,0,0,0,2,200,12,70
1,2677,0,0,0,0,0,0,1,200,13,70
1,2677,0,0,0,0,0,0,2,200,13,70
1,2678,0,0,0,0,0,0,1,200,14,70
1,2678,0,0,0,0,0,0,2,200,14,70
1,2679,0,0,0,0,0,0,1,200,15,70
1,2679,0,0,0,0,0,0,2,200,15,70
1,2680,0,0,0,0,0,0,1,200,16,70
1,2680,0,0,0,0,0,0,2,200,16,70
1,2681,0,0,0,0,0,0,1,200,17,70
1,2681,0,0,0,0,0,0,2,200,17,70
1,2682,0,0,0,0,0,0,1,200,18,70
1,2682,0,0,0,0,0,0,2,200,18,70
1,2683,0,0,0,0,0,0,1,200,19,70
1,2683,0,0,0,0,0,0,2,200,19,70
1,2684,0,0,0,0,0,0,1,200,20,70
1,2684,0,0,0,0,0,0,2,200,20,70
1,2685,0,0,0,0,0,0,1,200,21,70
1,2685,0,0,0,0,0,0,2,200,21,70
1,2686,0,0,0,0,0,0,1,200,22,70
1,2686,0,0,0,0,0,0,2,200,22,70
1,2687,0,0,0,0,0,0,1,200,23,70
1,2687,0,0,0,0,0,0,2,200,23,70
1,2688,0,0,0,0,0,0,1,200,24,70
1,2688,0,0,0,0,0,0,2,200,24,70
2,0,0,400,1,1,24,111,1,400,0,70
2,0,0,0,0,0,0,0,1,400,0,70
2,0,0,0,0,0,0,0,2,400,0,70
2,1,0,0,0,0,0,0,1,400,1,70
2,1,0,0,0,0,0,0,2,400,1,70
2,2,0,0,0,0,0,0,1,400,2,70
2,2,0,0,0,0,0,0,2,400,2,70
2,3,0,0,0,0,0,0,1,400,3,70
2,3,0,0,0,0,0,0,2,400,3,70
2,4,0,0,0,0,0,0,1,400,4,70
2,4,0,0,0,0,0,0,2,400,4,70
2,5,0,0,0,0,0,0,1,400,5,70
2,5,0,0,0,0,0,0,2,400,5,70
2,6,0,0,0,0,0,0,1,400,6,70
2,6,0,0,0,0,0,0,2,400,6,70
2,7,0,0,0,0,0,0,1,400,7,70
2,7,0,0,0,0,0,0,2,400,7,70
2,8,0,0,0,0,0,0,1,400,8,70
2,8,0,0,0,0,0,0,2,400,8,70
2,9,0,0,0,0,0,0,1,400,9,70
2,9,0,0,0,0,0,0,2,400,9,70
2,10,0,0,0,0,0,0,1,400,10,70
2,10,0,0,0,0,0,0,2,400,10,70
2,11,0,0,0,0,0,0,1,400,11,70
2,11,0,0,0,0,0,0,2,400,11,70
2,12,0,0,0,0,0,0,1,400,12,70
2,12,0,0,0,0,0,0,2,400,12,70
2,13,0,0,0,0,0,0,1,400,13,70
2,13,0,0,0,0,0,0,2,400,13,70
2,14,0,0,0,0,0,0,1,400,14,70
2,14,0,0,0,0,0,0,2,400,14,70
2,15,0,0,0,0,0,0,1,400,15,70
2,15,0,0,0,0,0,0,2,400,15,70
2,16,0,0,0,0,0,0,1,400,16,70
2,16,0,0,0,0,0,0,2,400,16,70
2,17,0,0,0,0,0,0,1,400,17,70
2,17,0,0,0,0,0,0,2,400,17,70
2,18,0,0,0,0,0,0,1,400,18,70
2,18,0,0,0,0,0,0,2,400,18,70
2,19,0,0,0,0,0,0,1,400,19,70
2,19,0,0,0,0,0,0,2,400,19,70
2,20,0,0,0,0,0,0,1,400,20,70
2,20,0,0,0,0,0,0,2,400,20,70
2,21,0,0,0,0,0,0,1,400,21,70
2,21,0,0,0,0,0,0,2,400,21,70
2,22,0,0,0,0,0,0,1,400,22,70
2,22,0,0,0,0,0,0,2,400,22,70
2,23,0,0,0,0,0,0,1,400,23,70
2,23,0,0,0,0,0,0,2,400,23,70
2,24,0,0,0,0,0,0,1,400,0,70
2,24,0,0,0,0,0,0,2,400,0,70
2,25,0,0,0,0,0,0,1,400,1,70
2,25,0,0,0,0,0,0,2,400,1,70
2,26,0,0,0,0,0,0,1,400,2,70
2,26,0,0,0,0,0,0,2,400,2,70
2,27,0,0,0,0,0,0,1,400,3,70
2,27,0,0,0,0,0,0,2,400,3,70
2,28,0,0,0,0,0,0,1,400,4,70
2,28,0,0,0,0,0,0,2,400,4,70
2,29,0,0,0,0,0,0,1,400,5,70
2,29,0,0,0,0,0,0,2,400,5,70
2,30,0,0,0,0,0,0,1,400,6,70
2,30,0,0,0,0,0,0,2,400,6,70
2,31,0,0,0,0,0,0,1,400,7,70
2,31,0,0,0,0,0,0,2,400,7,70
2,32,0,0,0,0,0,0,1,400,8,70
2,32,0,0,0,0,0,0,2,400,8,70
2,33,0,0,0,0,0,0,1,400,9,70
2,33,0,0,0,0,0,0,2,400,9,70
2,34,0,0,0,0,0,0,1,400,10,70
2,34,0,0,0,0,0,0,2,400,10,70
2,35,0,0,0,0,0,0,1,400,11,70
2,35,0,0,0,0,0,0,2,400,11,70
2,36,0,0,0,0,0,0,1,400,12,70
2,36,0,0,0,0,0,0,2,400,12,70
2,37,0,0,0,0,0,0,1,400,13,70
2,37,0,0,0,0,0,0,2,400,13,70
2,38,0,0,0,0,0,0,1,400,14,70
2,38,0,0,0,0,0,0,2,400,14,70
2,39,0,0,0,0,0,0,1,400,15,70
2,39,0,0,0,0,0,0,2,400,15,70
2,40,0,0,0,0,0,0,1,400,16,70
2,40,0,0,0,0,0,0,2,400,16,70
2,41,0,0,0,0,0,0,1,400,17,70
2,41,0,0,0,0,0,0,2,400,17,70
2,42,0,0,0,0,0,0,1,400,18,70
2,42,0,0,0,0,0,0,2,400,18,70
2,43,0,0,0,0,0,0,1,400,19,70
2,43,0,0,0,0,0,0,2,400,19,70
2,44,0,0,0,0,0,0,1,400,20,70
2,44,0,0,0,0,0,0,2,400,20,70
2,45,0,0,0,0,0,0,1,400,21,70
2,45,0,0,0,0,0,0,2,400,21,70
2,46,0,0,0,0,0,0,1,400,22,70
2,46,0,0,0,0,0,0,2,400,22,70
2,47,0,0,0,0,0,0,1,400,23,70
2,47,0,0,0,0,0,0,2,400,23,70
2,48,0,0,0,0,0,0,1,400,0,70
2,48,0,0,0,0,0,0,2,400,0,70
2,49,0,0,0,0,0,0,1,400,1,70
2,49,0,0,0,0,0,0,2,400,1,70
2,50,0,0,0,0,0,0,1,400,2,70
2,50,0,0,0,0,0,0,2,400,2,70
2,51,0,0,0,0,0,0,1,400,3,70
2,51,0,0,0,0,0,0,2,400,3,70
2,52,0,0,0,0,0,0,1,400,4,70
2,52,0,0,0,0,0,0,2,400,4,70
2,53,0,0,0,0,0,0,1,400,5,70
2,53,0,0,0,0,0,0,2,400,5,70
2,54,0,0,0,0,0,0,1,400,6,70
2,54,0,0,0,0,0,0,2,400,6,70
2,55,0,0,0,0,0,0,1,400,7,70
2,55,0,0,0,0,0,0,2,400,7,70
2,56,0,0,0,0,0,0,1,400,8,70
2,56,0,0,0,0,0,0,2,400,8,70
2,57,0,0,0,0,0,0,1,400,9,70
2,57,0,0,0,0,0,0,2,400,9,70
2,58,0,0,0,0,0,0,1,400,10,70
2,58,0,0,0,0,0,0,2,400,10,70
2,59,0,0,0,0,0,0,1,400,11,70
2,59,0,0,0,0,0,0,2,400,11,70
2,60,0,0,0,0,0,0,1,400,12,70
2,60,0,0,0,0,0,0,2,400,12,70
2,61,0,0,0,0,0,0,1,400,13,70
2,61,0,0,0,0,0,0,2,400,13,70
2,62,0,0,0,0,0,0,1,400,14,70
2,62,0,0,0,0,0,0,2,400,14,70
2,63,0,0,0,0,0,0,1,400,15,70
2,63,0,0,0,0,0,0,2,400,15,70
2,64,0,0,0,0,0,0,1,400,16,70
2,64,0,0,0,0,0,0,2,400,16,70
2,65,0,0,0,0,0,0,1,400,17,70
2,65,0,0,0,0,0,0,2,400,17,70
2,66,0,0,0,0,0,0,1,400,18,70
2,66,0,0,0,0,0,0,2,400,18,70
2,67,0,0,0,0,0,0,1,400,19,70
2,67,0,0,0,0,0,0,2,400,19,70
2,68,0,0,0,0,0,0,1,400,20,70
2,68,0,0,0,0,0,0,2,400,20,70
2,69,0,0,0,0,0,0,1,400,21,70
2,69,0,0,0,0,0,0,2,400,21,70
2,70,0,0,0,0,0,0,1,400,22,70
2,70,0,0,0,0,0,0,2,400,22,70
2,71,0,0,0,0,0,0,1,400,23,70
2,71,0,0,0,0,0,0,2,400,23,70
2,72,0,0,0,0,0,0,1,400,0,70
2,72,0,0,0,0,0,0,2,400,0,70
2,73,0,0,0,0,0,0,1,400,1,70
2,73,0,0,0,0,0,0,2,400,1,70
2,74,0,0,0,0,0,0,1,400,2,70
2,74,0,0,0,0,0,0,2,400,2,70
2,75,0,0,0,0,0,0,1,400,3,70
2,75,0,0,0,0,0,0,2,400,3,70
2,76,0,0,0,0,0,0,1,400,4,70
2,76,0,0,0,0,0,0,2,400,4,70
2,77,0,0,0,0,0,0,1,400,5,70
2,77,0,0,0,0,0,0,2,400,5,70
2,78,0,0,0,0,0,0,1,400,6,70
2,78,0,0,0,0,0,0,2,400,6,70
2,79,0,0,0,0,0,0,1,400,7,70
2,79,0,0,0,0,0,0,2,400,7,70
2,80,0,0,0,0,0,0,1,400,8,70
2,80,0,0,0,0,0,0,2,400,8,70
2,81,0,0,0,0,0,0,1,400,9,70
2,81,0,0,0,0,0,0,2,400,9,70
2,82,0,0,0,0,0,0,1,400,10,70
2,82,0,0,0,0,0,0,2,400,10,70
2,83,0,0,0,0,0,0,1,400,11,70
2,83,0,0,0,0,0,0,2,400,11,70
2,84,0,0,0,0,0,0,1,400,12,70
2,84,0,0,0,0,0,0,2,400,12,70
2,85,0,0,0,0,0,0,1,400,13,70
2,85,0,0,0,0,0,0,2,400,13,70
2,86,0,0,0,0,0,0,1,400,14,70
2,86,0,0,0,0,0,0,2,400,14,70
2,87,0,0,0,0,0,0,1,400,15,70
2,87,0,0,0,0,0,0,2,400,15,70
2,88,0,0,0,0,0,0,1,400,16,70
2,88,0,0,0,0,0,0,2,400,16,70
2,89,0,0,0,0,0,0,1,400,17,70
2,89,0,0,0,0,0,0,2,400,17,70
2,90,0,0,0,0,0,0,1,400,18,70
2,90,0,0,0,0,0,0,2,400,18,70
2,91,0,0,0,0,0,0,1,400,19,70
2,91,0,0,0,0,0,0,2,400,19,70
2,92,0,0,0,0,0,0,1,400,20,70
2,92,0,0,0,0,0,0,2,400,20,70
2,93,0,0,0,0,0,0,1,400,21,70
2,93,0,0,0,0,0,0,2,400,21,70
2,94,0,0,0,0,0,0,1,400,22,70
2,94,0,0,0,0,0,0,2,400,22,70
2,95,0,0,0,0,0,0,1,400,23,70
2,95,0,0,0,0,0,0,2,400,23,70
2,96,0,0,0,0,0,0,1,400,0,70
2,96,0,0,0,0,0,0,2,400,0,70
2,97,0,0,0,0,0,0,1,400,1,70
2,97,0,0,0,0,0,0,2,400,1,70
2,98,0,0,0,0,0,0,1,400,2,70
2,98,0,0,0,0,0,0,2,400,2,70
2,99,0,0,0,0,0,0,1,400,3,70
2,99,0,0,0,0,0,0,2,400,3,70
2,100,0,0,0,0,0,0,1,400,4,70
2,100,0,0,0,0,0,0,2,400,4,70
2,101,0,0,0,0,0,0,1,400,5,70
2,101,0,0,0,0,0,0,2,400,5,70
2,102,0,0,0,0,0,0,1,400,6,70
2,102,0,0,0,0,0,0,2,400,6,70
2,103,0,0,0,0,0,0,1,400,7,70
2,103,0,0,0,0,0,0,2,400,7,70
2,104,0,0,0,0,0,0,1,400,8,70
2,104,0,0,0,0,0,0,2,400,8,70
2,105,0,0,0,0,0,0,1,400,9,70
2,105,0,0,0,0,0,0,2,400,9,70
2,106,0,0,0,0,0,0,1,400,10,70
2,106,0,0,0,0,0,0,2,400,10,70
2,107,0,0,0,0,0,0,1,400,11,70
2,107,0,0,0,0,0,0,2,400,11,70
2,108,0,0,0,0,0,0,1,400,12,70
2,108,0,0,0,0,0,0,2,400,12,70
2,109,0,0,0,0,0,0,1,400,13,70
2,109,0,0,0,0,0,0,2,400,13,70
2,110,0,0,0,0,0,0,1,400,14,70
2,110,0,0,0,0,0,0,2,400,14,70
2,111,0,0,0,0,0,0,1,400,15,70
2,111,0,0,0,0,0,0,2,400,15,70
2,112,0,0,0,0,0,0,1,400,16,70
2,112,0,0,0,0,0,0,2,400,16,70
2,113,0,0,0,0,0,0,1,400,17,70
2,113,0,0,0,0,0,0,2,400,17,70
2,114,0,0,0,0,0,0,1,400,18,70
2,114,0,0,0,0,0,0,2,400,18,70
2,115,0,0,0,0,0,0,1,400,19,70
2,115,0,0,0,0,0,0,2,400,19,70
2,116,0,0,0,0,0,0,1,400,20,70
2,116,0,0,0,0,0,0,2,400,20,70
2,117,0,0,0,0,0,0,1,400,21,70
2,117,0,0,0,0,0,0,2,400,21,70
2,118,0,0,0,0,0,0,1,400,22,70
2,118,0,0,0,0,0,0,2,400,22,70
2,119,0,0,0,0,0,0,1,400,23,70
2,119,0,0,0,0,0,0,2,400,23,70
2,120,0,0,0,0,0,0,1,400,0,70
2,120,0,0,0,0,0,0,2,400,0,70
2,121,0,0,0,0,0,0,1,400,1,70
2,121,0,0,0,0,0,0,2,400,1,70
2,122,0,0,0,0,0,0,1,400,2,70
2,122,0,0,0,0,0,0,2,400,2,70
2,123,0,0,0,0,0,0,1,400,3,70
2,123,0,0,0,0,0,0,2,400,3,70
2,124,0,0,0,0,0,0,1,400,4,70
2,124,0,0,0,0,0,0,2,400,4,70
2,125,0,0,0,0,0,0,1,400,5,70
2,125,0,0,0,0,0,0,2,400,5,70
2,126,0,0,0,0,0,0,1,400,6,70
2,126,0,0,0,0,0,0,2,400,6,70
2,127,0,0,0,0,0,0,1,400,7,70
2,127,0,0,0,0,0,0,2,400,7,70
2,128,0,0,0,0,0,0,1,400,8,70
2,128,0,0,0,0,0,0,2,400,8,70
2,129,0,0,0,0,0,0,1,400,9,70
2,129,0,0,0,0,0,0,2,400,9,70
2,130,0,0,0,0,0,0,1,400,10,70
2,130,0,0,0,0,0,0,2,400,10,70
2,131,0,0,0,0,0,0,1,400,11,70
2,131,0,0,0,0,0,0,2,400,11,70
2,132,0,0,0,0,0,0,1,400,12,70
2,132,0,0,0,0,0,0,2,400,12,70
2,133,0,0,0,0,0,0,1,400,13,70
2,133,0,0,0,0,0,0,2,400,13,70
2,134,0,0,0,0,0,0,1,400,14,70
2,134,0,0,0,0,0,0,2,400,14,70
2,135,0,0,0,0,0,0,1,400,15,70
2,135,0,0,0,0,0,0,2,400,15,70
2,136,0,0,0,0,0,0,1,400,16,70
2,136,0,0,0,0,0,0,2,400,16,70
2,137,0,0,0,0,0,0,1,400,17,70
2,137,0,0,0,0,0,0,2,400,17,70
2,138,0,0,0,0,0,0,1,400,18,70
2,138,0,0,0,0,0,0,2,400,18,70
2,139,0,0,0,0,0,0,1,400,19,70
2,139,0,0,0,0,0,0,2,400,19,70
2,140,0,0,0,0,0,0,1,400,20,70
2,140,0,0,0,0,0,0,2,400,20,70
2,141,0,0,0,0,0,0,1,400,21,70
2,141,0,0,0,0,0,0,2,400,21,70
2,142,0,0,0,0,0,0,1,400,22,70
2,142,0,0,0,0,0,0,2,400,22,70
2,143,0,0,0,0,0,0,1,400,23,70
2,143,0,0,0,0,0,0,2,400,23,70
2,144,0,0,0,0,0,0,1,400,0,70
2,144,0,0,0,0,0,0,2,400,0,70
2,145,0,0,0,0,0,0,1,400,1,70
2,145,0,0,0,0,0,0,2,400,1,70
2,146,0,0,0,0,0,0,1,400,2,70
2,146,0,0,0,0,0,0,2,400,2,70
2,147,0,0,0,0,0,0,1,400,3,70
2,147,0,0,0,0,0,0,2,400,3,70
2,148,0,0,0,0,0,0,1,400,4,70
2,148,0,0,0,0,0,0,2,400,4,70
2,149,0,0,0,0,0,0,1,400,5,70
2,149,0,0,0,0,0,0,2,400,5,70
2,150,0,0,0,0,0,0,1,400,6,70
2,150,0,0,0,0,0,0,2,400,6,70
2,151,0,0,0,0,0,0,1,400,7,70
2,151,0,0,0,0,0,0,2,400,7,70
2,152,0,0,0,0,0,0,1,400,8,70
2,152,0,0,0,0,0,0,2,400,8,70
2,153,0,0,0,0,0,0,1,400,9,70
2,153,0,0,0,0,0,0,2,400,9,70
2,154,0,0,0,0,0,0,1,400,10,70
2,154,0,0,0,0,0,0,2,400,10,70
2,155,0,0,0,0,0,0,1,400,11,70
2,155,0,0,0,0,0,0,2,400,11,70
2,156,0,0,0,0,0,0,1,400,12,70
2,156,0,0,0,0,0,0,2,400,12,70
2,157,0,0,0,0,0,0,1,400,13,70
2,157,0,0,0,0,0,0,2,400,13,70
2,158,0,0,0,0,0,0,1,400,14,70
2,158,0,0,0,0,0,0,2,400,14,70
2,159,0,0,0,0,0,0,1,400,15,70
2,159,0,0,0,0,0,0,2,400,15,70
2,160,0,0,0,0,0,0,1,400,16,70
2,160,0,0,0,0,0,0,2,400,16,70
2,161,0,0,0,0,0,0,1,400,17,70
2,161,0,0,0,0,0,0,2,400,17,70
2,162,0,0,0,0,0,0,1,400,18,70
2,162,0,0,0,0,0,0,2,400,18,70
2,163,0,0,0,0,0,0,1,400,19,70
2,163,0,0,0,0,0,0,2,400,19,70
2,164,0,0,0,0,0,0,1,400,20,70
2,164,0,0,0,0,0,0,2,400,20,70
2,165,0,0,0,0,0,0,1,400,21,70
2,165,0,0,0,0,0,0,2,400,21,70
2,166,0,0,0,0,0,0,1,400,22,70
2,166,0,0,0,0,0,0,2,400,22,70
2,167,0,0,0,0,0,0,1,400,23,70
2,167,0,0,0,0,0,0,2,400,23,70
2,168,0,0,0,0,0,0,1,400,0,70
2,168,0,0,0,0,0,0,2,400,0,70
2,169,0,0,0,0,0,0,1,400,1,70
2,169,0,0,0,0,0,0,2,400,1,70
2,170,0,0,0,0,0,0,1,400,2,70
2,170,0,0,0,0,0,0,2,400,2,70
2,171,0,0,0,0,0,0,1,400,3,70
2,171,0,0,0,0,0,0,2,400,3,70
2,172,0,0,0,0,0,0,1,400,4,70
2,172,0,0,0,0,0,0,2,400,4,70
2,173,0,0,0,0,0,0,1,400,5,70
2,173,0,0,0,0,0,0,2,400,5,70
2,174,0,0,0,0,0,0,1,400,6,70
2,174,0,0,0,0,0,0,2,400,6,70
2,175,0,0,0,0,0,0,1,400,7,70
2,175,0,0,0,0,0,0,2,400,7,70
2,176,0,0,0,0,0,0,1,400,8,70
2,176,0,0,0,0,0,0,2,400,8,70
2,177,0,0,0,0,0,0,1,400,9,70
2,177,0,0,0,0,0,0,2,400,9,70
2,178,0,0,0,0,0,0,1,400,10,70
2,178,0,0,0,0,0,0,2,400,10,70
2,179,0,0,0,0,0,0,1,400,11,70
2,179,0,0,0,0,0,0,2,400,11,70
2,180,0,0,0,0,0,0,1,400,12,70
2,180,0,0,0,0,0,0,2,400,12,70
2,181,0,0,0,0,0,0,1,400,13,70
2,181,0,0,0,0,0,0,2,400,13,70
2,182,0,0,0,0,0,0,1,400,14,70
2,182,0,0,0,0,0,0,2,400,14,70
2,183,0,0,0,0,0,0,1,400,15,70
2,183,0,0,0,0,0,0,2,400,15,70
2,184,0,0,0,0,0,0,1,400,16,70
2,184,0,0,0,0,0,0,2,400,16,70
2,185,0,0,0,0,0,0,1,400,17,70
2,185,0,0,0,0,0,0,2,400,17,70
2,186,0,0,0,0,0,0,1,400,18,70
2,186,0,0,0,0,0,0,2,400,18,70
2,187,0,0,0,0,0,0,1,400,19,70
2,187,0,0,0,0,0,0,2,400,19,70
2,188,0,0,0,0,0,0,1,400,20,70
2,188,0,0,0,0,0,0,2,400,20,70
2,189,0,0,0,0,0,0,1,400,21,70
2,189,0,0,0,0,0,0,2,400,21,70
2,190,0,0,0,0,0,0,1,400,22,70
2,190,0,0,0,0,0,0,2,400,22,70
2,191,0,0,0,0,0,0,1,400,23,70
2,191,0,0,0,0,0,0,2,400,23,70
2,192,0,0,0,0,0,0,1,400,0,70
2,192,0,0,0,0,0,0,2,400,0,70
2,193,0,0,0,0,0,0,1,400,1,70
2,193,0,0,0,0,0,0,2,400,1,70
2,194,0,0,0,0,0,0,1,400,2,70
2,194,0,0,0,0,0,0,2,400,2,70
2,195,0,0,0,0,0,0,1,400,3,70
2,195,0,0,0,0,0,0,2,400,3,70
2,196,0,0,0,0,0,0,1,400,4,70
2,196,0,0,0,0,0,0,2,400,4,70
2,197,0,0,0,0,0,0,1,400,5,70
2,197,0,0,0,0,0,0,2,400,5,70
2,198,0,0,0,0,0,0,1,400,6,70
2,198,0,0,0,0,0,0,2,400,6,70
2,199,0,0,0,0,0,0,1,400,7,70
2,199,0,0,0,0,0,0,2,400,7,70
2,200,0,0,0,0,0,0,1,400,8,70
2,200,0,0,0,0,0,0,2,400,8,70
2,201,0,0,0,0,0,0,1,400,9,70
2,201,0,0,0,0,0,0,2,400,9,70
2,202,0,0,0,0,0,0,1,400,10,70
2,202,0,0,0,0,0,0,2,400,10,70
2,203,0,0,0,0,0,0,1,400,11,70
2,203,0,0,0,0,0,0,2,400,11,70
2,204,0,0,0,0,0,0,1,400,12,70
2,204,0,0,0,0,0,0,2,400,12,70
2,205,0,0,0,0,0,0,1,400,13,70
2,205,0,0,0,0,0,0,2,400,13,70
2,206,0,0,0,0,0,0,1,400,14,70
2,206,0,0,0,0,0,0,2,400,14,70
2,207,0,0,0,0,0,0,1,400,15,70
2,207,0,0,0,0,0,0,2,400,15,70
2,208,0,0,0,0,0,0,1,400,16,70
2,208,0,0,0,0,0,0,2,400,16,70
2,209,0,0,0,0,0,0,1,400,17,70
2,209,0,0,0,0,0,0,2,400,17,70
2,210,0,0,0,0,0,0,1,400,18,70
2,210,0,0,0,0,0,0,2,400,18,70
2,211,0,0,0,0,0,0,1,400,19,70
2,211,0,0,0,0,0,0,2,400,19,70
2,212,0,0,0,0,0,0,1,400,20,70
2,212,0,0,0,0,0,0,2,400,20,70
2,213,0,0,0,0,0,0,1,400,21,70
2,213,0,0,0,0,0,0,2,400,21,70
2,214,0,0,0,0,0,0,1,400,22,70
2,214,0,0,0,0,0,0,2,400,22,70
2,215,0,0,0,0,0,0,1,400,23,70
2,215,0,0,0,0,0,0,2,400,23,70
2,216,0,0,0,0,0,0,1,400,0,70
2,216,0,0,0,0,0,0,2,400,0,70
2,217,0,0,0,0,0,0,1,400,1,70
2,217,0,0,0,0,0,0,2,400,1,70
2,218,0,0,0,0,0,0,1,400,2,70
2,218,0,0,0,0,0,0,2,400,2,70
2,219,0,0,0,0,0,0,1,400,3,70
2,219,0,0,0,0,0,0,2,400,3,70
2,220,0,0,0,0,0,0,1,400,4,70
2,220,0,0,0,0,0,0,2,400,4,70
2,221,0,0,0,0,0,0,1,400,5,70
2,221,0,0,0,0,0,0,2,400,5,70
2,222,0,0,0,0,0,0,1,400,6,70
2,222,0,0,0,0,0,0,2,400,6,70
2,223,0,0,0,0,0,0,1,400,7,70
2,223,0,0,0,0,0,0,2,400,7,70
2,224,0,0,0,0,0,0,1,400,8,70
2,224,0,0,0,0,0,0,2,400,8,70
2,225,0,0,0,0,0,0,1,400,9,70
2,225,0,0,0,0,0,0,2,400,9,70
2,226,0,0,0,0,0,0,1,400,10,70
2,226,0,0,0,0,0,0,2,400,10,70
2,227,0,0,0,0,0,0,1,400,11,70
2,227,0,0,0,0,0,0,2,400,11,70
2,228,0,0,0,0,0,0,1,400,12,70
2,228,0,0,0,0,0,0,2,400,12,70
2,229,0,0,0,0,0,0,1,400,13,70
2,229,0,0,0,0,0,0,2,400,13,70
2,230,0,0,0,0,0,0,1,400,14,70
2,230,0,0,0,0,0,0,2,400,14,70
2,231,0,0,0,0,0,0,1,400,15,70
2,231,0,0,0,0,0,0,2,400,15,70
2,232,0,0,0,0,0,0,1,400,16,70
2,232,0,0,0,0,0,0,2,400,16,70
2,233,0,0,0,0,0,0,1,400,17,70
2,233,0,0,0,0,0,0,2,400,17,70
2,234,0,0,0,0,0,0,1,400,18,70
2,234,0,0,0,0,0,0,2,400,18,70
2,235,0,0,0,0,0,0,1,400,19,70
2,235,0,0,0,0,0,0,2,400,19,70
2,236,0,0,0,0,0,0,1,400,20,70
2,236,0,0,0,0,0,0,2,400,20,70
2,237,0,0,0,0,0,0,1,400,21,70
2,237,0,0,0,0,0,0,2,400,21,70
2,238,0,0,0,0,0,0,1,400,22,70
2,238,0,0,0,0,0,0,2,400,22,70
2,239,0,0,0,0,0,0,1,400,23,70
2,239,0,0,0,0,0,0,2,400,23,70
2,240,0,0,0,0,0,0,1,400,0,70
2,240,0,0,0,0,0,0,2,400,0,70
2,241,0,0,0,0,0,0,1,400,1,70
2,241,0,0,0,0,0,0,2,400,1,70
2,242,0,0,0,0,0,0,1,400,2,70
2,242,0,0,0,0,0,0,2,400,2,70
2,243,0,0,0,0,0,0,1,400,3,70
2,243,0,0,0,0,0,0,2,400,3,70
2,244,0,0,0,0,0,0,1,400,4,70
2,244,0,0,0,0,0,0,2,400,4,70
2,245,0,0,0,0,0,0,1,400,5,70
2,245,0,0,0,0,0,0,2,400,5,70
2,246,0,0,0,0,0,0,1,400,6,70
2,246,0,0,0,0,0,0,2,400,6,70
2,247,0,0,0,0,0,0,1,400,7,70
2,247,0,0,0,0,0,0,2,400,7,70
2,248,0,0,0,0,0,0,1,400,8,70
2,248,0,0,0,0,0,0,2,400,8,70
2,249,0,0,0,0,0,0,1,400,9,70
2,249,0,0,0,0,0,0,2,400,9,70
2,250,0,0,0,0,0,0,1,400,10,70
2,250,0,0,0,0,0,0,2,400,10,70
2,251,0,0,0,0,0,0,1,400,11,70
2,251,0,0,0,0,0,0,2,400,11,70
2,252,0,0,0,0,0,0,1,400,12,70
2,252,0,0,0,0,0,0,2,400,12,70
2,253,0,0,0,0,0,0,1,400,13,70
2,253,0,0,0,0,0,0,2,400,13,70
2,254,0,0,0,0,0,0,1,400,14,70
2,254,0,0,0,0,0,0,2,400,14,70
2,255,0,0,0,0,0,0,1,400,15,70
2,255,0,0,0,0,0,0,2,400,15,70
2,256,0,0,0,0,0,0,1,400,16,70
2,256,0,0,0,0,0,0,2,400,16,70
2,257,0,0,0,0,0,0,1,400,17,70
2,257,0,0,0,0,0,0,2,400,17,70
2,258,0,0,0,0,0,0,1,400,18,70
2,258,0,0,0,0,0,0,2,400,18,70
2,259,0,0,0,0,0,0,1,400,19,70
2,259,0,0,0,0,0,0,2,400,19,70
2,260,0,0,0,0,0,0,1,400,20,70
2,260,0,0,0,0,0,0,2,400,20,70
2,261,0,0,0,0,0,0,1,400,21,70
2,261,0,0,0,0,0,0,2,400,21,70
2,262,0,0,0,0,0,0,1,400,22,70
2,262,0,0,0,0,0,0,2,400,22,70
2,263,0,0,0,0,0,0,1,400,23,70
2,263,0,0,0,0,0,0,2,400,23,70
2,264,0,0,0,0,0,0,1,400,0,70
2,264,0,0,0,0,0,0,2,400,0,70
2,265,0,0,0,0,0,0,1,400,1,70
2,265,0,0,0,0,0,0,2,400,1,70
2,266,0,0,0,0,0,0,1,400,2,70
2,266,0,0,0,0,0,0,2,400,2,70
2,267,0,0,0,0,0,0,1,400,3,70
2,267,0,0,0,0,0,0,2,400,3,70
2,268,0,0,0,0,0,0,1,400,4,70
2,268,0,0,0,0,0,0,2,400,4,70
2,269,0,0,0,0,0,0,1,400,5,70
2,269,0,0,0,0,0,0,2,400,5,70
2,270,0,0,0,0,0,0,1,400,6,70
2,270,0,0,0,0,0,0,2,400,6,70
2,271,0,0,0,0,0,0,1,400,7,70
2,271,0,0,0,0,0,0,2,400,7,70
2,272,0,0,0,0,0,0,1,400,8,70
2,272,0,0,0,0,0,0,2,400,8,70
2,273,0,0,0,0,0,0,1,400,9,70
2,273,0,0,0,0,0,0,2,400,9,70
2,274,0,0,0,0,0,0,1,400,10,70
2,274,0,0,0,0,0,0,2,400,10,70
2,275,0,0,0,0,0,0,1,400,11,70
2,275,0,0,0,0,0,0,2,400,11,70
2,276,0,0,0,0,0,0,1,400,12,70
2,276,0,0,0,0,0,0,2,400,12,70
2,277,0,0,0,0,0,0,1,400,13,70
2,277,0,0,0,0,0,0,2,400,13,70
2,278,0,0,0,0,0,0,1,400,14,70
2,278,0,0,0,0,0,0,2,400,14,70
2,279,0,0,0,0,0,0,1,400,15,70
2,279,0,0,0,0,0,0,2,400,15,70
2,280,0,0,0,0,0,0,1,400,16,70
2,280,0,0,0,0,0,0,2,400,16,70
2,281,0,0,0,0,0,0,1,400,17,70
2,281,0,0,0,0,0,0,2,400,17,70
2,282,0,0,0,0,0,0,1,400,18,70
2,282,0,0,0,0,0,0,2,400,18,70
2,283,0,0,0,0,0,0,1,400,19,70
2,283,0,0,0,0,0,0,2,400,19,70
2,284,0,0,0,0,0,0,1,400,20,70
2,284,0,0,0,0,0,0,2,400,20,70
2,285,0,0,0,0,0,0,1,400,21,70
2,285,0,0,0,0,0,0,2,400,21,70
2,286,0,0,0,0,0,0,1,400,22,70
2,286,0,0,0,0,0,0,2,400,22,70
2,287,0,0,0,0,0,0,1,400,23,70
2,287,0,0,0,0,0,0,2,400,23,70
2,288,0,0,0,0,0,0,1,400,0,70
2,288,0,0,0,0,0,0,2,400,0,70
2,289,0,0,0,0,0,0,1,400,1,70
2,289,0,0,0,0,0,0,2,400,1,70
2,290,0,0,0,0,0,0,1,400,2,70
2,290,0,0,0,0,0,0,2,400,2,70
2,291,0,0,0,0,0,0,1,400,3,70
2,291,0,0,0,0,0,0,2,400,3,70
2,292,0,0,0,0,0,0,1,400,4,70
2,292,0,0,0,0,0,0,2,400,4,70
2,293,0,0,0,0,0,0,1,400,5,70
2,293,0,0,0,0,0,0,2,400,5,70
2,294,0,0,0,0,0,0,1,400,6,70
2,294,0,0,0,0,0,0,2,400,6,70
2,295,0,0,0,0,0,0,1,400,7,70
2,295,0,0,0,0,0,0,2,400,7,70
2,296,0,0,0,0,0,0,1,400,8,70
2,296,0,0,0,0,0,0,2,400,8,70
2,297,0,0,0,0,0,0,1,400,9,70
2,297,0,0,0,0,0,0,2,400,9,70
2,298,0,0,0,0,0,0,1,400,10,70
2,298,0,0,0,0,0,0,2,400,10,70
2,299,0,0,0,0,0,0,1,400,11,70
2,299,0,0,0,0,0,0,2,400,11,70
2,300,0,0,0,0,0,0,1,400,12,70
2,300,0,0,0,0,0,0,2,400,12,70
2,301,0,0,0,0,0,0,1,400,13,70
2,301,0,0,0,0,0,0,2,400,13,70
2,302,0,0,0,0,0,0,1,400,14,70
2,302,0,0,0,0,0,0,2,400,14,70
2,303,0,0,0,0,0,0,1,400,15,70
2,303,0,0,0,0,0,0,2,400,15,70
2,304,0,0,0,0,0,0,1,400,16,70
2,304,0,0,0,0,0,0,2,400,16,70
2,305,0,0,0,0,0,0,1,400,17,70
2,305,0,0,0,0,0,0,2,400,17,70
2,306,0,0,0,0,0,0,1,400,18,70
2,306,0,0,0,0,0,0,2,400,18,70
2,307,0,0,0,0,0,0,1,400,19,70
2,307,0,0,0,0,0,0,2,400,19,70
2,308,0,0,0,0,0,0,1,400,20,70
2,308,0,0,0,0,0,0,2,400,20,70
2,309,0,0,0,0,0,0,1,400,21,70
2,309,0,0,0,0,0,0,2,400,21,70
2,310,0,0,0,0,0,0,1,400,22,70
2,310,0,0,0,0,0,0,2,400,22,70
2,311,0,0,0,0,0,0,1,400,23,70
2,311,0,0,0,0,0,0,2,400,23,70
2,312,0,0,0,0,0,0,1,400,0,70
2,312,0,0,0,0,0,0,2,400,0,70
2,313,0,0,0,0,0,0,1,400,1,70
2,313,0,0,0,0,0,0,2,400,1,70
2,314,0,0,0,0,0,0,1,400,2,70
2,314,0,0,0,0,0,0,2,400,2,70
2,315,0,0,0,0,0,0,1,400,3,70
2,315,0,0,0,0,0,0,2,400,3,70
2,316,0,0,0,0,0,0,1,400,4,70
2,316,0,0,0,0,0,0,2,400,4,70
2,317,0,0,0,0,0,0,1,400,5,70
2,317,0,0,0,0,0,0,2,400,5,70
2,318,0,0,0,0,0,0,1,400,6,70
2,318,0,0,0,0,0,0,2,400,6,70
2,319,0,0,0,0,0,0,1,400,7,70
2,319,0,0,0,0,0,0,2,400,7,70
2,320,0,0,0,0,0,0,1,400,8,70
2,320,0,0,0,0,0,0,2,400,8,70
2,321,0,0,0,0,0,0,1,400,9,70
2,321,0,0,0,0,0,0,2,400,9,70
2,322,0,0,0,0,0,0,1,400,10,70
2,322,0,0,0,0,0,0,2,400,10,70
2,323,0,0,0,0,0,0,1,400,11,70
2,323,0,0,0,0,0,0,2,400,11,70
2,324,0,0,0,0,0,0,1,400,12,70
2,324,0,0,0,0,0,0,2,400,12,70
2,325,0,0,0,0,0,0,1,400,13,70
2,325,0,0,0,0,0,0,2,400,13,70
2,326,0,0,0,0,0,0,1,400,14,70
2,326,0,0,0,0,0,0,2,400,14,70
2,327,0,0,0,0,0,0,1,400,15,70
2,327,0,0,0,0,0,0,2,400,15,70
2,328,0,0,0,0,0,0,1,400,16,70
2,328,0,0,0,0,0,0,2,400,16,70
2,329,0,0,0,0,0,0,1,400,17,70
2,329,0,0,0,0,0,0,2,400,17,70
2,330,0,0,0,0,0,0,1,400,18,70
2,330,0,0,0,0,0,0,2,400,18,70
2,331,0,0,0,0,0,0,1,400,19,70
2,331,0,0,0,0,0,0,2,400,19,70
2,332,0,0,0,0,0,0,1,400,20,70
2,332,0,0,0,0,0,0,2,400,20,70
2,333,0,0,0,0,0,0,1,400,21,70
2,333,0,0,0,0,0,0,2,400,21,70
2,334,0,0,0,0,0,0,1,400,22,70
2,334,0,0,0,0,0,0,2,400,22,70
2,335,0,0,0,0,0,0,1,400,23,70
2,335,0,0,0,0,0,0,2,400,23,70
2,336,0,0,0,0,0,0,1,400,0,70
2,336,0,0,0,0,0,0,2,400,0,70
2,337,0,0,0,0,0,0,1,400,1,70
2,337,0,0,0,0,0,0,2,400,1,70
2,338,0,0,0,0,0,0,1,400,2,70
2,338,0,0,0,0,0,0,2,400,2,70
2,339,0,0,0,0,0,0,1,400,3,70
2,339,0,0,0,0,0,0,2,400,3,70
2,340,0,0,0,0,0,0,1,400,4,70
2,340,0,0,0,0,0,0,2,400,4,70
2,341,0,0,0,0,0,0,1,400,5,70
2,341,0,0,0,0,0,0,2,400,5,70
2,342,0,0,0,0,0,0,1,400,6,70
2,342,0,0,0,0,0,0,2,400,6,70
2,343,0,0,0,0,0,0,1,400,7,70
2,343,0,0,0,0,0,0,2,400,7,70
2,344,0,0,0,0,0,0,1,400,8,70
2,344,0,0,0,0,0,0,2,400,8,70
2,345,0,0,0,0,0,0,1,400,9,70
2,345,0,0,0,0,0,0,2,400,9,70
2,346,0,0,0,0,0,0,1,400,10,70
2,346,0,0,0,0,0,0,2,400,10,70
2,347,0,0,0,0,0,0,1,400,11,70
2,347,0,0,0,0,0,0,2,400,11,70
2,348,0,0,0,0,0,0,1,400,12,70
2,348,0,0,0,0,0,0,2,400,12,70
2,349,0,0,0,0,0,0,1,400,13,70
2,349,0,0,0,0,0,0,2,400,13,70
2,350,0,0,0,0,0,0,1,400,14,70
2,350,0,0,0,0,0,0,2,400,14,70
2,351,0,0,0,0,0,0,1,400,15,70
2,351,0,0,0,0,0,0,2,400,15,70
2,352,0,0,0,0,0,0,1,400,16,70
2,352,0,0,0,0,0,0,2,400,16,70
2,353,0,0,0,0,0,0,1,400,17,70
2,353,0,0,0,0,0,0,2,400,17,70
2,354,0,0,0,0,0,0,1,400,18,70
2,354,0,0,0,0,0,0,2,400,18,70
2,355,0,0,0,0,0,0,1,400,19,70
2,355,0,0,0,0,0,0,2,400,19,70
2,356,0,0,0,0,0,0,1,400,20,70
2,356,0,0,0,0,0,0,2,400,20,70
2,357,0,0,0,0,0,0,1,400,21,70
2,357,0,0,0,0,0,0,2,400,21,70
2,358,0,0,0,0,0,0,1,400,22,70
2,358,0,0,0,0,0,0,2,400,22,70
2,359,0,0,0,0,0,0,1,400,23,70
2,359,0,0,0,0,0,0,2,400,23,70
2,360,0,0,0,0,0,0,1,400,0,70
2,360,0,0,0,0,0,0,2,400,0,70
2,361,0,0,0,0,0,0,1,400,1,70
2,361,0,0,0,0,0,0,2,400,1,70
2,362,0,0,0,0,0,0,1,400,2,70
2,362,0,0,0,0,0,0,2,400,2,70
2,363,0,0,0,0,0,0,1,400,3,70
2,363,0,0,0,0,0,0,2,400,3,70
2,364,0,0,0,0,0,0,1,400,4,70
2,364,0,0,0,0,0,0,2,400,4,70
2,365,0,0,0,0,0,0,1,400,5,70
2,365,0,0,0,0,0,0,2,400,5,70
2,366,0,0,0,0,0,0,1,400,6,70
2,366,0,0,0,0,0,0,2,400,6,70
2,367,0,0,0,0,0,0,1,400,7,70
2,367,0,0,0,0,0,0,2,400,7,70
2,368,0,0,0,0,0,0,1,400,8,70
2,368,0,0,0,0,0,0,2,400,8,70
2,369,0,0,0,0,0,0,1,400,9,70
2,369,0,0,0,0,0,0,2,400,9,70
2,370,0,0,0,0,0,0,1,400,10,70
2,370,0,0,0,0,0,0,2,400,10,70
2,371,0,0,0,0,0,0,1,400,11,70
2,371,0,0,0,0,0,0,2,400,11,70
2,372,0,0,0,0,0,0,1,400,12,70
2,372,0,0,0,0,0,0,2,400,12,70
2,373,0,0,0,0,0,0,1,400,13,70
2,373,0,0,0,0,0,0,2,400,13,70
2,374,0,0,0,0,0,0,1,400,14,70
2,374,0,0,0,0,0,0,2,400,14,70
2,375,0,0,0,0,0,0,1,400,15,70
2,375,0,0,0,0,0,0,2,400,15,70
2,376,0,0,0,0,0,0,1,400,16,70
2,376,0,0,0,0,0,0,2,400,16,70
2,377,0,0,0,0,0,0,1,400,17,70
2,377,0,0,0,0,0,0,2,400,17,70
2,378,0,0,0,0,0,0,1,400,18,70
2,378,0,0,0,0,0,0,2,400,18,70
2,379,0,0,0,0,0,0,1,400,19,70
2,379,0,0,0,0,0,0,2,400,19,70
2,380,0,0,0,0,0,0,1,400,20,70
2,380,0,0,0,0,0,0,2,400,20,70
2,381,0,0,0,0,0,0,1,400,21,70
2,381,0,0,0,0,0,0,2,400,21,70
2,382,0,0,0,0,0,0,1,400,22,70
2,382,0,0,0,0,0,0,2,400,22,70
2,383,0,0,0,0,0,0,1,400,23,70
2,383,0,0,0,0,0,0,2,400,23,70
2,384,0,0,0,0,0,0,1,400,0,70
2,384,0,0,0,0,0,0,2,400,0,70
2,385,0,0,0,0,0,0,1,400,1,70
2,385,0,0,0,0,0,0,2,400,1,70
2,386,0,0,0,0,0,0,1,400,2,70
2,386,0,0,0,0,0,0,2,400,2,70
2,387,0,0,0,0,0,0,1,400,3,70
2,387,0,0,0,0,0,0,2,400,3,70
2,388,0,0,0,0,0,0,1,400,4,70
2,388,0,0,0,0,0,0,2,400,4,70
2,389,0,0,0,0,0,0,1,400,5,70
2,389,0,0,0,0,0,0,2,400,5,70
2,390,0,0,0,0,0,0,1,400,6,70
2,390,0,0,0,0,0,0,2,400,6,70
2,391,0,0,0,0,0,0,1,400,7,70
2,391,0,0,0,0,0,0,2,400,7,70
2,392,0,0,0,0,0,0,1,400,8,70
2,392,0,0,0,0,0,0,2,400,8,70
2,393,0,0,0,0,0,0,1,400,9,70
2,393,0,0,0,0,0,0,2,400,9,70
2,394,0,0,0,0,0,0,1,400,10,70
2,394,0,0,0,0,0,0,2,400,10,70
2,395,0,0,0,0,0,0,1,400,11,70
2,395,0,0,0,0,0,0,2,400,11,70
2,396,0,0,0,0,0,0,1,400,12,70
2,396,0,0,0,0,0,0,2,400,12,70
2,397,0,0,0,0,0,0,1,400,13,70
2,397,0,0,0,0,0,0,2,400,13,70
2,398,0,0,0,0,0,0,1,400,14,70
2,398,0,0,0,0,0,0,2,400,14,70
2,399,0,0,0,0,0,0,1,400,15,70
2,399,0,0,0,0,0,0,2,400,15,70
2,400,0,0,0,0,0,0,1,400,16,70
2,400,0,0,0,0,0,0,2,400,16,70
2,401,0,0,0,0,0,0,1,400,17,70
2,401,0,0,0,0,0,0,2,400,17,70
2,402,0,0,0,0,0,0,1,400,18,70
2,402,0,0,0,0,0,0,2,400,18,70
2,403,0,0,0,0,0,0,1,400,19,70
2,403,0,0,0,0,0,0,2,400,19,70
2,404,0,0,0,0,0,0,1,400,20,70
2,404,0,0,0,0,0,0,2,400,20,70
2,405,0,0,0,0,0,0,1,400,21,70
2,405,0,0,0,0,0,0,2,400,21,70
2,406,0,0,0,0,0,0,1,400,22,70
2,406,0,0,0,0,0,0,2,400,22,70
2,407,0,0,0,0,0,0,1,400,23,70
2,407,0,0,0,0,0,0,2,400,23,70
2,408,0,0,0,0,0,0,1,400,0,70
2,408,0,0,0,0,0,0,2,400,0,70
2,409,0,0,0,0,0,0,1,400,1,70
2,409,0,0,0,0,0,0,2,400,1,70
2,410,0,0,0,0,0,0,1,400,2,70
2,410,0,0,0,0,0,0,2,400,2,70
2,411,0,0,0,0,0,0,1,400,3,70
2,411,0,0,0,0,0,0,2,400,3,70
2,412,0,0,0,0,0,0,1,400,4,70
2,412,0,0,0,0,0,0,2,400,4,70
2,413,0,0,0,0,0,0,1,400,5,70
2,413,0,0,0,0,0,0,2,400,5,70
2,414,0,0,0,0,0,0,1,400,6,70
2,414,0,0,0,0,0,0,2,400,6,70
2,415,0,0,0,0,0,0,1,400,7,70
2,415,0,0,0,0,0,0,2,400,7,70
2,416,0,0,0,0,0,0,1,400,8,70
2,416,0,0,0,0,0,0,2,400,8,70
2,417,0,0,0,0,0,0,1,400,9,70
2,417,0,0,0,0,0,0,2,400,9,70
2,418,0,0,0,0,0,0,1,400,10,70
2,418,0,0,0,0,0,0,2,400,10,70
2,419,0,0,0,0,0,0,1,400,11,70
2,419,0,0,0,0,0,0,2,400,11,70
2,420,0,0,0,0,0,0,1,400,12,70
2,420,0,0,0,0,0,0,2,400,12,70
2,421,0,0,0,0,0,0,1,400,13,70
2,421,0,0,0,0,0,0,2,400,13,70
2,422,0,0,0,0,0,0,1,400,14,70
2,422,0,0,0,0,0,0,2,400,14,70
2,423,0,0,0,0,0,0,1,400,15,70
2,423,0,0,0,0,0,0,2,400,15,70
2,424,0,0,0,0,0,0,1,400,16,70
2,424,0,0,0,0,0,0,2,400,16,70
2,425,0,0,0,0,0,0,1,400,17,70
2,425,0,0,0,0,0,0,2,400,17,70
2,426,0,0,0,0,0,0,1,400,18,70
2,426,0,0,0,0,0,0,2,400,18,70
2,427,0,0,0,0,0,0,1,400,19,70
2,427,0,0,0,0,0,0,2,400,19,70
2,428,0,0,0,0,0,0,1,400,20,70
2,428,0,0,0,0,0,0,2,400,20,70
2,429,0,0,0,0,0,0,1,400,21,70
2,429,0,0,0,0,0,0,2,400,21,70
2,430,0,0,0,0,0,0,1,400,22,70
2,430,0,0,0,0,0,0,2,400,22,70
2,431,0,0,0,0,0,0,1,400,23,70
2,431,0,0,0,0,0,0,2,400,23,70
2,432,0,0,0,0,0,0,1,400,0,70
2,432,0,0,0,0,0,0,2,400,0,70
2,433,0,0,0,0,0,0,1,400,1,70
2,433,0,0,0,0,0,0,2,400,1,70
2,434,0,0,0,0,0,0,1,400,2,70
2,434,0,0,0,0,0,0,2,400,2,70
2,435,0,0,0,0,0,0,1,400,3,70
2,435,0,0,0,0,0,0,2,400,3,70
2,436,0,0,0,0,0,0,1,400,4,70
2,436,0,0,0,0,0,0,2,400,4,70
2,437,0,0,0,0,0,0,1,400,5,70
2,437,0,0,0,0,0,0,2,400,5,70
2,438,0,0,0,0,0,0,1,400,6,70
2,438,0,0,0,0,0,0,2,400,6,70
2,439,0,0,0,0,0,0,1,400,7,70
2,439,0,0,0,0,0,0,2,400,7,70
2,440,0,0,0,0,0,0,1,400,8,70
2,440,0,0,0,0,0,0,2,400,8,70
2,441,0,0,0,0,0,0,1,400,9,70
2,441,0,0,0,0,0,0,2,400,9,70
2,442,0,0,0,0,0,0,1,400,10,70
2,442,0,0,0,0,0,0,2,400,10,70
2,443,0,0,0,0,0,0,1,400,11,70
2,443,0,0,0,0,0,0,2,400,11,70
2,444,0,0,0,0,0,0,1,400,12,70
2,444,0,0,0,0,0,0,2,400,12,70
2,445,0,0,0,0,0,0,1,400,13,70
2,445,0,0,0,0,0,0,2,400,13,70
2,446,0,0,0,0,0,0,1,400,14,70
2,446,0,0,0,0,0,0,2,400,14,70
2,447,0,0,0,0,0,0,1,400,15,70
2,447,0,0,0,0,0,0,2,400,15,70
2,448,0,0,0,0,0,0,1,400,16,70
2,448,0,0,0,0,0,0,2,400,16,70
2,449,0,0,0,0,0,0,1,400,17,70
2,449,0,0,0,0,0,0,2,400,17,70
2,450,0,0,0,0,0,0,1,400,18,70
2,450,0,0,0,0,0,0,2,400,18,70
2,451,0,0,0,0,0,0,1,400,19,70
2,451,0,0,0,0,0,0,2,400,19,70
2,452,0,0,0,0,0,0,1,400,20,70
2,452,0,0,0,0,0,0,2,400,20,70
2,453,0,0,0,0,0,0,1,400,21,70
2,453,0,0,0,0,0,0,2,400,21,70
2,454,0,0,0,0,0,0,1,400,22,70
2,454,0,0,0,0,0,0,2,400,22,70
2,455,0,0,0,0,0,0,1,400,23,70
2,455,0,0,0,0,0,0,2,400,23,70
2,456,0,0,0,0,0,0,1,400,0,70
2,456,0,0,0,0,0,0,2,400,0,70
2,457,0,0,0,0,0,0,1,400,1,70
2,457,0,0,0,0,0,0,2,400,1,70
2,458,0,0,0,0,0,0,1,400,2,70
2,458,0,0,0,0,0,0,2,400,2,70
2,459,0,0,0,0,0,0,1,400,3,70
2,459,0,0,0,0,0,0,2,400,3,70
2,460,0,0,0,0,0,0,1,400,4,70
2,460,0,0,0,0,0,0,2,400,4,70
2,461,0,0,0,0,0,0,1,400,5,70
2,461,0,0,0,0,0,0,2,400,5,70
2,462,0,0,0,0,0,0,1,400,6,70
2,462,0,0,0,0,0,0,2,400,6,70
2,463,0,0,0,0,0,0,1,400,7,70
2,463,0,0,0,0,0,0,2,400,7,70
2,464,0,0,0,0,0,0,1,400,8,70
2,464,0,0,0,0,0,0,2,400,8,70
2,465,0,0,0,0,0,0,1,400,9,70
2,465,0,0,0,0,0,0,2,400,9,70
2,466,0,0,0,0,0,0,1,400,10,70
2,466,0,0,0,0,0,0,2,400,10,70
2,467,0,0,0,0,0,0,1,400,11,70
2,467,0,0,0,0,0,0,2,400,11,70
2,468,0,0,0,0,0,0,1,400,12,70
2,468,0,0,0,0,0,0,2,400,12,70
2,469,0,0,0,0,0,0,1,400,13,70
2,469,0,0,0,0,0,0,2,400,13,70
2,470,0,0,0,0,0,0,1,400,14,70
2,470,0,0,0,0,0,0,2,400,14,70
2,471,0,0,0,0,0,0,1,400,15,70
2,471,0,0,0,0,0,0,2,400,15,70
2,472,0,0,0,0,0,0,1,400,16,70
2,472,0,0,0,0,0,0,2,400,16,70
2,473,0,0,0,0,0,0,1,400,17,70
2,473,0,0,0,0,0,0,2,400,17,70
2,474,0,0,0,0,0,0,1,400,18,70
2,474,0,0,0,0,0,0,2,400,18,70
2,475,0,0,0,0,0,0,1,400,19,70
2,475,0,0,0,0,0,0,2,400,19,70
2,476,0,0,0,0,0,0,1,400,20,70
2,476,0,0,0,0,0,0,2,400,20,70
2,477,0,0,0,0,0,0,1,400,21,70
2,477,0,0,0,0,0,0,2,400,21,70
2,478,0,0,0,0,0,0,1,400,22,70
2,478,0,0,0,0,0,0,2,400,22,70
2,479,0,0,0,0,0,0,1,400,23,70
2,479,0,0,0,0,0,0,2,400,23,70
2,480,0,0,0,0,0,0,1,400,0,70
2,480,0,0,0,0,0,0,2,400,0,70
2,481,0,0,0,0,0,0,1,400,1,70
2,481,0,0,0,0,0,0,2,400,1,70
2,482,0,0,0,0,0,0,1,400,2,70
2,482,0,0,0,0,0,0,2,400,2,70
2,483,0,0,0,0,0,0,1,400,3,70
2,483,0,0,0,0,0,0,2,400,3,70
2,484,0,0,0,0,0,0,1,400,4,70
2,484,0,0,0,0,0,0,2,400,4,70
2,485,0,0,0,0,0,0,1,400,5,70
2,485,0,0,0,0,0,0,2,400,5,70
2,486,0,0,0,0,0,0,1,400,6,70
2,486,0,0,0,0,0,0,2,400,6,70
2,487,0,0,0,0,0,0,1,400,7,70
2,487,0,0,0,0,0,0,2,400,7,70
2,488,0,0,0,0,0,0,1,400,8,70
2,488,0,0,0,0,0,0,2,400,8,70
2,489,0,0,0,0,0,0,1,400,9,70
2,489,0,0,0,0,0,0,2,400,9,70
2,490,0,0,0,0,0,0,1,400,10,70
2,490,0,0,0,0,0,0,2,400,10,70
2,491,0,0,0,0,0,0,1,400,11,70
2,491,0,0,0,0,0,0,2,400,11,70
2,492,0,0,0,0,0,0,1,400,12,70
2,492,0,0,0,0,0,0,2,400,12,70
2,493,0,0,0,0,0,0,1,400,13,70
2,493,0,0,0,0,0,0,2,400,13,70
2,494,0,0,0,0,0,0,1,400,14,70
2,494,0,0,0,0,0,0,2,400,14,70
2,495,0,0,0,0,0,0,1,400,15,70
2,495,0,0,0,0,0,0,2,400,15,70
2,496,0,0,0,0,0,0,1,400,16,70
2,496,0,0,0,0,0,0,2,400,16,70
2,497,0,0,0,0,0,0,1,400,17,70
2,497,0,0,0,0,0,0,2,400,17,70
2,498,0,0,0,0,0,0,1,400,18,70
2,498,0,0,0,0,0,0,2,400,18,70
2,499,0,0,0,0,0,0,1,400,19,70
2,499,0,0,0,0,0,0,2,400,19,70
2,500,0,0,0,0,0,0,1,400,20,70
2,500,0,0,0,0,0,0,2,400,20,70
2,501,0,0,0,0,0,0,1,400,21,70
2,501,0,0,0,0,0,0,2,400,21,70
2,502,0,0,0,0,0,0,1,400,22,70
2,502,0,0,0,0,0,0,2,400,22,70
2,503,0,0,0,0,0,0,1,400,23,70
2,503,0,0,0,0,0,0,2,400,23,70
2,504,0,0,0,0,0,0,1,400,0,70
2,504,0,0,0,0,0,0,2,400,0,70
2,505,0,0,0,0,0,0,1,400,1,70
2,505,0,0,0,0,0,0,2,400,1,70
2,506,0,0,0,0,0,0,1,400,2,70
2,506,0,0,0,0,0,0,2,400,2,70
2,507,0,0,0,0,0,0,1,400,3,70
2,507,0,0,0,0,0,0,2,400,3,70
2,508,0,0,0,0,0,0,1,400,4,70
2,508,0,0,0,0,0,0,2,400,4,70
2,509,0,0,0,0,0,0,1,400,5,70
2,509,0,0,0,0,0,0,2,400,5,70
2,510,0,0,0,0,0,0,1,400,6,70
2,510,0,0,0,0,0,0,2,400,6,70
2,511,0,0,0,0,0,0,1,400,7,70
2,511,0,0,0,0,0,0,2,400,7,70
2,512,0,0,0,0,0,0,1,400,8,70
2,512,0,0,0,0,0,0,2,400,8,70
2,513,0,0,0,0,0,0,1,400,9,70
2,513,0,0,0,0,0,0,2,400,9,70
2,514,0,0,0,0,0,0,1,400,10,70
2,514,0,0,0,0,0,0,2,400,10,70
2,515,0,0,0,0,0,0,1,400,11,70
2,515,0,0,0,0,0,0,2,400,11,70
2,516,0,0,0,0,0,0,1,400,12,70
2,516,0,0,0,0,0,0,2,400,12,70
2,517,0,0,0,0,0,0,1,400,13,70
2,517,0,0,0,0,0,0,2,400,13,70
2,518,0,0,0,0,0,0,1,400,14,70
2,518,0,0,0,0,0,0,2,400,14,70
2,519,0,0,0,0,0,0,1,400,15,70
2,519,0,0,0,0,0,0,2,400,15,70
2,520,0,0,0,0,0,0,1,400,16,70
2,520,0,0,0,0,0,0,2,400,16,70
2,521,0,0,0,0,0,0,1,400,17,70
2,521,0,0,0,0,0,0,2,400,17,70
2,522,0,0,0,0,0,0,1,400,18,70
2,522,0,0,0,0,0,0,2,400,18,70
2,523,0,0,0,0,0,0,1,400,19,70
2,523,0,0,0,0,0,0,2,400,19,70
2,524,0,0,0,0,0,0,1,400,20,70
2,524,0,0,0,0,0,0,2,400,20,70
2,525,0,0,0,0,0,0,1,400,21,70
2,525,0,0,0,0,0,0,2,400,21,70
2,526,0,0,0,0,0,0,1,400,22,70
2,526,0,0,0,0,0,0,2,400,22,70
2,527,0,0,0,0,0,0,1,400,23,70
2,527,0,0,0,0,0,0,2,400,23,70
2,528,0,0,0,0,0,0,1,400,0,70
2,528,0,0,0,0,0,0,2,400,0,70
2,529,0,0,0,0,0,0,1,400,1,70
2,529,0,0,0,0,0,0,2,400,1,70
2,530,0,0,0,0,0,0,1,400,2,70
2,530,0,0,0,0,0,0,2,400,2,70
2,531,0,0,0,0,0,0,1,400,3,70
2,531,0,0,0,0,0,0,2,400,3,70
2,532,0,0,0,0,0,0,1,400,4,70
2,532,0,0,0,0,0,0,2,400,4,70
2,533,0,0,0,0,0,0,1,400,5,70
2,533,0,0,0,0,0,0,2,400,5,70
2,534,0,0,0,0,0,0,1,400,6,70
2,534,0,0,0,0,0,0,2,400,6,70
2,535,0,0,0,0,0,0,1,400,7,70
2,535,0,0,0,0,0,0,2,400,7,70
2,536,0,0,0,0,0,0,1,400,8,70
2,536,0,0,0,0,0,0,2,400,8,70
2,537,0,0,0,0,0,0,1,400,9,70
2,537,0,0,0,0,0,0,2,400,9,70
2,538,0,0,0,0,0,0,1,400,10,70
2,538,0,0,0,0,0,0,2,400,10,70
2,539,0,0,0,0,0,0,1,400,11,70
2,539,0,0,0,0,0,0,2,400,11,70
2,540,0,0,0,0,0,0,1,400,12,70
2,540,0,0,0,0,0,0,2,400,12,70
2,541,0,0,0,0,0,0,1,400,13,70
2,541,0,0,0,0,0,0,2,400,13,70
2,542,0,0,0,0,0,0,1,400,14,70
2,542,0,0,0,0,0,0,2,400,14,70
2,543,0,0,0,0,0,0,1,400,15,70
2,543,0,0,0,0,0,0,2,400,15,70
2,544,0,0,0,0,0,0,1,400,16,70
2,544,0,0,0,0,0,0,2,400,16,70
2,545,0,0,0,0,0,0,1,400,17,70
2,545,0,0,0,0,0,0,2,400,17,70
2,546,0,0,0,0,0,0,1,400,18,70
2,546,0,0,0,0,0,0,2,400,18,70
2,547,0,0,0,0,0,0,1,400,19,70
2,547,0,0,0,0,0,0,2,400,19,70
2,548,0,0,0,0,0,0,1,400,20,70
2,548,0,0,0,0,0,0,2,400,20,70
2,549,0,0,0,0,0,0,1,400,21,70
2,549,0,0,0,0,0,0,2,400,21,70
2,550,0,0,0,0,0,0,1,400,22,70
2,550,0,0,0,0,0,0,2,400,22,70
2,551,0,0,0,0,0,0,1,400,23,70
2,551,0,0,0,0,0,0,2,400,23,70
2,552,0,0,0,0,0,0,1,400,0,70
2,552,0,0,0,0,0,0,2,400,0,70
2,553,0,0,0,0,0,0,1,400,1,70
2,553,0,0,0,0,0,0,2,400,1,70
2,554,0,0,0,0,0,0,1,400,2,70
2,554,0,0,0,0,0,0,2,400,2,70
2,555,0,0,0,0,0,0,1,400,3,70
2,555,0,0,0,0,0,0,2,400,3,70
2,556,0,0,0,0,0,0,1,400,4,70
2,556,0,0,0,0,0,0,2,400,4,70
2,557,0,0,0,0,0,0,1,400,5,70
2,557,0,0,0,0,0,0,2,400,5,70
2,558,0,0,0,0,0,0,1,400,6,70
2,558,0,0,0,0,0,0,2,400,6,70
2,559,0,0,0,0,0,0,1,400,7,70
2,559,0,0,0,0,0,0,2,400,7,70
2,560,0,0,0,0,0,0,1,400,8,70
2,560,0,0,0,0,0,0,2,400,8,70
2,561,0,0,0,0,0,0,1,400,9,70
2,561,0,0,0,0,0,0,2,400,9,70
2,562,0,0,0,0,0,0,1,400,10,70
2,562,0,0,0,0,0,0,2,400,10,70
2,563,0,0,0,0,0,0,1,400,11,70
2,563,0,0,0,0,0,0,2,400,11,70
2,564,0,0,0,0,0,0,1,400,12,70
2,564,0,0,0,0,0,0,2,400,12,70
2,565,0,0,0,0,0,0,1,400,13,70
2,565,0,0,0,0,0,0,2,400,13,70
2,566,0,0,0,0,0,0,1,400,14,70
2,566,0,0,0,0,0,0,2,400,14,70
2,567,0,0,0,0,0,0,1,400,15,70
2,567,0,0,0,0,0,0,2,400,15,70
2,568,0,0,0,0,0,0,1,400,16,70
2,568,0,0,0,0,0,0,2,400,16,70
2,569,0,0,0,0,0,0,1,400,17,70
2,569,0,0,0,0,0,0,2,400,17,70
2,570,0,0,0,0,0,0,1,400,18,70
2,570,0,0,0,0,0,0,2,400,18,70
2,571,0,0,0,0,0,0,1,400,19,70
2,571,0,0,0,0,0,0,2,400,19,70
2,572,0,0,0,0,0,0,1,400,20,70
2,572,0,0,0,0,0,0,2,400,20,70
2,573,0,0,0,0,0,0,1,400,21,70
2,573,0,0,0,0,0,0,2,400,21,70
2,574,0,0,0,0,0,0,1,400,22,70
2,574,0,0,0,0,0,0,2,400,22,70
2,575,0,0,0,0,0,0,1,400,23,70
2,575,0,0,0,0,0,0,2,400,23,70
2,576,0,0,0,0,0,0,1,400,0,70
2,576,0,0,0,0,0,0,2,400,0,70
2,577,0,0,0,0,0,0,1,400,1,70
2,577,0,0,0,0,0,0,2,400,1,70
2,578,0,0,0,0,0,0,1,400,2,70
2,578,0,0,0,0,0,0,2,400,2,70
2,579,0,0,0,0,0,0,1,400,3,70
2,579,0,0,0,0,0,0,2,400,3,70
2,580,0,0,0,0,0,0,1,400,4,70
2,580,0,0,0,0,0,0,2,400,4,70
2,581,0,0,0,0,0,0,1,400,5,70
2,581,0,0,0,0,0,0,2,400,5,70
2,582,0,0,0,0,0,0,1,400,6,70
2,582,0,0,0,0,0,0,2,400,6,70
2,583,0,0,0,0,0,0,1,400,7,70
2,583,0,0,0,0,0,0,2,400,7,70
2,584,0,0,0,0,0,0,1,400,8,70
2,584,0,0,0,0,0,0,2,400,8,70
2,585,0,0,0,0,0,0,1,400,9,70
2,585,0,0,0,0,0,0,2,400,9,70
2,586,0,0,0,0,0,0,1,400,10,70
2,586,0,0,0,0,0,0,2,400,10,70
2,587,0,0,0,0,0,0,1,400,11,70
2,587,0,0,0,0,0,0,2,400,11,70
2,588,0,0,0,0,0,0,1,400,12,70
2,588,0,0,0,0,0,0,2,400,12,70
2,589,0,0,0,0,0,0,1,400,13,70
2,589,0,0,0,0,0,0,2,400,13,70
2,590,0,0,0,0,0,0,1,400,14,70
2,590,0,0,0,0,0,0,2,400,14,70
2,591,0,0,0,0,0,0,1,400,15,70
2,591,0,0,0,0,0,0,2,400,15,70
2,592,0,0,0,0,0,0,1,400,16,70
2,592,0,0,0,0,0,0,2,400,16,70
2,593,0,0,0,0,0,0,1,400,17,70
2,593,0,0,0,0,0,0,2,400,17,70
2,594,0,0,0,0,0,0,1,400,18,70
2,594,0,0,0,0,0,0,2,400,18,70
2,595,0,0,0,0,0,0,1,400,19,70
2,595,0,0,0,0,0,0,2,400,19,70
2,596,0,0,0,0,0,0,1,400,20,70
2,596,0,0,0,0,0,0,2,400,20,70
2,597,0,0,0,0,0,0,1,400,21,70
2,597,0,0,0,0,0,0,2,400,21,70
2,598,0,0,0,0,0,0,1,400,22,70
2,598,0,0,0,0,0,0,2,400,22,70
2,599,0,0,0,0,0,0,1,400,23,70
2,599,0,0,0,0,0,0,2,400,23,70
2,600,0,0,0,0,0,0,1,400,0,70
2,600,0,0,0,0,0,0,2,400,0,70
2,601,0,0,0,0,0,0,1,400,1,70
2,601,0,0,0,0,0,0,2,400,1,70
2,602,0,0,0,0,0,0,1,400,2,70
2,602,0,0,0,0,0,0,2,400,2,70
2,603,0,0,0,0,0,0,1,400,3,70
2,603,0,0,0,0,0,0,2,400,3,70
2,604,0,0,0,0,0,0,1,400,4,70
2,604,0,0,0,0,0,0,2,400,4,70
2,605,0,0,0,0,0,0,1,400,5,70
2,605,0,0,0,0,0,0,2,400,5,70
2,606,0,0,0,0,0,0,1,400,6,70
2,606,0,0,0,0,0,0,2,400,6,70
2,607,0,0,0,0,0,0,1,400,7,70
2,607,0,0,0,0,0,0,2,400,7,70
2,608,0,0,0,0,0,0,1,400,8,70
2,608,0,0,0,0,0,0,2,400,8,70
2,609,0,0,0,0,0,0,1,400,9,70
2,609,0,0,0,0,0,0,2,400,9,70
2,610,0,0,0,0,0,0,1,400,10,70
2,610,0,0,0,0,0,0,2,400,10,70
2,611,0,0,0,0,0,0,1,400,11,70
2,611,0,0,0,0,0,0,2,400,11,70
2,612,0,0,0,0,0,0,1,400,12,70
2,612,0,0,0,0,0,0,2,400,12,70
2,613,0,0,0,0,0,0,1,400,13,70
2,613,0,0,0,0,0,0,2,400,13,70
2,614,0,0,0,0,0,0,1,400,14,70
2,614,0,0,0,0,0,0,2,400,14,70
2,615,0,0,0,0,0,0,1,400,15,70
2,615,0,0,0,0,0,0,2,400,15,70
2,616,0,0,0,0,0,0,1,400,16,70
2,616,0,0,0,0,0,0,2,400,16,70
2,617,0,0,0,0,0,0,1,400,17,70
2,617,0,0,0,0,0,0,2,400,17,70
2,618,0,0,0,0,0,0,1,400,18,70
2,618,0,0,0,0,0,0,2,400,18,70
2,619,0,0,0,0,0,0,1,400,19,70
2,619,0,0,0,0,0,0,2,400,19,70
2,620,0,0,0,0,0,0,1,400,20,70
2,620,0,0,0,0,0,0,2,400,20,70
2,621,0,0,0,0,0,0,1,400,21,70
2,621,0,0,0,0,0,0,2,400,21,70
2,622,0,0,0,0,0,0,1,400,22,70
2,622,0,0,0,0,0,0,2,400,22,70
2,623,0,0,0,0,0,0,1,400,23,70
2,623,0,0,0,0,0,0,2,400,23,70
2,624,0,0,0,0,0,0,1,400,0,70
2,624,0,0,0,0,0,0,2,400,0,70
2,625,0,0,0,0,0,0,1,400,1,70
2,625,0,0,0,0,0,0,2,400,1,70
2,626,0,0,0,0,0,0,1,400,2,70
2,626,0,0,0,0,0,0,2,400,2,70
2,627,0,0,0,0,0,0,1,400,3,70
2,627,0,0,0,0,0,0,2,400,3,70
2,628,0,0,0,0,0,0,1,400,4,70
2,628,0,0,0,0,0,0,2,400,4,70
2,629,0,0,0,0,0,0,1,400,5,70
2,629,0,0,0,0,0,0,2,400,5,70
2,630,0,0,0,0,0,0,1,400,6,70
2,630,0,0,0,0,0,0,2,400,6,70
2,631,0,0,0,0,0,0,1,400,7,70
2,631,0,0,0,0,0,0,2,400,7,70
2,632,0,0,0,0,0,0,1,400,8,70
2,632,0,0,0,0,0,0,2,400,8,70
2,633,0,0,0,0,0,0,1,400,9,70
2,633,0,0,0,0,0,0,2,400,9,70
2,634,0,0,0,0,0,0,1,400,10,70
2,634,0,0,0,0,0,0,2,400,10,70
2,635,0,0,0,0,0,0,1,400,11,70
2,635,0,0,0,0,0,0,2,400,11,70
2,636,0,0,0,0,0,0,1,400,12,70
2,636,0,0,0,0,0,0,2,400,12,70
2,637,0,0,0,0,0,0,1,400,13,70
2,637,0,0,0,0,0,0,2,400,13,70
2,638,0,0,0,0,0,0,1,400,14,70
2,638,0,0,0,0,0,0,2,400,14,70
2,639,0,0,0,0,0,0,1,400,15,70
2,639,0,0,0,0,0,0,2,400,15,70
2,640,0,0,0,0,0,0,1,400,16,70
2,640,0,0,0,0,0,0,2,400,16,70
2,641,0,0,0,0,0,0,1,400,17,70
2,641,0,0,0,0,0,0,2,400,17,70
2,642,0,0,0,0,0,0,1,400,18,70
2,642,0,0,0,0,0,0,2,400,18,70
2,643,0,0,0,0,0,0,1,400,19,70
2,643,0,0,0,0,0,0,2,400,19,70
2,644,0,0,0,0,0,0,1,400,20,70
2,644,0,0,0,0,0,0,2,400,20,70
2,645,0,0,0,0,0,0,1,400,21,70
2,645,0,0,0,0,0,0,2,400,21,70
2,646,0,0,0,0,0,0,1,400,22,70
2,646,0,0,0,0,0,0,2,400,22,70
2,647,0,0,0,0,0,0,1,400,23,70
2,647,0,0,0,0,0,0,2,400,23,70
2,648,0,0,0,0,0,0,1,400,0,70
2,648,0,0,0,0,0,0,2,400,0,70
2,649,0,0,0,0,0,0,1,400,1,70
2,649,0,0,0,0,0,0,2,400,1,70
2,650,0,0,0,0,0,0,1,400,2,70
2,650,0,0,0,0,0,0,2,400,2,70
2,651,0,0,0,0,0,0,1,400,3,70
2,651,0,0,0,0,0,0,2,400,3,70
2,652,0,0,0,0,0,0,1,400,4,70
2,652,0,0,0,0,0,0,2,400,4,70
2,653,0,0,0,0,0,0,1,400,5,70
2,653,0,0,0,0,0,0,2,400,5,70
2,654,0,0,0,0,0,0,1,400,6,70
2,654,0,0,0,0,0,0,2,400,6,70
2,655,0,0,0,0,0,0,1,400,7,70
2,655,0,0,0,0,0,0,2,400,7,70
2,656,0,0,0,0,0,0,1,400,8,70
2,656,0,0,0,0,0,0,2,400,8,70
2,657,0,0,0,0,0,0,1,400,9,70
2,657,0,0,0,0,0,0,2,400,9,70
2,658,0,0,0,0,0,0,1,400,10,70
2,658,0,0,0,0,0,0,2,400,10,70
2,659,0,0,0,0,0,0,1,400,11,70
2,659,0,0,0,0,0,0,2,400,11,70
2,660,0,0,0,0,0,0,1,400,12,70
2,660,0,0,0,0,0,0,2,400,12,70
2,661,0,0,0,0,0,0,1,400,13,70
2,661,0,0,0,0,0,0,2,400,13,70
2,662,0,0,0,0,0,0,1,400,14,70
2,662,0,0,0,0,0,0,2,400,14,70
2,663,0,0,0,0,0,0,1,400,15,70
2,663,0,0,0,0,0,0,2,400,15,70
2,664,0,0,0,0,0,0,1,400,16,70
2,664,0,0,0,0,0,0,2,400,16,70
2,665,0,0,0,0,0,0,1,400,17,70
2,665,0,0,0,0,0,0,2,400,17,70
2,666,0,0,0,0,0,0,1,400,18,70
2,666,0,0,0,0,0,0,2,400,18,70
2,667,0,0,0,0,0,0,1,400,19,70
2,667,0,0,0,0,0,0,2,400,19,70
2,668,0,0,0,0,0,0,1,400,20,70
2,668,0,0,0,0,0,0,2,400,20,70
2,669,0,0,0,0,0,0,1,400,21,70
2,669,0,0,0,0,0,0,2,400,21,70
2,670,0,0,0,0,0,0,1,400,22,70
2,670,0,0,0,0,0,0,2,400,22,70
2,671,0,0,0,0,0,0,1,400,23,70
2,671,0,0,0,0,0,0,2,400,23,70
2,672,0,0,0,0,0,0,1,400,0,70
2,672,0,0,0,0,0,0,2,400,0,70
2,672,0,0,0,0,0,0,1,400,0,70
2,672,0,0,0,0,0,0,2,400,0,70
2,673,0,0,0,0,0,0,1,400,1,70
2,673,0,0,0,0,0,0,2,400,1,70
2,674,0,0,0,0,0,0,1,400,2,70
2,674,0,0,0,0,0,0,2,400,2,70
2,675,0,0,0,0,0,0,1,400,3,70
2,675,0,0,0,0,0,0,2,400,3,70
2,676,0,0,0,0,0,0,1,400,4,70
2,676,0,0,0,0,0,0,2,400,4,70
2,677,0,0,0,0,0,0,1,400,5,70
2,677,0,0,0,0,0,0,2,400,5,70
2,678,0,0,0,0,0,0,1,400,6,70
2,678,0,0,0,0,0,0,2,400,6,70
2,679,0,0,0,0,0,0,1,400,7,70
2,679,0,0,0,0,0,0,2,400,7,70
2,680,0,0,0,0,0,0,1,400,8,70
2,680,0,0,0,0,0,0,2,400,8,70
2,681,0,0,0,0,0,0,1,400,9,70
2,681,0,0,0,0,0,0,2,400,9,70
2,682,0,0,0,0,0,0,1,400,10,70
2,682,0,0,0,0,0,0,2,400,10,70
2,683,0,0,0,0,0,0,1,400,11,70
2,683,0,0,0,0,0,0,2,400,11,70
2,684,0,0,0,0,0,0,1,400,12,70
2,684,0,0,0,0,0,0,2,400,12,70
2,685,0,0,0,0,0,0,1,400,13,70
2,685,0,0,0,0,0,0,2,400,13,70
2,686,0,0,0,0,0,0,1,400,14,70
2,686,0,0,0,0,0,0,2,400,14,70
2,687,0,0,0,0,0,0,1,400,15,70
2,687,0,0,0,0,0,0,2,400,15,70
2,688,0,0,0,0,0,0,1,400,16,70
2,688,0,0,0,0,0,0,2,400,16,70
2,689,0,0,0,0,0,0,1,400,17,70
2,689,0,0,0,0,0,0,2,400,17,70
2,690,0,0,0,0,0,0,1,400,18,70
2,690,0,0,0,0,0,0,2,400,18,70
2,691,0,0,0,0,0,0,1,400,19,70
2,691,0,0,0,0,0,0,2,400,19,70
2,692,0,0,0,0,0,0,1,400,20,70
2,692,0,0,0,0,0,0,2,400,20,70
2,693,0,0,0,0,0,0,1,400,21,70
2,693,0,0,0,0,0,0,2,400,21,70
2,694,0,0,0,0,0,0,1,400,22,70
2,694,0,0,0,0,0,0,2,400,22,70
2,695,0,0,0,0,0,0,1,400,23,70
2,695,0,0,0,0,0,0,2,400,23,70
2,696,0,0,0,0,0,0,1,400,0,70
2,696,0,0,0,0,0,0,2,400,0,70
2,697,0,0,0,0,0,0,1,400,1,70
2,697,0,0,0,0,0,0,2,400,1,70
2,698,0,0,0,0,0,0,1,400,2,70
2,698,0,0,0,0,0,0,2,400,2,70
2,699,0,0,0,0,0,0,1,400,3,70
2,699,0,0,0,0,0,0,2,400,3,70
2,700,0,0,0,0,0,0,1,400,4,70
2,700,0,0,0,0,0,0,2,400,4,70
2,701,0,0,0,0,0,0,1,400,5,70
2,701,0,0,0,0,0,0,2,400,5,70
2,702,0,0,0,0,0,0,1,400,6,70
2,702,0,0,0,0,0,0,2,400,6,70
2,703,0,0,0,0,0,0,1,400,7,70
2,703,0,0,0,0,0,0,2,400,7,70
2,704,0,0,0,0,0,0,1,400,8,70
2,704,0,0,0,0,0,0,2,400,8,70
2,705,0,0,0,0,0,0,1,400,9,70
2,705,0,0,0,0,0,0,2,400,9,70
2,706,0,0,0,0,0,0,1,400,10,70
2,706,0,0,0,0,0,0,2,400,10,70
2,707,0,0,0,0,0,0,1,400,11,70
2,707,0,0,0,0,0,0,2,400,11,70
2,708,0,0,0,0,0,0,1,400,12,70
2,708,0,0,0,0,0,0,2,400,12,70
2,709,0,0,0,0,0,0,1,400,13,70
2,709,0,0,0,0,0,0,2,400,13,70
2,710,0,0,0,0,0,0,1,400,14,70
2,710,0,0,0,0,0,0,2,400,14,70
2,711,0,0,0,0,0,0,1,400,15,70
2,711,0,0,0,0,0,0,2,400,15,70
2,712,0,0,0,0,0,0,1,400,16,70
2,712,0,0,0,0,0,0,2,400,16,70
2,713,0,0,0,0,0,0,1,400,17,70
2,713,0,0,0,0,0,0,2,400,17,70
2,714,0,0,0,0,0,0,1,400,18,70
2,714,0,0,0,0,0,0,2,400,18,70
2,715,0,0,0,0,0,0,1,400,19,70
2,715,0,0,0,0,0,0,2,400,19,70
2,716,0,0,0,0,0,0,1,400,20,70
2,716,0,0,0,0,0,0,2,400,20,70
2,717,0,0,0,0,0,0,1,400,21,70
2,717,0,0,0,0,0,0,2,400,21,70
2,718,0,0,0,0,0,0,1,400,22,70
2,718,0,0,0,0,0,0,2,400,22,70
2,719,0,0,0,0,0,0,1,400,23,70
2,719,0,0,0,0,0,0,2,400,23,70
2,720,0,0,0,0,0,0,1,400,0,70
2,720,0,0,0,0,0,0,2,400,0,70
2,721,0,0,0,0,0,0,1,400,1,70
2,721,0,0,0,0,0,0,2,400,1,70
2,722,0,0,0,0,0,0,1,400,2,70
2,722,0,0,0,0,0,0,2,400,2,70
2,723,0,0,0,0,0,0,1,400,3,70
2,723,0,0,0,0,0,0,2,400,3,70
2,724,0,0,0,0,0,0,1,400,4,70
2,724,0,0,0,0,0,0,2,400,4,70
2,725,0,0,0,0,0,0,1,400,5,70
2,725,0,0,0,0,0,0,2,400,5,70
2,726,0,0,0,0,0,0,1,400,6,70
2,726,0,0,0,0,0,0,2,400,6,70
2,727,0,0,0,0,0,0,1,400,7,70
2,727,0,0,0,0,0,0,2,400,7,70
2,728,0,0,0,0,0,0,1,400,8,70
2,728,0,0,0,0,0,0,2,400,8,70
2,729,0,0,0,0,0,0,1,400,9,70
2,729,0,0,0,0,0,0,2,400,9,70
2,730,0,0,0,0,0,0,1,400,10,70
2,730,0,0,0,0,0,0,2,400,10,70
2,731,0,0,0,0,0,0,1,400,11,70
2,731,0,0,0,0,0,0,2,400,11,70
2,732,0,0,0,0,0,0,1,400,12,70
2,732,0,0,0,0,0,0,2,400,12,70
2,733,0,0,0,0,0,0,1,400,13,70
2,733,0,0,0,0,0,0,2,400,13,70
2,734,0,0,0,0,0,0,1,400,14,70
2,734,0,0,0,0,0,0,2,400,14,70
2,735,0,0,0,0,0,0,1,400,15,70
2,735,0,0,0,0,0,0,2,400,15,70
2,736,0,0,0,0,0,0,1,400,16,70
2,736,0,0,0,0,0,0,2,400,16,70
2,737,0,0,0,0,0,0,1,400,17,70
2,737,0,0,0,0,0,0,2,400,17,70
2,738,0,0,0,0,0,0,1,400,18,70
2,738,0,0,0,0,0,0,2,400,18,70
2,739,0,0,0,0,0,0,1,400,19,70
2,739,0,0,0,0,0,0,2,400,19,70
2,740,0,0,0,0,0,0,1,400,20,70
2,740,0,0,0,0,0,0,2,400,20,70
2,741,0,0,0,0,0,0,1,400,21,70
2,741,0,0,0,0,0,0,2,400,21,70
2,742,0,0,0,0,0,0,1,400,22,70
2,742,0,0,0,0,0,0,2,400,22,70
2,743,0,0,0,0,0,0,1,400,23,70
2,743,0,0,0,0,0,0,2,400,23,70
2,744,0,0,0,0,0,0,1,400,0,70
2,744,0,0,0,0,0,0,2,400,0,70
2,745,0,0,0,0,0,0,1,400,1,70
2,745,0,0,0,0,0,0,2,400,1,70
2,746,0,0,0,0,0,0,1,400,2,70
2,746,0,0,0,0,0,0,2,400,2,70
2,747,0,0,0,0,0,0,1,400,3,70
2,747,0,0,0,0,0,0,2,400,3,70
2,748,0,0,0,0,0,0,1,400,4,70
2,748,0,0,0,0,0,0,2,400,4,70
2,749,0,0,0,0,0,0,1,400,5,70
2,749,0,0,0,0,0,0,2,400,5,70
2,750,0,0,0,0,0,0,1,400,6,70
2,750,0,0,0,0,0,0,2,400,6,70
2,751,0,0,0,0,0,0,1,400,7,70
2,751,0,0,0,0,0,0,2,400,7,70
2,752,0,0,0,0,0,0,1,400,8,70
2,752,0,0,0,0,0,0,2,400,8,70
2,753,0,0,0,0,0,0,1,400,9,70
2,753,0,0,0,0,0,0,2,400,9,70
2,754,0,0,0,0,0,0,1,400,10,70
2,754,0,0,0,0,0,0,2,400,10,70
2,755,0,0,0,0,0,0,1,400,11,70
2,755,0,0,0,0,0,0,2,400,11,70
2,756,0,0,0,0,0,0,1,400,12,70
2,756,0,0,0,0,0,0,2,400,12,70
2,757,0,0,0,0,0,0,1,400,13,70
2,757,0,0,0,0,0,0,2,400,13,70
2,758,0,0,0,0,0,0,1,400,14,70
2,758,0,0,0,0,0,0,2,400,14,70
2,759,0,0,0,0,0,0,1,400,15,70
2,759,0,0,0,0,0,0,2,400,15,70
2,760,0,0,0,0,0,0,1,400,16,70
2,760,0,0,0,0,0,0,2,400,16,70
2,761,0,0,0,0,0,0,1,400,17,70
2,761,0,0,0,0,0,0,2,400,17,70
2,762,0,0,0,0,0,0,1,400,18,70
2,762,0,0,0,0,0,0,2,400,18,70
2,763,0,0,0,0,0,0,1,400,19,70
2,763,0,0,0,0,0,0,2,400,19,70
2,764,0,0,0,0,0,0,1,400,20,70
2,764,0,0,0,0,0,0,2,400,20,70
2,765,0,0,0,0,0,0,1,400,21,70
2,765,0,0,0,0,0,0,2,400,21,70
2,766,0,0,0,0,0,0,1,400,22,70
2,766,0,0,0,0,0,0,2,400,22,70
2,767,0,0,0,0,0,0,1,400,23,70
2,767,0,0,0,0,0,0,2,400,23,70
2,768,0,0,0,0,0,0,1,400,0,70
2,768,0,0,0,0,0,0,2,400,0,70
2,769,0,0,0,0,0,0,1,400,1,70
2,769,0,0,0,0,0,0,2,400,1,70
2,770,0,0,0,0,0,0,1,400,2,70
2,770,0,0,0,0,0,0,2,400,2,70
2,771,0,0,0,0,0,0,1,400,3,70
2,771,0,0,0,0,0,0,2,400,3,70
2,772,0,0,0,0,0,0,1,400,4,70
2,772,0,0,0,0,0,0,2,400,4,70
2,773,0,0,0,0,0,0,1,400,5,70
2,773,0,0,0,0,0,0,2,400,5,70
2,774,0,0,0,0,0,0,1,400,6,70
2,774,0,0,0,0,0,0,2,400,6,70
2,775,0,0,0,0,0,0,1,400,7,70
2,775,0,0,0,0,0,0,2,400,7,70
2,776,0,0,0,0,0,0,1,400,8,70
2,776,0,0,0,0,0,0,2,400,8,70
2,777,0,0,0,0,0,0,1,400,9,70
2,777,0,0,0,0,0,0,2,400,9,70
2,778,0,0,0,0,0,0,1,400,10,70
2,778,0,0,0,0,0,0,2,400,10,70
2,779,0,0,0,0,0,0,1,400,11,70
2,779,0,0,0,0,0,0,2,400,11,70
2,780,0,0,0,0,0,0,1,400,12,70
2,780,0,0,0,0,0,0,2,400,12,70
2,781,0,0,0,0,0,0,1,400,13,70
2,781,0,0,0,0,0,0,2,400,13,70
2,782,0,0,0,0,0,0,1,400,14,70
2,782,0,0,0,0,0,0,2,400,14,70
2,783,0,0,0,0,0,0,1,400,15,70
2,783,0,0,0,0,0,0,2,400,15,70
2,784,0,0,0,0,0,0,1,400,16,70
2,784,0,0,0,0,0,0,2,400,16,70
2,785,0,0,0,0,0,0,1,400,17,70
2,785,0,0,0,0,0,0,2,400,17,70
2,786,0,0,0,0,0,0,1,400,18,70
2,786,0,0,0,0,0,0,2,400,18,70
2,787,0,0,0,0,0,0,1,400,19,70
2,787,0,0,0,0,0,0,2,400,19,70
2,788,0,0,0,0,0,0,1,400,20,70
2,788,0,0,0,0,0,0,2,400,20,70
2,789,0,0,0,0,0,0,1,400,21,70
2,789,0,0,0,0,0,0,2,400,21,70
2,790,0,0,0,0,0,0,1,400,22,70
2,790,0,0,0,0,0,0,2,400,22,70
2,791,0,0,0,0,0,0,1,400,23,70
2,791,0,0,0,0,0,0,2,400,23,70
2,792,0,0,0,0,0,0,1,400,0,70
2,792,0,0,0,0,0,0,2,400,0,70
2,793,0,0,0,0,0,0,1,400,1,70
2,793,0,0,0,0,0,0,2,400,1,70
2,794,0,0,0,0,0,0,1,400,2,70
2,794,0,0,0,0,0,0,2,400,2,70
2,795,0,0,0,0,0,0,1,400,3,70
2,795,0,0,0,0,0,0,2,400,3,70
2,796,0,0,0,0,0,0,1,400,4,70
2,796,0,0,0,0,0,0,2,400,4,70
2,797,0,0,0,0,0,0,1,400,5,70
2,797,0,0,0,0,0,0,2,400,5,70
2,798,0,0,0,0,0,0,1,400,6,70
2,798,0,0,0,0,0,0,2,400,6,70
2,799,0,0,0,0,0,0,1,400,7,70
2,799,0,0,0,0,0,0,2,400,7,70
2,800,0,0,0,0,0,0,1,400,8,70
2,800,0,0,0,0,0,0,2,400,8,70
2,801,0,0,0,0,0,0,1,400,9,70
2,801,0,0,0,0,0,0,2,400,9,70
2,802,0,0,0,0,0,0,1,400,10,70
2,802,0,0,0,0,0,0,2,400,10,70
2,803,0,0,0,0,0,0,1,400,11,70
2,803,0,0,0,0,0,0,2,400,11,70
2,804,0,0,0,0,0,0,1,400,12,70
2,804,0,0,0,0,0,0,2,400,12,70
2,805,0,0,0,0,0,0,1,400,13,70
2,805,0,0,0,0,0,0,2,400,13,70
2,806,0,0,0,0,0,0,1,400,14,70
2,806,0,0,0,0,0,0,2,400,14,70
2,807,0,0,0,0,0,0,1,400,15,70
2,807,0,0,0,0,0,0,2,400,15,70
2,808,0,0,0,0,0,0,1,400,16,70
2,808,0,0,0,0,0,0,2,400,16,70
2,809,0,0,0,0,0,0,1,400,17,70
2,809,0,0,0,0,0,0,2,400,17,70
2,810,0,0,0,0,0,0,1,400,18,70
2,810,0,0,0,0,0,0,2,400,18,70
2,811,0,0,0,0,0,0,1,400,19,70
2,811,0,0,0,0,0,0,2,400,19,70
2,812,0,0,0,0,0,0,1,400,20,70
2,812,0,0,0,0,0,0,2,400,20,70
2,813,0,0,0,0,0,0,1,400,21,70
2,813,0,0,0,0,0,0,2,400,21,70
2,814,0,0,0,0,0,0,1,400,22,70
2,814,0,0,0,0,0,0,2,400,22,70
2,815,0,0,0,0,0,0,1,400,23,70
2,815,0,0,0,0,0,0,2,400,23,70
2,816,0,0,0,0,0,0,1,400,0,70
2,816,0,0,0,0,0,0,2,400,0,70
2,817,0,0,0,0,0,0,1,400,1,70
2,817,0,0,0,0,0,0,2,400,1,70
2,818,0,0,0,0,0,0,1,400,2,70
2,818,0,0,0,0,0,0,2,400,2,70
2,819,0,0,0,0,0,0,1,400,3,70
2,819,0,0,0,0,0,0,2,400,3,70
2,820,0,0,0,0,0,0,1,400,4,70
2,820,0,0,0,0,0,0,2,400,4,70
2,821,0,0,0,0,0,0,1,400,5,70
2,821,0,0,0,0,0,0,2,400,5,70
2,822,0,0,0,0,0,0,1,400,6,70
2,822,0,0,0,0,0,0,2,400,6,70
2,823,0,0,0,0,0,0,1,400,7,70
2,823,0,0,0,0,0,0,2,400,7,70
2,824,0,0,0,0,0,0,1,400,8,70
2,824,0,0,0,0,0,0,2,400,8,70
2,825,0,0,0,0,0,0,1,400,9,70
2,825,0,0,0,0,0,0,2,400,9,70
2,826,0,0,0,0,0,0,1,400,10,70
2,826,0,0,0,0,0,0,2,400,10,70
2,827,0,0,0,0,0,0,1,400,11,70
2,827,0,0,0,0,0,0,2,400,11,70
2,828,0,0,0,0,0,0,1,400,12,70
2,828,0,0,0,0,0,0,2,400,12,70
2,829,0,0,0,0,0,0,1,400,13,70
2,829,0,0,0,0,0,0,2,400,13,70
2,830,0,0,0,0,0,0,1,400,14,70
2,830,0,0,0,0,0,0,2,400,14,70
2,831,0,0,0,0,0,0,1,400,15,70
2,831,0,0,0,0,0,0,2,400,15,70
2,832,0,0,0,0,0,0,1,400,16,70
2,832,0,0,0,0,0,0,2,400,16,70
2,833,0,0,0,0,0,0,1,400,17,70
2,833,0,0,0,0,0,0,2,400,17,70
2,834,0,0,0,0,0,0,1,400,18,70
2,834,0,0,0,0,0,0,2,400,18,70
2,835,0,0,0,0,0,0,1,400,19,70
2,835,0,0,0,0,0,0,2,400,19,70
2,836,0,0,0,0,0,0,1,400,20,70
2,836,0,0,0,0,0,0,2,400,20,70
2,837,0,0,0,0,0,0,1,400,21,70
2,837,0,0,0,0,0,0,2,400,21,70
2,838,0,0,0,0,0,0,1,400,22,70
2,838,0,0,0,0,0,0,2,400,22,70
2,839,0,0,0,0,0,0,1,400,23,70
2,839,0,0,0,0,0,0,2,400,23,70
2,840,0,0,0,0,0,0,1,400,0,70
2,840,0,0,0,0,0,0,2,400,0,70
2,841,0,0,0,0,0,0,1,400,1,70
2,841,0,0,0,0,0,0,2,400,1,70
2,842,0,0,0,0,0,0,1,400,2,70
2,842,0,0,0,0,0,0,2,400,2,70
2,843,0,0,0,0,0,0,1,400,3,70
2,843,0,0,0,0,0,0,2,400,3,70
2,844,0,0,0,0,0,0,1,400,4,70
2,844,0,0,0,0,0,0,2,400,4,70
2,845,0,0,0,0,0,0,1,400,5,70
2,845,0,0,0,0,0,0,2,400,5,70
2,846,0,0,0,0,0,0,1,400,6,70
2,846,0,0,0,0,0,0,2,400,6,70
2,847,0,0,0,0,0,0,1,400,7,70
2,847,0,0,0,0,0,0,2,400,7,70
2,848,0,0,0,0,0,0,1,400,8,70
2,848,0,0,0,0,0,0,2,400,8,70
2,849,0,0,0,0,0,0,1,400,9,70
2,849,0,0,0,0,0,0,2,400,9,70
2,850,0,0,0,0,0,0,1,400,10,70
2,850,0,0,0,0,0,0,2,400,10,70
2,851,0,0,0,0,0,0,1,400,11,70
2,851,0,0,0,0,0,0,2,400,11,70
2,852,0,0,0,0,0,0,1,400,12,70
2,852,0,0,0,0,0,0,2,400,12,70
2,853,0,0,0,0,0,0,1,400,13,70
2,853,0,0,0,0,0,0,2,400,13,70
2,854,0,0,0,0,0,0,1,400,14,70
2,854,0,0,0,0,0,0,2,400,14,70
2,855,0,0,0,0,0,0,1,400,15,70
2,855,0,0,0,0,0,0,2,400,15,70
2,856,0,0,0,0,0,0,1,400,16,70
2,856,0,0,0,0,0,0,2,400,16,70
2,857,0,0,0,0,0,0,1,400,17,70
2,857,0,0,0,0,0,0,2,400,17,70
2,858,0,0,0,0,0,0,1,400,18,70
2,858,0,0,0,0,0,0,2,400,18,70
2,859,0,0,0,0,0,0,1,400,19,70
2,859,0,0,0,0,0,0,2,400,19,70
2,860,0,0,0,0,0,0,1,400,20,70
2,860,0,0,0,0,0,0,2,400,20,70
2,861,0,0,0,0,0,0,1,400,21,70
2,861,0,0,0,0,0,0,2,400,21,70
2,862,0,0,0,0,0,0,1,400,22,70
2,862,0,0,0,0,0,0,2,400,22,70
2,863,0,0,0,0,0,0,1,400,23,70
2,863,0,0,0,0,0,0,2,400,23,70
2,864,0,0,0,0,0,0,1,400,0,70
2,864,0,0,0,0,0,0,2,400,0,70
2,865,0,0,0,0,0,0,1,400,1,70
2,865,0,0,0,0,0,0,2,400,1,70
2,866,0,0,0,0,0,0,1,400,2,70
2,866,0,0,0,0,0,0,2,400,2,70
2,867,0,0,0,0,0,0,1,400,3,70
2,867,0,0,0,0,0,0,2,400,3,70
2,868,0,0,0,0,0,0,1,400,4,70
2,868,0,0,0,0,0,0,2,400,4,70
2,869,0,0,0,0,0,0,1,400,5,70
2,869,0,0,0,0,0,0,2,400,5,70
2,870,0,0,0,0,0,0,1,400,6,70
2,870,0,0,0,0,0,0,2,400,6,70
2,871,0,0,0,0,0,0,1,400,7,70
2,871,0,0,0,0,0,0,2,400,7,70
2,872,0,0,0,0,0,0,1,400,8,70
2,872,0,0,0,0,0,0,2,400,8,70
2,873,0,0,0,0,0,0,1,400,9,70
2,873,0,0,0,0,0,0,2,400,9,70
2,874,0,0,0,0,0,0,1,400,10,70
2,874,0,0,0,0,0,0,2,400,10,70
2,875,0,0,0,0,0,0,1,400,11,70
2,875,0,0,0,0,0,0,2,400,11,70
2,876,0,0,0,0,0,0,1,400,12,70
2,876,0,0,0,0,0,0,2,400,12,70
2,877,0,0,0,0,0,0,1,400,13,70
2,877,0,0,0,0,0,0,2,400,13,70
2,878,0,0,0,0,0,0,1,400,14,70
2,878,0,0,0,0,0,0,2,400,14,70
2,879,0,0,0,0,0,0,1,400,15,70
2,879,0,0,0,0,0,0,2,400,15,70
2,880,0,0,0,0,0,0,1,400,16,70
2,880,0,0,0,0,0,0,2,400,16,70
2,881,0,0,0,0,0,0,1,400,17,70
2,881,0,0,0,0,0,0,2,400,17,70
2,882,0,0,0,0,0,0,1,400,18,70
2,882,0,0,0,0,0,0,2,400,18,70
2,883,0,0,0,0,0,0,1,400,19,70
2,883,0,0,0,0,0,0,2,400,19,70
2,884,0,0,0,0,0,0,1,400,20,70
2,884,0,0,0,0,0,0,2,400,20,70
2,885,0,0,0,0,0,0,1,400,21,70
2,885,0,0,0,0,0,0,2,400,21,70
2,886,0,0,0,0,0,0,1,400,22,70
2,886,0,0,0,0,0,0,2,400,22,70
2,887,0,0,0,0,0,0,1,400,23,70
2,887,0,0,0,0,0,0,2,400,23,70
2,888,0,0,0,0,0,0,1,400,0,70
2,888,0,0,0,0,0,0,2,400,0,70
2,889,0,0,0,0,0,0,1,400,1,70
2,889,0,0,0,0,0,0,2,400,1,70
2,890,0,0,0,0,0,0,1,400,2,70
2,890,0,0,0,0,0,0,2,400,2,70
2,891,0,0,0,0,0,0,1,400,3,70
2,891,0,0,0,0,0,0,2,400,3,70
2,892,0,0,0,0,0,0,1,400,4,70
2,892,0,0,0,0,0,0,2,400,4,70
2,893,0,0,0,0,0,0,1,400,5,70
2,893,0,0,0,0,0,0,2,400,5,70
2,894,0,0,0,0,0,0,1,400,6,70
2,894,0,0,0,0,0,0,2,400,6,70
2,895,0,0,0,0,0,0,1,400,7,70
2,895,0,0,0,0,0,0,2,400,7,70
2,896,0,0,0,0,0,0,1,400,8,70
2,896,0,0,0,0,0,0,2,400,8,70
2,897,0,0,0,0,0,0,1,400,9,70
2,897,0,0,0,0,0,0,2,400,9,70
2,898,0,0,0,0,0,0,1,400,10,70
2,898,0,0,0,0,0,0,2,400,10,70
2,899,0,0,0,0,0,0,1,400,11,70
2,899,0,0,0,0,0,0,2,400,11,70
2,900,0,0,0,0,0,0,1,400,12,70
2,900,0,0,0,0,0,0,2,400,12,70
2,901,0,0,0,0,0,0,1,400,13,70
2,901,0,0,0,0,0,0,2,400,13,70
2,902,0,0,0,0,0,0,1,400,14,70
2,902,0,0,0,0,0,0,2,400,14,70
2,903,0,0,0,0,0,0,1,400,15,70
2,903,0,0,0,0,0,0,2,400,15,70
2,904,0,0,0,0,0,0,1,400,16,70
2,904,0,0,0,0,0,0,2,400,16,70
2,905,0,0,0,0,0,0,1,400,17,70
2,905,0,0,0,0,0,0,2,400,17,70
2,906,0,0,0,0,0,0,1,400,18,70
2,906,0,0,0,0,0,0,2,400,18,70
2,907,0,0,0,0,0,0,1,400,19,70
2,907,0,0,0,0,0,0,2,400,19,70
2,908,0,0,0,0,0,0,1,400,20,70
2,908,0,0,0,0,0,0,2,400,20,70
2,909,0,0,0,0,0,0,1,400,21,70
2,909,0,0,0,0,0,0,2,400,21,70
2,910,0,0,0,0,0,0,1,400,22,70
2,910,0,0,0,0,0,0,2,400,22,70
2,911,0,0,0,0,0,0,1,400,23,70
2,911,0,0,0,0,0,0,2,400,23,70
2,912,0,0,0,0,0,0,1,400,0,70
2,912,0,0,0,0,0,0,2,400,0,70
2,913,0,0,0,0,0,0,1,400,1,70
2,913,0,0,0,0,0,0,2,400,1,70
2,914,0,0,0,0,0,0,1,400,2,70
2,914,0,0,0,0,0,0,2,400,2,70
2,915,0,0,0,0,0,0,1,400,3,70
2,915,0,0,0,0,0,0,2,400,3,70
2,916,0,0,0,0,0,0,1,400,4,70
2,916,0,0,0,0,0,0,2,400,4,70
2,917,0,0,0,0,0,0,1,400,5,70
2,917,0,0,0,0,0,0,2,400,5,70
2,918,0,0,0,0,0,0,1,400,6,70
2,918,0,0,0,0,0,0,2,400,6,70
2,919,0,0,0,0,0,0,1,400,7,70
2,919,0,0,0,0,0,0,2,400,7,70
2,920,0,0,0,0,0,0,1,400,8,70
2,920,0,0,0,0,0,0,2,400,8,70
2,921,0,0,0,0,0,0,1,400,9,70
2,921,0,0,0,0,0,0,2,400,9,70
2,922,0,0,0,0,0,0,1,400,10,70
2,922,0,0,0,0,0,0,2,400,10,70
2,923,0,0,0,0,0,0,1,400,11,70
2,923,0,0,0,0,0,0,2,400,11,70
2,924,0,0,0,0,0,0,1,400,12,70
2,924,0,0,0,0,0,0,2,400,12,70
2,925,0,0,0,0,0,0,1,400,13,70
2,925,0,0,0,0,0,0,2,400,13,70
2,926,0,0,0,0,0,0,1,400,14,70
2,926,0,0,0,0,0,0,2,400,14,70
2,927,0,0,0,0,0,0,1,400,15,70
2,927,0,0,0,0,0,0,2,400,15,70
2,928,0,0,0,0,0,0,1,400,16,70
2,928,0,0,0,0,0,0,2,400,16,70
2,929,0,0,0,0,0,0,1,400,17,70
2,929,0,0,0,0,0,0,2,400,17,70
2,930,0,0,0,0,0,0,1,400,18,70
2,930,0,0,0,0,0,0,2,400,18,70
2,931,0,0,0,0,0,0,1,400,19,70
2,931,0,0,0,0,0,0,2,400,19,70
2,932,0,0,0,0,0,0,1,400,20,70
2,932,0,0,0,0,0,0,2,400,20,70
2,933,0,0,0,0,0,0,1,400,21,70
2,933,0,0,0,0,0,0,2,400,21,70
2,934,0,0,0,0,0,0,1,400,22,70
2,934,0,0,0,0,0,0,2,400,22,70
2,935,0,0,0,0,0,0,1,400,23,70
2,935,0,0,0,0,0,0,2,400,23,70
2,936,0,0,0,0,0,0,1,400,0,70
2,936,0,0,0,0,0,0,2,400,0,70
2,937,0,0,0,0,0,0,1,400,1,70
2,937,0,0,0,0,0,0,2,400,1,70
2,938,0,0,0,0,0,0,1,400,2,70
2,938,0,0,0,0,0,0,2,400,2,70
2,939,0,0,0,0,0,0,1,400,3,70
2,939,0,0,0,0,0,0,2,400,3,70
2,940,0,0,0,0,0,0,1,400,4,70
2,940,0,0,0,0,0,0,2,400,4,70
2,941,0,0,0,0,0,0,1,400,5,70
2,941,0,0,0,0,0,0,2,400,5,70
2,942,0,0,0,0,0,0,1,400,6,70
2,942,0,0,0,0,0,0,2,400,6,70
2,943,0,0,0,0,0,0,1,400,7,70
2,943,0,0,0,0,0,0,2,400,7,70
2,944,0,0,0,0,0,0,1,400,8,70
2,944,0,0,0,0,0,0,2,400,8,70
2,945,0,0,0,0,0,0,1,400,9,70
2,945,0,0,0,0,0,0,2,400,9,70
2,946,0,0,0,0,0,0,1,400,10,70
2,946,0,0,0,0,0,0,2,400,10,70
2,947,0,0,0,0,0,0,1,400,11,70
2,947,0,0,0,0,0,0,2,400,11,70
2,948,0,0,0,0,0,0,1,400,12,70
2,948,0,0,0,0,0,0,2,400,12,70
2,949,0,0,0,0,0,0,1,400,13,70
2,949,0,0,0,0,0,0,2,400,13,70
2,950,0,0,0,0,0,0,1,400,14,70
2,950,0,0,0,0,0,0,2,400,14,70
2,951,0,0,0,0,0,0,1,400,15,70
2,951,0,0,0,0,0,0,2,400,15,70
2,952,0,0,0,0,0,0,1,400,16,70
2,952,0,0,0,0,0,0,2,400,16,70
2,953,0,0,0,0,0,0,1,400,17,70
2,953,0,0,0,0,0,0,2,400,17,70
2,954,0,0,0,0,0,0,1,400,18,70
2,954,0,0,0,0,0,0,2,400,18,70
2,955,0,0,0,0,0,0,1,400,19,70
2,955,0,0,0,0,0,0,2,400,19,70
2,956,0,0,0,0,0,0,1,400,20,70
2,956,0,0,0,0,0,0,2,400,20,70
2,957,0,0,0,0,0,0,1,400,21,70
2,957,0,0,0,0,0,0,2,400,21,70
2,958,0,0,0,0,0,0,1,400,22,70
2,958,0,0,0,0,0,0,2,400,22,70
2,959,0,0,0,0,0,0,1,400,23,70
2,959,0,0,0,0,0,0,2,400,23,70
2,960,0,0,0,0,0,0,1,400,0,70
2,960,0,0,0,0,0,0,2,400,0,70
2,961,0,0,0,0,0,0,1,400,1,70
2,961,0,0,0,0,0,0,2,400,1,70
2,962,0,0,0,0,0,0,1,400,2,70
2,962,0,0,0,0,0,0,2,400,2,70
2,963,0,0,0,0,0,0,1,400,3,70
2,963,0,0,0,0,0,0,2,400,3,70
2,964,0,0,0,0,0,0,1,400,4,70
2,964,0,0,0,0,0,0,2,400,4,70
2,965,0,0,0,0,0,0,1,400,5,70
2,965,0,0,0,0,0,0,2,400,5,70
2,966,0,0,0,0,0,0,1,400,6,70
2,966,0,0,0,0,0,0,2,400,6,70
2,967,0,0,0,0,0,0,1,400,7,70
2,967,0,0,0,0,0,0,2,400,7,70
2,968,0,0,0,0,0,0,1,400,8,70
2,968,0,0,0,0,0,0,2,400,8,70
2,969,0,0,0,0,0,0,1,400,9,70
2,969,0,0,0,0,0,0,2,400,9,70
2,970,0,0,0,0,0,0,1,400,10,70
2,970,0,0,0,0,0,0,2,400,10,70
2,971,0,0,0,0,0,0,1,400,11,70
2,971,0,0,0,0,0,0,2,400,11,70
2,972,0,0,0,0,0,0,1,400,12,70
2,972,0,0,0,0,0,0,2,400,12,70
2,973,0,0,0,0,0,0,1,400,13,70
2,973,0,0,0,0,0,0,2,400,13,70
2,974,0,0,0,0,0,0,1,400,14,70
2,974,0,0,0,0,0,0,2,400,14,70
2,975,0,0,0,0,0,0,1,400,15,70
2,975,0,0,0,0,0,0,2,400,15,70
2,976,0,0,0,0,0,0,1,400,16,70
2,976,0,0,0,0,0,0,2,400,16,70
2,977,0,0,0,0,0,0,1,400,17,70
2,977,0,0,0,0,0,0,2,400,17,70
2,978,0,0,0,0,0,0,1,400,18,70
2,978,0,0,0,0,0,0,2,400,18,70
2,979,0,0,0,0,0,0,1,400,19,70
2,979,0,0,0,0,0,0,2,400,19,70
2,980,0,0,0,0,0,0,1,400,20,70
2,980,0,0,0,0,0,0,2,400,20,70
2,981,0,0,0,0,0,0,1,400,21,70
2,981,0,0,0,0,0,0,2,400,21,70
2,982,0,0,0,0,0,0,1,400,22,70
2,982,0,0,0,0,0,0,2,400,22,70
2,983,0,0,0,0,0,0,1,400,23,70
2,983,0,0,0,0,0,0,2,400,23,70
2,984,0,0,0,0,0,0,1,400,0,70
2,984,0,0,0,0,0,0,2,400,0,70
2,985,0,0,0,0,0,0,1,400,1,70
2,985,0,0,0,0,0,0,2,400,1,70
2,986,0,0,0,0,0,0,1,400,2,70
2,986,0,0,0,0,0,0,2,400,2,70
2,987,0,0,0,0,0,0,1,400,3,70
2,987,0,0,0,0,0,0,2,400,3,70
2,988,0,0,0,0,0,0,1,400,4,70
2,988,0,0,0,0,0,0,2,400,4,70
2,989,0,0,0,0,0,0,1,400,5,70
2,989,0,0,0,0,0,0,2,400,5,70
2,990,0,0,0,0,0,0,1,400,6,70
2,990,0,0,0,0,0,0,2,400,6,70
2,991,0,0,0,0,0,0,1,400,7,70
2,991,0,0,0,0,0,0,2,400,7,70
2,992,0,0,0,0,0,0,1,400,8,70
2,992,0,0,0,0,0,0,2,400,8,70
2,993,0,0,0,0,0,0,1,400,9,70
2,993,0,0,0,0,0,0,2,400,9,70
2,994,0,0,0,0,0,0,1,400,10,70
2,994,0,0,0,0,0,0,2,400,10,70
2,995,0,0,0,0,0,0,1,400,11,70
2,995,0,0,0,0,0,0,2,400,11,70
2,996,0,0,0,0,0,0,1,400,12,70
2,996,0,0,0,0,0,0,2,400,12,70
2,997,0,0,0,0,0,0,1,400,13,70
2,997,0,0,0,0,0,0,2,400,13,70
2,998,0,0,0,0,0,0,1,400,14,70
2,998,0,0,0,0,0,0,2,400,14,70
2,999,0,0,0,0,0,0,1,400,15,70
2,999,0,0,0,0,0,0,2,400,15,70
2,1000,0,0,0,0,0,0,1,400,16,70
2,1000,0,0,0,0,0,0,2,400,16,70
2,1001,0,0,0,0,0,0,1,400,17,70
2,1001,0,0,0,0,0,0,2,400,17,70
2,1002,0,0,0,0,0,0,1,400,18,70
2,1002,0,0,0,0,0,0,2,400,18,70
2,1003,0,0,0,0,0,0,1,400,19,70
2,1003,0,0,0,0,0,0,2,400,19,70
2,1004,0,0,0,0,0,0,1,400,20,70
2,1004,0,0,0,0,0,0,2,400,20,70
2,1005,0,0,0,0,0,0,1,400,21,70
2,1005,0,0,0,0,0,0,2,400,21,70
2,1006,0,0,0,0,0,0,1,400,22,70
2,1006,0,0,0,0,0,0,2,400,22,70
2,1007,0,0,0,0,0,0,1,400,23,70
2,1007,0,0,0,0,0,0,2,400,23,70
2,1008,0,0,0,0,0,0,1,400,0,70
2,1008,0,0,0,0,0,0,2,400,0,70
2,1009,0,0,0,0,0,0,1,400,1,70
2,1009,0,0,0,0,0,0,2,400,1,70
2,1010,0,0,0,0,0,0,1,400,2,70
2,1010,0,0,0,0,0,0,2,400,2,70
2,1011,0,0,0,0,0,0,1,400,3,70
2,1011,0,0,0,0,0,0,2,400,3,70
2,1012,0,0,0,0,0,0,1,400,4,70
2,1012,0,0,0,0,0,0,2,400,4,70
2,1013,0,0,0,0,0,0,1,400,5,70
2,1013,0,0,0,0,0,0,2,400,5,70
2,1014,0,0,0,0,0,0,1,400,6,70
2,1014,0,0,0,0,0,0,2,400,6,70
2,1015,0,0,0,0,0,0,1,400,7,70
2,1015,0,0,0,0,0,0,2,400,7,70
2,1016,0,0,0,0,0,0,1,400,8,70
2,1016,0,0,0,0,0,0,2,400,8,70
2,1017,0,0,0,0,0,0,1,400,9,70
2,1017,0,0,0,0,0,0,2,400,9,70
2,1018,0,0,0,0,0,0,1,400,10,70
2,1018,0,0,0,0,0,0,2,400,10,70
2,1019,0,0,0,0,0,0,1,400,11,70
2,1019,0,0,0,0,0,0,2,400,11,70
2,1020,0,0,0,0,0,0,1,400,12,70
2,1020,0,0,0,0,0,0,2,400,12,70
2,1021,0,0,0,0,0,0,1,400,13,70
2,1021,0,0,0,0,0,0,2,400,13,70
2,1022,0,0,0,0,0,0,1,400,14,70
2,1022,0,0,0,0,0,0,2,400,14,70
2,1023,0,0,0,0,0,0,1,400,15,70
2,1023,0,0,0,0,0,0,2,400,15,70
2,1024,0,0,0,0,0,0,1,400,16,70
2,1024,0,0,0,0,0,0,2,400,16,70
2,1025,0,0,0,0,0,0,1,400,17,70
2,1025,0,0,0,0,0,0,2,400,17,70
2,1026,0,0,0,0,0,0,1,400,18,70
2,1026,0,0,0,0,0,0,2,400,18,70
2,1027,0,0,0,0,0,0,1,400,19,70
2,1027,0,0,0,0,0,0,2,400,19,70
2,1028,0,0,0,0,0,0,1,400,20,70
2,1028,0,0,0,0,0,0,2,400,20,70
2,1029,0,0,0,0,0,0,1,400,21,70
2,1029,0,0,0,0,0,0,2,400,21,70
2,1030,0,0,0,0,0,0,1,400,22,70
2,1030,0,0,0,0,0,0,2,400,22,70
2,1031,0,0,0,0,0,0,1,400,23,70
2,1031,0,0,0,0,0,0,2,400,23,70
2,1032,0,0,0,0,0,0,1,400,0,70
2,1032,0,0,0,0,0,0,2,400,0,70
2,1033,0,0,0,0,0,0,1,400,1,70
2,1033,0,0,0,0,0,0,2,400,1,70
2,1034,0,0,0,0,0,0,1,400,2,70
2,1034,0,0,0,0,0,0,2,400,2,70
2,1035,0,0,0,0,0,0,1,400,3,70
2,1035,0,0,0,0,0,0,2,400,3,70
2,1036,0,0,0,0,0,0,1,400,4,70
2,1036,0,0,0,0,0,0,2,400,4,70
2,1037,0,0,0,0,0,0,1,400,5,70
2,1037,0,0,0,0,0,0,2,400,5,70
2,1038,0,0,0,0,0,0,1,400,6,70
2,1038,0,0,0,0,0,0,2,400,6,70
2,1039,0,0,0,0,0,0,1,400,7,70
2,1039,0,0,0,0,0,0,2,400,7,70
2,1040,0,0,0,0,0,0,1,400,8,70
2,1040,0,0,0,0,0,0,2,400,8,70
2,1041,0,0,0,0,0,0,1,400,9,70
2,1041,0,0,0,0,0,0,2,400,9,70
2,1042,0,0,0,0,0,0,1,400,10,70
2,1042,0,0,0,0,0,0,2,400,10,70
2,1043,0,0,0,0,0,0,1,400,11,70
2,1043,0,0,0,0,0,0,2,400,11,70
2,1044,0,0,0,0,0,0,1,400,12,70
2,1044,0,0,0,0,0,0,2,400,12,70
2,1045,0,0,0,0,0,0,1,400,13,70
2,1045,0,0,0,0,0,0,2,400,13,70
2,1046,0,0,0,0,0,0,1,400,14,70
2,1046,0,0,0,0,0,0,2,400,14,70
2,1047,0,0,0,0,0,0,1,400,15,70
2,1047,0,0,0,0,0,0,2,400,15,70
2,1048,0,0,0,0,0,0,1,400,16,70
2,1048,0,0,0,0,0,0,2,400,16,70
2,1049,0,0,0,0,0,0,1,400,17,70
2,1049,0,0,0,0,0,0,2,400,17,70
2,1050,0,0,0,0,0,0,1,400,18,70
2,1050,0,0,0,0,0,0,2,400,18,70
2,1051,0,0,0,0,0,0,1,400,19,70
2,1051,0,0,0,0,0,0,2,400,19,70
2,1052,0,0,0,0,0,0,1,400,20,70
2,1052,0,0,0,0,0,0,2,400,20,70
2,1053,0,0,0,0,0,0,1,400,21,70
2,1053,0,0,0,0,0,0,2,400,21,70
2,1054,0,0,0,0,0,0,1,400,22,70
2,1054,0,0,0,0,0,0,2,400,22,70
2,1055,0,0,0,0,0,0,1,400,23,70
2,1055,0,0,0,0,0,0,2,400,23,70
2,1056,0,0,0,0,0,0,1,400,0,70
2,1056,0,0,0,0,0,0,2,400,0,70
2,1057,0,0,0,0,0,0,1,400,1,70
2,1057,0,0,0,0,0,0,2,400,1,70
2,1058,0,0,0,0,0,0,1,400,2,70
2,1058,0,0,0,0,0,0,2,400,2,70
2,1059,0,0,0,0,0,0,1,400,3,70
2,1059,0,0,0,0,0,0,2,400,3,70
2,1060,0,0,0,0,0,0,1,400,4,70
2,1060,0,0,0,0,0,0,2,400,4,70
2,1061,0,0,0,0,0,0,1,400,5,70
2,1061,0,0,0,0,0,0,2,400,5,70
2,1062,0,0,0,0,0,0,1,400,6,70
2,1062,0,0,0,0,0,0,2,400,6,70
2,1063,0,0,0,0,0,0,1,400,7,70
2,1063,0,0,0,0,0,0,2,400,7,70
2,1064,0,0,0,0,0,0,1,400,8,70
2,1064,0,0,0,0,0,0,2,400,8,70
2,1065,0,0,0,0,0,0,1,400,9,70
2,1065,0,0,0,0,0,0,2,400,9,70
2,1066,0,0,0,0,0,0,1,400,10,70
2,1066,0,0,0,0,0,0,2,400,10,70
2,1067,0,0,0,0,0,0,1,400,11,70
2,1067,0,0,0,0,0,0,2,400,11,70
2,1068,0,0,0,0,0,0,1,400,12,70
2,1068,0,0,0,0,0,0,2,400,12,70
2,1069,0,0,0,0,0,0,1,400,13,70
2,1069,0,0,0,0,0,0,2,400,13,70
2,1070,0,0,0,0,0,0,1,400,14,70
2,1070,0,0,0,0,0,0,2,400,14,70
2,1071,0,0,0,0,0,0,1,400,15,70
2,1071,0,0,0,0,0,0,2,400,15,70
2,1072,0,0,0,0,0,0,1,400,16,70
2,1072,0,0,0,0,0,0,2,400,16,70
2,1073,0,0,0,0,0,0,1,400,17,70
2,1073,0,0,0,0,0,0,2,400,17,70
2,1074,0,0,0,0,0,0,1,400,18,70
2,1074,0,0,0,0,0,0,2,400,18,70
2,1075,0,0,0,0,0,0,1,400,19,70
2,1075,0,0,0,0,0,0,2,400,19,70
2,1076,0,0,0,0,0,0,1,400,20,70
2,1076,0,0,0,0,0,0,2,400,20,70
2,1077,0,0,0,0,0,0,1,400,21,70
2,1077,0,0,0,0,0,0,2,400,21,70
2,1078,0,0,0,0,0,0,1,400,22,70
2,1078,0,0,0,0,0,0,2,400,22,70
2,1079,0,0,0,0,0,0,1,400,23,70
2,1079,0,0,0,0,0,0,2,400,23,70
2,1080,0,0,0,0,0,0,1,400,0,70
2,1080,0,0,0,0,0,0,2,400,0,70
2,1081,0,0,0,0,0,0,1,400,1,70
2,1081,0,0,0,0,0,0,2,400,1,70
2,1082,0,0,0,0,0,0,1,400,2,70
2,1082,0,0,0,0,0,0,2,400,2,70
2,1083,0,0,0,0,0,0,1,400,3,70
2,1083,0,0,0,0,0,0,2,400,3,70
2,1084,0,0,0,0,0,0,1,400,4,70
2,1084,0,0,0,0,0,0,2,400,4,70
2,1085,0,0,0,0,0,0,1,400,5,70
2,1085,0,0,0,0,0,0,2,400,5,70
2,1086,0,0,0,0,0,0,1,400,6,70
2,1086,0,0,0,0,0,0,2,400,6,70
2,1087,0,0,0,0,0,0,1,400,7,70
2,1087,0,0,0,0,0,0,2,400,7,70
2,1088,0,0,0,0,0,0,1,400,8,70
2,1088,0,0,0,0,0,0,2,400,8,70
2,1089,0,0,0,0,0,0,1,400,9,70
2,1089,0,0,0,0,0,0,2,400,9,70
2,1090,0,0,0,0,0,0,1,400,10,70
2,1090,0,0,0,0,0,0,2,400,10,70
2,1091,0,0,0,0,0,0,1,400,11,70
2,1091,0,0,0,0,0,0,2,400,11,70
2,1092,0,0,0,0,0,0,1,400,12,70
2,1092,0,0,0,0,0,0,2,400,12,70
2,1093,0,0,0,0,0,0,1,400,13,70
2,1093,0,0,0,0,0,0,2,400,13,70
2,1094,0,0,0,0,0,0,1,400,14,70
2,1094,0,0,0,0,0,0,2,400,14,70
2,1095,0,0,0,0,0,0,1,400,15,70
2,1095,0,0,0,0,0,0,2,400,15,70
2,1096,0,0,0,0,0,0,1,400,16,70
2,1096,0,0,0,0,0,0,2,400,16,70
2,1097,0,0,0,0,0,0,1,400,17,70
2,1097,0,0,0,0,0,0,2,400,17,70
2,1098,0,0,0,0,0,0,1,400,18,70
2,1098,0,0,0,0,0,0,2,400,18,70
2,1099,0,0,0,0,0,0,1,400,19,70
2,1099,0,0,0,0,0,0,2,400,19,70
2,1100,0,0,0,0,0,0,1,400,20,70
2,1100,0,0,0,0,0,0,2,400,20,70
2,1101,0,0,0,0,0,0,1,400,21,70
2,1101,0,0,0,0,0,0,2,400,21,70
2,1102,0,0,0,0,0,0,1,400,22,70
2,1102,0,0,0,0,0,0,2,400,22,70
2,1103,0,0,0,0,0,0,1,400,23,70
2,1103,0,0,0,0,0,0,2,400,23,70
2,1104,0,0,0,0,0,0,1,400,0,70
2,1104,0,0,0,0,0,0,2,400,0,70
2,1105,0,0,0,0,0,0,1,400,1,70
2,1105,0,0,0,0,0,0,2,400,1,70
2,1106,0,0,0,0,0,0,1,400,2,70
2,1106,0,0,0,0,0,0,2,400,2,70
2,1107,0,0,0,0,0,0,1,400,3,70
2,1107,0,0,0,0,0,0,2,400,3,70
2,1108,0,0,0,0,0,0,1,400,4,70
2,1108,0,0,0,0,0,0,2,400,4,70
2,1109,0,0,0,0,0,0,1,400,5,70
2,1109,0,0,0,0,0,0,2,400,5,70
2,1110,0,0,0,0,0,0,1,400,6,70
2,1110,0,0,0,0,0,0,2,400,6,70
2,1111,0,0,0,0,0,0,1,400,7,70
2,1111,0,0,0,0,0,0,2,400,7,70
2,1112,0,0,0,0,0,0,1,400,8,70
2,1112,0,0,0,0,0,0,2,400,8,70
2,1113,0,0,0,0,0,0,1,400,9,70
2,1113,0,0,0,0,0,0,2,400,9,70
2,1114,0,0,0,0,0,0,1,400,10,70
2,1114,0,0,0,0,0,0,2,400,10,70
2,1115,0,0,0,0,0,0,1,400,11,70
2,1115,0,0,0,0,0,0,2,400,11,70
2,1116,0,0,0,0,0,0,1,400,12,70
2,1116,0,0,0,0,0,0,2,400,12,70
2,1117,0,0,0,0,0,0,1,400,13,70
2,1117,0,0,0,0,0,0,2,400,13,70
2,1118,0,0,0,0,0,0,1,400,14,70
2,1118,0,0,0,0,0,0,2,400,14,70
2,1119,0,0,0,0,0,0,1,400,15,70
2,1119,0,0,0,0,0,0,2,400,15,70
2,1120,0,0,0,0,0,0,1,400,16,70
2,1120,0,0,0,0,0,0,2,400,16,70
2,1121,0,0,0,0,0,0,1,400,17,70
2,1121,0,0,0,0,0,0,2,400,17,70
2,1122,0,0,0,0,0,0,1,400,18,70
2,1122,0,0,0,0,0,0,2,400,18,70
2,1123,0,0,0,0,0,0,1,400,19,70
2,1123,0,0,0,0,0,0,2,400,19,70
2,1124,0,0,0,0,0,0,1,400,20,70
2,1124,0,0,0,0,0,0,2,400,20,70
2,1125,0,0,0,0,0,0,1,400,21,70
2,1125,0,0,0,0,0,0,2,400,21,70
2,1126,0,0,0,0,0,0,1,400,22,70
2,1126,0,0,0,0,0,0,2,400,22,70
2,1127,0,0,0,0,0,0,1,400,23,70
2,1127,0,0,0,0,0,0,2,400,23,70
2,1128,0,0,0,0,0,0,1,400,0,70
2,1128,0,0,0,0,0,0,2,400,0,70
2,1129,0,0,0,0,0,0,1,400,1,70
2,1129,0,0,0,0,0,0,2,400,1,70
2,1130,0,0,0,0,0,0,1,400,2,70
2,1130,0,0,0,0,0,0,2,400,2,70
2,1131,0,0,0,0,0,0,1,400,3,70
2,1131,0,0,0,0,0,0,2,400,3,70
2,1132,0,0,0,0,0,0,1,400,4,70
2,1132,0,0,0,0,0,0,2,400,4,70
2,1133,0,0,0,0,0,0,1,400,5,70
2,1133,0,0,0,0,0,0,2,400,5,70
2,1134,0,0,0,0,0,0,1,400,6,70
2,1134,0,0,0,0,0,0,2,400,6,70
2,1135,0,0,0,0,0,0,1,400,7,70
2,1135,0,0,0,0,0,0,2,400,7,70
2,1136,0,0,0,0,0,0,1,400,8,70
2,1136,0,0,0,0,0,0,2,400,8,70
2,1137,0,0,0,0,0,0,1,400,9,70
2,1137,0,0,0,0,0,0,2,400,9,70
2,1138,0,0,0,0,0,0,1,400,10,70
2,1138,0,0,0,0,0,0,2,400,10,70
2,1139,0,0,0,0,0,0,1,400,11,70
2,1139,0,0,0,0,0,0,2,400,11,70
2,1140,0,0,0,0,0,0,1,400,12,70
2,1140,0,0,0,0,0,0,2,400,12,70
2,1141,0,0,0,0,0,0,1,400,13,70
2,1141,0,0,0,0,0,0,2,400,13,70
2,1142,0,0,0,0,0,0,1,400,14,70
2,1142,0,0,0,0,0,0,2,400,14,70
2,1143,0,0,0,0,0,0,1,400,15,70
2,1143,0,0,0,0,0,0,2,400,15,70
2,1144,0,0,0,0,0,0,1,400,16,70
2,1144,0,0,0,0,0,0,2,400,16,70
2,1145,0,0,0,0,0,0,1,400,17,70
2,1145,0,0,0,0,0,0,2,400,17,70
2,1146,0,0,0,0,0,0,1,400,18,70
2,1146,0,0,0,0,0,0,2,400,18,70
2,1147,0,0,0,0,0,0,1,400,19,70
2,1147,0,0,0,0,0,0,2,400,19,70
2,1148,0,0,0,0,0,0,1,400,20,70
2,1148,0,0,0,0,0,0,2,400,20,70
2,1149,0,0,0,0,0,0,1,400,21,70
2,1149,0,0,0,0,0,0,2,400,21,70
2,1150,0,0,0,0,0,0,1,400,22,70
2,1150,0,0,0,0,0,0,2,400,22,70
2,1151,0,0,0,0,0,0,1,400,23,70
2,1151,0,0,0,0,0,0,2,400,23,70
2,1152,0,0,0,0,0,0,1,400,0,70
2,1152,0,0,0,0,0,0,2,400,0,70
2,1153,0,0,0,0,0,0,1,400,1,70
2,1153,0,0,0,0,0,0,2,400,1,70
2,1154,0,0,0,0,0,0,1,400,2,70
2,1154,0,0,0,0,0,0,2,400,2,70
2,1155,0,0,0,0,0,0,1,400,3,70
2,1155,0,0,0,0,0,0,2,400,3,70
2,1156,0,0,0,0,0,0,1,400,4,70
2,1156,0,0,0,0,0,0,2,400,4,70
2,1157,0,0,0,0,0,0,1,400,5,70
2,1157,0,0,0,0,0,0,2,400,5,70
2,1158,0,0,0,0,0,0,1,400,6,70
2,1158,0,0,0,0,0,0,2,400,6,70
2,1159,0,0,0,0,0,0,1,400,7,70
2,1159,0,0,0,0,0,0,2,400,7,70
2,1160,0,0,0,0,0,0,1,400,8,70
2,1160,0,0,0,0,0,0,2,400,8,70
2,1161,0,0,0,0,0,0,1,400,9,70
2,1161,0,0,0,0,0,0,2,400,9,70
2,1162,0,0,0,0,0,0,1,400,10,70
2,1162,0,0,0,0,0,0,2,400,10,70
2,1163,0,0,0,0,0,0,1,400,11,70
2,1163,0,0,0,0,0,0,2,400,11,70
2,1164,0,0,0,0,0,0,1,400,12,70
2,1164,0,0,0,0,0,0,2,400,12,70
2,1165,0,0,0,0,0,0,1,400,13,70
2,1165,0,0,0,0,0,0,2,400,13,70
2,1166,0,0,0,0,0,0,1,400,14,70
2,1166,0,0,0,0,0,0,2,400,14,70
2,1167,0,0,0,0,0,0,1,400,15,70
2,1167,0,0,0,0,0,0,2,400,15,70
2,1168,0,0,0,0,0,0,1,400,16,70
2,1168,0,0,0,0,0,0,2,400,16,70
2,1169,0,0,0,0,0,0,1,400,17,70
2,1169,0,0,0,0,0,0,2,400,17,70
2,1170,0,0,0,0,0,0,1,400,18,70
2,1170,0,0,0,0,0,0,2,400,18,70
2,1171,0,0,0,0,0,0,1,400,19,70
2,1171,0,0,0,0,0,0,2,400,19,70
2,1172,0,0,0,0,0,0,1,400,20,70
2,1172,0,0,0,0,0,0,2,400,20,70
2,1173,0,0,0,0,0,0,1,400,21,70
2,1173,0,0,0,0,0,0,2,400,21,70
2,1174,0,0,0,0,0,0,1,400,22,70
2,1174,0,0,0,0,0,0,2,400,22,70
2,1175,0,0,0,0,0,0,1,400,23,70
2,1175,0,0,0,0,0,0,2,400,23,70
2,1176,0,0,0,0,0,0,1,400,0,70
2,1176,0,0,0,0,0,0,2,400,0,70
2,1177,0,0,0,0,0,0,1,400,1,70
2,1177,0,0,0,0,0,0,2,400,1,70
2,1178,0,0,0,0,0,0,1,400,2,70
2,1178,0,0,0,0,0,0,2,400,2,70
2,1179,0,0,0,0,0,0,1,400,3,70
2,1179,0,0,0,0,0,0,2,400,3,70
2,1180,0,0,0,0,0,0,1,400,4,70
2,1180,0,0,0,0,0,0,2,400,4,70
2,1181,0,0,0,0,0,0,1,400,5,70
2,1181,0,0,0,0,0,0,2,400,5,70
2,1182,0,0,0,0,0,0,1,400,6,70
2,1182,0,0,0,0,0,0,2,400,6,70
2,1183,0,0,0,0,0,0,1,400,7,70
2,1183,0,0,0,0,0,0,2,400,7,70
2,1184,0,0,0,0,0,0,1,400,8,70
2,1184,0,0,0,0,0,0,2,400,8,70
2,1185,0,0,0,0,0,0,1,400,9,70
2,1185,0,0,0,0,0,0,2,400,9,70
2,1186,0,0,0,0,0,0,1,400,10,70
2,1186,0,0,0,0,0,0,2,400,10,70
2,1187,0,0,0,0,0,0,1,400,11,70
2,1187,0,0,0,0,0,0,2,400,11,70
2,1188,0,0,0,0,0,0,1,400,12,70
2,1188,0,0,0,0,0,0,2,400,12,70
2,1189,0,0,0,0,0,0,1,400,13,70
2,1189,0,0,0,0,0,0,2,400,13,70
2,1190,0,0,0,0,0,0,1,400,14,70
2,1190,0,0,0,0,0,0,2,400,14,70
2,1191,0,0,0,0,0,0,1,400,15,70
2,1191,0,0,0,0,0,0,2,400,15,70
2,1192,0,0,0,0,0,0,1,400,16,70
2,1192,0,0,0,0,0,0,2,400,16,70
2,1193,0,0,0,0,0,0,1,400,17,70
2,1193,0,0,0,0,0,0,2,400,17,70
2,1194,0,0,0,0,0,0,1,400,18,70
2,1194,0,0,0,0,0,0,2,400,18,70
2,1195,0,0,0,0,0,0,1,400,19,70
2,1195,0,0,0,0,0,0,2,400,19,70
2,1196,0,0,0,0,0,0,1,400,20,70
2,1196,0,0,0,0,0,0,2,400,20,70
2,1197,0,0,0,0,0,0,1,400,21,70
2,1197,0,0,0,0,0,0,2,400,21,70
2,1198,0,0,0,0,0,0,1,400,22,70
2,1198,0,0,0,0,0,0,2,400,22,70
2,1199,0,0,0,0,0,0,1,400,23,70
2,1199,0,0,0,0,0,0,2,400,23,70
2,1200,0,0,0,0,0,0,1,400,0,70
2,1200,0,0,0,0,0,0,2,400,0,70
2,1201,0,0,0,0,0,0,1,400,1,70
2,1201,0,0,0,0,0,0,2,400,1,70
2,1202,0,0,0,0,0,0,1,400,2,70
2,1202,0,0,0,0,0,0,2,400,2,70
2,1203,0,0,0,0,0,0,1,400,3,70
2,1203,0,0,0,0,0,0,2,400,3,70
2,1204,0,0,0,0,0,0,1,400,4,70
2,1204,0,0,0,0,0,0,2,400,4,70
2,1205,0,0,0,0,0,0,1,400,5,70
2,1205,0,0,0,0,0,0,2,400,5,70
2,1206,0,0,0,0,0,0,1,400,6,70
2,1206,0,0,0,0,0,0,2,400,6,70
2,1207,0,0,0,0,0,0,1,400,7,70
2,1207,0,0,0,0,0,0,2,400,7,70
2,1208,0,0,0,0,0,0,1,400,8,70
2,1208,0,0,0,0,0,0,2,400,8,70
2,1209,0,0,0,0,0,0,1,400,9,70
2,1209,0,0,0,0,0,0,2,400,9,70
2,1210,0,0,0,0,0,0,1,400,10,70
2,1210,0,0,0,0,0,0,2,400,10,70
2,1211,0,0,0,0,0,0,1,400,11,70
2,1211,0,0,0,0,0,0,2,400,11,70
2,1212,0,0,0,0,0,0,1,400,12,70
2,1212,0,0,0,0,0,0,2,400,12,70
2,1213,0,0,0,0,0,0,1,400,13,70
2,1213,0,0,0,0,0,0,2,400,13,70
2,1214,0,0,0,0,0,0,1,400,14,70
2,1214,0,0,0,0,0,0,2,400,14,70
2,1215,0,0,0,0,0,0,1,400,15,70
2,1215,0,0,0,0,0,0,2,400,15,70
2,1216,0,0,0,0,0,0,1,400,16,70
2,1216,0,0,0,0,0,0,2,400,16,70
2,1217,0,0,0,0,0,0,1,400,17,70
2,1217,0,0,0,0,0,0,2,400,17,70
2,1218,0,0,0,0,0,0,1,400,18,70
2,1218,0,0,0,0,0,0,2,400,18,70
2,1219,0,0,0,0,0,0,1,400,19,70
2,1219,0,0,0,0,0,0,2,400,19,70
2,1220,0,0,0,0,0,0,1,400,20,70
2,1220,0,0,0,0,0,0,2,400,20,70
2,1221,0,0,0,0,0,0,1,400,21,70
2,1221,0,0,0,0,0,0,2,400,21,70
2,1222,0,0,0,0,0,0,1,400,22,70
2,1222,0,0,0,0,0,0,2,400,22,70
2,1223,0,0,0,0,0,0,1,400,23,70
2,1223,0,0,0,0,0,0,2,400,23,70
2,1224,0,0,0,0,0,0,1,400,0,70
2,1224,0,0,0,0,0,0,2,400,0,70
2,1225,0,0,0,0,0,0,1,400,1,70
2,1225,0,0,0,0,0,0,2,400,1,70
2,1226,0,0,0,0,0,0,1,400,2,70
2,1226,0,0,0,0,0,0,2,400,2,70
2,1227,0,0,0,0,0,0,1,400,3,70
2,1227,0,0,0,0,0,0,2,400,3,70
2,1228,0,0,0,0,0,0,1,400,4,70
2,1228,0,0,0,0,0,0,2,400,4,70
2,1229,0,0,0,0,0,0,1,400,5,70
2,1229,0,0,0,0,0,0,2,400,5,70
2,1230,0,0,0,0,0,0,1,400,6,70
2,1230,0,0,0,0,0,0,2,400,6,70
2,1231,0,0,0,0,0,0,1,400,7,70
2,1231,0,0,0,0,0,0,2,400,7,70
2,1232,0,0,0,0,0,0,1,400,8,70
2,1232,0,0,0,0,0,0,2,400,8,70
2,1233,0,0,0,0,0,0,1,400,9,70
2,1233,0,0,0,0,0,0,2,400,9,70
2,1234,0,0,0,0,0,0,1,400,10,70
2,1234,0,0,0,0,0,0,2,400,10,70
2,1235,0,0,0,0,0,0,1,400,11,70
2,1235,0,0,0,0,0,0,2,400,11,70
2,1236,0,0,0,0,0,0,1,400,12,70
2,1236,0,0,0,0,0,0,2,400,12,70
2,1237,0,0,0,0,0,0,1,400,13,70
2,1237,0,0,0,0,0,0,2,400,13,70
2,1238,0,0,0,0,0,0,1,400,14,70
2,1238,0,0,0,0,0,0,2,400,14,70
2,1239,0,0,0,0,0,0,1,400,15,70
2,1239,0,0,0,0,0,0,2,400,15,70
2,1240,0,0,0,0,0,0,1,400,16,70
2,1240,0,0,0,0,0,0,2,400,16,70
2,1241,0,0,0,0,0,0,1,400,17,70
2,1241,0,0,0,0,0,0,2,400,17,70
2,1242,0,0,0,0,0,0,1,400,18,70
2,1242,0,0,0,0,0,0,2,400,18,70
2,1243,0,0,0,0,0,0,1,400,19,70
2,1243,0,0,0,0,0,0,2,400,19,70
2,1244,0,0,0,0,0,0,1,400,20,70
2,1244,0,0,0,0,0,0,2,400,20,70
2,1245,0,0,0,0,0,0,1,400,21,70
2,1245,0,0,0,0,0,0,2,400,21,70
2,1246,0,0,0,0,0,0,1,400,22,70
2,1246,0,0,0,0,0,0,2,400,22,70
2,1247,0,0,0,0,0,0,1,400,23,70
2,1247,0,0,0,0,0,0,2,400,23,70
2,1248,0,0,0,0,0,0,1,400,0,70
2,1248,0,0,0,0,0,0,2,400,0,70
2,1249,0,0,0,0,0,0,1,400,1,70
2,1249,0,0,0,0,0,0,2,400,1,70
2,1250,0,0,0,0,0,0,1,400,2,70
2,1250,0,0,0,0,0,0,2,400,2,70
2,1251,0,0,0,0,0,0,1,400,3,70
2,1251,0,0,0,0,0,0,2,400,3,70
2,1252,0,0,0,0,0,0,1,400,4,70
2,1252,0,0,0,0,0,0,2,400,4,70
2,1253,0,0,0,0,0,0,1,400,5,70
2,1253,0,0,0,0,0,0,2,400,5,70
2,1254,0,0,0,0,0,0,1,400,6,70
2,1254,0,0,0,0,0,0,2,400,6,70
2,1255,0,0,0,0,0,0,1,400,7,70
2,1255,0,0,0,0,0,0,2,400,7,70
2,1256,0,0,0,0,0,0,1,400,8,70
2,1256,0,0,0,0,0,0,2,400,8,70
2,1257,0,0,0,0,0,0,1,400,9,70
2,1257,0,0,0,0,0,0,2,400,9,70
2,1258,0,0,0,0,0,0,1,400,10,70
2,1258,0,0,0,0,0,0,2,400,10,70
2,1259,0,0,0,0,0,0,1,400,11,70
2,1259,0,0,0,0,0,0,2,400,11,70
2,1260,0,0,0,0,0,0,1,400,12,70
2,1260,0,0,0,0,0,0,2,400,12,70
2,1261,0,0,0,0,0,0,1,400,13,70
2,1261,0,0,0,0,0,0,2,400,13,70
2,1262,0,0,0,0,0,0,1,400,14,70
2,1262,0,0,0,0,0,0,2,400,14,70
2,1263,0,0,0,0,0,0,1,400,15,70
2,1263,0,0,0,0,0,0,2,400,15,70
2,1264,0,0,0,0,0,0,1,400,16,70
2,1264,0,0,0,0,0,0,2,400,16,70
2,1265,0,0,0,0,0,0,1,400,17,70
2,1265,0,0,0,0,0,0,2,400,17,70
2,1266,0,0,0,0,0,0,1,400,18,70
2,1266,0,0,0,0,0,0,2,400,18,70
2,1267,0,0,0,0,0,0,1,400,19,70
2,1267,0,0,0,0,0,0,2,400,19,70
2,1268,0,0,0,0,0,0,1,400,20,70
2,1268,0,0,0,0,0,0,2,400,20,70
2,1269,0,0,0,0,0,0,1,400,21,70
2,1269,0,0,0,0,0,0,2,400,21,70
2,1270,0,0,0,0,0,0,1,400,22,70
2,1270,0,0,0,0,0,0,2,400,22,70
2,1271,0,0,0,0,0,0,1,400,23,70
2,1271,0,0,0,0,0,0,2,400,23,70
2,1272,0,0,0,0,0,0,1,400,0,70
2,1272,0,0,0,0,0,0,2,400,0,70
2,1273,0,0,0,0,0,0,1,400,1,70
2,1273,0,0,0,0,0,0,2,400,1,70
2,1274,0,0,0,0,0,0,1,400,2,70
2,1274,0,0,0,0,0,0,2,400,2,70
2,1275,0,0,0,0,0,0,1,400,3,70
2,1275,0,0,0,0,0,0,2,400,3,70
2,1276,0,0,0,0,0,0,1,400,4,70
2,1276,0,0,0,0,0,0,2,400,4,70
2,1277,0,0,0,0,0,0,1,400,5,70
2,1277,0,0,0,0,0,0,2,400,5,70
2,1278,0,0,0,0,0,0,1,400,6,70
2,1278,0,0,0,0,0,0,2,400,6,70
2,1279,0,0,0,0,0,0,1,400,7,70
2,1279,0,0,0,0,0,0,2,400,7,70
2,1280,0,0,0,0,0,0,1,400,8,70
2,1280,0,0,0,0,0,0,2,400,8,70
2,1281,0,0,0,0,0,0,1,400,9,70
2,1281,0,0,0,0,0,0,2,400,9,70
2,1282,0,0,0,0,0,0,1,400,10,70
2,1282,0,0,0,0,0,0,2,400,10,70
2,1283,0,0,0,0,0,0,1,400,11,70
2,1283,0,0,0,0,0,0,2,400,11,70
2,1284,0,0,0,0,0,0,1,400,12,70
2,1284,0,0,0,0,0,0,2,400,12,70
2,1285,0,0,0,0,0,0,1,400,13,70
2,1285,0,0,0,0,0,0,2,400,13,70
2,1286,0,0,0,0,0,0,1,400,14,70
2,1286,0,0,0,0,0,0,2,400,14,70
2,1287,0,0,0,0,0,0,1,400,15,70
2,1287,0,0,0,0,0,0,2,400,15,70
2,1288,0,0,0,0,0,0,1,400,16,70
2,1288,0,0,0,0,0,0,2,400,16,70
2,1289,0,0,0,0,0,0,1,400,17,70
2,1289,0,0,0,0,0,0,2,400,17,70
2,1290,0,0,0,0,0,0,1,400,18,70
2,1290,0,0,0,0,0,0,2,400,18,70
2,1291,0,0,0,0,0,0,1,400,19,70
2,1291,0,0,0,0,0,0,2,400,19,70
2,1292,0,0,0,0,0,0,1,400,20,70
2,1292,0,0,0,0,0,0,2,400,20,70
2,1293,0,0,0,0,0,0,1,400,21,70
2,1293,0,0,0,0,0,0,2,400,21,70
2,1294,0,0,0,0,0,0,1,400,22,70
2,1294,0,0,0,0,0,0,2,400,22,70
2,1295,0,0,0,0,0,0,1,400,23,70
2,1295,0,0,0,0,0,0,2,400,23,70
2,1296,0,0,0,0,0,0,1,400,0,70
2,1296,0,0,0,0,0,0,2,400,0,70
2,1297,0,0,0,0,0,0,1,400,1,70
2,1297,0,0,0,0,0,0,2,400,1,70
2,1298,0,0,0,0,0,0,1,400,2,70
2,1298,0,0,0,0,0,0,2,400,2,70
2,1299,0,0,0,0,0,0,1,400,3,70
2,1299,0,0,0,0,0,0,2,400,3,70
2,1300,0,0,0,0,0,0,1,400,4,70
2,1300,0,0,0,0,0,0,2,400,4,70
2,1301,0,0,0,0,0,0,1,400,5,70
2,1301,0,0,0,0,0,0,2,400,5,70
2,1302,0,0,0,0,0,0,1,400,6,70
2,1302,0,0,0,0,0,0,2,400,6,70
2,1303,0,0,0,0,0,0,1,400,7,70
2,1303,0,0,0,0,0,0,2,400,7,70
2,1304,0,0,0,0,0,0,1,400,8,70
2,1304,0,0,0,0,0,0,2,400,8,70
2,1305,0,0,0,0,0,0,1,400,9,70
2,1305,0,0,0,0,0,0,2,400,9,70
2,1306,0,0,0,0,0,0,1,400,10,70
2,1306,0,0,0,0,0,0,2,400,10,70
2,1307,0,0,0,0,0,0,1,400,11,70
2,1307,0,0,0,0,0,0,2,400,11,70
2,1308,0,0,0,0,0,0,1,400,12,70
2,1308,0,0,0,0,0,0,2,400,12,70
2,1309,0,0,0,0,0,0,1,400,13,70
2,1309,0,0,0,0,0,0,2,400,13,70
2,1310,0,0,0,0,0,0,1,400,14,70
2,1310,0,0,0,0,0,0,2,400,14,70
2,1311,0,0,0,0,0,0,1,400,15,70
2,1311,0,0,0,0,0,0,2,400,15,70
2,1312,0,0,0,0,0,0,1,400,16,70
2,1312,0,0,0,0,0,0,2,400,16,70
2,1313,0,0,0,0,0,0,1,400,17,70
2,1313,0,0,0,0,0,0,2,400,17,70
2,1314,0,0,0,0,0,0,1,400,18,70
2,1314,0,0,0,0,0,0,2,400,18,70
2,1315,0,0,0,0,0,0,1,400,19,70
2,1315,0,0,0,0,0,0,2,400,19,70
2,1316,0,0,0,0,0,0,1,400,20,70
2,1316,0,0,0,0,0,0,2,400,20,70
2,1317,0,0,0,0,0,0,1,400,21,70
2,1317,0,0,0,0,0,0,2,400,21,70
2,1318,0,0,0,0,0,0,1,400,22,70
2,1318,0,0,0,0,0,0,2,400,22,70
2,1319,0,0,0,0,0,0,1,400,23,70
2,1319,0,0,0,0,0,0,2,400,23,70
2,1320,0,0,0,0,0,0,1,400,0,70
2,1320,0,0,0,0,0,0,2,400,0,70
2,1321,0,0,0,0,0,0,1,400,1,70
2,1321,0,0,0,0,0,0,2,400,1,70
2,1322,0,0,0,0,0,0,1,400,2,70
2,1322,0,0,0,0,0,0,2,400,2,70
2,1323,0,0,0,0,0,0,1,400,3,70
2,1323,0,0,0,0,0,0,2,400,3,70
2,1324,0,0,0,0,0,0,1,400,4,70
2,1324,0,0,0,0,0,0,2,400,4,70
2,1325,0,0,0,0,0,0,1,400,5,70
2,1325,0,0,0,0,0,0,2,400,5,70
2,1326,0,0,0,0,0,0,1,400,6,70
2,1326,0,0,0,0,0,0,2,400,6,70
2,1327,0,0,0,0,0,0,1,400,7,70
2,1327,0,0,0,0,0,0,2,400,7,70
2,1328,0,0,0,0,0,0,1,400,8,70
2,1328,0,0,0,0,0,0,2,400,8,70
2,1329,0,0,0,0,0,0,1,400,9,70
2,1329,0,0,0,0,0,0,2,400,9,70
2,1330,0,0,0,0,0,0,1,400,10,70
2,1330,0,0,0,0,0,0,2,400,10,70
2,1331,0,0,0,0,0,0,1,400,11,70
2,1331,0,0,0,0,0,0,2,400,11,70
2,1332,0,0,0,0,0,0,1,400,12,70
2,1332,0,0,0,0,0,0,2,400,12,70
2,1333,0,0,0,0,0,0,1,400,13,70
2,1333,0,0,0,0,0,0,2,400,13,70
2,1334,0,0,0,0,0,0,1,400,14,70
2,1334,0,0,0,0,0,0,2,400,14,70
2,1335,0,0,0,0,0,0,1,400,15,70
2,1335,0,0,0,0,0,0,2,400,15,70
2,1336,0,0,0,0,0,0,1,400,16,70
2,1336,0,0,0,0,0,0,2,400,16,70
2,1337,0,0,0,0,0,0,1,400,17,70
2,1337,0,0,0,0,0,0,2,400,17,70
2,1338,0,0,0,0,0,0,1,400,18,70
2,1338,0,0,0,0,0,0,2,400,18,70
2,1339,0,0,0,0,0,0,1,400,19,70
2,1339,0,0,0,0,0,0,2,400,19,70
2,1340,0,0,0,0,0,0,1,400,20,70
2,1340,0,0,0,0,0,0,2,400,20,70
2,1341,0,0,0,0,0,0,1,400,21,70
2,1341,0,0,0,0,0,0,2,400,21,70
2,1342,0,0,0,0,0,0,1,400,22,70
2,1342,0,0,0,0,0,0,2,400,22,70
2,1343,0,0,0,0,0,0,1,400,23,70
2,1343,0,0,0,0,0,0,2,400,23,70
2,1344,0,0,0,0,0,0,1,400,0,70
2,1344,0,0,0,0,0,0,2,400,0,70
2,1345,0,0,0,0,0,0,1,400,1,70
2,1345,0,0,0,0,0,0,2,400,1,70
2,1346,0,0,0,0,0,0,1,400,2,70
2,1346,0,0,0,0,0,0,2,400,2,70
2,1347,0,0,0,0,0,0,1,400,3,70
2,1347,0,0,0,0,0,0,2,400,3,70
2,1348,0,0,0,0,0,0,1,400,4,70
2,1348,0,0,0,0,0,0,2,400,4,70
2,1349,0,0,0,0,0,0,1,400,5,70
2,1349,0,0,0,0,0,0,2,400,5,70
2,1350,0,0,0,0,0,0,1,400,6,70
2,1350,0,0,0,0,0,0,2,400,6,70
2,1351,0,0,0,0,0,0,1,400,7,70
2,1351,0,0,0,0,0,0,2,400,7,70
2,1352,0,0,0,0,0,0,1,400,8,70
2,1352,0,0,0,0,0,0,2,400,8,70
2,1353,0,0,0,0,0,0,1,400,9,70
2,1353,0,0,0,0,0,0,2,400,9,70
2,1354,0,0,0,0,0,0,1,400,10,70
2,1354,0,0,0,0,0,0,2,400,10,70
2,1355,0,0,0,0,0,0,1,400,11,70
2,1355,0,0,0,0,0,0,2,400,11,70
2,1356,0,0,0,0,0,0,1,400,12,70
2,1356,0,0,0,0,0,0,2,400,12,70
2,1357,0,0,0,0,0,0,1,400,13,70
2,1357,0,0,0,0,0,0,2,400,13,70
2,1358,0,0,0,0,0,0,1,400,14,70
2,1358,0,0,0,0,0,0,2,400,14,70
2,1359,0,0,0,0,0,0,1,400,15,70
2,1359,0,0,0,0,0,0,2,400,15,70
2,1360,0,0,0,0,0,0,1,400,16,70
2,1360,0,0,0,0,0,0,2,400,16,70
2,1361,0,0,0,0,0,0,1,400,17,70
2,1361,0,0,0,0,0,0,2,400,17,70
2,1362,0,0,0,0,0,0,1,400,18,70
2,1362,0,0,0,0,0,0,2,400,18,70
2,1363,0,0,0,0,0,0,1,400,19,70
2,1363,0,0,0,0,0,0,2,400,19,70
2,1364,0,0,0,0,0,0,1,400,20,70
2,1364,0,0,0,0,0,0,2,400,20,70
2,1365,0,0,0,0,0,0,1,400,21,70
2,1365,0,0,0,0,0,0,2,400,21,70
2,1366,0,0,0,0,0,0,1,400,22,70
2,1366,0,0,0,0,0,0,2,400,22,70
2,1367,0,0,0,0,0,0,1,400,23,70
2,1367,0,0,0,0,0,0,2,400,23,70
2,1368,0,0,0,0,0,0,1,400,0,70
2,1368,0,0,0,0,0,0,2,400,0,70
2,1369,0,0,0,0,0,0,1,400,1,70
2,1369,0,0,0,0,0,0,2,400,1,70
2,1370,0,0,0,0,0,0,1,400,2,70
2,1370,0,0,0,0,0,0,2,400,2,70
2,1371,0,0,0,0,0,0,1,400,3,70
2,1371,0,0,0,0,0,0,2,400,3,70
2,1372,0,0,0,0,0,0,1,400,4,70
2,1372,0,0,0,0,0,0,2,400,4,70
2,1373,0,0,0,0,0,0,1,400,5,70
2,1373,0,0,0,0,0,0,2,400,5,70
2,1374,0,0,0,0,0,0,1,400,6,70
2,1374,0,0,0,0,0,0,2,400,6,70
2,1375,0,0,0,0,0,0,1,400,7,70
2,1375,0,0,0,0,0,0,2,400,7,70
2,1376,0,0,0,0,0,0,1,400,8,70
2,1376,0,0,0,0,0,0,2,400,8,70
2,1377,0,0,0,0,0,0,1,400,9,70
2,1377,0,0,0,0,0,0,2,400,9,70
2,1378,0,0,0,0,0,0,1,400,10,70
2,1378,0,0,0,0,0,0,2,400,10,70
2,1379,0,0,0,0,0,0,1,400,11,70
2,1379,0,0,0,0,0,0,2,400,11,70
2,1380,0,0,0,0,0,0,1,400,12,70
2,1380,0,0,0,0,0,0,2,400,12,70
2,1381,0,0,0,0,0,0,1,400,13,70
2,1381,0,0,0,0,0,0,2,400,13,70
2,1382,0,0,0,0,0,0,1,400,14,70
2,1382,0,0,0,0,0,0,2,400,14,70
2,1383,0,0,0,0,0,0,1,400,15,70
2,1383,0,0,0,0,0,0,2,400,15,70
2,1384,0,0,0,0,0,0,1,400,16,70
2,1384,0,0,0,0,0,0,2,400,16,70
2,1385,0,0,0,0,0,0,1,400,17,70
2,1385,0,0,0,0,0,0,2,400,17,70
2,1386,0,0,0,0,0,0,1,400,18,70
2,1386,0,0,0,0,0,0,2,400,18,70
2,1387,0,0,0,0,0,0,1,400,19,70
2,1387,0,0,0,0,0,0,2,400,19,70
2,1388,0,0,0,0,0,0,1,400,20,70
2,1388,0,0,0,0,0,0,2,400,20,70
2,1389,0,0,0,0,0,0,1,400,21,70
2,1389,0,0,0,0,0,0,2,400,21,70
2,1390,0,0,0,0,0,0,1,400,22,70
2,1390,0,0,0,0,0,0,2,400,22,70
2,1391,0,0,0,0,0,0,1,400,23,70
2,1391,0,0,0,0,0,0,2,400,23,70
2,1392,0,0,0,0,0,0,1,400,0,70
2,1392,0,0,0,0,0,0,2,400,0,70
2,1393,0,0,0,0,0,0,1,400,1,70
2,1393,0,0,0,0,0,0,2,400,1,70
2,1394,0,0,0,0,0,0,1,400,2,70
2,1394,0,0,0,0,0,0,2,400,2,70
2,1395,0,0,0,0,0,0,1,400,3,70
2,1395,0,0,0,0,0,0,2,400,3,70
2,1396,0,0,0,0,0,0,1,400,4,70
2,1396,0,0,0,0,0,0,2,400,4,70
2,1397,0,0,0,0,0,0,1,400,5,70
2,1397,0,0,0,0,0,0,2,400,5,70
2,1398,0,0,0,0,0,0,1,400,6,70
2,1398,0,0,0,0,0,0,2,400,6,70
2,1399,0,0,0,0,0,0,1,400,7,70
2,1399,0,0,0,0,0,0,2,400,7,70
2,1400,0,0,0,0,0,0,1,400,8,70
2,1400,0,0,0,0,0,0,2,400,8,70
2,1401,0,0,0,0,0,0,1,400,9,70
2,1401,0,0,0,0,0,0,2,400,9,70
2,1402,0,0,0,0,0,0,1,400,10,70
2,1402,0,0,0,0,0,0,2,400,10,70
2,1403,0,0,0,0,0,0,1,400,11,70
2,1403,0,0,0,0,0,0,2,400,11,70
2,1404,0,0,0,0,0,0,1,400,12,70
2,1404,0,0,0,0,0,0,2,400,12,70
2,1405,0,0,0,0,0,0,1,400,13,70
2,1405,0,0,0,0,0,0,2,400,13,70
2,1406,0,0,0,0,0,0,1,400,14,70
2,1406,0,0,0,0,0,0,2,400,14,70
2,1407,0,0,0,0,0,0,1,400,15,70
2,1407,0,0,0,0,0,0,2,400,15,70
2,1408,0,0,0,0,0,0,1,400,16,70
2,1408,0,0,0,0,0,0,2,400,16,70
2,1409,0,0,0,0,0,0,1,400,17,70
2,1409,0,0,0,0,0,0,2,400,17,70
2,1410,0,0,0,0,0,0,1,400,18,70
2,1410,0,0,0,0,0,0,2,400,18,70
2,1411,0,0,0,0,0,0,1,400,19,70
2,1411,0,0,0,0,0,0,2,400,19,70
2,1412,0,0,0,0,0,0,1,400,20,70
2,1412,0,0,0,0,0,0,2,400,20,70
2,1413,0,0,0,0,0,0,1,400,21,70
2,1413,0,0,0,0,0,0,2,400,21,70
2,1414,0,0,0,0,0,0,1,400,22,70
2,1414,0,0,0,0,0,0,2,400,22,70
2,1415,0,0,0,0,0,0,1,400,23,70
2,1415,0,0,0,0,0,0,2,400,23,70
2,1416,0,0,0,0,0,0,1,400,0,70
2,1416,0,0,0,0,0,0,2,400,0,70
2,1417,0,0,0,0,0,0,1,400,1,70
2,1417,0,0,0,0,0,0,2,400,1,70
2,1418,0,0,0,0,0,0,1,400,2,70
2,1418,0,0,0,0,0,0,2,400,2,70
2,1419,0,0,0,0,0,0,1,400,3,70
2,1419,0,0,0,0,0,0,2,400,3,70
2,1420,0,0,0,0,0,0,1,400,4,70
2,1420,0,0,0,0,0,0,2,400,4,70
2,1421,0,0,0,0,0,0,1,400,5,70
2,1421,0,0,0,0,0,0,2,400,5,70
2,1422,0,0,0,0,0,0,1,400,6,70
2,1422,0,0,0,0,0,0,2,400,6,70
2,1423,0,0,0,0,0,0,1,400,7,70
2,1423,0,0,0,0,0,0,2,400,7,70
2,1424,0,0,0,0,0,0,1,400,8,70
2,1424,0,0,0,0,0,0,2,400,8,70
2,1425,0,0,0,0,0,0,1,400,9,70
2,1425,0,0,0,0,0,0,2,400,9,70
2,1426,0,0,0,0,0,0,1,400,10,70
2,1426,0,0,0,0,0,0,2,400,10,70
2,1427,0,0,0,0,0,0,1,400,11,70
2,1427,0,0,0,0,0,0,2,400,11,70
2,1428,0,0,0,0,0,0,1,400,12,70
2,1428,0,0,0,0,0,0,2,400,12,70
2,1429,0,0,0,0,0,0,1,400,13,70
2,1429,0,0,0,0,0,0,2,400,13,70
2,1430,0,0,0,0,0,0,1,400,14,70
2,1430,0,0,0,0,0,0,2,400,14,70
2,1431,0,0,0,0,0,0,1,400,15,70
2,1431,0,0,0,0,0,0,2,400,15,70
2,1432,0,0,0,0,0,0,1,400,16,70
2,1432,0,0,0,0,0,0,2,400,16,70
2,1433,0,0,0,0,0,0,1,400,17,70
2,1433,0,0,0,0,0,0,2,400,17,70
2,1434,0,0,0,0,0,0,1,400,18,70
2,1434,0,0,0,0,0,0,2,400,18,70
2,1435,0,0,0,0,0,0,1,400,19,70
2,1435,0,0,0,0,0,0,2,400,19,70
2,1436,0,0,0,0,0,0,1,400,20,70
2,1436,0,0,0,0,0,0,2,400,20,70
2,1437,0,0,0,0,0,0,1,400,21,70
2,1437,0,0,0,0,0,0,2,400,21,70
2,1438,0,0,0,0,0,0,1,400,22,70
2,1438,0,0,0,0,0,0,2,400,22,70
2,1439,0,0,0,0,0,0,1,400,23,70
2,1439,0,0,0,0,0,0,2,400,23,70
2,1440,0,0,0,0,0,0,1,400,0,70
2,1440,0,0,0,0,0,0,2,400,0,70
2,1441,0,0,0,0,0,0,1,400,1,70
2,1441,0,0,0,0,0,0,2,400,1,70
2,1442,0,0,0,0,0,0,1,400,2,70
2,1442,0,0,0,0,0,0,2,400,2,70
2,1443,0,0,0,0,0,0,1,400,3,70
2,1443,0,0,0,0,0,0,2,400,3,70
2,1444,0,0,0,0,0,0,1,400,4,70
2,1444,0,0,0,0,0,0,2,400,4,70
2,1445,0,0,0,0,0,0,1,400,5,70
2,1445,0,0,0,0,0,0,2,400,5,70
2,1446,0,0,0,0,0,0,1,400,6,70
2,1446,0,0,0,0,0,0,2,400,6,70
2,1447,0,0,0,0,0,0,1,400,7,70
2,1447,0,0,0,0,0,0,2,400,7,70
2,1448,0,0,0,0,0,0,1,400,8,70
2,1448,0,0,0,0,0,0,2,400,8,70
2,1449,0,0,0,0,0,0,1,400,9,70
2,1449,0,0,0,0,0,0,2,400,9,70
2,1450,0,0,0,0,0,0,1,400,10,70
2,1450,0,0,0,0,0,0,2,400,10,70
2,1451,0,0,0,0,0,0,1,400,11,70
2,1451,0,0,0,0,0,0,2,400,11,70
2,1452,0,0,0,0,0,0,1,400,12,70
2,1452,0,0,0,0,0,0,2,400,12,70
2,1453,0,0,0,0,0,0,1,400,13,70
2,1453,0,0,0,0,0,0,2,400,13,70
2,1454,0,0,0,0,0,0,1,400,14,70
2,1454,0,0,0,0,0,0,2,400,14,70
2,1455,0,0,0,0,0,0,1,400,15,70
2,1455,0,0,0,0,0,0,2,400,15,70
2,1456,0,0,0,0,0,0,1,400,16,70
2,1456,0,0,0,0,0,0,2,400,16,70
2,1457,0,0,0,0,0,0,1,400,17,70
2,1457,0,0,0,0,0,0,2,400,17,70
2,1458,0,0,0,0,0,0,1,400,18,70
2,1458,0,0,0,0,0,0,2,400,18,70
2,1459,0,0,0,0,0,0,1,400,19,70
2,1459,0,0,0,0,0,0,2,400,19,70
2,1460,0,0,0,0,0,0,1,400,20,70
2,1460,0,0,0,0,0,0,2,400,20,70
2,1461,0,0,0,0,0,0,1,400,21,70
2,1461,0,0,0,0,0,0,2,400,21,70
2,1462,0,0,0,0,0,0,1,400,22,70
2,1462,0,0,0,0,0,0,2,400,22,70
2,1463,0,0,0,0,0,0,1,400,23,70
2,1463,0,0,0,0,0,0,2,400,23,70
2,1464,0,0,0,0,0,0,1,400,0,70
2,1464,0,0,0,0,0,0,2,400,0,70
2,1465,0,0,0,0,0,0,1,400,1,70
2,1465,0,0,0,0,0,0,2,400,1,70
2,1466,0,0,0,0,0,0,1,400,2,70
2,1466,0,0,0,0,0,0,2,400,2,70
2,1467,0,0,0,0,0,0,1,400,3,70
2,1467,0,0,0,0,0,0,2,400,3,70
2,1468,0,0,0,0,0,0,1,400,4,70
2,1468,0,0,0,0,0,0,2,400,4,70
2,1469,0,0,0,0,0,0,1,400,5,70
2,1469,0,0,0,0,0,0,2,400,5,70
2,1470,0,0,0,0,0,0,1,400,6,70
2,1470,0,0,0,0,0,0,2,400,6,70
2,1471,0,0,0,0,0,0,1,400,7,70
2,1471,0,0,0,0,0,0,2,400,7,70
2,1472,0,0,0,0,0,0,1,400,8,70
2,1472,0,0,0,0,0,0,2,400,8,70
2,1473,0,0,0,0,0,0,1,400,9,70
2,1473,0,0,0,0,0,0,2,400,9,70
2,1474,0,0,0,0,0,0,1,400,10,70
2,1474,0,0,0,0,0,0,2,400,10,70
2,1475,0,0,0,0,0,0,1,400,11,70
2,1475,0,0,0,0,0,0,2,400,11,70
2,1476,0,0,0,0,0,0,1,400,12,70
2,1476,0,0,0,0,0,0,2,400,12,70
2,1477,0,0,0,0,0,0,1,400,13,70
2,1477,0,0,0,0,0,0,2,400,13,70
2,1478,0,0,0,0,0,0,1,400,14,70
2,1478,0,0,0,0,0,0,2,400,14,70
2,1479,0,0,0,0,0,0,1,400,15,70
2,1479,0,0,0,0,0,0,2,400,15,70
2,1480,0,0,0,0,0,0,1,400,16,70
2,1480,0,0,0,0,0,0,2,400,16,70
2,1481,0,0,0,0,0,0,1,400,17,70
2,1481,0,0,0,0,0,0,2,400,17,70
2,1482,0,0,0,0,0,0,1,400,18,70
2,1482,0,0,0,0,0,0,2,400,18,70
2,1483,0,0,0,0,0,0,1,400,19,70
2,1483,0,0,0,0,0,0,2,400,19,70
2,1484,0,0,0,0,0,0,1,400,20,70
2,1484,0,0,0,0,0,0,2,400,20,70
2,1485,0,0,0,0,0,0,1,400,21,70
2,1485,0,0,0,0,0,0,2,400,21,70
2,1486,0,0,0,0,0,0,1,400,22,70
2,1486,0,0,0,0,0,0,2,400,22,70
2,1487,0,0,0,0,0,0,1,400,23,70
2,1487,0,0,0,0,0,0,2,400,23,70
2,1488,0,0,0,0,0,0,1,400,0,70
2,1488,0,0,0,0,0,0,2,400,0,70
2,1489,0,0,0,0,0,0,1,400,1,70
2,1489,0,0,0,0,0,0,2,400,1,70
2,1490,0,0,0,0,0,0,1,400,2,70
2,1490,0,0,0,0,0,0,2,400,2,70
2,1491,0,0,0,0,0,0,1,400,3,70
2,1491,0,0,0,0,0,0,2,400,3,70
2,1492,0,0,0,0,0,0,1,400,4,70
2,1492,0,0,0,0,0,0,2,400,4,70
2,1493,0,0,0,0,0,0,1,400,5,70
2,1493,0,0,0,0,0,0,2,400,5,70
2,1494,0,0,0,0,0,0,1,400,6,70
2,1494,0,0,0,0,0,0,2,400,6,70
2,1495,0,0,0,0,0,0,1,400,7,70
2,1495,0,0,0,0,0,0,2,400,7,70
2,1496,0,0,0,0,0,0,1,400,8,70
2,1496,0,0,0,0,0,0,2,400,8,70
2,1497,0,0,0,0,0,0,1,400,9,70
2,1497,0,0,0,0,0,0,2,400,9,70
2,1498,0,0,0,0,0,0,1,400,10,70
2,1498,0,0,0,0,0,0,2,400,10,70
2,1499,0,0,0,0,0,0,1,400,11,70
2,1499,0,0,0,0,0,0,2,400,11,70
2,1500,0,0,0,0,0,0,1,400,12,70
2,1500,0,0,0,0,0,0,2,400,12,70
2,1501,0,0,0,0,0,0,1,400,13,70
2,1501,0,0,0,0,0,0,2,400,13,70
2,1502,0,0,0,0,0,0,1,400,14,70
2,1502,0,0,0,0,0,0,2,400,14,70
2,1503,0,0,0,0,0,0,1,400,15,70
2,1503,0,0,0,0,0,0,2,400,15,70
2,1504,0,0,0,0,0,0,1,400,16,70
2,1504,0,0,0,0,0,0,2,400,16,70
2,1505,0,0,0,0,0,0,1,400,17,70
2,1505,0,0,0,0,0,0,2,400,17,70
2,1506,0,0,0,0,0,0,1,400,18,70
2,1506,0,0,0,0,0,0,2,400,18,70
2,1507,0,0,0,0,0,0,1,400,19,70
2,1507,0,0,0,0,0,0,2,400,19,70
2,1508,0,0,0,0,0,0,1,400,20,70
2,1508,0,0,0,0,0,0,2,400,20,70
2,1509,0,0,0,0,0,0,1,400,21,70
2,1509,0,0,0,0,0,0,2,400,21,70
2,1510,0,0,0,0,0,0,1,400,22,70
2,1510,0,0,0,0,0,0,2,400,22,70
2,1511,0,0,0,0,0,0,1,400,23,70
2,1511,0,0,0,0,0,0,2,400,23,70
2,1512,0,0,0,0,0,0,1,400,0,70
2,1512,0,0,0,0,0,0,2,400,0,70
2,1513,0,0,0,0,0,0,1,400,1,70
2,1513,0,0,0,0,0,0,2,400,1,70
2,1514,0,0,0,0,0,0,1,400,2,70
2,1514,0,0,0,0,0,0,2,400,2,70
2,1515,0,0,0,0,0,0,1,400,3,70
2,1515,0,0,0,0,0,0,2,400,3,70
2,1516,0,0,0,0,0,0,1,400,4,70
2,1516,0,0,0,0,0,0,2,400,4,70
2,1517,0,0,0,0,0,0,1,400,5,70
2,1517,0,0,0,0,0,0,2,400,5,70
2,1518,0,0,0,0,0,0,1,400,6,70
2,1518,0,0,0,0,0,0,2,400,6,70
2,1519,0,0,0,0,0,0,1,400,7,70
2,1519,0,0,0,0,0,0,2,400,7,70
2,1520,0,0,0,0,0,0,1,400,8,70
2,1520,0,0,0,0,0,0,2,400,8,70
2,1521,0,0,0,0,0,0,1,400,9,70
2,1521,0,0,0,0,0,0,2,400,9,70
2,1522,0,0,0,0,0,0,1,400,10,70
2,1522,0,0,0,0,0,0,2,400,10,70
2,1523,0,0,0,0,0,0,1,400,11,70
2,1523,0,0,0,0,0,0,2,400,11,70
2,1524,0,0,0,0,0,0,1,400,12,70
2,1524,0,0,0,0,0,0,2,400,12,70
2,1525,0,0,0,0,0,0,1,400,13,70
2,1525,0,0,0,0,0,0,2,400,13,70
2,1526,0,0,0,0,0,0,1,400,14,70
2,1526,0,0,0,0,0,0,2,400,14,70
2,1527,0,0,0,0,0,0,1,400,15,70
2,1527,0,0,0,0,0,0,2,400,15,70
2,1528,0,0,0,0,0,0,1,400,16,70
2,1528,0,0,0,0,0,0,2,400,16,70
2,1529,0,0,0,0,0,0,1,400,17,70
2,1529,0,0,0,0,0,0,2,400,17,70
2,1530,0,0,0,0,0,0,1,400,18,70
2,1530,0,0,0,0,0,0,2,400,18,70
2,1531,0,0,0,0,0,0,1,400,19,70
2,1531,0,0,0,0,0,0,2,400,19,70
2,1532,0,0,0,0,0,0,1,400,20,70
2,1532,0,0,0,0,0,0,2,400,20,70
2,1533,0,0,0,0,0,0,1,400,21,70
2,1533,0,0,0,0,0,0,2,400,21,70
2,1534,0,0,0,0,0,0,1,400,22,70
2,1534,0,0,0,0,0,0,2,400,22,70
2,1535,0,0,0,0,0,0,1,400,23,70
2,1535,0,0,0,0,0,0,2,400,23,70
2,1536,0,0,0,0,0,0,1,400,0,70
2,1536,0,0,0,0,0,0,2,400,0,70
2,1537,0,0,0,0,0,0,1,400,1,70
2,1537,0,0,0,0,0,0,2,400,1,70
2,1538,0,0,0,0,0,0,1,400,2,70
2,1538,0,0,0,0,0,0,2,400,2,70
2,1539,0,0,0,0,0,0,1,400,3,70
2,1539,0,0,0,0,0,0,2,400,3,70
2,1540,0,0,0,0,0,0,1,400,4,70
2,1540,0,0,0,0,0,0,2,400,4,70
2,1541,0,0,0,0,0,0,1,400,5,70
2,1541,0,0,0,0,0,0,2,400,5,70
2,1542,0,0,0,0,0,0,1,400,6,70
2,1542,0,0,0,0,0,0,2,400,6,70
2,1543,0,0,0,0,0,0,1,400,7,70
2,1543,0,0,0,0,0,0,2,400,7,70
2,1544,0,0,0,0,0,0,1,400,8,70
2,1544,0,0,0,0,0,0,2,400,8,70
2,1545,0,0,0,0,0,0,1,400,9,70
2,1545,0,0,0,0,0,0,2,400,9,70
2,1546,0,0,0,0,0,0,1,400,10,70
2,1546,0,0,0,0,0,0,2,400,10,70
2,1547,0,0,0,0,0,0,1,400,11,70
2,1547,0,0,0,0,0,0,2,400,11,70
2,1548,0,0,0,0,0,0,1,400,12,70
2,1548,0,0,0,0,0,0,2,400,12,70
2,1549,0,0,0,0,0,0,1,400,13,70
2,1549,0,0,0,0,0,0,2,400,13,70
2,1550,0,0,0,0,0,0,1,400,14,70
2,1550,0,0,0,0,0,0,2,400,14,70
2,1551,0,0,0,0,0,0,1,400,15,70
2,1551,0,0,0,0,0,0,2,400,15,70
2,1552,0,0,0,0,0,0,1,400,16,70
2,1552,0,0,0,0,0,0,2,400,16,70
2,1553,0,0,0,0,0,0,1,400,17,70
2,1553,0,0,0,0,0,0,2,400,17,70
2,1554,0,0,0,0,0,0,1,400,18,70
2,1554,0,0,0,0,0,0,2,400,18,70
2,1555,0,0,0,0,0,0,1,400,19,70
2,1555,0,0,0,0,0,0,2,400,19,70
2,1556,0,0,0,0,0,0,1,400,20,70
2,1556,0,0,0,0,0,0,2,400,20,70
2,1557,0,0,0,0,0,0,1,400,21,70
2,1557,0,0,0,0,0,0,2,400,21,70
2,1558,0,0,0,0,0,0,1,400,22,70
2,1558,0,0,0,0,0,0,2,400,22,70
2,1559,0,0,0,0,0,0,1,400,23,70
2,1559,0,0,0,0,0,0,2,400,23,70
2,1560,0,0,0,0,0,0,1,400,0,70
2,1560,0,0,0,0,0,0,2,400,0,70
2,1561,0,0,0,0,0,0,1,400,1,70
2,1561,0,0,0,0,0,0,2,400,1,70
2,1562,0,0,0,0,0,0,1,400,2,70
2,1562,0,0,0,0,0,0,2,400,2,70
2,1563,0,0,0,0,0,0,1,400,3,70
2,1563,0,0,0,0,0,0,2,400,3,70
2,1564,0,0,0,0,0,0,1,400,4,70
2,1564,0,0,0,0,0,0,2,400,4,70
2,1565,0,0,0,0,0,0,1,400,5,70
2,1565,0,0,0,0,0,0,2,400,5,70
2,1566,0,0,0,0,0,0,1,400,6,70
2,1566,0,0,0,0,0,0,2,400,6,70
2,1567,0,0,0,0,0,0,1,400,7,70
2,1567,0,0,0,0,0,0,2,400,7,70
2,1568,0,0,0,0,0,0,1,400,8,70
2,1568,0,0,0,0,0,0,2,400,8,70
2,1569,0,0,0,0,0,0,1,400,9,70
2,1569,0,0,0,0,0,0,2,400,9,70
2,1570,0,0,0,0,0,0,1,400,10,70
2,1570,0,0,0,0,0,0,2,400,10,70
2,1571,0,0,0,0,0,0,1,400,11,70
2,1571,0,0,0,0,0,0,2,400,11,70
2,1572,0,0,0,0,0,0,1,400,12,70
2,1572,0,0,0,0,0,0,2,400,12,70
2,1573,0,0,0,0,0,0,1,400,13,70
2,1573,0,0,0,0,0,0,2,400,13,70
2,1574,0,0,0,0,0,0,1,400,14,70
2,1574,0,0,0,0,0,0,2,400,14,70
2,1575,0,0,0,0,0,0,1,400,15,70
2,1575,0,0,0,0,0,0,2,400,15,70
2,1576,0,0,0,0,0,0,1,400,16,70
2,1576,0,0,0,0,0,0,2,400,16,70
2,1577,0,0,0,0,0,0,1,400,17,70
2,1577,0,0,0,0,0,0,2,400,17,70
2,1578,0,0,0,0,0,0,1,400,18,70
2,1578,0,0,0,0,0,0,2,400,18,70
2,1579,0,0,0,0,0,0,1,400,19,70
2,1579,0,0,0,0,0,0,2,400,19,70
2,1580,0,0,0,0,0,0,1,400,20,70
2,1580,0,0,0,0,0,0,2,400,20,70
2,1581,0,0,0,0,0,0,1,400,21,70
2,1581,0,0,0,0,0,0,2,400,21,70
2,1582,0,0,0,0,0,0,1,400,22,70
2,1582,0,0,0,0,0,0,2,400,22,70
2,1583,0,0,0,0,0,0,1,400,23,70
2,1583,0,0,0,0,0,0,2,400,23,70
2,1584,0,0,0,0,0,0,1,400,0,70
2,1584,0,0,0,0,0,0,2,400,0,70
2,1585,0,0,0,0,0,0,1,400,1,70
2,1585,0,0,0,0,0,0,2,400,1,70
2,1586,0,0,0,0,0,0,1,400,2,70
2,1586,0,0,0,0,0,0,2,400,2,70
2,1587,0,0,0,0,0,0,1,400,3,70
2,1587,0,0,0,0,0,0,2,400,3,70
2,1588,0,0,0,0,0,0,1,400,4,70
2,1588,0,0,0,0,0,0,2,400,4,70
2,1589,0,0,0,0,0,0,1,400,5,70
2,1589,0,0,0,0,0,0,2,400,5,70
2,1590,0,0,0,0,0,0,1,400,6,70
2,1590,0,0,0,0,0,0,2,400,6,70
2,1591,0,0,0,0,0,0,1,400,7,70
2,1591,0,0,0,0,0,0,2,400,7,70
2,1592,0,0,0,0,0,0,1,400,8,70
2,1592,0,0,0,0,0,0,2,400,8,70
2,1593,0,0,0,0,0,0,1,400,9,70
2,1593,0,0,0,0,0,0,2,400,9,70
2,1594,0,0,0,0,0,0,1,400,10,70
2,1594,0,0,0,0,0,0,2,400,10,70
2,1595,0,0,0,0,0,0,1,400,11,70
2,1595,0,0,0,0,0,0,2,400,11,70
2,1596,0,0,0,0,0,0,1,400,12,70
2,1596,0,0,0,0,0,0,2,400,12,70
2,1597,0,0,0,0,0,0,1,400,13,70
2,1597,0,0,0,0,0,0,2,400,13,70
2,1598,0,0,0,0,0,0,1,400,14,70
2,1598,0,0,0,0,0,0,2,400,14,70
2,1599,0,0,0,0,0,0,1,400,15,70
2,1599,0,0,0,0,0,0,2,400,15,70
2,1600,0,0,0,0,0,0,1,400,16,70
2,1600,0,0,0,0,0,0,2,400,16,70
2,1601,0,0,0,0,0,0,1,400,17,70
2,1601,0,0,0,0,0,0,2,400,17,70
2,1602,0,0,0,0,0,0,1,400,18,70
2,1602,0,0,0,0,0,0,2,400,18,70
2,1603,0,0,0,0,0,0,1,400,19,70
2,1603,0,0,0,0,0,0,2,400,19,70
2,1604,0,0,0,0,0,0,1,400,20,70
2,1604,0,0,0,0,0,0,2,400,20,70
2,1605,0,0,0,0,0,0,1,400,21,70
2,1605,0,0,0,0,0,0,2,400,21,70
2,1606,0,0,0,0,0,0,1,400,22,70
2,1606,0,0,0,0,0,0,2,400,22,70
2,1607,0,0,0,0,0,0,1,400,23,70
2,1607,0,0,0,0,0,0,2,400,23,70
2,1608,0,0,0,0,0,0,1,400,0,70
2,1608,0,0,0,0,0,0,2,400,0,70
2,1609,0,0,0,0,0,0,1,400,1,70
2,1609,0,0,0,0,0,0,2,400,1,70
2,1610,0,0,0,0,0,0,1,400,2,70
2,1610,0,0,0,0,0,0,2,400,2,70
2,1611,0,0,0,0,0,0,1,400,3,70
2,1611,0,0,0,0,0,0,2,400,3,70
2,1612,0,0,0,0,0,0,1,400,4,70
2,1612,0,0,0,0,0,0,2,400,4,70
2,1613,0,0,0,0,0,0,1,400,5,70
2,1613,0,0,0,0,0,0,2,400,5,70
2,1614,0,0,0,0,0,0,1,400,6,70
2,1614,0,0,0,0,0,0,2,400,6,70
2,1615,0,0,0,0,0,0,1,400,7,70
2,1615,0,0,0,0,0,0,2,400,7,70
2,1616,0,0,0,0,0,0,1,400,8,70
2,1616,0,0,0,0,0,0,2,400,8,70
2,1617,0,0,0,0,0,0,1,400,9,70
2,1617,0,0,0,0,0,0,2,400,9,70
2,1618,0,0,0,0,0,0,1,400,10,70
2,1618,0,0,0,0,0,0,2,400,10,70
2,1619,0,0,0,0,0,0,1,400,11,70
2,1619,0,0,0,0,0,0,2,400,11,70
2,1620,0,0,0,0,0,0,1,400,12,70
2,1620,0,0,0,0,0,0,2,400,12,70
2,1621,0,0,0,0,0,0,1,400,13,70
2,1621,0,0,0,0,0,0,2,400,13,70
2,1622,0,0,0,0,0,0,1,400,14,70
2,1622,0,0,0,0,0,0,2,400,14,70
2,1623,0,0,0,0,0,0,1,400,15,70
2,1623,0,0,0,0,0,0,2,400,15,70
2,1624,0,0,0,0,0,0,1,400,16,70
2,1624,0,0,0,0,0,0,2,400,16,70
2,1625,0,0,0,0,0,0,1,400,17,70
2,1625,0,0,0,0,0,0,2,400,17,70
2,1626,0,0,0,0,0,0,1,400,18,70
2,1626,0,0,0,0,0,0,2,400,18,70
2,1627,0,0,0,0,0,0,1,400,19,70
2,1627,0,0,0,0,0,0,2,400,19,70
2,1628,0,0,0,0,0,0,1,400,20,70
2,1628,0,0,0,0,0,0,2,400,20,70
2,1629,0,0,0,0,0,0,1,400,21,70
2,1629,0,0,0,0,0,0,2,400,21,70
2,1630,0,0,0,0,0,0,1,400,22,70
2,1630,0,0,0,0,0,0,2,400,22,70
2,1631,0,0,0,0,0,0,1,400,23,70
2,1631,0,0,0,0,0,0,2,400,23,70
2,1632,0,0,0,0,0,0,1,400,0,70
2,1632,0,0,0,0,0,0,2,400,0,70
2,1633,0,0,0,0,0,0,1,400,1,70
2,1633,0,0,0,0,0,0,2,400,1,70
2,1634,0,0,0,0,0,0,1,400,2,70
2,1634,0,0,0,0,0,0,2,400,2,70
2,1635,0,0,0,0,0,0,1,400,3,70
2,1635,0,0,0,0,0,0,2,400,3,70
2,1636,0,0,0,0,0,0,1,400,4,70
2,1636,0,0,0,0,0,0,2,400,4,70
2,1637,0,0,0,0,0,0,1,400,5,70
2,1637,0,0,0,0,0,0,2,400,5,70
2,1638,0,0,0,0,0,0,1,400,6,70
2,1638,0,0,0,0,0,0,2,400,6,70
2,1639,0,0,0,0,0,0,1,400,7,70
2,1639,0,0,0,0,0,0,2,400,7,70
2,1640,0,0,0,0,0,0,1,400,8,70
2,1640,0,0,0,0,0,0,2,400,8,70
2,1641,0,0,0,0,0,0,1,400,9,70
2,1641,0,0,0,0,0,0,2,400,9,70
2,1642,0,0,0,0,0,0,1,400,10,70
2,1642,0,0,0,0,0,0,2,400,10,70
2,1643,0,0,0,0,0,0,1,400,11,70
2,1643,0,0,0,0,0,0,2,400,11,70
2,1644,0,0,0,0,0,0,1,400,12,70
2,1644,0,0,0,0,0,0,2,400,12,70
2,1645,0,0,0,0,0,0,1,400,13,70
2,1645,0,0,0,0,0,0,2,400,13,70
2,1646,0,0,0,0,0,0,1,400,14,70
2,1646,0,0,0,0,0,0,2,400,14,70
2,1647,0,0,0,0,0,0,1,400,15,70
2,1647,0,0,0,0,0,0,2,400,15,70
2,1648,0,0,0,0,0,0,1,400,16,70
2,1648,0,0,0,0,0,0,2,400,16,70
2,1649,0,0,0,0,0,0,1,400,17,70
2,1649,0,0,0,0,0,0,2,400,17,70
2,1650,0,0,0,0,0,0,1,400,18,70
2,1650,0,0,0,0,0,0,2,400,18,70
2,1651,0,0,0,0,0,0,1,400,19,70
2,1651,0,0,0,0,0,0,2,400,19,70
2,1652,0,0,0,0,0,0,1,400,20,70
2,1652,0,0,0,0,0,0,2,400,20,70
2,1653,0,0,0,0,0,0,1,400,21,70
2,1653,0,0,0,0,0,0,2,400,21,70
2,1654,0,0,0,0,0,0,1,400,22,70
2,1654,0,0,0,0,0,0,2,400,22,70
2,1655,0,0,0,0,0,0,1,400,23,70
2,1655,0,0,0,0,0,0,2,400,23,70
2,1656,0,0,0,0,0,0,1,400,0,70
2,1656,0,0,0,0,0,0,2,400,0,70
2,1657,0,0,0,0,0,0,1,400,1,70
2,1657,0,0,0,0,0,0,2,400,1,70
2,1658,0,0,0,0,0,0,1,400,2,70
2,1658,0,0,0,0,0,0,2,400,2,70
2,1659,0,0,0,0,0,0,1,400,3,70
2,1659,0,0,0,0,0,0,2,400,3,70
2,1660,0,0,0,0,0,0,1,400,4,70
2,1660,0,0,0,0,0,0,2,400,4,70
2,1661,0,0,0,0,0,0,1,400,5,70
2,1661,0,0,0,0,0,0,2,400,5,70
2,1662,0,0,0,0,0,0,1,400,6,70
2,1662,0,0,0,0,0,0,2,400,6,70
2,1663,0,0,0,0,0,0,1,400,7,70
2,1663,0,0,0,0,0,0,2,400,7,70
2,1664,0,0,0,0,0,0,1,400,8,70
2,1664,0,0,0,0,0,0,2,400,8,70
2,1665,0,0,0,0,0,0,1,400,9,70
2,1665,0,0,0,0,0,0,2,400,9,70
2,1666,0,0,0,0,0,0,1,400,10,70
2,1666,0,0,0,0,0,0,2,400,10,70
2,1667,0,0,0,0,0,0,1,400,11,70
2,1667,0,0,0,0,0,0,2,400,11,70
2,1668,0,0,0,0,0,0,1,400,12,70
2,1668,0,0,0,0,0,0,2,400,12,70
2,1669,0,0,0,0,0,0,1,400,13,70
2,1669,0,0,0,0,0,0,2,400,13,70
2,1670,0,0,0,0,0,0,1,400,14,70
2,1670,0,0,0,0,0,0,2,400,14,70
2,1671,0,0,0,0,0,0,1,400,15,70
2,1671,0,0,0,0,0,0,2,400,15,70
2,1672,0,0,0,0,0,0,1,400,16,70
2,1672,0,0,0,0,0,0,2,400,16,70
2,1673,0,0,0,0,0,0,1,400,17,70
2,1673,0,0,0,0,0,0,2,400,17,70
2,1674,0,0,0,0,0,0,1,400,18,70
2,1674,0,0,0,0,0,0,2,400,18,70
2,1675,0,0,0,0,0,0,1,400,19,70
2,1675,0,0,0,0,0,0,2,400,19,70
2,1676,0,0,0,0,0,0,1,400,20,70
2,1676,0,0,0,0,0,0,2,400,20,70
2,1677,0,0,0,0,0,0,1,400,21,70
2,1677,0,0,0,0,0,0,2,400,21,70
2,1678,0,0,0,0,0,0,1,400,22,70
2,1678,0,0,0,0,0,0,2,400,22,70
2,1679,0,0,0,0,0,0,1,400,23,70
2,1679,0,0,0,0,0,0,2,400,23,70
2,1680,0,0,0,0,0,0,1,400,0,70
2,1680,0,0,0,0,0,0,2,400,0,70
2,1681,0,0,0,0,0,0,1,400,1,70
2,1681,0,0,0,0,0,0,2,400,1,70
2,1682,0,0,0,0,0,0,1,400,2,70
2,1682,0,0,0,0,0,0,2,400,2,70
2,1683,0,0,0,0,0,0,1,400,3,70
2,1683,0,0,0,0,0,0,2,400,3,70
2,1684,0,0,0,0,0,0,1,400,4,70
2,1684,0,0,0,0,0,0,2,400,4,70
2,1685,0,0,0,0,0,0,1,400,5,70
2,1685,0,0,0,0,0,0,2,400,5,70
2,1686,0,0,0,0,0,0,1,400,6,70
2,1686,0,0,0,0,0,0,2,400,6,70
2,1687,0,0,0,0,0,0,1,400,7,70
2,1687,0,0,0,0,0,0,2,400,7,70
2,1688,0,0,0,0,0,0,1,400,8,70
2,1688,0,0,0,0,0,0,2,400,8,70
2,1689,0,0,0,0,0,0,1,400,9,70
2,1689,0,0,0,0,0,0,2,400,9,70
2,1690,0,0,0,0,0,0,1,400,10,70
2,1690,0,0,0,0,0,0,2,400,10,70
2,1691,0,0,0,0,0,0,1,400,11,70
2,1691,0,0,0,0,0,0,2,400,11,70
2,1692,0,0,0,0,0,0,1,400,12,70
2,1692,0,0,0,0,0,0,2,400,12,70
2,1693,0,0,0,0,0,0,1,400,13,70
2,1693,0,0,0,0,0,0,2,400,13,70
2,1694,0,0,0,0,0,0,1,400,14,70
2,1694,0,0,0,0,0,0,2,400,14,70
2,1695,0,0,0,0,0,0,1,400,15,70
2,1695,0,0,0,0,0,0,2,400,15,70
2,1696,0,0,0,0,0,0,1,400,16,70
2,1696,0,0,0,0,0,0,2,400,16,70
2,1697,0,0,0,0,0,0,1,400,17,70
2,1697,0,0,0,0,0,0,2,400,17,70
2,1698,0,0,0,0,0,0,1,400,18,70
2,1698,0,0,0,0,0,0,2,400,18,70
2,1699,0,0,0,0,0,0,1,400,19,70
2,1699,0,0,0,0,0,0,2,400,19,70
2,1700,0,0,0,0,0,0,1,400,20,70
2,1700,0,0,0,0,0,0,2,400,20,70
2,1701,0,0,0,0,0,0,1,400,21,70
2,1701,0,0,0,0,0,0,2,400,21,70
2,1702,0,0,0,0,0,0,1,400,22,70
2,1702,0,0,0,0,0,0,2,400,22,70
2,1703,0,0,0,0,0,0,1,400,23,70
2,1703,0,0,0,0,0,0,2,400,23,70
2,1704,0,0,0,0,0,0,1,400,0,70
2,1704,0,0,0,0,0,0,2,400,0,70
2,1705,0,0,0,0,0,0,1,400,1,70
2,1705,0,0,0,0,0,0,2,400,1,70
2,1706,0,0,0,0,0,0,1,400,2,70
2,1706,0,0,0,0,0,0,2,400,2,70
2,1707,0,0,0,0,0,0,1,400,3,70
2,1707,0,0,0,0,0,0,2,400,3,70
2,1708,0,0,0,0,0,0,1,400,4,70
2,1708,0,0,0,0,0,0,2,400,4,70
2,1709,0,0,0,0,0,0,1,400,5,70
2,1709,0,0,0,0,0,0,2,400,5,70
2,1710,0,0,0,0,0,0,1,400,6,70
2,1710,0,0,0,0,0,0,2,400,6,70
2,1711,0,0,0,0,0,0,1,400,7,70
2,1711,0,0,0,0,0,0,2,400,7,70
2,1712,0,0,0,0,0,0,1,400,8,70
2,1712,0,0,0,0,0,0,2,400,8,70
2,1713,0,0,0,0,0,0,1,400,9,70
2,1713,0,0,0,0,0,0,2,400,9,70
2,1714,0,0,0,0,0,0,1,400,10,70
2,1714,0,0,0,0,0,0,2,400,10,70
2,1715,0,0,0,0,0,0,1,400,11,70
2,1715,0,0,0,0,0,0,2,400,11,70
2,1716,0,0,0,0,0,0,1,400,12,70
2,1716,0,0,0,0,0,0,2,400,12,70
2,1717,0,0,0,0,0,0,1,400,13,70
2,1717,0,0,0,0,0,0,2,400,13,70
2,1718,0,0,0,0,0,0,1,400,14,70
2,1718,0,0,0,0,0,0,2,400,14,70
2,1719,0,0,0,0,0,0,1,400,15,70
2,1719,0,0,0,0,0,0,2,400,15,70
2,1720,0,0,0,0,0,0,1,400,16,70
2,1720,0,0,0,0,0,0,2,400,16,70
2,1721,0,0,0,0,0,0,1,400,17,70
2,1721,0,0,0,0,0,0,2,400,17,70
2,1722,0,0,0,0,0,0,1,400,18,70
2,1722,0,0,0,0,0,0,2,400,18,70
2,1723,0,0,0,0,0,0,1,400,19,70
2,1723,0,0,0,0,0,0,2,400,19,70
2,1724,0,0,0,0,0,0,1,400,20,70
2,1724,0,0,0,0,0,0,2,400,20,70
2,1725,0,0,0,0,0,0,1,400,21,70
2,1725,0,0,0,0,0,0,2,400,21,70
2,1726,0,0,0,0,0,0,1,400,22,70
2,1726,0,0,0,0,0,0,2,400,22,70
2,1727,0,0,0,0,0,0,1,400,23,70
2,1727,0,0,0,0,0,0,2,400,23,70
2,1728,0,0,0,0,0,0,1,400,0,70
2,1728,0,0,0,0,0,0,2,400,0,70
2,1729,0,0,0,0,0,0,1,400,1,70
2,1729,0,0,0,0,0,0,2,400,1,70
2,1730,0,0,0,0,0,0,1,400,2,70
2,1730,0,0,0,0,0,0,2,400,2,70
2,1731,0,0,0,0,0,0,1,400,3,70
2,1731,0,0,0,0,0,0,2,400,3,70
2,1732,0,0,0,0,0,0,1,400,4,70
2,1732,0,0,0,0,0,0,2,400,4,70
2,1733,0,0,0,0,0,0,1,400,5,70
2,1733,0,0,0,0,0,0,2,400,5,70
2,1734,0,0,0,0,0,0,1,400,6,70
2,1734,0,0,0,0,0,0,2,400,6,70
2,1735,0,0,0,0,0,0,1,400,7,70
2,1735,0,0,0,0,0,0,2,400,7,70
2,1736,0,0,0,0,0,0,1,400,8,70
2,1736,0,0,0,0,0,0,2,400,8,70
2,1737,0,0,0,0,0,0,1,400,9,70
2,1737,0,0,0,0,0,0,2,400,9,70
2,1738,0,0,0,0,0,0,1,400,10,70
2,1738,0,0,0,0,0,0,2,400,10,70
2,1739,0,0,0,0,0,0,1,400,11,70
2,1739,0,0,0,0,0,0,2,400,11,70
2,1740,0,0,0,0,0,0,1,400,12,70
2,1740,0,0,0,0,0,0,2,400,12,70
2,1741,0,0,0,0,0,0,1,400,13,70
2,1741,0,0,0,0,0,0,2,400,13,70
2,1742,0,0,0,0,0,0,1,400,14,70
2,1742,0,0,0,0,0,0,2,400,14,70
2,1743,0,0,0,0,0,0,1,400,15,70
2,1743,0,0,0,0,0,0,2,400,15,70
2,1744,0,0,0,0,0,0,1,400,16,70
2,1744,0,0,0,0,0,0,2,400,16,70
2,1745,0,0,0,0,0,0,1,400,17,70
2,1745,0,0,0,0,0,0,2,400,17,70
2,1746,0,0,0,0,0,0,1,400,18,70
2,1746,0,0,0,0,0,0,2,400,18,70
2,1747,0,0,0,0,0,0,1,400,19,70
2,1747,0,0,0,0,0,0,2,400,19,70
2,1748,0,0,0,0,0,0,1,400,20,70
2,1748,0,0,0,0,0,0,2,400,20,70
2,1749,0,0,0,0,0,0,1,400,21,70
2,1749,0,0,0,0,0,0,2,400,21,70
2,1750,0,0,0,0,0,0,1,400,22,70
2,1750,0,0,0,0,0,0,2,400,22,70
2,1751,0,0,0,0,0,0,1,400,23,70
2,1751,0,0,0,0,0,0,2,400,23,70
2,1752,0,0,0,0,0,0,1,400,0,70
2,1752,0,0,0,0,0,0,2,400,0,70
2,1753,0,0,0,0,0,0,1,400,1,70
2,1753,0,0,0,0,0,0,2,400,1,70
2,1754,0,0,0,0,0,0,1,400,2,70
2,1754,0,0,0,0,0,0,2,400,2,70
2,1755,0,0,0,0,0,0,1,400,3,70
2,1755,0,0,0,0,0,0,2,400,3,70
2,1756,0,0,0,0,0,0,1,400,4,70
2,1756,0,0,0,0,0,0,2,400,4,70
2,1757,0,0,0,0,0,0,1,400,5,70
2,1757,0,0,0,0,0,0,2,400,5,70
2,1758,0,0,0,0,0,0,1,400,6,70
2,1758,0,0,0,0,0,0,2,400,6,70
2,1759,0,0,0,0,0,0,1,400,7,70
2,1759,0,0,0,0,0,0,2,400,7,70
2,1760,0,0,0,0,0,0,1,400,8,70
2,1760,0,0,0,0,0,0,2,400,8,70
2,1761,0,0,0,0,0,0,1,400,9,70
2,1761,0,0,0,0,0,0,2,400,9,70
2,1762,0,0,0,0,0,0,1,400,10,70
2,1762,0,0,0,0,0,0,2,400,10,70
2,1763,0,0,0,0,0,0,1,400,11,70
2,1763,0,0,0,0,0,0,2,400,11,70
2,1764,0,0,0,0,0,0,1,400,12,70
2,1764,0,0,0,0,0,0,2,400,12,70
2,1765,0,0,0,0,0,0,1,400,13,70
2,1765,0,0,0,0,0,0,2,400,13,70
2,1766,0,0,0,0,0,0,1,400,14,70
2,1766,0,0,0,0,0,0,2,400,14,70
2,1767,0,0,0,0,0,0,1,400,15,70
2,1767,0,0,0,0,0,0,2,400,15,70
2,1768,0,0,0,0,0,0,1,400,16,70
2,1768,0,0,0,0,0,0,2,400,16,70
2,1769,0,0,0,0,0,0,1,400,17,70
2,1769,0,0,0,0,0,0,2,400,17,70
2,1770,0,0,0,0,0,0,1,400,18,70
2,1770,0,0,0,0,0,0,2,400,18,70
2,1771,0,0,0,0,0,0,1,400,19,70
2,1771,0,0,0,0,0,0,2,400,19,70
2,1772,0,0,0,0,0,0,1,400,20,70
2,1772,0,0,0,0,0,0,2,400,20,70
2,1773,0,0,0,0,0,0,1,400,21,70
2,1773,0,0,0,0,0,0,2,400,21,70
2,1774,0,0,0,0,0,0,1,400,22,70
2,1774,0,0,0,0,0,0,2,400,22,70
2,1775,0,0,0,0,0,0,1,400,23,70
2,1775,0,0,0,0,0,0,2,400,23,70
2,1776,0,0,0,0,0,0,1,400,0,70
2,1776,0,0,0,0,0,0,2,400,0,70
2,1777,0,0,0,0,0,0,1,400,1,70
2,1777,0,0,0,0,0,0,2,400,1,70
2,1778,0,0,0,0,0,0,1,400,2,70
2,1778,0,0,0,0,0,0,2,400,2,70
2,1779,0,0,0,0,0,0,1,400,3,70
2,1779,0,0,0,0,0,0,2,400,3,70
2,1780,0,0,0,0,0,0,1,400,4,70
2,1780,0,0,0,0,0,0,2,400,4,70
2,1781,0,0,0,0,0,0,1,400,5,70
2,1781,0,0,0,0,0,0,2,400,5,70
2,1782,0,0,0,0,0,0,1,400,6,70
2,1782,0,0,0,0,0,0,2,400,6,70
2,1783,0,0,0,0,0,0,1,400,7,70
2,1783,0,0,0,0,0,0,2,400,7,70
2,1784,0,0,0,0,0,0,1,400,8,70
2,1784,0,0,0,0,0,0,2,400,8,70
2,1785,0,0,0,0,0,0,1,400,9,70
2,1785,0,0,0,0,0,0,2,400,9,70
2,1786,0,0,0,0,0,0,1,400,10,70
2,1786,0,0,0,0,0,0,2,400,10,70
2,1787,0,0,0,0,0,0,1,400,11,70
2,1787,0,0,0,0,0,0,2,400,11,70
2,1788,0,0,0,0,0,0,1,400,12,70
2,1788,0,0,0,0,0,0,2,400,12,70
2,1789,0,0,0,0,0,0,1,400,13,70
2,1789,0,0,0,0,0,0,2,400,13,70
2,1790,0,0,0,0,0,0,1,400,14,70
2,1790,0,0,0,0,0,0,2,400,14,70
2,1791,0,0,0,0,0,0,1,400,15,70
2,1791,0,0,0,0,0,0,2,400,15,70
2,1792,0,0,0,0,0,0,1,400,16,70
2,1792,0,0,0,0,0,0,2,400,16,70
2,1793,0,0,0,0,0,0,1,400,17,70
2,1793,0,0,0,0,0,0,2,400,17,70
2,1794,0,0,0,0,0,0,1,400,18,70
2,1794,0,0,0,0,0,0,2,400,18,70
2,1795,0,0,0,0,0,0,1,400,19,70
2,1795,0,0,0,0,0,0,2,400,19,70
2,1796,0,0,0,0,0,0,1,400,20,70
2,1796,0,0,0,0,0,0,2,400,20,70
2,1797,0,0,0,0,0,0,1,400,21,70
2,1797,0,0,0,0,0,0,2,400,21,70
2,1798,0,0,0,0,0,0,1,400,22,70
2,1798,0,0,0,0,0,0,2,400,22,70
2,1799,0,0,0,0,0,0,1,400,23,70
2,1799,0,0,0,0,0,0,2,400,23,70
2,1800,0,0,0,0,0,0,1,400,0,70
2,1800,0,0,0,0,0,0,2,400,0,70
2,1801,0,0,0,0,0,0,1,400,1,70
2,1801,0,0,0,0,0,0,2,400,1,70
2,1802,0,0,0,0,0,0,1,400,2,70
2,1802,0,0,0,0,0,0,2,400,2,70
2,1803,0,0,0,0,0,0,1,400,3,70
2,1803,0,0,0,0,0,0,2,400,3,70
2,1804,0,0,0,0,0,0,1,400,4,70
2,1804,0,0,0,0,0,0,2,400,4,70
2,1805,0,0,0,0,0,0,1,400,5,70
2,1805,0,0,0,0,0,0,2,400,5,70
2,1806,0,0,0,0,0,0,1,400,6,70
2,1806,0,0,0,0,0,0,2,400,6,70
2,1807,0,0,0,0,0,0,1,400,7,70
2,1807,0,0,0,0,0,0,2,400,7,70
2,1808,0,0,0,0,0,0,1,400,8,70
2,1808,0,0,0,0,0,0,2,400,8,70
2,1809,0,0,0,0,0,0,1,400,9,70
2,1809,0,0,0,0,0,0,2,400,9,70
2,1810,0,0,0,0,0,0,1,400,10,70
2,1810,0,0,0,0,0,0,2,400,10,70
2,1811,0,0,0,0,0,0,1,400,11,70
2,1811,0,0,0,0,0,0,2,400,11,70
2,1812,0,0,0,0,0,0,1,400,12,70
2,1812,0,0,0,0,0,0,2,400,12,70
2,1813,0,0,0,0,0,0,1,400,13,70
2,1813,0,0,0,0,0,0,2,400,13,70
2,1814,0,0,0,0,0,0,1,400,14,70
2,1814,0,0,0,0,0,0,2,400,14,70
2,1815,0,0,0,0,0,0,1,400,15,70
2,1815,0,0,0,0,0,0,2,400,15,70
2,1816,0,0,0,0,0,0,1,400,16,70
2,1816,0,0,0,0,0,0,2,400,16,70
2,1817,0,0,0,0,0,0,1,400,17,70
2,1817,0,0,0,0,0,0,2,400,17,70
2,1818,0,0,0,0,0,0,1,400,18,70
2,1818,0,0,0,0,0,0,2,400,18,70
2,1819,0,0,0,0,0,0,1,400,19,70
2,1819,0,0,0,0,0,0,2,400,19,70
2,1820,0,0,0,0,0,0,1,400,20,70
2,1820,0,0,0,0,0,0,2,400,20,70
2,1821,0,0,0,0,0,0,1,400,21,70
2,1821,0,0,0,0,0,0,2,400,21,70
2,1822,0,0,0,0,0,0,1,400,22,70
2,1822,0,0,0,0,0,0,2,400,22,70
2,1823,0,0,0,0,0,0,1,400,23,70
2,1823,0,0,0,0,0,0,2,400,23,70
2,1824,0,0,0,0,0,0,1,400,0,70
2,1824,0,0,0,0,0,0,2,400,0,70
2,1825,0,0,0,0,0,0,1,400,1,70
2,1825,0,0,0,0,0,0,2,400,1,70
2,1826,0,0,0,0,0,0,1,400,2,70
2,1826,0,0,0,0,0,0,2,400,2,70
2,1827,0,0,0,0,0,0,1,400,3,70
2,1827,0,0,0,0,0,0,2,400,3,70
2,1828,0,0,0,0,0,0,1,400,4,70
2,1828,0,0,0,0,0,0,2,400,4,70
2,1829,0,0,0,0,0,0,1,400,5,70
2,1829,0,0,0,0,0,0,2,400,5,70
2,1830,0,0,0,0,0,0,1,400,6,70
2,1830,0,0,0,0,0,0,2,400,6,70
2,1831,0,0,0,0,0,0,1,400,7,70
2,1831,0,0,0,0,0,0,2,400,7,70
2,1832,0,0,0,0,0,0,1,400,8,70
2,1832,0,0,0,0,0,0,2,400,8,70
2,1833,0,0,0,0,0,0,1,400,9,70
2,1833,0,0,0,0,0,0,2,400,9,70
2,1834,0,0,0,0,0,0,1,400,10,70
2,1834,0,0,0,0,0,0,2,400,10,70
2,1835,0,0,0,0,0,0,1,400,11,70
2,1835,0,0,0,0,0,0,2,400,11,70
2,1836,0,0,0,0,0,0,1,400,12,70
2,1836,0,0,0,0,0,0,2,400,12,70
2,1837,0,0,0,0,0,0,1,400,13,70
2,1837,0,0,0,0,0,0,2,400,13,70
2,1838,0,0,0,0,0,0,1,400,14,70
2,1838,0,0,0,0,0,0,2,400,14,70
2,1839,0,0,0,0,0,0,1,400,15,70
2,1839,0,0,0,0,0,0,2,400,15,70
2,1840,0,0,0,0,0,0,1,400,16,70
2,1840,0,0,0,0,0,0,2,400,16,70
2,1841,0,0,0,0,0,0,1,400,17,70
2,1841,0,0,0,0,0,0,2,400,17,70
2,1842,0,0,0,0,0,0,1,400,18,70
2,1842,0,0,0,0,0,0,2,400,18,70
2,1843,0,0,0,0,0,0,1,400,19,70
2,1843,0,0,0,0,0,0,2,400,19,70
2,1844,0,0,0,0,0,0,1,400,20,70
2,1844,0,0,0,0,0,0,2,400,20,70
2,1845,0,0,0,0,0,0,1,400,21,70
2,1845,0,0,0,0,0,0,2,400,21,70
2,1846,0,0,0,0,0,0,1,400,22,70
2,1846,0,0,0,0,0,0,2,400,22,70
2,1847,0,0,0,0,0,0,1,400,23,70
2,1847,0,0,0,0,0,0,2,400,23,70
2,1848,0,0,0,0,0,0,1,400,0,70
2,1848,0,0,0,0,0,0,2,400,0,70
2,1849,0,0,0,0,0,0,1,400,1,70
2,1849,0,0,0,0,0,0,2,400,1,70
2,1850,0,0,0,0,0,0,1,400,2,70
2,1850,0,0,0,0,0,0,2,400,2,70
2,1851,0,0,0,0,0,0,1,400,3,70
2,1851,0,0,0,0,0,0,2,400,3,70
2,1852,0,0,0,0,0,0,1,400,4,70
2,1852,0,0,0,0,0,0,2,400,4,70
2,1853,0,0,0,0,0,0,1,400,5,70
2,1853,0,0,0,0,0,0,2,400,5,70
2,1854,0,0,0,0,0,0,1,400,6,70
2,1854,0,0,0,0,0,0,2,400,6,70
2,1855,0,0,0,0,0,0,1,400,7,70
2,1855,0,0,0,0,0,0,2,400,7,70
2,1856,0,0,0,0,0,0,1,400,8,70
2,1856,0,0,0,0,0,0,2,400,8,70
2,1857,0,0,0,0,0,0,1,400,9,70
2,1857,0,0,0,0,0,0,2,400,9,70
2,1858,0,0,0,0,0,0,1,400,10,70
2,1858,0,0,0,0,0,0,2,400,10,70
2,1859,0,0,0,0,0,0,1,400,11,70
2,1859,0,0,0,0,0,0,2,400,11,70
2,1860,0,0,0,0,0,0,1,400,12,70
2,1860,0,0,0,0,0,0,2,400,12,70
2,1861,0,0,0,0,0,0,1,400,13,70
2,1861,0,0,0,0,0,0,2,400,13,70
2,1862,0,0,0,0,0,0,1,400,14,70
2,1862,0,0,0,0,0,0,2,400,14,70
2,1863,0,0,0,0,0,0,1,400,15,70
2,1863,0,0,0,0,0,0,2,400,15,70
2,1864,0,0,0,0,0,0,1,400,16,70
2,1864,0,0,0,0,0,0,2,400,16,70
2,1865,0,0,0,0,0,0,1,400,17,70
2,1865,0,0,0,0,0,0,2,400,17,70
2,1866,0,0,0,0,0,0,1,400,18,70
2,1866,0,0,0,0,0,0,2,400,18,70
2,1867,0,0,0,0,0,0,1,400,19,70
2,1867,0,0,0,0,0,0,2,400,19,70
2,1868,0,0,0,0,0,0,1,400,20,70
2,1868,0,0,0,0,0,0,2,400,20,70
2,1869,0,0,0,0,0,0,1,400,21,70
2,1869,0,0,0,0,0,0,2,400,21,70
2,1870,0,0,0,0,0,0,1,400,22,70
2,1870,0,0,0,0,0,0,2,400,22,70
2,1871,0,0,0,0,0,0,1,400,23,70
2,1871,0,0,0,0,0,0,2,400,23,70
2,1872,0,0,0,0,0,0,1,400,0,70
2,1872,0,0,0,0,0,0,2,400,0,70
2,1873,0,0,0,0,0,0,1,400,1,70
2,1873,0,0,0,0,0,0,2,400,1,70
2,1874,0,0,0,0,0,0,1,400,2,70
2,1874,0,0,0,0,0,0,2,400,2,70
2,1875,0,0,0,0,0,0,1,400,3,70
2,1875,0,0,0,0,0,0,2,400,3,70
2,1876,0,0,0,0,0,0,1,400,4,70
2,1876,0,0,0,0,0,0,2,400,4,70
2,1877,0,0,0,0,0,0,1,400,5,70
2,1877,0,0,0,0,0,0,2,400,5,70
2,1878,0,0,0,0,0,0,1,400,6,70
2,1878,0,0,0,0,0,0,2,400,6,70
2,1879,0,0,0,0,0,0,1,400,7,70
2,1879,0,0,0,0,0,0,2,400,7,70
2,1880,0,0,0,0,0,0,1,400,8,70
2,1880,0,0,0,0,0,0,2,400,8,70
2,1881,0,0,0,0,0,0,1,400,9,70
2,1881,0,0,0,0,0,0,2,400,9,70
2,1882,0,0,0,0,0,0,1,400,10,70
2,1882,0,0,0,0,0,0,2,400,10,70
2,1883,0,0,0,0,0,0,1,400,11,70
2,1883,0,0,0,0,0,0,2,400,11,70
2,1884,0,0,0,0,0,0,1,400,12,70
2,1884,0,0,0,0,0,0,2,400,12,70
2,1885,0,0,0,0,0,0,1,400,13,70
2,1885,0,0,0,0,0,0,2,400,13,70
2,1886,0,0,0,0,0,0,1,400,14,70
2,1886,0,0,0,0,0,0,2,400,14,70
2,1887,0,0,0,0,0,0,1,400,15,70
2,1887,0,0,0,0,0,0,2,400,15,70
2,1888,0,0,0,0,0,0,1,400,16,70
2,1888,0,0,0,0,0,0,2,400,16,70
2,1889,0,0,0,0,0,0,1,400,17,70
2,1889,0,0,0,0,0,0,2,400,17,70
2,1890,0,0,0,0,0,0,1,400,18,70
2,1890,0,0,0,0,0,0,2,400,18,70
2,1891,0,0,0,0,0,0,1,400,19,70
2,1891,0,0,0,0,0,0,2,400,19,70
2,1892,0,0,0,0,0,0,1,400,20,70
2,1892,0,0,0,0,0,0,2,400,20,70
2,1893,0,0,0,0,0,0,1,400,21,70
2,1893,0,0,0,0,0,0,2,400,21,70
2,1894,0,0,0,0,0,0,1,400,22,70
2,1894,0,0,0,0,0,0,2,400,22,70
2,1895,0,0,0,0,0,0,1,400,23,70
2,1895,0,0,0,0,0,0,2,400,23,70
2,1896,0,0,0,0,0,0,1,400,0,70
2,1896,0,0,0,0,0,0,2,400,0,70
2,1897,0,0,0,0,0,0,1,400,1,70
2,1897,0,0,0,0,0,0,2,400,1,70
2,1898,0,0,0,0,0,0,1,400,2,70
2,1898,0,0,0,0,0,0,2,400,2,70
2,1899,0,0,0,0,0,0,1,400,3,70
2,1899,0,0,0,0,0,0,2,400,3,70
2,1900,0,0,0,0,0,0,1,400,4,70
2,1900,0,0,0,0,0,0,2,400,4,70
2,1901,0,0,0,0,0,0,1,400,5,70
2,1901,0,0,0,0,0,0,2,400,5,70
2,1902,0,0,0,0,0,0,1,400,6,70
2,1902,0,0,0,0,0,0,2,400,6,70
2,1903,0,0,0,0,0,0,1,400,7,70
2,1903,0,0,0,0,0,0,2,400,7,70
2,1904,0,0,0,0,0,0,1,400,8,70
2,1904,0,0,0,0,0,0,2,400,8,70
2,1905,0,0,0,0,0,0,1,400,9,70
2,1905,0,0,0,0,0,0,2,400,9,70
2,1906,0,0,0,0,0,0,1,400,10,70
2,1906,0,0,0,0,0,0,2,400,10,70
2,1907,0,0,0,0,0,0,1,400,11,70
2,1907,0,0,0,0,0,0,2,400,11,70
2,1908,0,0,0,0,0,0,1,400,12,70
2,1908,0,0,0,0,0,0,2,400,12,70
2,1909,0,0,0,0,0,0,1,400,13,70
2,1909,0,0,0,0,0,0,2,400,13,70
2,1910,0,0,0,0,0,0,1,400,14,70
2,1910,0,0,0,0,0,0,2,400,14,70
2,1911,0,0,0,0,0,0,1,400,15,70
2,1911,0,0,0,0,0,0,2,400,15,70
2,1912,0,0,0,0,0,0,1,400,16,70
2,1912,0,0,0,0,0,0,2,400,16,70
2,1913,0,0,0,0,0,0,1,400,17,70
2,1913,0,0,0,0,0,0,2,400,17,70
2,1914,0,0,0,0,0,0,1,400,18,70
2,1914,0,0,0,0,0,0,2,400,18,70
2,1915,0,0,0,0,0,0,1,400,19,70
2,1915,0,0,0,0,0,0,2,400,19,70
2,1916,0,0,0,0,0,0,1,400,20,70
2,1916,0,0,0,0,0,0,2,400,20,70
2,1917,0,0,0,0,0,0,1,400,21,70
2,1917,0,0,0,0,0,0,2,400,21,70
2,1918,0,0,0,0,0,0,1,400,22,70
2,1918,0,0,0,0,0,0,2,400,22,70
2,1919,0,0,0,0,0,0,1,400,23,70
2,1919,0,0,0,0,0,0,2,400,23,70
2,1920,0,0,0,0,0,0,1,400,0,70
2,1920,0,0,0,0,0,0,2,400,0,70
2,1921,0,0,0,0,0,0,1,400,1,70
2,1921,0,0,0,0,0,0,2,400,1,70
2,1922,0,0,0,0,0,0,1,400,2,70
2,1922,0,0,0,0,0,0,2,400,2,70
2,1923,0,0,0,0,0,0,1,400,3,70
2,1923,0,0,0,0,0,0,2,400,3,70
2,1924,0,0,0,0,0,0,1,400,4,70
2,1924,0,0,0,0,0,0,2,400,4,70
2,1925,0,0,0,0,0,0,1,400,5,70
2,1925,0,0,0,0,0,0,2,400,5,70
2,1926,0,0,0,0,0,0,1,400,6,70
2,1926,0,0,0,0,0,0,2,400,6,70
2,1927,0,0,0,0,0,0,1,400,7,70
2,1927,0,0,0,0,0,0,2,400,7,70
2,1928,0,0,0,0,0,0,1,400,8,70
2,1928,0,0,0,0,0,0,2,400,8,70
2,1929,0,0,0,0,0,0,1,400,9,70
2,1929,0,0,0,0,0,0,2,400,9,70
2,1930,0,0,0,0,0,0,1,400,10,70
2,1930,0,0,0,0,0,0,2,400,10,70
2,1931,0,0,0,0,0,0,1,400,11,70
2,1931,0,0,0,0,0,0,2,400,11,70
2,1932,0,0,0,0,0,0,1,400,12,70
2,1932,0,0,0,0,0,0,2,400,12,70
2,1933,0,0,0,0,0,0,1,400,13,70
2,1933,0,0,0,0,0,0,2,400,13,70
2,1934,0,0,0,0,0,0,1,400,14,70
2,1934,0,0,0,0,0,0,2,400,14,70
2,1935,0,0,0,0,0,0,1,400,15,70
2,1935,0,0,0,0,0,0,2,400,15,70
2,1936,0,0,0,0,0,0,1,400,16,70
2,1936,0,0,0,0,0,0,2,400,16,70
2,1937,0,0,0,0,0,0,1,400,17,70
2,1937,0,0,0,0,0,0,2,400,17,70
2,1938,0,0,0,0,0,0,1,400,18,70
2,1938,0,0,0,0,0,0,2,400,18,70
2,1939,0,0,0,0,0,0,1,400,19,70
2,1939,0,0,0,0,0,0,2,400,19,70
2,1940,0,0,0,0,0,0,1,400,20,70
2,1940,0,0,0,0,0,0,2,400,20,70
2,1941,0,0,0,0,0,0,1,400,21,70
2,1941,0,0,0,0,0,0,2,400,21,70
2,1942,0,0,0,0,0,0,1,400,22,70
2,1942,0,0,0,0,0,0,2,400,22,70
2,1943,0,0,0,0,0,0,1,400,23,70
2,1943,0,0,0,0,0,0,2,400,23,70
2,1944,0,0,0,0,0,0,1,400,0,70
2,1944,0,0,0,0,0,0,2,400,0,70
2,1945,0,0,0,0,0,0,1,400,1,70
2,1945,0,0,0,0,0,0,2,400,1,70
2,1946,0,0,0,0,0,0,1,400,2,70
2,1946,0,0,0,0,0,0,2,400,2,70
2,1947,0,0,0,0,0,0,1,400,3,70
2,1947,0,0,0,0,0,0,2,400,3,70
2,1948,0,0,0,0,0,0,1,400,4,70
2,1948,0,0,0,0,0,0,2,400,4,70
2,1949,0,0,0,0,0,0,1,400,5,70
2,1949,0,0,0,0,0,0,2,400,5,70
2,1950,0,0,0,0,0,0,1,400,6,70
2,1950,0,0,0,0,0,0,2,400,6,70
2,1951,0,0,0,0,0,0,1,400,7,70
2,1951,0,0,0,0,0,0,2,400,7,70
2,1952,0,0,0,0,0,0,1,400,8,70
2,1952,0,0,0,0,0,0,2,400,8,70
2,1953,0,0,0,0,0,0,1,400,9,70
2,1953,0,0,0,0,0,0,2,400,9,70
2,1954,0,0,0,0,0,0,1,400,10,70
2,1954,0,0,0,0,0,0,2,400,10,70
2,1955,0,0,0,0,0,0,1,400,11,70
2,1955,0,0,0,0,0,0,2,400,11,70
2,1956,0,0,0,0,0,0,1,400,12,70
2,1956,0,0,0,0,0,0,2,400,12,70
2,1957,0,0,0,0,0,0,1,400,13,70
2,1957,0,0,0,0,0,0,2,400,13,70
2,1958,0,0,0,0,0,0,1,400,14,70
2,1958,0,0,0,0,0,0,2,400,14,70
2,1959,0,0,0,0,0,0,1,400,15,70
2,1959,0,0,0,0,0,0,2,400,15,70
2,1960,0,0,0,0,0,0,1,400,16,70
2,1960,0,0,0,0,0,0,2,400,16,70
2,1961,0,0,0,0,0,0,1,400,17,70
2,1961,0,0,0,0,0,0,2,400,17,70
2,1962,0,0,0,0,0,0,1,400,18,70
2,1962,0,0,0,0,0,0,2,400,18,70
2,1963,0,0,0,0,0,0,1,400,19,70
2,1963,0,0,0,0,0,0,2,400,19,70
2,1964,0,0,0,0,0,0,1,400,20,70
2,1964,0,0,0,0,0,0,2,400,20,70
2,1965,0,0,0,0,0,0,1,400,21,70
2,1965,0,0,0,0,0,0,2,400,21,70
2,1966,0,0,0,0,0,0,1,400,22,70
2,1966,0,0,0,0,0,0,2,400,22,70
2,1967,0,0,0,0,0,0,1,400,23,70
2,1967,0,0,0,0,0,0,2,400,23,70
2,1968,0,0,0,0,0,0,1,400,0,70
2,1968,0,0,0,0,0,0,2,400,0,70
2,1969,0,0,0,0,0,0,1,400,1,70
2,1969,0,0,0,0,0,0,2,400,1,70
2,1970,0,0,0,0,0,0,1,400,2,70
2,1970,0,0,0,0,0,0,2,400,2,70
2,1971,0,0,0,0,0,0,1,400,3,70
2,1971,0,0,0,0,0,0,2,400,3,70
2,1972,0,0,0,0,0,0,1,400,4,70
2,1972,0,0,0,0,0,0,2,400,4,70
2,1973,0,0,0,0,0,0,1,400,5,70
2,1973,0,0,0,0,0,0,2,400,5,70
2,1974,0,0,0,0,0,0,1,400,6,70
2,1974,0,0,0,0,0,0,2,400,6,70
2,1975,0,0,0,0,0,0,1,400,7,70
2,1975,0,0,0,0,0,0,2,400,7,70
2,1976,0,0,0,0,0,0,1,400,8,70
2,1976,0,0,0,0,0,0,2,400,8,70
2,1977,0,0,0,0,0,0,1,400,9,70
2,1977,0,0,0,0,0,0,2,400,9,70
2,1978,0,0,0,0,0,0,1,400,10,70
2,1978,0,0,0,0,0,0,2,400,10,70
2,1979,0,0,0,0,0,0,1,400,11,70
2,1979,0,0,0,0,0,0,2,400,11,70
2,1980,0,0,0,0,0,0,1,400,12,70
2,1980,0,0,0,0,0,0,2,400,12,70
2,1981,0,0,0,0,0,0,1,400,13,70
2,1981,0,0,0,0,0,0,2,400,13,70
2,1982,0,0,0,0,0,0,1,400,14,70
2,1982,0,0,0,0,0,0,2,400,14,70
2,1983,0,0,0,0,0,0,1,400,15,70
2,1983,0,0,0,0,0,0,2,400,15,70
2,1984,0,0,0,0,0,0,1,400,16,70
2,1984,0,0,0,0,0,0,2,400,16,70
2,1985,0,0,0,0,0,0,1,400,17,70
2,1985,0,0,0,0,0,0,2,400,17,70
2,1986,0,0,0,0,0,0,1,400,18,70
2,1986,0,0,0,0,0,0,2,400,18,70
2,1987,0,0,0,0,0,0,1,400,19,70
2,1987,0,0,0,0,0,0,2,400,19,70
2,1988,0,0,0,0,0,0,1,400,20,70
2,1988,0,0,0,0,0,0,2,400,20,70
2,1989,0,0,0,0,0,0,1,400,21,70
2,1989,0,0,0,0,0,0,2,400,21,70
2,1990,0,0,0,0,0,0,1,400,22,70
2,1990,0,0,0,0,0,0,2,400,22,70
2,1991,0,0,0,0,0,0,1,400,23,70
2,1991,0,0,0,0,0,0,2,400,23,70
2,1992,0,0,0,0,0,0,1,400,0,70
2,1992,0,0,0,0,0,0,2,400,0,70
2,1993,0,0,0,0,0,0,1,400,1,70
2,1993,0,0,0,0,0,0,2,400,1,70
2,1994,0,0,0,0,0,0,1,400,2,70
2,1994,0,0,0,0,0,0,2,400,2,70
2,1995,0,0,0,0,0,0,1,400,3,70
2,1995,0,0,0,0,0,0,2,400,3,70
2,1996,0,0,0,0,0,0,1,400,4,70
2,1996,0,0,0,0,0,0,2,400,4,70
2,1997,0,0,0,0,0,0,1,400,5,70
2,1997,0,0,0,0,0,0,2,400,5,70
2,1998,0,0,0,0,0,0,1,400,6,70
2,1998,0,0,0,0,0,0,2,400,6,70
2,1999,0,0,0,0,0,0,1,400,7,70
2,1999,0,0,0,0,0,0,2,400,7,70
2,2000,0,0,0,0,0,0,1,400,8,70
2,2000,0,0,0,0,0,0,2,400,8,70
2,2001,0,0,0,0,0,0,1,400,9,70
2,2001,0,0,0,0,0,0,2,400,9,70
2,2002,0,0,0,0,0,0,1,400,10,70
2,2002,0,0,0,0,0,0,2,400,10,70
2,2003,0,0,0,0,0,0,1,400,11,70
2,2003,0,0,0,0,0,0,2,400,11,70
2,2004,0,0,0,0,0,0,1,400,12,70
2,2004,0,0,0,0,0,0,2,400,12,70
2,2005,0,0,0,0,0,0,1,400,13,70
2,2005,0,0,0,0,0,0,2,400,13,70
2,2006,0,0,0,0,0,0,1,400,14,70
2,2006,0,0,0,0,0,0,2,400,14,70
2,2007,0,0,0,0,0,0,1,400,15,70
2,2007,0,0,0,0,0,0,2,400,15,70
2,2008,0,0,0,0,0,0,1,400,16,70
2,2008,0,0,0,0,0,0,2,400,16,70
2,2009,0,0,0,0,0,0,1,400,17,70
2,2009,0,0,0,0,0,0,2,400,17,70
2,2010,0,0,0,0,0,0,1,400,18,70
2,2010,0,0,0,0,0,0,2,400,18,70
2,2011,0,0,0,0,0,0,1,400,19,70
2,2011,0,0,0,0,0,0,2,400,19,70
2,2012,0,0,0,0,0,0,1,400,20,70
2,2012,0,0,0,0,0,0,2,400,20,70
2,2013,0,0,0,0,0,0,1,400,21,70
2,2013,0,0,0,0,0,0,2,400,21,70
2,2014,0,0,0,0,0,0,1,400,22,70
2,2014,0,0,0,0,0,0,2,400,22,70
2,2015,0,0,0,0,0,0,1,400,23,70
2,2015,0,0,0,0,0,0,2,400,23,70
2,2016,0,0,0,0,0,0,1,400,0,70
2,2016,0,0,0,0,0,0,2,400,0,70
2,2017,0,0,0,0,0,0,1,400,1,70
2,2017,0,0,0,0,0,0,2,400,1,70
2,2018,0,0,0,0,0,0,1,400,2,70
2,2018,0,0,0,0,0,0,2,400,2,70
2,2019,0,0,0,0,0,0,1,400,3,70
2,2019,0,0,0,0,0,0,2,400,3,70
2,2020,0,0,0,0,0,0,1,400,4,70
2,2020,0,0,0,0,0,0,2,400,4,70
2,2021,0,0,0,0,0,0,1,400,5,70
2,2021,0,0,0,0,0,0,2,400,5,70
2,2022,0,0,0,0,0,0,1,400,6,70
2,2022,0,0,0,0,0,0,2,400,6,70
2,2023,0,0,0,0,0,0,1,400,7,70
2,2023,0,0,0,0,0,0,2,400,7,70
2,2024,0,0,0,0,0,0,1,400,8,70
2,2024,0,0,0,0,0,0,2,400,8,70
2,2025,0,0,0,0,0,0,1,400,9,70
2,2025,0,0,0,0,0,0,2,400,9,70
2,2026,0,0,0,0,0,0,1,400,10,70
2,2026,0,0,0,0,0,0,2,400,10,70
2,2027,0,0,0,0,0,0,1,400,11,70
2,2027,0,0,0,0,0,0,2,400,11,70
2,2028,0,0,0,0,0,0,1,400,12,70
2,2028,0,0,0,0,0,0,2,400,12,70
2,2029,0,0,0,0,0,0,1,400,13,70
2,2029,0,0,0,0,0,0,2,400,13,70
2,2030,0,0,0,0,0,0,1,400,14,70
2,2030,0,0,0,0,0,0,2,400,14,70
2,2031,0,0,0,0,0,0,1,400,15,70
2,2031,0,0,0,0,0,0,2,400,15,70
2,2032,0,0,0,0,0,0,1,400,16,70
2,2032,0,0,0,0,0,0,2,400,16,70
2,2033,0,0,0,0,0,0,1,400,17,70
2,2033,0,0,0,0,0,0,2,400,17,70
2,2034,0,0,0,0,0,0,1,400,18,70
2,2034,0,0,0,0,0,0,2,400,18,70
2,2035,0,0,0,0,0,0,1,400,19,70
2,2035,0,0,0,0,0,0,2,400,19,70
2,2036,0,0,0,0,0,0,1,400,20,70
2,2036,0,0,0,0,0,0,2,400,20,70
2,2037,0,0,0,0,0,0,1,400,21,70
2,2037,0,0,0,0,0,0,2,400,21,70
2,2038,0,0,0,0,0,0,1,400,22,70
2,2038,0,0,0,0,0,0,2,400,22,70
2,2039,0,0,0,0,0,0,1,400,23,70
2,2039,0,0,0,0,0,0,2,400,23,70
2,2040,0,0,0,0,0,0,1,400,0,70
2,2040,0,0,0,0,0,0,2,400,0,70
2,2041,0,0,0,0,0,0,1,400,1,70
2,2041,0,0,0,0,0,0,2,400,1,70
2,2042,0,0,0,0,0,0,1,400,2,70
2,2042,0,0,0,0,0,0,2,400,2,70
2,2043,0,0,0,0,0,0,1,400,3,70
2,2043,0,0,0,0,0,0,2,400,3,70
2,2044,0,0,0,0,0,0,1,400,4,70
2,2044,0,0,0,0,0,0,2,400,4,70
2,2045,0,0,0,0,0,0,1,400,5,70
2,2045,0,0,0,0,0,0,2,400,5,70
2,2046,0,0,0,0,0,0,1,400,6,70
2,2046,0,0,0,0,0,0,2,400,6,70
2,2047,0,0,0,0,0,0,1,400,7,70
2,2047,0,0,0,0,0,0,2,400,7,70
2,2048,0,0,0,0,0,0,1,400,8,70
2,2048,0,0,0,0,0,0,2,400,8,70
2,2049,0,0,0,0,0,0,1,400,9,70
2,2049,0,0,0,0,0,0,2,400,9,70
2,2050,0,0,0,0,0,0,1,400,10,70
2,2050,0,0,0,0,0,0,2,400,10,70
2,2051,0,0,0,0,0,0,1,400,11,70
2,2051,0,0,0,0,0,0,2,400,11,70
2,2052,0,0,0,0,0,0,1,400,12,70
2,2052,0,0,0,0,0,0,2,400,12,70
2,2053,0,0,0,0,0,0,1,400,13,70
2,2053,0,0,0,0,0,0,2,400,13,70
2,2054,0,0,0,0,0,0,1,400,14,70
2,2054,0,0,0,0,0,0,2,400,14,70
2,2055,0,0,0,0,0,0,1,400,15,70
2,2055,0,0,0,0,0,0,2,400,15,70
2,2056,0,0,0,0,0,0,1,400,16,70
2,2056,0,0,0,0,0,0,2,400,16,70
2,2057,0,0,0,0,0,0,1,400,17,70
2,2057,0,0,0,0,0,0,2,400,17,70
2,2058,0,0,0,0,0,0,1,400,18,70
2,2058,0,0,0,0,0,0,2,400,18,70
2,2059,0,0,0,0,0,0,1,400,19,70
2,2059,0,0,0,0,0,0,2,400,19,70
2,2060,0,0,0,0,0,0,1,400,20,70
2,2060,0,0,0,0,0,0,2,400,20,70
2,2061,0,0,0,0,0,0,1,400,21,70
2,2061,0,0,0,0,0,0,2,400,21,70
2,2062,0,0,0,0,0,0,1,400,22,70
2,2062,0,0,0,0,0,0,2,400,22,70
2,2063,0,0,0,0,0,0,1,400,23,70
2,2063,0,0,0,0,0,0,2,400,23,70
2,2064,0,0,0,0,0,0,1,400,0,70
2,2064,0,0,0,0,0,0,2,400,0,70
2,2065,0,0,0,0,0,0,1,400,1,70
2,2065,0,0,0,0,0,0,2,400,1,70
2,2066,0,0,0,0,0,0,1,400,2,70
2,2066,0,0,0,0,0,0,2,400,2,70
2,2067,0,0,0,0,0,0,1,400,3,70
2,2067,0,0,0,0,0,0,2,400,3,70
2,2068,0,0,0,0,0,0,1,400,4,70
2,2068,0,0,0,0,0,0,2,400,4,70
2,2069,0,0,0,0,0,0,1,400,5,70
2,2069,0,0,0,0,0,0,2,400,5,70
2,2070,0,0,0,0,0,0,1,400,6,70
2,2070,0,0,0,0,0,0,2,400,6,70
2,2071,0,0,0,0,0,0,1,400,7,70
2,2071,0,0,0,0,0,0,2,400,7,70
2,2072,0,0,0,0,0,0,1,400,8,70
2,2072,0,0,0,0,0,0,2,400,8,70
2,2073,0,0,0,0,0,0,1,400,9,70
2,2073,0,0,0,0,0,0,2,400,9,70
2,2074,0,0,0,0,0,0,1,400,10,70
2,2074,0,0,0,0,0,0,2,400,10,70
2,2075,0,0,0,0,0,0,1,400,11,70
2,2075,0,0,0,0,0,0,2,400,11,70
2,2076,0,0,0,0,0,0,1,400,12,70
2,2076,0,0,0,0,0,0,2,400,12,70
2,2077,0,0,0,0,0,0,1,400,13,70
2,2077,0,0,0,0,0,0,2,400,13,70
2,2078,0,0,0,0,0,0,1,400,14,70
2,2078,0,0,0,0,0,0,2,400,14,70
2,2079,0,0,0,0,0,0,1,400,15,70
2,2079,0,0,0,0,0,0,2,400,15,70
2,2080,0,0,0,0,0,0,1,400,16,70
2,2080,0,0,0,0,0,0,2,400,16,70
2,2081,0,0,0,0,0,0,1,400,17,70
2,2081,0,0,0,0,0,0,2,400,17,70
2,2082,0,0,0,0,0,0,1,400,18,70
2,2082,0,0,0,0,0,0,2,400,18,70
2,2083,0,0,0,0,0,0,1,400,19,70
2,2083,0,0,0,0,0,0,2,400,19,70
2,2084,0,0,0,0,0,0,1,400,20,70
2,2084,0,0,0,0,0,0,2,400,20,70
2,2085,0,0,0,0,0,0,1,400,21,70
2,2085,0,0,0,0,0,0,2,400,21,70
2,2086,0,0,0,0,0,0,1,400,22,70
2,2086,0,0,0,0,0,0,2,400,22,70
2,2087,0,0,0,0,0,0,1,400,23,70
2,2087,0,0,0,0,0,0,2,400,23,70
2,2088,0,0,0,0,0,0,1,400,0,70
2,2088,0,0,0,0,0,0,2,400,0,70
2,2089,0,0,0,0,0,0,1,400,1,70
2,2089,0,0,0,0,0,0,2,400,1,70
2,2090,0,0,0,0,0,0,1,400,2,70
2,2090,0,0,0,0,0,0,2,400,2,70
2,2091,0,0,0,0,0,0,1,400,3,70
2,2091,0,0,0,0,0,0,2,400,3,70
2,2092,0,0,0,0,0,0,1,400,4,70
2,2092,0,0,0,0,0,0,2,400,4,70
2,2093,0,0,0,0,0,0,1,400,5,70
2,2093,0,0,0,0,0,0,2,400,5,70
2,2094,0,0,0,0,0,0,1,400,6,70
2,2094,0,0,0,0,0,0,2,400,6,70
2,2095,0,0,0,0,0,0,1,400,7,70
2,2095,0,0,0,0,0,0,2,400,7,70
2,2096,0,0,0,0,0,0,1,400,8,70
2,2096,0,0,0,0,0,0,2,400,8,70
2,2097,0,0,0,0,0,0,1,400,9,70
2,2097,0,0,0,0,0,0,2,400,9,70
2,2098,0,0,0,0,0,0,1,400,10,70
2,2098,0,0,0,0,0,0,2,400,10,70
2,2099,0,0,0,0,0,0,1,400,11,70
2,2099,0,0,0,0,0,0,2,400,11,70
2,2100,0,0,0,0,0,0,1,400,12,70
2,2100,0,0,0,0,0,0,2,400,12,70
2,2101,0,0,0,0,0,0,1,400,13,70
2,2101,0,0,0,0,0,0,2,400,13,70
2,2102,0,0,0,0,0,0,1,400,14,70
2,2102,0,0,0,0,0,0,2,400,14,70
2,2103,0,0,0,0,0,0,1,400,15,70
2,2103,0,0,0,0,0,0,2,400,15,70
2,2104,0,0,0,0,0,0,1,400,16,70
2,2104,0,0,0,0,0,0,2,400,16,70
2,2105,0,0,0,0,0,0,1,400,17,70
2,2105,0,0,0,0,0,0,2,400,17,70
2,2106,0,0,0,0,0,0,1,400,18,70
2,2106,0,0,0,0,0,0,2,400,18,70
2,2107,0,0,0,0,0,0,1,400,19,70
2,2107,0,0,0,0,0,0,2,400,19,70
2,2108,0,0,0,0,0,0,1,400,20,70
2,2108,0,0,0,0,0,0,2,400,20,70
2,2109,0,0,0,0,0,0,1,400,21,70
2,2109,0,0,0,0,0,0,2,400,21,70
2,2110,0,0,0,0,0,0,1,400,22,70
2,2110,0,0,0,0,0,0,2,400,22,70
2,2111,0,0,0,0,0,0,1,400,23,70
2,2111,0,0,0,0,0,0,2,400,23,70
2,2112,0,0,0,0,0,0,1,400,0,70
2,2112,0,0,0,0,0,0,2,400,0,70
2,2113,0,0,0,0,0,0,1,400,1,70
2,2113,0,0,0,0,0,0,2,400,1,70
2,2114,0,0,0,0,0,0,1,400,2,70
2,2114,0,0,0,0,0,0,2,400,2,70
2,2115,0,0,0,0,0,0,1,400,3,70
2,2115,0,0,0,0,0,0,2,400,3,70
2,2116,0,0,0,0,0,0,1,400,4,70
2,2116,0,0,0,0,0,0,2,400,4,70
2,2117,0,0,0,0,0,0,1,400,5,70
2,2117,0,0,0,0,0,0,2,400,5,70
2,2118,0,0,0,0,0,0,1,400,6,70
2,2118,0,0,0,0,0,0,2,400,6,70
2,2119,0,0,0,0,0,0,1,400,7,70
2,2119,0,0,0,0,0,0,2,400,7,70
2,2120,0,0,0,0,0,0,1,400,8,70
2,2120,0,0,0,0,0,0,2,400,8,70
2,2121,0,0,0,0,0,0,1,400,9,70
2,2121,0,0,0,0,0,0,2,400,9,70
2,2122,0,0,0,0,0,0,1,400,10,70
2,2122,0,0,0,0,0,0,2,400,10,70
2,2123,0,0,0,0,0,0,1,400,11,70
2,2123,0,0,0,0,0,0,2,400,11,70
2,2124,0,0,0,0,0,0,1,400,12,70
2,2124,0,0,0,0,0,0,2,400,12,70
2,2125,0,0,0,0,0,0,1,400,13,70
2,2125,0,0,0,0,0,0,2,400,13,70
2,2126,0,0,0,0,0,0,1,400,14,70
2,2126,0,0,0,0,0,0,2,400,14,70
2,2127,0,0,0,0,0,0,1,400,15,70
2,2127,0,0,0,0,0,0,2,400,15,70
2,2128,0,0,0,0,0,0,1,400,16,70
2,2128,0,0,0,0,0,0,2,400,16,70
2,2129,0,0,0,0,0,0,1,400,17,70
2,2129,0,0,0,0,0,0,2,400,17,70
2,2130,0,0,0,0,0,0,1,400,18,70
2,2130,0,0,0,0,0,0,2,400,18,70
2,2131,0,0,0,0,0,0,1,400,19,70
2,2131,0,0,0,0,0,0,2,400,19,70
2,2132,0,0,0,0,0,0,1,400,20,70
2,2132,0,0,0,0,0,0,2,400,20,70
2,2133,0,0,0,0,0,0,1,400,21,70
2,2133,0,0,0,0,0,0,2,400,21,70
2,2134,0,0,0,0,0,0,1,400,22,70
2,2134,0,0,0,0,0,0,2,400,22,70
2,2135,0,0,0,0,0,0,1,400,23,70
2,2135,0,0,0,0,0,0,2,400,23,70
2,2136,0,0,0,0,0,0,1,400,0,70
2,2136,0,0,0,0,0,0,2,400,0,70
2,2137,0,0,0,0,0,0,1,400,1,70
2,2137,0,0,0,0,0,0,2,400,1,70
2,2138,0,0,0,0,0,0,1,400,2,70
2,2138,0,0,0,0,0,0,2,400,2,70
2,2139,0,0,0,0,0,0,1,400,3,70
2,2139,0,0,0,0,0,0,2,400,3,70
2,2140,0,0,0,0,0,0,1,400,4,70
2,2140,0,0,0,0,0,0,2,400,4,70
2,2141,0,0,0,0,0,0,1,400,5,70
2,2141,0,0,0,0,0,0,2,400,5,70
2,2142,0,0,0,0,0,0,1,400,6,70
2,2142,0,0,0,0,0,0,2,400,6,70
2,2143,0,0,0,0,0,0,1,400,7,70
2,2143,0,0,0,0,0,0,2,400,7,70
2,2144,0,0,0,0,0,0,1,400,8,70
2,2144,0,0,0,0,0,0,2,400,8,70
2,2145,0,0,0,0,0,0,1,400,9,70
2,2145,0,0,0,0,0,0,2,400,9,70
2,2146,0,0,0,0,0,0,1,400,10,70
2,2146,0,0,0,0,0,0,2,400,10,70
2,2147,0,0,0,0,0,0,1,400,11,70
2,2147,0,0,0,0,0,0,2,400,11,70
2,2148,0,0,0,0,0,0,1,400,12,70
2,2148,0,0,0,0,0,0,2,400,12,70
2,2149,0,0,0,0,0,0,1,400,13,70
2,2149,0,0,0,0,0,0,2,400,13,70
2,2150,0,0,0,0,0,0,1,400,14,70
2,2150,0,0,0,0,0,0,2,400,14,70
2,2151,0,0,0,0,0,0,1,400,15,70
2,2151,0,0,0,0,0,0,2,400,15,70
2,2152,0,0,0,0,0,0,1,400,16,70
2,2152,0,0,0,0,0,0,2,400,16,70
2,2153,0,0,0,0,0,0,1,400,17,70
2,2153,0,0,0,0,0,0,2,400,17,70
2,2154,0,0,0,0,0,0,1,400,18,70
2,2154,0,0,0,0,0,0,2,400,18,70
2,2155,0,0,0,0,0,0,1,400,19,70
2,2155,0,0,0,0,0,0,2,400,19,70
2,2156,0,0,0,0,0,0,1,400,20,70
2,2156,0,0,0,0,0,0,2,400,20,70
2,2157,0,0,0,0,0,0,1,400,21,70
2,2157,0,0,0,0,0,0,2,400,21,70
2,2158,0,0,0,0,0,0,1,400,22,70
2,2158,0,0,0,0,0,0,2,400,22,70
2,2159,0,0,0,0,0,0,1,400,23,70
2,2159,0,0,0,0,0,0,2,400,23,70
2,2160,0,0,0,0,0,0,1,400,0,70
2,2160,0,0,0,0,0,0,2,400,0,70
2,2161,0,0,0,0,0,0,1,400,1,70
2,2161,0,0,0,0,0,0,2,400,1,70
2,2162,0,0,0,0,0,0,1,400,2,70
2,2162,0,0,0,0,0,0,2,400,2,70
2,2163,0,0,0,0,0,0,1,400,3,70
2,2163,0,0,0,0,0,0,2,400,3,70
2,2164,0,0,0,0,0,0,1,400,4,70
2,2164,0,0,0,0,0,0,2,400,4,70
2,2165,0,0,0,0,0,0,1,400,5,70
2,2165,0,0,0,0,0,0,2,400,5,70
2,2166,0,0,0,0,0,0,1,400,6,70
2,2166,0,0,0,0,0,0,2,400,6,70
2,2167,0,0,0,0,0,0,1,400,7,70
2,2167,0,0,0,0,0,0,2,400,7,70
2,2168,0,0,0,0,0,0,1,400,8,70
2,2168,0,0,0,0,0,0,2,400,8,70
2,2169,0,0,0,0,0,0,1,400,9,70
2,2169,0,0,0,0,0,0,2,400,9,70
2,2170,0,0,0,0,0,0,1,400,10,70
2,2170,0,0,0,0,0,0,2,400,10,70
2,2171,0,0,0,0,0,0,1,400,11,70
2,2171,0,0,0,0,0,0,2,400,11,70
2,2172,0,0,0,0,0,0,1,400,12,70
2,2172,0,0,0,0,0,0,2,400,12,70
2,2173,0,0,0,0,0,0,1,400,13,70
2,2173,0,0,0,0,0,0,2,400,13,70
2,2174,0,0,0,0,0,0,1,400,14,70
2,2174,0,0,0,0,0,0,2,400,14,70
2,2175,0,0,0,0,0,0,1,400,15,70
2,2175,0,0,0,0,0,0,2,400,15,70
2,2176,0,0,0,0,0,0,1,400,16,70
2,2176,0,0,0,0,0,0,2,400,16,70
2,2177,0,0,0,0,0,0,1,400,17,70
2,2177,0,0,0,0,0,0,2,400,17,70
2,2178,0,0,0,0,0,0,1,400,18,70
2,2178,0,0,0,0,0,0,2,400,18,70
2,2179,0,0,0,0,0,0,1,400,19,70
2,2179,0,0,0,0,0,0,2,400,19,70
2,2180,0,0,0,0,0,0,1,400,20,70
2,2180,0,0,0,0,0,0,2,400,20,70
2,2181,0,0,0,0,0,0,1,400,21,70
2,2181,0,0,0,0,0,0,2,400,21,70
2,2182,0,0,0,0,0,0,1,400,22,70
2,2182,0,0,0,0,0,0,2,400,22,70
2,2183,0,0,0,0,0,0,1,400,23,70
2,2183,0,0,0,0,0,0,2,400,23,70
2,2184,0,0,0,0,0,0,1,400,0,70
2,2184,0,0,0,0,0,0,2,400,0,70
2,2185,0,0,0,0,0,0,1,400,1,70
2,2185,0,0,0,0,0,0,2,400,1,70
2,2186,0,0,0,0,0,0,1,400,2,70
2,2186,0,0,0,0,0,0,2,400,2,70
2,2187,0,0,0,0,0,0,1,400,3,70
2,2187,0,0,0,0,0,0,2,400,3,70
2,2188,0,0,0,0,0,0,1,400,4,70
2,2188,0,0,0,0,0,0,2,400,4,70
2,2189,0,0,0,0,0,0,1,400,5,70
2,2189,0,0,0,0,0,0,2,400,5,70
2,2190,0,0,0,0,0,0,1,400,6,70
2,2190,0,0,0,0,0,0,2,400,6,70
2,2191,0,0,0,0,0,0,1,400,7,70
2,2191,0,0,0,0,0,0,2,400,7,70
2,2192,0,0,0,0,0,0,1,400,8,70
2,2192,0,0,0,0,0,0,2,400,8,70
2,2193,0,0,0,0,0,0,1,400,9,70
2,2193,0,0,0,0,0,0,2,400,9,70
2,2194,0,0,0,0,0,0,1,400,10,70
2,2194,0,0,0,0,0,0,2,400,10,70
2,2195,0,0,0,0,0,0,1,400,11,70
2,2195,0,0,0,0,0,0,2,400,11,70
2,2196,0,0,0,0,0,0,1,400,12,70
2,2196,0,0,0,0,0,0,2,400,12,70
2,2197,0,0,0,0,0,0,1,400,13,70
2,2197,0,0,0,0,0,0,2,400,13,70
2,2198,0,0,0,0,0,0,1,400,14,70
2,2198,0,0,0,0,0,0,2,400,14,70
2,2199,0,0,0,0,0,0,1,400,15,70
2,2199,0,0,0,0,0,0,2,400,15,70
2,2200,0,0,0,0,0,0,1,400,16,70
2,2200,0,0,0,0,0,0,2,400,16,70
2,2201,0,0,0,0,0,0,1,400,17,70
2,2201,0,0,0,0,0,0,2,400,17,70
2,2202,0,0,0,0,0,0,1,400,18,70
2,2202,0,0,0,0,0,0,2,400,18,70
2,2203,0,0,0,0,0,0,1,400,19,70
2,2203,0,0,0,0,0,0,2,400,19,70
2,2204,0,0,0,0,0,0,1,400,20,70
2,2204,0,0,0,0,0,0,2,400,20,70
2,2205,0,0,0,0,0,0,1,400,21,70
2,2205,0,0,0,0,0,0,2,400,21,70
2,2206,0,0,0,0,0,0,1,400,22,70
2,2206,0,0,0,0,0,0,2,400,22,70
2,2207,0,0,0,0,0,0,1,400,23,70
2,2207,0,0,0,0,0,0,2,400,23,70
2,2208,0,0,0,0,0,0,1,400,0,70
2,2208,0,0,0,0,0,0,2,400,0,70
2,2209,0,0,0,0,0,0,1,400,1,70
2,2209,0,0,0,0,0,0,2,400,1,70
2,2210,0,0,0,0,0,0,1,400,2,70
2,2210,0,0,0,0,0,0,2,400,2,70
2,2211,0,0,0,0,0,0,1,400,3,70
2,2211,0,0,0,0,0,0,2,400,3,70
2,2212,0,0,0,0,0,0,1,400,4,70
2,2212,0,0,0,0,0,0,2,400,4,70
2,2213,0,0,0,0,0,0,1,400,5,70
2,2213,0,0,0,0,0,0,2,400,5,70
2,2214,0,0,0,0,0,0,1,400,6,70
2,2214,0,0,0,0,0,0,2,400,6,70
2,2215,0,0,0,0,0,0,1,400,7,70
2,2215,0,0,0,0,0,0,2,400,7,70
2,2216,0,0,0,0,0,0,1,400,8,70
2,2216,0,0,0,0,0,0,2,400,8,70
2,2217,0,0,0,0,0,0,1,400,9,70
2,2217,0,0,0,0,0,0,2,400,9,70
2,2218,0,0,0,0,0,0,1,400,10,70
2,2218,0,0,0,0,0,0,2,400,10,70
2,2219,0,0,0,0,0,0,1,400,11,70
2,2219,0,0,0,0,0,0,2,400,11,70
2,2220,0,0,0,0,0,0,1,400,12,70
2,2220,0,0,0,0,0,0,2,400,12,70
2,2221,0,0,0,0,0,0,1,400,13,70
2,2221,0,0,0,0,0,0,2,400,13,70
2,2222,0,0,0,0,0,0,1,400,14,70
2,2222,0,0,0,0,0,0,2,400,14,70
2,2223,0,0,0,0,0,0,1,400,15,70
2,2223,0,0,0,0,0,0,2,400,15,70
2,2224,0,0,0,0,0,0,1,400,16,70
2,2224,0,0,0,0,0,0,2,400,16,70
2,2225,0,0,0,0,0,0,1,400,17,70
2,2225,0,0,0,0,0,0,2,400,17,70
2,2226,0,0,0,0,0,0,1,400,18,70
2,2226,0,0,0,0,0,0,2,400,18,70
2,2227,0,0,0,0,0,0,1,400,19,70
2,2227,0,0,0,0,0,0,2,400,19,70
2,2228,0,0,0,0,0,0,1,400,20,70
2,2228,0,0,0,0,0,0,2,400,20,70
2,2229,0,0,0,0,0,0,1,400,21,70
2,2229,0,0,0,0,0,0,2,400,21,70
2,2230,0,0,0,0,0,0,1,400,22,70
2,2230,0,0,0,0,0,0,2,400,22,70
2,2231,0,0,0,0,0,0,1,400,23,70
2,2231,0,0,0,0,0,0,2,400,23,70
2,2232,0,0,0,0,0,0,1,400,0,70
2,2232,0,0,0,0,0,0,2,400,0,70
2,2233,0,0,0,0,0,0,1,400,1,70
2,2233,0,0,0,0,0,0,2,400,1,70
2,2234,0,0,0,0,0,0,1,400,2,70
2,2234,0,0,0,0,0,0,2,400,2,70
2,2235,0,0,0,0,0,0,1,400,3,70
2,2235,0,0,0,0,0,0,2,400,3,70
2,2236,0,0,0,0,0,0,1,400,4,70
2,2236,0,0,0,0,0,0,2,400,4,70
2,2237,0,0,0,0,0,0,1,400,5,70
2,2237,0,0,0,0,0,0,2,400,5,70
2,2238,0,0,0,0,0,0,1,400,6,70
2,2238,0,0,0,0,0,0,2,400,6,70
2,2239,0,0,0,0,0,0,1,400,7,70
2,2239,0,0,0,0,0,0,2,400,7,70
2,2240,0,0,0,0,0,0,1,400,8,70
2,2240,0,0,0,0,0,0,2,400,8,70
2,2241,0,0,0,0,0,0,1,400,9,70
2,2241,0,0,0,0,0,0,2,400,9,70
2,2242,0,0,0,0,0,0,1,400,10,70
2,2242,0,0,0,0,0,0,2,400,10,70
2,2243,0,0,0,0,0,0,1,400,11,70
2,2243,0,0,0,0,0,0,2,400,11,70
2,2244,0,0,0,0,0,0,1,400,12,70
2,2244,0,0,0,0,0,0,2,400,12,70
2,2245,0,0,0,0,0,0,1,400,13,70
2,2245,0,0,0,0,0,0,2,400,13,70
2,2246,0,0,0,0,0,0,1,400,14,70
2,2246,0,0,0,0,0,0,2,400,14,70
2,2247,0,0,0,0,0,0,1,400,15,70
2,2247,0,0,0,0,0,0,2,400,15,70
2,2248,0,0,0,0,0,0,1,400,16,70
2,2248,0,0,0,0,0,0,2,400,16,70
2,2249,0,0,0,0,0,0,1,400,17,70
2,2249,0,0,0,0,0,0,2,400,17,70
2,2250,0,0,0,0,0,0,1,400,18,70
2,2250,0,0,0,0,0,0,2,400,18,70
2,2251,0,0,0,0,0,0,1,400,19,70
2,2251,0,0,0,0,0,0,2,400,19,70
2,2252,0,0,0,0,0,0,1,400,20,70
2,2252,0,0,0,0,0,0,2,400,20,70
2,2253,0,0,0,0,0,0,1,400,21,70
2,2253,0,0,0,0,0,0,2,400,21,70
2,2254,0,0,0,0,0,0,1,400,22,70
2,2254,0,0,0,0,0,0,2,400,22,70
2,2255,0,0,0,0,0,0,1,400,23,70
2,2255,0,0,0,0,0,0,2,400,23,70
2,2256,0,0,0,0,0,0,1,400,0,70
2,2256,0,0,0,0,0,0,2,400,0,70
2,2257,0,0,0,0,0,0,1,400,1,70
2,2257,0,0,0,0,0,0,2,400,1,70
2,2258,0,0,0,0,0,0,1,400,2,70
2,2258,0,0,0,0,0,0,2,400,2,70
2,2259,0,0,0,0,0,0,1,400,3,70
2,2259,0,0,0,0,0,0,2,400,3,70
2,2260,0,0,0,0,0,0,1,400,4,70
2,2260,0,0,0,0,0,0,2,400,4,70
2,2261,0,0,0,0,0,0,1,400,5,70
2,2261,0,0,0,0,0,0,2,400,5,70
2,2262,0,0,0,0,0,0,1,400,6,70
2,2262,0,0,0,0,0,0,2,400,6,70
2,2263,0,0,0,0,0,0,1,400,7,70
2,2263,0,0,0,0,0,0,2,400,7,70
2,2264,0,0,0,0,0,0,1,400,8,70
2,2264,0,0,0,0,0,0,2,400,8,70
2,2265,0,0,0,0,0,0,1,400,9,70
2,2265,0,0,0,0,0,0,2,400,9,70
2,2266,0,0,0,0,0,0,1,400,10,70
2,2266,0,0,0,0,0,0,2,400,10,70
2,2267,0,0,0,0,0,0,1,400,11,70
2,2267,0,0,0,0,0,0,2,400,11,70
2,2268,0,0,0,0,0,0,1,400,12,70
2,2268,0,0,0,0,0,0,2,400,12,70
2,2269,0,0,0,0,0,0,1,400,13,70
2,2269,0,0,0,0,0,0,2,400,13,70
2,2270,0,0,0,0,0,0,1,400,14,70
2,2270,0,0,0,0,0,0,2,400,14,70
2,2271,0,0,0,0,0,0,1,400,15,70
2,2271,0,0,0,0,0,0,2,400,15,70
2,2272,0,0,0,0,0,0,1,400,16,70
2,2272,0,0,0,0,0,0,2,400,16,70
2,2273,0,0,0,0,0,0,1,400,17,70
2,2273,0,0,0,0,0,0,2,400,17,70
2,2274,0,0,0,0,0,0,1,400,18,70
2,2274,0,0,0,0,0,0,2,400,18,70
2,2275,0,0,0,0,0,0,1,400,19,70
2,2275,0,0,0,0,0,0,2,400,19,70
2,2276,0,0,0,0,0,0,1,400,20,70
2,2276,0,0,0,0,0,0,2,400,20,70
2,2277,0,0,0,0,0,0,1,400,21,70
2,2277,0,0,0,0,0,0,2,400,21,70
2,2278,0,0,0,0,0,0,1,400,22,70
2,2278,0,0,0,0,0,0,2,400,22,70
2,2279,0,0,0,0,0,0,1,400,23,70
2,2279,0,0,0,0,0,0,2,400,23,70
2,2280,0,0,0,0,0,0,1,400,0,70
2,2280,0,0,0,0,0,0,2,400,0,70
2,2281,0,0,0,0,0,0,1,400,1,70
2,2281,0,0,0,0,0,0,2,400,1,70
2,2282,0,0,0,0,0,0,1,400,2,70
2,2282,0,0,0,0,0,0,2,400,2,70
2,2283,0,0,0,0,0,0,1,400,3,70
2,2283,0,0,0,0,0,0,2,400,3,70
2,2284,0,0,0,0,0,0,1,400,4,70
2,2284,0,0,0,0,0,0,2,400,4,70
2,2285,0,0,0,0,0,0,1,400,5,70
2,2285,0,0,0,0,0,0,2,400,5,70
2,2286,0,0,0,0,0,0,1,400,6,70
2,2286,0,0,0,0,0,0,2,400,6,70
2,2287,0,0,0,0,0,0,1,400,7,70
2,2287,0,0,0,0,0,0,2,400,7,70
2,2288,0,0,0,0,0,0,1,400,8,70
2,2288,0,0,0,0,0,0,2,400,8,70
2,2289,0,0,0,0,0,0,1,400,9,70
2,2289,0,0,0,0,0,0,2,400,9,70
2,2290,0,0,0,0,0,0,1,400,10,70
2,2290,0,0,0,0,0,0,2,400,10,70
2,2291,0,0,0,0,0,0,1,400,11,70
2,2291,0,0,0,0,0,0,2,400,11,70
2,2292,0,0,0,0,0,0,1,400,12,70
2,2292,0,0,0,0,0,0,2,400,12,70
2,2293,0,0,0,0,0,0,1,400,13,70
2,2293,0,0,0,0,0,0,2,400,13,70
2,2294,0,0,0,0,0,0,1,400,14,70
2,2294,0,0,0,0,0,0,2,400,14,70
2,2295,0,0,0,0,0,0,1,400,15,70
2,2295,0,0,0,0,0,0,2,400,15,70
2,2296,0,0,0,0,0,0,1,400,16,70
2,2296,0,0,0,0,0,0,2,400,16,70
2,2297,0,0,0,0,0,0,1,400,17,70
2,2297,0,0,0,0,0,0,2,400,17,70
2,2298,0,0,0,0,0,0,1,400,18,70
2,2298,0,0,0,0,0,0,2,400,18,70
2,2299,0,0,0,0,0,0,1,400,19,70
2,2299,0,0,0,0,0,0,2,400,19,70
2,2300,0,0,0,0,0,0,1,400,20,70
2,2300,0,0,0,0,0,0,2,400,20,70
2,2301,0,0,0,0,0,0,1,400,21,70
2,2301,0,0,0,0,0,0,2,400,21,70
2,2302,0,0,0,0,0,0,1,400,22,70
2,2302,0,0,0,0,0,0,2,400,22,70
2,2303,0,0,0,0,0,0,1,400,23,70
2,2303,0,0,0,0,0,0,2,400,23,70
2,2304,0,0,0,0,0,0,1,400,0,70
2,2304,0,0,0,0,0,0,2,400,0,70
2,2305,0,0,0,0,0,0,1,400,1,70
2,2305,0,0,0,0,0,0,2,400,1,70
2,2306,0,0,0,0,0,0,1,400,2,70
2,2306,0,0,0,0,0,0,2,400,2,70
2,2307,0,0,0,0,0,0,1,400,3,70
2,2307,0,0,0,0,0,0,2,400,3,70
2,2308,0,0,0,0,0,0,1,400,4,70
2,2308,0,0,0,0,0,0,2,400,4,70
2,2309,0,0,0,0,0,0,1,400,5,70
2,2309,0,0,0,0,0,0,2,400,5,70
2,2310,0,0,0,0,0,0,1,400,6,70
2,2310,0,0,0,0,0,0,2,400,6,70
2,2311,0,0,0,0,0,0,1,400,7,70
2,2311,0,0,0,0,0,0,2,400,7,70
2,2312,0,0,0,0,0,0,1,400,8,70
2,2312,0,0,0,0,0,0,2,400,8,70
2,2313,0,0,0,0,0,0,1,400,9,70
2,2313,0,0,0,0,0,0,2,400,9,70
2,2314,0,0,0,0,0,0,1,400,10,70
2,2314,0,0,0,0,0,0,2,400,10,70
2,2315,0,0,0,0,0,0,1,400,11,70
2,2315,0,0,0,0,0,0,2,400,11,70
2,2316,0,0,0,0,0,0,1,400,12,70
2,2316,0,0,0,0,0,0,2,400,12,70
2,2317,0,0,0,0,0,0,1,400,13,70
2,2317,0,0,0,0,0,0,2,400,13,70
2,2318,0,0,0,0,0,0,1,400,14,70
2,2318,0,0,0,0,0,0,2,400,14,70
2,2319,0,0,0,0,0,0,1,400,15,70
2,2319,0,0,0,0,0,0,2,400,15,70
2,2320,0,0,0,0,0,0,1,400,16,70
2,2320,0,0,0,0,0,0,2,400,16,70
2,2321,0,0,0,0,0,0,1,400,17,70
2,2321,0,0,0,0,0,0,2,400,17,70
2,2322,0,0,0,0,0,0,1,400,18,70
2,2322,0,0,0,0,0,0,2,400,18,70
2,2323,0,0,0,0,0,0,1,400,19,70
2,2323,0,0,0,0,0,0,2,400,19,70
2,2324,0,0,0,0,0,0,1,400,20,70
2,2324,0,0,0,0,0,0,2,400,20,70
2,2325,0,0,0,0,0,0,1,400,21,70
2,2325,0,0,0,0,0,0,2,400,21,70
2,2326,0,0,0,0,0,0,1,400,22,70
2,2326,0,0,0,0,0,0,2,400,22,70
2,2327,0,0,0,0,0,0,1,400,23,70
2,2327,0,0,0,0,0,0,2,400,23,70
2,2328,0,0,0,0,0,0,1,400,0,70
2,2328,0,0,0,0,0,0,2,400,0,70
2,2329,0,0,0,0,0,0,1,400,1,70
2,2329,0,0,0,0,0,0,2,400,1,70
2,2330,0,0,0,0,0,0,1,400,2,70
2,2330,0,0,0,0,0,0,2,400,2,70
2,2331,0,0,0,0,0,0,1,400,3,70
2,2331,0,0,0,0,0,0,2,400,3,70
2,2332,0,0,0,0,0,0,1,400,4,70
2,2332,0,0,0,0,0,0,2,400,4,70
2,2333,0,0,0,0,0,0,1,400,5,70
2,2333,0,0,0,0,0,0,2,400,5,70
2,2334,0,0,0,0,0,0,1,400,6,70
2,2334,0,0,0,0,0,0,2,400,6,70
2,2335,0,0,0,0,0,0,1,400,7,70
2,2335,0,0,0,0,0,0,2,400,7,70
2,2336,0,0,0,0,0,0,1,400,8,70
2,2336,0,0,0,0,0,0,2,400,8,70
2,2337,0,0,0,0,0,0,1,400,9,70
2,2337,0,0,0,0,0,0,2,400,9,70
2,2338,0,0,0,0,0,0,1,400,10,70
2,2338,0,0,0,0,0,0,2,400,10,70
2,2339,0,0,0,0,0,0,1,400,11,70
2,2339,0,0,0,0,0,0,2,400,11,70
2,2340,0,0,0,0,0,0,1,400,12,70
2,2340,0,0,0,0,0,0,2,400,12,70
2,2341,0,0,0,0,0,0,1,400,13,70
2,2341,0,0,0,0,0,0,2,400,13,70
2,2342,0,0,0,0,0,0,1,400,14,70
2,2342,0,0,0,0,0,0,2,400,14,70
2,2343,0,0,0,0,0,0,1,400,15,70
2,2343,0,0,0,0,0,0,2,400,15,70
2,2344,0,0,0,0,0,0,1,400,16,70
2,2344,0,0,0,0,0,0,2,400,16,70
2,2345,0,0,0,0,0,0,1,400,17,70
2,2345,0,0,0,0,0,0,2,400,17,70
2,2346,0,0,0,0,0,0,1,400,18,70
2,2346,0,0,0,0,0,0,2,400,18,70
2,2347,0,0,0,0,0,0,1,400,19,70
2,2347,0,0,0,0,0,0,2,400,19,70
2,2348,0,0,0,0,0,0,1,400,20,70
2,2348,0,0,0,0,0,0,2,400,20,70
2,2349,0,0,0,0,0,0,1,400,21,70
2,2349,0,0,0,0,0,0,2,400,21,70
2,2350,0,0,0,0,0,0,1,400,22,70
2,2350,0,0,0,0,0,0,2,400,22,70
2,2351,0,0,0,0,0,0,1,400,23,70
2,2351,0,0,0,0,0,0,2,400,23,70
2,2352,0,0,0,0,0,0,1,400,0,70
2,2352,0,0,0,0,0,0,2,400,0,70
2,2353,0,0,0,0,0,0,1,400,1,70
2,2353,0,0,0,0,0,0,2,400,1,70
2,2354,0,0,0,0,0,0,1,400,2,70
2,2354,0,0,0,0,0,0,2,400,2,70
2,2355,0,0,0,0,0,0,1,400,3,70
2,2355,0,0,0,0,0,0,2,400,3,70
2,2356,0,0,0,0,0,0,1,400,4,70
2,2356,0,0,0,0,0,0,2,400,4,70
2,2357,0,0,0,0,0,0,1,400,5,70
2,2357,0,0,0,0,0,0,2,400,5,70
2,2358,0,0,0,0,0,0,1,400,6,70
2,2358,0,0,0,0,0,0,2,400,6,70
2,2359,0,0,0,0,0,0,1,400,7,70
2,2359,0,0,0,0,0,0,2,400,7,70
2,2360,0,0,0,0,0,0,1,400,8,70
2,2360,0,0,0,0,0,0,2,400,8,70
2,2361,0,0,0,0,0,0,1,400,9,70
2,2361,0,0,0,0,0,0,2,400,9,70
2,2362,0,0,0,0,0,0,1,400,10,70
2,2362,0,0,0,0,0,0,2,400,10,70
2,2363,0,0,0,0,0,0,1,400,11,70
2,2363,0,0,0,0,0,0,2,400,11,70
2,2364,0,0,0,0,0,0,1,400,12,70
2,2364,0,0,0,0,0,0,2,400,12,70
2,2365,0,0,0,0,0,0,1,400,13,70
2,2365,0,0,0,0,0,0,2,400,13,70
2,2366,0,0,0,0,0,0,1,400,14,70
2,2366,0,0,0,0,0,0,2,400,14,70
2,2367,0,0,0,0,0,0,1,400,15,70
2,2367,0,0,0,0,0,0,2,400,15,70
2,2368,0,0,0,0,0,0,1,400,16,70
2,2368,0,0,0,0,0,0,2,400,16,70
2,2369,0,0,0,0,0,0,1,400,17,70
2,2369,0,0,0,0,0,0,2,400,17,70
2,2370,0,0,0,0,0,0,1,400,18,70
2,2370,0,0,0,0,0,0,2,400,18,70
2,2371,0,0,0,0,0,0,1,400,19,70
2,2371,0,0,0,0,0,0,2,400,19,70
2,2372,0,0,0,0,0,0,1,400,20,70
2,2372,0,0,0,0,0,0,2,400,20,70
2,2373,0,0,0,0,0,0,1,400,21,70
2,2373,0,0,0,0,0,0,2,400,21,70
2,2374,0,0,0,0,0,0,1,400,22,70
2,2374,0,0,0,0,0,0,2,400,22,70
2,2375,0,0,0,0,0,0,1,400,23,70
2,2375,0,0,0,0,0,0,2,400,23,70
2,2376,0,0,0,0,0,0,1,400,0,70
2,2376,0,0,0,0,0,0,2,400,0,70
2,2377,0,0,0,0,0,0,1,400,1,70
2,2377,0,0,0,0,0,0,2,400,1,70
2,2378,0,0,0,0,0,0,1,400,2,70
2,2378,0,0,0,0,0,0,2,400,2,70
2,2379,0,0,0,0,0,0,1,400,3,70
2,2379,0,0,0,0,0,0,2,400,3,70
2,2380,0,0,0,0,0,0,1,400,4,70
2,2380,0,0,0,0,0,0,2,400,4,70
2,2381,0,0,0,0,0,0,1,400,5,70
2,2381,0,0,0,0,0,0,2,400,5,70
2,2382,0,0,0,0,0,0,1,400,6,70
2,2382,0,0,0,0,0,0,2,400,6,70
2,2383,0,0,0,0,0,0,1,400,7,70
2,2383,0,0,0,0,0,0,2,400,7,70
2,2384,0,0,0,0,0,0,1,400,8,70
2,2384,0,0,0,0,0,0,2,400,8,70
2,2385,0,0,0,0,0,0,1,400,9,70
2,2385,0,0,0,0,0,0,2,400,9,70
2,2386,0,0,0,0,0,0,1,400,10,70
2,2386,0,0,0,0,0,0,2,400,10,70
2,2387,0,0,0,0,0,0,1,400,11,70
2,2387,0,0,0,0,0,0,2,400,11,70
2,2388,0,0,0,0,0,0,1,400,12,70
2,2388,0,0,0,0,0,0,2,400,12,70
2,2389,0,0,0,0,0,0,1,400,13,70
2,2389,0,0,0,0,0,0,2,400,13,70
2,2390,0,0,0,0,0,0,1,400,14,70
2,2390,0,0,0,0,0,0,2,400,14,70
2,2391,0,0,0,0,0,0,1,400,15,70
2,2391,0,0,0,0,0,0,2,400,15,70
2,2392,0,0,0,0,0,0,1,400,16,70
2,2392,0,0,0,0,0,0,2,400,16,70
2,2393,0,0,0,0,0,0,1,400,17,70
2,2393,0,0,0,0,0,0,2,400,17,70
2,2394,0,0,0,0,0,0,1,400,18,70
2,2394,0,0,0,0,0,0,2,400,18,70
2,2395,0,0,0,0,0,0,1,400,19,70
2,2395,0,0,0,0,0,0,2,400,19,70
2,2396,0,0,0,0,0,0,1,400,20,70
2,2396,0,0,0,0,0,0,2,400,20,70
2,2397,0,0,0,0,0,0,1,400,21,70
2,2397,0,0,0,0,0,0,2,400,21,70
2,2398,0,0,0,0,0,0,1,400,22,70
2,2398,0,0,0,0,0,0,2,400,22,70
2,2399,0,0,0,0,0,0,1,400,23,70
2,2399,0,0,0,0,0,0,2,400,23,70
2,2400,0,0,0,0,0,0,1,400,0,70
2,2400,0,0,0,0,0,0,2,400,0,70
2,2401,0,0,0,0,0,0,1,400,1,70
2,2401,0,0,0,0,0,0,2,400,1,70
2,2402,0,0,0,0,0,0,1,400,2,70
2,2402,0,0,0,0,0,0,2,400,2,70
2,2403,0,0,0,0,0,0,1,400,3,70
2,2403,0,0,0,0,0,0,2,400,3,70
2,2404,0,0,0,0,0,0,1,400,4,70
2,2404,0,0,0,0,0,0,2,400,4,70
2,2405,0,0,0,0,0,0,1,400,5,70
2,2405,0,0,0,0,0,0,2,400,5,70
2,2406,0,0,0,0,0,0,1,400,6,70
2,2406,0,0,0,0,0,0,2,400,6,70
2,2407,0,0,0,0,0,0,1,400,7,70
2,2407,0,0,0,0,0,0,2,400,7,70
2,2408,0,0,0,0,0,0,1,400,8,70
2,2408,0,0,0,0,0,0,2,400,8,70
2,2409,0,0,0,0,0,0,1,400,9,70
2,2409,0,0,0,0,0,0,2,400,9,70
2,2410,0,0,0,0,0,0,1,400,10,70
2,2410,0,0,0,0,0,0,2,400,10,70
2,2411,0,0,0,0,0,0,1,400,11,70
2,2411,0,0,0,0,0,0,2,400,11,70
2,2412,0,0,0,0,0,0,1,400,12,70
2,2412,0,0,0,0,0,0,2,400,12,70
2,2413,0,0,0,0,0,0,1,400,13,70
2,2413,0,0,0,0,0,0,2,400,13,70
2,2414,0,0,0,0,0,0,1,400,14,70
2,2414,0,0,0,0,0,0,2,400,14,70
2,2415,0,0,0,0,0,0,1,400,15,70
2,2415,0,0,0,0,0,0,2,400,15,70
2,2416,0,0,0,0,0,0,1,400,16,70
2,2416,0,0,0,0,0,0,2,400,16,70
2,2417,0,0,0,0,0,0,1,400,17,70
2,2417,0,0,0,0,0,0,2,400,17,70
2,2418,0,0,0,0,0,0,1,400,18,70
2,2418,0,0,0,0,0,0,2,400,18,70
2,2419,0,0,0,0,0,0,1,400,19,70
2,2419,0,0,0,0,0,0,2,400,19,70
2,2420,0,0,0,0,0,0,1,400,20,70
2,2420,0,0,0,0,0,0,2,400,20,70
2,2421,0,0,0,0,0,0,1,400,21,70
2,2421,0,0,0,0,0,0,2,400,21,70
2,2422,0,0,0,0,0,0,1,400,22,70
2,2422,0,0,0,0,0,0,2,400,22,70
2,2423,0,0,0,0,0,0,1,400,23,70
2,2423,0,0,0,0,0,0,2,400,23,70
2,2424,0,0,0,0,0,0,1,400,0,70
2,2424,0,0,0,0,0,0,2,400,0,70
2,2425,0,0,0,0,0,0,1,400,1,70
2,2425,0,0,0,0,0,0,2,400,1,70
2,2426,0,0,0,0,0,0,1,400,2,70
2,2426,0,0,0,0,0,0,2,400,2,70
2,2427,0,0,0,0,0,0,1,400,3,70
2,2427,0,0,0,0,0,0,2,400,3,70
2,2428,0,0,0,0,0,0,1,400,4,70
2,2428,0,0,0,0,0,0,2,400,4,70
2,2429,0,0,0,0,0,0,1,400,5,70
2,2429,0,0,0,0,0,0,2,400,5,70
2,2430,0,0,0,0,0,0,1,400,6,70
2,2430,0,0,0,0,0,0,2,400,6,70
2,2431,0,0,0,0,0,0,1,400,7,70
2,2431,0,0,0,0,0,0,2,400,7,70
2,2432,0,0,0,0,0,0,1,400,8,70
2,2432,0,0,0,0,0,0,2,400,8,70
2,2433,0,0,0,0,0,0,1,400,9,70
2,2433,0,0,0,0,0,0,2,400,9,70
2,2434,0,0,0,0,0,0,1,400,10,70
2,2434,0,0,0,0,0,0,2,400,10,70
2,2435,0,0,0,0,0,0,1,400,11,70
2,2435,0,0,0,0,0,0,2,400,11,70
2,2436,0,0,0,0,0,0,1,400,12,70
2,2436,0,0,0,0,0,0,2,400,12,70
2,2437,0,0,0,0,0,0,1,400,13,70
2,2437,0,0,0,0,0,0,2,400,13,70
2,2438,0,0,0,0,0,0,1,400,14,70
2,2438,0,0,0,0,0,0,2,400,14,70
2,2439,0,0,0,0,0,0,1,400,15,70
2,2439,0,0,0,0,0,0,2,400,15,70
2,2440,0,0,0,0,0,0,1,400,16,70
2,2440,0,0,0,0,0,0,2,400,16,70
2,2441,0,0,0,0,0,0,1,400,17,70
2,2441,0,0,0,0,0,0,2,400,17,70
2,2442,0,0,0,0,0,0,1,400,18,70
2,2442,0,0,0,0,0,0,2,400,18,70
2,2443,0,0,0,0,0,0,1,400,19,70
2,2443,0,0,0,0,0,0,2,400,19,70
2,2444,0,0,0,0,0,0,1,400,20,70
2,2444,0,0,0,0,0,0,2,400,20,70
2,2445,0,0,0,0,0,0,1,400,21,70
2,2445,0,0,0,0,0,0,2,400,21,70
2,2446,0,0,0,0,0,0,1,400,22,70
2,2446,0,0,0,0,0,0,2,400,22,70
2,2447,0,0,0,0,0,0,1,400,23,70
2,2447,0,0,0,0,0,0,2,400,23,70
2,2448,0,0,0,0,0,0,1,400,0,70
2,2448,0,0,0,0,0,0,2,400,0,70
2,2449,0,0,0,0,0,0,1,400,1,70
2,2449,0,0,0,0,0,0,2,400,1,70
2,2450,0,0,0,0,0,0,1,400,2,70
2,2450,0,0,0,0,0,0,2,400,2,70
2,2451,0,0,0,0,0,0,1,400,3,70
2,2451,0,0,0,0,0,0,2,400,3,70
2,2452,0,0,0,0,0,0,1,400,4,70
2,2452,0,0,0,0,0,0,2,400,4,70
2,2453,0,0,0,0,0,0,1,400,5,70
2,2453,0,0,0,0,0,0,2,400,5,70
2,2454,0,0,0,0,0,0,1,400,6,70
2,2454,0,0,0,0,0,0,2,400,6,70
2,2455,0,0,0,0,0,0,1,400,7,70
2,2455,0,0,0,0,0,0,2,400,7,70
2,2456,0,0,0,0,0,0,1,400,8,70
2,2456,0,0,0,0,0,0,2,400,8,70
2,2457,0,0,0,0,0,0,1,400,9,70
2,2457,0,0,0,0,0,0,2,400,9,70
2,2458,0,0,0,0,0,0,1,400,10,70
2,2458,0,0,0,0,0,0,2,400,10,70
2,2459,0,0,0,0,0,0,1,400,11,70
2,2459,0,0,0,0,0,0,2,400,11,70
2,2460,0,0,0,0,0,0,1,400,12,70
2,2460,0,0,0,0,0,0,2,400,12,70
2,2461,0,0,0,0,0,0,1,400,13,70
2,2461,0,0,0,0,0,0,2,400,13,70
2,2462,0,0,0,0,0,0,1,400,14,70
2,2462,0,0,0,0,0,0,2,400,14,70
2,2463,0,0,0,0,0,0,1,400,15,70
2,2463,0,0,0,0,0,0,2,400,15,70
2,2464,0,0,0,0,0,0,1,400,16,70
2,2464,0,0,0,0,0,0,2,400,16,70
2,2465,0,0,0,0,0,0,1,400,17,70
2,2465,0,0,0,0,0,0,2,400,17,70
2,2466,0,0,0,0,0,0,1,400,18,70
2,2466,0,0,0,0,0,0,2,400,18,70
2,2467,0,0,0,0,0,0,1,400,19,70
2,2467,0,0,0,0,0,0,2,400,19,70
2,2468,0,0,0,0,0,0,1,400,20,70
2,2468,0,0,0,0,0,0,2,400,20,70
2,2469,0,0,0,0,0,0,1,400,21,70
2,2469,0,0,0,0,0,0,2,400,21,70
2,2470,0,0,0,0,0,0,1,400,22,70
2,2470,0,0,0,0,0,0,2,400,22,70
2,2471,0,0,0,0,0,0,1,400,23,70
2,2471,0,0,0,0,0,0,2,400,23,70
2,2472,0,0,0,0,0,0,1,400,0,70
2,2472,0,0,0,0,0,0,2,400,0,70
2,2473,0,0,0,0,0,0,1,400,1,70
2,2473,0,0,0,0,0,0,2,400,1,70
2,2474,0,0,0,0,0,0,1,400,2,70
2,2474,0,0,0,0,0,0,2,400,2,70
2,2475,0,0,0,0,0,0,1,400,3,70
2,2475,0,0,0,0,0,0,2,400,3,70
2,2476,0,0,0,0,0,0,1,400,4,70
2,2476,0,0,0,0,0,0,2,400,4,70
2,2477,0,0,0,0,0,0,1,400,5,70
2,2477,0,0,0,0,0,0,2,400,5,70
2,2478,0,0,0,0,0,0,1,400,6,70
2,2478,0,0,0,0,0,0,2,400,6,70
2,2479,0,0,0,0,0,0,1,400,7,70
2,2479,0,0,0,0,0,0,2,400,7,70
2,2480,0,0,0,0,0,0,1,400,8,70
2,2480,0,0,0,0,0,0,2,400,8,70
2,2481,0,0,0,0,0,0,1,400,9,70
2,2481,0,0,0,0,0,0,2,400,9,70
2,2482,0,0,0,0,0,0,1,400,10,70
2,2482,0,0,0,0,0,0,2,400,10,70
2,2483,0,0,0,0,0,0,1,400,11,70
2,2483,0,0,0,0,0,0,2,400,11,70
2,2484,0,0,0,0,0,0,1,400,12,70
2,2484,0,0,0,0,0,0,2,400,12,70
2,2485,0,0,0,0,0,0,1,400,13,70
2,2485,0,0,0,0,0,0,2,400,13,70
2,2486,0,0,0,0,0,0,1,400,14,70
2,2486,0,0,0,0,0,0,2,400,14,70
2,2487,0,0,0,0,0,0,1,400,15,70
2,2487,0,0,0,0,0,0,2,400,15,70
2,2488,0,0,0,0,0,0,1,400,16,70
2,2488,0,0,0,0,0,0,2,400,16,70
2,2489,0,0,0,0,0,0,1,400,17,70
2,2489,0,0,0,0,0,0,2,400,17,70
2,2490,0,0,0,0,0,0,1,400,18,70
2,2490,0,0,0,0,0,0,2,400,18,70
2,2491,0,0,0,0,0,0,1,400,19,70
2,2491,0,0,0,0,0,0,2,400,19,70
2,2492,0,0,0,0,0,0,1,400,20,70
2,2492,0,0,0,0,0,0,2,400,20,70
2,2493,0,0,0,0,0,0,1,400,21,70
2,2493,0,0,0,0,0,0,2,400,21,70
2,2494,0,0,0,0,0,0,1,400,22,70
2,2494,0,0,0,0,0,0,2,400,22,70
2,2495,0,0,0,0,0,0,1,400,23,70
2,2495,0,0,0,0,0,0,2,400,23,70
2,2496,0,0,0,0,0,0,1,400,0,70
2,2496,0,0,0,0,0,0,2,400,0,70
2,2497,0,0,0,0,0,0,1,400,1,70
2,2497,0,0,0,0,0,0,2,400,1,70
2,2498,0,0,0,0,0,0,1,400,2,70
2,2498,0,0,0,0,0,0,2,400,2,70
2,2499,0,0,0,0,0,0,1,400,3,70
2,2499,0,0,0,0,0,0,2,400,3,70
2,2500,0,0,0,0,0,0,1,400,4,70
2,2500,0,0,0,0,0,0,2,400,4,70
2,2501,0,0,0,0,0,0,1,400,5,70
2,2501,0,0,0,0,0,0,2,400,5,70
2,2502,0,0,0,0,0,0,1,400,6,70
2,2502,0,0,0,0,0,0,2,400,6,70
2,2503,0,0,0,0,0,0,1,400,7,70
2,2503,0,0,0,0,0,0,2,400,7,70
2,2504,0,0,0,0,0,0,1,400,8,70
2,2504,0,0,0,0,0,0,2,400,8,70
2,2505,0,0,0,0,0,0,1,400,9,70
2,2505,0,0,0,0,0,0,2,400,9,70
2,2506,0,0,0,0,0,0,1,400,10,70
2,2506,0,0,0,0,0,0,2,400,10,70
2,2507,0,0,0,0,0,0,1,400,11,70
2,2507,0,0,0,0,0,0,2,400,11,70
2,2508,0,0,0,0,0,0,1,400,12,70
2,2508,0,0,0,0,0,0,2,400,12,70
2,2509,0,0,0,0,0,0,1,400,13,70
2,2509,0,0,0,0,0,0,2,400,13,70
2,2510,0,0,0,0,0,0,1,400,14,70
2,2510,0,0,0,0,0,0,2,400,14,70
2,2511,0,0,0,0,0,0,1,400,15,70
2,2511,0,0,0,0,0,0,2,400,15,70
2,2512,0,0,0,0,0,0,1,400,16,70
2,2512,0,0,0,0,0,0,2,400,16,70
2,2513,0,0,0,0,0,0,1,400,17,70
2,2513,0,0,0,0,0,0,2,400,17,70
2,2514,0,0,0,0,0,0,1,400,18,70
2,2514,0,0,0,0,0,0,2,400,18,70
2,2515,0,0,0,0,0,0,1,400,19,70
2,2515,0,0,0,0,0,0,2,400,19,70
2,2516,0,0,0,0,0,0,1,400,20,70
2,2516,0,0,0,0,0,0,2,400,20,70
2,2517,0,0,0,0,0,0,1,400,21,70
2,2517,0,0,0,0,0,0,2,400,21,70
2,2518,0,0,0,0,0,0,1,400,22,70
2,2518,0,0,0,0,0,0,2,400,22,70
2,2519,0,0,0,0,0,0,1,400,23,70
2,2519,0,0,0,0,0,0,2,400,23,70
2,2520,0,0,0,0,0,0,1,400,0,70
2,2520,0,0,0,0,0,0,2,400,0,70
2,2521,0,0,0,0,0,0,1,400,1,70
2,2521,0,0,0,0,0,0,2,400,1,70
2,2522,0,0,0,0,0,0,1,400,2,70
2,2522,0,0,0,0,0,0,2,400,2,70
2,2523,0,0,0,0,0,0,1,400,3,70
2,2523,0,0,0,0,0,0,2,400,3,70
2,2524,0,0,0,0,0,0,1,400,4,70
2,2524,0,0,0,0,0,0,2,400,4,70
2,2525,0,0,0,0,0,0,1,400,5,70
2,2525,0,0,0,0,0,0,2,400,5,70
2,2526,0,0,0,0,0,0,1,400,6,70
2,2526,0,0,0,0,0,0,2,400,6,70
2,2527,0,0,0,0,0,0,1,400,7,70
2,2527,0,0,0,0,0,0,2,400,7,70
2,2528,0,0,0,0,0,0,1,400,8,70
2,2528,0,0,0,0,0,0,2,400,8,70
2,2529,0,0,0,0,0,0,1,400,9,70
2,2529,0,0,0,0,0,0,2,400,9,70
2,2530,0,0,0,0,0,0,1,400,10,70
2,2530,0,0,0,0,0,0,2,400,10,70
2,2531,0,0,0,0,0,0,1,400,11,70
2,2531,0,0,0,0,0,0,2,400,11,70
2,2532,0,0,0,0,0,0,1,400,12,70
2,2532,0,0,0,0,0,0,2,400,12,70
2,2533,0,0,0,0,0,0,1,400,13,70
2,2533,0,0,0,0,0,0,2,400,13,70
2,2534,0,0,0,0,0,0,1,400,14,70
2,2534,0,0,0,0,0,0,2,400,14,70
2,2535,0,0,0,0,0,0,1,400,15,70
2,2535,0,0,0,0,0,0,2,400,15,70
2,2536,0,0,0,0,0,0,1,400,16,70
2,2536,0,0,0,0,0,0,2,400,16,70
2,2537,0,0,0,0,0,0,1,400,17,70
2,2537,0,0,0,0,0,0,2,400,17,70
2,2538,0,0,0,0,0,0,1,400,18,70
2,2538,0,0,0,0,0,0,2,400,18,70
2,2539,0,0,0,0,0,0,1,400,19,70
2,2539,0,0,0,0,0,0,2,400,19,70
2,2540,0,0,0,0,0,0,1,400,20,70
2,2540,0,0,0,0,0,0,2,400,20,70
2,2541,0,0,0,0,0,0,1,400,21,70
2,2541,0,0,0,0,0,0,2,400,21,70
2,2542,0,0,0,0,0,0,1,400,22,70
2,2542,0,0,0,0,0,0,2,400,22,70
2,2543,0,0,0,0,0,0,1,400,23,70
2,2543,0,0,0,0,0,0,2,400,23,70
2,2544,0,0,0,0,0,0,1,400,0,70
2,2544,0,0,0,0,0,0,2,400,0,70
2,2545,0,0,0,0,0,0,1,400,1,70
2,2545,0,0,0,0,0,0,2,400,1,70
2,2546,0,0,0,0,0,0,1,400,2,70
2,2546,0,0,0,0,0,0,2,400,2,70
2,2547,0,0,0,0,0,0,1,400,3,70
2,2547,0,0,0,0,0,0,2,400,3,70
2,2548,0,0,0,0,0,0,1,400,4,70
2,2548,0,0,0,0,0,0,2,400,4,70
2,2549,0,0,0,0,0,0,1,400,5,70
2,2549,0,0,0,0,0,0,2,400,5,70
2,2550,0,0,0,0,0,0,1,400,6,70
2,2550,0,0,0,0,0,0,2,400,6,70
2,2551,0,0,0,0,0,0,1,400,7,70
2,2551,0,0,0,0,0,0,2,400,7,70
2,2552,0,0,0,0,0,0,1,400,8,70
2,2552,0,0,0,0,0,0,2,400,8,70
2,2553,0,0,0,0,0,0,1,400,9,70
2,2553,0,0,0,0,0,0,2,400,9,70
2,2554,0,0,0,0,0,0,1,400,10,70
2,2554,0,0,0,0,0,0,2,400,10,70
2,2555,0,0,0,0,0,0,1,400,11,70
2,2555,0,0,0,0,0,0,2,400,11,70
2,2556,0,0,0,0,0,0,1,400,12,70
2,2556,0,0,0,0,0,0,2,400,12,70
2,2557,0,0,0,0,0,0,1,400,13,70
2,2557,0,0,0,0,0,0,2,400,13,70
2,2558,0,0,0,0,0,0,1,400,14,70
2,2558,0,0,0,0,0,0,2,400,14,70
2,2559,0,0,0,0,0,0,1,400,15,70
2,2559,0,0,0,0,0,0,2,400,15,70
2,2560,0,0,0,0,0,0,1,400,16,70
2,2560,0,0,0,0,0,0,2,400,16,70
2,2561,0,0,0,0,0,0,1,400,17,70
2,2561,0,0,0,0,0,0,2,400,17,70
2,2562,0,0,0,0,0,0,1,400,18,70
2,2562,0,0,0,0,0,0,2,400,18,70
2,2563,0,0,0,0,0,0,1,400,19,70
2,2563,0,0,0,0,0,0,2,400,19,70
2,2564,0,0,0,0,0,0,1,400,20,70
2,2564,0,0,0,0,0,0,2,400,20,70
2,2565,0,0,0,0,0,0,1,400,21,70
2,2565,0,0,0,0,0,0,2,400,21,70
2,2566,0,0,0,0,0,0,1,400,22,70
2,2566,0,0,0,0,0,0,2,400,22,70
2,2567,0,0,0,0,0,0,1,400,23,70
2,2567,0,0,0,0,0,0,2,400,23,70
2,2568,0,0,0,0,0,0,1,400,0,70
2,2568,0,0,0,0,0,0,2,400,0,70
2,2569,0,0,0,0,0,0,1,400,1,70
2,2569,0,0,0,0,0,0,2,400,1,70
2,2570,0,0,0,0,0,0,1,400,2,70
2,2570,0,0,0,0,0,0,2,400,2,70
2,2571,0,0,0,0,0,0,1,400,3,70
2,2571,0,0,0,0,0,0,2,400,3,70
2,2572,0,0,0,0,0,0,1,400,4,70
2,2572,0,0,0,0,0,0,2,400,4,70
2,2573,0,0,0,0,0,0,1,400,5,70
2,2573,0,0,0,0,0,0,2,400,5,70
2,2574,0,0,0,0,0,0,1,400,6,70
2,2574,0,0,0,0,0,0,2,400,6,70
2,2575,0,0,0,0,0,0,1,400,7,70
2,2575,0,0,0,0,0,0,2,400,7,70
2,2576,0,0,0,0,0,0,1,400,8,70
2,2576,0,0,0,0,0,0,2,400,8,70
2,2577,0,0,0,0,0,0,1,400,9,70
2,2577,0,0,0,0,0,0,2,400,9,70
2,2578,0,0,0,0,0,0,1,400,10,70
2,2578,0,0,0,0,0,0,2,400,10,70
2,2579,0,0,0,0,0,0,1,400,11,70
2,2579,0,0,0,0,0,0,2,400,11,70
2,2580,0,0,0,0,0,0,1,400,12,70
2,2580,0,0,0,0,0,0,2,400,12,70
2,2581,0,0,0,0,0,0,1,400,13,70
2,2581,0,0,0,0,0,0,2,400,13,70
2,2582,0,0,0,0,0,0,1,400,14,70
2,2582,0,0,0,0,0,0,2,400,14,70
2,2583,0,0,0,0,0,0,1,400,15,70
2,2583,0,0,0,0,0,0,2,400,15,70
2,2584,0,0,0,0,0,0,1,400,16,70
2,2584,0,0,0,0,0,0,2,400,16,70
2,2585,0,0,0,0,0,0,1,400,17,70
2,2585,0,0,0,0,0,0,2,400,17,70
2,2586,0,0,0,0,0,0,1,400,18,70
2,2586,0,0,0,0,0,0,2,400,18,70
2,2587,0,0,0,0,0,0,1,400,19,70
2,2587,0,0,0,0,0,0,2,400,19,70
2,2588,0,0,0,0,0,0,1,400,20,70
2,2588,0,0,0,0,0,0,2,400,20,70
2,2589,0,0,0,0,0,0,1,400,21,70
2,2589,0,0,0,0,0,0,2,400,21,70
2,2590,0,0,0,0,0,0,1,400,22,70
2,2590,0,0,0,0,0,0,2,400,22,70
2,2591,0,0,0,0,0,0,1,400,23,70
2,2591,0,0,0,0,0,0,2,400,23,70
2,2592,0,0,0,0,0,0,1,400,0,70
2,2592,0,0,0,0,0,0,2,400,0,70
2,2593,0,0,0,0,0,0,1,400,1,70
2,2593,0,0,0,0,0,0,2,400,1,70
2,2594,0,0,0,0,0,0,1,400,2,70
2,2594,0,0,0,0,0,0,2,400,2,70
2,2595,0,0,0,0,0,0,1,400,3,70
2,2595,0,0,0,0,0,0,2,400,3,70
2,2596,0,0,0,0,0,0,1,400,4,70
2,2596,0,0,0,0,0,0,2,400,4,70
2,2597,0,0,0,0,0,0,1,400,5,70
2,2597,0,0,0,0,0,0,2,400,5,70
2,2598,0,0,0,0,0,0,1,400,6,70
2,2598,0,0,0,0,0,0,2,400,6,70
2,2599,0,0,0,0,0,0,1,400,7,70
2,2599,0,0,0,0,0,0,2,400,7,70
2,2600,0,0,0,0,0,0,1,400,8,70
2,2600,0,0,0,0,0,0,2,400,8,70
2,2601,0,0,0,0,0,0,1,400,9,70
2,2601,0,0,0,0,0,0,2,400,9,70
2,2602,0,0,0,0,0,0,1,400,10,70
2,2602,0,0,0,0,0,0,2,400,10,70
2,2603,0,0,0,0,0,0,1,400,11,70
2,2603,0,0,0,0,0,0,2,400,11,70
2,2604,0,0,0,0,0,0,1,400,12,70
2,2604,0,0,0,0,0,0,2,400,12,70
2,2605,0,0,0,0,0,0,1,400,13,70
2,2605,0,0,0,0,0,0,2,400,13,70
2,2606,0,0,0,0,0,0,1,400,14,70
2,2606,0,0,0,0,0,0,2,400,14,70
2,2607,0,0,0,0,0,0,1,400,15,70
2,2607,0,0,0,0,0,0,2,400,15,70
2,2608,0,0,0,0,0,0,1,400,16,70
2,2608,0,0,0,0,0,0,2,400,16,70
2,2609,0,0,0,0,0,0,1,400,17,70
2,2609,0,0,0,0,0,0,2,400,17,70
2,2610,0,0,0,0,0,0,1,400,18,70
2,2610,0,0,0,0,0,0,2,400,18,70
2,2611,0,0,0,0,0,0,1,400,19,70
2,2611,0,0,0,0,0,0,2,400,19,70
2,2612,0,0,0,0,0,0,1,400,20,70
2,2612,0,0,0,0,0,0,2,400,20,70
2,2613,0,0,0,0,0,0,1,400,21,70
2,2613,0,0,0,0,0,0,2,400,21,70
2,2614,0,0,0,0,0,0,1,400,22,70
2,2614,0,0,0,0,0,0,2,400,22,70
2,2615,0,0,0,0,0,0,1,400,23,70
2,2615,0,0,0,0,0,0,2,400,23,70
2,2616,0,0,0,0,0,0,1,400,0,70
2,2616,0,0,0,0,0,0,2,400,0,70
2,2617,0,0,0,0,0,0,1,400,1,70
2,2617,0,0,0,0,0,0,2,400,1,70
2,2618,0,0,0,0,0,0,1,400,2,70
2,2618,0,0,0,0,0,0,2,400,2,70
2,2619,0,0,0,0,0,0,1,400,3,70
2,2619,0,0,0,0,0,0,2,400,3,70
2,2620,0,0,0,0,0,0,1,400,4,70
2,2620,0,0,0,0,0,0,2,400,4,70
2,2621,0,0,0,0,0,0,1,400,5,70
2,2621,0,0,0,0,0,0,2,400,5,70
2,2622,0,0,0,0,0,0,1,400,6,70
2,2622,0,0,0,0,0,0,2,400,6,70
2,2623,0,0,0,0,0,0,1,400,7,70
2,2623,0,0,0,0,0,0,2,400,7,70
2,2624,0,0,0,0,0,0,1,400,8,70
2,2624,0,0,0,0,0,0,2,400,8,70
2,2625,0,0,0,0,0,0,1,400,9,70
2,2625,0,0,0,0,0,0,2,400,9,70
2,2626,0,0,0,0,0,0,1,400,10,70
2,2626,0,0,0,0,0,0,2,400,10,70
2,2627,0,0,0,0,0,0,1,400,11,70
2,2627,0,0,0,0,0,0,2,400,11,70
2,2628,0,0,0,0,0,0,1,400,12,70
2,2628,0,0,0,0,0,0,2,400,12,70
2,2629,0,0,0,0,0,0,1,400,13,70
2,2629,0,0,0,0,0,0,2,400,13,70
2,2630,0,0,0,0,0,0,1,400,14,70
2,2630,0,0,0,0,0,0,2,400,14,70
2,2631,0,0,0,0,0,0,1,400,15,70
2,2631,0,0,0,0,0,0,2,400,15,70
2,2632,0,0,0,0,0,0,1,400,16,70
2,2632,0,0,0,0,0,0,2,400,16,70
2,2633,0,0,0,0,0,0,1,400,17,70
2,2633,0,0,0,0,0,0,2,400,17,70
2,2634,0,0,0,0,0,0,1,400,18,70
2,2634,0,0,0,0,0,0,2,400,18,70
2,2635,0,0,0,0,0,0,1,400,19,70
2,2635,0,0,0,0,0,0,2,400,19,70
2,2636,0,0,0,0,0,0,1,400,20,70
2,2636,0,0,0,0,0,0,2,400,20,70
2,2637,0,0,0,0,0,0,1,400,21,70
2,2637,0,0,0,0,0,0,2,400,21,70
2,2638,0,0,0,0,0,0,1,400,22,70
2,2638,0,0,0,0,0,0,2,400,22,70
2,2639,0,0,0,0,0,0,1,400,23,70
2,2639,0,0,0,0,0,0,2,400,23,70
2,2640,0,0,0,0,0,0,1,400,0,70
2,2640,0,0,0,0,0,0,2,400,0,70
2,2641,0,0,0,0,0,0,1,400,1,70
2,2641,0,0,0,0,0,0,2,400,1,70
2,2642,0,0,0,0,0,0,1,400,2,70
2,2642,0,0,0,0,0,0,2,400,2,70
2,2643,0,0,0,0,0,0,1,400,3,70
2,2643,0,0,0,0,0,0,2,400,3,70
2,2644,0,0,0,0,0,0,1,400,4,70
2,2644,0,0,0,0,0,0,2,400,4,70
2,2645,0,0,0,0,0,0,1,400,5,70
2,2645,0,0,0,0,0,0,2,400,5,70
2,2646,0,0,0,0,0,0,1,400,6,70
2,2646,0,0,0,0,0,0,2,400,6,70
2,2647,0,0,0,0,0,0,1,400,7,70
2,2647,0,0,0,0,0,0,2,400,7,70
2,2648,0,0,0,0,0,0,1,400,8,70
2,2648,0,0,0,0,0,0,2,400,8,70
2,2649,0,0,0,0,0,0,1,400,9,70
2,2649,0,0,0,0,0,0,2,400,9,70
2,2650,0,0,0,0,0,0,1,400,10,70
2,2650,0,0,0,0,0,0,2,400,10,70
2,2651,0,0,0,0,0,0,1,400,11,70
2,2651,0,0,0,0,0,0,2,400,11,70
2,2652,0,0,0,0,0,0,1,400,12,70
2,2652,0,0,0,0,0,0,2,400,12,70
2,2653,0,0,0,0,0,0,1,400,13,70
2,2653,0,0,0,0,0,0,2,400,13,70
2,2654,0,0,0,0,0,0,1,400,14,70
2,2654,0,0,0,0,0,0,2,400,14,70
2,2655,0,0,0,0,0,0,1,400,15,70
2,2655,0,0,0,0,0,0,2,400,15,70
2,2656,0,0,0,0,0,0,1,400,16,70
2,2656,0,0,0,0,0,0,2,400,16,70
2,2657,0,0,0,0,0,0,1,400,17,70
2,2657,0,0,0,0,0,0,2,400,17,70
2,2658,0,0,0,0,0,0,1,400,18,70
2,2658,0,0,0,0,0,0,2,400,18,70
2,2659,0,0,0,0,0,0,1,400,19,70
2,2659,0,0,0,0,0,0,2,400,19,70
2,2660,0,0,0,0,0,0,1,400,20,70
2,2660,0,0,0,0,0,0,2,400,20,70
2,2661,0,0,0,0,0,0,1,400,21,70
2,2661,0,0,0,0,0,0,2,400,21,70
2,2662,0,0,0,0,0,0,1,400,22,70
2,2662,0,0,0,0,0,0,2,400,22,70
2,2663,0,0,0,0,0,0,1,400,23,70
2,2663,0,0,0,0,0,0,2,400,23,70
2,2664,0,0,0,0,0,0,1,400,0,70
2,2664,0,0,0,0,0,0,2,400,0,70
2,2665,0,0,0,0,0,0,1,400,1,70
2,2665,0,0,0,0,0,0,2,400,1,70
2,2666,0,0,0,0,0,0,1,400,2,70
2,2666,0,0,0,0,0,0,2,400,2,70
2,2667,0,0,0,0,0,0,1,400,3,70
2,2667,0,0,0,0,0,0,2,400,3,70
2,2668,0,0,0,0,0,0,1,400,4,70
2,2668,0,0,0,0,0,0,2,400,4,70
2,2669,0,0,0,0,0,0,1,400,5,70
2,2669,0,0,0,0,0,0,2,400,5,70
2,2670,0,0,0,0,0,0,1,400,6,70
2,2670,0,0,0,0,0,0,2,400,6,70
2,2671,0,0,0,0,0,0,1,400,7,70
2,2671,0,0,0,0,0,0,2,400,7,70
2,2672,0,0,0,0,0,0,1,400,8,70
2,2672,0,0,0,0,0,0,2,400,8,70
2,2673,0,0,0,0,0,0,1,400,9,70
2,2673,0,0,0,0,0,0,2,400,9,70
2,2674,0,0,0,0,0,0,1,400,10,70
2,2674,0,0,0,0,0,0,2,400,10,70
2,2675,0,0,0,0,0,0,1,400,11,70
2,2675,0,0,0,0,0,0,2,400,11,70
2,2676,0,0,0,0,0,0,1,400,12,70
2,2676,0,0,0,0,0,0,2,400,12,70
2,2677,0,0,0,0,0,0,1,400,13,70
2,2677,0,0,0,0,0,0,2,400,13,70
2,2678,0,0,0,0,0,0,1,400,14,70
2,2678,0,0,0,0,0,0,2,400,14,70
2,2679,0,0,0,0,0,0,1,400,15,70
2,2679,0,0,0,0,0,0,2,400,15,70
2,2680,0,0,0,0,0,0,1,400,16,70
2,2680,0,0,0,0,0,0,2,400,16,70
2,2681,0,0,0,0,0,0,1,400,17,70
2,2681,0,0,0,0,0,0,2,400,17,70
2,2682,0,0,0,0,0,0,1,400,18,70
2,2682,0,0,0,0,0,0,2,400,18,70
2,2683,0,0,0,0,0,0,1,400,19,70
2,2683,0,0,0,0,0,0,2,400,19,70
2,2684,0,0,0,0,0,0,1,400,20,70
2,2684,0,0,0,0,0,0,2,400,20,70
2,2685,0,0,0,0,0,0,1,400,21,70
2,2685,0,0,0,0,0,0,2,400,21,70
2,2686,0,0,0,0,0,0,1,400,22,70
2,2686,0,0,0,0,0,0,2,400,22,70
2,2687,0,0,0,0,0,0,1,400,23,70
2,2687,0,0,0,0,0,0,2,400,23,70
2,2688,0,0,0,0,0,0,1,400,24,70
2,2688,0,0,0,0,0,0,2,400,24,70
