DRUG,CID,TAD,TIME,DV,LESIONNAME,LESIONGROUP,SET
CFZ,7,0,0,0,Plasma,Plasma,Validation
CFZ,7,0.5,0.5,0,Plasma,Plasma,Validation
CFZ,7,1,1,0.00143,Plasma,Plasma,Validation
CFZ,7,3,3,0.0482,Plasma,Plasma,Validation
CFZ,7,5,5,0.0974,Plasma,Plasma,Validation
CFZ,7,7,7,0.116,Plasma,Plasma,Validation
CFZ,7,0,48,0.107,Plasma,Plasma,Validation
CFZ,7,0.5,48.5,0.0911,Plasma,Plasma,Validation
CFZ,7,1,49,0.0895,Plasma,Plasma,Validation
CFZ,7,3,51,0.132,Plasma,Plasma,Validation
CFZ,7,5,53,0.283,Plasma,Plasma,Validation
CFZ,7,7,55,0.273,Plasma,Plasma,Validation
CFZ,8,0,0,0,Plasma,Plasma,Validation
CFZ,8,0.5,0.5,0,Plasma,Plasma,Validation
CFZ,8,1,1,0.0015,Plasma,Plasma,Validation
CFZ,8,3,3,0.0386,Plasma,Plasma,Validation
CFZ,8,5,5,0.104,Plasma,Plasma,Validation
CFZ,8,7,7,0.137,Plasma,Plasma,Validation
CFZ,8,0,48,0.137,Plasma,Plasma,Validation
CFZ,8,0.5,48.5,0.116,Plasma,Plasma,Validation
CFZ,8,1,49,0.12,Plasma,Plasma,Validation
CFZ,8,3,51,0.166,Plasma,Plasma,Validation
CFZ,8,5,53,0.194,Plasma,Plasma,Validation
CFZ,8,7,55,0.261,Plasma,Plasma,Validation
CFZ,9,0,0,0,Plasma,Plasma,Validation
CFZ,9,0.5,0.5,0,Plasma,Plasma,Validation
CFZ,9,1,1,0,Plasma,Plasma,Validation
CFZ,9,3,3,0.00397,Plasma,Plasma,Validation
CFZ,9,5,5,0.0776,Plasma,Plasma,Validation
CFZ,9,7,7,0.122,Plasma,Plasma,Validation
CFZ,9,0,48,0.0605,Plasma,Plasma,Validation
CFZ,9,0.5,48.5,0.0594,Plasma,Plasma,Validation
CFZ,9,1,49,0.0658,Plasma,Plasma,Validation
CFZ,9,3,51,0.219,Plasma,Plasma,Validation
CFZ,9,5,53,0.33,Plasma,Plasma,Validation
CFZ,9,7,55,0.34,Plasma,Plasma,Validation
CFZ,9,24,72,0.0815,Plasma,Plasma,Validation
CFZ,9,48,96,0.0347,Plasma,Plasma,Validation
CFZ,10,0,0,0,Plasma,Plasma,Validation
CFZ,10,0.5,0.5,0,Plasma,Plasma,Validation
CFZ,10,1,1,0.00204,Plasma,Plasma,Validation
CFZ,10,3,3,0.0495,Plasma,Plasma,Validation
CFZ,10,5,5,0.137,Plasma,Plasma,Validation
CFZ,10,7,7,0.194,Plasma,Plasma,Validation
CFZ,10,0,48,0.107,Plasma,Plasma,Validation
CFZ,10,0.5,48.5,0.1,Plasma,Plasma,Validation
CFZ,10,1,49,0.114,Plasma,Plasma,Validation
CFZ,10,3,51,0.333,Plasma,Plasma,Validation
CFZ,10,5,53,0.519,Plasma,Plasma,Validation
CFZ,10,7,55,0.463,Plasma,Plasma,Validation
CFZ,10,24,72,0.206,Plasma,Plasma,Validation
CFZ,10,48,96,0.0905,Plasma,Plasma,Validation
CFZ,11,16,16,0.107,Plasma,Plasma,Validation
CFZ,11,20,20,0.0963,Plasma,Plasma,Validation
CFZ,11,24,24,0.0732,Plasma,Plasma,Validation
CFZ,11,16,40,0.146,Plasma,Plasma,Validation
CFZ,11,20,44,0.135,Plasma,Plasma,Validation
CFZ,11,24,48,0.102,Plasma,Plasma,Validation
CFZ,12,16,16,0.129,Plasma,Plasma,Validation
CFZ,12,20,20,0.12,Plasma,Plasma,Validation
CFZ,12,24,24,0.0905,Plasma,Plasma,Validation
CFZ,12,16,40,0.273,Plasma,Plasma,Validation
CFZ,12,20,44,0.3,Plasma,Plasma,Validation
CFZ,12,24,48,0.203,Plasma,Plasma,Validation
CFZ,13,16,40,0.0569,Plasma,Plasma,Validation
CFZ,13,20,44,0.0446,Plasma,Plasma,Validation
CFZ,13,24,48,0.0275,Plasma,Plasma,Validation
CFZ,13,0,48,0.0573,Plasma,Plasma,Validation
CFZ,13,16,64,0.105,Plasma,Plasma,Validation
CFZ,13,20,68,0.0991,Plasma,Plasma,Validation
CFZ,13,24,72,0.0716,Plasma,Plasma,Validation
CFZ,14,16,40,0.0963,Plasma,Plasma,Validation
CFZ,14,20,44,0.0814,Plasma,Plasma,Validation
CFZ,14,24,48,0.06,Plasma,Plasma,Validation
CFZ,14,0,48,0.341,Plasma,Plasma,Validation
CFZ,14,16,64,0.281,Plasma,Plasma,Validation
CFZ,14,20,68,0.396,Plasma,Plasma,Validation
CFZ,14,24,72,0.257,Plasma,Plasma,Validation
CFZ,15,0,48,0.233,Plasma,Plasma,Validation
CFZ,15,0.5,48.5,0.211,Plasma,Plasma,Validation
CFZ,15,1,49,0.204,Plasma,Plasma,Validation
CFZ,15,3,51,0.192,Plasma,Plasma,Validation
CFZ,15,5,53,0.257,Plasma,Plasma,Validation
CFZ,15,7,55,0.384,Plasma,Plasma,Validation
CFZ,15,72,120,0.0835,Plasma,Plasma,Validation
CFZ,16,0,48,0.183,Plasma,Plasma,Validation
CFZ,16,0.5,48.5,0.179,Plasma,Plasma,Validation
CFZ,16,1,49,0.175,Plasma,Plasma,Validation
CFZ,16,3,51,0.193,Plasma,Plasma,Validation
CFZ,16,5,53,0.26,Plasma,Plasma,Validation
CFZ,16,7,55,0.495,Plasma,Plasma,Validation
CFZ,16,72,120,0.0969,Plasma,Plasma,Validation
CFZ,17,0,48,0.246,Plasma,Plasma,Validation
CFZ,17,0.5,48.5,0.225,Plasma,Plasma,Validation
CFZ,17,1,49,0.236,Plasma,Plasma,Validation
CFZ,17,3,51,0.586,Plasma,Plasma,Validation
CFZ,17,5,53,0.831,Plasma,Plasma,Validation
CFZ,17,7,55,0.681,Plasma,Plasma,Validation
CFZ,17,72,120,0.143,Plasma,Plasma,Validation
CFZ,18,0,48,0.383,Plasma,Plasma,Validation
CFZ,18,0.5,48.5,0.333,Plasma,Plasma,Validation
CFZ,18,1,49,0.397,Plasma,Plasma,Validation
CFZ,18,3,51,0.347,Plasma,Plasma,Validation
CFZ,18,5,53,0.601,Plasma,Plasma,Validation
CFZ,18,7,55,0.688,Plasma,Plasma,Validation
CFZ,18,72,120,0.519,Plasma,Plasma,Validation
CFZ,19,0,48,0.576,Plasma,Plasma,Validation
CFZ,19,0.5,48.5,0.571,Plasma,Plasma,Validation
CFZ,19,1,49,0.542,Plasma,Plasma,Validation
CFZ,19,3,51,0.463,Plasma,Plasma,Validation
CFZ,19,5,53,0.789,Plasma,Plasma,Validation
CFZ,19,7,55,0.814,Plasma,Plasma,Validation
CFZ,19,72,120,0.978,Plasma,Plasma,Validation
CFZ,20,0,0,0,Plasma,Plasma,Validation
CFZ,20,4,4,0.28,Plasma,Plasma,Validation
CFZ,20,6,6,0.318,Plasma,Plasma,Validation
CFZ,20,8,8,0.342,Plasma,Plasma,Validation
CFZ,20,0,48,0.168,Plasma,Plasma,Validation
CFZ,20,24,72,0.172,Plasma,Plasma,Validation
CFZ,20,28,76,0.224,Plasma,Plasma,Validation
CFZ,20,30,78,0.242,Plasma,Plasma,Validation
CFZ,20,32,80,0.163,Plasma,Plasma,Validation
CFZ,20,48,96,0.139,Plasma,Plasma,Validation
INH,1,0.5,0.5,8.98,Plasma,Plasma,Validation
INH,1,0.5,0.5,0.0683,Plasma,Plasma,Validation
INH,1,1,1,6.91,Plasma,Plasma,Validation
INH,1,1,1,0.0534,Plasma,Plasma,Validation
INH,1,2,2,19.5,Plasma,Plasma,Validation
INH,1,2,2,0.0606,Plasma,Plasma,Validation
INH,1,3,3,14.9,Plasma,Plasma,Validation
INH,1,3,3,0.12,Plasma,Plasma,Validation
INH,1,5,5,6.03,Plasma,Plasma,Validation
INH,1,5,5,0.0849,Plasma,Plasma,Validation
INH,1,7,7,2.43,Plasma,Plasma,Validation
INH,1,7,7,0.0492,Plasma,Plasma,Validation
INH,1,24,24.23333333,0.566,Plasma,Plasma,Validation
INH,1,24,24.23333333,0.0339,Plasma,Plasma,Validation
INH,2,0.5,0.5,19.3,Plasma,Plasma,Validation
INH,2,0.5,0.5,0.0353,Plasma,Plasma,Validation
INH,2,1,1,29.2,Plasma,Plasma,Validation
INH,2,1,1,0.102,Plasma,Plasma,Validation
INH,2,2,2,19.2,Plasma,Plasma,Validation
INH,2,2,2,0.118,Plasma,Plasma,Validation
INH,2,3,3,15.5,Plasma,Plasma,Validation
INH,2,3,3,0.155,Plasma,Plasma,Validation
INH,2,5,5,12.3,Plasma,Plasma,Validation
INH,2,5,5,0.188,Plasma,Plasma,Validation
INH,2,7,7,4.42,Plasma,Plasma,Validation
INH,2,7,7,0.0501,Plasma,Plasma,Validation
INH,2,24,24.4,0.254,Plasma,Plasma,Validation
INH,2,24,24.4,0.0335,Plasma,Plasma,Validation
INH,3,0.5,0.5,17.4,Plasma,Plasma,Validation
INH,3,0.5,0.5,3.73,Plasma,Plasma,Validation
INH,3,1,1,23.8,Plasma,Plasma,Validation
INH,3,1,1,5.61,Plasma,Plasma,Validation
INH,3,2,2,18.1,Plasma,Plasma,Validation
INH,3,2,2,6.88,Plasma,Plasma,Validation
INH,3,3,3,9.5,Plasma,Plasma,Validation
INH,3,3,3,5.45,Plasma,Plasma,Validation
INH,3,5,5,2.72,Plasma,Plasma,Validation
INH,3,5,5,2.63,Plasma,Plasma,Validation
INH,3,7,7,0.738,Plasma,Plasma,Validation
INH,3,7,7,0.915,Plasma,Plasma,Validation
INH,3,24,24.6,0.126,Plasma,Plasma,Validation
INH,3,24,24.6,0.125,Plasma,Plasma,Validation
INH,4,0.5,0.5,26.8,Plasma,Plasma,Validation
INH,4,0.5,0.5,5.45,Plasma,Plasma,Validation
INH,4,1,1,28.9,Plasma,Plasma,Validation
INH,4,1,1,8.56,Plasma,Plasma,Validation
INH,4,2,2,13.8,Plasma,Plasma,Validation
INH,4,2,2,8.65,Plasma,Plasma,Validation
INH,4,3,3,5.95,Plasma,Plasma,Validation
INH,4,3,3,5.49,Plasma,Plasma,Validation
INH,4,5,5,1.92,Plasma,Plasma,Validation
INH,4,5,5,2.49,Plasma,Plasma,Validation
INH,4,7,7,0.663,Plasma,Plasma,Validation
INH,4,7,7,0.738,Plasma,Plasma,Validation
INH,4,24,24.25,0.0747,Plasma,Plasma,Validation
INH,4,24,24.25,0.102,Plasma,Plasma,Validation
INH,5,0,47.96666667,0.0326,Plasma,Plasma,Validation
INH,5,0,47.96666667,0,Plasma,Plasma,Validation
INH,5,0.5,48.5,4.34,Plasma,Plasma,Validation
INH,5,0.5,48.5,0.583,Plasma,Plasma,Validation
INH,5,1,49,3.85,Plasma,Plasma,Validation
INH,5,1,49,0.646,Plasma,Plasma,Validation
INH,5,2,50,2.92,Plasma,Plasma,Validation
INH,5,2,50,0.793,Plasma,Plasma,Validation
INH,5,3,51,1.94,Plasma,Plasma,Validation
INH,5,3,51,0.695,Plasma,Plasma,Validation
INH,5,5,53,0.859,Plasma,Plasma,Validation
INH,5,5,53,0.372,Plasma,Plasma,Validation
INH,5,7,55,0.323,Plasma,Plasma,Validation
INH,5,7,55,0.163,Plasma,Plasma,Validation
INH,5,24,72,0.0253,Plasma,Plasma,Validation
INH,5,24,72,0,Plasma,Plasma,Validation
INH,6,0,47.93333333,0.0113,Plasma,Plasma,Validation
INH,6,0,47.93333333,0,Plasma,Plasma,Validation
INH,6,0.5,48.5,2.57,Plasma,Plasma,Validation
INH,6,0.5,48.5,1.8,Plasma,Plasma,Validation
INH,6,1,49,1.97,Plasma,Plasma,Validation
INH,6,1,49,1.83,Plasma,Plasma,Validation
INH,6,2,50,0.886,Plasma,Plasma,Validation
INH,6,2,50,1.23,Plasma,Plasma,Validation
INH,6,3,51,0.466,Plasma,Plasma,Validation
INH,6,3,51,0.781,Plasma,Plasma,Validation
INH,6,5,53,0.216,Plasma,Plasma,Validation
INH,6,5,53,0.237,Plasma,Plasma,Validation
INH,6,7,55,0.0741,Plasma,Plasma,Validation
INH,6,7,55,0.113,Plasma,Plasma,Validation
INH,6,24,72,0.00752,Plasma,Plasma,Validation
INH,6,24,72,0,Plasma,Plasma,Validation
INH,7,0,47.98333333,0.0149,Plasma,Plasma,Validation
INH,7,0,47.98333333,0,Plasma,Plasma,Validation
INH,7,0.5,48.5,3.6,Plasma,Plasma,Validation
INH,7,0.5,48.5,1.19,Plasma,Plasma,Validation
INH,7,1,49,3.31,Plasma,Plasma,Validation
INH,7,1,49,1.42,Plasma,Plasma,Validation
INH,7,2,50,2.49,Plasma,Plasma,Validation
INH,7,2,50,1.64,Plasma,Plasma,Validation
INH,7,3,51,1.14,Plasma,Plasma,Validation
INH,7,3,51,1.06,Plasma,Plasma,Validation
INH,7,5,53,0.283,Plasma,Plasma,Validation
INH,7,5,53,0.329,Plasma,Plasma,Validation
INH,7,7,55,0.137,Plasma,Plasma,Validation
INH,7,7,55,0.157,Plasma,Plasma,Validation
INH,7,24,72,0.00717,Plasma,Plasma,Validation
INH,7,24,72,0,Plasma,Plasma,Validation
INH,8,0,47.96666667,0.0133,Plasma,Plasma,Validation
INH,8,0,47.96666667,0,Plasma,Plasma,Validation
INH,8,0.5,48.5,2.24,Plasma,Plasma,Validation
INH,8,0.5,48.5,0.59,Plasma,Plasma,Validation
INH,8,1,49,2.58,Plasma,Plasma,Validation
INH,8,1,49,0.619,Plasma,Plasma,Validation
INH,8,2,50,2.45,Plasma,Plasma,Validation
INH,8,2,50,1.02,Plasma,Plasma,Validation
INH,8,3,51,1.81,Plasma,Plasma,Validation
INH,8,3,51,0.832,Plasma,Plasma,Validation
INH,8,5,53,0.664,Plasma,Plasma,Validation
INH,8,5,53,0.404,Plasma,Plasma,Validation
INH,8,7,55,0.339,Plasma,Plasma,Validation
INH,8,7,55,0.204,Plasma,Plasma,Validation
INH,8,24,72,0.0244,Plasma,Plasma,Validation
INH,8,24,72,0,Plasma,Plasma,Validation
INH,9,0,48,0.336,Plasma,Plasma,Validation
INH,9,0,48,0.473,Plasma,Plasma,Validation
INH,9,0.5,48.5,0.389,Plasma,Plasma,Validation
INH,9,0.5,48.5,0.459,Plasma,Plasma,Validation
INH,9,1,49,1.32,Plasma,Plasma,Validation
INH,9,1,49,0.83,Plasma,Plasma,Validation
INH,10,0,48,0.293,Plasma,Plasma,Validation
INH,10,0,48,0.365,Plasma,Plasma,Validation
INH,10,0.5,48.5,3.74,Plasma,Plasma,Validation
INH,10,0.5,48.5,1.57,Plasma,Plasma,Validation
INH,10,1,49,5.19,Plasma,Plasma,Validation
INH,10,1,49,2.71,Plasma,Plasma,Validation
INH,11,0,48,0.0162,Plasma,Plasma,Validation
INH,11,0,48,0.0262,Plasma,Plasma,Validation
INH,11,0.5,48.5,8.09,Plasma,Plasma,Validation
INH,11,0.5,48.5,2.54,Plasma,Plasma,Validation
INH,11,1,49,9.34,Plasma,Plasma,Validation
INH,11,1,49,3.45,Plasma,Plasma,Validation
INH,11,2,50,14.1,Plasma,Plasma,Validation
INH,11,2,50,5.62,Plasma,Plasma,Validation
INH,12,0,48,0.162,Plasma,Plasma,Validation
INH,12,0,48,0.131,Plasma,Plasma,Validation
INH,12,0.5,48.5,10.8,Plasma,Plasma,Validation
INH,12,0.5,48.5,2.95,Plasma,Plasma,Validation
INH,12,1,49,13,Plasma,Plasma,Validation
INH,12,1,49,4.2,Plasma,Plasma,Validation
INH,12,2,50,10.5,Plasma,Plasma,Validation
INH,12,2,50,4.55,Plasma,Plasma,Validation
INH,13,0,48,0.232,Plasma,Plasma,Validation
INH,13,0,48,0.137,Plasma,Plasma,Validation
INH,13,0.5,48.5,14.8,Plasma,Plasma,Validation
INH,13,0.5,48.5,3.4,Plasma,Plasma,Validation
INH,13,1,49,15.9,Plasma,Plasma,Validation
INH,13,1,49,4.57,Plasma,Plasma,Validation
INH,13,2,50,12.9,Plasma,Plasma,Validation
INH,13,2,50,4.71,Plasma,Plasma,Validation
INH,14,0,48,0.0783,Plasma,Plasma,Validation
INH,14,0,48,0.113,Plasma,Plasma,Validation
INH,14,0.5,48.5,0.524,Plasma,Plasma,Validation
INH,14,0.5,48.5,0.328,Plasma,Plasma,Validation
INH,14,1,49,2.43,Plasma,Plasma,Validation
INH,14,1,49,1.24,Plasma,Plasma,Validation
INH,15,0,48,0.0963,Plasma,Plasma,Validation
INH,15,0,48,0.0715,Plasma,Plasma,Validation
INH,15,0.5,48.5,7.48,Plasma,Plasma,Validation
INH,15,0.5,48.5,1.74,Plasma,Plasma,Validation
INH,15,1,49,8.44,Plasma,Plasma,Validation
INH,15,1,49,2.58,Plasma,Plasma,Validation
INH,15,2,50,10.2,Plasma,Plasma,Validation
INH,15,2,50,3.76,Plasma,Plasma,Validation
INH,15,3,51,7.59,Plasma,Plasma,Validation
INH,15,3,51,3.45,Plasma,Plasma,Validation
INH,15,5,53,3.59,Plasma,Plasma,Validation
INH,15,5,53,2.08,Plasma,Plasma,Validation
INH,15,7,55,1.28,Plasma,Plasma,Validation
INH,15,7,55,0.795,Plasma,Plasma,Validation
INH,15,24,72,0.109,Plasma,Plasma,Validation
INH,15,24,72,0.0738,Plasma,Plasma,Validation
INH,16,0,48,0.37,Plasma,Plasma,Validation
INH,16,0,48,0.147,Plasma,Plasma,Validation
INH,16,0.5,48.5,3.06,Plasma,Plasma,Validation
INH,16,0.5,48.5,0.498,Plasma,Plasma,Validation
INH,16,1,49,10.7,Plasma,Plasma,Validation
INH,16,1,49,1.73,Plasma,Plasma,Validation
INH,16,2,50,11.7,Plasma,Plasma,Validation
INH,16,2,50,2.66,Plasma,Plasma,Validation
INH,16,3,51,8.04,Plasma,Plasma,Validation
INH,16,3,51,2.37,Plasma,Plasma,Validation
INH,16,5,53,3.97,Plasma,Plasma,Validation
INH,16,5,53,1.44,Plasma,Plasma,Validation
INH,16,7,55,2.03,Plasma,Plasma,Validation
INH,16,7,55,0.713,Plasma,Plasma,Validation
INH,16,24,72,0.308,Plasma,Plasma,Validation
INH,16,24,72,0.131,Plasma,Plasma,Validation
INH,17,0,24,0.158,Plasma,Plasma,Validation
INH,17,0,24,0.13,Plasma,Plasma,Validation
INH,17,0.5,24.5,1.95,Plasma,Plasma,Validation
INH,17,0.5,24.5,0.54,Plasma,Plasma,Validation
INH,17,1,25,6.79,Plasma,Plasma,Validation
INH,17,1,25,1.96,Plasma,Plasma,Validation
INH,17,2,26,8.7,Plasma,Plasma,Validation
INH,17,2,26,3.22,Plasma,Plasma,Validation
INH,17,3,27,9.36,Plasma,Plasma,Validation
INH,17,3,27,3.98,Plasma,Plasma,Validation
INH,17,5,29,4.91,Plasma,Plasma,Validation
INH,17,5,29,3.05,Plasma,Plasma,Validation
INH,17,7,31,1.06,Plasma,Plasma,Validation
INH,17,7,31,1.23,Plasma,Plasma,Validation
INH,17,24,48,0.276,Plasma,Plasma,Validation
INH,17,24,48,0.231,Plasma,Plasma,Validation
INH,18,0,24,0.113,Plasma,Plasma,Validation
INH,18,0,24,0.139,Plasma,Plasma,Validation
INH,18,0.5,24.5,7.28,Plasma,Plasma,Validation
INH,18,0.5,24.5,2.91,Plasma,Plasma,Validation
INH,18,1,25,9.01,Plasma,Plasma,Validation
INH,18,1,25,3.96,Plasma,Plasma,Validation
INH,18,2,26,7.52,Plasma,Plasma,Validation
INH,18,2,26,4.71,Plasma,Plasma,Validation
INH,18,3,27,6.02,Plasma,Plasma,Validation
INH,18,3,27,4.5,Plasma,Plasma,Validation
INH,18,5,29,2.12,Plasma,Plasma,Validation
INH,18,5,29,2.29,Plasma,Plasma,Validation
INH,18,7,31,3.33,Plasma,Plasma,Validation
INH,18,7,31,2.44,Plasma,Plasma,Validation
INH,18,24,48,0.146,Plasma,Plasma,Validation
INH,18,24,48,0.182,Plasma,Plasma,Validation
INH,19,0,48,0.0258,Plasma,Plasma,Validation
INH,19,0,48,0.0324,Plasma,Plasma,Validation
INH,19,0.5,48.5,10.9,Plasma,Plasma,Validation
INH,19,0.5,48.5,5.37,Plasma,Plasma,Validation
INH,19,1,49,8.6,Plasma,Plasma,Validation
INH,19,1,49,5.45,Plasma,Plasma,Validation
INH,19,2,50,4.43,Plasma,Plasma,Validation
INH,19,2,50,4.16,Plasma,Plasma,Validation
INH,19,16,64,0.261,Plasma,Plasma,Validation
INH,19,16,64,0.331,Plasma,Plasma,Validation
INH,20,0,48,0.053,Plasma,Plasma,Validation
INH,20,0,48,0.0722,Plasma,Plasma,Validation
INH,20,0.5,48.5,9.15,Plasma,Plasma,Validation
INH,20,0.5,48.5,3.96,Plasma,Plasma,Validation
INH,20,1,49,7.33,Plasma,Plasma,Validation
INH,20,1,49,4.74,Plasma,Plasma,Validation
INH,20,2,50,5.41,Plasma,Plasma,Validation
INH,20,2,50,4.65,Plasma,Plasma,Validation
INH,20,16,64,0.252,Plasma,Plasma,Validation
INH,20,16,64,0.328,Plasma,Plasma,Validation
KAN,1,0,48,0,Plasma,Plasma,Validation
KAN,1,0.5,48.5,101,Plasma,Plasma,Validation
KAN,1,1,49,88.1,Plasma,Plasma,Validation
KAN,1,2,50,50.6,Plasma,Plasma,Validation
KAN,2,0,48,0,Plasma,Plasma,Validation
KAN,2,0.5,48.5,133,Plasma,Plasma,Validation
KAN,2,1,49,93.9,Plasma,Plasma,Validation
KAN,2,2,50,43.3,Plasma,Plasma,Validation
KAN,3,0,48,0.039,Plasma,Plasma,Validation
KAN,3,0.5,48.5,84.1,Plasma,Plasma,Validation
KAN,3,1,49,78.8,Plasma,Plasma,Validation
KAN,3,2,50,40.3,Plasma,Plasma,Validation
KAN,3,4,52,5.68,Plasma,Plasma,Validation
KAN,3,6,54,1.16,Plasma,Plasma,Validation
KAN,4,0,48,0.056,Plasma,Plasma,Validation
KAN,4,0.5,48.5,110,Plasma,Plasma,Validation
KAN,4,1,49,102,Plasma,Plasma,Validation
KAN,4,2,50,45.1,Plasma,Plasma,Validation
KAN,4,4,52,6.55,Plasma,Plasma,Validation
KAN,4,6,54,1.34,Plasma,Plasma,Validation
KAN,5,0,48,0.033,Plasma,Plasma,Validation
KAN,5,0.5,48.5,75.1,Plasma,Plasma,Validation
KAN,5,1,49,69.5,Plasma,Plasma,Validation
KAN,5,2,50,31.1,Plasma,Plasma,Validation
KAN,5,4,52,4.77,Plasma,Plasma,Validation
KAN,5,6,54,0.915,Plasma,Plasma,Validation
LZD,160,0,72,0.0984,Plasma,Plasma,Validation
LZD,160,0.5,72.5,1.05,Plasma,Plasma,Validation
LZD,160,1,73,16.4,Plasma,Plasma,Validation
LZD,161,0,72,3.19,Plasma,Plasma,Validation
LZD,161,0.5,72.5,37.7,Plasma,Plasma,Validation
LZD,161,1,73,40,Plasma,Plasma,Validation
LZD,162,0,72,0.00997,Plasma,Plasma,Validation
LZD,162,0.5,72.5,18.7,Plasma,Plasma,Validation
LZD,162,1,73,20.9,Plasma,Plasma,Validation
LZD,265,0,72,0.312,Plasma,Plasma,Validation
LZD,265,0.5,72.5,0.33,Plasma,Plasma,Validation
LZD,265,1,73,0.371,Plasma,Plasma,Validation
LZD,265,2,74,4.16,Plasma,Plasma,Validation
LZD,265,3,75,3.31,Plasma,Plasma,Validation
LZD,265,4,76,3.24,Plasma,Plasma,Validation
LZD,266,0,72,0.0123,Plasma,Plasma,Validation
LZD,266,0.5,72.5,23.5,Plasma,Plasma,Validation
LZD,266,1,73,31.3,Plasma,Plasma,Validation
LZD,266,2,74,42.8,Plasma,Plasma,Validation
LZD,266,3,75,48.1,Plasma,Plasma,Validation
LZD,266,4,76,45.5,Plasma,Plasma,Validation
LZD,267,0,72,0.0303,Plasma,Plasma,Validation
LZD,267,0.5,72.5,0.49,Plasma,Plasma,Validation
LZD,267,1,73,0.672,Plasma,Plasma,Validation
LZD,267,2,74,28.2,Plasma,Plasma,Validation
LZD,267,3,75,32.2,Plasma,Plasma,Validation
LZD,267,4,76,35.7,Plasma,Plasma,Validation
LZD,269,0,72,0.0252,Plasma,Plasma,Validation
LZD,269,0.5,72.5,10.2,Plasma,Plasma,Validation
LZD,269,1,73,33.8,Plasma,Plasma,Validation
LZD,269,2,74,41.8,Plasma,Plasma,Validation
LZD,269,3,75,35.3,Plasma,Plasma,Validation
LZD,269,4,76,32.1,Plasma,Plasma,Validation
LZD,269,6,78,24.3,Plasma,Plasma,Validation
LZD,269,8,80,11.3,Plasma,Plasma,Validation
LZD,270,0,72,0.0207,Plasma,Plasma,Validation
LZD,270,0.5,72.5,0.33,Plasma,Plasma,Validation
LZD,270,1,73,31.7,Plasma,Plasma,Validation
LZD,270,2,74,65.6,Plasma,Plasma,Validation
LZD,270,3,75,61.8,Plasma,Plasma,Validation
LZD,270,4,76,38.7,Plasma,Plasma,Validation
LZD,270,6,78,16,Plasma,Plasma,Validation
LZD,270,8,80,3.84,Plasma,Plasma,Validation
LZD,271,0,72,0.0748,Plasma,Plasma,Validation
LZD,271,0.5,72.5,12.4,Plasma,Plasma,Validation
LZD,271,1,73,14.7,Plasma,Plasma,Validation
LZD,271,2,74,20,Plasma,Plasma,Validation
LZD,271,3,75,27,Plasma,Plasma,Validation
LZD,271,4,76,37.7,Plasma,Plasma,Validation
LZD,271,6,78,39.5,Plasma,Plasma,Validation
LZD,271,8,80,27.1,Plasma,Plasma,Validation
LZD,137,0,45.71666667,0.0013,Plasma,Plasma,Validation
LZD,137,0.5,46.25,21.1,Plasma,Plasma,Validation
LZD,137,1,46.75,32.5,Plasma,Plasma,Validation
LZD,137,2,47.75,22,Plasma,Plasma,Validation
LZD,137,3,48.75,14.3,Plasma,Plasma,Validation
LZD,137,5,50.75,6.01,Plasma,Plasma,Validation
LZD,137,7,52.75,1.04,Plasma,Plasma,Validation
LZD,137,24,69.75,0.00137,Plasma,Plasma,Validation
LZD,138,0,45.76666667,0.00975,Plasma,Plasma,Validation
LZD,138,0.5,46.28333333,14.9,Plasma,Plasma,Validation
LZD,138,1,46.78333333,22.6,Plasma,Plasma,Validation
LZD,138,2,47.86666667,21.1,Plasma,Plasma,Validation
LZD,138,3,48.76666667,14.8,Plasma,Plasma,Validation
LZD,138,5,50.78333333,5.14,Plasma,Plasma,Validation
LZD,138,7,52.78333333,0.818,Plasma,Plasma,Validation
LZD,138,24,69.78333333,0.00516,Plasma,Plasma,Validation
LZD,139,0,45.8,0.0111,Plasma,Plasma,Validation
LZD,139,0.5,46.31666667,13.9,Plasma,Plasma,Validation
LZD,139,1,46.81666667,18.2,Plasma,Plasma,Validation
LZD,139,2,47.88333333,24.7,Plasma,Plasma,Validation
LZD,139,3,48.81666667,18.1,Plasma,Plasma,Validation
LZD,139,5,50.86666667,7.7,Plasma,Plasma,Validation
LZD,139,7,53.23333333,2.19,Plasma,Plasma,Validation
LZD,139,24,69.81666667,0.0013,Plasma,Plasma,Validation
LZD,140,0,45.83333333,0.019,Plasma,Plasma,Validation
LZD,140,0.5,46.36666667,27.5,Plasma,Plasma,Validation
LZD,140,1,46.86666667,43.3,Plasma,Plasma,Validation
LZD,140,2,47.86666667,42.1,Plasma,Plasma,Validation
LZD,140,3,48.86666667,34.6,Plasma,Plasma,Validation
LZD,140,5,50.86666667,19.2,Plasma,Plasma,Validation
LZD,140,7,52.93333333,7.06,Plasma,Plasma,Validation
LZD,140,24,69.86666667,0.0103,Plasma,Plasma,Validation
LZD,141,0,45.88333333,0.0149,Plasma,Plasma,Validation
LZD,141,0.5,46.43333333,0.351,Plasma,Plasma,Validation
LZD,141,1,46.93333333,7.64,Plasma,Plasma,Validation
LZD,141,2,47.93333333,23.7,Plasma,Plasma,Validation
LZD,141,3,48.93333333,33.2,Plasma,Plasma,Validation
LZD,141,5,50.93333333,25,Plasma,Plasma,Validation
LZD,141,7,52.95,18.6,Plasma,Plasma,Validation
LZD,141,24,69.93333333,0.00392,Plasma,Plasma,Validation
LZD,142,0,45.93333333,0.0338,Plasma,Plasma,Validation
LZD,142,0.5,46.45,32.6,Plasma,Plasma,Validation
LZD,142,1,46.95,36,Plasma,Plasma,Validation
LZD,142,2,47.95,41.5,Plasma,Plasma,Validation
LZD,142,3,48.95,39,Plasma,Plasma,Validation
LZD,142,5,50.95,30.4,Plasma,Plasma,Validation
LZD,142,7,52.95,19.3,Plasma,Plasma,Validation
LZD,142,24,69.95,0.0371,Plasma,Plasma,Validation
LZD,65,0.5,0.5,14.8,Plasma,Plasma,Validation
LZD,65,1,1,21.3,Plasma,Plasma,Validation
LZD,65,2,2,21.2,Plasma,Plasma,Validation
LZD,65,3,3,12.8,Plasma,Plasma,Validation
LZD,65,5,5,2.34,Plasma,Plasma,Validation
LZD,65,7,7,0.349,Plasma,Plasma,Validation
LZD,65,24,24,5.00E-04,Plasma,Plasma,Validation
LZD,71,0.5,0.5,20.5,Plasma,Plasma,Validation
LZD,71,1,1,27.5,Plasma,Plasma,Validation
LZD,71,2,2,25.9,Plasma,Plasma,Validation
LZD,71,3,3,21.7,Plasma,Plasma,Validation
LZD,71,5,5,9.42,Plasma,Plasma,Validation
LZD,71,7,7,1.71,Plasma,Plasma,Validation
LZD,71,24,24,5.00E-04,Plasma,Plasma,Validation
LZD,73,0.5,0.5,25.8,Plasma,Plasma,Validation
LZD,73,1,1,28.9,Plasma,Plasma,Validation
LZD,73,2,2,23.5,Plasma,Plasma,Validation
LZD,73,3,3,17.4,Plasma,Plasma,Validation
LZD,73,5,5,5.07,Plasma,Plasma,Validation
LZD,73,7,7,0.644,Plasma,Plasma,Validation
LZD,73,24,24,5.00E-04,Plasma,Plasma,Validation
MXF,1,0.5,0.5,5.56,Plasma,Plasma,Validation
MXF,1,1,1,6.42,Plasma,Plasma,Validation
MXF,1,2,2,6.88,Plasma,Plasma,Validation
MXF,1,6,6,4.41,Plasma,Plasma,Validation
MXF,1,24,24,0.708,Plasma,Plasma,Validation
MXF,2,0.5,0.5,8.81,Plasma,Plasma,Validation
MXF,2,1,1,7.12,Plasma,Plasma,Validation
MXF,2,2,2,6.87,Plasma,Plasma,Validation
MXF,3,0.5,0.5,7.64,Plasma,Plasma,Validation
MXF,3,1,1,5.78,Plasma,Plasma,Validation
MXF,3,2,2,4.65,Plasma,Plasma,Validation
MXF,3,6,6,5.3,Plasma,Plasma,Validation
MXF,4,0.5,0.5,3.48,Plasma,Plasma,Validation
MXF,4,1,1,3.36,Plasma,Plasma,Validation
MXF,4,2,2,3,Plasma,Plasma,Validation
MXF,5,0.25,0.25,0.464,Plasma,Plasma,Validation
MXF,5,0.5,0.5,0.705,Plasma,Plasma,Validation
MXF,5,1,1,1.044,Plasma,Plasma,Validation
MXF,5,1.5,1.5,0.96,Plasma,Plasma,Validation
MXF,5,2,2,0.653,Plasma,Plasma,Validation
MXF,6,0.25,0.25,0.059,Plasma,Plasma,Validation
MXF,6,0.5,0.5,0.176,Plasma,Plasma,Validation
MXF,6,1,1,1.127,Plasma,Plasma,Validation
MXF,6,16,16,0.089,Plasma,Plasma,Validation
MXF,7,0.25,0.25,0.37,Plasma,Plasma,Validation
MXF,7,0.5,0.5,0.788,Plasma,Plasma,Validation
MXF,7,1,1,1.397,Plasma,Plasma,Validation
MXF,7,1.5,1.5,1.734,Plasma,Plasma,Validation
MXF,7,6,6,0.515,Plasma,Plasma,Validation
MXF,8,0.5,0.5,3.65,Plasma,Plasma,Validation
MXF,8,1,1,5.46,Plasma,Plasma,Validation
MXF,8,2,2,3.31,Plasma,Plasma,Validation
MXF,9,0.5,0.5,5.9,Plasma,Plasma,Validation
MXF,9,1,1,3.97,Plasma,Plasma,Validation
MXF,9,2,2,4.7,Plasma,Plasma,Validation
MXF,9,4,4,4.88,Plasma,Plasma,Validation
MXF,9,6,6,4.78,Plasma,Plasma,Validation
MXF,11,0.5,0.5,7.36,Plasma,Plasma,Validation
MXF,11,1,1,6.74,Plasma,Plasma,Validation
MXF,11,2,2,6.61,Plasma,Plasma,Validation
MXF,11,3,3,5.16,Plasma,Plasma,Validation
MXF,11,5,5,1.77,Plasma,Plasma,Validation
MXF,11,7,7,1.1,Plasma,Plasma,Validation
MXF,11,24,24,0.342,Plasma,Plasma,Validation
MXF,12,0.5,0.5,4.99,Plasma,Plasma,Validation
MXF,12,1,1,4.47,Plasma,Plasma,Validation
MXF,12,2,2,5.355,Plasma,Plasma,Validation
MXF,12,3,3,3.6,Plasma,Plasma,Validation
MXF,12,5,5,4.675,Plasma,Plasma,Validation
MXF,12,7,7,1.67,Plasma,Plasma,Validation
MXF,12,24,24,0.322,Plasma,Plasma,Validation
MXF,13,0.5,0.5,2.38,Plasma,Plasma,Validation
MXF,13,1,1,3.025,Plasma,Plasma,Validation
MXF,13,2,2,3.725,Plasma,Plasma,Validation
MXF,13,3,3,6.67,Plasma,Plasma,Validation
MXF,13,5,5,2.455,Plasma,Plasma,Validation
MXF,13,7,7,0.9095,Plasma,Plasma,Validation
MXF,13,24,24,0.1845,Plasma,Plasma,Validation
MXF,14,0.5,0.5,4.64,Plasma,Plasma,Validation
MXF,14,1,1,4.46,Plasma,Plasma,Validation
MXF,14,2,2,5.855,Plasma,Plasma,Validation
MXF,14,3,3,5.98,Plasma,Plasma,Validation
MXF,14,5,5,2.73,Plasma,Plasma,Validation
MXF,14,7,7,1.5,Plasma,Plasma,Validation
MXF,14,24,24,0.45,Plasma,Plasma,Validation
MXF,15,0.5,0.5,3.8395,Plasma,Plasma,Validation
MXF,15,1,1,3.4328,Plasma,Plasma,Validation
MXF,15,2,2,3.1532,Plasma,Plasma,Validation
MXF,15,3,3,2.2833,Plasma,Plasma,Validation
MXF,15,5,5,0.8712,Plasma,Plasma,Validation
MXF,15,7,7,0.3525,Plasma,Plasma,Validation
MXF,15,24,24,0.1612,Plasma,Plasma,Validation
MXF,16,0.5,0.5,2.3974,Plasma,Plasma,Validation
MXF,16,1,1,3.2335,Plasma,Plasma,Validation
MXF,16,2,2,2.7048,Plasma,Plasma,Validation
MXF,16,3,3,1.6806,Plasma,Plasma,Validation
MXF,16,5,5,0.6513,Plasma,Plasma,Validation
MXF,16,7,7,0.3051,Plasma,Plasma,Validation
MXF,16,24,24,0.0862,Plasma,Plasma,Validation
MXF,17,0.5,0.5,2.3814,Plasma,Plasma,Validation
MXF,17,1,1,2.5971,Plasma,Plasma,Validation
MXF,17,2,2,2.3636,Plasma,Plasma,Validation
MXF,17,3,3,1.4382,Plasma,Plasma,Validation
MXF,17,5,5,0.5983,Plasma,Plasma,Validation
MXF,17,7,7,0.3123,Plasma,Plasma,Validation
MXF,17,24,24,0.0637,Plasma,Plasma,Validation
MXF,18,0,1320,0.139,Plasma,Plasma,Validation
MXF,18,0.5,1320.5,1.49,Plasma,Plasma,Validation
MXF,18,1,1321,1.85,Plasma,Plasma,Validation
MXF,18,2,1322,1.07,Plasma,Plasma,Validation
MXF,18,4,1324,0.483,Plasma,Plasma,Validation
MXF,18,7,1327,0.229,Plasma,Plasma,Validation
MXF,18,24,1344,0.162,Plasma,Plasma,Validation
MXF,19,0,1320,0.0627,Plasma,Plasma,Validation
MXF,19,0.5,1320.5,2.97,Plasma,Plasma,Validation
MXF,19,1,1321,3.44,Plasma,Plasma,Validation
MXF,19,2,1322,2.23,Plasma,Plasma,Validation
MXF,19,4,1324,0.826,Plasma,Plasma,Validation
MXF,19,7,1327,0.205,Plasma,Plasma,Validation
MXF,19,24,1344,0.0709,Plasma,Plasma,Validation
MXF,20,0,1320,0.393,Plasma,Plasma,Validation
MXF,20,0.5,1320.5,2.79,Plasma,Plasma,Validation
MXF,20,1,1321,2.76,Plasma,Plasma,Validation
MXF,20,2,1322,1.92,Plasma,Plasma,Validation
MXF,20,4,1324,1.01,Plasma,Plasma,Validation
MXF,20,7,1327,0.355,Plasma,Plasma,Validation
MXF,20,24,1344,0.236,Plasma,Plasma,Validation
MXF,21,0,1320,0.118,Plasma,Plasma,Validation
MXF,21,0.5,1320.5,1.63,Plasma,Plasma,Validation
MXF,21,1,1321,2.44,Plasma,Plasma,Validation
MXF,21,2,1322,2.08,Plasma,Plasma,Validation
MXF,21,4,1324,1.29,Plasma,Plasma,Validation
MXF,21,7,1327,0.681,Plasma,Plasma,Validation
MXF,21,24,1344,0.183,Plasma,Plasma,Validation
MXF,22,0,480,2.71,Plasma,Plasma,Validation
MXF,22,0.5,480.5,7.1,Plasma,Plasma,Validation
MXF,22,2,482,7.13,Plasma,Plasma,Validation
MXF,22,4,484,4.37,Plasma,Plasma,Validation
MXF,22,7,487,3.02,Plasma,Plasma,Validation
MXF,22,24,504,2.71,Plasma,Plasma,Validation
MXF,23,0,480,1.66,Plasma,Plasma,Validation
MXF,23,0.5,480.5,6.12,Plasma,Plasma,Validation
MXF,23,2,482,5.02,Plasma,Plasma,Validation
MXF,23,4,484,2.88,Plasma,Plasma,Validation
MXF,23,7,487,1.87,Plasma,Plasma,Validation
MXF,23,24,504,1.66,Plasma,Plasma,Validation
MXF,24,0,480,0.757,Plasma,Plasma,Validation
MXF,24,0.5,480.5,2.7,Plasma,Plasma,Validation
MXF,24,2,482,3,Plasma,Plasma,Validation
MXF,24,4,484,1.87,Plasma,Plasma,Validation
MXF,24,7,487,1.12,Plasma,Plasma,Validation
MXF,24,24,504,0.757,Plasma,Plasma,Validation
MXF,25,0,480,1.83,Plasma,Plasma,Validation
MXF,25,0.5,480.5,5.16,Plasma,Plasma,Validation
MXF,25,2,482,5.47,Plasma,Plasma,Validation
MXF,25,4,484,3.39,Plasma,Plasma,Validation
MXF,25,7,487,2.89,Plasma,Plasma,Validation
MXF,25,24,504,1.83,Plasma,Plasma,Validation
MXF,26,0,480,1.24,Plasma,Plasma,Validation
MXF,26,0.5,480.5,4.63,Plasma,Plasma,Validation
MXF,26,2,482,4.53,Plasma,Plasma,Validation
MXF,26,4,484,2.67,Plasma,Plasma,Validation
MXF,26,7,487,2.02,Plasma,Plasma,Validation
MXF,26,24,504,1.24,Plasma,Plasma,Validation
MXF,27,0,480,0.686,Plasma,Plasma,Validation
MXF,27,0.5,480.5,2.56,Plasma,Plasma,Validation
MXF,27,2,482,3.72,Plasma,Plasma,Validation
MXF,27,4,484,3.27,Plasma,Plasma,Validation
MXF,27,7,487,2.53,Plasma,Plasma,Validation
MXF,27,24,504,0.686,Plasma,Plasma,Validation
MXF,28,0,480,1.92,Plasma,Plasma,Validation
MXF,28,0.5,480.5,4.25,Plasma,Plasma,Validation
MXF,28,2,482,5.93,Plasma,Plasma,Validation
MXF,28,4,484,4.25,Plasma,Plasma,Validation
MXF,28,7,487,2.8,Plasma,Plasma,Validation
MXF,28,24,504,1.92,Plasma,Plasma,Validation
MXF,29,0,480,0.732,Plasma,Plasma,Validation
MXF,29,0.5,480.5,1.84,Plasma,Plasma,Validation
MXF,29,2,482,4.39,Plasma,Plasma,Validation
MXF,29,4,484,2.23,Plasma,Plasma,Validation
MXF,29,7,487,1.35,Plasma,Plasma,Validation
MXF,29,24,504,0.732,Plasma,Plasma,Validation
MXF,31,2.983333333,314.9833333,1.37,Plasma,Plasma,Validation
MXF,32,3.25,315.25,2.92,Plasma,Plasma,Validation
MXF,33,2.966666667,314.9666667,1.32,Plasma,Plasma,Validation
MXF,34,3.366666667,339.3666667,1.54,Plasma,Plasma,Validation
MXF,35,2.933333333,338.9333333,1.84,Plasma,Plasma,Validation
MXF,36,24.06666667,336.0666667,0.587,Plasma,Plasma,Validation
MXF,37,24,360,0.112,Plasma,Plasma,Validation
MXF,38,24,360,0.222,Plasma,Plasma,Validation
MXF,39,0.733333333,672.7333333,1.3,Plasma,Plasma,Validation
MXF,39,1.45,673.45,1.88,Plasma,Plasma,Validation
MXF,39,2.533333333,674.5333333,2.31,Plasma,Plasma,Validation
MXF,40,0.683333333,672.6833333,2.48,Plasma,Plasma,Validation
MXF,40,1.483333333,673.4833333,3.1,Plasma,Plasma,Validation
MXF,40,2.566666667,674.5666667,1.89,Plasma,Plasma,Validation
MXF,41,0.733333333,672.7333333,4.17,Plasma,Plasma,Validation
MXF,41,1.5,673.5,3.31,Plasma,Plasma,Validation
MXF,41,2.483333333,674.4833333,2.41,Plasma,Plasma,Validation
MXF,42,0,48,0.606,Plasma,Plasma,Validation
MXF,42,0.5,48.5,0.601,Plasma,Plasma,Validation
MXF,42,1,49,0.512,Plasma,Plasma,Validation
MXF,42,2,50,1.42,Plasma,Plasma,Validation
MXF,42,3,51,2.48,Plasma,Plasma,Validation
MXF,42,5,53,2.64,Plasma,Plasma,Validation
MXF,42,7,55,2.81,Plasma,Plasma,Validation
MXF,42,24,72,1.27,Plasma,Plasma,Validation
MXF,43,0,48,0.342,Plasma,Plasma,Validation
MXF,43,0.5,48.5,2.39,Plasma,Plasma,Validation
MXF,43,1,49,3.16,Plasma,Plasma,Validation
MXF,43,2,50,3.93,Plasma,Plasma,Validation
MXF,43,4,52,2.11,Plasma,Plasma,Validation
MXF,43,6,54,1.3,Plasma,Plasma,Validation
MXF,43,8,56,1.09,Plasma,Plasma,Validation
MXF,43,24,72,0.567,Plasma,Plasma,Validation
MXF,44,0,48,0.423,Plasma,Plasma,Validation
MXF,44,0.5,48.5,0.457,Plasma,Plasma,Validation
MXF,44,1,49,2.11,Plasma,Plasma,Validation
MXF,44,2,50,3.4,Plasma,Plasma,Validation
MXF,44,4,52,2.57,Plasma,Plasma,Validation
MXF,44,6,54,2.17,Plasma,Plasma,Validation
PZA,841,0.5,0.5,35.801,Plasma,Plasma,Validation
PZA,841,0.5,0.5,35.801,Plasma,Plasma,Validation
PZA,841,1,1,38.198,Plasma,Plasma,Validation
PZA,841,1,1,38.198,Plasma,Plasma,Validation
PZA,841,2,2,28.968,Plasma,Plasma,Validation
PZA,841,2,2,28.968,Plasma,Plasma,Validation
PZA,841,4,4,18.944,Plasma,Plasma,Validation
PZA,841,4,4,18.944,Plasma,Plasma,Validation
PZA,841,6,6,2.321,Plasma,Plasma,Validation
PZA,841,6,6,2.321,Plasma,Plasma,Validation
PZA,841,8,8,0,Plasma,Plasma,Validation
PZA,841,8,8,0,Plasma,Plasma,Validation
PZA,841,24,24,0,Plasma,Plasma,Validation
PZA,841,24,24,0,Plasma,Plasma,Validation
PZA,841,0.5,0.5,79.184,Plasma,Plasma,Validation
PZA,841,0.5,0.5,79.184,Plasma,Plasma,Validation
PZA,841,1,1,83.457,Plasma,Plasma,Validation
PZA,841,1,1,83.457,Plasma,Plasma,Validation
PZA,841,2,2,63.617,Plasma,Plasma,Validation
PZA,841,2,2,63.617,Plasma,Plasma,Validation
PZA,841,4,4,49.711,Plasma,Plasma,Validation
PZA,841,4,4,49.711,Plasma,Plasma,Validation
PZA,841,6,6,9.802,Plasma,Plasma,Validation
PZA,841,6,6,9.802,Plasma,Plasma,Validation
PZA,841,8,8,1.646,Plasma,Plasma,Validation
PZA,841,8,8,1.646,Plasma,Plasma,Validation
PZA,841,24,24,0,Plasma,Plasma,Validation
PZA,841,24,24,0,Plasma,Plasma,Validation
PZA,842,0.5,0.5,71.019,Plasma,Plasma,Validation
PZA,842,0.5,0.5,71.019,Plasma,Plasma,Validation
PZA,842,1,1,48.995,Plasma,Plasma,Validation
PZA,842,1,1,48.995,Plasma,Plasma,Validation
PZA,842,2,2,37.592,Plasma,Plasma,Validation
PZA,842,2,2,37.592,Plasma,Plasma,Validation
PZA,842,4,4,14.912,Plasma,Plasma,Validation
PZA,842,4,4,14.912,Plasma,Plasma,Validation
PZA,842,6,6,2.71,Plasma,Plasma,Validation
PZA,842,6,6,2.71,Plasma,Plasma,Validation
PZA,842,8,8,0.306,Plasma,Plasma,Validation
PZA,842,8,8,0.306,Plasma,Plasma,Validation
PZA,842,24,24,0,Plasma,Plasma,Validation
PZA,842,24,24,0,Plasma,Plasma,Validation
PZA,842,0.5,0.5,55.684,Plasma,Plasma,Validation
PZA,842,0.5,0.5,55.684,Plasma,Plasma,Validation
PZA,842,1,1,47.884,Plasma,Plasma,Validation
PZA,842,1,1,47.884,Plasma,Plasma,Validation
PZA,842,2,2,54.828,Plasma,Plasma,Validation
PZA,842,2,2,54.828,Plasma,Plasma,Validation
PZA,842,4,4,86.094,Plasma,Plasma,Validation
PZA,842,4,4,86.094,Plasma,Plasma,Validation
PZA,842,6,6,45.178,Plasma,Plasma,Validation
PZA,842,6,6,45.178,Plasma,Plasma,Validation
PZA,842,8,8,13.609,Plasma,Plasma,Validation
PZA,842,8,8,13.609,Plasma,Plasma,Validation
PZA,842,24,24,0,Plasma,Plasma,Validation
PZA,842,24,24,0,Plasma,Plasma,Validation
PZA,843,0.5,0.5,53.017,Plasma,Plasma,Validation
PZA,843,0.5,0.5,53.017,Plasma,Plasma,Validation
PZA,843,1,1,64.854,Plasma,Plasma,Validation
PZA,843,1,1,64.854,Plasma,Plasma,Validation
PZA,843,2,2,34.387,Plasma,Plasma,Validation
PZA,843,2,2,34.387,Plasma,Plasma,Validation
PZA,843,4,4,8.967,Plasma,Plasma,Validation
PZA,843,4,4,8.967,Plasma,Plasma,Validation
PZA,843,6,6,4.875,Plasma,Plasma,Validation
PZA,843,6,6,4.875,Plasma,Plasma,Validation
PZA,843,8,8,0.807,Plasma,Plasma,Validation
PZA,843,8,8,0.807,Plasma,Plasma,Validation
PZA,843,24,24,0,Plasma,Plasma,Validation
PZA,843,24,24,0,Plasma,Plasma,Validation
PZA,843,0.5,0.5,108.71,Plasma,Plasma,Validation
PZA,843,0.5,0.5,108.71,Plasma,Plasma,Validation
PZA,843,1,1,98.411,Plasma,Plasma,Validation
PZA,843,1,1,98.411,Plasma,Plasma,Validation
PZA,843,2,2,59.714,Plasma,Plasma,Validation
PZA,843,2,2,59.714,Plasma,Plasma,Validation
PZA,843,4,4,40.665,Plasma,Plasma,Validation
PZA,843,4,4,40.665,Plasma,Plasma,Validation
PZA,843,6,6,26.091,Plasma,Plasma,Validation
PZA,843,6,6,26.091,Plasma,Plasma,Validation
PZA,843,8,8,9.502,Plasma,Plasma,Validation
PZA,843,8,8,9.502,Plasma,Plasma,Validation
PZA,843,24,24,0,Plasma,Plasma,Validation
PZA,843,24,24,0,Plasma,Plasma,Validation
PZA,844,0.5,0.5,25.635,Plasma,Plasma,Validation
PZA,844,0.5,0.5,25.635,Plasma,Plasma,Validation
PZA,844,1,1,49.741,Plasma,Plasma,Validation
PZA,844,1,1,49.741,Plasma,Plasma,Validation
PZA,844,2,2,36.792,Plasma,Plasma,Validation
PZA,844,2,2,36.792,Plasma,Plasma,Validation
PZA,844,4,4,23.664,Plasma,Plasma,Validation
PZA,844,4,4,23.664,Plasma,Plasma,Validation
PZA,844,6,6,3.51,Plasma,Plasma,Validation
PZA,844,6,6,3.51,Plasma,Plasma,Validation
PZA,844,8,8,0.389,Plasma,Plasma,Validation
PZA,844,8,8,0.389,Plasma,Plasma,Validation
PZA,844,24,24,0,Plasma,Plasma,Validation
PZA,844,24,24,0,Plasma,Plasma,Validation
PZA,844,0.5,0.5,47.179,Plasma,Plasma,Validation
PZA,844,0.5,0.5,47.179,Plasma,Plasma,Validation
PZA,844,1,1,65.802,Plasma,Plasma,Validation
PZA,844,1,1,65.802,Plasma,Plasma,Validation
PZA,844,2,2,66.783,Plasma,Plasma,Validation
PZA,844,2,2,66.783,Plasma,Plasma,Validation
PZA,844,4,4,53.297,Plasma,Plasma,Validation
PZA,844,4,4,53.297,Plasma,Plasma,Validation
PZA,844,6,6,36.587,Plasma,Plasma,Validation
PZA,844,6,6,36.587,Plasma,Plasma,Validation
PZA,844,8,8,19.715,Plasma,Plasma,Validation
PZA,844,8,8,19.715,Plasma,Plasma,Validation
PZA,844,24,24,0,Plasma,Plasma,Validation
PZA,844,24,24,0,Plasma,Plasma,Validation
PZA,869,0.5,0.5,84.4,Plasma,Plasma,Validation
PZA,869,1,1,97,Plasma,Plasma,Validation
PZA,869,2,2,107,Plasma,Plasma,Validation
PZA,869,6,6,52.5,Plasma,Plasma,Validation
PZA,869,24,24,0.119,Plasma,Plasma,Validation
PZA,876,0.5,0.5,136,Plasma,Plasma,Validation
PZA,876,1,1,135,Plasma,Plasma,Validation
PZA,876,2,2,116,Plasma,Plasma,Validation
PZA,877,0.5,0.5,77.3,Plasma,Plasma,Validation
PZA,877,1,1,82.4,Plasma,Plasma,Validation
PZA,877,2,2,76.4,Plasma,Plasma,Validation
PZA,877,6,6,43,Plasma,Plasma,Validation
PZA,881,0.5,0.5,80,Plasma,Plasma,Validation
PZA,881,1,1,87.5,Plasma,Plasma,Validation
PZA,881,2,2,82.8,Plasma,Plasma,Validation
PZA,378,0.22,0.22,63.283,Plasma,Plasma,Validation
PZA,378,0.67,0.67,49.198,Plasma,Plasma,Validation
PZA,378,1,1,56.126,Plasma,Plasma,Validation
PZA,378,1.5,1.5,60.56,Plasma,Plasma,Validation
PZA,378,2,2,47.563,Plasma,Plasma,Validation
PZA,809,0.22,0.22,41.372,Plasma,Plasma,Validation
PZA,809,0.67,0.67,85.462,Plasma,Plasma,Validation
PZA,809,1,1,57.254,Plasma,Plasma,Validation
PZA,809,1.5,1.5,42.527,Plasma,Plasma,Validation
PZA,809,2,2,35.923,Plasma,Plasma,Validation
PZA,813,0.22,0.22,58.281,Plasma,Plasma,Validation
PZA,813,0.67,0.67,69.794,Plasma,Plasma,Validation
PZA,813,1,1,106.78,Plasma,Plasma,Validation
PZA,813,1.5,1.5,65.202,Plasma,Plasma,Validation
PZA,813,2,2,51.014,Plasma,Plasma,Validation
PZA,818,0.22,0.22,66.879,Plasma,Plasma,Validation
PZA,818,0.67,0.67,52.951,Plasma,Plasma,Validation
PZA,818,1,1,53.685,Plasma,Plasma,Validation
PZA,818,1.5,1.5,45.472,Plasma,Plasma,Validation
PZA,818,2,2,40.945,Plasma,Plasma,Validation
PZA,824,0.5,0.5,35.91,Plasma,Plasma,Validation
PZA,824,1,1,33.752,Plasma,Plasma,Validation
PZA,824,2,2,29.315,Plasma,Plasma,Validation
PZA,824,4,4,39.092,Plasma,Plasma,Validation
PZA,824,6,6,28.952,Plasma,Plasma,Validation
PZA,825,0.5,0.5,79.757,Plasma,Plasma,Validation
PZA,825,1,1,105.395,Plasma,Plasma,Validation
PZA,825,2,2,83.901,Plasma,Plasma,Validation
PZA,825,4,4,38.195,Plasma,Plasma,Validation
PZA,825,6,6,17.093,Plasma,Plasma,Validation
PZA,828,0.5,0.5,72.56,Plasma,Plasma,Validation
PZA,828,1,1,65.694,Plasma,Plasma,Validation
PZA,828,2,2,57.244,Plasma,Plasma,Validation
PZA,828,4,4,32.373,Plasma,Plasma,Validation
PZA,828,6,6,23.298,Plasma,Plasma,Validation
PZA,831,0.5,0.5,128.713,Plasma,Plasma,Validation
PZA,831,1,1,119.681,Plasma,Plasma,Validation
PZA,831,2,2,80.246,Plasma,Plasma,Validation
PZA,831,4,4,35.398,Plasma,Plasma,Validation
PZA,831,6,6,11.014,Plasma,Plasma,Validation
PZA,836,0.5,0.5,70.481,Plasma,Plasma,Validation
PZA,836,1,1,74.134,Plasma,Plasma,Validation
PZA,836,2,2,52.255,Plasma,Plasma,Validation
PZA,836,4,4,53.307,Plasma,Plasma,Validation
PZA,836,6,6,15.471,Plasma,Plasma,Validation
PZA,838,0.5,0.5,123.126,Plasma,Plasma,Validation
PZA,838,1,1,109.819,Plasma,Plasma,Validation
PZA,838,2,2,77.681,Plasma,Plasma,Validation
PZA,838,4,4,32.312,Plasma,Plasma,Validation
PZA,838,6,6,11.333,Plasma,Plasma,Validation
RIF,1,0,48,0.969,Plasma,Plasma,Validation
RIF,1,0.5,48.5,2.24,Plasma,Plasma,Validation
RIF,1,1,49,2.36,Plasma,Plasma,Validation
RIF,1,2,50,2.66,Plasma,Plasma,Validation
RIF,1,3,51,2.6,Plasma,Plasma,Validation
RIF,1,4,52,0,Plasma,Plasma,Validation
RIF,1,5,53,2.69,Plasma,Plasma,Validation
RIF,1,6,54,0,Plasma,Plasma,Validation
RIF,1,7,55,2.44,Plasma,Plasma,Validation
RIF,1,24,72,2.1,Plasma,Plasma,Validation
RIF,2,0,48,1.32,Plasma,Plasma,Validation
RIF,2,0.5,48.5,2.29,Plasma,Plasma,Validation
RIF,2,1,49,3.94,Plasma,Plasma,Validation
RIF,2,2,50,5.8,Plasma,Plasma,Validation
RIF,2,3,51,5.99,Plasma,Plasma,Validation
RIF,2,4,52,0,Plasma,Plasma,Validation
RIF,2,5,53,6.26,Plasma,Plasma,Validation
RIF,2,6,54,0,Plasma,Plasma,Validation
RIF,2,7,55,3.95,Plasma,Plasma,Validation
RIF,2,24,72,1.62,Plasma,Plasma,Validation
RIF,3,0,48,0.884,Plasma,Plasma,Validation
RIF,3,0.5,48.5,1.49,Plasma,Plasma,Validation
RIF,3,1,49,1.63,Plasma,Plasma,Validation
RIF,3,2,50,0.748,Plasma,Plasma,Validation
RIF,3,3,51,0.454,Plasma,Plasma,Validation
RIF,3,4,52,0,Plasma,Plasma,Validation
RIF,3,5,53,0.718,Plasma,Plasma,Validation
RIF,3,6,54,0,Plasma,Plasma,Validation
RIF,3,7,55,1.21,Plasma,Plasma,Validation
RIF,3,24,72,1.79,Plasma,Plasma,Validation
RIF,4,0,480,0.761,Plasma,Plasma,Validation
RIF,4,0.5,480.5,5.99,Plasma,Plasma,Validation
RIF,4,1,481,7.71,Plasma,Plasma,Validation
RIF,4,2,482,8.47,Plasma,Plasma,Validation
RIF,4,3,483,8.76,Plasma,Plasma,Validation
RIF,4,5,485,5.9,Plasma,Plasma,Validation
RIF,4,7,487,3.66,Plasma,Plasma,Validation
RIF,4,24,504,1.05,Plasma,Plasma,Validation
RIF,5,0,480,0.322,Plasma,Plasma,Validation
RIF,5,0.5,480.5,6.7,Plasma,Plasma,Validation
RIF,5,1,481,8.85,Plasma,Plasma,Validation
RIF,5,2,482,6.86,Plasma,Plasma,Validation
RIF,5,3,483,5.05,Plasma,Plasma,Validation
RIF,5,5,485,2.87,Plasma,Plasma,Validation
RIF,5,7,487,2.14,Plasma,Plasma,Validation
RIF,5,24,504,0.57,Plasma,Plasma,Validation
RIF,5,0,984,0.357,Plasma,Plasma,Validation
RIF,5,0.5,984.5,1.8081,Plasma,Plasma,Validation
RIF,5,1,985,2.9761,Plasma,Plasma,Validation
RIF,5,2,986,4.3399,Plasma,Plasma,Validation
RIF,5,3,987,4.8452,Plasma,Plasma,Validation
RIF,5,5,989,2.7585,Plasma,Plasma,Validation
RIF,5,7,991,1.342,Plasma,Plasma,Validation
RIF,5,24,1008,0.2503,Plasma,Plasma,Validation
RIF,6,0,480,1,Plasma,Plasma,Validation
RIF,6,0.5,480.5,6.97,Plasma,Plasma,Validation
RIF,6,1,481,11.9,Plasma,Plasma,Validation
RIF,6,2,482,7.79,Plasma,Plasma,Validation
RIF,6,3,483,6.89,Plasma,Plasma,Validation
RIF,6,5,485,6.22,Plasma,Plasma,Validation
RIF,6,7,487,4.46,Plasma,Plasma,Validation
RIF,6,24,504,1.66,Plasma,Plasma,Validation
RIF,6,0,984,0.0267,Plasma,Plasma,Validation
RIF,6,0.5,984.5,6.4,Plasma,Plasma,Validation
RIF,6,1,985,10,Plasma,Plasma,Validation
RIF,6,2,986,6.43,Plasma,Plasma,Validation
RIF,6,3,987,5.05,Plasma,Plasma,Validation
RIF,6,5,989,3.11,Plasma,Plasma,Validation
RIF,6,7,991,1.78,Plasma,Plasma,Validation
RIF,6,24,1008,0.558,Plasma,Plasma,Validation
RIF,7,0,480,0.611,Plasma,Plasma,Validation
RIF,7,0.5,480.5,8.15,Plasma,Plasma,Validation
RIF,7,1,481,9.7,Plasma,Plasma,Validation
RIF,7,2,482,9.07,Plasma,Plasma,Validation
RIF,7,3,483,6.62,Plasma,Plasma,Validation
RIF,7,5,485,3.14,Plasma,Plasma,Validation
RIF,7,7,487,4.77,Plasma,Plasma,Validation
RIF,7,24,504,1.41,Plasma,Plasma,Validation
RIF,8,0,48,0.559,Plasma,Plasma,Validation
RIF,8,0.5,48.5,0.83,Plasma,Plasma,Validation
RIF,8,1,49,0.498,Plasma,Plasma,Validation
RIF,8,2,50,0.489,Plasma,Plasma,Validation
RIF,8,3,51,0,Plasma,Plasma,Validation
RIF,8,4,52,0,Plasma,Plasma,Validation
RIF,8,5,53,0,Plasma,Plasma,Validation
RIF,8,6,54,0,Plasma,Plasma,Validation
RIF,8,7,55,0,Plasma,Plasma,Validation
RIF,8,24,72,0,Plasma,Plasma,Validation
RIF,9,0,48,0.743,Plasma,Plasma,Validation
RIF,9,0.5,48.5,0.815,Plasma,Plasma,Validation
RIF,9,1,49,0.611,Plasma,Plasma,Validation
RIF,9,2,50,0.332,Plasma,Plasma,Validation
RIF,9,3,51,0,Plasma,Plasma,Validation
RIF,9,4,52,0,Plasma,Plasma,Validation
RIF,9,5,53,0,Plasma,Plasma,Validation
RIF,9,6,54,0,Plasma,Plasma,Validation
RIF,9,7,55,0,Plasma,Plasma,Validation
RIF,9,24,72,0,Plasma,Plasma,Validation
RIF,10,0,48,1.17,Plasma,Plasma,Validation
RIF,10,0.5,48.5,1.4,Plasma,Plasma,Validation
RIF,10,1,49,1.59,Plasma,Plasma,Validation
RIF,10,2,50,0.423,Plasma,Plasma,Validation
RIF,10,3,51,0.444,Plasma,Plasma,Validation
RIF,10,4,52,0.71,Plasma,Plasma,Validation
RIF,10,5,53,0,Plasma,Plasma,Validation
RIF,10,6,54,1.94,Plasma,Plasma,Validation
RIF,10,7,55,0,Plasma,Plasma,Validation
RIF,10,24,72,0,Plasma,Plasma,Validation
RIF,11,0,0,0,Plasma,Plasma,Validation
RIF,11,0.5,0.5,0.104,Plasma,Plasma,Validation
RIF,11,16,16,0.495,Plasma,Plasma,Validation
RIF,12,0,48,0.566,Plasma,Plasma,Validation
RIF,12,0.5,48.5,8.05,Plasma,Plasma,Validation
RIF,12,1,49,7.95,Plasma,Plasma,Validation
RIF,12,2,50,2.88,Plasma,Plasma,Validation
RIF,12,3,51,0,Plasma,Plasma,Validation
RIF,12,4,52,0,Plasma,Plasma,Validation
RIF,12,5,53,0,Plasma,Plasma,Validation
RIF,12,6,54,0,Plasma,Plasma,Validation
RIF,12,7,55,0,Plasma,Plasma,Validation
RIF,12,24,72,0,Plasma,Plasma,Validation
RIF,13,0,216,0.267,Plasma,Plasma,Validation
RIF,13,0.5,216.5,0.807,Plasma,Plasma,Validation
RIF,13,1,217,1.25,Plasma,Plasma,Validation
RIF,13,2,218,1,Plasma,Plasma,Validation
RIF,13,3,219,0,Plasma,Plasma,Validation
RIF,13,4,220,0,Plasma,Plasma,Validation
RIF,13,5,221,0,Plasma,Plasma,Validation
RIF,13,6,222,0,Plasma,Plasma,Validation
RIF,13,7,223,0,Plasma,Plasma,Validation
RIF,13,24,240,0,Plasma,Plasma,Validation
RIF,14,0,0,0,Plasma,Plasma,Validation
RIF,14,12,12,1,Plasma,Plasma,Validation
RIF,15,0,144,0.629,Plasma,Plasma,Validation
RIF,15,0.5,144.5,0.922,Plasma,Plasma,Validation
RIF,15,1,145,1.12,Plasma,Plasma,Validation
RIF,15,2,146,2.06,Plasma,Plasma,Validation
RIF,15,4,148,0,Plasma,Plasma,Validation
RIF,15,6,150,0,Plasma,Plasma,Validation
RIF,15,8,152,0,Plasma,Plasma,Validation
RIF,15,12,156,0,Plasma,Plasma,Validation
RIF,15,24,168,0,Plasma,Plasma,Validation
RIF,16,0,144,0.694,Plasma,Plasma,Validation
RIF,16,0.5,144.5,1.68,Plasma,Plasma,Validation
RIF,16,1,145,1.71,Plasma,Plasma,Validation
RIF,16,2,146,1.31,Plasma,Plasma,Validation
RIF,16,4,148,1.77,Plasma,Plasma,Validation
RIF,16,6,150,1.45,Plasma,Plasma,Validation
RIF,16,8,152,0,Plasma,Plasma,Validation
RIF,16,12,156,0,Plasma,Plasma,Validation
RIF,16,24,168,0,Plasma,Plasma,Validation
RIF,17,0,0,0,Plasma,Plasma,Validation
RIF,17,24,24,1.56,Plasma,Plasma,Validation
RIF,18,0,0,0,Plasma,Plasma,Validation
RIF,18,0.5,0.5,0.684,Plasma,Plasma,Validation
RIF,18,1,1,1.2,Plasma,Plasma,Validation
RIF,18,2,2,2,Plasma,Plasma,Validation
RIF,18,4,4,1.47,Plasma,Plasma,Validation
RIF,18,6,6,0.901,Plasma,Plasma,Validation
RIF,19,0,144,0,Plasma,Plasma,Validation
RIF,19,0.5,144.5,0,Plasma,Plasma,Validation
RIF,19,1,145,0,Plasma,Plasma,Validation
RIF,19,2,146,0,Plasma,Plasma,Validation
RIF,19,4,148,0,Plasma,Plasma,Validation
RIF,19,6,150,0,Plasma,Plasma,Validation
RIF,19,8,152,0,Plasma,Plasma,Validation
RIF,19,12,156,0.168,Plasma,Plasma,Validation
RIF,19,24,168,0,Plasma,Plasma,Validation
RIF,20,0,144,0.304,Plasma,Plasma,Validation
RIF,20,0.5,144.5,2.38,Plasma,Plasma,Validation
RIF,20,1,145,4.17,Plasma,Plasma,Validation
RIF,20,2,146,3.57,Plasma,Plasma,Validation
RIF,20,4,148,0,Plasma,Plasma,Validation
RIF,20,6,150,0,Plasma,Plasma,Validation
RIF,20,8,152,0,Plasma,Plasma,Validation
RIF,20,12,156,0,Plasma,Plasma,Validation
RIF,20,24,168,0,Plasma,Plasma,Validation
RIF,21,0,144,0.315,Plasma,Plasma,Validation
RIF,21,0.5,144.5,5.4,Plasma,Plasma,Validation
RIF,21,1,145,5.75,Plasma,Plasma,Validation
RIF,21,2,146,6.34,Plasma,Plasma,Validation
RIF,21,4,148,2.93,Plasma,Plasma,Validation
RIF,21,6,150,2.86,Plasma,Plasma,Validation
RIF,21,8,152,1.71,Plasma,Plasma,Validation
RIF,21,12,156,0,Plasma,Plasma,Validation
RIF,21,24,168,0.526,Plasma,Plasma,Validation
RIF,22,0,144,0,Plasma,Plasma,Validation
RIF,22,0.5,144.5,0,Plasma,Plasma,Validation
RIF,22,1,145,0,Plasma,Plasma,Validation
RIF,22,2,146,0,Plasma,Plasma,Validation
RIF,22,4,148,0,Plasma,Plasma,Validation
RIF,22,6,150,0,Plasma,Plasma,Validation
RIF,22,8,152,0,Plasma,Plasma,Validation
RIF,22,12,156,0.13,Plasma,Plasma,Validation
RIF,22,24,168,0,Plasma,Plasma,Validation
RIF,23,0,0,0,Plasma,Plasma,Validation
RIF,23,0.5,0.5,0,Plasma,Plasma,Validation
RIF,23,1,1,0,Plasma,Plasma,Validation
RIF,23,2,2,0.0585,Plasma,Plasma,Validation
RIF,23,4,4,0.0403,Plasma,Plasma,Validation
RIF,23,6,6,0.0449,Plasma,Plasma,Validation
RIF,23,8,8,0.0723,Plasma,Plasma,Validation
RIF,23,24,24,0.125,Plasma,Plasma,Validation
RIF,23,0,96,3.37,Plasma,Plasma,Validation
RIF,23,0.5,96.5,6.25,Plasma,Plasma,Validation
RIF,23,1,97,6.48,Plasma,Plasma,Validation
RIF,23,2,98,3.22,Plasma,Plasma,Validation
RIF,23,4,100,4.16,Plasma,Plasma,Validation
RIF,23,6,102,5.81,Plasma,Plasma,Validation
RIF,23,8,104,5.33,Plasma,Plasma,Validation
RIF,23,24,120,1.7,Plasma,Plasma,Validation
RIF,24,0,0,0,Plasma,Plasma,Validation
RIF,24,0.5,0.5,0.12,Plasma,Plasma,Validation
RIF,24,1,1,0.408,Plasma,Plasma,Validation
RIF,24,2,2,0.59,Plasma,Plasma,Validation
RIF,24,4,4,1.61,Plasma,Plasma,Validation
RIF,24,6,6,2.2,Plasma,Plasma,Validation
RIF,24,8,8,2.11,Plasma,Plasma,Validation
RIF,24,24,24,0.509,Plasma,Plasma,Validation
RIF,24,0,96,1.86,Plasma,Plasma,Validation
RIF,24,0.5,96.5,8.59,Plasma,Plasma,Validation
RIF,24,1,97,11,Plasma,Plasma,Validation
RIF,24,2,98,6.45,Plasma,Plasma,Validation
RIF,24,4,100,6.38,Plasma,Plasma,Validation
RIF,24,6,102,4.91,Plasma,Plasma,Validation
RIF,24,8,104,3.74,Plasma,Plasma,Validation
RIF,24,24,120,1.43,Plasma,Plasma,Validation
RIF,25,0,0,0,Plasma,Plasma,Validation
RIF,25,0.5,0.5,0.0879,Plasma,Plasma,Validation
RIF,25,1,1,0.187,Plasma,Plasma,Validation
RIF,25,2,2,0.861,Plasma,Plasma,Validation
RIF,25,4,4,1.09,Plasma,Plasma,Validation
RIF,25,6,6,0.597,Plasma,Plasma,Validation
RIF,25,8,8,0.473,Plasma,Plasma,Validation
RIF,25,24,24,0.295,Plasma,Plasma,Validation
RIF,25,0,96,3.14,Plasma,Plasma,Validation
RIF,25,0.5,96.5,3.32,Plasma,Plasma,Validation
RIF,25,1,97,4.17,Plasma,Plasma,Validation
RIF,25,2,98,6.55,Plasma,Plasma,Validation
RIF,25,4,100,4.36,Plasma,Plasma,Validation
RIF,25,6,102,4.89,Plasma,Plasma,Validation
RIF,25,8,104,4.72,Plasma,Plasma,Validation
RIF,25,24,120,2.41,Plasma,Plasma,Validation
RIF,26,0,0,0,Plasma,Plasma,Validation
RIF,26,0.5,0.5,0,Plasma,Plasma,Validation
RIF,26,1,1,0.0125,Plasma,Plasma,Validation
RIF,26,2,2,0.221,Plasma,Plasma,Validation
RIF,26,4,4,1.44,Plasma,Plasma,Validation
RIF,26,6,6,1.75,Plasma,Plasma,Validation
RIF,26,8,8,0.916,Plasma,Plasma,Validation
RIF,26,24,24,0.445,Plasma,Plasma,Validation
RIF,26,0,96,1.38,Plasma,Plasma,Validation
RIF,26,0.5,96.5,4.77,Plasma,Plasma,Validation
RIF,26,1,97,3.84,Plasma,Plasma,Validation
RIF,26,2,98,3.6,Plasma,Plasma,Validation
RIF,26,4,100,3.41,Plasma,Plasma,Validation
RIF,26,6,102,3.6,Plasma,Plasma,Validation
RIF,26,8,104,2.24,Plasma,Plasma,Validation
RIF,26,24,120,1.67,Plasma,Plasma,Validation
RIF,27,0,144,1.66,Plasma,Plasma,Validation
RIF,27,0.5,144.5,3.61,Plasma,Plasma,Validation
RIF,27,1,145,1.43,Plasma,Plasma,Validation
RIF,27,2,146,1.39,Plasma,Plasma,Validation
RIF,27,4,148,1.54,Plasma,Plasma,Validation
RIF,27,6,150,2.46,Plasma,Plasma,Validation
RIF,27,8,152,2.52,Plasma,Plasma,Validation
RIF,27,12,156,0,Plasma,Plasma,Validation
RIF,27,24,168,2.01,Plasma,Plasma,Validation
RIF,28,0,144,0.3,Plasma,Plasma,Validation
RIF,28,0.5,144.5,1.33,Plasma,Plasma,Validation
RIF,28,1,145,2.13,Plasma,Plasma,Validation
RIF,28,2,146,4.67,Plasma,Plasma,Validation
RIF,28,4,148,3.9,Plasma,Plasma,Validation
RIF,28,6,150,5.81,Plasma,Plasma,Validation
RIF,28,8,152,2.44,Plasma,Plasma,Validation
RIF,28,12,156,0,Plasma,Plasma,Validation
RIF,28,24,168,0.157,Plasma,Plasma,Validation
RIF,29,0,144,0.205,Plasma,Plasma,Validation
RIF,29,0.5,144.5,3.33,Plasma,Plasma,Validation
RIF,29,1,145,7.43,Plasma,Plasma,Validation
RIF,29,2,146,6.32,Plasma,Plasma,Validation
RIF,29,4,148,6.16,Plasma,Plasma,Validation
RIF,29,6,150,3.76,Plasma,Plasma,Validation
RIF,29,8,152,1.76,Plasma,Plasma,Validation
RIF,29,12,156,0,Plasma,Plasma,Validation
RIF,29,24,168,0.268,Plasma,Plasma,Validation
RIF,30,0,144,0.208,Plasma,Plasma,Validation
RIF,30,0.5,144.5,0.974,Plasma,Plasma,Validation
RIF,30,1,145,3.11,Plasma,Plasma,Validation
RIF,30,2,146,3.89,Plasma,Plasma,Validation
RIF,30,4,148,3.56,Plasma,Plasma,Validation
RIF,30,6,150,2.33,Plasma,Plasma,Validation
RIF,30,8,152,0.987,Plasma,Plasma,Validation
RIF,30,12,156,0,Plasma,Plasma,Validation
RIF,30,24,168,0.118,Plasma,Plasma,Validation
RIF,31,0,144,0.186,Plasma,Plasma,Validation
RIF,31,0.5,144.5,0.187,Plasma,Plasma,Validation
RIF,31,1,145,0.25,Plasma,Plasma,Validation
RIF,31,2,146,0.544,Plasma,Plasma,Validation
RIF,31,4,148,1.58,Plasma,Plasma,Validation
RIF,31,6,150,1.56,Plasma,Plasma,Validation
RIF,31,8,152,0,Plasma,Plasma,Validation
RIF,31,12,156,0,Plasma,Plasma,Validation
RIF,31,24,168,0,Plasma,Plasma,Validation
RIF,32,0,144,0.142,Plasma,Plasma,Validation
RIF,32,0.5,144.5,0.978,Plasma,Plasma,Validation
RIF,32,1,145,3.34,Plasma,Plasma,Validation
RIF,32,2,146,18.1,Plasma,Plasma,Validation
RIF,32,4,148,8.67,Plasma,Plasma,Validation
RIF,32,6,150,6.16,Plasma,Plasma,Validation
RIF,32,8,152,5.1,Plasma,Plasma,Validation
RIF,32,12,156,0,Plasma,Plasma,Validation
RIF,32,24,168,0.181,Plasma,Plasma,Validation
RIF,33,0,144,0.64,Plasma,Plasma,Validation
RIF,33,0.5,144.5,0.835,Plasma,Plasma,Validation
RIF,33,1,145,1.9,Plasma,Plasma,Validation
RIF,33,2,146,3.95,Plasma,Plasma,Validation
RIF,33,4,148,4.39,Plasma,Plasma,Validation
RIF,33,6,150,2.22,Plasma,Plasma,Validation
RIF,33,8,152,2.32,Plasma,Plasma,Validation
RIF,33,12,156,0,Plasma,Plasma,Validation
RIF,33,24,168,0.725,Plasma,Plasma,Validation
RIF,34,0,144,0.228,Plasma,Plasma,Validation
RIF,34,0.5,144.5,2.28,Plasma,Plasma,Validation
RIF,34,1,145,2.48,Plasma,Plasma,Validation
RIF,34,2,146,2.06,Plasma,Plasma,Validation
RIF,34,4,148,0.848,Plasma,Plasma,Validation
RIF,34,6,150,0.757,Plasma,Plasma,Validation
RIF,34,8,152,0,Plasma,Plasma,Validation
RIF,34,12,156,0,Plasma,Plasma,Validation
RIF,34,24,168,0,Plasma,Plasma,Validation
RIF,35,0,1080,0.1676,Plasma,Plasma,Validation
RIF,35,0.5,1080.5,18.598,Plasma,Plasma,Validation
RIF,35,1,1081,26.5082,Plasma,Plasma,Validation
RIF,35,2,1082,15.5081,Plasma,Plasma,Validation
RIF,35,3,1083,9.5937,Plasma,Plasma,Validation
RIF,35,5,1085,5.7865,Plasma,Plasma,Validation
RIF,35,7,1087,2.7364,Plasma,Plasma,Validation
RIF,35,24,1104,0.16,Plasma,Plasma,Validation
RIF,36,0,336,0.397,Plasma,Plasma,Validation
RIF,36,0.5,336.5,1.58,Plasma,Plasma,Validation
RIF,36,1,337,3.85,Plasma,Plasma,Validation
RIF,36,2,338,12.1,Plasma,Plasma,Validation
RIF,36,3,339,8.64,Plasma,Plasma,Validation
RIF,36,5,341,7.15,Plasma,Plasma,Validation
RIF,36,7,343,3.24,Plasma,Plasma,Validation
RIF,36,24,360,0.36,Plasma,Plasma,Validation
RIF,37,0,336,0.41,Plasma,Plasma,Validation
RIF,37,0.5,336.5,0.736,Plasma,Plasma,Validation
RIF,37,1,337,1.57,Plasma,Plasma,Validation
RIF,37,2,338,5.13,Plasma,Plasma,Validation
RIF,37,3,339,4.59,Plasma,Plasma,Validation
RIF,37,5,341,4.05,Plasma,Plasma,Validation
RIF,37,7,343,1.78,Plasma,Plasma,Validation
RIF,37,24,360,0.694,Plasma,Plasma,Validation
RIF,38,0,1080,0.6933,Plasma,Plasma,Validation
RIF,38,0.5,1080.5,19.4163,Plasma,Plasma,Validation
RIF,38,1,1081,45.6808,Plasma,Plasma,Validation
RIF,38,2,1082,30.5116,Plasma,Plasma,Validation
RIF,38,3,1083,20.043,Plasma,Plasma,Validation
RIF,38,5,1085,12.1006,Plasma,Plasma,Validation
RIF,38,7,1087,8.8679,Plasma,Plasma,Validation
RIF,38,24,1104,1.5871,Plasma,Plasma,Validation
RIF,39,0,1080,0.2363,Plasma,Plasma,Validation
RIF,39,0.5,1080.5,14.9933,Plasma,Plasma,Validation
RIF,39,1,1081,17.6254,Plasma,Plasma,Validation
RIF,39,2,1082,15.5026,Plasma,Plasma,Validation
RIF,39,3,1083,9.1634,Plasma,Plasma,Validation
RIF,39,5,1085,3.6441,Plasma,Plasma,Validation
RIF,39,7,1087,1.5931,Plasma,Plasma,Validation
RIF,39,24,1104,0.2326,Plasma,Plasma,Validation
RIF,40,0,336,0.0795,Plasma,Plasma,Validation
RIF,40,0.5,336.5,0.456,Plasma,Plasma,Validation
RIF,40,1,337,0,Plasma,Plasma,Validation
RIF,40,2,338,7.08,Plasma,Plasma,Validation
RIF,40,3,339,11.7,Plasma,Plasma,Validation
RIF,40,5,341,10.1,Plasma,Plasma,Validation
RIF,40,7,343,3.23,Plasma,Plasma,Validation
RIF,40,24,360,0.281,Plasma,Plasma,Validation
RIF,41,0,336,0.0521,Plasma,Plasma,Validation
RIF,41,0.5,336.5,0.523,Plasma,Plasma,Validation
RIF,41,1,337,0,Plasma,Plasma,Validation
RIF,41,2,338,5.63,Plasma,Plasma,Validation
RIF,41,3,339,4.91,Plasma,Plasma,Validation
RIF,41,5,341,3.96,Plasma,Plasma,Validation
RIF,41,7,343,1.5,Plasma,Plasma,Validation
RIF,41,24,360,0.261,Plasma,Plasma,Validation
RIF,42,0,1080,0.0878,Plasma,Plasma,Validation
RIF,42,0.5,1080.5,17.5558,Plasma,Plasma,Validation
RIF,42,1,1081,23.3118,Plasma,Plasma,Validation
RIF,42,2,1082,11.6171,Plasma,Plasma,Validation
RIF,42,3,1083,11.13,Plasma,Plasma,Validation
RIF,42,5,1085,4.9447,Plasma,Plasma,Validation
RIF,42,7,1087,2.4268,Plasma,Plasma,Validation
RIF,42,24,1104,0.3375,Plasma,Plasma,Validation
RIF,43,0,1080,0.357,Plasma,Plasma,Validation
RIF,43,0.5,1080.5,1.8081,Plasma,Plasma,Validation
RIF,43,1,1081,2.9761,Plasma,Plasma,Validation
RIF,43,2,1082,4.3399,Plasma,Plasma,Validation
RIF,43,3,1083,4.8452,Plasma,Plasma,Validation
RIF,43,5,1085,2.7585,Plasma,Plasma,Validation
RIF,43,7,1087,1.342,Plasma,Plasma,Validation
RIF,43,24,1104,0.2503,Plasma,Plasma,Validation
RIF,44,0,336,0.0199,Plasma,Plasma,Validation
RIF,44,0.5,336.5,0,Plasma,Plasma,Validation
RIF,44,1,337,0,Plasma,Plasma,Validation
RIF,44,2,338,0.755,Plasma,Plasma,Validation
RIF,44,3,339,0.782,Plasma,Plasma,Validation
RIF,44,5,341,0.526,Plasma,Plasma,Validation
RIF,44,7,343,0.399,Plasma,Plasma,Validation
RIF,44,24,360,0.0986,Plasma,Plasma,Validation
RIF,45,0,336,0.524,Plasma,Plasma,Validation
RIF,45,0.5,336.5,0.629,Plasma,Plasma,Validation
RIF,45,1,337,0,Plasma,Plasma,Validation
RIF,45,2,338,15,Plasma,Plasma,Validation
RIF,45,3,339,14.6,Plasma,Plasma,Validation
RIF,45,5,341,14.1,Plasma,Plasma,Validation
RIF,45,7,343,7.19,Plasma,Plasma,Validation
RIF,45,24,360,2.06,Plasma,Plasma,Validation
RIF,46,0,336,0.0997,Plasma,Plasma,Validation
RIF,46,0.5,336.5,25.8,Plasma,Plasma,Validation
RIF,46,1,337,37.2,Plasma,Plasma,Validation
RIF,46,2,338,27.7,Plasma,Plasma,Validation
RIF,46,3,339,18.1,Plasma,Plasma,Validation
RIF,46,5,341,17.6,Plasma,Plasma,Validation
RIF,46,7,343,8.72,Plasma,Plasma,Validation
RIF,46,24,360,0.807,Plasma,Plasma,Validation
RIF,47,0,1080,0.3598,Plasma,Plasma,Validation
RIF,47,0.5,1080.5,17.9982,Plasma,Plasma,Validation
RIF,47,1,1081,19.4901,Plasma,Plasma,Validation
RIF,47,2,1082,19.595,Plasma,Plasma,Validation
RIF,47,3,1083,17.0805,Plasma,Plasma,Validation
RIF,47,5,1085,7.3279,Plasma,Plasma,Validation
RIF,47,7,1087,4.603,Plasma,Plasma,Validation
RIF,47,24,1104,0.3958,Plasma,Plasma,Validation
RIF,48,0,336,0.109,Plasma,Plasma,Validation
RIF,48,0.5,336.5,0,Plasma,Plasma,Validation
RIF,48,1,337,42,Plasma,Plasma,Validation
RIF,48,2,338,44.9,Plasma,Plasma,Validation
RIF,48,3,339,25.6,Plasma,Plasma,Validation
RIF,48,5,341,26,Plasma,Plasma,Validation
RIF,48,7,343,10.5,Plasma,Plasma,Validation
RIF,48,24,360,2.46,Plasma,Plasma,Validation
RIF,49,0,984,0.133,Plasma,Plasma,Validation
RIF,49,0.5,984.5,2.64,Plasma,Plasma,Validation
RIF,49,1,985,4.87,Plasma,Plasma,Validation
RIF,49,2,986,3.1,Plasma,Plasma,Validation
RIF,49,3,987,2.87,Plasma,Plasma,Validation
RIF,49,5,989,1.7,Plasma,Plasma,Validation
RIF,49,7,991,0.938,Plasma,Plasma,Validation
RIF,49,24,1008,0.142,Plasma,Plasma,Validation
RIF,50,0,984,0.106,Plasma,Plasma,Validation
RIF,50,0.5,984.5,0.993,Plasma,Plasma,Validation
RIF,50,1,985,2.09,Plasma,Plasma,Validation
RIF,50,2,986,4.88,Plasma,Plasma,Validation
RIF,50,3,987,3.99,Plasma,Plasma,Validation
RIF,50,5,989,2.92,Plasma,Plasma,Validation
RIF,50,7,991,2,Plasma,Plasma,Validation
RIF,50,24,1008,0.306,Plasma,Plasma,Validation
RIF,51,0,144,0.343,Plasma,Plasma,Validation
RIF,51,0.5,144.5,0.236,Plasma,Plasma,Validation
RIF,51,1,145,0.264,Plasma,Plasma,Validation
RIF,51,2,146,0.71,Plasma,Plasma,Validation
RIF,51,4,148,0,Plasma,Plasma,Validation
RIF,51,6,150,0,Plasma,Plasma,Validation
RIF,51,8,152,0,Plasma,Plasma,Validation
RIF,51,12,156,0,Plasma,Plasma,Validation
RIF,51,24,168,0,Plasma,Plasma,Validation
RIF,52,0,144,0.0778,Plasma,Plasma,Validation
RIF,52,0.5,144.5,0.0667,Plasma,Plasma,Validation
RIF,52,1,145,0.0732,Plasma,Plasma,Validation
RIF,52,2,146,0.0492,Plasma,Plasma,Validation
RIF,52,4,148,0.339,Plasma,Plasma,Validation
RIF,52,6,150,0.395,Plasma,Plasma,Validation
RIF,52,8,152,0,Plasma,Plasma,Validation
RIF,52,12,156,0,Plasma,Plasma,Validation
RIF,52,24,168,0,Plasma,Plasma,Validation
RIF,53,0,144,0.162,Plasma,Plasma,Validation
RIF,53,0.5,144.5,0.107,Plasma,Plasma,Validation
RIF,53,1,145,0.0825,Plasma,Plasma,Validation
RIF,53,2,146,0.0614,Plasma,Plasma,Validation
RIF,53,4,148,0.0314,Plasma,Plasma,Validation
RIF,53,6,150,0.0176,Plasma,Plasma,Validation
RIF,53,8,152,0,Plasma,Plasma,Validation
RIF,53,12,156,0,Plasma,Plasma,Validation
RIF,53,24,168,0.00512,Plasma,Plasma,Validation
RIF,54,0,144,0.256,Plasma,Plasma,Validation
RIF,54,0.5,144.5,30.5,Plasma,Plasma,Validation
RIF,54,1,145,45.8,Plasma,Plasma,Validation
RIF,54,2,146,41.9,Plasma,Plasma,Validation
RIF,54,4,148,32.5,Plasma,Plasma,Validation
RIF,54,6,150,18.9,Plasma,Plasma,Validation
RIF,54,8,152,0,Plasma,Plasma,Validation
RIF,54,12,156,0,Plasma,Plasma,Validation
RIF,54,24,168,0.274,Plasma,Plasma,Validation
RIF,55,0,0,0,Plasma,Plasma,Validation
RIF,55,0.5,0.5,2.17,Plasma,Plasma,Validation
RIF,55,1,1,2.83,Plasma,Plasma,Validation
RIF,55,2,2,2.16,Plasma,Plasma,Validation
RIF,55,6,6,1.03,Plasma,Plasma,Validation
RIF,55,6,6,1.06,Plasma,Plasma,Validation
RIF,56,0,0,0,Plasma,Plasma,Validation
RIF,56,0.5,0.5,0.0177,Plasma,Plasma,Validation
RIF,56,1,1,0.0257,Plasma,Plasma,Validation
RIF,56,2,2,0.0508,Plasma,Plasma,Validation
RIF,56,2,2,0.113,Plasma,Plasma,Validation
RIF,57,0,0,0,Plasma,Plasma,Validation
RIF,57,0.5,0.5,1.19,Plasma,Plasma,Validation
RIF,57,1,1,1.57,Plasma,Plasma,Validation
RIF,57,2,2,0.946,Plasma,Plasma,Validation
RIF,57,2,2,1.33,Plasma,Plasma,Validation
RIF,58,0,0,0,Plasma,Plasma,Validation
RIF,58,0.5,0.5,0.483,Plasma,Plasma,Validation
RIF,58,1,1,1.13,Plasma,Plasma,Validation
RIF,58,2,2,1.22,Plasma,Plasma,Validation
RIF,58,6,6,1.52,Plasma,Plasma,Validation
RIF,58,6,6,1.12,Plasma,Plasma,Validation
RIF,59,0,0,0,Plasma,Plasma,Validation
RIF,59,0.5,0.5,1.46,Plasma,Plasma,Validation
RIF,59,1,1,2.23,Plasma,Plasma,Validation
RIF,59,2,2,3.4,Plasma,Plasma,Validation
RIF,59,6,6,2.22,Plasma,Plasma,Validation
RIF,59,6,6,2.37,Plasma,Plasma,Validation
RIF,60,0,0,0,Plasma,Plasma,Validation
RIF,60,0.5,0.5,0.0584,Plasma,Plasma,Validation
RIF,60,1,1,0.0854,Plasma,Plasma,Validation
RIF,60,2,2,0.262,Plasma,Plasma,Validation
RIF,60,6,6,0.289,Plasma,Plasma,Validation
RIF,60,24,24,0.151,Plasma,Plasma,Validation
RIF,60,24,24,0.162,Plasma,Plasma,Validation
RIF,61,0,0,0,Plasma,Plasma,Validation
RIF,61,0.5,0.5,0.365,Plasma,Plasma,Validation
RIF,61,1,1,0.574,Plasma,Plasma,Validation
RIF,61,2,2,0.917,Plasma,Plasma,Validation
RIF,61,2,2,0.747,Plasma,Plasma,Validation
RIF,62,0,0,0,Plasma,Plasma,Validation
RIF,62,0.5,0.5,1.4,Plasma,Plasma,Validation
RIF,62,1,1,2.06,Plasma,Plasma,Validation
RIF,62,2,2,2.39,Plasma,Plasma,Validation
RIF,62,4,4,1.77,Plasma,Plasma,Validation
RIF,62,6,6,0.732,Plasma,Plasma,Validation
RIF,62,24,24,0.114,Plasma,Plasma,Validation
RIF,63,0,0,0,Plasma,Plasma,Validation
RIF,63,0.5,0.5,0.173,Plasma,Plasma,Validation
RIF,63,1,1,0.621,Plasma,Plasma,Validation
RIF,63,2,2,0.862,Plasma,Plasma,Validation
RIF,64,0,0,0,Plasma,Plasma,Validation
RIF,64,0.5,0.5,0.536,Plasma,Plasma,Validation
RIF,64,1,1,0.826,Plasma,Plasma,Validation
RIF,64,2,2,0.809,Plasma,Plasma,Validation
RIF,64,4,4,0.687,Plasma,Plasma,Validation
RIF,64,6,6,0.915,Plasma,Plasma,Validation
RIF,64,24,24,0.204,Plasma,Plasma,Validation
RIF,65,0,0,0,Plasma,Plasma,Validation
RIF,65,0.5,0.5,0.11,Plasma,Plasma,Validation
RIF,65,1,1,0.26,Plasma,Plasma,Validation
RIF,65,2,2,0.272,Plasma,Plasma,Validation
RIF,65,4,4,0.582,Plasma,Plasma,Validation
RIF,65,6,6,1.54,Plasma,Plasma,Validation
RIF,65,24,24,0.222,Plasma,Plasma,Validation
CFZ,7,7,55,23.8,Uninvolved Lung,Lung,Validation
CFZ,7,7,55,55,Uninvolved Lung,Lung,Validation
CFZ,7,7,55,41.3,Uninvolved Lung,Lung,Validation
CFZ,7,7,55,61.2,Uninvolved Lung,Lung,Validation
CFZ,7,7,55,58.4,Uninvolved Lung,Lung,Validation
CFZ,7,7,55,12.7,Uninvolved Lung,Lung,Validation
CFZ,7,7,55,35.2,Cellular,Cellular,Validation
CFZ,7,7,55,37.8,Cellular,Cellular,Validation
CFZ,7,7,55,43.9,Cellular,Cellular,Validation
CFZ,7,7,55,40.5,Cellular,Cellular,Validation
CFZ,7,7,55,23.8,Cellular,Cellular,Validation
CFZ,7,7,55,43.4,Cellular,Cellular,Validation
CFZ,7,7,55,45.9,Cellular,Cellular,Validation
CFZ,7,7,55,42.7,Cellular,Cellular,Validation
CFZ,7,7,55,27.4,Cellular,Cellular,Validation
CFZ,7,7,55,19.5,Cellular,Cellular,Validation
CFZ,7,7,55,58.7,Cellular,Cellular,Validation
CFZ,7,7,55,41.3,Cellular,Cellular,Validation
CFZ,7,7,55,35.3,Cellular,Cellular,Validation
CFZ,7,7,55,41,Cellular,Cellular,Validation
CFZ,7,7,55,0.107,Inner caseum,Caseum,Validation
CFZ,7,7,55,0.42,Outer caseum,Caseum,Validation
CFZ,7,7,55,3.83,Inner cellular,Cellular,Validation
CFZ,7,7,55,13.4,Outer cellular,Cellular,Validation
CFZ,7,7,55,23.1,Uninvolved Lung,Lung,Validation
CFZ,8,7,55,17.6,Uninvolved Lung,Lung,Validation
CFZ,8,7,55,29.4,Uninvolved Lung,Lung,Validation
CFZ,8,7,55,31.2,Uninvolved Lung,Lung,Validation
CFZ,8,7,55,36.5,Uninvolved Lung,Lung,Validation
CFZ,8,7,55,23.5,Uninvolved Lung,Lung,Validation
CFZ,8,7,55,17.4,Uninvolved Lung,Lung,Validation
CFZ,8,7,55,27.2,Cellular,Cellular,Validation
CFZ,8,7,55,23,Cellular,Cellular,Validation
CFZ,8,7,55,31.8,Cellular,Cellular,Validation
CFZ,8,7,55,37.2,Cellular,Cellular,Validation
CFZ,8,7,55,31.5,Cellular,Cellular,Validation
CFZ,8,7,55,62.8,Cellular,Cellular,Validation
CFZ,8,7,55,33.4,Cellular,Cellular,Validation
CFZ,8,7,55,33.8,Cellular,Cellular,Validation
CFZ,8,7,55,40.8,Cellular,Cellular,Validation
CFZ,8,7,55,47.7,Cellular,Cellular,Validation
CFZ,8,7,55,28.9,Cellular,Cellular,Validation
CFZ,8,7,55,0.00373,Inner caseum,Caseum,Validation
CFZ,8,7,55,0.302,Outer caseum,Caseum,Validation
CFZ,8,7,55,6.71,Inner cellular,Cellular,Validation
CFZ,8,7,55,47.9,Outer cellular,Cellular,Validation
CFZ,8,7,55,22,Uninvolved Lung,Lung,Validation
CFZ,8,7,55,5.00E-04,Inner caseum,Caseum,Validation
CFZ,8,7,55,0.277,Outer caseum,Caseum,Validation
CFZ,8,7,55,4.94,Inner cellular,Cellular,Validation
CFZ,8,7,55,29.6,Outer cellular,Cellular,Validation
CFZ,8,7,55,0.00601,Inner caseum,Caseum,Validation
CFZ,8,7,55,0.284,Outer caseum,Caseum,Validation
CFZ,8,7,55,6.87,Inner cellular,Cellular,Validation
CFZ,8,7,55,48.9,Outer cellular,Cellular,Validation
CFZ,8,7,55,27.2,Uninvolved Lung,Lung,Validation
CFZ,8,7,55,5.00E-04,Inner caseum,Caseum,Validation
CFZ,8,7,55,0.261,Outer caseum,Caseum,Validation
CFZ,8,7,55,6.86,Cellular,Cellular,Validation
CFZ,8,7,55,28.7,Uninvolved Lung,Lung,Validation
CFZ,8,7,55,5.00E-04,Inner caseum,Caseum,Validation
CFZ,8,7,55,0.397,Outer caseum,Caseum,Validation
CFZ,8,7,55,10.6,Inner cellular,Cellular,Validation
CFZ,8,7,55,38.9,Outer cellular,Cellular,Validation
CFZ,8,7,55,5.00E-04,Inner caseum,Caseum,Validation
CFZ,8,7,55,0.335,Outer caseum,Caseum,Validation
CFZ,8,7,55,5.28,Cellular,Cellular,Validation
CFZ,8,7,55,5.00E-04,Inner caseum,Caseum,Validation
CFZ,8,7,55,0.549,Outer caseum,Caseum,Validation
CFZ,8,7,55,9.06,Cellular,Cellular,Validation
CFZ,8,7,55,37.9,Uninvolved Lung,Lung,Validation
CFZ,9,48,96,2.61,Uninvolved Lung,Lung,Validation
CFZ,9,48,96,4,Uninvolved Lung,Lung,Validation
CFZ,9,48,96,3.76,Uninvolved Lung,Lung,Validation
CFZ,9,48,96,4.3,Uninvolved Lung,Lung,Validation
CFZ,9,48,96,4.84,Uninvolved Lung,Lung,Validation
CFZ,9,48,96,2.92,Uninvolved Lung,Lung,Validation
CFZ,9,48,96,11.6,Cellular,Cellular,Validation
CFZ,9,48,96,13.5,Cellular,Cellular,Validation
CFZ,9,48,96,8.81,Cellular,Cellular,Validation
CFZ,9,48,96,6.31,Cellular,Cellular,Validation
CFZ,9,48,96,8.47,Cellular,Cellular,Validation
CFZ,9,48,96,9.48,Cellular,Cellular,Validation
CFZ,9,48,96,8.35,Cellular,Cellular,Validation
CFZ,9,48,96,8.28,Cellular,Cellular,Validation
CFZ,9,48,96,5.45,Cellular,Cellular,Validation
CFZ,9,48,96,5.94,Cellular,Cellular,Validation
CFZ,9,48,96,10.1,Cellular,Cellular,Validation
CFZ,9,48,96,10.1,Cellular,Cellular,Validation
CFZ,9,48,96,8.99,Cellular,Cellular,Validation
CFZ,9,48,96,9.54,Cellular,Cellular,Validation
CFZ,10,48,96,4.37,Uninvolved Lung,Lung,Validation
CFZ,10,48,96,5.79,Uninvolved Lung,Lung,Validation
CFZ,10,48,96,3.22,Uninvolved Lung,Lung,Validation
CFZ,10,48,96,8.91,Uninvolved Lung,Lung,Validation
CFZ,10,48,96,2.84,Uninvolved Lung,Lung,Validation
CFZ,10,48,96,2.07,Uninvolved Lung,Lung,Validation
CFZ,10,48,96,9.55,Cellular,Cellular,Validation
CFZ,10,48,96,6.99,Cellular,Cellular,Validation
CFZ,10,48,96,7.34,Cellular,Cellular,Validation
CFZ,10,48,96,12.5,Cellular,Cellular,Validation
CFZ,10,48,96,17.6,Cellular,Cellular,Validation
CFZ,10,48,96,8.02,Cellular,Cellular,Validation
CFZ,10,48,96,10.3,Cellular,Cellular,Validation
CFZ,10,48,96,8.62,Cellular,Cellular,Validation
CFZ,10,48,96,6.09,Cellular,Cellular,Validation
CFZ,10,48,96,7.32,Cellular,Cellular,Validation
CFZ,10,48,96,13.2,Cellular,Cellular,Validation
CFZ,10,48,96,9.2,Cellular,Cellular,Validation
CFZ,10,48,96,7.09,Cellular,Cellular,Validation
CFZ,10,48,96,12.9,Cellular,Cellular,Validation
CFZ,10,48,96,0.235,Inner caseum,Caseum,Validation
CFZ,10,48,96,0.752,Outer caseum,Caseum,Validation
CFZ,10,48,96,1.2,Inner cellular,Cellular,Validation
CFZ,10,48,96,4.48,Outer cellular,Cellular,Validation
CFZ,10,48,96,2.23,Uninvolved Lung,Lung,Validation
CFZ,11,24,48,6.41,Uninvolved Lung,Lung,Validation
CFZ,11,24,48,8.6,Uninvolved Lung,Lung,Validation
CFZ,11,24,48,9.2,Uninvolved Lung,Lung,Validation
CFZ,11,24,48,12,Uninvolved Lung,Lung,Validation
CFZ,11,24,48,15.6,Uninvolved Lung,Lung,Validation
CFZ,11,24,48,3.34,Uninvolved Lung,Lung,Validation
CFZ,11,24,48,11,Cellular,Cellular,Validation
CFZ,11,24,48,16.6,Cellular,Cellular,Validation
CFZ,11,24,48,14.3,Cellular,Cellular,Validation
CFZ,11,24,48,14.2,Cellular,Cellular,Validation
CFZ,11,24,48,13.1,Cellular,Cellular,Validation
CFZ,11,24,48,18.3,Cellular,Cellular,Validation
CFZ,11,24,48,20.6,Cellular,Cellular,Validation
CFZ,11,24,48,17.9,Cellular,Cellular,Validation
CFZ,11,24,48,19.3,Cellular,Cellular,Validation
CFZ,11,24,48,17.5,Cellular,Cellular,Validation
CFZ,11,24,48,19.2,Cellular,Cellular,Validation
CFZ,11,24,48,20,Cellular,Cellular,Validation
CFZ,11,24,48,14.2,Cellular,Cellular,Validation
CFZ,12,24,48,10.1,Uninvolved Lung,Lung,Validation
CFZ,12,24,48,16.9,Uninvolved Lung,Lung,Validation
CFZ,12,24,48,18.3,Uninvolved Lung,Lung,Validation
CFZ,12,24,48,15.3,Uninvolved Lung,Lung,Validation
CFZ,12,24,48,14,Uninvolved Lung,Lung,Validation
CFZ,12,24,48,10.7,Uninvolved Lung,Lung,Validation
CFZ,12,24,48,18,Cellular,Cellular,Validation
CFZ,12,24,48,14,Cellular,Cellular,Validation
CFZ,12,24,48,26.4,Cellular,Cellular,Validation
CFZ,12,24,48,20.9,Cellular,Cellular,Validation
CFZ,12,24,48,21.2,Cellular,Cellular,Validation
CFZ,12,24,48,35.3,Cellular,Cellular,Validation
CFZ,12,24,48,23,Cellular,Cellular,Validation
CFZ,12,24,48,21.8,Cellular,Cellular,Validation
CFZ,12,24,48,15.9,Cellular,Cellular,Validation
CFZ,12,24,48,34.9,Cellular,Cellular,Validation
CFZ,12,24,48,28.3,Cellular,Cellular,Validation
CFZ,12,24,48,19.8,Cellular,Cellular,Validation
CFZ,12,24,48,41.2,Cellular,Cellular,Validation
CFZ,12,24,48,35,Cellular,Cellular,Validation
CFZ,12,24,48,0.00297,Inner caseum,Caseum,Validation
CFZ,12,24,48,0.392,Outer caseum,Caseum,Validation
CFZ,12,24,48,4.62,Inner cellular,Cellular,Validation
CFZ,12,24,48,19.8,Outer cellular,Cellular,Validation
CFZ,12,24,48,7.71,Uninvolved Lung,Lung,Validation
CFZ,12,24,48,0.0207,Inner liquid caseum,Caseum,Validation
CFZ,12,24,48,0.00694,Inner caseum,Caseum,Validation
CFZ,12,24,48,0.616,Outer caseum,Caseum,Validation
CFZ,12,24,48,3.86,Inner cellular,Cellular,Validation
CFZ,12,24,48,10,Outer cellular,Cellular,Validation
CFZ,12,24,48,15.7,Uninvolved Lung,Lung,Validation
CFZ,12,24,48,0.00243,Inner caseum,Caseum,Validation
CFZ,12,24,48,0.45,Outer caseum,Caseum,Validation
CFZ,12,24,48,0.213,Outer caseum,Caseum,Validation
CFZ,12,24,48,2.14,Inner cellular,Cellular,Validation
CFZ,12,24,48,17.6,Outer cellular,Cellular,Validation
CFZ,12,24,48,10.6,Uninvolved Lung,Lung,Validation
CFZ,13,24,72,4.51,Uninvolved Lung,Lung,Validation
CFZ,13,24,72,8.5,Uninvolved Lung,Lung,Validation
CFZ,13,24,72,6.64,Uninvolved Lung,Lung,Validation
CFZ,13,24,72,13.7,Uninvolved Lung,Lung,Validation
CFZ,13,24,72,5.79,Uninvolved Lung,Lung,Validation
CFZ,13,24,72,4.79,Uninvolved Lung,Lung,Validation
CFZ,13,24,72,10.4,Cellular,Cellular,Validation
CFZ,13,24,72,13.8,Cellular,Cellular,Validation
CFZ,13,24,72,18,Cellular,Cellular,Validation
CFZ,13,24,72,19.2,Cellular,Cellular,Validation
CFZ,13,24,72,20.4,Cellular,Cellular,Validation
CFZ,13,24,72,19.9,Cellular,Cellular,Validation
CFZ,14,24,72,11,Uninvolved Lung,Lung,Validation
CFZ,14,24,72,21.8,Uninvolved Lung,Lung,Validation
CFZ,14,24,72,21.8,Uninvolved Lung,Lung,Validation
CFZ,14,24,72,32.5,Uninvolved Lung,Lung,Validation
CFZ,14,24,72,43.5,Uninvolved Lung,Lung,Validation
CFZ,14,24,72,15,Uninvolved Lung,Lung,Validation
CFZ,14,24,72,40.2,Cellular,Cellular,Validation
CFZ,14,24,72,43.6,Cellular,Cellular,Validation
CFZ,14,24,72,45.3,Cellular,Cellular,Validation
CFZ,14,24,72,39.5,Cellular,Cellular,Validation
CFZ,14,24,72,45.1,Cellular,Cellular,Validation
CFZ,14,24,72,59.4,Cellular,Cellular,Validation
CFZ,14,24,72,46.1,Cellular,Cellular,Validation
CFZ,14,24,72,46.2,Cellular,Cellular,Validation
CFZ,14,24,72,74.3,Cellular,Cellular,Validation
CFZ,14,24,72,37.7,Cellular,Cellular,Validation
CFZ,14,24,72,50.8,Cellular,Cellular,Validation
CFZ,14,24,72,42.1,Cellular,Cellular,Validation
CFZ,14,24,72,58.4,Cellular,Cellular,Validation
CFZ,14,24,72,34.9,Cellular,Cellular,Validation
CFZ,14,24,72,0.00488,Inner caseum,Caseum,Validation
CFZ,14,24,72,0.646,Outer caseum,Caseum,Validation
CFZ,14,24,72,4.58,Inner cellular,Cellular,Validation
CFZ,14,24,72,35.4,Outer cellular,Cellular,Validation
CFZ,14,24,72,11,Uninvolved Lung,Lung,Validation
CFZ,14,24,72,5.00E-04,Inner liquid caseum,Caseum,Validation
CFZ,14,24,72,0.00522,Inner caseum,Caseum,Validation
CFZ,14,24,72,0.71,Outer caseum,Caseum,Validation
CFZ,14,24,72,9.78,Inner cellular,Cellular,Validation
CFZ,14,24,72,54.9,Outer cellular,Cellular,Validation
CFZ,14,24,72,17.3,Uninvolved Lung,Lung,Validation
CFZ,15,72,120,6.01,Uninvolved Lung,Lung,Validation
CFZ,15,72,120,8.6,Uninvolved Lung,Lung,Validation
CFZ,15,72,120,11,Uninvolved Lung,Lung,Validation
CFZ,15,72,120,10.5,Uninvolved Lung,Lung,Validation
CFZ,15,72,120,9.73,Uninvolved Lung,Lung,Validation
CFZ,15,72,120,4.48,Uninvolved Lung,Lung,Validation
CFZ,15,72,120,22.3,Cellular,Cellular,Validation
CFZ,15,72,120,11.1,Cellular,Cellular,Validation
CFZ,15,72,120,25.9,Cellular,Cellular,Validation
CFZ,15,72,120,15.8,Cellular,Cellular,Validation
CFZ,15,72,120,11.3,Cellular,Cellular,Validation
CFZ,16,72,120,5.83,Uninvolved Lung,Lung,Validation
CFZ,16,72,120,16.2,Uninvolved Lung,Lung,Validation
CFZ,16,72,120,11.1,Uninvolved Lung,Lung,Validation
CFZ,16,72,120,17,Uninvolved Lung,Lung,Validation
CFZ,16,72,120,18.1,Uninvolved Lung,Lung,Validation
CFZ,16,72,120,8.46,Uninvolved Lung,Lung,Validation
CFZ,16,72,120,28.9,Cellular,Cellular,Validation
CFZ,16,72,120,43.2,Cellular,Cellular,Validation
CFZ,16,72,120,40.6,Cellular,Cellular,Validation
CFZ,16,72,120,55.7,Cellular,Cellular,Validation
CFZ,16,72,120,38,Cellular,Cellular,Validation
CFZ,16,72,120,47.4,Cellular,Cellular,Validation
CFZ,16,72,120,55.2,Cellular,Cellular,Validation
CFZ,16,72,120,34.2,Cellular,Cellular,Validation
CFZ,17,72,120,11.1,Uninvolved Lung,Lung,Validation
CFZ,17,72,120,16.2,Uninvolved Lung,Lung,Validation
CFZ,17,72,120,13.6,Uninvolved Lung,Lung,Validation
CFZ,17,72,120,18,Uninvolved Lung,Lung,Validation
CFZ,17,72,120,13.1,Uninvolved Lung,Lung,Validation
CFZ,17,72,120,10.4,Uninvolved Lung,Lung,Validation
CFZ,17,72,120,26.5,Cellular,Cellular,Validation
CFZ,17,72,120,24.9,Cellular,Cellular,Validation
CFZ,17,72,120,25.3,Cellular,Cellular,Validation
CFZ,17,72,120,29.8,Cellular,Cellular,Validation
CFZ,17,72,120,29,Cellular,Cellular,Validation
CFZ,17,72,120,13.7,Cellular,Cellular,Validation
CFZ,17,72,120,21,Cellular,Cellular,Validation
CFZ,17,72,120,25.5,Cellular,Cellular,Validation
CFZ,18,72,120,29.7,Uninvolved Lung,Lung,Validation
CFZ,18,72,120,56.8,Uninvolved Lung,Lung,Validation
CFZ,18,72,120,41.3,Uninvolved Lung,Lung,Validation
CFZ,18,72,120,61.5,Uninvolved Lung,Lung,Validation
CFZ,18,72,120,45.4,Uninvolved Lung,Lung,Validation
CFZ,18,72,120,23.3,Uninvolved Lung,Lung,Validation
CFZ,18,72,120,75.5,Cellular,Cellular,Validation
CFZ,18,72,120,91.8,Cellular,Cellular,Validation
CFZ,18,72,120,83.6,Cellular,Cellular,Validation
CFZ,18,72,120,56.2,Cellular,Cellular,Validation
CFZ,18,72,120,61.9,Cellular,Cellular,Validation
CFZ,18,72,120,34.7,Cellular,Cellular,Validation
CFZ,18,72,120,69.2,Cellular,Cellular,Validation
CFZ,18,72,120,107,Cellular,Cellular,Validation
CFZ,18,72,120,125,Cellular,Cellular,Validation
CFZ,18,72,120,81.7,Cellular,Cellular,Validation
CFZ,18,72,120,69.9,Cellular,Cellular,Validation
CFZ,19,72,120,79.9,Uninvolved Lung,Lung,Validation
CFZ,19,72,120,88.3,Uninvolved Lung,Lung,Validation
CFZ,19,72,120,72.6,Uninvolved Lung,Lung,Validation
CFZ,19,72,120,138,Uninvolved Lung,Lung,Validation
CFZ,19,72,120,123,Uninvolved Lung,Lung,Validation
CFZ,19,72,120,67.3,Uninvolved Lung,Lung,Validation
CFZ,19,72,120,105,Cellular,Cellular,Validation
CFZ,19,72,120,118,Cellular,Cellular,Validation
CFZ,19,72,120,149,Cellular,Cellular,Validation
CFZ,19,72,120,175,Cellular,Cellular,Validation
CFZ,19,72,120,156,Cellular,Cellular,Validation
CFZ,19,72,120,97.8,Cellular,Cellular,Validation
CFZ,19,72,120,108,Cellular,Cellular,Validation
CFZ,19,72,120,95.3,Cellular,Cellular,Validation
CFZ,19,72,120,138,Cellular,Cellular,Validation
CFZ,19,72,120,198,Cellular,Cellular,Validation
CFZ,19,72,120,182,Cellular,Cellular,Validation
CFZ,19,72,120,140,Cellular,Cellular,Validation
CFZ,19,72,120,109,Cellular,Cellular,Validation
CFZ,19,72,120,125,Cellular,Cellular,Validation
CFZ,19,72,120,0.281,Inner caseum,Caseum,Validation
CFZ,19,72,120,5.86,Outer caseum,Caseum,Validation
CFZ,19,72,120,91.6,Cellular,Cellular,Validation
CFZ,19,72,120,61.5,Uninvolved Lung,Lung,Validation
CFZ,20,48,96,8.96,Uninvolved Lung,Lung,Validation
CFZ,20,48,96,15.9,Uninvolved Lung,Lung,Validation
CFZ,20,48,96,13,Uninvolved Lung,Lung,Validation
CFZ,20,48,96,16.9,Uninvolved Lung,Lung,Validation
CFZ,20,48,96,15,Uninvolved Lung,Lung,Validation
CFZ,20,48,96,7.26,Uninvolved Lung,Lung,Validation
CFZ,20,48,96,28.9,Cellular,Cellular,Validation
CFZ,20,48,96,27.1,Cellular,Cellular,Validation
CFZ,20,48,96,29.5,Cellular,Cellular,Validation
CFZ,20,48,96,12,Cellular,Cellular,Validation
INH,9,1,49,0.998,Cellular,Cellular,Validation
INH,9,1,49,0.969,Normal,Lung,Validation
INH,9,1,49,1.25,Normal,Lung,Validation
INH,9,1,49,1.08,Normal,Lung,Validation
INH,9,1,49,1.16,Normal,Lung,Validation
INH,9,1,49,1.22,Normal,Lung,Validation
INH,9,1,49,1.05,Normal,Lung,Validation
INH,10,1,49,3.09,Normal,Lung,Validation
INH,10,1,49,3.06,Normal,Lung,Validation
INH,10,1,49,3.02,Normal,Lung,Validation
INH,10,1,49,3.29,Normal,Lung,Validation
INH,10,1,49,3.05,Normal,Lung,Validation
INH,10,1,49,3.06,Normal,Lung,Validation
INH,11,2,50,6.57,Cellular,Cellular,Validation
INH,11,2,50,7.17,Cellular,Cellular,Validation
INH,11,2,50,7.92,Cellular,Cellular,Validation
INH,11,2,50,6.56,Cellular,Cellular,Validation
INH,11,2,50,10.9,Normal,Lung,Validation
INH,11,2,50,7.57,Normal,Lung,Validation
INH,11,2,50,6.91,Normal,Lung,Validation
INH,11,2,50,7.44,Normal,Lung,Validation
INH,11,2,50,8.1,Normal,Lung,Validation
INH,11,2,50,6.87,Normal,Lung,Validation
INH,12,2,50,5.98,Cellular,Cellular,Validation
INH,12,2,50,6.54,Cellular,Cellular,Validation
INH,12,2,50,5.91,Cellular,Cellular,Validation
INH,12,2,50,5.12,Cellular,Cellular,Validation
INH,12,2,50,6.32,Cellular,Cellular,Validation
INH,12,2,50,6.86,Cellular,Cellular,Validation
INH,12,2,50,6.6,Cellular,Cellular,Validation
INH,12,2,50,6.06,Cellular,Cellular,Validation
INH,12,2,50,9.07,Cellular,Cellular,Validation
INH,12,2,50,6.67,Normal,Lung,Validation
INH,12,2,50,6.05,Normal,Lung,Validation
INH,12,2,50,6.3,Normal,Lung,Validation
INH,12,2,50,6.45,Normal,Lung,Validation
INH,12,2,50,6.89,Normal,Lung,Validation
INH,12,2,50,7.93,Normal,Lung,Validation
INH,13,2,50,6.8,Cellular,Cellular,Validation
INH,13,2,50,7,Cellular,Cellular,Validation
INH,13,2,50,6.14,Cellular,Cellular,Validation
INH,13,2,50,6.93,Cellular,Cellular,Validation
INH,13,2,50,7.07,Normal,Lung,Validation
INH,13,2,50,8.03,Normal,Lung,Validation
INH,13,2,50,6.9,Normal,Lung,Validation
INH,13,2,50,7.96,Normal,Lung,Validation
INH,13,2,50,8.17,Normal,Lung,Validation
INH,13,2,50,7.5,Normal,Lung,Validation
INH,14,1,49,1.35,Cellular,Cellular,Validation
INH,14,1,49,1.25,Cellular,Cellular,Validation
INH,14,1,49,1.26,Cellular,Cellular,Validation
INH,14,1,49,1.24,Cellular,Cellular,Validation
INH,14,1,49,1.45,Cellular,Cellular,Validation
INH,14,1,49,1.29,Cellular,Cellular,Validation
INH,14,1,49,1.2,Cellular,Cellular,Validation
INH,14,1,49,1.19,Cellular,Cellular,Validation
INH,14,1,49,1.41,Cellular,Cellular,Validation
INH,14,1,49,1.2,Cellular,Cellular,Validation
INH,14,1,49,1.06,Cellular,Cellular,Validation
INH,14,1,49,0.774,Cellular,Cellular,Validation
INH,14,1,49,1.26,Cellular,Cellular,Validation
INH,14,1,49,1.06,Cellular,Cellular,Validation
INH,14,1,49,1.41,Normal,Lung,Validation
INH,14,1,49,1.74,Normal,Lung,Validation
INH,14,1,49,1.62,Normal,Lung,Validation
INH,14,1,49,1.75,Normal,Lung,Validation
INH,14,1,49,1.56,Normal,Lung,Validation
INH,14,1,49,1.55,Normal,Lung,Validation
INH,14,1,49,4.26,Inner Caseum,Caseum,Validation
INH,14,1,49,3.47,Outer Caseum,Caseum,Validation
INH,14,1,49,3.14,Cellular,Cellular,Validation
INH,14,1,49,2.2,Normal,Lung,Validation
INH,14,1,49,3.37,Inner Caseum,Caseum,Validation
INH,14,1,49,3.66,Outer Caseum,Caseum,Validation
INH,14,1,49,3.35,Cellular,Cellular,Validation
INH,14,1,49,2.03,Normal,Lung,Validation
INH,14,1,49,3.8,Inner Caseum,Caseum,Validation
INH,14,1,49,3.69,Outer Caseum,Caseum,Validation
INH,14,1,49,3.4,Cellular,Cellular,Validation
INH,14,1,49,2.01,Normal,Lung,Validation
INH,15,24,72,0.16,Cellular,Cellular,Validation
INH,15,24,72,0.2,Cellular,Cellular,Validation
INH,15,24,72,0.285,Cellular,Cellular,Validation
INH,15,24,72,0.165,Cellular,Cellular,Validation
INH,15,24,72,0.205,Cellular,Cellular,Validation
INH,15,24,72,0.2,Cellular,Cellular,Validation
INH,15,24,72,0.189,Cellular,Cellular,Validation
INH,15,24,72,0.15,Cellular,Cellular,Validation
INH,15,24,72,0.213,Cellular,Cellular,Validation
INH,15,24,72,0.233,Cellular,Cellular,Validation
INH,15,24,72,0.17,Cellular,Cellular,Validation
INH,15,24,72,0.152,Cellular,Cellular,Validation
INH,15,24,72,0.148,Cellular,Cellular,Validation
INH,15,24,72,0.226,Cellular,Cellular,Validation
INH,15,24,72,0.391,Normal,Lung,Validation
INH,15,24,72,0.366,Normal,Lung,Validation
INH,15,24,72,0.277,Normal,Lung,Validation
INH,15,24,72,0.201,Normal,Lung,Validation
INH,15,24,72,0.32,Normal,Lung,Validation
INH,15,24,72,0.33,Normal,Lung,Validation
INH,15,24,72,0.188,Inner Caseum,Caseum,Validation
INH,15,24,72,0.216,Outer Caseum,Caseum,Validation
INH,15,24,72,0.206,Cellular,Cellular,Validation
INH,15,24,72,0.461,Normal,Lung,Validation
INH,15,24,72,0.187,Inner Caseum,Caseum,Validation
INH,15,24,72,0.193,Outer Caseum,Caseum,Validation
INH,15,24,72,0.207,Cellular,Cellular,Validation
INH,15,24,72,0.467,Normal,Lung,Validation
INH,16,24,72,0.217,Cellular,Cellular,Validation
INH,16,24,72,0.277,Cellular,Cellular,Validation
INH,16,24,72,0.231,Cellular,Cellular,Validation
INH,16,24,72,0.237,Cellular,Cellular,Validation
INH,16,24,72,0.262,Cellular,Cellular,Validation
INH,16,24,72,0.232,Cellular,Cellular,Validation
INH,16,24,72,0.205,Cellular,Cellular,Validation
INH,16,24,72,0.165,Cellular,Cellular,Validation
INH,16,24,72,0.372,Normal,Lung,Validation
INH,16,24,72,0.392,Normal,Lung,Validation
INH,16,24,72,0.407,Normal,Lung,Validation
INH,16,24,72,0.41,Normal,Lung,Validation
INH,16,24,72,0.372,Normal,Lung,Validation
INH,16,24,72,0.375,Normal,Lung,Validation
INH,17,24,48,0.283,Cellular,Cellular,Validation
INH,17,24,48,0.274,Cellular,Cellular,Validation
INH,17,24,48,0.291,Cellular,Cellular,Validation
INH,17,24,48,0.302,Cellular,Cellular,Validation
INH,17,24,48,0.237,Cellular,Cellular,Validation
INH,17,24,48,0.271,Cellular,Cellular,Validation
INH,17,24,48,0.232,Cellular,Cellular,Validation
INH,17,24,48,0.292,Cellular,Cellular,Validation
INH,17,24,48,0.35,Cellular,Cellular,Validation
INH,17,24,48,0.28,Cellular,Cellular,Validation
INH,17,24,48,0.294,Cellular,Cellular,Validation
INH,17,24,48,0.257,Cellular,Cellular,Validation
INH,17,24,48,0.372,Cellular,Cellular,Validation
INH,17,24,48,0.373,Normal,Lung,Validation
INH,17,24,48,0.435,Normal,Lung,Validation
INH,17,24,48,0.429,Normal,Lung,Validation
INH,17,24,48,0.468,Normal,Lung,Validation
INH,17,24,48,0.468,Normal,Lung,Validation
INH,17,24,48,0.444,Normal,Lung,Validation
INH,17,24,48,0.88,Inner Caseum,Caseum,Validation
INH,17,24,48,0.81,Outer Caseum,Caseum,Validation
INH,17,24,48,0.52,Cellular,Cellular,Validation
INH,17,24,48,0.568,Normal,Lung,Validation
INH,18,24,48,0.2,Cellular,Cellular,Validation
INH,18,24,48,0.179,Cellular,Cellular,Validation
INH,18,24,48,0.094,Cellular,Cellular,Validation
INH,18,24,48,0.176,Cellular,Cellular,Validation
INH,18,24,48,0.21,Cellular,Cellular,Validation
INH,18,24,48,0.183,Cellular,Cellular,Validation
INH,18,24,48,0.211,Cellular,Cellular,Validation
INH,18,24,48,0.231,Cellular,Cellular,Validation
INH,18,24,48,0.188,Cellular,Cellular,Validation
INH,18,24,48,0.193,Cellular,Cellular,Validation
INH,18,24,48,0.141,Cellular,Cellular,Validation
INH,18,24,48,0.184,Cellular,Cellular,Validation
INH,18,24,48,0.232,Cellular,Cellular,Validation
INH,18,24,48,0.188,Cellular,Cellular,Validation
INH,18,24,48,0.382,Normal,Lung,Validation
INH,18,24,48,0.362,Normal,Lung,Validation
INH,18,24,48,0.335,Normal,Lung,Validation
INH,18,24,48,0.363,Normal,Lung,Validation
INH,18,24,48,0.36,Normal,Lung,Validation
INH,18,24,48,0.338,Normal,Lung,Validation
INH,18,24,48,0.25,Inner Caseum,Caseum,Validation
INH,18,24,48,0.366,Outer Caseum,Caseum,Validation
INH,18,24,48,0.287,Inner Cellular,Cellular,Validation
INH,18,24,48,0.29,Outer Cellular,Cellular,Validation
INH,18,24,48,0.338,Normal,Lung,Validation
INH,18,24,48,0.265,Inner Caseum,Caseum,Validation
INH,18,24,48,0.302,Outer Caseum,Caseum,Validation
INH,18,24,48,0.311,Cellular,Cellular,Validation
INH,18,24,48,0.339,Inner Caseum,Caseum,Validation
INH,18,24,48,0.399,Outer Caseum,Caseum,Validation
INH,18,24,48,0.365,Cellular,Cellular,Validation
INH,18,24,48,0.409,Normal,Lung,Validation
INH,18,24,48,0.301,Inner Caseum,Caseum,Validation
INH,18,24,48,0.345,Outer Caseum,Caseum,Validation
INH,18,24,48,0.333,Cellular,Cellular,Validation
INH,18,24,48,0.365,Normal,Lung,Validation
INH,19,16,64,0.307,Cellular,Cellular,Validation
INH,19,16,64,0.297,Cellular,Cellular,Validation
INH,19,16,64,0.22,Cellular,Cellular,Validation
INH,19,16,64,0.265,Cellular,Cellular,Validation
INH,19,16,64,0.227,Cellular,Cellular,Validation
INH,19,16,64,0.205,Cellular,Cellular,Validation
INH,19,16,64,0.242,Cellular,Cellular,Validation
INH,19,16,64,0.252,Cellular,Cellular,Validation
INH,19,16,64,0.374,Normal,Lung,Validation
INH,19,16,64,0.356,Normal,Lung,Validation
INH,19,16,64,0.406,Normal,Lung,Validation
INH,19,16,64,0.413,Normal,Lung,Validation
INH,19,16,64,0.419,Normal,Lung,Validation
INH,19,16,64,0.408,Normal,Lung,Validation
INH,20,16,64,0.206,Cellular,Cellular,Validation
INH,20,16,64,0.186,Cellular,Cellular,Validation
INH,20,16,64,0.176,Cellular,Cellular,Validation
INH,20,16,64,0.188,Cellular,Cellular,Validation
INH,20,16,64,0.175,Cellular,Cellular,Validation
INH,20,16,64,0.252,Cellular,Cellular,Validation
INH,20,16,64,0.148,Cellular,Cellular,Validation
INH,20,16,64,0.168,Cellular,Cellular,Validation
INH,20,16,64,0.196,Cellular,Cellular,Validation
INH,20,16,64,0.213,Cellular,Cellular,Validation
INH,20,16,64,0.203,Cellular,Cellular,Validation
INH,20,16,64,0.216,Cellular,Cellular,Validation
INH,20,16,64,0.207,Cellular,Cellular,Validation
INH,20,16,64,0.198,Cellular,Cellular,Validation
INH,20,16,64,0.4,Normal,Lung,Validation
INH,20,16,64,0.374,Normal,Lung,Validation
INH,20,16,64,0.429,Normal,Lung,Validation
INH,20,16,64,0.428,Normal,Lung,Validation
INH,20,16,64,0.416,Normal,Lung,Validation
INH,20,16,64,0.317,Normal,Lung,Validation
INH,20,16,64,0.511,Inner Caseum,Caseum,Validation
INH,20,16,64,0.414,Outer Caseum,Caseum,Validation
INH,20,16,64,0.415,Inner Cellular,Cellular,Validation
INH,20,16,64,0.456,Outer Cellular,Cellular,Validation
INH,20,16,64,0.314,Normal,Lung,Validation
INH,20,16,64,0.437,Inner Caseum,Caseum,Validation
INH,20,16,64,0.505,Outer Caseum,Caseum,Validation
INH,20,16,64,0.431,Cellular,Cellular,Validation
INH,20,16,64,0.501,Normal,Lung,Validation
INH,20,16,64,0.337,Inner Caseum,Caseum,Validation
INH,20,16,64,0.339,Outer Caseum,Caseum,Validation
INH,20,16,64,0.349,Inner Cellular,Cellular,Validation
INH,20,16,64,0.431,Outer Cellular,Cellular,Validation
INH,20,16,64,0.504,Normal,Lung,Validation
KAN,1,2,50,7.97,Normal,Lung,Validation
KAN,1,2,50,24.1,Caseous,Caseous/Fibrotic,Validation
KAN,1,2,50,20.8,Caseous,Caseous/Fibrotic,Validation
KAN,1,2,50,12.7,Cellular,Cellular,Validation
KAN,1,2,50,19.4,Caseous,Caseous/Fibrotic,Validation
KAN,1,2,50,13.672,Normal,Lung,Validation
KAN,1,2,50,15.682,Cellular,Cellular,Validation
KAN,1,2,50,18.716,Caseum,Caseum,Validation
KAN,1,2,50,16.4,Normal,Lung,Validation
KAN,1,2,50,19.7,Cellular,Cellular,Validation
KAN,1,2,50,22.3,Cellular,Cellular,Validation
KAN,1,2,50,18.8,Normal,Lung,Validation
KAN,1,2,50,13.32205,Caseum,Caseum,Validation
KAN,1,2,50,21.3,Caseous,Caseous/Fibrotic,Validation
KAN,1,2,50,7.38492,Cellular,Cellular,Validation
KAN,1,2,50,11.49727,Normal,Lung,Validation
KAN,1,2,50,20.8,Normal,Lung,Validation
KAN,1,2,50,29.8,Caseous,Caseous/Fibrotic,Validation
KAN,1,2,50,27.6,Cellular,Cellular,Validation
KAN,1,2,50,29.4,Normal,Lung,Validation
KAN,1,2,50,27.2,Caseous,Caseous/Fibrotic,Validation
KAN,1,2,50,30.6,Caseous,Caseous/Fibrotic,Validation
KAN,1,2,50,33.9,Cellular,Cellular,Validation
KAN,2,2,50,15.7,Normal,Lung,Validation
KAN,2,2,50,18.7,Caseous,Caseous/Fibrotic,Validation
KAN,2,2,50,11.4,Caseous,Caseous/Fibrotic,Validation
KAN,2,2,50,19.4,Caseous,Caseous/Fibrotic,Validation
KAN,2,2,50,17.9,Normal,Lung,Validation
KAN,2,2,50,17.5,Normal,Lung,Validation
KAN,2,2,50,16.7,Normal,Lung,Validation
KAN,2,2,50,18.8,Normal,Lung,Validation
KAN,2,2,50,22.57504,Caseum,Caseum,Validation
KAN,2,2,50,8.61889,Cellular,Cellular,Validation
KAN,2,2,50,7.53402,Normal,Lung,Validation
KAN,2,2,50,29.2,Normal,Lung,Validation
KAN,3,6,54,3.39,Normal,Lung,Validation
KAN,3,6,54,3.81,Cellular,Cellular,Validation
KAN,3,6,54,3.66,Normal,Lung,Validation
KAN,3,6,54,6.72,Cellular,Cellular,Validation
KAN,3,6,54,2.01574,Caseum,Caseum,Validation
KAN,3,6,54,8.53,Cellular,Cellular,Validation
KAN,3,6,54,5.1485,Cellular,Cellular,Validation
KAN,3,6,54,7.82,Cellular,Cellular,Validation
KAN,3,6,54,3.66979,Normal,Lung,Validation
KAN,3,6,54,7.43,Cellular,Cellular,Validation
KAN,3,6,54,2.95,Normal,Lung,Validation
KAN,3,6,54,3.92,Normal,Lung,Validation
KAN,3,6,54,4.79,Normal,Lung,Validation
KAN,3,6,54,3.37,Normal,Lung,Validation
KAN,4,6,54,3.79,Normal,Lung,Validation
KAN,4,6,54,6.67,Caseum,Caseum,Validation
KAN,4,6,54,6.18,Cellular,Cellular,Validation
KAN,4,6,54,5.98,Cellular,Cellular,Validation
KAN,4,6,54,6.23,Caseous,Caseous/Fibrotic,Validation
KAN,4,6,54,2.88,Normal,Lung,Validation
KAN,4,6,54,4.13,Cellular,Cellular,Validation
KAN,4,6,54,5.45,Caseous,Caseous/Fibrotic,Validation
KAN,4,6,54,6.48,Caseous,Caseous/Fibrotic,Validation
KAN,4,6,54,3.04,Caseous,Caseous/Fibrotic,Validation
KAN,4,6,54,3.34,Normal,Lung,Validation
KAN,4,6,54,6.94,Caseous,Caseous/Fibrotic,Validation
KAN,4,6,54,3.96,Cellular,Cellular,Validation
KAN,4,6,54,1.68796,Caseum,Caseum,Validation
KAN,4,6,54,3.64,Caseous,Caseous/Fibrotic,Validation
KAN,4,6,54,6.85415,Cellular,Cellular,Validation
KAN,4,6,54,7.56,Caseous,Caseous/Fibrotic,Validation
KAN,4,6,54,4.35,Caseous,Caseous/Fibrotic,Validation
KAN,4,6,54,2.9851,Normal,Lung,Validation
KAN,4,6,54,4.74,Normal,Lung,Validation
KAN,4,6,54,5.72,Cellular,Cellular,Validation
KAN,4,6,54,3.83,Normal,Lung,Validation
KAN,4,6,54,5.33,Cellular,Cellular,Validation
KAN,4,6,54,4.96,Caseous,Caseous/Fibrotic,Validation
KAN,4,6,54,5.47,Caseous,Caseous/Fibrotic,Validation
KAN,4,6,54,3.92,Normal,Lung,Validation
KAN,4,6,54,6.88,Cellular,Cellular,Validation
KAN,4,6,54,8.77,Cellular,Cellular,Validation
KAN,4,6,54,5.48,Cellular,Cellular,Validation
KAN,4,6,54,4.38,Cellular,Cellular,Validation
KAN,4,6,54,4.53,Cellular,Cellular,Validation
KAN,5,6,54,2.66,Normal,Lung,Validation
KAN,5,6,54,4.76651,Caseum,Caseum,Validation
KAN,5,6,54,5.55,Caseous,Caseous/Fibrotic,Validation
KAN,5,6,54,5.47305,Cellular,Cellular,Validation
KAN,5,6,54,5.07,Caseous,Caseous/Fibrotic,Validation
KAN,5,6,54,0.83414,Normal,Lung,Validation
KAN,5,6,54,5.23,Normal,Lung,Validation
KAN,5,6,54,5.37,Cellular,Cellular,Validation
KAN,5,6,54,6.37,Cellular,Cellular,Validation
KAN,5,6,54,5.47,Cellular,Cellular,Validation
KAN,5,6,54,4.46,Normal,Lung,Validation
KAN,5,6,54,4.79,Caseous,Caseous/Fibrotic,Validation
KAN,5,6,54,5.83,Normal,Lung,Validation
KAN,5,6,54,9.16,Caseous,Caseous/Fibrotic,Validation
KAN,5,6,54,8.15,Cellular,Cellular,Validation
KAN,5,6,54,5.42,Cellular,Cellular,Validation
KAN,5,6,54,3.74,Normal,Lung,Validation
KAN,5,6,54,7,Normal,Lung,Validation
LZD,160,1,73,11.9,Cellular,Cellular,Validation
LZD,160,1,73,12.1,Cellular,Cellular,Validation
LZD,160,1,73,13,Cellular,Cellular,Validation
LZD,160,1,73,12.3,Cellular,Cellular,Validation
LZD,160,1,73,15.3,Cellular,Cellular,Validation
LZD,160,1,73,13.2,Cellular,Cellular,Validation
LZD,160,1,73,12.7,Cellular,Cellular,Validation
LZD,160,1,73,12.7,Cellular,Cellular,Validation
LZD,160,1,73,13.5,Cellular,Cellular,Validation
LZD,160,1,73,13.5,Cellular,Cellular,Validation
LZD,160,1,73,12.3,Cellular,Cellular,Validation
LZD,160,1,73,14.7,Cellular,Cellular,Validation
LZD,160,1,73,12.8,Normal,Lung,Validation
LZD,160,1,73,12.3,Normal,Lung,Validation
LZD,160,1,73,12.2,Normal,Lung,Validation
LZD,160,1,73,13.2,Normal,Lung,Validation
LZD,160,1,73,13.2,Normal,Lung,Validation
LZD,160,1,73,14.4,Normal,Lung,Validation
LZD,161,1,73,50.6,Cellular,Cellular,Validation
LZD,161,1,73,89.3,Cellular,Cellular,Validation
LZD,161,1,73,46.9,Cellular,Cellular,Validation
LZD,161,1,73,48.9,Cellular,Cellular,Validation
LZD,161,1,73,44.3,Cellular,Cellular,Validation
LZD,161,1,73,41.6,Cellular,Cellular,Validation
LZD,161,1,73,33.1,Cellular,Cellular,Validation
LZD,161,1,73,53.3,Cellular,Cellular,Validation
LZD,161,1,73,76.9,Cellular,Cellular,Validation
LZD,161,1,73,75.8,Cellular,Cellular,Validation
LZD,161,1,73,75.4,Cellular,Cellular,Validation
LZD,161,1,73,66.9,Cellular,Cellular,Validation
LZD,161,1,73,54.2,Normal,Lung,Validation
LZD,161,1,73,45.5,Normal,Lung,Validation
LZD,161,1,73,117,Normal,Lung,Validation
LZD,161,1,73,89.4,Normal,Lung,Validation
LZD,162,1,73,21.2,Cellular,Cellular,Validation
LZD,162,1,73,28.2,Cellular,Cellular,Validation
LZD,162,1,73,21.5,Cellular,Cellular,Validation
LZD,162,1,73,44.3,Cellular,Cellular,Validation
LZD,162,1,73,20.8,Cellular,Cellular,Validation
LZD,162,1,73,24.8,Cellular,Cellular,Validation
LZD,162,1,73,27.3,Cellular,Cellular,Validation
LZD,162,1,73,-0.099,Cellular,Cellular,Validation
LZD,162,1,73,32,Cellular,Cellular,Validation
LZD,162,1,73,24,Cellular,Cellular,Validation
LZD,162,1,73,24,Cellular,Cellular,Validation
LZD,162,1,73,26.3,Cellular,Cellular,Validation
LZD,162,1,73,27.4,Cellular,Cellular,Validation
LZD,162,1,73,24.4,Cellular,Cellular,Validation
LZD,162,1,73,24.2,Normal,Lung,Validation
LZD,162,1,73,26.6,Normal,Lung,Validation
LZD,162,1,73,29,Normal,Lung,Validation
LZD,162,1,73,25.7,Normal,Lung,Validation
LZD,162,1,73,24,Normal,Lung,Validation
LZD,162,1,73,29.2,Normal,Lung,Validation
LZD,162,1,73,20.6,Inner Caseum,Caseum,Validation
LZD,162,1,73,20.5,Outer Caseum,Caseum,Validation
LZD,162,1,73,18.9,Cellular,Cellular,Validation
LZD,162,1,73,18.5,Normal,Lung,Validation
LZD,265,4,76,3.47,Cellular,Cellular,Validation
LZD,265,4,76,4,Cellular,Cellular,Validation
LZD,265,4,76,3.14,Cellular,Cellular,Validation
LZD,265,4,76,4.58,Cellular,Cellular,Validation
LZD,265,4,76,5.88,Cellular,Cellular,Validation
LZD,265,4,76,3.57,Cellular,Cellular,Validation
LZD,265,4,76,3.39,Normal,Lung,Validation
LZD,265,4,76,3.09,Normal,Lung,Validation
LZD,265,4,76,3.27,Normal,Lung,Validation
LZD,265,4,76,3.31,Normal,Lung,Validation
LZD,265,4,76,3.38,Normal,Lung,Validation
LZD,265,4,76,3.41,Normal,Lung,Validation
LZD,265,4,76,2.73,Inner Caseum,Caseum,Validation
LZD,265,4,76,3.15,Outer Caseum,Caseum,Validation
LZD,265,4,76,3.37,Inner Cellular,Cellular,Validation
LZD,265,4,76,3.78,Outer Cellular,Cellular,Validation
LZD,265,4,76,3.23,Normal,Lung,Validation
LZD,266,4,76,38.2,Cellular,Cellular,Validation
LZD,266,4,76,38,Cellular,Cellular,Validation
LZD,266,4,76,39.4,Cellular,Cellular,Validation
LZD,266,4,76,38.4,Cellular,Cellular,Validation
LZD,266,4,76,38.2,Cellular,Cellular,Validation
LZD,266,4,76,34.8,Cellular,Cellular,Validation
LZD,266,4,76,34.3,Cellular,Cellular,Validation
LZD,266,4,76,39.1,Cellular,Cellular,Validation
LZD,266,4,76,33.3,Cellular,Cellular,Validation
LZD,266,4,76,35.4,Cellular,Cellular,Validation
LZD,266,4,76,38.9,Cellular,Cellular,Validation
LZD,266,4,76,37.9,Cellular,Cellular,Validation
LZD,266,4,76,33.8,Cellular,Cellular,Validation
LZD,266,4,76,39.5,Cellular,Cellular,Validation
LZD,266,4,76,37.7,Normal,Lung,Validation
LZD,266,4,76,40.6,Normal,Lung,Validation
LZD,266,4,76,43.7,Normal,Lung,Validation
LZD,266,4,76,45.8,Normal,Lung,Validation
LZD,266,4,76,40,Normal,Lung,Validation
LZD,266,4,76,45.5,Normal,Lung,Validation
LZD,266,4,76,41.3,Inner Caseum,Caseum,Validation
LZD,266,4,76,43,Outer Caseum,Caseum,Validation
LZD,266,4,76,37.3,Cellular,Cellular,Validation
LZD,266,4,76,34.2,Normal,Lung,Validation
LZD,266,4,76,48.5,Outer Caseum,Caseum,Validation
LZD,266,4,76,41.3,Cellular,Cellular,Validation
LZD,266,4,76,29.1,Normal,Lung,Validation
LZD,266,4,76,41.6,Inner Caseum,Caseum,Validation
LZD,266,4,76,36.7,Outer Caseum,Caseum,Validation
LZD,266,4,76,39.8,Cellular,Cellular,Validation
LZD,266,4,76,33.8,Normal,Lung,Validation
LZD,267,4,76,25,Cellular,Cellular,Validation
LZD,267,4,76,23,Cellular,Cellular,Validation
LZD,267,4,76,27.9,Cellular,Cellular,Validation
LZD,267,4,76,28.2,Cellular,Cellular,Validation
LZD,267,4,76,27.5,Cellular,Cellular,Validation
LZD,267,4,76,26.5,Cellular,Cellular,Validation
LZD,267,4,76,24.6,Cellular,Cellular,Validation
LZD,267,4,76,27.3,Normal,Lung,Validation
LZD,267,4,76,27.7,Normal,Lung,Validation
LZD,267,4,76,28.5,Normal,Lung,Validation
LZD,267,4,76,30.6,Normal,Lung,Validation
LZD,267,4,76,32.6,Normal,Lung,Validation
LZD,267,4,76,30.9,Normal,Lung,Validation
LZD,269,8,80,9.9,Cellular,Cellular,Validation
LZD,269,8,80,10.3,Cellular,Cellular,Validation
LZD,269,8,80,10.5,Cellular,Cellular,Validation
LZD,269,8,80,10.2,Cellular,Cellular,Validation
LZD,269,8,80,10.3,Cellular,Cellular,Validation
LZD,269,8,80,9.48,Cellular,Cellular,Validation
LZD,269,8,80,11,Cellular,Cellular,Validation
LZD,269,8,80,11.6,Cellular,Cellular,Validation
LZD,269,8,80,10.2,Cellular,Cellular,Validation
LZD,269,8,80,9.15,Cellular,Cellular,Validation
LZD,269,8,80,9.91,Normal,Lung,Validation
LZD,269,8,80,11.6,Normal,Lung,Validation
LZD,269,8,80,11.1,Normal,Lung,Validation
LZD,269,8,80,10.1,Normal,Lung,Validation
LZD,269,8,80,14.5,Normal,Lung,Validation
LZD,269,8,80,10.3,Normal,Lung,Validation
LZD,269,8,80,11.8,Inner Caseum,Caseum,Validation
LZD,269,8,80,12.4,Outer Caseum,Caseum,Validation
LZD,269,8,80,11.8,Cellular,Cellular,Validation
LZD,269,8,80,7.63,Normal,Lung,Validation
LZD,269,8,80,10.1,Inner Caseum,Caseum,Validation
LZD,269,8,80,9.43,Outer Caseum,Caseum,Validation
LZD,269,8,80,10.6,Cellular,Cellular,Validation
LZD,269,8,80,7.43,Normal,Lung,Validation
LZD,269,8,80,9.99,Inner Caseum,Caseum,Validation
LZD,269,8,80,11.2,Outer Caseum,Caseum,Validation
LZD,269,8,80,10.8,Inner Cellular,Cellular,Validation
LZD,269,8,80,11,Outer Cellular,Cellular,Validation
LZD,269,8,80,13,Inner Caseum,Caseum,Validation
LZD,269,8,80,10.7,Outer Caseum,Caseum,Validation
LZD,269,8,80,11.2,Cellular,Cellular,Validation
LZD,269,8,80,8.9,Normal,Lung,Validation
LZD,269,8,80,11.1,Inner Caseum,Caseum,Validation
LZD,269,8,80,11,Outer Caseum,Caseum,Validation
LZD,269,8,80,10.2,Cellular,Cellular,Validation
LZD,269,8,80,9.12,Normal,Lung,Validation
LZD,270,8,80,2.39,Cellular,Cellular,Validation
LZD,270,8,80,2.66,Cellular,Cellular,Validation
LZD,270,8,80,2.48,Cellular,Cellular,Validation
LZD,270,8,80,2.19,Cellular,Cellular,Validation
LZD,270,8,80,2.48,Cellular,Cellular,Validation
LZD,270,8,80,2.56,Cellular,Cellular,Validation
LZD,270,8,80,2.67,Cellular,Cellular,Validation
LZD,270,8,80,2.79,Cellular,Cellular,Validation
LZD,270,8,80,2.5,Cellular,Cellular,Validation
LZD,270,8,80,3.05,Normal,Lung,Validation
LZD,270,8,80,2.67,Normal,Lung,Validation
LZD,270,8,80,2.59,Normal,Lung,Validation
LZD,270,8,80,2.53,Normal,Lung,Validation
LZD,270,8,80,2.83,Normal,Lung,Validation
LZD,270,8,80,2.46,Normal,Lung,Validation
LZD,270,8,80,3.6,Outer Caseum,Caseum,Validation
LZD,270,8,80,2.81,Inner Cellular,Cellular,Validation
LZD,270,8,80,2.63,Outer Cellular,Cellular,Validation
LZD,270,8,80,4.02,Inner Caseum,Caseum,Validation
LZD,270,8,80,3.3,Outer Caseum,Caseum,Validation
LZD,270,8,80,3.27,Cellular,Cellular,Validation
LZD,270,8,80,2.26,Normal,Lung,Validation
LZD,270,8,80,3.88,Inner Caseum,Caseum,Validation
LZD,270,8,80,3.56,Outer Caseum,Caseum,Validation
LZD,270,8,80,3.16,Cellular,Cellular,Validation
LZD,270,8,80,2.5,Normal,Lung,Validation
LZD,271,8,80,19.2,Cellular,Cellular,Validation
LZD,271,8,80,19.8,Cellular,Cellular,Validation
LZD,271,8,80,18.9,Cellular,Cellular,Validation
LZD,271,8,80,25.6,Cellular,Cellular,Validation
LZD,271,8,80,19.8,Cellular,Cellular,Validation
LZD,271,8,80,23.2,Normal,Lung,Validation
LZD,271,8,80,21.5,Normal,Lung,Validation
LZD,271,8,80,22.3,Normal,Lung,Validation
LZD,271,8,80,22.7,Normal,Lung,Validation
LZD,271,8,80,23.9,Normal,Lung,Validation
LZD,271,8,80,22.6,Normal,Lung,Validation
LZD,271,8,80,26.2,Inner Caseum,Caseum,Validation
LZD,271,8,80,26,Outer Caseum,Caseum,Validation
LZD,271,8,80,21.4,Inner Cellular,Cellular,Validation
LZD,271,8,80,22.3,Outer Cellular,Cellular,Validation
LZD,271,8,80,19.9,Normal,Lung,Validation
LZD,271,8,80,24.7,Inner Caseum,Caseum,Validation
LZD,271,8,80,21.9,Outer Caseum,Caseum,Validation
LZD,271,8,80,21.7,Cellular,Cellular,Validation
LZD,271,8,80,18.9,Normal,Lung,Validation
LZD,271,8,80,18.1,Inner Caseum,Caseum,Validation
LZD,271,8,80,22.7,Outer Caseum,Caseum,Validation
LZD,271,8,80,23.2,Cellular,Cellular,Validation
LZD,271,8,80,19.9,Normal,Lung,Validation
MXF,1,0.5,0.5,5.56,Plasma,Plasma,Validation
MXF,1,1,1,6.42,Plasma,Plasma,Validation
MXF,1,2,2,6.88,Plasma,Plasma,Validation
MXF,1,6,6,4.41,Plasma,Plasma,Validation
MXF,1,24,24,0.71,Plasma,Plasma,Validation
MXF,1,24,24,9.49,Cellular,Cellular,Validation
MXF,1,24,24,7.06,Cellular,Cellular,Validation
MXF,1,24,24,6.48,Cellular,Cellular,Validation
MXF,1,24,24,5.39,Uninvolved lung,Lung,Validation
MXF,1,24,24,3.63,Uninvolved lung,Lung,Validation
MXF,1,24,24,3.37,Uninvolved lung,Lung,Validation
MXF,2,0.5,0.5,8.81,Plasma,Plasma,Validation
MXF,2,1,1,7.12,Plasma,Plasma,Validation
MXF,2,2,2,6.87,Plasma,Plasma,Validation
MXF,2,2,2,33,Uninvolved lung,Lung,Validation
MXF,2,2,2,35.3,Uninvolved lung,Lung,Validation
MXF,2,2,2,31.6,Uninvolved lung,Lung,Validation
MXF,2,2,2,48.4,Cellular,Cellular,Validation
MXF,2,2,2,51.2,Cellular,Cellular,Validation
MXF,2,2,2,57.1,Cellular,Cellular,Validation
MXF,2,2,2,32.5,Uninvolved lung,Lung,Validation
MXF,2,2,2,29.1,Uninvolved lung,Lung,Validation
MXF,2,2,2,32.4,Uninvolved lung,Lung,Validation
MXF,2,2,2,47.8,Cellular,Cellular,Validation
MXF,2,2,2,54.4,Cellular,Cellular,Validation
MXF,2,2,2,52,Cellular,Cellular,Validation
MXF,2,2,2,47.7,Cellular,Cellular,Validation
MXF,2,2,2,46.8,Cellular,Cellular,Validation
MXF,2,2,2,59.2,Cellular,Cellular,Validation
MXF,2,2,2,45.9,Cellular,Cellular,Validation
MXF,2,2,2,10.9,Caseous,Caseous/Fibrotic,Validation
MXF,2,2,2,50.9,Caseum,Caseum,Validation
MXF,2,2,2,48.7,Cavity wall,Cavity,Validation
MXF,2,2,2,16.4,Caseum,Caseum,Validation
MXF,3,0.5,0.5,7.64,Plasma,Plasma,Validation
MXF,3,1,1,5.78,Plasma,Plasma,Validation
MXF,3,2,2,4.65,Plasma,Plasma,Validation
MXF,3,6,6,5.3,Plasma,Plasma,Validation
MXF,3,6,6,16.2,Caseum,Caseum,Validation
MXF,3,6,6,30.7,Uninvolved lung,Lung,Validation
MXF,3,6,6,24.9,Uninvolved lung,Lung,Validation
MXF,3,6,6,22.8,Uninvolved lung,Lung,Validation
MXF,3,6,6,27.2,Uninvolved lung,Lung,Validation
MXF,3,6,6,29.7,Caseous,Caseous/Fibrotic,Validation
MXF,3,6,6,29.1,Caseous,Caseous/Fibrotic,Validation
MXF,3,6,6,15.8,Uninvolved lung,Lung,Validation
MXF,3,6,6,31.6,Caseous,Caseous/Fibrotic,Validation
MXF,3,6,6,50.5,Caseous,Caseous/Fibrotic,Validation
MXF,3,6,6,30.6,Caseous,Caseous/Fibrotic,Validation
MXF,3,6,6,35.9,Cellular,Cellular,Validation
MXF,3,6,6,44.6,Cellular,Cellular,Validation
MXF,3,6,6,47.5,Cellular,Cellular,Validation
MXF,3,6,6,55.8,Cellular,Cellular,Validation
MXF,3,6,6,47.2,Cellular,Cellular,Validation
MXF,3,6,6,35.3,Cellular,Cellular,Validation
MXF,3,6,6,60.9,Cellular,Cellular,Validation
MXF,3,6,6,53.6,Cellular,Cellular,Validation
MXF,3,6,6,25.5,Cellular,Cellular,Validation
MXF,3,6,6,40.2,Cellular,Cellular,Validation
MXF,3,6,6,20.6,Cellular,Cellular,Validation
MXF,4,0.5,0.5,3.48,Plasma,Plasma,Validation
MXF,4,1,1,3.36,Plasma,Plasma,Validation
MXF,4,2,2,3,Plasma,Plasma,Validation
MXF,4,2,2,4.5,Uninvolved lung,Lung,Validation
MXF,4,2,2,9.93,Uninvolved lung,Lung,Validation
MXF,4,2,2,9.3,Cellular,Cellular,Validation
MXF,4,2,2,6.57,Cellular,Cellular,Validation
MXF,4,2,2,6.46,Cellular,Cellular,Validation
MXF,4,2,2,5.69,Uninvolved lung,Lung,Validation
MXF,4,2,2,7.59,Uninvolved lung,Lung,Validation
MXF,4,2,2,10.9,Cellular,Cellular,Validation
MXF,4,2,2,7.65,Cellular,Cellular,Validation
MXF,4,2,2,9.22,Cellular,Cellular,Validation
MXF,4,2,2,15.4,Cellular,Cellular,Validation
MXF,4,2,2,17.3,Caseous,Caseous/Fibrotic,Validation
MXF,4,2,2,10.3,Caseum,Caseum,Validation
MXF,4,2,2,1.07,Caseum,Caseum,Validation
MXF,4,2,2,8.41,Cavity wall,Cavity,Validation
MXF,4,2,2,14.5,Cavity wall,Cavity,Validation
MXF,5,0.25,0.25,0.46,Plasma,Plasma,Validation
MXF,5,0.5,0.5,0.71,Plasma,Plasma,Validation
MXF,5,1,1,1.04,Plasma,Plasma,Validation
MXF,5,1.5,1.5,0.96,Plasma,Plasma,Validation
MXF,5,2,2,0.65,Plasma,Plasma,Validation
MXF,5,2,2,0.46,Uninvolved lung,Lung,Validation
MXF,5,2,2,0.87,Uninvolved lung,Lung,Validation
MXF,5,2,2,0.9,Uninvolved lung,Lung,Validation
MXF,5,2,2,2.39,Caseous,Caseous/Fibrotic,Validation
MXF,5,2,2,2.59,Caseous,Caseous/Fibrotic,Validation
MXF,5,2,2,2.59,Caseous,Caseous/Fibrotic,Validation
MXF,5,2,2,3.37,Caseous,Caseous/Fibrotic,Validation
MXF,5,2,2,3.58,Caseous,Caseous/Fibrotic,Validation
MXF,6,0.25,0.25,0.06,Plasma,Plasma,Validation
MXF,6,0.5,0.5,0.18,Plasma,Plasma,Validation
MXF,6,1,1,1.13,Plasma,Plasma,Validation
MXF,6,16,16,0.09,Plasma,Plasma,Validation
MXF,6,19.5,19.5,0.46,Caseous,Caseous/Fibrotic,Validation
MXF,6,19.5,19.5,0.3,Caseous,Caseous/Fibrotic,Validation
MXF,6,19.5,19.5,0.29,Caseous,Caseous/Fibrotic,Validation
MXF,6,19.5,19.5,0.48,Caseous,Caseous/Fibrotic,Validation
MXF,6,19.5,19.5,0.02,Uninvolved lung,Lung,Validation
MXF,6,19.5,19.5,0.11,Uninvolved lung,Lung,Validation
MXF,6,19.5,19.5,0.69,Caseous,Caseous/Fibrotic,Validation
MXF,6,19.5,19.5,0.47,Caseous,Caseous/Fibrotic,Validation
MXF,7,0.25,0.25,0.37,Plasma,Plasma,Validation
MXF,7,0.5,0.5,0.79,Plasma,Plasma,Validation
MXF,7,1,1,1.4,Plasma,Plasma,Validation
MXF,7,1.5,1.5,1.73,Plasma,Plasma,Validation
MXF,7,6,6,0.52,Plasma,Plasma,Validation
MXF,7,6,6,0.95,Uninvolved lung,Lung,Validation
MXF,7,6,6,0.86,Uninvolved lung,Lung,Validation
MXF,7,6,6,1.53,Uninvolved lung,Lung,Validation
MXF,7,6,6,3.96,Caseous,Caseous/Fibrotic,Validation
MXF,7,6,6,1.43,Uninvolved lung,Lung,Validation
MXF,7,6,6,3.07,Caseous,Caseous/Fibrotic,Validation
MXF,7,6,6,2.83,Caseous,Caseous/Fibrotic,Validation
MXF,7,6,6,2.57,Caseous,Caseous/Fibrotic,Validation
MXF,8,0.5,0.5,3.65,Plasma,Plasma,Validation
MXF,8,1,1,5.46,Plasma,Plasma,Validation
MXF,8,2,2,3.31,Plasma,Plasma,Validation
MXF,8,2,2,45.5,Cellular,Cellular,Validation
MXF,8,2,2,47.6,Cellular,Cellular,Validation
MXF,8,2,2,32.8,Cellular,Cellular,Validation
MXF,8,2,2,45,Cellular,Cellular,Validation
MXF,8,2,2,31.6,Cellular,Cellular,Validation
MXF,8,2,2,37.6,Cellular,Cellular,Validation
MXF,8,2,2,30.3,Cellular,Cellular,Validation
MXF,8,2,2,34.2,Uninvolved lung,Lung,Validation
MXF,8,2,2,26.2,Uninvolved lung,Lung,Validation
MXF,8,2,2,36.9,Uninvolved lung,Lung,Validation
MXF,8,2,2,24,Uninvolved lung,Lung,Validation
MXF,8,2,2,20.3,Uninvolved lung,Lung,Validation
MXF,8,2,2,46.9,Cellular,Cellular,Validation
MXF,8,2,2,46.3,Cellular,Cellular,Validation
MXF,8,2,2,53.7,Cellular,Cellular,Validation
MXF,8,2,2,50.1,Cellular,Cellular,Validation
MXF,8,2,2,45,Cellular,Cellular,Validation
MXF,8,2,2,44.9,Cellular,Cellular,Validation
MXF,8,2,2,56.7,Cellular,Cellular,Validation
MXF,8,2,2,22.2,Uninvolved lung,Lung,Validation
MXF,8,2,2,36.5,Caseous,Caseous/Fibrotic,Validation
MXF,8,2,2,43.1,Caseous,Caseous/Fibrotic,Validation
MXF,8,2,2,42.1,Caseous,Caseous/Fibrotic,Validation
MXF,8,2,2,44.1,Caseous,Caseous/Fibrotic,Validation
MXF,8,2,2,46.9,Caseous,Caseous/Fibrotic,Validation
MXF,8,2,2,47,Caseous,Caseous/Fibrotic,Validation
MXF,8,2,2,40.2,Caseous,Caseous/Fibrotic,Validation
MXF,8,2,2,11.6,Caseous,Caseous/Fibrotic,Validation
MXF,8,2,2,45.6,Caseous,Caseous/Fibrotic,Validation
MXF,9,0.5,0.5,5.9,Plasma,Plasma,Validation
MXF,9,1,1,3.97,Plasma,Plasma,Validation
MXF,9,2,2,4.7,Plasma,Plasma,Validation
MXF,9,4,4,4.88,Plasma,Plasma,Validation
MXF,9,6,6,4.78,Plasma,Plasma,Validation
MXF,9,6,6,25.8,Uninvolved lung,Lung,Validation
MXF,9,6,6,23.9,Uninvolved lung,Lung,Validation
MXF,9,6,6,32.4,Uninvolved lung,Lung,Validation
MXF,9,6,6,32.3,Uninvolved lung,Lung,Validation
MXF,9,6,6,107,Uninvolved lung,Lung,Validation
MXF,9,6,6,41.1,Cellular,Cellular,Validation
MXF,9,6,6,37.9,Cellular,Cellular,Validation
MXF,9,6,6,31.3,Caseous,Caseous/Fibrotic,Validation
MXF,9,6,6,55.4,Caseous,Caseous/Fibrotic,Validation
MXF,9,6,6,46.5,Caseous,Caseous/Fibrotic,Validation
MXF,9,6,6,52,Caseous,Caseous/Fibrotic,Validation
MXF,9,6,6,16.1,Caseous,Caseous/Fibrotic,Validation
MXF,9,6,6,37.2,Uninvolved lung,Lung,Validation
MXF,9,6,6,26.5,Uninvolved lung,Lung,Validation
MXF,9,6,6,34.7,Uninvolved lung,Lung,Validation
MXF,10,12,12,5.22,Caseous,Caseous/Fibrotic,Validation
MXF,10,12,12,3.36,Uninvolved lung,Lung,Validation
MXF,10,12,12,3.64,Uninvolved lung,Lung,Validation
MXF,10,12,12,3.76,Uninvolved lung,Lung,Validation
MXF,10,12,12,3.78,Uninvolved lung,Lung,Validation
MXF,10,12,12,3.56,Uninvolved lung,Lung,Validation
MXF,10,12,12,1.68,Caseous,Caseous/Fibrotic,Validation
MXF,10,12,12,4.86,Uninvolved lung,Lung,Validation
MXF,10,12,12,4.01,Uninvolved lung,Lung,Validation
MXF,10,12,12,9.33,Uninvolved lung,Lung,Validation
MXF,10,12,12,4.25,Uninvolved lung,Lung,Validation
MXF,10,12,12,6.12,Uninvolved lung,Lung,Validation
MXF,10,12,12,0.63,Uninvolved lung,Lung,Validation
MXF,10,12,12,7.25,Uninvolved lung,Lung,Validation
MXF,10,12,12,4.71,Uninvolved lung,Lung,Validation
MXF,11,0.5,0.5,7.36,Plasma,Plasma,Validation
MXF,11,1,1,6.74,Plasma,Plasma,Validation
MXF,11,2,2,6.61,Plasma,Plasma,Validation
MXF,11,3,3,5.16,Plasma,Plasma,Validation
MXF,11,5,5,1.77,Plasma,Plasma,Validation
MXF,11,7,7,1.1,Plasma,Plasma,Validation
MXF,11,24,24,0.34,Plasma,Plasma,Validation
MXF,12,0.5,0.5,4.99,Plasma,Plasma,Validation
MXF,12,1,1,4.47,Plasma,Plasma,Validation
MXF,12,2,2,5.36,Plasma,Plasma,Validation
MXF,12,3,3,3.6,Plasma,Plasma,Validation
MXF,12,5,5,4.68,Plasma,Plasma,Validation
MXF,12,7,7,1.67,Plasma,Plasma,Validation
MXF,12,24,24,0.32,Plasma,Plasma,Validation
MXF,13,0.5,0.5,2.38,Plasma,Plasma,Validation
MXF,13,1,1,3.03,Plasma,Plasma,Validation
MXF,13,2,2,3.73,Plasma,Plasma,Validation
MXF,13,3,3,6.67,Plasma,Plasma,Validation
MXF,13,5,5,2.46,Plasma,Plasma,Validation
MXF,13,7,7,0.91,Plasma,Plasma,Validation
MXF,13,24,24,0.18,Plasma,Plasma,Validation
MXF,14,0.5,0.5,4.64,Plasma,Plasma,Validation
MXF,14,1,1,4.46,Plasma,Plasma,Validation
MXF,14,2,2,5.86,Plasma,Plasma,Validation
MXF,14,3,3,5.98,Plasma,Plasma,Validation
MXF,14,5,5,2.73,Plasma,Plasma,Validation
MXF,14,7,7,1.5,Plasma,Plasma,Validation
MXF,14,24,24,0.45,Plasma,Plasma,Validation
MXF,15,0.5,0.5,3.84,Plasma,Plasma,Validation
MXF,15,1,1,3.43,Plasma,Plasma,Validation
MXF,15,2,2,3.15,Plasma,Plasma,Validation
MXF,15,3,3,2.28,Plasma,Plasma,Validation
MXF,15,5,5,0.87,Plasma,Plasma,Validation
MXF,15,7,7,0.35,Plasma,Plasma,Validation
MXF,15,24,24,0.16,Plasma,Plasma,Validation
MXF,16,0.5,0.5,2.4,Plasma,Plasma,Validation
MXF,16,1,1,3.23,Plasma,Plasma,Validation
MXF,16,2,2,2.7,Plasma,Plasma,Validation
MXF,16,3,3,1.68,Plasma,Plasma,Validation
MXF,16,5,5,0.65,Plasma,Plasma,Validation
MXF,16,7,7,0.31,Plasma,Plasma,Validation
MXF,16,24,24,0.09,Plasma,Plasma,Validation
MXF,17,0.5,0.5,2.38,Plasma,Plasma,Validation
MXF,17,1,1,2.6,Plasma,Plasma,Validation
MXF,17,2,2,2.36,Plasma,Plasma,Validation
MXF,17,3,3,1.44,Plasma,Plasma,Validation
MXF,17,5,5,0.6,Plasma,Plasma,Validation
MXF,17,7,7,0.31,Plasma,Plasma,Validation
MXF,17,24,24,0.06,Plasma,Plasma,Validation
MXF,18,0,1320,0.14,Plasma,Plasma,Validation
MXF,18,0.5,1320.5,1.49,Plasma,Plasma,Validation
MXF,18,1,1321,1.85,Plasma,Plasma,Validation
MXF,18,2,1322,1.07,Plasma,Plasma,Validation
MXF,18,4,1324,0.48,Plasma,Plasma,Validation
MXF,18,7,1327,0.23,Plasma,Plasma,Validation
MXF,18,24,1344,0.16,Plasma,Plasma,Validation
MXF,19,0,1320,0.06,Plasma,Plasma,Validation
MXF,19,0.5,1320.5,2.97,Plasma,Plasma,Validation
MXF,19,1,1321,3.44,Plasma,Plasma,Validation
MXF,19,2,1322,2.23,Plasma,Plasma,Validation
MXF,19,4,1324,0.83,Plasma,Plasma,Validation
MXF,19,7,1327,0.21,Plasma,Plasma,Validation
MXF,19,24,1344,0.07,Plasma,Plasma,Validation
MXF,20,0,1320,0.39,Plasma,Plasma,Validation
MXF,20,0.5,1320.5,2.79,Plasma,Plasma,Validation
MXF,20,1,1321,2.76,Plasma,Plasma,Validation
MXF,20,2,1322,1.92,Plasma,Plasma,Validation
MXF,20,4,1324,1.01,Plasma,Plasma,Validation
MXF,20,7,1327,0.36,Plasma,Plasma,Validation
MXF,20,24,1344,0.24,Plasma,Plasma,Validation
MXF,21,0,1320,0.12,Plasma,Plasma,Validation
MXF,21,0.5,1320.5,1.63,Plasma,Plasma,Validation
MXF,21,1,1321,2.44,Plasma,Plasma,Validation
MXF,21,2,1322,2.08,Plasma,Plasma,Validation
MXF,21,4,1324,1.29,Plasma,Plasma,Validation
MXF,21,7,1327,0.68,Plasma,Plasma,Validation
MXF,21,24,1344,0.18,Plasma,Plasma,Validation
MXF,22,0,480,2.71,Plasma,Plasma,Validation
MXF,22,0.5,480.5,7.1,Plasma,Plasma,Validation
MXF,22,2,482,7.13,Plasma,Plasma,Validation
MXF,22,4,484,4.37,Plasma,Plasma,Validation
MXF,22,7,487,3.02,Plasma,Plasma,Validation
MXF,22,24,504,2.71,Plasma,Plasma,Validation
MXF,23,0,480,1.66,Plasma,Plasma,Validation
MXF,23,0.5,480.5,6.12,Plasma,Plasma,Validation
MXF,23,2,482,5.02,Plasma,Plasma,Validation
MXF,23,4,484,2.88,Plasma,Plasma,Validation
MXF,23,7,487,1.87,Plasma,Plasma,Validation
MXF,23,24,504,1.66,Plasma,Plasma,Validation
MXF,24,0,480,0.76,Plasma,Plasma,Validation
MXF,24,0.5,480.5,2.7,Plasma,Plasma,Validation
MXF,24,2,482,3,Plasma,Plasma,Validation
MXF,24,4,484,1.87,Plasma,Plasma,Validation
MXF,24,7,487,1.12,Plasma,Plasma,Validation
MXF,24,24,504,0.76,Plasma,Plasma,Validation
MXF,25,0,480,1.83,Plasma,Plasma,Validation
MXF,25,0.5,480.5,5.16,Plasma,Plasma,Validation
MXF,25,2,482,5.47,Plasma,Plasma,Validation
MXF,25,4,484,3.39,Plasma,Plasma,Validation
MXF,25,7,487,2.89,Plasma,Plasma,Validation
MXF,25,24,504,1.83,Plasma,Plasma,Validation
MXF,26,0,480,1.24,Plasma,Plasma,Validation
MXF,26,0.5,480.5,4.63,Plasma,Plasma,Validation
MXF,26,2,482,4.53,Plasma,Plasma,Validation
MXF,26,4,484,2.67,Plasma,Plasma,Validation
MXF,26,7,487,2.02,Plasma,Plasma,Validation
MXF,26,24,504,1.24,Plasma,Plasma,Validation
MXF,27,0,480,0.69,Plasma,Plasma,Validation
MXF,27,0.5,480.5,2.56,Plasma,Plasma,Validation
MXF,27,2,482,3.72,Plasma,Plasma,Validation
MXF,27,4,484,3.27,Plasma,Plasma,Validation
MXF,27,7,487,2.53,Plasma,Plasma,Validation
MXF,27,24,504,0.69,Plasma,Plasma,Validation
MXF,28,0,480,1.92,Plasma,Plasma,Validation
MXF,28,0.5,480.5,4.25,Plasma,Plasma,Validation
MXF,28,2,482,5.93,Plasma,Plasma,Validation
MXF,28,4,484,4.25,Plasma,Plasma,Validation
MXF,28,7,487,2.8,Plasma,Plasma,Validation
MXF,28,24,504,1.92,Plasma,Plasma,Validation
MXF,29,0,480,0.73,Plasma,Plasma,Validation
MXF,29,0.5,480.5,1.84,Plasma,Plasma,Validation
MXF,29,2,482,4.39,Plasma,Plasma,Validation
MXF,29,4,484,2.23,Plasma,Plasma,Validation
MXF,29,7,487,1.35,Plasma,Plasma,Validation
MXF,29,24,504,0.73,Plasma,Plasma,Validation
MXF,31,2.983333333,314.98,1.37,Plasma,Plasma,Validation
MXF,31,3.016666667,315.02,4.5,Uninvolved lung,Lung,Validation
MXF,32,3.25,315.25,2.92,Plasma,Plasma,Validation
MXF,32,3.283333333,315.28,15.7,Cas/Fib,Caseous/Fibrotic,Validation
MXF,32,3.283333333,315.28,16.2,Cas/Fib,Caseous/Fibrotic,Validation
MXF,32,3.283333333,315.28,20.9,Cas/Fib,Caseous/Fibrotic,Validation
MXF,32,3.283333333,315.28,2.12, Inner Caseum,Caseum,Validation
MXF,32,3.283333333,315.28,2.09,Outer caseum,Caseum,Validation
MXF,32,3.283333333,315.28,1.97,Inner Caseum,Caseum,Validation
MXF,32,3.283333333,315.28,1.58,Outer Caseum,Caseum,Validation
MXF,32,3.283333333,315.28,8.96,Uninvolved lung,Lung,Validation
MXF,32,3.283333333,315.28,9.05,Uninvolved lung,Lung,Validation
MXF,32,3.283333333,315.28,4.26,Uninvolved lung,Lung,Validation
MXF,32,3.283333333,315.28,31.7,Consoliadation,Cellular,Validation
MXF,32,3.283333333,315.28,4.7,Inner cellular,Cellular,Validation
MXF,32,3.283333333,315.28,9.33,Outer cellular,Cellular,Validation
MXF,32,3.283333333,315.28,18.47,consolidation,Cellular,Validation
MXF,32,3.283333333,315.28,4.86,Inner cellular,Cellular,Validation
MXF,32,3.283333333,315.28,3.93,Outer cellular,Cellular,Validation
MXF,33,2.966666667,314.97,1.32,Plasma,Plasma,Validation
MXF,33,3,315,9.88,Cas/Fib,Caseous/Fibrotic,Validation
MXF,33,3,315,7.9,Cas/Fib,Caseous/Fibrotic,Validation
MXF,33,3,315,8.56,Cas/Fib,Caseous/Fibrotic,Validation
MXF,33,3,315,7.68,Cas/Fib,Caseous/Fibrotic,Validation
MXF,33,3,315,4.62,Uninvolved lung,Lung,Validation
MXF,33,3,315,4.23,Uninvolved lung,Lung,Validation
MXF,33,3,315,13.9,Consolidation,Cellular,Validation
MXF,33,3,315,7.35,Fibrotic,Caseous/Fibrotic,Validation
MXF,34,3.366666667,315.37,1.54,Plasma,Plasma,Validation
MXF,34,3.4,315.4,5.63,Uninvolved lung,Lung,Validation
MXF,34,3.4,315.4,6.97,Uninvolved lung,Lung,Validation
MXF,34,3.4,315.4,3.23,Normal like,Lung,Validation
MXF,34,3.4,315.4,2.74,Uninvolved lung,Lung,Validation
MXF,34,3.4,315.4,14.2,Fibrotic,Caseous/Fibrotic,Validation
MXF,34,3.4,315.4,10.2,Fibrotic,Caseous/Fibrotic,Validation
MXF,34,3.4,315.4,10.7,Fibrotic,Caseous/Fibrotic,Validation
MXF,34,3.4,315.4,11.5,Fibrotic,Caseous/Fibrotic,Validation
MXF,34,3.4,315.4,12.3,Fibrotic,Caseous/Fibrotic,Validation
MXF,34,3.4,315.4,9.95,consolidation,Cellular,Validation
MXF,34,3.4,315.4,4.49,Cellular,Cellular,Validation
MXF,35,2.933333333,314.93,1.84,Plasma,Plasma,Validation
MXF,35,2.95,314.95,18.9,Cas/Fib,Caseous/Fibrotic,Validation
MXF,35,2.95,314.95,16.2,Cas/Fib,Caseous/Fibrotic,Validation
MXF,35,2.95,314.95,12.9,Cas/Fib,Caseous/Fibrotic,Validation
MXF,35,2.95,314.95,14.7,Cas/Fib,Caseous/Fibrotic,Validation
MXF,35,2.95,314.95,1.76,Inner Caseum,Caseum,Validation
MXF,35,2.95,314.95,1.99,Outer Caseum,Caseum,Validation
MXF,35,2.95,314.95,2.78,Caseum,Caseum,Validation
MXF,35,2.95,314.95,12.3,Uninvolved lung,Lung,Validation
MXF,35,2.95,314.95,9.55,Uninvolved lung,Lung,Validation
MXF,35,2.95,314.95,8.68,Uninvolved lung,Lung,Validation
MXF,35,2.95,314.95,3.33,Uninvolved lung,Lung,Validation
MXF,35,2.95,314.95,4.08,Uninvolved lung,Lung,Validation
MXF,35,2.95,314.95,17.2,consolidation,Cellular,Validation
MXF,35,2.95,314.95,14.9,Fibrotic,Caseous/Fibrotic,Validation
MXF,35,2.95,314.95,7.19,Inner cellular,Cellular,Validation
MXF,35,2.95,314.95,4.57,Outer cellular,Cellular,Validation
MXF,35,2.95,314.95,3.29,Fibrotic like cellular,Cellular,Validation
MXF,36,24.06666667,336.07,0.59,Plasma,Plasma,Validation
MXF,36,24.06666667,336.07,3.79,Cas/Fib,Caseous/Fibrotic,Validation
MXF,36,24.06666667,336.07,2.79,Cas/Fib,Caseous/Fibrotic,Validation
MXF,36,24.06666667,336.07,5.24,Cas/Fib,Caseous/Fibrotic,Validation
MXF,36,24.06666667,336.07,4.31,Mediastinal Lymph Node,Lymph Node,Validation
MXF,36,24.06666667,336.07,3.77,1/2 wall only from 5mm empty cavity,Cavity,Validation
MXF,36,24.06666667,336.07,3.39,1/2 wall only from 8mm cavity (match tube 17),Cavity,Validation
MXF,36,24.06666667,336.07,3.52,1 wall only from 5mm cavity (match tube 19),Cavity,Validation
MXF,36,24.06666667,336.07,1.25,1/2 caseum only from 8mm cavity (match tube 18),Cavity,Validation
MXF,36,24.06666667,336.07,1.15,1 caseum only from 5mm cavity (match tube 20),Cavity,Validation
MXF,36,24.06666667,336.07,1.73,Inner Caseum,Caseum,Validation
MXF,36,24.06666667,336.07,0.51,Outer Caseum,Caseum,Validation
MXF,36,24.06666667,336.07,2.4,Uninvolved lung,Lung,Validation
MXF,36,24.06666667,336.07,0.79,Inner Caseum,Caseum,Validation
MXF,36,24.06666667,336.07,3.08,Outer Caseum,Caseum,Validation
MXF,36,24.06666667,336.07,1.88,Inner Caseum,Caseum,Validation
MXF,36,24.06666667,336.07,1.63,Uninvolved lung,Lung,Validation
MXF,36,24.06666667,336.07,1.72,Outer Caseum,Caseum,Validation
MXF,36,24.06666667,336.07,0.78,Inner Caseum,Caseum,Validation
MXF,36,24.06666667,336.07,3.66,Uninvolved lung,Lung,Validation
MXF,36,24.06666667,336.07,2.46,Outer Caseum,Caseum,Validation
MXF,36,24.06666667,336.07,2.74,Uninvolved lung,Lung,Validation
MXF,36,24.06666667,336.07,0.98,Uninvolved lung,Lung,Validation
MXF,36,24.06666667,336.07,0.71,Uninvolved lung,Lung,Validation
MXF,36,24.06666667,336.07,0.76,Uninvolved lung,Lung,Validation
MXF,36,24.06666667,336.07,3.74,Fibrotic,Caseous/Fibrotic,Validation
MXF,36,24.06666667,336.07,0.64,Cellular,Cellular,Validation
MXF,36,24.06666667,336.07,1.86,Inner Cellular,Cellular,Validation
MXF,36,24.06666667,336.07,1.02,Outer Cellular,Cellular,Validation
MXF,36,24.06666667,336.07,0.91,Cellular,Cellular,Validation
MXF,36,24.06666667,336.07,1.38,Inner Cellular,Cellular,Validation
MXF,36,24.06666667,336.07,0.84,Outer Cellular,Cellular,Validation
MXF,37,24,360,0.11,Plasma,Plasma,Validation
MXF,37,24.06666667,360.07,1.53,4X 2mm cas/fib,Caseous/Fibrotic,Validation
MXF,37,24.06666667,360.07,0.85,3X 2mm cas/fib,Caseous/Fibrotic,Validation
MXF,37,24.06666667,360.07,0.98,2X 3mm cas/fib,Caseous/Fibrotic,Validation
MXF,37,24.06666667,360.07,0.83,1/2 4mm cas/fib,Caseous/Fibrotic,Validation
MXF,37,24.06666667,360.07,0.26,Normal,Lung,Validation
MXF,37,24.06666667,360.07,0.63,Normal,Lung,Validation
MXF,37,24.06666667,360.07,0.58,Normal,Lung,Validation
MXF,37,24.06666667,360.07,0.3,Normal,Lung,Validation
MXF,37,24.06666667,360.07,0.31,Inner Caseum,Caseum,Validation
MXF,37,24.06666667,360.07,1.09,Outer Caseum,Caseum,Validation
MXF,37,24.06666667,360.07,1.16,5X 1.5mm fib,Caseous/Fibrotic,Validation
MXF,37,24.06666667,360.07,1.37,8X 1mm fib,Caseous/Fibrotic,Validation
MXF,37,24.06666667,360.07,1.1,4X 1-2mm fib,Caseous/Fibrotic,Validation
MXF,37,24.06666667,360.07,0.29,Inner Cellular,Cellular,Validation
MXF,37,24.06666667,360.07,0.58,Outer Cellular,Cellular,Validation
MXF,38,24,360,0.22,Plasma,Plasma,Validation
MXF,38,24,360,2.38,4X 1-2mm cas/fib,Caseous/Fibrotic,Validation
MXF,38,24,360,2.23,3X 2mm cas/fib,Caseous/Fibrotic,Validation
MXF,38,24,360,1.04,Normal,Lung,Validation
MXF,38,24,360,1.05,Normal,Lung,Validation
MXF,38,24,360,0.77,Normal,Lung,Validation
MXF,38,24,360,0.97,Normal,Lung,Validation
MXF,38,24,360,2.21,Normal,Lung,Validation
MXF,38,24,360,0.9,Normal,Lung,Validation
MXF,38,24,360,0.88,1/6 17mm cavity caseum only,Cavity,Validation
MXF,38,24,360,1.02,Inner Caseum,Caseum,Validation
MXF,38,24,360,0.56,Outer Caseum,Caseum,Validation
MXF,38,24,360,0.81,Inner Caseum,Caseum,Validation
MXF,38,24,360,0.6,Normal,Lung,Validation
MXF,38,24,360,0.7,Inner Cellular,Cellular,Validation
MXF,38,24,360,1.5,Outer Cellular,Cellular,Validation
MXF,38,24,360,1.16,Inner Cellular,Cellular,Validation
MXF,38,24,360,1.52,Outer Cellular,Cellular,Validation
MXF,38,24,360,0.52,Inner Cellular,Cellular,Validation
MXF,38,24,360,1.86,Outer Cellular,Cellular,Validation
MXF,38,24,360,0.75,Outer Caseum,Caseum,Validation
MXF,38,24,360,1.15,Inner Caseum,Caseum,Validation
MXF,38,24,360,0.75,Outer Caseum,Caseum,Validation
MXF,38,24,360,1.32,Cellular,Cellular,Validation
MXF,38,24,360,1.92,Inner Caseum,Caseum,Validation
MXF,38,24,360,0.86,Outer Caseum,Caseum,Validation
MXF,39,0.733333333,672.73,1.3,Plasma,Plasma,Validation
MXF,39,1.45,673.45,1.88,Plasma,Plasma,Validation
MXF,39,2.533333333,674.53,2.31,Plasma,Plasma,Validation
MXF,39,2.566666667,674.57,19.6,Cas/Fib,Caseous/Fibrotic,Validation
MXF,39,2.566666667,674.57,14.8,Cas/Fib,Caseous/Fibrotic,Validation
MXF,39,2.566666667,674.57,14.8,Cas/Fib,Caseous/Fibrotic,Validation
MXF,39,2.566666667,674.57,12.2,Cas/Fib,Caseous/Fibrotic,Validation
MXF,39,2.566666667,674.57,31.8,Uninvolved lung,Lung,Validation
MXF,39,2.566666667,674.57,8.37,Uninvolved lung,Lung,Validation
MXF,39,2.566666667,674.57,7.69,Uninvolved lung,Lung,Validation
MXF,40,0.683333333,672.68,2.48,Plasma,Plasma,Validation
MXF,40,1.483333333,673.48,3.1,Plasma,Plasma,Validation
MXF,40,2.566666667,674.57,1.89,Plasma,Plasma,Validation
MXF,40,2.583333333,674.58,24.1,Cas/Fib,Caseous/Fibrotic,Validation
MXF,40,2.583333333,674.58,15.8,Cas/Fib,Caseous/Fibrotic,Validation
MXF,40,2.583333333,674.58,15,Cas/Fib,Caseous/Fibrotic,Validation
MXF,40,2.583333333,674.58,7.56,Uninvolved lung,Lung,Validation
MXF,40,2.583333333,674.58,8.88,Uninvolved lung,Lung,Validation
MXF,40,2.583333333,674.58,43.2,Uninvolved lung,Lung,Validation
MXF,41,0.733333333,672.73,4.17,Plasma,Plasma,Validation
MXF,41,1.5,673.5,3.31,Plasma,Plasma,Validation
MXF,41,2.483333333,674.48,2.41,Plasma,Plasma,Validation
MXF,41,2.516666667,674.52,15.1,Cas/Fib,Caseous/Fibrotic,Validation
MXF,41,2.516666667,674.52,21.5,Cas/Fib,Caseous/Fibrotic,Validation
MXF,41,2.516666667,674.52,13,Uninvolved lung,Lung,Validation
MXF,41,2.516666667,674.52,22.8,fibrotic (mostly cellular),Cellular,Validation
MXF,41,2.516666667,674.52,27.8,fibrotic (mostly cellular),Cellular,Validation
MXF,41,2.516666667,674.52,6.32,Uninvolved lung,Lung,Validation
MXF,42,0,48,0.61,Plasma,Plasma,Validation
MXF,42,0.5,48.5,0.6,Plasma,Plasma,Validation
MXF,42,1,49,0.51,Plasma,Plasma,Validation
MXF,42,2,50,1.42,Plasma,Plasma,Validation
MXF,42,3,51,2.48,Plasma,Plasma,Validation
MXF,42,5,53,2.64,Plasma,Plasma,Validation
MXF,42,7,55,2.81,Plasma,Plasma,Validation
MXF,42,24,72,1.27,Plasma,Plasma,Validation
MXF,42,24,72,3.77,Normal,Lung,Validation
MXF,42,24,72,4.16,Normal,Lung,Validation
MXF,42,24,72,4.11,Normal,Lung,Validation
MXF,42,24,72,6.62,Normal,Lung,Validation
MXF,42,24,72,5.81,Normal,Lung,Validation
MXF,42,24,72,11,Cellular,Cellular,Validation
MXF,42,24,72,9.33,Cellular,Cellular,Validation
MXF,42,24,72,3.37,Normal,Lung,Validation
MXF,42,24,72,9.55,Cellular,Cellular,Validation
MXF,42,24,72,11.4,Cellular,Cellular,Validation
MXF,42,24,72,9.4,Cellular,Cellular,Validation
MXF,42,24,72,10.3,Cellular,Cellular,Validation
MXF,42,24,72,13.3,Cellular,Cellular,Validation
MXF,42,24,72,10.1,Cellular,Cellular,Validation
MXF,42,24,72,8.49,Cellular,Cellular,Validation
MXF,42,24,72,8.2,Cellular,Cellular,Validation
MXF,42,24,72,10.4,Cellular,Cellular,Validation
MXF,42,24,72,10.3,Cellular,Cellular,Validation
MXF,42,24,72,9.03,Cellular,Cellular,Validation
MXF,42,24,72,9.22,Cellular,Cellular,Validation
MXF,43,0,48,0.34,Plasma,Plasma,Validation
MXF,43,0.5,48.5,2.39,Plasma,Plasma,Validation
MXF,43,1,49,3.16,Plasma,Plasma,Validation
MXF,43,2,50,3.93,Plasma,Plasma,Validation
MXF,43,4,52,2.11,Plasma,Plasma,Validation
MXF,43,6,54,1.3,Plasma,Plasma,Validation
MXF,43,8,56,1.09,Plasma,Plasma,Validation
MXF,43,24,72,0.57,Plasma,Plasma,Validation
MXF,43,24,72,1.73,Inner Caseum,Caseum,Validation
MXF,43,24,72,2.37,Outer Caseum,Caseum,Validation
MXF,43,24,72,1.97,Normal,Lung,Validation
MXF,43,24,72,1.96,Normal,Lung,Validation
MXF,43,24,72,1.94,Normal,Lung,Validation
MXF,43,24,72,2.62,Normal,Lung,Validation
MXF,43,24,72,1.55,Inner Caseum,Caseum,Validation
MXF,43,24,72,1.79,Outer Caseum,Caseum,Validation
MXF,43,24,72,2.25,Inner Caseum,Caseum,Validation
MXF,43,24,72,2.32,Outer Caseum,Caseum,Validation
MXF,43,24,72,1.81,Normal,Lung,Validation
MXF,43,24,72,1.72,Normal,Lung,Validation
MXF,43,24,72,1.79,Normal,Lung,Validation
MXF,43,24,72,1.52,Normal,Lung,Validation
MXF,43,24,72,4.57,Cellular,Cellular,Validation
MXF,43,24,72,4.74,Cellular,Cellular,Validation
MXF,43,24,72,4.59,Cellular,Cellular,Validation
MXF,43,24,72,4.08,Cellular,Cellular,Validation
MXF,43,24,72,3.26,Cellular,Cellular,Validation
MXF,43,24,72,4.21,Cellular,Cellular,Validation
MXF,43,24,72,5.18,Cellular,Cellular,Validation
MXF,43,24,72,5.41,Cellular,Cellular,Validation
MXF,43,24,72,4.32,Cellular,Cellular,Validation
MXF,43,24,72,6.04,Cellular,Cellular,Validation
MXF,43,24,72,2.79,Inner Cellular,Cellular,Validation
MXF,43,24,72,5.51,Outer Cellular,Cellular,Validation
MXF,43,24,72,3.08,Inner Cellular,Cellular,Validation
MXF,43,24,72,7.13,Outer Cellular,Cellular,Validation
MXF,43,24,72,2.43,Inner Cellular,Cellular,Validation
MXF,43,24,72,5.75,Outer Cellular,Cellular,Validation
MXF,43,24,72,4.91,Cellular Lobe,Cellular,Validation
MXF,44,0,48,0.42,Plasma,Plasma,Validation
MXF,44,0.5,48.5,0.46,Plasma,Plasma,Validation
MXF,44,1,49,2.11,Plasma,Plasma,Validation
MXF,44,2,50,3.4,Plasma,Plasma,Validation
MXF,44,4,52,2.57,Plasma,Plasma,Validation
MXF,44,6,54,2.17,Plasma,Plasma,Validation
MXF,44,6,54,5.94,Normal,Lung,Validation
MXF,44,6,54,6.75,Normal,Lung,Validation
MXF,44,6,54,7.26,Normal,Lung,Validation
MXF,44,6,54,11.8,Cellular,Cellular,Validation
MXF,44,6,54,7.59,Inner Caseum,Caseum,Validation
MXF,44,6,54,7.33,Outer Caseum,Caseum,Validation
MXF,44,6,54,19.7,Cellular,Cellular,Validation
MXF,44,6,54,15.5,Cellular,Cellular,Validation
MXF,44,6,54,12.8,Cellular,Cellular,Validation
MXF,44,6,54,6.56,Outer Caseum,Caseum,Validation
MXF,44,6,54,6.59,Inner Caseum,Caseum,Validation
MXF,44,6,54,14.2,Cellular,Cellular,Validation
MXF,44,6,54,17.8,Cellular,Cellular,Validation
MXF,44,6,54,11.4,Normal,Lung,Validation
MXF,44,6,54,9.4,Normal,Lung,Validation
MXF,44,6,54,8.45,Normal,Lung,Validation
MXF,44,6,54,13.8,Cellular,Cellular,Validation
MXF,44,6,54,15.3,Cellular,Cellular,Validation
MXF,44,6,54,4.73,Normal,Lung,Validation
MXF,44,6,54,21.9,Cellular,Cellular,Validation
MXF,44,6,54,5.82,Normal,Lung,Validation
MXF,44,6,54,18.6,Cellular,Cellular,Validation
MXF,44,6,54,21.6,Cellular,Cellular,Validation
MXF,44,6,54,17.3,Cellular,Cellular,Validation
MXF,44,6,54,18.7,Cellular,Cellular,Validation
MXF,44,6,54,15.9,Cellular,Cellular,Validation
MXF,44,6,54,8.46,Outer Cellular,Cellular,Validation
MXF,44,6,54,15.7,Inner Cellular,Cellular,Validation
MXF,44,6,54,18,Outer Cellular,Cellular,Validation
MXF,44,6,54,10.7,Outer Caseum,Caseum,Validation
PZA,869,24,24,0.294,Lung,Lung,Validation
PZA,869,24,24,0.318,Lung,Lung,Validation
PZA,869,24,24,0,Lung,Lung,Validation
PZA,869,24,24,0,Cellular lesions,Cellular,Validation
PZA,869,24,24,0,Cellular lesions,Cellular,Validation
PZA,869,24,24,0,Cellular lesions,Cellular,Validation
PZA,876,2,2,99.3,Lung,Lung,Validation
PZA,876,2,2,106,Lung,Lung,Validation
PZA,876,2,2,106,Lung,Lung,Validation
PZA,876,2,2,123,Lung,Lung,Validation
PZA,876,2,2,112,Lung,Lung,Validation
PZA,876,2,2,112,Cellular lesions,Cellular,Validation
PZA,876,2,2,114,Cellular lesions,Cellular,Validation
PZA,876,2,2,124,Cellular lesions,Cellular,Validation
PZA,876,2,2,91.7,Cellular lesions,Cellular,Validation
PZA,876,2,2,123,Cellular lesions,Cellular,Validation
PZA,876,2,2,91.9,Cellular lesions,Cellular,Validation
PZA,876,2,2,106,Cellular lesions,Cellular,Validation
PZA,876,2,2,84.5,Cellular lesions,Cellular,Validation
PZA,876,2,2,130,Cellular lesions,Cellular,Validation
PZA,876,2,2,132,Cavity wall,Cavity,Validation
PZA,876,2,2,94.5,Caseum,Caseum,Validation
PZA,876,2,2,47.7,Caseum,Caseum,Validation
PZA,877,6,6,32.5,Lung,Lung,Validation
PZA,877,6,6,26.4,Lung,Lung,Validation
PZA,877,6,6,30.8,Lung,Lung,Validation
PZA,877,6,6,31.8,Lung,Lung,Validation
PZA,877,6,6,30.3,Cellular lesions,Cellular,Validation
PZA,877,6,6,36.7,Cellular lesions,Cellular,Validation
PZA,877,6,6,39.2,Cellular lesions,Cellular,Validation
PZA,877,6,6,35.8,Cellular lesions,Cellular,Validation
PZA,877,6,6,36.6,Cellular lesions,Cellular,Validation
PZA,877,6,6,39.2,Cellular lesions,Cellular,Validation
PZA,877,6,6,45.4,Cellular lesions,Cellular,Validation
PZA,877,6,6,39.5,Cellular lesions,Cellular,Validation
PZA,877,6,6,32.5,Cellular lesions,Cellular,Validation
PZA,877,6,6,46.9,Cellular lesions,Cellular,Validation
PZA,877,6,6,43.1,Cellular lesions,Cellular,Validation
PZA,877,6,6,43,Cellular lesions,Cellular,Validation
PZA,877,6,6,21.7,Cellular lesions,Cellular,Validation
PZA,877,6,6,34.9,Cellular lesions,Cellular,Validation
PZA,877,6,6,26.6,Cellular lesions,Cellular,Validation
PZA,877,6,6,32.5,Caseum,Caseum,Validation
PZA,877,6,6,43.1,Caseum,Caseum,Validation
PZA,877,6,6,26.6,Caseum,Caseum,Validation
PZA,881,2,2,12.2,Lung,Lung,Validation
PZA,881,2,2,31.7,Lung,Lung,Validation
PZA,881,2,2,20.8,Lung,Lung,Validation
PZA,881,2,2,31.9,Lung,Lung,Validation
PZA,881,2,2,21.6,Cellular lesions,Cellular,Validation
PZA,881,2,2,12.4,Cellular lesions,Cellular,Validation
PZA,881,2,2,16.2,Cellular lesions,Cellular,Validation
PZA,881,2,2,27.4,Cellular lesions,Cellular,Validation
PZA,881,2,2,75.6,Cellular lesions,Cellular,Validation
PZA,881,2,2,15,Cellular lesions,Cellular,Validation
PZA,881,2,2,22.9,Cellular lesions,Cellular,Validation
PZA,881,2,2,36.8,Cellular lesions,Cellular,Validation
PZA,881,2,2,30.7,Cavity wall,Cavity,Validation
PZA,881,2,2,73,Cavity wall,Cavity,Validation
PZA,881,2,2,25.3,Caseum,Caseum,Validation
PZA,881,2,2,11.5,Caseum,Caseum,Validation
PZA,378,2,2,67.509,Lung,Lung,Validation
PZA,378,2,2,69.713,Lung,Lung,Validation
PZA,378,2,2,71.963,Lung,Lung,Validation
PZA,378,2,2,58.225,Lung,Lung,Validation
PZA,378,2,2,84.304,Cavity wall,Cavity,Validation
PZA,378,2,2,97.477,Cavity wall,Cavity,Validation
PZA,378,2,2,92.571,Cavity wall,Cavity,Validation
PZA,807,2,2,23.147,Cellular lesions,Cellular,Validation
PZA,807,2,2,29.706,Cellular lesions,Cellular,Validation
PZA,807,2,2,29.441,Cellular lesions,Cellular,Validation
PZA,809,2,2,33.702,Lung,Lung,Validation
PZA,809,2,2,29.254,Lung,Lung,Validation
PZA,809,2,2,26.903,Cellular lesions,Cellular,Validation
PZA,809,2,2,16.349,Cellular lesions,Cellular,Validation
PZA,809,2,2,34.442,Cellular lesions,Cellular,Validation
PZA,813,2,2,26.725,Cellular lesions,Cellular,Validation
PZA,813,2,2,26.436,Cellular lesions,Cellular,Validation
PZA,813,2,2,25.258,Cellular lesions,Cellular,Validation
PZA,818,2,2,23.845,Lung,Lung,Validation
PZA,818,2,2,27.319,Cellular lesions,Cellular,Validation
PZA,818,2,2,21.232,Cavity wall,Cavity,Validation
PZA,818,2,2,31.585,Cavity wall,Cavity,Validation
PZA,818,2,2,16.284,Caseum,Caseum,Validation
PZA,818,2,2,48.863,Caseum,Caseum,Validation
PZA,818,2,2,39.582,Caseum,Caseum,Validation
PZA,824,6,6,5.102,Lung,Lung,Validation
PZA,824,6,6,4.373,Lung,Lung,Validation
PZA,824,6,6,4.415,Lung,Lung,Validation
PZA,825,6,6,4.432,Cellular lesions,Cellular,Validation
PZA,825,6,6,3.919,Cellular lesions,Cellular,Validation
PZA,825,6,6,3.311,Cellular lesions,Cellular,Validation
PZA,831,6,6,1.588,Lung,Lung,Validation
PZA,831,6,6,1.339,Lung,Lung,Validation
PZA,831,6,6,1.228,Lung,Lung,Validation
RIF,1,24,72,2.04,Lung,Lung,Validation
RIF,1,24,72,1.82,Lung,Lung,Validation
RIF,1,24,72,2.19,Lung,Lung,Validation
RIF,1,24,72,1.79,Lung,Lung,Validation
RIF,1,24,72,2.73,Lung,Lung,Validation
RIF,1,24,72,2.06,Lung,Lung,Validation
RIF,1,24,72,2.41,Cellular,Cellular,Validation
RIF,1,24,72,2.34,Cellular,Cellular,Validation
RIF,1,24,72,2.17,Cellular,Cellular,Validation
RIF,1,24,72,2.43,Cellular,Cellular,Validation
RIF,1,24,72,2.34,Cellular,Cellular,Validation
RIF,2,24,72,3.15,Lung,Lung,Validation
RIF,2,24,72,1.41,Lung,Lung,Validation
RIF,2,24,72,1.75,Lung,Lung,Validation
RIF,2,24,72,1.48,Lung,Lung,Validation
RIF,2,24,72,1.72,Lung,Lung,Validation
RIF,2,24,72,3.28,Lung,Lung,Validation
RIF,2,24,72,2.08,Cellular,Cellular,Validation
RIF,2,24,72,2.57,Cellular,Cellular,Validation
RIF,2,24,72,2.31,Cellular,Cellular,Validation
RIF,2,24,72,2.24,Cellular,Cellular,Validation
RIF,3,24,72,2.37,Lung,Lung,Validation
RIF,3,24,72,1.86,Lung,Lung,Validation
RIF,3,24,72,2.9,Lung,Lung,Validation
RIF,3,24,72,2.63,Lung,Lung,Validation
RIF,3,24,72,1.56,Lung,Lung,Validation
RIF,3,24,72,3.49,Lung,Lung,Validation
RIF,3,24,72,2.55,Cellular,Cellular,Validation
RIF,3,24,72,2.45,Cellular,Cellular,Validation
RIF,3,24,72,2.17,Cellular,Cellular,Validation
RIF,3,24,72,1.87,Cellular,Cellular,Validation
RIF,3,24,72,2.04,Cellular,Cellular,Validation
RIF,8,2,50,1.45,Lung,Lung,Validation
RIF,8,2,50,1.03,Lung,Lung,Validation
RIF,8,2,50,2.61,Lung,Lung,Validation
RIF,8,2,50,1.49,Lung,Lung,Validation
RIF,8,2,50,1.2,Lung,Lung,Validation
RIF,8,2,50,2.38,Lung,Lung,Validation
RIF,8,2,50,0.905,Cellular,Cellular,Validation
RIF,8,2,50,1.2,Cellular,Cellular,Validation
RIF,8,2,50,1.01,Cellular,Cellular,Validation
RIF,8,2,50,1.08,Cellular,Cellular,Validation
RIF,8,2,50,1.15,Cellular,Cellular,Validation
RIF,8,2,50,1.14,Cellular,Cellular,Validation
RIF,8,2,50,1.34,Cellular,Cellular,Validation
RIF,8,2,50,1.17,Cellular,Cellular,Validation
RIF,8,2,50,0.924,Cellular,Cellular,Validation
RIF,8,2,50,0.921,Cellular,Cellular,Validation
RIF,8,2,50,0.867,Cellular,Cellular,Validation
RIF,8,2,50,1.3,Cellular,Cellular,Validation
RIF,8,2,50,1.1,Cellular,Cellular,Validation
RIF,8,2,50,1.21,Cellular,Cellular,Validation
RIF,9,2,50,0.729,Lung,Lung,Validation
RIF,9,2,50,0.418,Lung,Lung,Validation
RIF,9,2,50,0.589,Lung,Lung,Validation
RIF,9,2,50,0.468,Lung,Lung,Validation
RIF,9,2,50,0.638,Lung,Lung,Validation
RIF,9,2,50,0.465,Lung,Lung,Validation
RIF,9,2,50,0.635,Cellular,Cellular,Validation
RIF,9,2,50,0.642,Cellular,Cellular,Validation
RIF,9,2,50,0.511,Cellular,Cellular,Validation
RIF,9,2,50,0.468,Cellular,Cellular,Validation
RIF,9,2,50,0.423,Cellular,Cellular,Validation
RIF,9,2,50,0.605,Cellular,Cellular,Validation
RIF,9,2,50,0.662,Cellular,Cellular,Validation
RIF,9,2,50,0.404,Cellular,Cellular,Validation
RIF,9,2,50,0.785,Cellular,Cellular,Validation
RIF,10,6,54,3.06,Lung,Lung,Validation
RIF,10,6,54,3.26,Lung,Lung,Validation
RIF,10,6,54,2.39,Lung,Lung,Validation
RIF,10,6,54,3.45,Lung,Lung,Validation
RIF,10,6,54,2.68,Lung,Lung,Validation
RIF,10,6,54,2.08,Lung,Lung,Validation
RIF,10,6,54,2.75,Cellular,Cellular,Validation
RIF,10,6,54,2.39,Cellular,Cellular,Validation
RIF,10,6,54,2.39,Cellular,Cellular,Validation
RIF,10,6,54,2.77,Cellular,Cellular,Validation
RIF,10,6,54,2.9,Cellular,Cellular,Validation
RIF,10,6,54,3.32,Cellular,Cellular,Validation
RIF,10,6,54,2.87,Cellular,Cellular,Validation
RIF,10,6,54,2.5,Cellular,Cellular,Validation
RIF,10,6,54,3.89,Cellular,Cellular,Validation
RIF,10,6,54,1.93,Cellular,Cellular,Validation
RIF,10,6,54,1.59,Cellular,Cellular,Validation
RIF,10,6,54,1.86,Cellular,Cellular,Validation
RIF,10,6,54,2.87,Cellular,Cellular,Validation
RIF,10,6,54,1.87,Cellular,Cellular,Validation
RIF,11,16,16,0.413,Lung,Lung,Validation
RIF,11,16,16,0.583,Lung,Lung,Validation
RIF,11,16,16,0.294,Lung,Lung,Validation
RIF,11,16,16,0.436,Lung,Lung,Validation
RIF,11,16,16,0.244,Caseous,Caseous/Fibrotic,Validation
RIF,11,16,16,0.314,Caseous,Caseous/Fibrotic,Validation
RIF,11,16,16,0.589,Caseous,Caseous/Fibrotic,Validation
RIF,11,16,16,0.493,Caseous,Caseous/Fibrotic,Validation
RIF,11,16,16,0.686,Cellular,Cellular,Validation
RIF,12,2,50,2.32,Lung,Lung,Validation
RIF,12,2,50,2.02,Lung,Lung,Validation
RIF,12,2,50,2.79,Lung,Lung,Validation
RIF,12,2,50,2.32,Lung,Lung,Validation
RIF,12,2,50,3.2,Lung,Lung,Validation
RIF,12,2,50,2.557,Lung,Lung,Validation
RIF,12,2,50,0.826,Caseous,Caseous/Fibrotic,Validation
RIF,12,2,50,1.65,Caseous,Caseous/Fibrotic,Validation
RIF,12,2,50,2.55,Caseous,Caseous/Fibrotic,Validation
RIF,12,2,50,1.84,Caseous,Caseous/Fibrotic,Validation
RIF,12,2,50,2.75,Caseous,Caseous/Fibrotic,Validation
RIF,12,2,50,2.92,Caseous,Caseous/Fibrotic,Validation
RIF,12,2,50,4.27,Caseous,Caseous/Fibrotic,Validation
RIF,12,2,50,1.14,Cellular,Cellular,Validation
RIF,12,2,50,4.54,Cellular,Cellular,Validation
RIF,12,2,50,1.62,Cellular,Cellular,Validation
RIF,12,2,50,4.41,Cellular,Cellular,Validation
RIF,12,2,50,1.83,Cellular,Cellular,Validation
RIF,12,2,50,4.65,Caseum,Caseum,Validation
RIF,12,2,50,2.123,Caseum,Caseum,Validation
RIF,13,2,218,1.19,Lung,Lung,Validation
RIF,13,2,218,1.24,Lung,Lung,Validation
RIF,13,2,218,1.05,Lung,Lung,Validation
RIF,13,2,218,1.42,Lung,Lung,Validation
RIF,13,2,218,0.701,Caseous,Caseous/Fibrotic,Validation
RIF,13,2,218,1.32,Caseous,Caseous/Fibrotic,Validation
RIF,13,2,218,1.55,Caseous,Caseous/Fibrotic,Validation
RIF,13,2,218,1.34,Caseous,Caseous/Fibrotic,Validation
RIF,13,2,218,1.46,Caseous,Caseous/Fibrotic,Validation
RIF,13,2,218,1.53,Caseous,Caseous/Fibrotic,Validation
RIF,13,2,218,1.91,Caseous,Caseous/Fibrotic,Validation
RIF,13,2,218,1.82,Caseous,Caseous/Fibrotic,Validation
RIF,13,2,218,0.902,Caseous,Caseous/Fibrotic,Validation
RIF,13,2,218,2.23,Caseous,Caseous/Fibrotic,Validation
RIF,13,2,218,1.22,Caseous,Caseous/Fibrotic,Validation
RIF,13,2,218,2.98,Caseous,Caseous/Fibrotic,Validation
RIF,13,2,218,1.61,Caseous,Caseous/Fibrotic,Validation
RIF,13,2,218,0.85,Caseous,Caseous/Fibrotic,Validation
RIF,13,2,218,1.22,Caseous,Caseous/Fibrotic,Validation
RIF,13,2,218,1.29,Caseous,Caseous/Fibrotic,Validation
RIF,13,2,218,1.82,Caseous,Caseous/Fibrotic,Validation
RIF,13,2,218,1.44,Caseous,Caseous/Fibrotic,Validation
RIF,13,2,218,2.1,Caseous,Caseous/Fibrotic,Validation
RIF,13,2,218,1.13,Caseous,Caseous/Fibrotic,Validation
RIF,13,2,218,1.28,Caseous,Caseous/Fibrotic,Validation
RIF,13,2,218,1.49,Caseous,Caseous/Fibrotic,Validation
RIF,13,2,218,1.13,Caseous,Caseous/Fibrotic,Validation
RIF,13,2,218,2.48,Caseous,Caseous/Fibrotic,Validation
RIF,13,2,218,2.21,Cellular,Cellular,Validation
RIF,13,2,218,2.61,Cellular,Cellular,Validation
RIF,13,2,218,1.66,Cellular,Cellular,Validation
RIF,13,2,218,1.63,Cellular,Cellular,Validation
RIF,14,12,12,0.683,Lung,Lung,Validation
RIF,14,12,12,0.63,Lung,Lung,Validation
RIF,14,12,12,0.684,Lung,Lung,Validation
RIF,14,12,12,0.662,Lung,Lung,Validation
RIF,14,12,12,0.469,Lung,Lung,Validation
RIF,14,12,12,0.573,Lung,Lung,Validation
RIF,14,12,12,0.355,Lung,Lung,Validation
RIF,14,12,12,0.767,Lung,Lung,Validation
RIF,14,12,12,0.727,Lung,Lung,Validation
RIF,14,12,12,0.867,Caseous,Caseous/Fibrotic,Validation
RIF,14,12,12,0.739,Caseous,Caseous/Fibrotic,Validation
RIF,14,12,12,1.2,Caseous,Caseous/Fibrotic,Validation
RIF,14,12,12,1.26,Caseous,Caseous/Fibrotic,Validation
RIF,14,12,12,0.881,Caseous,Caseous/Fibrotic,Validation
RIF,14,12,12,0.816,Caseous,Caseous/Fibrotic,Validation
RIF,14,12,12,0.594,Caseous,Caseous/Fibrotic,Validation
RIF,14,12,12,0.587,Caseous,Caseous/Fibrotic,Validation
RIF,14,12,12,0.704,Caseous,Caseous/Fibrotic,Validation
RIF,14,12,12,0.736,Caseous,Caseous/Fibrotic,Validation
RIF,14,12,12,1.09,Caseous,Caseous/Fibrotic,Validation
RIF,14,12,12,0.506,Cellular,Cellular,Validation
RIF,14,12,12,0.704,Cellular,Cellular,Validation
RIF,14,12,12,0.866,Cellular,Cellular,Validation
RIF,14,12,12,0.687,Cellular,Cellular,Validation
RIF,14,12,12,0.72,Cellular,Cellular,Validation
RIF,14,12,12,0.637,Cellular,Cellular,Validation
RIF,14,12,12,0.895,Cellular,Cellular,Validation
RIF,14,12,12,0.872,Cellular,Cellular,Validation
RIF,14,12,12,0.7,Cellular,Cellular,Validation
RIF,14,12,12,0.579,Cellular,Cellular,Validation
RIF,14,12,12,0.964,Cellular,Cellular,Validation
RIF,14,12,12,0.923,Cellular,Cellular,Validation
RIF,14,12,12,1.61,Cellular,Cellular,Validation
RIF,14,12,12,0.667,Cellular,Cellular,Validation
RIF,14,12,12,0.658,Cellular,Cellular,Validation
RIF,14,12,12,0.554,Cellular,Cellular,Validation
RIF,14,12,12,4.386,Caseum,Caseum,Validation
RIF,14,12,12,3.75,Caseum,Caseum,Validation
RIF,14,12,12,3.53,Caseum,Caseum,Validation
RIF,14,12,12,3.61,Caseum,Caseum,Validation
RIF,14,12,12,0.826,Cavity wall,Cavity,Validation
RIF,14,12,12,0.719,Cavity wall,Cavity,Validation
RIF,15,2,146,4.35,Lung,Lung,Validation
RIF,15,2,146,4.6,Lung,Lung,Validation
RIF,15,2,146,3.88,Lung,Lung,Validation
RIF,15,2,146,2.18,Lung,Lung,Validation
RIF,15,2,146,5.2,Lung,Lung,Validation
RIF,15,2,146,6.09,Lung,Lung,Validation
RIF,15,2,146,3.56,Lung,Lung,Validation
RIF,15,2,146,2.71,Lung,Lung,Validation
RIF,15,2,146,2.86,Lung,Lung,Validation
RIF,15,2,146,3.81,Lung,Lung,Validation
RIF,15,2,146,2.42,Caseous,Caseous/Fibrotic,Validation
RIF,15,2,146,2.06,Caseous,Caseous/Fibrotic,Validation
RIF,15,2,146,3.1,Caseous,Caseous/Fibrotic,Validation
RIF,15,2,146,1.23,Caseous,Caseous/Fibrotic,Validation
RIF,15,2,146,2.74,Caseous,Caseous/Fibrotic,Validation
RIF,15,2,146,2.86,Cellular,Cellular,Validation
RIF,15,2,146,2.48,Cellular,Cellular,Validation
RIF,15,2,146,2.17,Cellular,Cellular,Validation
RIF,15,2,146,3.35,Caseum,Caseum,Validation
RIF,15,2,146,3.95,Caseum,Caseum,Validation
RIF,16,6,150,1.42,Lung,Lung,Validation
RIF,16,6,150,1.47,Lung,Lung,Validation
RIF,16,6,150,1.78,Lung,Lung,Validation
RIF,16,6,150,1.94,Lung,Lung,Validation
RIF,16,6,150,2.02,Lung,Lung,Validation
RIF,16,6,150,2.06,Lung,Lung,Validation
RIF,16,6,150,2.71,Lung,Lung,Validation
RIF,16,6,150,2.26,Lung,Lung,Validation
RIF,16,6,150,1.08,Caseous,Caseous/Fibrotic,Validation
RIF,16,6,150,1.65,Caseous,Caseous/Fibrotic,Validation
RIF,16,6,150,2.21,Caseous,Caseous/Fibrotic,Validation
RIF,16,6,150,1.37,Caseous,Caseous/Fibrotic,Validation
RIF,16,6,150,2.39,Caseous,Caseous/Fibrotic,Validation
RIF,16,6,150,2.82,Caseous,Caseous/Fibrotic,Validation
RIF,16,6,150,2.04,Caseous,Caseous/Fibrotic,Validation
RIF,16,6,150,1.57,Caseous,Caseous/Fibrotic,Validation
RIF,16,6,150,1.96,Caseous,Caseous/Fibrotic,Validation
RIF,16,6,150,1.6,Caseous,Caseous/Fibrotic,Validation
RIF,16,6,150,1.6,Cellular,Cellular,Validation
RIF,16,6,150,2.05,Cellular,Cellular,Validation
RIF,16,6,150,2.05,Cellular,Cellular,Validation
RIF,16,6,150,1.88,Cellular,Cellular,Validation
RIF,16,6,150,1.96,Cellular,Cellular,Validation
RIF,16,6,150,3.65,Cellular,Cellular,Validation
RIF,16,6,150,2.17,Cellular,Cellular,Validation
RIF,16,6,150,2.284,Cellular,Cellular,Validation
RIF,16,6,150,3.6,Caseum,Caseum,Validation
RIF,16,6,150,3.216,Caseum,Caseum,Validation
RIF,17,24,24,0.163,Lung,Lung,Validation
RIF,17,24,24,0.186,Lung,Lung,Validation
RIF,17,24,24,0.264,Lung,Lung,Validation
RIF,17,24,24,0.215,Lung,Lung,Validation
RIF,17,24,24,0.206,Lung,Lung,Validation
RIF,17,24,24,0.282,Lung,Lung,Validation
RIF,17,24,24,0.206,Lung,Lung,Validation
RIF,17,24,24,0.28,Lung,Lung,Validation
RIF,17,24,24,0.314,Lung,Lung,Validation
RIF,17,24,24,0.305,Lung,Lung,Validation
RIF,17,24,24,0.211,Caseous,Caseous/Fibrotic,Validation
RIF,17,24,24,0.401,Caseous,Caseous/Fibrotic,Validation
RIF,17,24,24,0.38,Caseous,Caseous/Fibrotic,Validation
RIF,17,24,24,0.422,Cellular,Cellular,Validation
RIF,18,6,6,1.13,Lung,Lung,Validation
RIF,18,6,6,1.45,Lung,Lung,Validation
RIF,18,6,6,1.57,Lung,Lung,Validation
RIF,18,6,6,0.905,Lung,Lung,Validation
RIF,18,6,6,1.83,Caseous,Caseous/Fibrotic,Validation
RIF,18,6,6,1.58,Caseous,Caseous/Fibrotic,Validation
RIF,18,6,6,1.74,Caseous,Caseous/Fibrotic,Validation
RIF,18,6,6,1.6,Caseous,Caseous/Fibrotic,Validation
RIF,18,6,6,1.45,Caseous,Caseous/Fibrotic,Validation
RIF,18,6,6,1.87,Caseous,Caseous/Fibrotic,Validation
RIF,18,6,6,1.92,Caseous,Caseous/Fibrotic,Validation
RIF,18,6,6,1.42,Caseous,Caseous/Fibrotic,Validation
RIF,18,6,6,1.77,Caseous,Caseous/Fibrotic,Validation
RIF,18,6,6,1.58,Caseous,Caseous/Fibrotic,Validation
RIF,18,6,6,1.59,Caseous,Caseous/Fibrotic,Validation
RIF,18,6,6,1.72,Caseous,Caseous/Fibrotic,Validation
RIF,18,6,6,2.16,Caseous,Caseous/Fibrotic,Validation
RIF,18,6,6,1.9,Caseous,Caseous/Fibrotic,Validation
RIF,18,6,6,1.67,Caseous,Caseous/Fibrotic,Validation
RIF,18,6,6,1.69,Caseous,Caseous/Fibrotic,Validation
RIF,18,6,6,1.75,Caseous,Caseous/Fibrotic,Validation
RIF,18,6,6,1.71,Caseous,Caseous/Fibrotic,Validation
RIF,18,6,6,1.42,Caseous,Caseous/Fibrotic,Validation
RIF,18,6,6,2.16,Caseous,Caseous/Fibrotic,Validation
RIF,18,6,6,1.71,Caseous,Caseous/Fibrotic,Validation
RIF,18,6,6,1.78,Caseous,Caseous/Fibrotic,Validation
RIF,18,6,6,1.77,Caseous,Caseous/Fibrotic,Validation
RIF,18,6,6,1.58,Caseous,Caseous/Fibrotic,Validation
RIF,18,6,6,1.63,Caseous,Caseous/Fibrotic,Validation
RIF,18,6,6,1.67,Caseous,Caseous/Fibrotic,Validation
RIF,18,6,6,1.13,Caseous,Caseous/Fibrotic,Validation
RIF,18,6,6,3.45,Caseous,Caseous/Fibrotic,Validation
RIF,18,6,6,2.67,Caseous,Caseous/Fibrotic,Validation
RIF,18,6,6,2.24,Cellular,Cellular,Validation
RIF,18,6,6,1.89,Cellular,Cellular,Validation
RIF,18,6,6,2.17,Cellular,Cellular,Validation
RIF,18,6,6,2.23,Cellular,Cellular,Validation
RIF,18,6,6,2.75,Cellular,Cellular,Validation
RIF,18,6,6,2.75,Cellular,Cellular,Validation
RIF,18,6,6,0.629,Cellular,Cellular,Validation
RIF,18,6,6,0.752,Cellular,Cellular,Validation
RIF,18,6,6,0.791,Cellular,Cellular,Validation
RIF,18,6,6,0.843,Caseum,Caseum,Validation
RIF,18,6,6,2.29,Caseum,Caseum,Validation
RIF,18,6,6,1.15,Caseum,Caseum,Validation
RIF,18,6,6,5,Caseum,Caseum,Validation
RIF,18,6,6,0.657,Caseum,Caseum,Validation
RIF,18,6,6,3.398,Caseum,Caseum,Validation
RIF,18,6,6,0.0527,Caseum,Caseum,Validation
RIF,18,6,6,1.82,Caseum,Caseum,Validation
RIF,18,6,6,1.81,Caseum,Caseum,Validation
RIF,18,6,6,0.107,Caseum,Caseum,Validation
RIF,18,6,6,2.4,Caseum,Caseum,Validation
RIF,18,6,6,1.68,Cavity wall,Cavity,Validation
RIF,18,6,6,1.45,Cavity wall,Cavity,Validation
RIF,18,6,6,1.16,Cavity wall,Cavity,Validation
RIF,18,6,6,0.967,Cavity wall,Cavity,Validation
RIF,18,6,6,1.01,Cavity wall,Cavity,Validation
RIF,18,6,6,1.12,Cavity wall,Cavity,Validation
RIF,18,6,6,1.1,Cavity wall,Cavity,Validation
RIF,18,6,6,0.992,Cavity wall,Cavity,Validation
RIF,18,6,6,1.69,Foamy macrophages,Foamy Macrophage,Validation
RIF,18,6,6,0.43,Transparent Area,Misc,Validation
RIF,19,12,156,0.273,Lung,Lung,Validation
RIF,19,12,156,0.318,Lung,Lung,Validation
RIF,19,12,156,0.305,Lung,Lung,Validation
RIF,19,12,156,0.252,Lung,Lung,Validation
RIF,19,12,156,0.325,Lung,Lung,Validation
RIF,19,12,156,0.335,Lung,Lung,Validation
RIF,19,12,156,0.354,Lung,Lung,Validation
RIF,19,12,156,0.505,Lung,Lung,Validation
RIF,19,12,156,0.519,Lung,Lung,Validation
RIF,19,12,156,0.296,Lung,Lung,Validation
RIF,19,12,156,0.275,Lung,Lung,Validation
RIF,19,12,156,0.339,Lung,Lung,Validation
RIF,19,12,156,0.384,Lung,Lung,Validation
RIF,19,12,156,0.405,Lung,Lung,Validation
RIF,19,12,156,0.556,Caseous,Caseous/Fibrotic,Validation
RIF,19,12,156,0.363,Caseous,Caseous/Fibrotic,Validation
RIF,19,12,156,0.535,Caseous,Caseous/Fibrotic,Validation
RIF,19,12,156,0.366,Cellular,Cellular,Validation
RIF,19,12,156,0.65,Cellular,Cellular,Validation
RIF,20,2,146,3.48,Lung,Lung,Validation
RIF,20,2,146,3.17,Lung,Lung,Validation
RIF,20,2,146,3.67,Lung,Lung,Validation
RIF,20,2,146,2.94,Lung,Lung,Validation
RIF,20,2,146,3.27,Lung,Lung,Validation
RIF,20,2,146,3.98,Lung,Lung,Validation
RIF,20,2,146,4.17,Lung,Lung,Validation
RIF,20,2,146,4.61,Lung,Lung,Validation
RIF,20,2,146,3.99,Caseous,Caseous/Fibrotic,Validation
RIF,20,2,146,4.24,Caseous,Caseous/Fibrotic,Validation
RIF,20,2,146,3.85,Caseous,Caseous/Fibrotic,Validation
RIF,20,2,146,4.52,Caseous,Caseous/Fibrotic,Validation
RIF,20,2,146,3.3,Caseous,Caseous/Fibrotic,Validation
RIF,20,2,146,2.94,Caseous,Caseous/Fibrotic,Validation
RIF,20,2,146,3.34,Caseous,Caseous/Fibrotic,Validation
RIF,20,2,146,3.06,Caseous,Caseous/Fibrotic,Validation
RIF,20,2,146,2.8,Caseous,Caseous/Fibrotic,Validation
RIF,20,2,146,4.33,Caseous,Caseous/Fibrotic,Validation
RIF,20,2,146,7.49,Caseous,Caseous/Fibrotic,Validation
RIF,20,2,146,3.26,Cellular,Cellular,Validation
RIF,20,2,146,2.76,Cellular,Cellular,Validation
RIF,20,2,146,3.4,Cellular,Cellular,Validation
RIF,20,2,146,3.75,Cellular,Cellular,Validation
RIF,20,2,146,5.06,Cellular,Cellular,Validation
RIF,20,2,146,3.29,Cellular,Cellular,Validation
RIF,20,2,146,4.98,Cellular,Cellular,Validation
RIF,20,2,146,5.79,Cellular,Cellular,Validation
RIF,21,24,168,0.612,Lung,Lung,Validation
RIF,21,24,168,0.606,Lung,Lung,Validation
RIF,21,24,168,0.733,Lung,Lung,Validation
RIF,21,24,168,0.936,Lung,Lung,Validation
RIF,21,24,168,0.408,Lung,Lung,Validation
RIF,21,24,168,0.297,Lung,Lung,Validation
RIF,21,24,168,0.286,Lung,Lung,Validation
RIF,21,24,168,0.46,Caseous,Caseous/Fibrotic,Validation
RIF,21,24,168,0.481,Caseous,Caseous/Fibrotic,Validation
RIF,21,24,168,0.373,Caseous,Caseous/Fibrotic,Validation
RIF,21,24,168,0.36,Caseous,Caseous/Fibrotic,Validation
RIF,21,24,168,0.377,Caseous,Caseous/Fibrotic,Validation
RIF,21,24,168,0.53,Caseous,Caseous/Fibrotic,Validation
RIF,21,24,168,0.572,Caseous,Caseous/Fibrotic,Validation
RIF,21,24,168,0.66,Caseous,Caseous/Fibrotic,Validation
RIF,21,24,168,0.731,Caseous,Caseous/Fibrotic,Validation
RIF,21,24,168,0.488,Caseous,Caseous/Fibrotic,Validation
RIF,21,24,168,0.503,Caseous,Caseous/Fibrotic,Validation
RIF,21,24,168,0.934,Caseous,Caseous/Fibrotic,Validation
RIF,21,24,168,0.593,Caseous,Caseous/Fibrotic,Validation
RIF,21,24,168,0.824,Caseous,Caseous/Fibrotic,Validation
RIF,21,24,168,0.541,Caseous,Caseous/Fibrotic,Validation
RIF,21,24,168,0.587,Caseous,Caseous/Fibrotic,Validation
RIF,21,24,168,0.967,Caseous,Caseous/Fibrotic,Validation
RIF,21,24,168,0.602,Caseous,Caseous/Fibrotic,Validation
RIF,21,24,168,0.71,Caseous,Caseous/Fibrotic,Validation
RIF,21,24,168,0.631,Caseous,Caseous/Fibrotic,Validation
RIF,21,24,168,0.807,Caseous,Caseous/Fibrotic,Validation
RIF,21,24,168,1.03,Caseous,Caseous/Fibrotic,Validation
RIF,21,24,168,0.777,Caseous,Caseous/Fibrotic,Validation
RIF,21,24,168,1.29,Caseous,Caseous/Fibrotic,Validation
RIF,21,24,168,0.97,Caseous,Caseous/Fibrotic,Validation
RIF,21,24,168,1.38,Caseous,Caseous/Fibrotic,Validation
RIF,21,24,168,1.14,Caseous,Caseous/Fibrotic,Validation
RIF,21,24,168,1.04,Caseous,Caseous/Fibrotic,Validation
RIF,21,24,168,0.838,Caseous,Caseous/Fibrotic,Validation
RIF,21,24,168,0.937,Caseous,Caseous/Fibrotic,Validation
RIF,21,24,168,0.828,Caseous,Caseous/Fibrotic,Validation
RIF,21,24,168,1.39,Cellular,Cellular,Validation
RIF,21,24,168,0.29,Cellular,Cellular,Validation
RIF,21,24,168,0.334,Cellular,Cellular,Validation
RIF,21,24,168,0.191,Caseum,Caseum,Validation
RIF,21,24,168,0.782,Caseum,Caseum,Validation
RIF,21,24,168,0.638,Caseum,Caseum,Validation
RIF,21,24,168,0.517,Caseum,Caseum,Validation
RIF,21,24,168,0.499,Caseum,Caseum,Validation
RIF,22,12,156,0.131,Lung,Lung,Validation
RIF,22,12,156,0.19,Lung,Lung,Validation
RIF,22,12,156,0.332,Lung,Lung,Validation
RIF,22,12,156,0.168,Lung,Lung,Validation
RIF,22,12,156,0.172,Lung,Lung,Validation
RIF,22,12,156,0.25,Lung,Lung,Validation
RIF,22,12,156,0.133,Lung,Lung,Validation
RIF,22,12,156,0.177,Lung,Lung,Validation
RIF,22,12,156,0.216,Lung,Lung,Validation
RIF,22,12,156,0.219,Caseous,Caseous/Fibrotic,Validation
RIF,22,12,156,0.205,Caseous,Caseous/Fibrotic,Validation
RIF,22,12,156,0.195,Caseous,Caseous/Fibrotic,Validation
RIF,22,12,156,0.391,Caseous,Caseous/Fibrotic,Validation
RIF,22,12,156,0.267,Cellular,Cellular,Validation
RIF,31,6,150,4.56,Lung,Lung,Validation
RIF,31,6,150,5.45,Lung,Lung,Validation
RIF,31,6,150,4.87,Lung,Lung,Validation
RIF,31,6,150,3.59,Lung,Lung,Validation
RIF,31,6,150,4.19,Lung,Lung,Validation
RIF,31,6,150,1.65,Lung,Lung,Validation
RIF,31,6,150,2.18,Lung,Lung,Validation
RIF,31,6,150,2.35,Caseous,Caseous/Fibrotic,Validation
RIF,31,6,150,2.59,Caseous,Caseous/Fibrotic,Validation
RIF,31,6,150,2.12,Caseous,Caseous/Fibrotic,Validation
RIF,31,6,150,2.36,Caseous,Caseous/Fibrotic,Validation
RIF,31,6,150,3.05,Caseous,Caseous/Fibrotic,Validation
RIF,31,6,150,1.45,Caseous,Caseous/Fibrotic,Validation
RIF,31,6,150,2.49,Caseous,Caseous/Fibrotic,Validation
RIF,31,6,150,2.14,Caseous,Caseous/Fibrotic,Validation
RIF,31,6,150,2.75,Caseous,Caseous/Fibrotic,Validation
RIF,31,6,150,2.24,Caseous,Caseous/Fibrotic,Validation
RIF,31,6,150,2.49,Caseous,Caseous/Fibrotic,Validation
RIF,31,6,150,2.81,Caseous,Caseous/Fibrotic,Validation
RIF,31,6,150,2.17,Caseous,Caseous/Fibrotic,Validation
RIF,31,6,150,2.52,Caseous,Caseous/Fibrotic,Validation
RIF,31,6,150,2.71,Caseous,Caseous/Fibrotic,Validation
RIF,31,6,150,2.86,Caseous,Caseous/Fibrotic,Validation
RIF,31,6,150,2.81,Caseous,Caseous/Fibrotic,Validation
RIF,31,6,150,3.4,Caseous,Caseous/Fibrotic,Validation
RIF,31,6,150,2.69,Caseous,Caseous/Fibrotic,Validation
RIF,31,6,150,2.62,Caseous,Caseous/Fibrotic,Validation
RIF,31,6,150,3.11,Caseous,Caseous/Fibrotic,Validation
RIF,31,6,150,2.61,Caseous,Caseous/Fibrotic,Validation
RIF,31,6,150,2.55,Caseous,Caseous/Fibrotic,Validation
RIF,31,6,150,3.05,Caseous,Caseous/Fibrotic,Validation
RIF,31,6,150,3.11,Caseous,Caseous/Fibrotic,Validation
RIF,31,6,150,3.42,Caseous,Caseous/Fibrotic,Validation
RIF,31,6,150,2.92,Caseous,Caseous/Fibrotic,Validation
RIF,31,6,150,4.03,Caseous,Caseous/Fibrotic,Validation
RIF,31,6,150,2.27,Caseous,Caseous/Fibrotic,Validation
RIF,31,6,150,2.66,Caseous,Caseous/Fibrotic,Validation
RIF,31,6,150,2.8,Caseous,Caseous/Fibrotic,Validation
RIF,31,6,150,3.06,Caseous,Caseous/Fibrotic,Validation
RIF,31,6,150,2.95,Caseous,Caseous/Fibrotic,Validation
RIF,31,6,150,2.88,Caseous,Caseous/Fibrotic,Validation
RIF,31,6,150,2.59,Caseous,Caseous/Fibrotic,Validation
RIF,31,6,150,4.51,Cellular,Cellular,Validation
RIF,31,6,150,3.34,Cellular,Cellular,Validation
RIF,31,6,150,2.57,Cellular,Cellular,Validation
RIF,31,6,150,3.09,Cellular,Cellular,Validation
RIF,31,6,150,3.03,Cellular,Cellular,Validation
RIF,31,6,150,6.07,Cellular,Cellular,Validation
RIF,31,6,150,1.86,Cellular,Cellular,Validation
RIF,31,6,150,2.01,Cellular,Cellular,Validation
RIF,31,6,150,3.08,Cellular,Cellular,Validation
RIF,31,6,150,1.6,Cellular,Cellular,Validation
RIF,31,6,150,2.26,Caseum,Caseum,Validation
RIF,31,6,150,2.87,Caseum,Caseum,Validation
RIF,31,6,150,11.3,Caseum,Caseum,Validation
RIF,31,6,150,6.12,Caseum,Caseum,Validation
RIF,31,6,150,4.07,Caseum,Caseum,Validation
RIF,31,6,150,4.14,Caseum,Caseum,Validation
RIF,31,6,150,1,Foamy macrophages,Foamy Macrophage,Validation
RIF,51,2,146,1.76,Lung,Lung,Validation
RIF,51,2,146,1.12,Lung,Lung,Validation
RIF,51,2,146,1.05,Lung,Lung,Validation
RIF,51,2,146,0.735,Lung,Lung,Validation
RIF,51,2,146,1.82,Lung,Lung,Validation
RIF,51,2,146,1.96,Lung,Lung,Validation
RIF,51,2,146,0.655,Lung,Lung,Validation
RIF,51,2,146,0.804,Lung,Lung,Validation
RIF,51,2,146,0.753,Lung,Lung,Validation
RIF,51,2,146,1.398,Lung,Lung,Validation
RIF,51,2,146,0.788,Caseous,Caseous/Fibrotic,Validation
RIF,51,2,146,1.59,Caseous,Caseous/Fibrotic,Validation
RIF,51,2,146,0.994,Caseous,Caseous/Fibrotic,Validation
RIF,51,2,146,2.44,Caseous,Caseous/Fibrotic,Validation
RIF,51,2,146,0.899,Caseous,Caseous/Fibrotic,Validation
RIF,51,2,146,2.2,Caseous,Caseous/Fibrotic,Validation
RIF,51,2,146,2.56,Cellular,Cellular,Validation
RIF,51,2,146,1.03,Cellular,Cellular,Validation
RIF,51,2,146,0.622,Cellular,Cellular,Validation
RIF,51,2,146,0.607,Cellular,Cellular,Validation
RIF,51,2,146,0.581,Cellular,Cellular,Validation
RIF,51,2,146,0.681,Cellular,Cellular,Validation
RIF,51,2,146,0.533,Cellular,Cellular,Validation
RIF,51,2,146,0.622,Cellular,Cellular,Validation
RIF,51,2,146,0.429,Cellular,Cellular,Validation
RIF,51,2,146,5.781,Caseum,Caseum,Validation
RIF,51,2,146,3.365,Caseum,Caseum,Validation
RIF,51,2,146,6.66,Caseum,Caseum,Validation
RIF,51,2,146,3.659,Caseum,Caseum,Validation
RIF,51,2,146,5.289,Caseum,Caseum,Validation
RIF,51,2,146,2.537,Caseum,Caseum,Validation
RIF,51,2,146,2.388,Caseum,Caseum,Validation
RIF,52,6,150,0.418,Lung,Lung,Validation
RIF,52,6,150,0.406,Lung,Lung,Validation
RIF,52,6,150,0.367,Lung,Lung,Validation
RIF,52,6,150,0.508,Lung,Lung,Validation
RIF,52,6,150,0.46,Lung,Lung,Validation
RIF,52,6,150,0.43,Lung,Lung,Validation
RIF,52,6,150,0.586,Caseous,Caseous/Fibrotic,Validation
RIF,52,6,150,0.632,Caseous,Caseous/Fibrotic,Validation
RIF,52,6,150,0.618,Caseous,Caseous/Fibrotic,Validation
RIF,52,6,150,0.608,Caseous,Caseous/Fibrotic,Validation
RIF,52,6,150,0.512,Caseous,Caseous/Fibrotic,Validation
RIF,52,6,150,0.484,Caseous,Caseous/Fibrotic,Validation
RIF,52,6,150,0.715,Caseous,Caseous/Fibrotic,Validation
RIF,52,6,150,0.604,Caseous,Caseous/Fibrotic,Validation
RIF,52,6,150,0.632,Caseous,Caseous/Fibrotic,Validation
RIF,52,6,150,0.614,Caseous,Caseous/Fibrotic,Validation
RIF,52,6,150,0.491,Caseous,Caseous/Fibrotic,Validation
RIF,52,6,150,0.523,Caseous,Caseous/Fibrotic,Validation
RIF,52,6,150,0.564,Caseous,Caseous/Fibrotic,Validation
RIF,52,6,150,0.725,Caseous,Caseous/Fibrotic,Validation
RIF,52,6,150,0.563,Caseous,Caseous/Fibrotic,Validation
RIF,52,6,150,0.483,Cellular,Cellular,Validation
RIF,52,6,150,0.68,Cellular,Cellular,Validation
RIF,52,6,150,0.547,Cellular,Cellular,Validation
RIF,53,24,168,0.0506,Lung,Lung,Validation
RIF,53,24,168,0,Lung,Lung,Validation
RIF,53,24,168,0,Lung,Lung,Validation
RIF,53,24,168,0,Lung,Lung,Validation
RIF,53,24,168,0.0382,Lung,Lung,Validation
RIF,53,24,168,0,Lung,Lung,Validation
RIF,53,24,168,0.0193,Caseous,Caseous/Fibrotic,Validation
RIF,53,24,168,0.0375,Caseous,Caseous/Fibrotic,Validation
RIF,53,24,168,0,Cellular,Cellular,Validation
RIF,54,24,168,0.337,Lung,Lung,Validation
RIF,54,24,168,0.352,Lung,Lung,Validation
RIF,54,24,168,0.26,Lung,Lung,Validation
RIF,54,24,168,0.239,Lung,Lung,Validation
RIF,54,24,168,0.283,Lung,Lung,Validation
RIF,54,24,168,0.316,Lung,Lung,Validation
RIF,54,24,168,0.425,Caseous,Caseous/Fibrotic,Validation
RIF,54,24,168,0.418,Cellular,Cellular,Validation
RIF,54,24,168,0.714,Cellular,Cellular,Validation
RIF,55,6,6,1.53,Lung,Lung,Validation
RIF,55,6,6,2.44,Lung,Lung,Validation
RIF,55,6,6,1.73,Cellular,Cellular,Validation
RIF,55,6,6,1.55,Cellular,Cellular,Validation
RIF,55,6,6,1.88,Cellular,Cellular,Validation
RIF,55,6,6,1.61,Cellular,Cellular,Validation
RIF,55,6,6,1.65,Cellular,Cellular,Validation
RIF,55,6,6,1.89,Cellular,Cellular,Validation
RIF,55,6,6,1.88,Cellular,Cellular,Validation
RIF,55,6,6,2.17,Cellular,Cellular,Validation
RIF,55,6,6,2.22,Cellular,Cellular,Validation
RIF,55,6,6,2.11,Cellular,Cellular,Validation
RIF,55,6,6,2.61,Cellular,Cellular,Validation
RIF,55,6,6,2.71,Cellular,Cellular,Validation
RIF,55,6,6,2.08,Cellular,Cellular,Validation
RIF,55,6,6,1.84,Cellular,Cellular,Validation
RIF,55,6,6,1.88,Cellular,Cellular,Validation
RIF,55,6,6,2.23,Cellular,Cellular,Validation
RIF,55,6,6,2.31,Cellular,Cellular,Validation
RIF,55,6,6,2.8,Cellular,Cellular,Validation
RIF,55,6,6,2.86,Cellular,Cellular,Validation
RIF,55,6,6,2.3,Cellular,Cellular,Validation
RIF,55,6,6,2.05,Cellular,Cellular,Validation
RIF,55,6,6,2.29,Cellular,Cellular,Validation
RIF,55,6,6,2.17,Cellular,Cellular,Validation
RIF,55,6,6,1.51,Cavity wall,Cavity,Validation
RIF,55,6,6,1.91,Cavity wall,Cavity,Validation
RIF,55,6,6,2.08,Cavity wall,Cavity,Validation
RIF,55,6,6,2.07,Cavity wall,Cavity,Validation
RIF,55,6,6,2.21,Cavity wall,Cavity,Validation
RIF,55,6,6,2.11,Cavity wall,Cavity,Validation
RIF,55,6,6,2.01,Cavity wall,Cavity,Validation
RIF,55,6,6,3,Cavity wall,Cavity,Validation
RIF,55,6,6,1.8,Cavity wall,Cavity,Validation
RIF,55,6,6,1.88,Cavity wall,Cavity,Validation
RIF,55,6,6,2.04,Cavity wall,Cavity,Validation
RIF,55,6,6,2.14,Cavity wall,Cavity,Validation
RIF,55,6,6,2.03,Cavity wall,Cavity,Validation
RIF,56,2,2,0.0571,Lung,Lung,Validation
RIF,56,2,2,0.319,Lung,Lung,Validation
RIF,56,2,2,0.258,Lung,Lung,Validation
RIF,56,2,2,0.28,Lung,Lung,Validation
RIF,56,2,2,0.112,Caseous,Caseous/Fibrotic,Validation
RIF,56,2,2,0.128,Caseous,Caseous/Fibrotic,Validation
RIF,56,2,2,0.175,Caseous,Caseous/Fibrotic,Validation
RIF,56,2,2,0.134,Caseous,Caseous/Fibrotic,Validation
RIF,56,2,2,0.122,Caseous,Caseous/Fibrotic,Validation
RIF,56,2,2,0.08,Cellular,Cellular,Validation
RIF,56,2,2,0.115,Cellular,Cellular,Validation
RIF,56,2,2,0.172,Cellular,Cellular,Validation
RIF,56,2,2,0.12,Caseum,Caseum,Validation
RIF,57,2,2,1.6,Lung,Lung,Validation
RIF,57,2,2,3.06,Lung,Lung,Validation
RIF,57,2,2,1.81,Lung,Lung,Validation
RIF,57,2,2,1.79,Lung,Lung,Validation
RIF,58,6,6,4.21,Lung,Lung,Validation
RIF,58,6,6,4.32,Lung,Lung,Validation
RIF,58,6,6,4.29,Lung,Lung,Validation
RIF,58,6,6,4.06,Lung,Lung,Validation
RIF,58,6,6,6.1,Lung,Lung,Validation
RIF,58,6,6,2.8,Caseous,Caseous/Fibrotic,Validation
RIF,58,6,6,3.23,Caseous,Caseous/Fibrotic,Validation
RIF,58,6,6,2.8,Caseous,Caseous/Fibrotic,Validation
RIF,58,6,6,2.59,Caseous,Caseous/Fibrotic,Validation
RIF,58,6,6,2.92,Cellular,Cellular,Validation
RIF,58,6,6,2.41,Cellular,Cellular,Validation
RIF,58,6,6,3.78,Cellular,Cellular,Validation
RIF,58,6,6,3.15,Cellular,Cellular,Validation
RIF,58,6,6,3.75,Cellular,Cellular,Validation
RIF,58,6,6,3.89,Cellular,Cellular,Validation
RIF,58,6,6,2.01,Cellular,Cellular,Validation
RIF,58,6,6,3.16,Cellular,Cellular,Validation
RIF,58,6,6,2.63,Cellular,Cellular,Validation
RIF,58,6,6,2.57,Cellular,Cellular,Validation
RIF,59,6,6,4.26,Lung,Lung,Validation
RIF,59,6,6,4.02,Lung,Lung,Validation
RIF,59,6,6,2.87,Lung,Lung,Validation
RIF,59,6,6,3.54,Lung,Lung,Validation
RIF,59,6,6,3.85,Lung,Lung,Validation
RIF,59,6,6,3.53,Lung,Lung,Validation
RIF,59,6,6,4.35,Caseous,Caseous/Fibrotic,Validation
RIF,59,6,6,4.71,Caseous,Caseous/Fibrotic,Validation
RIF,59,6,6,4.1,Caseous,Caseous/Fibrotic,Validation
RIF,59,6,6,4.2,Caseous,Caseous/Fibrotic,Validation
RIF,59,6,6,3.37,Caseous,Caseous/Fibrotic,Validation
RIF,59,6,6,3.59,Caseous,Caseous/Fibrotic,Validation
RIF,59,6,6,3.96,Caseous,Caseous/Fibrotic,Validation
RIF,59,6,6,4.25,Caseous,Caseous/Fibrotic,Validation
RIF,59,6,6,3.91,Cellular,Cellular,Validation
RIF,59,6,6,5.15,Cellular,Cellular,Validation
RIF,59,6,6,4.13,Cellular,Cellular,Validation
RIF,59,6,6,3.73,Cellular,Cellular,Validation
RIF,59,6,6,4.01,Cellular,Cellular,Validation
RIF,59,6,6,3.09,Cellular,Cellular,Validation
RIF,59,6,6,3.44,Cellular,Cellular,Validation
RIF,59,6,6,3.51,Cellular,Cellular,Validation
RIF,59,6,6,4.02,Cellular,Cellular,Validation
RIF,59,6,6,3.55,Cellular,Cellular,Validation
RIF,59,6,6,3.83,Cellular,Cellular,Validation
RIF,60,24,24,0.132,Lung,Lung,Validation
RIF,60,24,24,0.128,Lung,Lung,Validation
RIF,60,24,24,0.115,Lung,Lung,Validation
RIF,60,24,24,0.15,Cellular,Cellular,Validation
RIF,61,2,2,0.89,Lung,Lung,Validation
RIF,61,2,2,1.02,Lung,Lung,Validation
RIF,61,2,2,0.871,Lung,Lung,Validation
RIF,61,2,2,1.1,Lung,Lung,Validation
RIF,61,2,2,1.13,Lung,Lung,Validation
RIF,61,2,2,1.29,Lung,Lung,Validation
RIF,61,2,2,1.15,Lung,Lung,Validation
RIF,61,2,2,1.2,Lung,Lung,Validation
RIF,61,2,2,1.03,Caseous,Caseous/Fibrotic,Validation
RIF,61,2,2,1.24,Caseous,Caseous/Fibrotic,Validation
RIF,61,2,2,0.136,Caseous,Caseous/Fibrotic,Validation
RIF,61,2,2,0.115,Caseous,Caseous/Fibrotic,Validation
RIF,61,2,2,1.74,Caseous,Caseous/Fibrotic,Validation
RIF,61,2,2,1.45,Caseous,Caseous/Fibrotic,Validation
RIF,61,2,2,1.3,Cellular,Cellular,Validation
RIF,61,2,2,1.29,Cellular,Cellular,Validation
RIF,61,2,2,1.63,Cellular,Cellular,Validation
RIF,61,2,2,1.47,Cellular,Cellular,Validation
RIF,61,2,2,1.44,Cellular,Cellular,Validation
RIF,62,24,24,0.144,Lung,Lung,Validation
RIF,62,24,24,0.146,Lung,Lung,Validation
RIF,62,24,24,0.137,Lung,Lung,Validation
RIF,62,24,24,0.119,Lung,Lung,Validation
RIF,62,24,24,0.113,Lung,Lung,Validation
RIF,62,24,24,0.145,Lung,Lung,Validation
RIF,62,24,24,0.138,Lung,Lung,Validation
RIF,62,24,24,0.114,Lung,Lung,Validation
RIF,62,24,24,0.624,Lung,Lung,Validation
RIF,62,24,24,0.21,Lung,Lung,Validation
RIF,62,24,24,0.151,Lung,Lung,Validation
RIF,62,24,24,0.132,Lung,Lung,Validation
RIF,62,24,24,0.148,Lung,Lung,Validation
RIF,62,24,24,0.169,Lung,Lung,Validation
RIF,62,24,24,0.104,Lung,Lung,Validation
RIF,62,24,24,0.166,Lung,Lung,Validation
RIF,62,24,24,0.184,Lung,Lung,Validation
RIF,62,24,24,0.151,Caseous,Caseous/Fibrotic,Validation
RIF,62,24,24,0.159,Caseous,Caseous/Fibrotic,Validation
RIF,62,24,24,0.234,Caseous,Caseous/Fibrotic,Validation
RIF,62,24,24,0.793,Caseous,Caseous/Fibrotic,Validation
RIF,62,24,24,0.296,Caseous,Caseous/Fibrotic,Validation
RIF,62,24,24,0.181,Caseous,Caseous/Fibrotic,Validation
RIF,62,24,24,0.04,Caseous,Caseous/Fibrotic,Validation
RIF,62,24,24,0.244,Caseous,Caseous/Fibrotic,Validation
RIF,62,24,24,0.179,Cellular,Cellular,Validation
RIF,62,24,24,0.122,Cellular,Cellular,Validation
RIF,62,24,24,0.117,Cellular,Cellular,Validation
RIF,62,24,24,0.287,Cellular,Cellular,Validation
RIF,62,24,24,0.248,Cellular,Cellular,Validation
RIF,62,24,24,0.169,Cellular,Cellular,Validation
RIF,62,24,24,0.269,Cellular,Cellular,Validation
RIF,62,24,24,0.29,Cellular,Cellular,Validation
RIF,63,2,2,0.856,Lung,Lung,Validation
RIF,63,2,2,0.908,Lung,Lung,Validation
RIF,63,2,2,0.826,Lung,Lung,Validation
RIF,63,2,2,0.499,Lung,Lung,Validation
RIF,63,2,2,0.771,Lung,Lung,Validation
RIF,63,2,2,0.735,Lung,Lung,Validation
RIF,63,2,2,2.36,Lung,Lung,Validation
RIF,63,2,2,0.844,Lung,Lung,Validation
RIF,63,2,2,0.803,Lung,Lung,Validation
RIF,63,2,2,1.25,Caseous,Caseous/Fibrotic,Validation
RIF,63,2,2,1,Caseous,Caseous/Fibrotic,Validation
RIF,63,2,2,1.19,Caseous,Caseous/Fibrotic,Validation
RIF,63,2,2,1.03,Caseous,Caseous/Fibrotic,Validation
RIF,63,2,2,0.954,Caseous,Caseous/Fibrotic,Validation
RIF,63,2,2,1.03,Caseous,Caseous/Fibrotic,Validation
RIF,63,2,2,1.14,Caseous,Caseous/Fibrotic,Validation
RIF,63,2,2,1,Caseous,Caseous/Fibrotic,Validation
RIF,63,2,2,1.13,Caseous,Caseous/Fibrotic,Validation
RIF,63,2,2,1.69,Caseous,Caseous/Fibrotic,Validation
RIF,63,2,2,1.4,Cellular,Cellular,Validation
RIF,63,2,2,1.55,Cellular,Cellular,Validation
RIF,63,2,2,0.983,Cellular,Cellular,Validation
RIF,63,2,2,1.1,Cellular,Cellular,Validation
RIF,63,2,2,0.97,Cellular,Cellular,Validation
RIF,63,2,2,1.17,Cellular,Cellular,Validation
RIF,63,2,2,1.04,Cellular,Cellular,Validation
RIF,63,2,2,1.09,Cellular,Cellular,Validation
RIF,63,2,2,1.4,Cellular,Cellular,Validation
RIF,63,2,2,1.23,Cellular,Cellular,Validation
RIF,64,24,24,0.145,Lung,Lung,Validation
RIF,64,24,24,0.184,Lung,Lung,Validation
RIF,64,24,24,0.145,Lung,Lung,Validation
RIF,64,24,24,0.155,Lung,Lung,Validation
RIF,64,24,24,0.211,Lung,Lung,Validation
RIF,64,24,24,0.183,Lung,Lung,Validation
RIF,64,24,24,0.147,Lung,Lung,Validation
RIF,64,24,24,0.142,Lung,Lung,Validation
RIF,64,24,24,0.162,Lung,Lung,Validation
RIF,64,24,24,0.21,Lung,Lung,Validation
RIF,64,24,24,0.17,Lung,Lung,Validation
RIF,64,24,24,0.2,Lung,Lung,Validation
RIF,64,24,24,0.131,Lung,Lung,Validation
RIF,64,24,24,0.137,Lung,Lung,Validation
RIF,64,24,24,0.098,Lung,Lung,Validation
RIF,64,24,24,0.0968,Lung,Lung,Validation
RIF,64,24,24,0.133,Lung,Lung,Validation
RIF,64,24,24,0.157,Lung,Lung,Validation
RIF,64,24,24,0.121,Lung,Lung,Validation
RIF,64,24,24,0.226,Caseous,Caseous/Fibrotic,Validation
RIF,64,24,24,0.235,Caseous,Caseous/Fibrotic,Validation
RIF,64,24,24,0.0417,Caseous,Caseous/Fibrotic,Validation
RIF,64,24,24,0.132,Caseous,Caseous/Fibrotic,Validation
RIF,64,24,24,0.0982,Cellular,Cellular,Validation
RIF,64,24,24,0.257,Cellular,Cellular,Validation
RIF,65,24,24,0.424,Lung,Lung,Validation
RIF,65,24,24,0.445,Lung,Lung,Validation
RIF,65,24,24,0.46,Lung,Lung,Validation
RIF,65,24,24,0.426,Lung,Lung,Validation
RIF,65,24,24,0.35,Lung,Lung,Validation
RIF,65,24,24,0.35,Lung,Lung,Validation
RIF,65,24,24,0.307,Lung,Lung,Validation
RIF,65,24,24,0.395,Lung,Lung,Validation
RIF,65,24,24,0.344,Lung,Lung,Validation
RIF,65,24,24,0.273,Lung,Lung,Validation
RIF,65,24,24,0.353,Lung,Lung,Validation
RIF,65,24,24,0.539,Caseous,Caseous/Fibrotic,Validation
RIF,65,24,24,0.539,Caseous,Caseous/Fibrotic,Validation
RIF,65,24,24,0.699,Caseous,Caseous/Fibrotic,Validation
RIF,65,24,24,0.575,Caseous,Caseous/Fibrotic,Validation
RIF,65,24,24,0.346,Caseous,Caseous/Fibrotic,Validation
RIF,65,24,24,0.593,Caseous,Caseous/Fibrotic,Validation
RIF,65,24,24,0.456,Cellular,Cellular,Validation
RIF,65,24,24,0.608,Cellular,Cellular,Validation
RIF,65,24,24,0.495,Cellular,Cellular,Validation
RIF,65,24,24,0.287,Cellular,Cellular,Validation
RIF,65,24,24,1.83,Caseum,Caseum,Validation
RIF,66,24,72,0.646,Lung,Lung,Validation
RIF,66,24,72,0.802,Lung,Lung,Validation
RIF,66,24,72,1.41,Cellular,Cellular,Validation
RIF,66,24,72,1.24,Cellular,Cellular,Validation
RIF,66,24,72,2.41,Caseum,Caseum,Validation
RIF,66,24,72,2.8,Caseum,Caseum,Validation
RIF,66,24,72,2.76,Caseum,Caseum,Validation
RIF,66,24,72,3.19,Caseum,Caseum,Validation
RIF,67,24,72,1.72,Lung,Lung,Validation
RIF,67,24,72,1.01,Cellular,Cellular,Validation
RIF,67,24,72,2.34,Caseum,Caseum,Validation
RIF,67,24,72,2.21,Caseum,Caseum,Validation
RIF,68,24,72,1.83,Lung,Lung,Validation
RIF,68,24,72,1.17,Cellular,Cellular,Validation
RIF,68,24,72,1.38,Caseum,Caseum,Validation
RIF,68,24,72,1.26,Caseum,Caseum,Validation
RIF,69,2,50,0.313,Lung,Lung,Validation
RIF,69,2,50,0.398,Cellular,Cellular,Validation
RIF,69,2,50,0.716,Caseum,Caseum,Validation
RIF,69,2,50,0.663,Caseum,Caseum,Validation
AMK,1,0.5,0.5,76,Plasma,Plasma,Other
AMK,1,1,1,110,Plasma,Plasma,Other
AMK,1,2,2,89.5,Plasma,Plasma,Other
AMK,1,3,3,45.9,Plasma,Plasma,Other
AMK,1,5,5,8.99,Plasma,Plasma,Other
AMK,1,7,7,2.37,Plasma,Plasma,Other
AMK,2,0.5,0.5,173,Plasma,Plasma,Other
AMK,2,1,1,195,Plasma,Plasma,Other
AMK,2,2,2,108,Plasma,Plasma,Other
AMK,2,3,3,52.1,Plasma,Plasma,Other
AMK,2,5,5,10.7,Plasma,Plasma,Other
AMK,2,7,7,2.51,Plasma,Plasma,Other
AMK,3,0.5,0.5,135,Plasma,Plasma,Other
AMK,3,1,1,151,Plasma,Plasma,Other
AMK,3,2,2,96.6,Plasma,Plasma,Other
AMK,3,3,3,41.1,Plasma,Plasma,Other
AMK,3,5,5,7.04,Plasma,Plasma,Other
AMK,3,7,7,1.77,Plasma,Plasma,Other
AMK,4,0,48,0,Plasma,Plasma,Other
AMK,4,0.5,48.5,78.4,Plasma,Plasma,Other
AMK,4,1,49,76.6,Plasma,Plasma,Other
AMK,4,2,50,55,Plasma,Plasma,Other
AMK,5,0,48,0,Plasma,Plasma,Other
AMK,5,0.5,48.5,91.9,Plasma,Plasma,Other
AMK,5,1,49,91.9,Plasma,Plasma,Other
AMK,5,2,50,44.2,Plasma,Plasma,Other
AMK,6,0,48,0,Plasma,Plasma,Other
AMK,6,0.5,48.5,111,Plasma,Plasma,Other
AMK,6,1,49,99.2,Plasma,Plasma,Other
AMK,6,2,50,50.1,Plasma,Plasma,Other
AMK,7,0,48,0.0868,Plasma,Plasma,Other
AMK,7,0.5,48.5,96.5,Plasma,Plasma,Other
AMK,7,1,49,85.1,Plasma,Plasma,Other
AMK,7,2,50,37.3,Plasma,Plasma,Other
AMK,7,4,52,5.18,Plasma,Plasma,Other
AMK,7,6,54,1.2,Plasma,Plasma,Other
AMK,8,0,48,0.0557,Plasma,Plasma,Other
AMK,8,0.5,48.5,94.3,Plasma,Plasma,Other
AMK,8,1,49,63.7,Plasma,Plasma,Other
AMK,8,2,50,24,Plasma,Plasma,Other
AMK,8,4,52,4.08,Plasma,Plasma,Other
AMK,8,6,54,0.833,Plasma,Plasma,Other
AMK,9,0,48,0.0937,Plasma,Plasma,Other
AMK,9,0.5,48.5,125,Plasma,Plasma,Other
AMK,9,1,49,97.4,Plasma,Plasma,Other
AMK,9,2,50,61,Plasma,Plasma,Other
AMK,9,4,52,10.6,Plasma,Plasma,Other
AMK,9,6,54,2.1,Plasma,Plasma,Other
BDQ,1,0,0,5.00E-04,Plasma,Plasma,Other
BDQ,1,0.5,0.5,0.782,Plasma,Plasma,Other
BDQ,1,1,1,0.625,Plasma,Plasma,Other
BDQ,1,2,2,0.643,Plasma,Plasma,Other
BDQ,1,4,4,0.36,Plasma,Plasma,Other
BDQ,1,6,6,0.181,Plasma,Plasma,Other
BDQ,1,24,24,0.234,Plasma,Plasma,Other
BDQ,2,0,0,5.00E-04,Plasma,Plasma,Other
BDQ,2,0.5,0.5,0.861,Plasma,Plasma,Other
BDQ,2,1,1,0.546,Plasma,Plasma,Other
BDQ,2,2,2,0.502,Plasma,Plasma,Other
BDQ,2,4,4,0.235,Plasma,Plasma,Other
BDQ,2,6,6,0.0869,Plasma,Plasma,Other
BDQ,2,24,24,0.541,Plasma,Plasma,Other
BDQ,3,0,0,5.00E-04,Plasma,Plasma,Other
BDQ,3,1,1,0.0805,Plasma,Plasma,Other
BDQ,3,2,2,0.245,Plasma,Plasma,Other
BDQ,3,4,4,0.255,Plasma,Plasma,Other
BDQ,3,6.5,6.5,0.382,Plasma,Plasma,Other
BDQ,3,24,24,0.0732,Plasma,Plasma,Other
BDQ,3,1,241,0.0779,Plasma,Plasma,Other
BDQ,3,2,242,0.182,Plasma,Plasma,Other
BDQ,3,4,244,0.479,Plasma,Plasma,Other
BDQ,3,6.5,246.5,0.745,Plasma,Plasma,Other
BDQ,3,24,264,0.0729,Plasma,Plasma,Other
BDQ,3,21.5,381.5,0.105,Plasma,Plasma,Other
BDQ,3,1,385,0.219,Plasma,Plasma,Other
BDQ,3,2,386,0.651,Plasma,Plasma,Other
BDQ,3,4,388,0.839,Plasma,Plasma,Other
BDQ,3,6.5,390.5,0.552,Plasma,Plasma,Other
BDQ,3,24,408,0.0972,Plasma,Plasma,Other
BDQ,4,0,0,5.00E-04,Plasma,Plasma,Other
BDQ,4,1,1,0.022,Plasma,Plasma,Other
BDQ,4,2,2,0.252,Plasma,Plasma,Other
BDQ,4,4,4,0.608,Plasma,Plasma,Other
BDQ,4,6.5,6.5,0.647,Plasma,Plasma,Other
BDQ,4,24,24,0.0842,Plasma,Plasma,Other
BDQ,4,1,241,0.128,Plasma,Plasma,Other
BDQ,4,2,242,0.187,Plasma,Plasma,Other
BDQ,4,4,244,0.223,Plasma,Plasma,Other
BDQ,4,6.5,246.5,0.332,Plasma,Plasma,Other
BDQ,4,24,264,0.173,Plasma,Plasma,Other
BDQ,4,21.5,381.5,0.22,Plasma,Plasma,Other
BDQ,4,1,385,0.262,Plasma,Plasma,Other
BDQ,4,2,386,0.708,Plasma,Plasma,Other
BDQ,4,4,388,1.14,Plasma,Plasma,Other
BDQ,4,6.5,390.5,1.35,Plasma,Plasma,Other
BDQ,4,24,408,0.319,Plasma,Plasma,Other
BDQ,5,0,0,5.00E-04,Plasma,Plasma,Other
BDQ,5,1,1,0.0516,Plasma,Plasma,Other
BDQ,5,2,2,0.217,Plasma,Plasma,Other
BDQ,5,4,4,0.424,Plasma,Plasma,Other
BDQ,5,6.5,6.5,0.523,Plasma,Plasma,Other
BDQ,5,24,24,0.044,Plasma,Plasma,Other
BDQ,5,1,241,0.403,Plasma,Plasma,Other
BDQ,5,2,242,0.768,Plasma,Plasma,Other
BDQ,5,4,244,1.16,Plasma,Plasma,Other
BDQ,5,6.5,246.5,1.17,Plasma,Plasma,Other
BDQ,5,24,264,0.142,Plasma,Plasma,Other
BDQ,5,21.5,381.5,0.0949,Plasma,Plasma,Other
BDQ,5,1,385,0.308,Plasma,Plasma,Other
BDQ,5,2,386,0.88,Plasma,Plasma,Other
BDQ,5,4,388,0.76,Plasma,Plasma,Other
BDQ,5,6.5,390.5,1.19,Plasma,Plasma,Other
BDQ,5,24,408,0.154,Plasma,Plasma,Other
BDQ,6,25.38,625.38,0.251,Plasma,Plasma,Other
BDQ,7,27.47,627.47,0.127,Plasma,Plasma,Other
BDQ,8,24.3,648.3,0.0759,Plasma,Plasma,Other
BDQ,9,24.23,648.23,0.244,Plasma,Plasma,Other
BDQ,10,25.85,649.85,0.14,Plasma,Plasma,Other
BDQ,11,25.75,649.75,0.438,Plasma,Plasma,Other
BDQ,12,27.45,651.45,0.419,Plasma,Plasma,Other
BDQ,13,24.37,672.37,0.192,Plasma,Plasma,Other
BDQ,14,22.35,22.35,0.22,Plasma,Plasma,Other
BDQ,14,23.08,23.08,0.162,Plasma,Plasma,Other
BDQ,14,24.45,24.45,0.138,Plasma,Plasma,Other
BDQ,15,22.22,22.22,0.0716,Plasma,Plasma,Other
BDQ,15,24.2,24.2,0.0586,Plasma,Plasma,Other
BDQ,16,22.38,22.38,0.143,Plasma,Plasma,Other
BDQ,16,24.3,24.3,0.0919,Plasma,Plasma,Other
BDQ,17,0.75,0.75,0.58,Plasma,Plasma,Other
BDQ,17,1.5,1.5,0.587,Plasma,Plasma,Other
BDQ,17,3.35,3.35,0.291,Plasma,Plasma,Other
BDQ,18,22.23,22.23,0.052,Plasma,Plasma,Other
BDQ,18,22.95,22.95,0.0668,Plasma,Plasma,Other
BDQ,18,24.03,24.03,0.0335,Plasma,Plasma,Other
BDQ,19,0.68,0.68,0.193,Plasma,Plasma,Other
BDQ,19,1.5,1.5,0.181,Plasma,Plasma,Other
BDQ,19,3.5,3.5,0.197,Plasma,Plasma,Other
BDQ,20,0.77,0.77,0.248,Plasma,Plasma,Other
BDQ,20,1.5,1.5,0.378,Plasma,Plasma,Other
BDQ,20,2.4,2.4,0.471,Plasma,Plasma,Other
BDQ,21,23.18,23.18,0.166,Plasma,Plasma,Other
BDQ,21,25.07,25.07,0.092,Plasma,Plasma,Other
BDQ,22,21.75,21.75,0.101,Plasma,Plasma,Other
BDQ,22,23.23,23.23,0.0771,Plasma,Plasma,Other
BDQ,22,24.32,24.32,0.0366,Plasma,Plasma,Other
BDQ,23,0.75,0.75,0.749,Plasma,Plasma,Other
BDQ,23,1.58,1.58,0.408,Plasma,Plasma,Other
BDQ,23,3.65,3.65,0.255,Plasma,Plasma,Other
BDQ,24,0.73,0.73,0.0827,Plasma,Plasma,Other
BDQ,24,1.5,1.5,0.117,Plasma,Plasma,Other
BDQ,24,2.48,2.48,0.0873,Plasma,Plasma,Other
BDQ,25,22.35,22.35,0.139,Plasma,Plasma,Other
BDQ,25,24.07,24.07,0.0751,Plasma,Plasma,Other
BDQ,26,0.7,0.7,0.00879,Plasma,Plasma,Other
BDQ,26,1.45,1.45,0.0235,Plasma,Plasma,Other
BDQ,26,3.5,3.5,0.066,Plasma,Plasma,Other
BDQ,27,24,48,0.364,Plasma,Plasma,Other
BDQ,27,26,50,0.257,Plasma,Plasma,Other
BDQ,27,28,52,0.194,Plasma,Plasma,Other
BDQ,27,31,55,0.321,Plasma,Plasma,Other
BDQ,27,48,72,0.102,Plasma,Plasma,Other
BDQ,28,0,24,0.572,Plasma,Plasma,Other
BDQ,28,16,40,1.57,Plasma,Plasma,Other
BDQ,28,20,44,1.52,Plasma,Plasma,Other
BDQ,28,24,48,1.31,Plasma,Plasma,Other
BDQ,29,0,24,0.573,Plasma,Plasma,Other
BDQ,29,16,40,1.05,Plasma,Plasma,Other
BDQ,29,20,44,0.843,Plasma,Plasma,Other
BDQ,29,24,48,1.57,Plasma,Plasma,Other
BDQ,30,0,48,0.455,Plasma,Plasma,Other
BDQ,30,16,64,0.508,Plasma,Plasma,Other
BDQ,30,20,68,0.314,Plasma,Plasma,Other
BDQ,30,24,72,0.401,Plasma,Plasma,Other
BDQ,31,24,48,0.452,Plasma,Plasma,Other
BDQ,31,26,50,0.351,Plasma,Plasma,Other
BDQ,31,28,52,0.406,Plasma,Plasma,Other
BDQ,31,31,55,0.452,Plasma,Plasma,Other
BDQ,31,48,72,0.268,Plasma,Plasma,Other
BDQ,32,0,48,0.792,Plasma,Plasma,Other
BDQ,32,16,64,1.01,Plasma,Plasma,Other
BDQ,32,20,68,0.99,Plasma,Plasma,Other
BDQ,32,24,72,1.01,Plasma,Plasma,Other
BDQ,33,0,48,1.22,Plasma,Plasma,Other
BDQ,33,64,112,0.235,Plasma,Plasma,Other
BDQ,33,68,116,0.149,Plasma,Plasma,Other
BDQ,33,72,120,0.121,Plasma,Plasma,Other
BDQ,34,0,48,1.84,Plasma,Plasma,Other
BDQ,34,64,112,0.163,Plasma,Plasma,Other
BDQ,34,68,116,0.104,Plasma,Plasma,Other
BDQ,34,72,120,0.174,Plasma,Plasma,Other
BDQ,35,0,48,0.477,Plasma,Plasma,Other
BDQ,35,0.5,48.5,0.446,Plasma,Plasma,Other
BDQ,35,1,49,0.442,Plasma,Plasma,Other
BDQ,35,2,50,0.572,Plasma,Plasma,Other
BDQ,35,4,52,1.05,Plasma,Plasma,Other
BDQ,35,7,55,1.67,Plasma,Plasma,Other
BDQ,36,0,48,0.402,Plasma,Plasma,Other
BDQ,36,0.5,48.5,0.404,Plasma,Plasma,Other
BDQ,36,1,49,0.364,Plasma,Plasma,Other
BDQ,36,2,50,0.335,Plasma,Plasma,Other
BDQ,36,4,52,0.487,Plasma,Plasma,Other
BDQ,36,7,55,0.596,Plasma,Plasma,Other
BDQ,37,0,48,0.703,Plasma,Plasma,Other
BDQ,37,24,72,0.505,Plasma,Plasma,Other
BDQ,37,40,88,0.6,Plasma,Plasma,Other
BDQ,37,44,92,0.498,Plasma,Plasma,Other
BDQ,37,48,96,0.715,Plasma,Plasma,Other
BDQ,38,0,48,0.801,Plasma,Plasma,Other
BDQ,38,24,72,0.462,Plasma,Plasma,Other
BDQ,38,40,88,0.484,Plasma,Plasma,Other
BDQ,38,44,92,0.501,Plasma,Plasma,Other
BDQ,38,48,96,0.571,Plasma,Plasma,Other
BDQ,39,0,0,5.00E-04,Plasma,Plasma,Other
BDQ,39,0.5,0.5,5.00E-04,Plasma,Plasma,Other
BDQ,39,1,1,0.00517,Plasma,Plasma,Other
BDQ,39,2,2,0.0468,Plasma,Plasma,Other
BDQ,39,4,4,0.559,Plasma,Plasma,Other
BDQ,39,6,6,1.13,Plasma,Plasma,Other
BDQ,39,8,8,1.42,Plasma,Plasma,Other
BDQ,39,24,24,0.864,Plasma,Plasma,Other
BDQ,39,0,48,1.11,Plasma,Plasma,Other
BDQ,39,0.5,48.5,0.936,Plasma,Plasma,Other
BDQ,39,1,49,1,Plasma,Plasma,Other
BDQ,39,2,50,0.934,Plasma,Plasma,Other
BDQ,39,4,52,1.44,Plasma,Plasma,Other
BDQ,39,6,54,1.52,Plasma,Plasma,Other
BDQ,39,8,56,1.5,Plasma,Plasma,Other
BDQ,39,24,72,0.989,Plasma,Plasma,Other
BDQ,39,48,96,0.841,Plasma,Plasma,Other
BDQ,39,120,168,0.502,Plasma,Plasma,Other
BDQ,40,0,0,5.00E-04,Plasma,Plasma,Other
BDQ,40,0.5,0.5,0.00508,Plasma,Plasma,Other
BDQ,40,1,1,0.0163,Plasma,Plasma,Other
BDQ,40,2,2,0.0537,Plasma,Plasma,Other
BDQ,40,4,4,0.789,Plasma,Plasma,Other
BDQ,40,6,6,1.25,Plasma,Plasma,Other
BDQ,40,8,8,1.58,Plasma,Plasma,Other
BDQ,40,24,24,1.48,Plasma,Plasma,Other
BDQ,40,0,48,1.31,Plasma,Plasma,Other
BDQ,40,0.5,48.5,1.22,Plasma,Plasma,Other
BDQ,40,1,49,1.29,Plasma,Plasma,Other
BDQ,40,2,50,1.63,Plasma,Plasma,Other
BDQ,40,4,52,2.3,Plasma,Plasma,Other
BDQ,40,6,54,2.77,Plasma,Plasma,Other
BDQ,40,8,56,3.09,Plasma,Plasma,Other
BDQ,40,24,72,1.3,Plasma,Plasma,Other
BDQ,40,48,96,0.325,Plasma,Plasma,Other
BDQ,40,120,168,0.147,Plasma,Plasma,Other
BDQ,41,0,0,5.00E-04,Plasma,Plasma,Other
BDQ,41,0.5,0.5,0.0129,Plasma,Plasma,Other
BDQ,41,1,1,0.0134,Plasma,Plasma,Other
BDQ,41,2,2,0.0353,Plasma,Plasma,Other
BDQ,41,4,4,0.166,Plasma,Plasma,Other
BDQ,41,6,6,0.319,Plasma,Plasma,Other
BDQ,41,8,8,0.389,Plasma,Plasma,Other
BDQ,41,24,24,0.522,Plasma,Plasma,Other
BDQ,41,0,48,0.671,Plasma,Plasma,Other
BDQ,41,0.5,48.5,0.777,Plasma,Plasma,Other
BDQ,41,1,49,0.962,Plasma,Plasma,Other
BDQ,41,2,50,1.58,Plasma,Plasma,Other
BDQ,41,4,52,1.84,Plasma,Plasma,Other
BDQ,41,6,54,1.97,Plasma,Plasma,Other
BDQ,41,8,56,2.49,Plasma,Plasma,Other
BDQ,41,24,72,1.3,Plasma,Plasma,Other
BDQ,41,48,96,0.475,Plasma,Plasma,Other
BDQ,41,120,168,0.141,Plasma,Plasma,Other
BDQ,42,24.1,648.1,0.087,Plasma,Plasma,Other
BDQ,43,24.6,648.6,0.221,Plasma,Plasma,Other
BDQ,44,24.6,672.6,0.142,Plasma,Plasma,Other
BDQ,45,24.3,672.3,0.1,Plasma,Plasma,Other
BDQ,46,23.9,23.9,0.0904,Plasma,Plasma,Other
BDQ,47,24.6,24.6,0.026,Plasma,Plasma,Other
BDQ,48,23.8,23.8,0.116,Plasma,Plasma,Other
BDQ,49,24.9,24.9,0.0476,Plasma,Plasma,Other
BDQ,50,23.9,23.9,0.0507,Plasma,Plasma,Other
BDQ,51,23.7,23.7,0.0749,Plasma,Plasma,Other
BDQ,52,24.5,24.5,0.0377,Plasma,Plasma,Other
BDQ,53,24.1,24.1,0.0712,Plasma,Plasma,Other
BDQ,54,25.5,25.5,0.0218,Plasma,Plasma,Other
BDQ,55,25.4,25.4,0.054,Plasma,Plasma,Other
BDQ-M2,1,0,0,5.00E-04,Plasma,Plasma,Other
BDQ-M2,1,0.5,0.5,5.00E-04,Plasma,Plasma,Other
BDQ-M2,1,1,1,5.00E-04,Plasma,Plasma,Other
BDQ-M2,1,2,2,0.00491,Plasma,Plasma,Other
BDQ-M2,1,4,4,0.00719,Plasma,Plasma,Other
BDQ-M2,1,6,6,0.00526,Plasma,Plasma,Other
BDQ-M2,1,24,24,0.0247,Plasma,Plasma,Other
BDQ-M2,2,0,0,5.00E-04,Plasma,Plasma,Other
BDQ-M2,2,0.5,0.5,5.00E-04,Plasma,Plasma,Other
BDQ-M2,2,1,1,5.00E-04,Plasma,Plasma,Other
BDQ-M2,2,2,2,5.00E-04,Plasma,Plasma,Other
BDQ-M2,2,4,4,5.00E-04,Plasma,Plasma,Other
BDQ-M2,2,6,6,5.00E-04,Plasma,Plasma,Other
BDQ-M2,2,24,24,0.0311,Plasma,Plasma,Other
BDQ-M2,3,0,0,5.00E-04,Plasma,Plasma,Other
BDQ-M2,3,1,1,0.00227,Plasma,Plasma,Other
BDQ-M2,3,2,2,0.0105,Plasma,Plasma,Other
BDQ-M2,3,4,4,0.02855,Plasma,Plasma,Other
BDQ-M2,3,6.5,6.5,0.05266,Plasma,Plasma,Other
BDQ-M2,3,24,24,0.04438,Plasma,Plasma,Other
BDQ-M2,3,1,241,0.05961,Plasma,Plasma,Other
BDQ-M2,3,2,242,0.08283,Plasma,Plasma,Other
BDQ-M2,3,4,244,0.12129,Plasma,Plasma,Other
BDQ-M2,3,6.5,246.5,0.16493,Plasma,Plasma,Other
BDQ-M2,3,24,264,0.06789,Plasma,Plasma,Other
BDQ-M2,3,21.5,381.5,0.076,Plasma,Plasma,Other
BDQ-M2,3,1,385,0.09319,Plasma,Plasma,Other
BDQ-M2,3,2,386,0.10132,Plasma,Plasma,Other
BDQ-M2,3,4,388,0.16715,Plasma,Plasma,Other
BDQ-M2,3,6.5,390.5,0.12129,Plasma,Plasma,Other
BDQ-M2,3,24,408,0.0747,Plasma,Plasma,Other
BDQ-M2,4,0,0,5.00E-04,Plasma,Plasma,Other
BDQ-M2,4,1,1,0.00044,Plasma,Plasma,Other
BDQ-M2,4,2,2,0.00389,Plasma,Plasma,Other
BDQ-M2,4,4,4,0.03691,Plasma,Plasma,Other
BDQ-M2,4,6.5,6.5,0.05983,Plasma,Plasma,Other
BDQ-M2,4,24,24,0.04704,Plasma,Plasma,Other
BDQ-M2,4,1,241,0.08875,Plasma,Plasma,Other
BDQ-M2,4,2,242,0.1065,Plasma,Plasma,Other
BDQ-M2,4,4,244,0.10132,Plasma,Plasma,Other
BDQ-M2,4,6.5,246.5,0.11094,Plasma,Plasma,Other
BDQ-M2,4,24,264,0.10502,Plasma,Plasma,Other
BDQ-M2,4,21.5,381.5,0.112,Plasma,Plasma,Other
BDQ-M2,4,1,385,0.11464,Plasma,Plasma,Other
BDQ-M2,4,2,386,0.15309,Plasma,Plasma,Other
BDQ-M2,4,4,388,0.13239,Plasma,Plasma,Other
BDQ-M2,4,6.5,390.5,0.15383,Plasma,Plasma,Other
BDQ-M2,4,24,408,0.12573,Plasma,Plasma,Other
BDQ-M2,5,0,0,5.00E-04,Plasma,Plasma,Other
BDQ-M2,5,1,1,0.00162,Plasma,Plasma,Other
BDQ-M2,5,2,2,0.00858,Plasma,Plasma,Other
BDQ-M2,5,4,4,0.0423,Plasma,Plasma,Other
BDQ-M2,5,6.5,6.5,0.09023,Plasma,Plasma,Other
BDQ-M2,5,24,24,0.048,Plasma,Plasma,Other
BDQ-M2,5,1,241,0.15531,Plasma,Plasma,Other
BDQ-M2,5,2,242,0.20191,Plasma,Plasma,Other
BDQ-M2,5,4,244,0.25516,Plasma,Plasma,Other
BDQ-M2,5,6.5,246.5,0.29584,Plasma,Plasma,Other
BDQ-M2,5,24,264,0.19747,Plasma,Plasma,Other
BDQ-M2,5,21.5,381.5,0.132,Plasma,Plasma,Other
BDQ-M2,5,1,385,0.17676,Plasma,Plasma,Other
BDQ-M2,5,2,386,0.18564,Plasma,Plasma,Other
BDQ-M2,5,4,388,0.20782,Plasma,Plasma,Other
BDQ-M2,5,6.5,390.5,0.22557,Plasma,Plasma,Other
BDQ-M2,5,24,408,0.15975,Plasma,Plasma,Other
BDQ-M2,6,25.38,625.38,0.121,Plasma,Plasma,Other
BDQ-M2,7,27.47,627.47,0.186,Plasma,Plasma,Other
BDQ-M2,8,24.3,648.3,0.0635,Plasma,Plasma,Other
BDQ-M2,9,24.23,648.23,0.126,Plasma,Plasma,Other
BDQ-M2,10,25.85,649.85,0.118,Plasma,Plasma,Other
BDQ-M2,11,25.75,649.75,0.181,Plasma,Plasma,Other
BDQ-M2,12,27.45,651.45,0.0829,Plasma,Plasma,Other
BDQ-M2,13,24.37,672.37,0.0992,Plasma,Plasma,Other
BDQ-M2,14,22.35,22.35,0.0431,Plasma,Plasma,Other
BDQ-M2,14,23.08,23.08,0.0386,Plasma,Plasma,Other
BDQ-M2,14,24.45,24.45,0.0345,Plasma,Plasma,Other
BDQ-M2,15,22.22,22.22,0.027,Plasma,Plasma,Other
BDQ-M2,15,24.2,24.2,0.0231,Plasma,Plasma,Other
BDQ-M2,16,22.38,22.38,0.0285,Plasma,Plasma,Other
BDQ-M2,16,24.3,24.3,0.0207,Plasma,Plasma,Other
BDQ-M2,17,0.75,0.75,0.00228,Plasma,Plasma,Other
BDQ-M2,17,1.5,1.5,0.00357,Plasma,Plasma,Other
BDQ-M2,17,3.35,3.35,0.00358,Plasma,Plasma,Other
BDQ-M2,18,22.23,22.23,0.0171,Plasma,Plasma,Other
BDQ-M2,18,22.95,22.95,0.0268,Plasma,Plasma,Other
BDQ-M2,18,24.03,24.03,0.0146,Plasma,Plasma,Other
BDQ-M2,19,0.68,0.68,0,Plasma,Plasma,Other
BDQ-M2,19,1.5,1.5,0.00174,Plasma,Plasma,Other
BDQ-M2,19,3.5,3.5,0.0027,Plasma,Plasma,Other
BDQ-M2,20,0.77,0.77,0.00242,Plasma,Plasma,Other
BDQ-M2,20,1.5,1.5,0.00793,Plasma,Plasma,Other
BDQ-M2,20,2.4,2.4,0.0146,Plasma,Plasma,Other
BDQ-M2,21,23.18,23.18,0.0234,Plasma,Plasma,Other
BDQ-M2,21,25.07,25.07,0.0149,Plasma,Plasma,Other
BDQ-M2,22,21.75,21.75,0.0324,Plasma,Plasma,Other
BDQ-M2,22,23.23,23.23,0.0244,Plasma,Plasma,Other
BDQ-M2,22,24.32,24.32,0.0135,Plasma,Plasma,Other
BDQ-M2,23,0.75,0.75,0.00165,Plasma,Plasma,Other
BDQ-M2,23,1.58,1.58,0.00553,Plasma,Plasma,Other
BDQ-M2,23,3.65,3.65,0.00487,Plasma,Plasma,Other
BDQ-M2,24,0.73,0.73,0.00112,Plasma,Plasma,Other
BDQ-M2,24,1.5,1.5,0.00373,Plasma,Plasma,Other
BDQ-M2,24,2.48,2.48,0.00435,Plasma,Plasma,Other
BDQ-M2,25,22.35,22.35,0.0205,Plasma,Plasma,Other
BDQ-M2,25,24.07,24.07,0.0171,Plasma,Plasma,Other
BDQ-M2,26,0.7,0.7,5.00E-04,Plasma,Plasma,Other
BDQ-M2,26,1.45,1.45,5.00E-04,Plasma,Plasma,Other
BDQ-M2,26,3.5,3.5,0.00195,Plasma,Plasma,Other
BDQ-M2,27,24,48,0.221,Plasma,Plasma,Other
BDQ-M2,27,26,50,0.23,Plasma,Plasma,Other
BDQ-M2,27,28,52,0.21,Plasma,Plasma,Other
BDQ-M2,27,31,55,0.225,Plasma,Plasma,Other
BDQ-M2,27,48,72,0.133,Plasma,Plasma,Other
BDQ-M2,28,0,24,0.162,Plasma,Plasma,Other
BDQ-M2,28,16,40,0.455,Plasma,Plasma,Other
BDQ-M2,28,20,44,0.502,Plasma,Plasma,Other
BDQ-M2,28,24,48,0.367,Plasma,Plasma,Other
BDQ-M2,29,0,24,0.186,Plasma,Plasma,Other
BDQ-M2,29,16,40,0.283,Plasma,Plasma,Other
BDQ-M2,29,20,44,0.359,Plasma,Plasma,Other
BDQ-M2,29,24,48,0.324,Plasma,Plasma,Other
BDQ-M2,30,0,48,0.175,Plasma,Plasma,Other
BDQ-M2,30,16,64,0.2,Plasma,Plasma,Other
BDQ-M2,30,20,68,0.152,Plasma,Plasma,Other
BDQ-M2,30,24,72,0.185,Plasma,Plasma,Other
BDQ-M2,31,24,48,0.191,Plasma,Plasma,Other
BDQ-M2,31,26,50,0.171,Plasma,Plasma,Other
BDQ-M2,31,28,52,0.222,Plasma,Plasma,Other
BDQ-M2,31,31,55,0.215,Plasma,Plasma,Other
BDQ-M2,31,48,72,0.179,Plasma,Plasma,Other
BDQ-M2,32,0,48,0.316,Plasma,Plasma,Other
BDQ-M2,32,16,64,0.438,Plasma,Plasma,Other
BDQ-M2,32,20,68,0.415,Plasma,Plasma,Other
BDQ-M2,32,24,72,0.444,Plasma,Plasma,Other
BDQ-M2,33,0,48,0.33,Plasma,Plasma,Other
BDQ-M2,33,64,112,0.195,Plasma,Plasma,Other
BDQ-M2,33,68,116,0.154,Plasma,Plasma,Other
BDQ-M2,33,72,120,0.154,Plasma,Plasma,Other
BDQ-M2,34,0,48,0.57,Plasma,Plasma,Other
BDQ-M2,34,64,112,0.203,Plasma,Plasma,Other
BDQ-M2,34,68,116,0.173,Plasma,Plasma,Other
BDQ-M2,34,72,120,0.197,Plasma,Plasma,Other
BDQ-M2,35,0,48,0.271,Plasma,Plasma,Other
BDQ-M2,35,0.5,48.5,0.26,Plasma,Plasma,Other
BDQ-M2,35,1,49,0.253,Plasma,Plasma,Other
BDQ-M2,35,2,50,0.326,Plasma,Plasma,Other
BDQ-M2,35,4,52,0.372,Plasma,Plasma,Other
BDQ-M2,35,7,55,0.521,Plasma,Plasma,Other
BDQ-M2,36,0,48,0.254,Plasma,Plasma,Other
BDQ-M2,36,0.5,48.5,0.232,Plasma,Plasma,Other
BDQ-M2,36,1,49,0.219,Plasma,Plasma,Other
BDQ-M2,36,2,50,0.241,Plasma,Plasma,Other
BDQ-M2,36,4,52,0.295,Plasma,Plasma,Other
BDQ-M2,36,7,55,0.344,Plasma,Plasma,Other
BDQ-M2,37,0,48,0.334,Plasma,Plasma,Other
BDQ-M2,37,24,72,0.334,Plasma,Plasma,Other
BDQ-M2,37,40,88,0.328,Plasma,Plasma,Other
BDQ-M2,37,44,92,0.271,Plasma,Plasma,Other
BDQ-M2,37,48,96,0.395,Plasma,Plasma,Other
BDQ-M2,38,0,48,0.306,Plasma,Plasma,Other
BDQ-M2,38,24,72,0.257,Plasma,Plasma,Other
BDQ-M2,38,40,88,0.253,Plasma,Plasma,Other
BDQ-M2,38,44,92,0.225,Plasma,Plasma,Other
BDQ-M2,38,48,96,0.271,Plasma,Plasma,Other
BDQ-M2,39,0,0,5.00E-04,Plasma,Plasma,Other
BDQ-M2,39,0.5,0.5,5.00E-04,Plasma,Plasma,Other
BDQ-M2,39,1,1,5.00E-04,Plasma,Plasma,Other
BDQ-M2,39,2,2,5.00E-04,Plasma,Plasma,Other
BDQ-M2,39,4,4,0.0395,Plasma,Plasma,Other
BDQ-M2,39,6,6,0.137,Plasma,Plasma,Other
BDQ-M2,39,8,8,0.241,Plasma,Plasma,Other
BDQ-M2,39,24,24,0.286,Plasma,Plasma,Other
BDQ-M2,39,0,48,0.459,Plasma,Plasma,Other
BDQ-M2,39,0.5,48.5,0.43,Plasma,Plasma,Other
BDQ-M2,39,1,49,0.448,Plasma,Plasma,Other
BDQ-M2,39,2,50,0.41,Plasma,Plasma,Other
BDQ-M2,39,4,52,0.421,Plasma,Plasma,Other
BDQ-M2,39,6,54,0.493,Plasma,Plasma,Other
BDQ-M2,39,8,56,0.541,Plasma,Plasma,Other
BDQ-M2,39,24,72,0.51,Plasma,Plasma,Other
BDQ-M2,39,48,96,0.434,Plasma,Plasma,Other
BDQ-M2,39,120,168,0.409,Plasma,Plasma,Other
BDQ-M2,40,0,0,5.00E-04,Plasma,Plasma,Other
BDQ-M2,40,0.5,0.5,5.00E-04,Plasma,Plasma,Other
BDQ-M2,40,1,1,5.00E-04,Plasma,Plasma,Other
BDQ-M2,40,2,2,5.00E-04,Plasma,Plasma,Other
BDQ-M2,40,4,4,0.0597,Plasma,Plasma,Other
BDQ-M2,40,6,6,0.224,Plasma,Plasma,Other
BDQ-M2,40,8,8,0.331,Plasma,Plasma,Other
BDQ-M2,40,24,24,0.455,Plasma,Plasma,Other
BDQ-M2,40,0,48,0.643,Plasma,Plasma,Other
BDQ-M2,40,0.5,48.5,0.569,Plasma,Plasma,Other
BDQ-M2,40,1,49,0.585,Plasma,Plasma,Other
BDQ-M2,40,2,50,0.577,Plasma,Plasma,Other
BDQ-M2,40,4,52,0.725,Plasma,Plasma,Other
BDQ-M2,40,6,54,0.765,Plasma,Plasma,Other
BDQ-M2,40,8,56,0.877,Plasma,Plasma,Other
BDQ-M2,40,24,72,0.619,Plasma,Plasma,Other
BDQ-M2,40,48,96,0.438,Plasma,Plasma,Other
BDQ-M2,40,120,168,0.223,Plasma,Plasma,Other
BDQ-M2,41,0,0,5.00E-04,Plasma,Plasma,Other
BDQ-M2,41,0.5,0.5,5.00E-04,Plasma,Plasma,Other
BDQ-M2,41,1,1,5.00E-04,Plasma,Plasma,Other
BDQ-M2,41,2,2,5.00E-04,Plasma,Plasma,Other
BDQ-M2,41,4,4,0.0138,Plasma,Plasma,Other
BDQ-M2,41,6,6,0.0528,Plasma,Plasma,Other
BDQ-M2,41,8,8,0.0856,Plasma,Plasma,Other
BDQ-M2,41,24,24,0.206,Plasma,Plasma,Other
BDQ-M2,41,0,48,0.403,Plasma,Plasma,Other
BDQ-M2,41,0.5,48.5,0.409,Plasma,Plasma,Other
BDQ-M2,41,1,49,0.368,Plasma,Plasma,Other
BDQ-M2,41,2,50,0.444,Plasma,Plasma,Other
BDQ-M2,41,4,52,0.505,Plasma,Plasma,Other
BDQ-M2,41,6,54,0.555,Plasma,Plasma,Other
BDQ-M2,41,8,56,0.662,Plasma,Plasma,Other
BDQ-M2,41,24,72,0.592,Plasma,Plasma,Other
BDQ-M2,41,48,96,0.373,Plasma,Plasma,Other
BDQ-M2,41,120,168,0.146,Plasma,Plasma,Other
BDQ-M2,42,24.1,648.1,0.0791,Plasma,Plasma,Other
BDQ-M2,43,24.6,648.6,0.208,Plasma,Plasma,Other
BDQ-M2,44,24.6,672.6,0.184,Plasma,Plasma,Other
BDQ-M2,45,24.3,672.3,0.087,Plasma,Plasma,Other
BDQ-M2,46,23.9,23.9,0.0274,Plasma,Plasma,Other
BDQ-M2,47,24.6,24.6,0.0139,Plasma,Plasma,Other
BDQ-M2,48,23.8,23.8,0.0379,Plasma,Plasma,Other
BDQ-M2,49,24.9,24.9,0.0203,Plasma,Plasma,Other
BDQ-M2,50,23.9,23.9,0.0204,Plasma,Plasma,Other
BDQ-M2,51,23.7,23.7,0.0284,Plasma,Plasma,Other
BDQ-M2,52,24.5,24.5,0.0263,Plasma,Plasma,Other
BDQ-M2,53,24.1,24.1,0.0256,Plasma,Plasma,Other
BDQ-M2,54,25.5,25.5,0.0155,Plasma,Plasma,Other
BDQ-M2,55,25.4,25.4,0.0212,Plasma,Plasma,Other
BTZ-043,231,0,0,0,Plasma,Plasma,Other
BTZ-043,231,0.5,0.5,0.0113,Plasma,Plasma,Other
BTZ-043,231,1,1,0.0137,Plasma,Plasma,Other
BTZ-043,231,3,3,0.954,Plasma,Plasma,Other
BTZ-043,231,5,5,1.13,Plasma,Plasma,Other
BTZ-043,231,7,7,0.271,Plasma,Plasma,Other
BTZ-043,231,24,24,0,Plasma,Plasma,Other
BTZ-043,231,0,48,0,Plasma,Plasma,Other
BTZ-043,231,0.5,48.5,0.0227,Plasma,Plasma,Other
BTZ-043,231,1,49,0.0304,Plasma,Plasma,Other
BTZ-043,231,2,50,0.223,Plasma,Plasma,Other
BTZ-043,231,4,52,0.276,Plasma,Plasma,Other
BTZ-043,231,6,54,0.411,Plasma,Plasma,Other
BTZ-043,232,0,0,0,Plasma,Plasma,Other
BTZ-043,232,0.5,0.5,0.0488,Plasma,Plasma,Other
BTZ-043,232,1,1,0.0387,Plasma,Plasma,Other
BTZ-043,232,3,3,0.498,Plasma,Plasma,Other
BTZ-043,232,5,5,0.331,Plasma,Plasma,Other
BTZ-043,232,7,7,0.15,Plasma,Plasma,Other
BTZ-043,232,24,24,0,Plasma,Plasma,Other
BTZ-043,232,0,48,0,Plasma,Plasma,Other
BTZ-043,232,0.5,48.5,0.0305,Plasma,Plasma,Other
BTZ-043,232,1,49,0.105,Plasma,Plasma,Other
BTZ-043,232,2,50,0.445,Plasma,Plasma,Other
BTZ-043,232,4,52,0.564,Plasma,Plasma,Other
BTZ-043,232,6,54,0.174,Plasma,Plasma,Other
BTZ-043,233,0,0,0,Plasma,Plasma,Other
BTZ-043,233,0.5,0.5,0.02,Plasma,Plasma,Other
BTZ-043,233,1,1,0.019,Plasma,Plasma,Other
BTZ-043,233,3,3,0.0438,Plasma,Plasma,Other
BTZ-043,233,5,5,0.354,Plasma,Plasma,Other
BTZ-043,233,7,7,0.546,Plasma,Plasma,Other
BTZ-043,233,24,24,0.0151,Plasma,Plasma,Other
BTZ-043,233,0,48,0,Plasma,Plasma,Other
BTZ-043,233,0.5,48.5,0.0151,Plasma,Plasma,Other
BTZ-043,233,1,49,0.0426,Plasma,Plasma,Other
BTZ-043,233,2,50,0.104,Plasma,Plasma,Other
BTZ-043,233,4,52,1.28,Plasma,Plasma,Other
BTZ-043,233,6,54,0.152,Plasma,Plasma,Other
BTZ-043,235,0,0,0,Plasma,Plasma,Other
BTZ-043,235,2,2,0.128,Plasma,Plasma,Other
BTZ-043,235,4,4,0.0817,Plasma,Plasma,Other
BTZ-043,235,6,6,0.11,Plasma,Plasma,Other
BTZ-043,235,8,8,0.265,Plasma,Plasma,Other
BTZ-043,235,24,24,0,Plasma,Plasma,Other
BTZ-043,235,0,48,0,Plasma,Plasma,Other
BTZ-043,235,2,50,0.105,Plasma,Plasma,Other
BTZ-043,235,4,52,0.428,Plasma,Plasma,Other
BTZ-043,235,6,54,0.218,Plasma,Plasma,Other
BTZ-043,235,8,56,0.199,Plasma,Plasma,Other
BTZ-043,236,0,0,0,Plasma,Plasma,Other
BTZ-043,236,2,2,0.48,Plasma,Plasma,Other
BTZ-043,236,4,4,0.335,Plasma,Plasma,Other
BTZ-043,236,6,6,0.266,Plasma,Plasma,Other
BTZ-043,236,8,8,0.0673,Plasma,Plasma,Other
BTZ-043,236,24,24,0,Plasma,Plasma,Other
BTZ-043,236,0,48,0,Plasma,Plasma,Other
BTZ-043,236,2,50,0.37,Plasma,Plasma,Other
BTZ-043,236,4,52,0.903,Plasma,Plasma,Other
BTZ-043,236,6,54,0.171,Plasma,Plasma,Other
BTZ-043,236,8,56,0.0464,Plasma,Plasma,Other
BTZ-043,237,0,48,0,Plasma,Plasma,Other
BTZ-043,237,16,64,0.0123,Plasma,Plasma,Other
BTZ-043,237,16,64,0,Plasma,Plasma,Other
BTZ-043,237,20,68,0,Plasma,Plasma,Other
BTZ-043,237,24,72,0,Plasma,Plasma,Other
BTZ-043,238,0,48,0,Plasma,Plasma,Other
BTZ-043,238,16,64,0.0099,Plasma,Plasma,Other
BTZ-043,238,16,64,0,Plasma,Plasma,Other
BTZ-043,238,20,68,0,Plasma,Plasma,Other
BTZ-043,238,24,72,0,Plasma,Plasma,Other
BTZ-043,239,0,48,0,Plasma,Plasma,Other
BTZ-043,239,16,64,0,Plasma,Plasma,Other
BTZ-043,239,20,68,0,Plasma,Plasma,Other
BTZ-043,239,24,72,0,Plasma,Plasma,Other
BTZ-043,240,18,18,0,Plasma,Plasma,Other
BTZ-043,240,20,20,0,Plasma,Plasma,Other
BTZ-043,240,24,24,0,Plasma,Plasma,Other
BTZ-043,240,0,48,0.025,Plasma,Plasma,Other
BTZ-043,240,18,66,0,Plasma,Plasma,Other
BTZ-043,241,18,18,0,Plasma,Plasma,Other
BTZ-043,241,20,20,0,Plasma,Plasma,Other
BTZ-043,241,24,24,0,Plasma,Plasma,Other
BTZ-043,241,18,66,0,Plasma,Plasma,Other
BTZ-043,242,0,24,0,Plasma,Plasma,Other
BTZ-043,242,2,26,0.796,Plasma,Plasma,Other
BTZ-043,242,4,28,0.57,Plasma,Plasma,Other
BTZ-043,242,6,30,0.21,Plasma,Plasma,Other
BTZ-043,242,8,32,0.04,Plasma,Plasma,Other
BTZ-043,242,24,48,0,Plasma,Plasma,Other
BTZ-043,242,0,48,0,Plasma,Plasma,Other
BTZ-043,242,2,50,0.12,Plasma,Plasma,Other
BTZ-043,242,4,52,0.184,Plasma,Plasma,Other
BTZ-043,242,6,54,0.0507,Plasma,Plasma,Other
BTZ-043,242,8,56,0.0153,Plasma,Plasma,Other
BTZ-043,242,24,72,0,Plasma,Plasma,Other
BTZ-043,243,0,24,0,Plasma,Plasma,Other
BTZ-043,243,2,26,0.312,Plasma,Plasma,Other
BTZ-043,243,4,28,0.311,Plasma,Plasma,Other
BTZ-043,243,6,30,0.208,Plasma,Plasma,Other
BTZ-043,243,8,32,0.0424,Plasma,Plasma,Other
BTZ-043,243,24,48,0,Plasma,Plasma,Other
BTZ-043,243,0,48,0,Plasma,Plasma,Other
BTZ-043,243,2,50,0.306,Plasma,Plasma,Other
BTZ-043,243,4,52,0.333,Plasma,Plasma,Other
BTZ-043,243,6,54,0.11,Plasma,Plasma,Other
BTZ-043,243,8,56,0.0406,Plasma,Plasma,Other
BTZ-043,243,24,72,0,Plasma,Plasma,Other
BTZ-043,252,0,0,0,Plasma,Plasma,Other
BTZ-043,252,2,2,0.014,Plasma,Plasma,Other
BTZ-043,252,4,4,0.268,Plasma,Plasma,Other
BTZ-043,252,6,6,0.794,Plasma,Plasma,Other
BTZ-043,252,8,8,0.27,Plasma,Plasma,Other
BTZ-043,252,24,24,0,Plasma,Plasma,Other
BTZ-043,252,0,48,0,Plasma,Plasma,Other
BTZ-043,252,2,50,0.0654,Plasma,Plasma,Other
BTZ-043,252,4,52,0.237,Plasma,Plasma,Other
BTZ-043,252,6,54,0.612,Plasma,Plasma,Other
BTZ-043,252,8,56,0.346,Plasma,Plasma,Other
BTZ-043,253,0,0,0,Plasma,Plasma,Other
BTZ-043,253,2,2,0.0378,Plasma,Plasma,Other
BTZ-043,253,4,4,0.0937,Plasma,Plasma,Other
BTZ-043,253,6,6,0.365,Plasma,Plasma,Other
BTZ-043,253,8,8,0.291,Plasma,Plasma,Other
BTZ-043,253,24,24,0,Plasma,Plasma,Other
BTZ-043,253,0,48,0,Plasma,Plasma,Other
BTZ-043,253,2,50,0.233,Plasma,Plasma,Other
BTZ-043,253,4,52,0.179,Plasma,Plasma,Other
BTZ-043,253,6,54,0.18,Plasma,Plasma,Other
BTZ-043,253,8,56,0.0355,Plasma,Plasma,Other
BTZ-043,254,0,24,0,Plasma,Plasma,Other
BTZ-043,254,2,26,0.69,Plasma,Plasma,Other
BTZ-043,254,4,28,0.26,Plasma,Plasma,Other
BTZ-043,254,6,30,0.14,Plasma,Plasma,Other
BTZ-043,254,8,32,0.043,Plasma,Plasma,Other
BTZ-043,254,24,48,0,Plasma,Plasma,Other
BTZ-043,254,0,48,0,Plasma,Plasma,Other
BTZ-043,254,2,50,0.61,Plasma,Plasma,Other
BTZ-043,254,4,52,0.405,Plasma,Plasma,Other
BTZ-043,254,6,54,0.136,Plasma,Plasma,Other
BTZ-043,254,8,56,0.074,Plasma,Plasma,Other
BTZ-043,254,24,72,0,Plasma,Plasma,Other
DLM,1,0,0,0.001,Plasma,Plasma,Other
DLM,1,0.5,0.5,0.004,Plasma,Plasma,Other
DLM,1,16,16,0.212,Plasma,Plasma,Other
DLM,2,0,0,0.001,Plasma,Plasma,Other
DLM,2,0.5,0.5,0.029,Plasma,Plasma,Other
DLM,2,1,1,0.063,Plasma,Plasma,Other
DLM,2,2,2,0.097,Plasma,Plasma,Other
DLM,3,0,0,0.001,Plasma,Plasma,Other
DLM,3,0.5,0.5,0.015,Plasma,Plasma,Other
DLM,3,1,1,0.058,Plasma,Plasma,Other
DLM,3,2,2,0.107,Plasma,Plasma,Other
DLM,4,0,0,0.001,Plasma,Plasma,Other
DLM,4,0.5,0.5,0.0237,Plasma,Plasma,Other
DLM,4,1,1,0.0746,Plasma,Plasma,Other
DLM,4,2,2,0.0817,Plasma,Plasma,Other
DLM,4,4,4,0.109,Plasma,Plasma,Other
DLM,4,6,6,0.08,Plasma,Plasma,Other
DLM,4,24,24,0.0772,Plasma,Plasma,Other
DLM,5,0,0,0.001,Plasma,Plasma,Other
DLM,5,0.5,0.5,0.0132,Plasma,Plasma,Other
DLM,5,1,1,0.0577,Plasma,Plasma,Other
DLM,5,2,2,0.0283,Plasma,Plasma,Other
DLM,6,0,0,0.001,Plasma,Plasma,Other
DLM,6,0.5,0.5,7.00E-04,Plasma,Plasma,Other
DLM,6,1,1,0.0012,Plasma,Plasma,Other
DLM,6,2,2,0.0033,Plasma,Plasma,Other
DLM,6,4,4,0.0199,Plasma,Plasma,Other
DLM,6,6,6,0.0921,Plasma,Plasma,Other
DLM,7,0,0,0.001,Plasma,Plasma,Other
DLM,7,0.5,0.5,0.0193,Plasma,Plasma,Other
DLM,7,1,1,0.0613,Plasma,Plasma,Other
DLM,7,2,2,0.0725,Plasma,Plasma,Other
DLM,8,0,0,0.001,Plasma,Plasma,Other
DLM,8,0.5,0.5,0.002,Plasma,Plasma,Other
DLM,8,1,1,0.0131,Plasma,Plasma,Other
DLM,8,2,2,0.029,Plasma,Plasma,Other
DLM,8,4,4,0.113,Plasma,Plasma,Other
DLM,8,6,6,0.251,Plasma,Plasma,Other
DLM,9,0,48,0.109,Plasma,Plasma,Other
DLM,9,0,48,0.0222,Plasma,Plasma,Other
DLM,9,0.5,48.5,0.101,Plasma,Plasma,Other
DLM,9,0.5,48.5,0.0223,Plasma,Plasma,Other
DLM,9,1,49,0.109,Plasma,Plasma,Other
DLM,9,1,49,0.0204,Plasma,Plasma,Other
DLM,9,2,50,0.163,Plasma,Plasma,Other
DLM,9,2,50,0.0248,Plasma,Plasma,Other
DLM,9,3,51,0.238,Plasma,Plasma,Other
DLM,9,3,51,0.0269,Plasma,Plasma,Other
DLM,9,4,52,0.451,Plasma,Plasma,Other
DLM,9,4,52,0.028,Plasma,Plasma,Other
DLM,9,6,54,0.435,Plasma,Plasma,Other
DLM,9,6,54,0.0313,Plasma,Plasma,Other
DLM,10,0,48,0.246,Plasma,Plasma,Other
DLM,10,0,48,0.0386,Plasma,Plasma,Other
DLM,10,0.5,48.5,0.285,Plasma,Plasma,Other
DLM,10,0.5,48.5,0.0348,Plasma,Plasma,Other
DLM,10,1,49,0.267,Plasma,Plasma,Other
DLM,10,1,49,0.0384,Plasma,Plasma,Other
DLM,10,2,50,0.214,Plasma,Plasma,Other
DLM,10,2,50,0.0448,Plasma,Plasma,Other
DLM,10,3,51,0.343,Plasma,Plasma,Other
DLM,10,3,51,0.0495,Plasma,Plasma,Other
DLM,10,4,52,0.437,Plasma,Plasma,Other
DLM,10,4,52,0.0501,Plasma,Plasma,Other
DLM,10,6,54,0.436,Plasma,Plasma,Other
DLM,10,6,54,0.0567,Plasma,Plasma,Other
DLM,11,0,48,0.196,Plasma,Plasma,Other
DLM,11,0,48,0.008,Plasma,Plasma,Other
DLM,11,0.5,48.5,0.141,Plasma,Plasma,Other
DLM,11,0.5,48.5,0.0061,Plasma,Plasma,Other
DLM,11,1,49,0.164,Plasma,Plasma,Other
DLM,11,1,49,0.0068,Plasma,Plasma,Other
DLM,11,2,50,0.169,Plasma,Plasma,Other
DLM,11,2,50,0.0063,Plasma,Plasma,Other
DLM,11,4,52,0.212,Plasma,Plasma,Other
DLM,11,4,52,0.0102,Plasma,Plasma,Other
DLM,11,6,54,0.419,Plasma,Plasma,Other
DLM,11,6,54,0.0145,Plasma,Plasma,Other
DLM,12,0,48,0.227,Plasma,Plasma,Other
DLM,12,0,48,0.008,Plasma,Plasma,Other
DLM,12,0.5,48.5,0.181,Plasma,Plasma,Other
DLM,12,0.5,48.5,0.0076,Plasma,Plasma,Other
DLM,12,1,49,0.163,Plasma,Plasma,Other
DLM,12,1,49,0.0067,Plasma,Plasma,Other
DLM,12,2,50,0.161,Plasma,Plasma,Other
DLM,12,2,50,0.006,Plasma,Plasma,Other
DLM,12,4,52,0.21,Plasma,Plasma,Other
DLM,12,4,52,0.0091,Plasma,Plasma,Other
DLM,12,6,54,0.278,Plasma,Plasma,Other
DLM,12,6,54,0.0121,Plasma,Plasma,Other
DLM,13,0,48,0.122,Plasma,Plasma,Other
DLM,13,0,48,0.0057,Plasma,Plasma,Other
DLM,13,0.5,48.5,0.147,Plasma,Plasma,Other
DLM,13,0.5,48.5,0.0061,Plasma,Plasma,Other
DLM,13,1,49,0.189,Plasma,Plasma,Other
DLM,13,1,49,0.0067,Plasma,Plasma,Other
DLM,13,2,50,0.248,Plasma,Plasma,Other
DLM,13,2,50,0.0079,Plasma,Plasma,Other
DLM,13,4,52,0.328,Plasma,Plasma,Other
DLM,13,4,52,0.0134,Plasma,Plasma,Other
DLM,13,6,54,0.484,Plasma,Plasma,Other
DLM,13,6,54,0.0204,Plasma,Plasma,Other
DLM,14,0,48,0.0946,Plasma,Plasma,Other
DLM,14,0,48,0.0449,Plasma,Plasma,Other
DLM,14,0.5,48.5,0.0968,Plasma,Plasma,Other
DLM,14,0.5,48.5,0.0444,Plasma,Plasma,Other
DLM,14,1,49,0.107,Plasma,Plasma,Other
DLM,14,1,49,0.0436,Plasma,Plasma,Other
DLM,14,2,50,0.234,Plasma,Plasma,Other
DLM,14,2,50,0.0468,Plasma,Plasma,Other
DLM,14,3,51,0.238,Plasma,Plasma,Other
DLM,14,3,51,0.0464,Plasma,Plasma,Other
DLM,14,5,53,0.378,Plasma,Plasma,Other
DLM,14,5,53,0.0521,Plasma,Plasma,Other
DLM,14,7,55,0.416,Plasma,Plasma,Other
DLM,14,7,55,0.0615,Plasma,Plasma,Other
DLM,14,24,72,0.162,Plasma,Plasma,Other
DLM,14,24,72,0.101,Plasma,Plasma,Other
DLM,15,0,48,0.111,Plasma,Plasma,Other
DLM,15,0,48,0.0445,Plasma,Plasma,Other
DLM,15,0.5,48.5,0.121,Plasma,Plasma,Other
DLM,15,0.5,48.5,0.045,Plasma,Plasma,Other
DLM,15,1,49,0.11,Plasma,Plasma,Other
DLM,15,1,49,0.0456,Plasma,Plasma,Other
DLM,15,2,50,0.116,Plasma,Plasma,Other
DLM,15,2,50,0.0499,Plasma,Plasma,Other
DLM,15,3,51,0.13,Plasma,Plasma,Other
DLM,15,3,51,0.0509,Plasma,Plasma,Other
DLM,15,5,53,0.175,Plasma,Plasma,Other
DLM,15,5,53,0.0495,Plasma,Plasma,Other
DLM,15,7,55,0.34,Plasma,Plasma,Other
DLM,15,7,55,0.071,Plasma,Plasma,Other
DLM,15,24,72,0.15,Plasma,Plasma,Other
DLM,15,24,72,0.115,Plasma,Plasma,Other
DLM,16,0,48,0.136,Plasma,Plasma,Other
DLM,16,0,48,0.0392,Plasma,Plasma,Other
DLM,16,0.5,48.5,0.15,Plasma,Plasma,Other
DLM,16,0.5,48.5,0.0354,Plasma,Plasma,Other
DLM,16,1,49,0.145,Plasma,Plasma,Other
DLM,16,1,49,0.0372,Plasma,Plasma,Other
DLM,16,2,50,0.343,Plasma,Plasma,Other
DLM,16,2,50,0.0433,Plasma,Plasma,Other
DLM,16,3,51,0.351,Plasma,Plasma,Other
DLM,16,3,51,0.0425,Plasma,Plasma,Other
DLM,16,4,52,0.353,Plasma,Plasma,Other
DLM,16,4,52,0.0438,Plasma,Plasma,Other
DLM,16,6,54,0.37,Plasma,Plasma,Other
DLM,16,6,54,0.0547,Plasma,Plasma,Other
DLM,16,8,56,0.313,Plasma,Plasma,Other
DLM,16,8,56,0.0569,Plasma,Plasma,Other
DLM,16,24,72,0.138,Plasma,Plasma,Other
DLM,16,24,72,0.118,Plasma,Plasma,Other
DLM,17,0,48,0.117,Plasma,Plasma,Other
DLM,17,0,48,0.0469,Plasma,Plasma,Other
DLM,17,0.5,48.5,0.119,Plasma,Plasma,Other
DLM,17,0.5,48.5,0.0472,Plasma,Plasma,Other
DLM,17,1,49,0.169,Plasma,Plasma,Other
DLM,17,1,49,0.0555,Plasma,Plasma,Other
DLM,17,2,50,0.196,Plasma,Plasma,Other
DLM,17,2,50,0.0519,Plasma,Plasma,Other
DLM,17,3,51,0.306,Plasma,Plasma,Other
DLM,17,3,51,0.0604,Plasma,Plasma,Other
DLM,17,4,52,0.397,Plasma,Plasma,Other
DLM,17,4,52,0.0629,Plasma,Plasma,Other
DLM,17,6,54,0.393,Plasma,Plasma,Other
DLM,17,6,54,0.0701,Plasma,Plasma,Other
DLM,17,8,56,0.269,Plasma,Plasma,Other
DLM,17,8,56,0.0745,Plasma,Plasma,Other
DLM,17,24,72,0.128,Plasma,Plasma,Other
DLM,17,24,72,0.112,Plasma,Plasma,Other
DLM,18,0,48,0.127,Plasma,Plasma,Other
DLM,18,0,48,0.0449,Plasma,Plasma,Other
DLM,18,0.5,48.5,0.135,Plasma,Plasma,Other
DLM,18,0.5,48.5,0.0461,Plasma,Plasma,Other
DLM,18,1,49,0.139,Plasma,Plasma,Other
DLM,18,1,49,0.0458,Plasma,Plasma,Other
DLM,18,2,50,0.239,Plasma,Plasma,Other
DLM,18,2,50,0.0554,Plasma,Plasma,Other
DLM,18,3,51,0.234,Plasma,Plasma,Other
DLM,18,3,51,0.0569,Plasma,Plasma,Other
DLM,18,4,52,0.241,Plasma,Plasma,Other
DLM,18,4,52,0.0611,Plasma,Plasma,Other
DLM,18,6,54,0.314,Plasma,Plasma,Other
DLM,18,6,54,0.0652,Plasma,Plasma,Other
DLM,18,8,56,0.368,Plasma,Plasma,Other
DLM,18,8,56,0.0719,Plasma,Plasma,Other
DLM,18,24,72,0.141,Plasma,Plasma,Other
DLM,18,24,72,0.121,Plasma,Plasma,Other
DLM,19,0,144,0.3741,Plasma,Plasma,Other
DLM,19,0,144,0.3711,Plasma,Plasma,Other
DLM,19,0.5,144.5,0.4597,Plasma,Plasma,Other
DLM,19,0.5,144.5,0.4099,Plasma,Plasma,Other
DLM,19,1,145,0.3592,Plasma,Plasma,Other
DLM,19,1,145,0.3848,Plasma,Plasma,Other
DLM,19,2,146,0.3594,Plasma,Plasma,Other
DLM,19,2,146,0.3549,Plasma,Plasma,Other
DLM,19,4,148,0.3927,Plasma,Plasma,Other
DLM,19,4,148,0.4177,Plasma,Plasma,Other
DLM,19,6,150,0.4044,Plasma,Plasma,Other
DLM,19,6,150,0.4695,Plasma,Plasma,Other
DLM,20,0,144,0.3597,Plasma,Plasma,Other
DLM,20,0,144,0.3636,Plasma,Plasma,Other
DLM,20,0.5,144.5,0.3508,Plasma,Plasma,Other
DLM,20,0.5,144.5,0.3705,Plasma,Plasma,Other
DLM,20,1,145,0.4234,Plasma,Plasma,Other
DLM,20,1,145,0.397,Plasma,Plasma,Other
DLM,20,2,146,0.6142,Plasma,Plasma,Other
DLM,20,2,146,0.4277,Plasma,Plasma,Other
DLM,20,4,148,0.525,Plasma,Plasma,Other
DLM,20,4,148,0.4167,Plasma,Plasma,Other
DLM,20,6,150,0.4383,Plasma,Plasma,Other
DLM,20,6,150,0.4116,Plasma,Plasma,Other
DLM,21,0,144,0.241,Plasma,Plasma,Other
DLM,21,0,144,0.0075,Plasma,Plasma,Other
DLM,21,0.5,144.5,0.373,Plasma,Plasma,Other
DLM,21,0.5,144.5,0.0077,Plasma,Plasma,Other
DLM,21,1,145,0.451,Plasma,Plasma,Other
DLM,21,1,145,0.0079,Plasma,Plasma,Other
DLM,21,2,146,0.44,Plasma,Plasma,Other
DLM,21,2,146,0.0079,Plasma,Plasma,Other
DLM,21,3,147,0.33,Plasma,Plasma,Other
DLM,21,3,147,0.0072,Plasma,Plasma,Other
DLM,21,4,148,0.349,Plasma,Plasma,Other
DLM,21,4,148,0.0084,Plasma,Plasma,Other
DLM,21,6,150,0.397,Plasma,Plasma,Other
DLM,21,6,150,0.009,Plasma,Plasma,Other
DLM,22,0,144,0.501,Plasma,Plasma,Other
DLM,22,0,144,0.0113,Plasma,Plasma,Other
DLM,22,0.5,144.5,0.398,Plasma,Plasma,Other
DLM,22,0.5,144.5,0.0096,Plasma,Plasma,Other
DLM,22,1,145,0.307,Plasma,Plasma,Other
DLM,22,1,145,0.0093,Plasma,Plasma,Other
DLM,22,2,146,0.331,Plasma,Plasma,Other
DLM,22,2,146,0.0087,Plasma,Plasma,Other
DLM,22,3,147,0.299,Plasma,Plasma,Other
DLM,22,3,147,0.0094,Plasma,Plasma,Other
DLM,22,4,148,0.361,Plasma,Plasma,Other
DLM,22,4,148,0.0097,Plasma,Plasma,Other
DLM,22,6,150,0.455,Plasma,Plasma,Other
DLM,22,6,150,0.0123,Plasma,Plasma,Other
DLM,23,0,144,0.209,Plasma,Plasma,Other
DLM,23,0,144,0.0062,Plasma,Plasma,Other
DLM,23,0.5,144.5,0.199,Plasma,Plasma,Other
DLM,23,0.5,144.5,0.0059,Plasma,Plasma,Other
DLM,23,1,145,0.179,Plasma,Plasma,Other
DLM,23,1,145,0.0059,Plasma,Plasma,Other
DLM,23,2,146,0.183,Plasma,Plasma,Other
DLM,23,2,146,0.0057,Plasma,Plasma,Other
DLM,23,3,147,0.278,Plasma,Plasma,Other
DLM,23,3,147,0.0078,Plasma,Plasma,Other
DLM,23,4,148,0.408,Plasma,Plasma,Other
DLM,23,4,148,0.0095,Plasma,Plasma,Other
DLM,23,6,150,0.342,Plasma,Plasma,Other
DLM,23,6,150,0.0083,Plasma,Plasma,Other
DLM,24,0,144,0.173,Plasma,Plasma,Other
DLM,24,0,144,0.0045,Plasma,Plasma,Other
DLM,24,0.5,144.5,0.177,Plasma,Plasma,Other
DLM,24,0.5,144.5,0.004,Plasma,Plasma,Other
DLM,24,1,145,0.182,Plasma,Plasma,Other
DLM,24,1,145,0.0037,Plasma,Plasma,Other
DLM,24,2,146,0.188,Plasma,Plasma,Other
DLM,24,2,146,0.0035,Plasma,Plasma,Other
DLM,24,3,147,0.288,Plasma,Plasma,Other
DLM,24,3,147,0.0054,Plasma,Plasma,Other
DLM,24,5,149,0.272,Plasma,Plasma,Other
DLM,24,5,149,0.0057,Plasma,Plasma,Other
DLM,24,7,151,0.275,Plasma,Plasma,Other
DLM,24,7,151,0.0059,Plasma,Plasma,Other
DLM,24,24,168,0.19,Plasma,Plasma,Other
DLM,24,24,168,0.005,Plasma,Plasma,Other
DLM,25,0,144,0.109,Plasma,Plasma,Other
DLM,25,0,144,0.0036,Plasma,Plasma,Other
DLM,25,0.5,144.5,0.121,Plasma,Plasma,Other
DLM,25,0.5,144.5,0.0032,Plasma,Plasma,Other
DLM,25,1,145,0.199,Plasma,Plasma,Other
DLM,25,1,145,0.0037,Plasma,Plasma,Other
DLM,25,2,146,0.202,Plasma,Plasma,Other
DLM,25,2,146,0.0048,Plasma,Plasma,Other
DLM,25,3,147,0.305,Plasma,Plasma,Other
DLM,25,3,147,0.0061,Plasma,Plasma,Other
DLM,25,5,149,0.37,Plasma,Plasma,Other
DLM,25,5,149,0.0077,Plasma,Plasma,Other
DLM,25,7,151,0.304,Plasma,Plasma,Other
DLM,25,7,151,0.0078,Plasma,Plasma,Other
DLM,25,24,168,0.114,Plasma,Plasma,Other
DLM,25,24,168,0.0043,Plasma,Plasma,Other
DLM,26,0,144,0.411,Plasma,Plasma,Other
DLM,26,0,144,0.0082,Plasma,Plasma,Other
DLM,26,0.5,144.5,0.352,Plasma,Plasma,Other
DLM,26,0.5,144.5,0.0071,Plasma,Plasma,Other
DLM,26,1,145,0.339,Plasma,Plasma,Other
DLM,26,1,145,0.0066,Plasma,Plasma,Other
DLM,26,2,146,0.266,Plasma,Plasma,Other
DLM,26,2,146,0.0061,Plasma,Plasma,Other
DLM,26,3,147,0.304,Plasma,Plasma,Other
DLM,26,3,147,0.0064,Plasma,Plasma,Other
DLM,26,5,149,0.314,Plasma,Plasma,Other
DLM,26,5,149,0.0074,Plasma,Plasma,Other
DLM,26,7,151,0.326,Plasma,Plasma,Other
DLM,26,7,151,0.008,Plasma,Plasma,Other
DLM,26,24,168,0.433,Plasma,Plasma,Other
DLM,26,24,168,0.008,Plasma,Plasma,Other
GSK-286,1,0,0,0,Plasma,Plasma,Other
GSK-286,1,0.5,0.5,1.29,Plasma,Plasma,Other
GSK-286,1,1,1,0.553,Plasma,Plasma,Other
GSK-286,1,2,2,0.103,Plasma,Plasma,Other
GSK-286,1,4,4,0.00309,Plasma,Plasma,Other
GSK-286,1,6,6,0.000694,Plasma,Plasma,Other
GSK-286,1,0,24,0.00048,Plasma,Plasma,Other
GSK-286,1,0.5,24.5,1.06,Plasma,Plasma,Other
GSK-286,1,1,25,0.445,Plasma,Plasma,Other
GSK-286,1,2,26,0.0786,Plasma,Plasma,Other
GSK-286,1,4,28,0.00266,Plasma,Plasma,Other
GSK-286,1,6,30,0.000538,Plasma,Plasma,Other
GSK-286,2,0,0,0,Plasma,Plasma,Other
GSK-286,2,0.5,0.5,1.25,Plasma,Plasma,Other
GSK-286,2,1,1,0.6,Plasma,Plasma,Other
GSK-286,2,2,2,0.186,Plasma,Plasma,Other
GSK-286,2,4,4,0.00504,Plasma,Plasma,Other
GSK-286,2,6,6,0.000639,Plasma,Plasma,Other
GSK-286,2,0,24,0,Plasma,Plasma,Other
GSK-286,2,0.5,24.5,1.15,Plasma,Plasma,Other
GSK-286,2,1,25,0.513,Plasma,Plasma,Other
GSK-286,2,2,26,0.0796,Plasma,Plasma,Other
GSK-286,2,4,28,0.00368,Plasma,Plasma,Other
GSK-286,2,6,30,0.000505,Plasma,Plasma,Other
GSK-286,3,0,0,0,Plasma,Plasma,Other
GSK-286,3,0.5,0.5,1.25,Plasma,Plasma,Other
GSK-286,3,1,1,0.533,Plasma,Plasma,Other
GSK-286,3,2,2,0.122,Plasma,Plasma,Other
GSK-286,3,4,4,0.0041,Plasma,Plasma,Other
GSK-286,3,6,6,0.000704,Plasma,Plasma,Other
GSK-286,3,0,24,0.000118,Plasma,Plasma,Other
GSK-286,3,0.5,24.5,0.847,Plasma,Plasma,Other
GSK-286,3,1,25,0.361,Plasma,Plasma,Other
GSK-286,3,2,26,0.0349,Plasma,Plasma,Other
GSK-286,3,4,28,0.00296,Plasma,Plasma,Other
GSK-286,3,6,30,0.000507,Plasma,Plasma,Other
GSK-286,4,0,0,0,Plasma,Plasma,Other
GSK-286,4,0.5,0.5,0.0168,Plasma,Plasma,Other
GSK-286,4,1,1,0.115,Plasma,Plasma,Other
GSK-286,4,2,2,0.135,Plasma,Plasma,Other
GSK-286,4,4,4,0.0214,Plasma,Plasma,Other
GSK-286,4,6,6,0.00397,Plasma,Plasma,Other
GSK-286,4,24,24,0.000146,Plasma,Plasma,Other
GSK-286,4,0.5,24.5,0.00785,Plasma,Plasma,Other
GSK-286,4,1,25,0.0129,Plasma,Plasma,Other
GSK-286,4,2,26,0.0809,Plasma,Plasma,Other
GSK-286,4,4,28,0.00961,Plasma,Plasma,Other
GSK-286,4,6,30,0.00181,Plasma,Plasma,Other
GSK-286,4,24,48,0,Plasma,Plasma,Other
GSK-286,5,0,0,0,Plasma,Plasma,Other
GSK-286,5,0.5,0.5,0.0346,Plasma,Plasma,Other
GSK-286,5,1,1,0.046,Plasma,Plasma,Other
GSK-286,5,2,2,0.026,Plasma,Plasma,Other
GSK-286,5,4,4,0.0555,Plasma,Plasma,Other
GSK-286,5,6,6,0.0641,Plasma,Plasma,Other
GSK-286,5,24,24,0,Plasma,Plasma,Other
GSK-286,5,0.5,24.5,0.0209,Plasma,Plasma,Other
GSK-286,5,1,25,0.0376,Plasma,Plasma,Other
GSK-286,5,2,26,0.0248,Plasma,Plasma,Other
GSK-286,5,4,28,0.044,Plasma,Plasma,Other
GSK-286,5,6,30,0.0239,Plasma,Plasma,Other
GSK-286,5,24,48,0,Plasma,Plasma,Other
GSK-286,6,0,0,0,Plasma,Plasma,Other
GSK-286,6,0.5,0.5,0.00356,Plasma,Plasma,Other
GSK-286,6,1,1,0.00422,Plasma,Plasma,Other
GSK-286,6,2,2,0.0119,Plasma,Plasma,Other
GSK-286,6,4,4,0.0781,Plasma,Plasma,Other
GSK-286,6,6,6,0.0151,Plasma,Plasma,Other
GSK-286,6,24,24,0.000106,Plasma,Plasma,Other
GSK-286,6,0.5,24.5,0.131,Plasma,Plasma,Other
GSK-286,6,1,25,0.0992,Plasma,Plasma,Other
GSK-286,6,2,26,0.0805,Plasma,Plasma,Other
GSK-286,6,4,28,0.00958,Plasma,Plasma,Other
GSK-286,6,6,30,0.0035,Plasma,Plasma,Other
GSK-286,6,24,48,0,Plasma,Plasma,Other
GSK-286,7,0,0,0,Plasma,Plasma,Other
GSK-286,7,0.5,0.5,0.00464,Plasma,Plasma,Other
GSK-286,7,1,1,0.0052,Plasma,Plasma,Other
GSK-286,7,2,2,0.0806,Plasma,Plasma,Other
GSK-286,7,4,4,0.0255,Plasma,Plasma,Other
GSK-286,7,6,6,0.0311,Plasma,Plasma,Other
GSK-286,7,24,24,0,Plasma,Plasma,Other
GSK-286,7,0,48,0,Plasma,Plasma,Other
GSK-286,7,0.5,48.5,0.0216,Plasma,Plasma,Other
GSK-286,7,1,49,0.0267,Plasma,Plasma,Other
GSK-286,7,2,50,0.0192,Plasma,Plasma,Other
GSK-286,8,0,0,0,Plasma,Plasma,Other
GSK-286,8,0.5,0.5,0.00514,Plasma,Plasma,Other
GSK-286,8,1,1,0.00792,Plasma,Plasma,Other
GSK-286,8,2,2,0.0792,Plasma,Plasma,Other
GSK-286,8,4,4,0.0427,Plasma,Plasma,Other
GSK-286,8,6,6,0.0132,Plasma,Plasma,Other
GSK-286,8,24,24,0,Plasma,Plasma,Other
GSK-286,8,0,48,0,Plasma,Plasma,Other
GSK-286,8,0.5,48.5,0.00148,Plasma,Plasma,Other
GSK-286,8,1,49,0.0844,Plasma,Plasma,Other
GSK-286,8,2,50,0.0507,Plasma,Plasma,Other
GSK-286,9,0,0,0,Plasma,Plasma,Other
GSK-286,9,0.5,0.5,0.0661,Plasma,Plasma,Other
GSK-286,9,1,1,0.0756,Plasma,Plasma,Other
GSK-286,9,2,2,0.0688,Plasma,Plasma,Other
GSK-286,9,4,4,0.035,Plasma,Plasma,Other
GSK-286,9,6,6,0.0168,Plasma,Plasma,Other
GSK-286,9,24,24,0,Plasma,Plasma,Other
GSK-286,9,0,48,0,Plasma,Plasma,Other
GSK-286,9,0.5,48.5,0.0316,Plasma,Plasma,Other
GSK-286,9,1,49,0.067,Plasma,Plasma,Other
GSK-286,9,2,50,0.0286,Plasma,Plasma,Other
GSK-286,9,4,52,0.0172,Plasma,Plasma,Other
GSK-286,9,6,54,0.00759,Plasma,Plasma,Other
GSK-286,10,0,0,0,Plasma,Plasma,Other
GSK-286,10,0.5,0.5,0.00326,Plasma,Plasma,Other
GSK-286,10,1,1,0.00238,Plasma,Plasma,Other
GSK-286,10,2,2,0.0665,Plasma,Plasma,Other
GSK-286,10,4,4,0.0636,Plasma,Plasma,Other
GSK-286,10,6,6,0.0419,Plasma,Plasma,Other
GSK-286,10,24,24,0,Plasma,Plasma,Other
GSK-286,10,0,48,0,Plasma,Plasma,Other
GSK-286,10,0.5,48.5,0.000843,Plasma,Plasma,Other
GSK-286,10,1,49,0.00968,Plasma,Plasma,Other
GSK-286,10,2,50,0.05,Plasma,Plasma,Other
GSK-286,10,4,52,0.0292,Plasma,Plasma,Other
GSK-286,10,6,54,0.0162,Plasma,Plasma,Other
GSK-286,11,0,0,0,Plasma,Plasma,Other
GSK-286,11,0.5,0.5,0.0104,Plasma,Plasma,Other
GSK-286,11,1,1,0.0361,Plasma,Plasma,Other
GSK-286,11,2,2,0.332,Plasma,Plasma,Other
GSK-286,11,4,4,0.0556,Plasma,Plasma,Other
GSK-286,11,6,6,0.0274,Plasma,Plasma,Other
GSK-286,11,24,24,0,Plasma,Plasma,Other
GSK-286,11,0,48,0.00018,Plasma,Plasma,Other
GSK-286,11,0.5,48.5,0.00382,Plasma,Plasma,Other
GSK-286,11,1,49,0.696,Plasma,Plasma,Other
GSK-286,11,2,50,0.163,Plasma,Plasma,Other
GSK-286,11,4,52,0.053,Plasma,Plasma,Other
GSK-286,11,6,54,0.017,Plasma,Plasma,Other
GSK-286,11,24,72,0.000109,Plasma,Plasma,Other
GSK-286,12,0,0,0,Plasma,Plasma,Other
GSK-286,12,0.5,0.5,1.67,Plasma,Plasma,Other
GSK-286,12,1,1,0.832,Plasma,Plasma,Other
GSK-286,12,2,2,0.204,Plasma,Plasma,Other
GSK-286,12,4,4,0.0178,Plasma,Plasma,Other
GSK-286,12,6,6,0.00665,Plasma,Plasma,Other
GSK-286,12,24,24,0,Plasma,Plasma,Other
GSK-286,12,0,48,0,Plasma,Plasma,Other
GSK-286,12,0.5,48.5,0.00248,Plasma,Plasma,Other
GSK-286,12,1,49,0.0143,Plasma,Plasma,Other
GSK-286,12,2,50,0.0343,Plasma,Plasma,Other
GSK-286,12,4,52,0.0352,Plasma,Plasma,Other
GSK-286,12,6,54,0.0123,Plasma,Plasma,Other
GSK-286,12,24,72,0,Plasma,Plasma,Other
GSK-286,13,0,0,0,Plasma,Plasma,Other
GSK-286,13,0.5,0.5,0.0209,Plasma,Plasma,Other
GSK-286,13,1,1,0.0269,Plasma,Plasma,Other
GSK-286,13,2,2,0.233,Plasma,Plasma,Other
GSK-286,13,4,4,0.0311,Plasma,Plasma,Other
GSK-286,13,6,6,0.00993,Plasma,Plasma,Other
GSK-286,13,24,24,0.000118,Plasma,Plasma,Other
GSK-286,13,0,48,0,Plasma,Plasma,Other
GSK-286,13,0.5,48.5,0.0203,Plasma,Plasma,Other
GSK-286,13,1,49,0.0288,Plasma,Plasma,Other
GSK-286,13,2,50,0.0555,Plasma,Plasma,Other
GSK-286,13,4,52,0.0373,Plasma,Plasma,Other
GSK-286,13,6,54,0.00878,Plasma,Plasma,Other
GSK-286,13,24,72,0,Plasma,Plasma,Other
GSK-656,1,0,0,0,Plasma,Plasma,Other
GSK-656,1,0.5,0.5,0.00179,Plasma,Plasma,Other
GSK-656,1,1,1,0.0154,Plasma,Plasma,Other
GSK-656,1,2,2,0.0374,Plasma,Plasma,Other
GSK-656,1,3,3,0.0684,Plasma,Plasma,Other
GSK-656,1,5,5,0.0701,Plasma,Plasma,Other
GSK-656,1,7,7,0.0766,Plasma,Plasma,Other
GSK-656,1,24,24,0.0596,Plasma,Plasma,Other
GSK-656,1,0,72,0.0933,Plasma,Plasma,Other
GSK-656,1,0.5,72.5,0.0815,Plasma,Plasma,Other
GSK-656,1,1,73,0.0781,Plasma,Plasma,Other
GSK-656,1,2,74,0.113,Plasma,Plasma,Other
GSK-656,1,3,75,0.168,Plasma,Plasma,Other
GSK-656,1,5,77,0.118,Plasma,Plasma,Other
GSK-656,1,7,79,0.146,Plasma,Plasma,Other
GSK-656,1,24,96,0.128,Plasma,Plasma,Other
GSK-656,2,0,0,0,Plasma,Plasma,Other
GSK-656,2,0.5,0.5,0.0314,Plasma,Plasma,Other
GSK-656,2,1,1,0.0443,Plasma,Plasma,Other
GSK-656,2,2,2,0.0606,Plasma,Plasma,Other
GSK-656,2,3,3,0.0628,Plasma,Plasma,Other
GSK-656,2,5,5,0.0652,Plasma,Plasma,Other
GSK-656,2,7,7,0.0693,Plasma,Plasma,Other
GSK-656,2,24,24,0.045,Plasma,Plasma,Other
GSK-656,2,0,72,0.0729,Plasma,Plasma,Other
GSK-656,2,0.5,72.5,0.0957,Plasma,Plasma,Other
GSK-656,2,1,73,0.113,Plasma,Plasma,Other
GSK-656,2,2,74,0.112,Plasma,Plasma,Other
GSK-656,2,3,75,0.108,Plasma,Plasma,Other
GSK-656,2,5,77,0.112,Plasma,Plasma,Other
GSK-656,2,7,79,0.112,Plasma,Plasma,Other
GSK-656,2,24,96,0.0815,Plasma,Plasma,Other
GSK-656,3,0,0,0,Plasma,Plasma,Other
GSK-656,3,0.5,0.5,0.039,Plasma,Plasma,Other
GSK-656,3,1,1,0.0752,Plasma,Plasma,Other
GSK-656,3,2,2,0.095,Plasma,Plasma,Other
GSK-656,3,3,3,0.0911,Plasma,Plasma,Other
GSK-656,3,5,5,0.0954,Plasma,Plasma,Other
GSK-656,3,7,7,0.0955,Plasma,Plasma,Other
GSK-656,3,24,24,0.0626,Plasma,Plasma,Other
GSK-656,3,0,72,0.0708,Plasma,Plasma,Other
GSK-656,3,0.5,72.5,0.0923,Plasma,Plasma,Other
GSK-656,3,1,73,0.109,Plasma,Plasma,Other
GSK-656,3,2,74,0.111,Plasma,Plasma,Other
GSK-656,3,3,75,0.109,Plasma,Plasma,Other
GSK-656,3,5,77,0.108,Plasma,Plasma,Other
GSK-656,3,7,79,0.111,Plasma,Plasma,Other
GSK-656,3,24,96,0.08,Plasma,Plasma,Other
GSK-656,4,0,0,0,Plasma,Plasma,Other
GSK-656,4,1,1,0,Plasma,Plasma,Other
GSK-656,4,2,2,0.00136,Plasma,Plasma,Other
GSK-656,4,3,3,0.0808,Plasma,Plasma,Other
GSK-656,4,5,5,0.163,Plasma,Plasma,Other
GSK-656,4,7,7,0.179,Plasma,Plasma,Other
GSK-656,4,24,24,0.162,Plasma,Plasma,Other
GSK-656,4,0,48,0.179,Plasma,Plasma,Other
GSK-656,4,1,49,0.16,Plasma,Plasma,Other
GSK-656,4,2,50,0.175,Plasma,Plasma,Other
GSK-656,4,3,51,0.198,Plasma,Plasma,Other
GSK-656,4,5,53,0.207,Plasma,Plasma,Other
GSK-656,4,7,55,0.207,Plasma,Plasma,Other
GSK-656,4,24,72,0.191,Plasma,Plasma,Other
GSK-656,5,0,0,0,Plasma,Plasma,Other
GSK-656,5,1,1,0.106,Plasma,Plasma,Other
GSK-656,5,2,2,0.161,Plasma,Plasma,Other
GSK-656,5,3,3,0.185,Plasma,Plasma,Other
GSK-656,5,5,5,0.182,Plasma,Plasma,Other
GSK-656,5,7,7,0.165,Plasma,Plasma,Other
GSK-656,5,24,24,0.148,Plasma,Plasma,Other
GSK-656,5,0,48,0.17,Plasma,Plasma,Other
GSK-656,5,1,49,0.161,Plasma,Plasma,Other
GSK-656,5,2,50,0.176,Plasma,Plasma,Other
GSK-656,5,3,51,0.223,Plasma,Plasma,Other
GSK-656,5,5,53,0.204,Plasma,Plasma,Other
GSK-656,5,7,55,0.218,Plasma,Plasma,Other
GSK-656,5,24,72,0.196,Plasma,Plasma,Other
GSK-656,6,0,0,0,Plasma,Plasma,Other
GSK-656,6,1,1,0.128,Plasma,Plasma,Other
GSK-656,6,2,2,0.16,Plasma,Plasma,Other
GSK-656,6,3,3,0.184,Plasma,Plasma,Other
GSK-656,6,5,5,0.179,Plasma,Plasma,Other
GSK-656,6,7,7,0.175,Plasma,Plasma,Other
GSK-656,6,24,24,0.145,Plasma,Plasma,Other
GSK-656,6,0,48,0.169,Plasma,Plasma,Other
GSK-656,6,1,49,0.181,Plasma,Plasma,Other
GSK-656,6,2,50,0.213,Plasma,Plasma,Other
GSK-656,6,3,51,0.229,Plasma,Plasma,Other
GSK-656,6,5,53,0.22,Plasma,Plasma,Other
GSK-656,6,7,55,0.214,Plasma,Plasma,Other
GSK-656,6,24,72,0.191,Plasma,Plasma,Other
GSK-656,7,0,0,0,Plasma,Plasma,Other
GSK-656,7,0.5,0.5,0.00265,Plasma,Plasma,Other
GSK-656,7,1,1,0.0179,Plasma,Plasma,Other
GSK-656,7,2,2,0.0885,Plasma,Plasma,Other
GSK-656,7,3,3,0.127,Plasma,Plasma,Other
GSK-656,7,5,5,0.117,Plasma,Plasma,Other
GSK-656,7,7,7,0.118,Plasma,Plasma,Other
GSK-656,7,24,24,0.094,Plasma,Plasma,Other
GSK-656,7,0,72,0.14,Plasma,Plasma,Other
GSK-656,7,0.5,72.5,0.14,Plasma,Plasma,Other
GSK-656,7,1,73,0.15,Plasma,Plasma,Other
GSK-656,7,2,74,0.165,Plasma,Plasma,Other
GSK-656,7,3,75,0.174,Plasma,Plasma,Other
GSK-656,8,0,0,0,Plasma,Plasma,Other
GSK-656,8,0.5,0.5,0.00895,Plasma,Plasma,Other
GSK-656,8,1,1,0.086,Plasma,Plasma,Other
GSK-656,8,2,2,0.163,Plasma,Plasma,Other
GSK-656,8,3,3,0.184,Plasma,Plasma,Other
GSK-656,8,5,5,0.186,Plasma,Plasma,Other
GSK-656,8,7,7,0.19,Plasma,Plasma,Other
GSK-656,8,24,24,0.159,Plasma,Plasma,Other
GSK-656,8,0,72,0.192,Plasma,Plasma,Other
GSK-656,8,0.5,72.5,0.19,Plasma,Plasma,Other
GSK-656,8,1,73,0.197,Plasma,Plasma,Other
GSK-656,8,3,75,0.266,Plasma,Plasma,Other
GSK-656,9,0,0,0,Plasma,Plasma,Other
GSK-656,9,0.5,0.5,0,Plasma,Plasma,Other
GSK-656,9,1,1,0,Plasma,Plasma,Other
GSK-656,9,2,2,0.00292,Plasma,Plasma,Other
GSK-656,9,3,3,0.0248,Plasma,Plasma,Other
GSK-656,9,5,5,0.0747,Plasma,Plasma,Other
GSK-656,9,7,7,0.0956,Plasma,Plasma,Other
GSK-656,9,24,24,0.0793,Plasma,Plasma,Other
GSK-656,9,0,72,0.101,Plasma,Plasma,Other
GSK-656,9,0.5,72.5,0.0981,Plasma,Plasma,Other
GSK-656,9,1,73,0.106,Plasma,Plasma,Other
GSK-656,9,2,74,0.13,Plasma,Plasma,Other
GSK-656,9,3,75,0.139,Plasma,Plasma,Other
GSK-656,9,6,78,0.132,Plasma,Plasma,Other
GSK-656,10,0,0,0,Plasma,Plasma,Other
GSK-656,10,0.5,0.5,0.0544,Plasma,Plasma,Other
GSK-656,10,1,1,0.0892,Plasma,Plasma,Other
GSK-656,10,2,2,0.112,Plasma,Plasma,Other
GSK-656,10,3,3,0.142,Plasma,Plasma,Other
GSK-656,10,5,5,0.131,Plasma,Plasma,Other
GSK-656,10,7,7,0.124,Plasma,Plasma,Other
GSK-656,10,24,24,0.0894,Plasma,Plasma,Other
GSK-656,10,0,72,0.112,Plasma,Plasma,Other
GSK-656,10,0.5,72.5,0.138,Plasma,Plasma,Other
GSK-656,10,1,73,0.152,Plasma,Plasma,Other
GSK-656,10,2,74,0.18,Plasma,Plasma,Other
GSK-656,10,3,75,0.178,Plasma,Plasma,Other
GSK-656,10,6,78,0.155,Plasma,Plasma,Other
GSK-656,11,0,0,0,Plasma,Plasma,Other
GSK-656,11,1,1,0,Plasma,Plasma,Other
GSK-656,11,2,2,0.0436,Plasma,Plasma,Other
GSK-656,11,3,3,0.126,Plasma,Plasma,Other
GSK-656,11,5,5,0.156,Plasma,Plasma,Other
GSK-656,11,7,7,0.167,Plasma,Plasma,Other
GSK-656,11,24,24,0.141,Plasma,Plasma,Other
GSK-656,11,0,72,0.191,Plasma,Plasma,Other
GSK-656,11,1,73,0.19,Plasma,Plasma,Other
GSK-656,11,2,74,0.216,Plasma,Plasma,Other
GSK-656,11,3,75,0.232,Plasma,Plasma,Other
GSK-656,11,5,77,0.237,Plasma,Plasma,Other
GSK-656,11,7,79,0.231,Plasma,Plasma,Other
GSK-656,11,24,96,0.201,Plasma,Plasma,Other
GSK-656,12,0,0,0,Plasma,Plasma,Other
GSK-656,12,1,1,0.0714,Plasma,Plasma,Other
GSK-656,12,2,2,0.0945,Plasma,Plasma,Other
GSK-656,12,3,3,0.0905,Plasma,Plasma,Other
GSK-656,12,5,5,0.09,Plasma,Plasma,Other
GSK-656,12,7,7,0.0331,Plasma,Plasma,Other
GSK-656,12,24,24,0.0739,Plasma,Plasma,Other
GSK-656,12,0,72,0.104,Plasma,Plasma,Other
GSK-656,12,1,73,0.12,Plasma,Plasma,Other
GSK-656,12,2,74,0.146,Plasma,Plasma,Other
GSK-656,12,3,75,0.239,Plasma,Plasma,Other
GSK-656,12,5,77,0.138,Plasma,Plasma,Other
GSK-656,12,7,79,0.122,Plasma,Plasma,Other
GSK-656,12,24,96,0.109,Plasma,Plasma,Other
GSK-656,13,0,0,0,Plasma,Plasma,Other
GSK-656,13,1,1,0.0583,Plasma,Plasma,Other
GSK-656,13,2,2,0.157,Plasma,Plasma,Other
GSK-656,13,3,3,0.18,Plasma,Plasma,Other
GSK-656,13,5,5,0.165,Plasma,Plasma,Other
GSK-656,13,7,7,0.167,Plasma,Plasma,Other
GSK-656,13,24,24,0.143,Plasma,Plasma,Other
GSK-656,13,0,72,0.182,Plasma,Plasma,Other
GSK-656,13,1,73,0.175,Plasma,Plasma,Other
GSK-656,13,2,74,0.205,Plasma,Plasma,Other
GSK-656,13,3,75,0.141,Plasma,Plasma,Other
GSK-656,13,5,77,0.215,Plasma,Plasma,Other
GSK-656,13,7,79,0.228,Plasma,Plasma,Other
GSK-656,13,24,96,0.189,Plasma,Plasma,Other
GSK-656,14,0,0,0,Plasma,Plasma,Other
GSK-656,14,1,1,0.0248,Plasma,Plasma,Other
GSK-656,14,2,2,0.0478,Plasma,Plasma,Other
GSK-656,14,3,3,0.102,Plasma,Plasma,Other
GSK-656,14,5,5,0.117,Plasma,Plasma,Other
GSK-656,14,7,7,0.118,Plasma,Plasma,Other
GSK-656,14,24,24,0.0824,Plasma,Plasma,Other
GSK-656,14,0,72,0.103,Plasma,Plasma,Other
GSK-656,14,1,73,0.119,Plasma,Plasma,Other
GSK-656,14,2,74,0.148,Plasma,Plasma,Other
GSK-656,14,3,75,0.158,Plasma,Plasma,Other
GSK-656,14,5,77,0.14,Plasma,Plasma,Other
GSK-656,14,7,79,0.136,Plasma,Plasma,Other
GSK-656,14,24,96,0.112,Plasma,Plasma,Other
GSK-656,14,48,120,0.0852,Plasma,Plasma,Other
GSK-656,15,0,0,0,Plasma,Plasma,Other
GSK-656,15,1,1,0,Plasma,Plasma,Other
GSK-656,15,2,2,0.00795,Plasma,Plasma,Other
GSK-656,15,3,3,0.0249,Plasma,Plasma,Other
GSK-656,15,5,5,0.0315,Plasma,Plasma,Other
GSK-656,15,7,7,0.0272,Plasma,Plasma,Other
GSK-656,15,24,24,0.0182,Plasma,Plasma,Other
GSK-656,15,0,72,0.0227,Plasma,Plasma,Other
GSK-656,15,1,73,0.0317,Plasma,Plasma,Other
GSK-656,15,2,74,0.0407,Plasma,Plasma,Other
GSK-656,15,3,75,0.04,Plasma,Plasma,Other
GSK-656,15,5,77,0.0404,Plasma,Plasma,Other
GSK-656,15,7,79,0.0323,Plasma,Plasma,Other
GSK-656,15,24,96,0.0208,Plasma,Plasma,Other
GSK-656,15,48,120,0.00968,Plasma,Plasma,Other
GTX,1,0,0,0,Plasma,Plasma,Other
GTX,1,0.5,0.5,3.19,Plasma,Plasma,Other
GTX,1,1,1,3.97,Plasma,Plasma,Other
GTX,1,2,2,3.78,Plasma,Plasma,Other
GTX,2,0,0,0,Plasma,Plasma,Other
GTX,2,0.5,0.5,5.89,Plasma,Plasma,Other
GTX,2,1,1,7.18,Plasma,Plasma,Other
GTX,2,2,2,7.54,Plasma,Plasma,Other
GTX,2,4,4,6.89,Plasma,Plasma,Other
GTX,2,6,6,7.27,Plasma,Plasma,Other
GTX,3,0,0,0,Plasma,Plasma,Other
GTX,3,0.5,0.5,3.39,Plasma,Plasma,Other
GTX,3,1,1,3.39,Plasma,Plasma,Other
GTX,3,2,2,3.91,Plasma,Plasma,Other
GTX,3,4,4,4.91,Plasma,Plasma,Other
GTX,3,6,6,3.98,Plasma,Plasma,Other
GTX,4,0,0,0,Plasma,Plasma,Other
GTX,4,0.5,0.5,2.49,Plasma,Plasma,Other
GTX,4,1,1,3.65,Plasma,Plasma,Other
GTX,4,2,2,3.36,Plasma,Plasma,Other
GTX,5,0,0,0,Plasma,Plasma,Other
GTX,5,0.5,0.5,1.6,Plasma,Plasma,Other
GTX,5,1,1,2.63,Plasma,Plasma,Other
GTX,5,2,2,2.1,Plasma,Plasma,Other
GTX,5,4,4,3.84,Plasma,Plasma,Other
GTX,5,6,6,2.72,Plasma,Plasma,Other
GTX,5,24,24,1.2,Plasma,Plasma,Other
GTX,6,0,0,0,Plasma,Plasma,Other
GTX,6,0.5,0.5,1.69,Plasma,Plasma,Other
GTX,6,2,2,6.09,Plasma,Plasma,Other
GTX,7,0,0,0,Plasma,Plasma,Other
GTX,7,0.5,0.5,2.81,Plasma,Plasma,Other
GTX,7,1,1,3.33,Plasma,Plasma,Other
GTX,7,2,2,5.26,Plasma,Plasma,Other
GTX,8,0,0,0,Plasma,Plasma,Other
GTX,8,0.5,0.5,10.8,Plasma,Plasma,Other
GTX,8,1,1,9.42,Plasma,Plasma,Other
GTX,8,2,2,7.95,Plasma,Plasma,Other
GTX,8,4,4,6.15,Plasma,Plasma,Other
GTX,8,6,6,4.4,Plasma,Plasma,Other
GTX,9,0,0,0,Plasma,Plasma,Other
GTX,9,0.5,0.5,0.12,Plasma,Plasma,Other
GTX,9,1,1,0.134,Plasma,Plasma,Other
GTX,9,2,2,1.7,Plasma,Plasma,Other
GTX,9,4,4,8.7,Plasma,Plasma,Other
GTX,9,6,6,10.5,Plasma,Plasma,Other
GTX,10,0,0,0,Plasma,Plasma,Other
GTX,10,0.5,0.5,11.9,Plasma,Plasma,Other
GTX,10,1,1,11.1,Plasma,Plasma,Other
GTX,10,2,2,7.43,Plasma,Plasma,Other
GTX,10,4,4,3.88,Plasma,Plasma,Other
GTX,10,6,6,1.59,Plasma,Plasma,Other
GTX,10,8,8,0.979,Plasma,Plasma,Other
GTX,10,24,24,0.462,Plasma,Plasma,Other
GTX,11,0,0,0,Plasma,Plasma,Other
GTX,11,0.5,0.5,2.59,Plasma,Plasma,Other
GTX,11,1,1,3.95,Plasma,Plasma,Other
GTX,11,2,2,5.59,Plasma,Plasma,Other
GTX,11,4,4,3.42,Plasma,Plasma,Other
GTX,11,6,6,1.84,Plasma,Plasma,Other
GTX,11,8,8,1.13,Plasma,Plasma,Other
GTX,11,24,24,0.913,Plasma,Plasma,Other
GTX,12,0,0,0,Plasma,Plasma,Other
GTX,12,0.5,0.5,2.16,Plasma,Plasma,Other
GTX,12,1,1,2.76,Plasma,Plasma,Other
GTX,12,2,2,3.23,Plasma,Plasma,Other
GTX,12,4,4,4.06,Plasma,Plasma,Other
GTX,12,8,8,1.06,Plasma,Plasma,Other
GTX,12,24,24,0.625,Plasma,Plasma,Other
GTX,13,0,0,0,Plasma,Plasma,Other
GTX,13,0.5,0.5,2.76,Plasma,Plasma,Other
GTX,13,1,1,3.44,Plasma,Plasma,Other
GTX,13,2,2,3.05,Plasma,Plasma,Other
GTX,13,4,4,1.84,Plasma,Plasma,Other
GTX,13,6,6,1.05,Plasma,Plasma,Other
GTX,13,8,8,0.657,Plasma,Plasma,Other
GTX,13,24,24,0.526,Plasma,Plasma,Other
GTX,14,0,0,0,Plasma,Plasma,Other
GTX,14,0.5,0.5,8.43,Plasma,Plasma,Other
GTX,14,1,1,5.65,Plasma,Plasma,Other
GTX,14,2,2,5.22,Plasma,Plasma,Other
GTX,14,4,4,9.07,Plasma,Plasma,Other
GTX,14,6,6,10.5,Plasma,Plasma,Other
GTX,14,8,8,7.4,Plasma,Plasma,Other
GTX,14,24,24,0.744,Plasma,Plasma,Other
GTX,14,0,144,3.71,Plasma,Plasma,Other
GTX,14,0.5,144.5,8.38,Plasma,Plasma,Other
GTX,14,1,145,6.74,Plasma,Plasma,Other
GTX,14,2,146,12.9,Plasma,Plasma,Other
GTX,14,4,148,10.3,Plasma,Plasma,Other
GTX,14,6,150,11.6,Plasma,Plasma,Other
GTX,14,8,152,11.1,Plasma,Plasma,Other
GTX,14,24,168,5.22,Plasma,Plasma,Other
GTX,15,0,0,0,Plasma,Plasma,Other
GTX,15,0.5,0.5,5.33,Plasma,Plasma,Other
GTX,15,1,1,4.78,Plasma,Plasma,Other
GTX,15,2,2,5.99,Plasma,Plasma,Other
GTX,15,4,4,9.78,Plasma,Plasma,Other
GTX,15,6,6,5.92,Plasma,Plasma,Other
GTX,15,8,8,7.47,Plasma,Plasma,Other
GTX,15,24,24,0.863,Plasma,Plasma,Other
GTX,15,0,144,2.3,Plasma,Plasma,Other
GTX,15,0.5,144.5,17.2,Plasma,Plasma,Other
GTX,15,1,145,16.9,Plasma,Plasma,Other
GTX,15,2,146,19.2,Plasma,Plasma,Other
GTX,15,4,148,19.1,Plasma,Plasma,Other
GTX,15,6,150,16.5,Plasma,Plasma,Other
GTX,15,8,152,14.8,Plasma,Plasma,Other
GTX,15,24,168,2.34,Plasma,Plasma,Other
GTX,16,0,0,0,Plasma,Plasma,Other
GTX,16,0.5,0.5,9.4,Plasma,Plasma,Other
GTX,16,1,1,7.97,Plasma,Plasma,Other
GTX,16,2,2,9.17,Plasma,Plasma,Other
GTX,16,4,4,11.8,Plasma,Plasma,Other
GTX,16,6,6,9.26,Plasma,Plasma,Other
GTX,16,8,8,5.91,Plasma,Plasma,Other
GTX,16,24,24,0.649,Plasma,Plasma,Other
GTX,16,0,144,2.15,Plasma,Plasma,Other
GTX,16,0.5,144.5,10.9,Plasma,Plasma,Other
GTX,16,1,145,9.02,Plasma,Plasma,Other
GTX,16,2,146,12.5,Plasma,Plasma,Other
GTX,16,4,148,11.7,Plasma,Plasma,Other
GTX,16,6,150,12.4,Plasma,Plasma,Other
GTX,16,8,152,13.7,Plasma,Plasma,Other
GTX,16,24,168,2.12,Plasma,Plasma,Other
GTX,17,0,0,0,Plasma,Plasma,Other
GTX,17,0.5,0.5,9.01,Plasma,Plasma,Other
GTX,17,1,1,12.7,Plasma,Plasma,Other
GTX,17,2,2,13.1,Plasma,Plasma,Other
GTX,17,4,4,12.3,Plasma,Plasma,Other
GTX,17,6,6,10.1,Plasma,Plasma,Other
GTX,17,8,8,6.58,Plasma,Plasma,Other
GTX,17,24,24,1.07,Plasma,Plasma,Other
GTX,17,0,144,2.12,Plasma,Plasma,Other
GTX,17,0.5,144.5,12.2,Plasma,Plasma,Other
GTX,17,1,145,15.7,Plasma,Plasma,Other
GTX,17,2,146,15,Plasma,Plasma,Other
GTX,17,4,148,13.9,Plasma,Plasma,Other
GTX,17,6,150,10.8,Plasma,Plasma,Other
GTX,17,8,152,8.44,Plasma,Plasma,Other
GTX,17,24,168,3.84,Plasma,Plasma,Other
GTX,18,0,0,0,Plasma,Plasma,Other
GTX,18,0.5,0.5,1.21,Plasma,Plasma,Other
GTX,18,1,1,2.2,Plasma,Plasma,Other
GTX,18,2,2,4.03,Plasma,Plasma,Other
GTX,18,4,4,3.92,Plasma,Plasma,Other
GTX,18,6,6,1.68,Plasma,Plasma,Other
GTX,18,8,8,0.797,Plasma,Plasma,Other
GTX,18,24,24,0.206,Plasma,Plasma,Other
GTX,18,0,336,0.502,Plasma,Plasma,Other
GTX,18,0.5,336.5,5.55,Plasma,Plasma,Other
GTX,18,1,337,5.68,Plasma,Plasma,Other
GTX,18,2,338,4.14,Plasma,Plasma,Other
GTX,18,4,340,2.41,Plasma,Plasma,Other
GTX,18,6,342,1.17,Plasma,Plasma,Other
GTX,18,8,344,0.551,Plasma,Plasma,Other
GTX,18,24,360,0.509,Plasma,Plasma,Other
GTX,19,0,0,0,Plasma,Plasma,Other
GTX,19,0.5,0.5,1.17,Plasma,Plasma,Other
GTX,19,1,1,1.45,Plasma,Plasma,Other
GTX,19,2,2,1.97,Plasma,Plasma,Other
GTX,19,4,4,3.01,Plasma,Plasma,Other
GTX,19,6,6,1.12,Plasma,Plasma,Other
GTX,19,8,8,0.463,Plasma,Plasma,Other
GTX,19,24,24,0.146,Plasma,Plasma,Other
GTX,19,0,336,0.552,Plasma,Plasma,Other
GTX,19,0.5,336.5,4.68,Plasma,Plasma,Other
GTX,19,1,337,5.01,Plasma,Plasma,Other
GTX,19,2,338,4.64,Plasma,Plasma,Other
GTX,19,4,340,1.94,Plasma,Plasma,Other
GTX,19,6,342,1.09,Plasma,Plasma,Other
GTX,19,8,344,0.594,Plasma,Plasma,Other
GTX,19,24,360,0.609,Plasma,Plasma,Other
GTX,20,0,0,0,Plasma,Plasma,Other
GTX,20,0.5,0.5,0,Plasma,Plasma,Other
GTX,20,1,1,0.985,Plasma,Plasma,Other
GTX,20,2,2,3.17,Plasma,Plasma,Other
GTX,20,4,4,3.18,Plasma,Plasma,Other
GTX,20,6,6,1.59,Plasma,Plasma,Other
GTX,20,8,8,0.894,Plasma,Plasma,Other
GTX,20,24,24,0.115,Plasma,Plasma,Other
GTX,20,0,336,0.382,Plasma,Plasma,Other
GTX,20,0.5,336.5,0.779,Plasma,Plasma,Other
GTX,20,1,337,1.54,Plasma,Plasma,Other
GTX,20,2,338,1.02,Plasma,Plasma,Other
GTX,20,4,340,0.885,Plasma,Plasma,Other
GTX,20,6,342,1.12,Plasma,Plasma,Other
GTX,20,8,344,1.04,Plasma,Plasma,Other
GTX,20,24,360,0.375,Plasma,Plasma,Other
GTX,21,0,0,0,Plasma,Plasma,Other
GTX,21,0.5,0.5,1.3,Plasma,Plasma,Other
GTX,21,1,1,1.19,Plasma,Plasma,Other
GTX,21,2,2,2.14,Plasma,Plasma,Other
GTX,21,4,4,2.87,Plasma,Plasma,Other
GTX,21,6,6,1.4,Plasma,Plasma,Other
GTX,21,8,8,0.724,Plasma,Plasma,Other
GTX,21,24,24,0.253,Plasma,Plasma,Other
GTX,21,0,336,1.34,Plasma,Plasma,Other
GTX,21,0.5,336.5,5.54,Plasma,Plasma,Other
GTX,21,1,337,5.67,Plasma,Plasma,Other
GTX,21,2,338,6.36,Plasma,Plasma,Other
GTX,21,4,340,4.38,Plasma,Plasma,Other
GTX,21,6,342,2.55,Plasma,Plasma,Other
GTX,21,8,344,1.69,Plasma,Plasma,Other
GTX,21,24,360,1.32,Plasma,Plasma,Other
GTX,22,0,0,0,Plasma,Plasma,Other
GTX,22,0.5,0.5,0.5535,Plasma,Plasma,Other
GTX,22,1,1,0.6925,Plasma,Plasma,Other
GTX,22,2,2,0.581,Plasma,Plasma,Other
GTX,22,3,3,0.608,Plasma,Plasma,Other
GTX,22,5,5,1.06,Plasma,Plasma,Other
GTX,22,7,7,0.5845,Plasma,Plasma,Other
GTX,22,24,24,0.1535,Plasma,Plasma,Other
GTX,23,0,0,0,Plasma,Plasma,Other
GTX,23,0.5,0.5,1.95,Plasma,Plasma,Other
GTX,23,1,1,1.71,Plasma,Plasma,Other
GTX,23,2,2,2.435,Plasma,Plasma,Other
GTX,23,3,3,1.98,Plasma,Plasma,Other
GTX,23,5,5,1.22,Plasma,Plasma,Other
GTX,23,7,7,0.627,Plasma,Plasma,Other
GTX,23,24,24,0.1685,Plasma,Plasma,Other
GTX,24,0,0,0,Plasma,Plasma,Other
GTX,24,0.5,0.5,2.22,Plasma,Plasma,Other
GTX,24,1,1,1.875,Plasma,Plasma,Other
GTX,24,2,2,1.67,Plasma,Plasma,Other
GTX,24,3,3,1.785,Plasma,Plasma,Other
GTX,24,5,5,0.655,Plasma,Plasma,Other
GTX,24,7,7,0.399,Plasma,Plasma,Other
GTX,24,24,24,0.087,Plasma,Plasma,Other
GTX,25,0,0,0,Plasma,Plasma,Other
GTX,25,0.5,0.5,1.007,Plasma,Plasma,Other
GTX,25,1,1,1.365,Plasma,Plasma,Other
GTX,25,2,2,1.8,Plasma,Plasma,Other
GTX,25,3,3,1.725,Plasma,Plasma,Other
GTX,25,5,5,1.07,Plasma,Plasma,Other
GTX,25,7,7,0.6585,Plasma,Plasma,Other
GTX,25,24,24,0.133,Plasma,Plasma,Other
GTX,26,0,0,0.001,Plasma,Plasma,Other
GTX,26,0.5,0.5,3.42,Plasma,Plasma,Other
GTX,26,1,1,2.49,Plasma,Plasma,Other
GTX,26,2,2,2.4,Plasma,Plasma,Other
GTX,26,3,3,5.02,Plasma,Plasma,Other
GTX,26,5,5,1.8,Plasma,Plasma,Other
GTX,26,7,7,0.89,Plasma,Plasma,Other
GTX,26,24,24,0.211,Plasma,Plasma,Other
GTX,27,0,0,0.001,Plasma,Plasma,Other
GTX,27,0.5,0.5,2.84,Plasma,Plasma,Other
GTX,27,1,1,3.04,Plasma,Plasma,Other
GTX,27,2,2,3.15,Plasma,Plasma,Other
GTX,27,3,3,3.53,Plasma,Plasma,Other
GTX,27,5,5,1.56,Plasma,Plasma,Other
GTX,27,7,7,0.64,Plasma,Plasma,Other
GTX,27,24,24,0.192,Plasma,Plasma,Other
GTX,28,0,0,0.001,Plasma,Plasma,Other
GTX,28,0.5,0.5,3.07,Plasma,Plasma,Other
GTX,28,1,1,1.67,Plasma,Plasma,Other
GTX,28,2,2,3.64,Plasma,Plasma,Other
GTX,28,3,3,2.6,Plasma,Plasma,Other
GTX,28,5,5,2.01,Plasma,Plasma,Other
GTX,28,7,7,1.05,Plasma,Plasma,Other
GTX,28,24,24,0.199,Plasma,Plasma,Other
mCLB-073,1,0,0,0,Plasma,Plasma,Other
mCLB-073,1,0.5,0.5,2.72,Plasma,Plasma,Other
mCLB-073,1,1,1,3.35,Plasma,Plasma,Other
mCLB-073,1,2,2,5.32,Plasma,Plasma,Other
mCLB-073,1,4,4,6.45,Plasma,Plasma,Other
mCLB-073,1,6,6,4.67,Plasma,Plasma,Other
mCLB-073,1,24,24,0.0995,Plasma,Plasma,Other
mCLB-073,1,0,48,0.161,Plasma,Plasma,Other
mCLB-073,1,0.5,48.5,2.24,Plasma,Plasma,Other
mCLB-073,1,1,49,3.8,Plasma,Plasma,Other
mCLB-073,1,2,50,5.37,Plasma,Plasma,Other
mCLB-073,2,0,0,0,Plasma,Plasma,Other
mCLB-073,2,0.5,0.5,0.733,Plasma,Plasma,Other
mCLB-073,2,1,1,1.05,Plasma,Plasma,Other
mCLB-073,2,2,2,1.58,Plasma,Plasma,Other
mCLB-073,2,4,4,4.87,Plasma,Plasma,Other
mCLB-073,2,6,6,6.26,Plasma,Plasma,Other
mCLB-073,2,24,24,0.315,Plasma,Plasma,Other
mCLB-073,2,0,48,0.202,Plasma,Plasma,Other
mCLB-073,2,0.5,48.5,1.28,Plasma,Plasma,Other
mCLB-073,2,1,49,2.01,Plasma,Plasma,Other
mCLB-073,2,2,50,3.92,Plasma,Plasma,Other
mCLB-073,3,0,0,0,Plasma,Plasma,Other
mCLB-073,3,0.5,0.5,0.696,Plasma,Plasma,Other
mCLB-073,3,1,1,1.1,Plasma,Plasma,Other
mCLB-073,3,2,2,2.05,Plasma,Plasma,Other
mCLB-073,3,4,4,4.86,Plasma,Plasma,Other
mCLB-073,3,6,6,5.13,Plasma,Plasma,Other
mCLB-073,3,24,24,0.43,Plasma,Plasma,Other
mCLB-073,3,0,48,0.493,Plasma,Plasma,Other
mCLB-073,3,0.5,48.5,1.37,Plasma,Plasma,Other
mCLB-073,3,1,49,2.12,Plasma,Plasma,Other
mCLB-073,3,2,50,3.77,Plasma,Plasma,Other
mCLB-073,4,0,0,0,Plasma,Plasma,Other
mCLB-073,4,0.5,0.5,0.748,Plasma,Plasma,Other
mCLB-073,4,1,1,1.32,Plasma,Plasma,Other
mCLB-073,4,2,2,1.6,Plasma,Plasma,Other
mCLB-073,4,4,4,6.56,Plasma,Plasma,Other
mCLB-073,4,6,6,4.68,Plasma,Plasma,Other
mCLB-073,4,24,24,0.184,Plasma,Plasma,Other
mCLB-073,4,0,48,0.169,Plasma,Plasma,Other
mCLB-073,4,0.5,48.5,0.868,Plasma,Plasma,Other
mCLB-073,4,1,49,1.39,Plasma,Plasma,Other
mCLB-073,4,2,50,2.21,Plasma,Plasma,Other
mCLB-073,5,0,0,0,Plasma,Plasma,Other
mCLB-073,5,0.5,0.5,1.21,Plasma,Plasma,Other
mCLB-073,5,1,1,1.81,Plasma,Plasma,Other
mCLB-073,5,2,2,3.04,Plasma,Plasma,Other
mCLB-073,5,4,4,6.9,Plasma,Plasma,Other
mCLB-073,5,6,6,6.47,Plasma,Plasma,Other
mCLB-073,5,24,24,0.395,Plasma,Plasma,Other
mCLB-073,5,0,48,0.286,Plasma,Plasma,Other
mCLB-073,5,0.5,48.5,2.07,Plasma,Plasma,Other
mCLB-073,5,1,49,2.74,Plasma,Plasma,Other
mCLB-073,5,2,50,5.49,Plasma,Plasma,Other
mCLB-073,5,4,52,11.2,Plasma,Plasma,Other
mCLB-073,5,6,54,6.09,Plasma,Plasma,Other
mCLB-073,6,0,0,0,Plasma,Plasma,Other
mCLB-073,6,0.5,0.5,0.705,Plasma,Plasma,Other
mCLB-073,6,1,1,0.986,Plasma,Plasma,Other
mCLB-073,6,2,2,1.58,Plasma,Plasma,Other
mCLB-073,6,4,4,3.71,Plasma,Plasma,Other
mCLB-073,6,6,6,4.03,Plasma,Plasma,Other
mCLB-073,6,24,24,0.65,Plasma,Plasma,Other
mCLB-073,6,0,48,0.665,Plasma,Plasma,Other
mCLB-073,6,0.5,48.5,1.53,Plasma,Plasma,Other
mCLB-073,6,1,49,1.97,Plasma,Plasma,Other
mCLB-073,6,2,50,2.51,Plasma,Plasma,Other
mCLB-073,6,4,52,5.83,Plasma,Plasma,Other
mCLB-073,6,6,54,7.73,Plasma,Plasma,Other
mCLB-073,7,0,0,0,Plasma,Plasma,Other
mCLB-073,7,0.5,0.5,0.667,Plasma,Plasma,Other
mCLB-073,7,1,1,1.56,Plasma,Plasma,Other
mCLB-073,7,2,2,2.14,Plasma,Plasma,Other
mCLB-073,7,4,4,7.24,Plasma,Plasma,Other
mCLB-073,7,6,6,6.48,Plasma,Plasma,Other
mCLB-073,7,24,24,0.256,Plasma,Plasma,Other
mCLB-073,7,0,48,0.278,Plasma,Plasma,Other
mCLB-073,7,0.5,48.5,1.13,Plasma,Plasma,Other
mCLB-073,7,1,49,1.53,Plasma,Plasma,Other
mCLB-073,7,2,50,3.09,Plasma,Plasma,Other
mCLB-073,7,4,52,5.55,Plasma,Plasma,Other
mCLB-073,7,6,54,5.15,Plasma,Plasma,Other
mCLB-073,8,0,0,0,Plasma,Plasma,Other
mCLB-073,8,0.5,0.5,2.04,Plasma,Plasma,Other
mCLB-073,8,1,1,1.59,Plasma,Plasma,Other
mCLB-073,8,2,2,4.94,Plasma,Plasma,Other
mCLB-073,8,4,4,8.59,Plasma,Plasma,Other
mCLB-073,8,6,6,6.19,Plasma,Plasma,Other
mCLB-073,8,24,24,0.368,Plasma,Plasma,Other
mCLB-073,8,0,48,0.419,Plasma,Plasma,Other
mCLB-073,8,0.5,48.5,4.89,Plasma,Plasma,Other
mCLB-073,8,1,49,5.9,Plasma,Plasma,Other
mCLB-073,8,2,50,6.59,Plasma,Plasma,Other
mCLB-073,8,4,52,8.4,Plasma,Plasma,Other
mCLB-073,8,6,54,6.43,Plasma,Plasma,Other
mCLB-073,9,0,0,0,Plasma,Plasma,Other
mCLB-073,9,0.5,0.5,3.38,Plasma,Plasma,Other
mCLB-073,9,1,1,3.94,Plasma,Plasma,Other
mCLB-073,9,2,2,4.79,Plasma,Plasma,Other
mCLB-073,9,4,4,6.86,Plasma,Plasma,Other
mCLB-073,9,6,6,5.72,Plasma,Plasma,Other
mCLB-073,9,24,24,0.266,Plasma,Plasma,Other
mCLB-073,9,0,48,0.244,Plasma,Plasma,Other
mCLB-073,9,0.5,48.5,1.68,Plasma,Plasma,Other
mCLB-073,9,1,49,2.63,Plasma,Plasma,Other
mCLB-073,9,2,50,4.51,Plasma,Plasma,Other
mCLB-073,9,4,52,7.36,Plasma,Plasma,Other
mCLB-073,9,6,54,5.19,Plasma,Plasma,Other
mCLB-073,9,24,72,0.19,Plasma,Plasma,Other
mCLB-073,10,0,0,0,Plasma,Plasma,Other
mCLB-073,10,0.5,0.5,0.511,Plasma,Plasma,Other
mCLB-073,10,1,1,0.696,Plasma,Plasma,Other
mCLB-073,10,2,2,1.17,Plasma,Plasma,Other
mCLB-073,10,4,4,3.59,Plasma,Plasma,Other
mCLB-073,10,6,6,5.83,Plasma,Plasma,Other
mCLB-073,10,24,24,0.594,Plasma,Plasma,Other
mCLB-073,10,0,48,0.763,Plasma,Plasma,Other
mCLB-073,10,0.5,48.5,1.59,Plasma,Plasma,Other
mCLB-073,10,1,49,1.9,Plasma,Plasma,Other
mCLB-073,10,2,50,2.78,Plasma,Plasma,Other
mCLB-073,10,4,52,4.87,Plasma,Plasma,Other
mCLB-073,10,6,54,4.71,Plasma,Plasma,Other
mCLB-073,10,24,72,0.996,Plasma,Plasma,Other
mCLB-073,11,0,0,0,Plasma,Plasma,Other
mCLB-073,11,0.5,0.5,0.911,Plasma,Plasma,Other
mCLB-073,11,1,1,3.29,Plasma,Plasma,Other
mCLB-073,11,2,2,2.56,Plasma,Plasma,Other
mCLB-073,11,4,4,5.07,Plasma,Plasma,Other
mCLB-073,11,6,6,5.91,Plasma,Plasma,Other
mCLB-073,11,24,24,0.368,Plasma,Plasma,Other
mCLB-073,11,0,48,0.375,Plasma,Plasma,Other
mCLB-073,11,0.5,48.5,1.72,Plasma,Plasma,Other
mCLB-073,11,1,49,2.59,Plasma,Plasma,Other
mCLB-073,11,2,50,3.44,Plasma,Plasma,Other
mCLB-073,11,4,52,4.78,Plasma,Plasma,Other
mCLB-073,11,6,54,5.62,Plasma,Plasma,Other
mCLB-073,11,24,72,0.468,Plasma,Plasma,Other
mCLB-073,12,0,0,0,Plasma,Plasma,Other
mCLB-073,12,0.5,0.5,3.28,Plasma,Plasma,Other
mCLB-073,12,1,1,4.12,Plasma,Plasma,Other
mCLB-073,12,2,2,7.06,Plasma,Plasma,Other
mCLB-073,12,4,4,5.99,Plasma,Plasma,Other
mCLB-073,12,6,6,5.43,Plasma,Plasma,Other
mCLB-073,12,24,24,0.656,Plasma,Plasma,Other
mCLB-073,12,0,48,0.541,Plasma,Plasma,Other
mCLB-073,12,0.5,48.5,3.44,Plasma,Plasma,Other
mCLB-073,12,1,49,6.49,Plasma,Plasma,Other
mCLB-073,12,2,50,8.26,Plasma,Plasma,Other
mCLB-073,12,4,52,6.3,Plasma,Plasma,Other
mCLB-073,12,6,54,6.34,Plasma,Plasma,Other
mCLB-073,12,24,72,0.607,Plasma,Plasma,Other
mCLB-073,13,0,0,0,Plasma,Plasma,Other
mCLB-073,13,0.5,0.5,2.04,Plasma,Plasma,Other
mCLB-073,13,1,1,2.63,Plasma,Plasma,Other
mCLB-073,13,2,2,3.28,Plasma,Plasma,Other
mCLB-073,13,3,3,3.96,Plasma,Plasma,Other
mCLB-073,13,5,5,4.43,Plasma,Plasma,Other
mCLB-073,13,7,7,5.15,Plasma,Plasma,Other
mCLB-073,13,24,24,0.669,Plasma,Plasma,Other
mCLB-073,13,0,72,0.126,Plasma,Plasma,Other
mCLB-073,13,0.5,72.5,0.838,Plasma,Plasma,Other
mCLB-073,13,1,73,0.874,Plasma,Plasma,Other
mCLB-073,13,2,74,1.31,Plasma,Plasma,Other
mCLB-073,13,3,75,1.54,Plasma,Plasma,Other
mCLB-073,13,5,77,1.97,Plasma,Plasma,Other
mCLB-073,13,7,79,2.57,Plasma,Plasma,Other
mCLB-073,13,24,96,2.29,Plasma,Plasma,Other
mCLB-073,14,0,0,0,Plasma,Plasma,Other
mCLB-073,14,0.5,0.5,0.718,Plasma,Plasma,Other
mCLB-073,14,1,1,1.05,Plasma,Plasma,Other
mCLB-073,14,2,2,1.76,Plasma,Plasma,Other
mCLB-073,14,3,3,2.34,Plasma,Plasma,Other
mCLB-073,14,5,5,4.19,Plasma,Plasma,Other
mCLB-073,14,7,7,6,Plasma,Plasma,Other
mCLB-073,14,24,24,0.519,Plasma,Plasma,Other
mCLB-073,14,0,72,0.316,Plasma,Plasma,Other
mCLB-073,14,0.5,72.5,1.66,Plasma,Plasma,Other
mCLB-073,14,1,73,2.15,Plasma,Plasma,Other
mCLB-073,14,2,74,2.85,Plasma,Plasma,Other
mCLB-073,14,3,75,4.64,Plasma,Plasma,Other
mCLB-073,14,5,77,4.93,Plasma,Plasma,Other
mCLB-073,14,7,79,5.01,Plasma,Plasma,Other
mCLB-073,14,24,96,0.486,Plasma,Plasma,Other
mCLB-073,15,0,0,0,Plasma,Plasma,Other
mCLB-073,15,0.5,0.5,0.503,Plasma,Plasma,Other
mCLB-073,15,1,1,0.794,Plasma,Plasma,Other
mCLB-073,15,2,2,1.28,Plasma,Plasma,Other
mCLB-073,15,3,3,2.15,Plasma,Plasma,Other
mCLB-073,15,5,5,2.73,Plasma,Plasma,Other
mCLB-073,15,7,7,3.55,Plasma,Plasma,Other
mCLB-073,15,24,24,0.721,Plasma,Plasma,Other
mCLB-073,15,0,72,0.268,Plasma,Plasma,Other
mCLB-073,15,0.5,72.5,1.41,Plasma,Plasma,Other
mCLB-073,15,1,73,2.08,Plasma,Plasma,Other
mCLB-073,15,2,74,2.82,Plasma,Plasma,Other
mCLB-073,15,3,75,3.78,Plasma,Plasma,Other
mCLB-073,15,5,77,3.73,Plasma,Plasma,Other
mCLB-073,15,7,79,4.77,Plasma,Plasma,Other
mCLB-073,15,24,96,0.342,Plasma,Plasma,Other
mCLB-073,16,0,0,0,Plasma,Plasma,Other
mCLB-073,16,0.5,0.5,0.524,Plasma,Plasma,Other
mCLB-073,16,1,1,0.775,Plasma,Plasma,Other
mCLB-073,16,2,2,1.11,Plasma,Plasma,Other
mCLB-073,16,3,3,2.06,Plasma,Plasma,Other
mCLB-073,16,5,5,4.56,Plasma,Plasma,Other
mCLB-073,16,7,7,3.31,Plasma,Plasma,Other
mCLB-073,16,24,24,0.429,Plasma,Plasma,Other
mCLB-073,16,0,72,0.414,Plasma,Plasma,Other
mCLB-073,16,0.5,72.5,1.97,Plasma,Plasma,Other
mCLB-073,16,1,73,1.54,Plasma,Plasma,Other
mCLB-073,16,2,74,2.47,Plasma,Plasma,Other
mCLB-073,16,3,75,5.3,Plasma,Plasma,Other
mCLB-073,16,5,77,4.57,Plasma,Plasma,Other
mCLB-073,16,7,79,4.15,Plasma,Plasma,Other
mCLB-073,16,24,96,0.569,Plasma,Plasma,Other
mCLB-073,17,0.08,0.08,1.6,Plasma,Plasma,Other
mCLB-073,17,0.25,0.25,1.13,Plasma,Plasma,Other
mCLB-073,17,0.5,0.5,1.15,Plasma,Plasma,Other
mCLB-073,17,1,1,0.962,Plasma,Plasma,Other
mCLB-073,17,3,3,0.66,Plasma,Plasma,Other
mCLB-073,17,5,5,0.497,Plasma,Plasma,Other
mCLB-073,17,7,7,0.304,Plasma,Plasma,Other
mCLB-073,17,24,24,0.0134,Plasma,Plasma,Other
mCLB-073,18,0.08,0.08,1.7,Plasma,Plasma,Other
mCLB-073,18,0.25,0.25,1.23,Plasma,Plasma,Other
mCLB-073,18,0.5,0.5,1.01,Plasma,Plasma,Other
mCLB-073,18,1,1,1.06,Plasma,Plasma,Other
mCLB-073,18,3,3,0.867,Plasma,Plasma,Other
mCLB-073,18,5,5,0.605,Plasma,Plasma,Other
mCLB-073,18,7,7,0.418,Plasma,Plasma,Other
mCLB-073,18,24,24,0.0251,Plasma,Plasma,Other
mCLB-073,19,0.08,0.08,1.5,Plasma,Plasma,Other
mCLB-073,19,0.25,0.25,1.03,Plasma,Plasma,Other
mCLB-073,19,0.5,0.5,1.02,Plasma,Plasma,Other
mCLB-073,19,1,1,1.06,Plasma,Plasma,Other
mCLB-073,19,3,3,0.736,Plasma,Plasma,Other
mCLB-073,19,5,5,0.497,Plasma,Plasma,Other
mCLB-073,19,7,7,0.322,Plasma,Plasma,Other
mCLB-073,19,24,24,0.016,Plasma,Plasma,Other
mCLB-073,20,0.08,0.08,1.57,Plasma,Plasma,Other
mCLB-073,20,0.25,0.25,1.2,Plasma,Plasma,Other
mCLB-073,20,0.5,0.5,1.13,Plasma,Plasma,Other
mCLB-073,20,1,1,0.95,Plasma,Plasma,Other
mCLB-073,20,3,3,0.808,Plasma,Plasma,Other
mCLB-073,20,5,5,0.579,Plasma,Plasma,Other
mCLB-073,20,7,7,0.404,Plasma,Plasma,Other
mCLB-073,20,24,24,0.0253,Plasma,Plasma,Other
OPC-167832,1,6,78,0.615,Plasma,Plasma,Other
OPC-167832,2,6,78,0.836,Plasma,Plasma,Other
OPC-167832,3,6,78,0.549,Plasma,Plasma,Other
OPC-167832,3.1,0,0,0,Plasma,Plasma,Other
OPC-167832,3.1,0.5,0.5,0.153,Plasma,Plasma,Other
OPC-167832,3.1,1,1,0.237,Plasma,Plasma,Other
OPC-167832,3.1,2,2,0.411,Plasma,Plasma,Other
OPC-167832,3.1,3,3,0.674,Plasma,Plasma,Other
OPC-167832,3.1,5,5,0.779,Plasma,Plasma,Other
OPC-167832,3.1,7,7,0.743,Plasma,Plasma,Other
OPC-167832,3.1,24,24,0.291,Plasma,Plasma,Other
OPC-167832,3.1,0,48,0.28,Plasma,Plasma,Other
OPC-167832,3.1,0.5,48.5,0.513,Plasma,Plasma,Other
OPC-167832,3.1,1,49,0.676,Plasma,Plasma,Other
OPC-167832,3.1,2,50,1.05,Plasma,Plasma,Other
OPC-167832,3.1,3,51,1.08,Plasma,Plasma,Other
OPC-167832,3.1,5,53,1.11,Plasma,Plasma,Other
OPC-167832,3.1,7,55,0.993,Plasma,Plasma,Other
OPC-167832,3.1,24,72,0.28,Plasma,Plasma,Other
OPC-167832,3.2,0,0,0,Plasma,Plasma,Other
OPC-167832,3.2,0.5,0.5,0.0418,Plasma,Plasma,Other
OPC-167832,3.2,1,1,0.112,Plasma,Plasma,Other
OPC-167832,3.2,2,2,0.225,Plasma,Plasma,Other
OPC-167832,3.2,3,3,0.412,Plasma,Plasma,Other
OPC-167832,3.2,5,5,0.922,Plasma,Plasma,Other
OPC-167832,3.2,7,7,0.858,Plasma,Plasma,Other
OPC-167832,3.2,24,24,0.361,Plasma,Plasma,Other
OPC-167832,3.2,0,48,0.385,Plasma,Plasma,Other
OPC-167832,3.2,0.5,48.5,0.483,Plasma,Plasma,Other
OPC-167832,3.2,1,49,0.583,Plasma,Plasma,Other
OPC-167832,3.2,2,50,0.734,Plasma,Plasma,Other
OPC-167832,3.2,3,51,1.01,Plasma,Plasma,Other
OPC-167832,3.2,5,53,1.17,Plasma,Plasma,Other
OPC-167832,3.2,7,55,1.08,Plasma,Plasma,Other
OPC-167832,3.2,24,72,0.383,Plasma,Plasma,Other
OPC-167832,3.3,0,0,0,Plasma,Plasma,Other
OPC-167832,3.3,0.5,0.5,0.015,Plasma,Plasma,Other
OPC-167832,3.3,1,1,0.0212,Plasma,Plasma,Other
OPC-167832,3.3,2,2,0.0394,Plasma,Plasma,Other
OPC-167832,3.3,3,3,0.0523,Plasma,Plasma,Other
OPC-167832,3.3,5,5,0.266,Plasma,Plasma,Other
OPC-167832,3.3,7,7,0.785,Plasma,Plasma,Other
OPC-167832,3.3,24,24,0.565,Plasma,Plasma,Other
OPC-167832,3.3,0,48,0.406,Plasma,Plasma,Other
OPC-167832,3.3,0.5,48.5,0.365,Plasma,Plasma,Other
OPC-167832,3.3,1,49,0.433,Plasma,Plasma,Other
OPC-167832,3.3,2,50,0.582,Plasma,Plasma,Other
OPC-167832,3.3,3,51,0.952,Plasma,Plasma,Other
OPC-167832,3.3,5,53,1.19,Plasma,Plasma,Other
OPC-167832,3.3,7,55,1.25,Plasma,Plasma,Other
OPC-167832,3.3,24,72,0.347,Plasma,Plasma,Other
OPC-167832,4,24,96,0.147,Plasma,Plasma,Other
OPC-167832,5,24,96,0.241,Plasma,Plasma,Other
OPC-167832,6,24,96,0.379,Plasma,Plasma,Other
OPC-167832,7,6,78,0.483,Plasma,Plasma,Other
OPC-167832,8,6,78,0.567,Plasma,Plasma,Other
PMD,1,0,0,0,Plasma,Plasma,Other
PMD,1,0.5,0.5,2.46,Plasma,Plasma,Other
PMD,1,1,1,2.82,Plasma,Plasma,Other
PMD,1,2,2,2.73,Plasma,Plasma,Other
PMD,1,3,3,4.09,Plasma,Plasma,Other
PMD,1,5,5,6.56,Plasma,Plasma,Other
PMD,1,7,7,4.28,Plasma,Plasma,Other
PMD,1,24,24,0.0818,Plasma,Plasma,Other
PMD,2,0,0,0,Plasma,Plasma,Other
PMD,2,0.5,0.5,2.22,Plasma,Plasma,Other
PMD,2,1,1,2.55,Plasma,Plasma,Other
PMD,2,2,2,3.13,Plasma,Plasma,Other
PMD,2,3,3,4.41,Plasma,Plasma,Other
PMD,2,5,5,7.26,Plasma,Plasma,Other
PMD,2,7,7,4.96,Plasma,Plasma,Other
PMD,2,24,24,0.152,Plasma,Plasma,Other
PMD,3,0,0,0,Plasma,Plasma,Other
PMD,3,0.5,0.5,3.14,Plasma,Plasma,Other
PMD,3,1,1,3.44,Plasma,Plasma,Other
PMD,3,2,2,4.62,Plasma,Plasma,Other
PMD,3,3,3,7.82,Plasma,Plasma,Other
PMD,3,5,5,8.57,Plasma,Plasma,Other
PMD,3,7,7,4.48,Plasma,Plasma,Other
PMD,3,24,24,0.145,Plasma,Plasma,Other
PMD,4,0,0,0,Plasma,Plasma,Other
PMD,4,0.5,0.5,0.522,Plasma,Plasma,Other
PMD,4,1,1,0.769,Plasma,Plasma,Other
PMD,4,2,2,1.27,Plasma,Plasma,Other
PMD,4,4,4,2.59,Plasma,Plasma,Other
PMD,4,6,6,2.09,Plasma,Plasma,Other
PMD,4,8,8,2,Plasma,Plasma,Other
PMD,4,24,24,0.158,Plasma,Plasma,Other
PMD,4,0,288,0.463,Plasma,Plasma,Other
PMD,4,0.5,288.5,0.916,Plasma,Plasma,Other
PMD,4,1,289,1.23,Plasma,Plasma,Other
PMD,4,2,290,1.71,Plasma,Plasma,Other
PMD,4,4,292,3.53,Plasma,Plasma,Other
PMD,4,6,294,3.61,Plasma,Plasma,Other
PMD,4,8,296,3.11,Plasma,Plasma,Other
PMD,4,24,312,0.216,Plasma,Plasma,Other
PMD,5,0,0,0,Plasma,Plasma,Other
PMD,5,0.5,0.5,0.549,Plasma,Plasma,Other
PMD,5,1,1,0.869,Plasma,Plasma,Other
PMD,5,2,2,1.33,Plasma,Plasma,Other
PMD,5,4,4,1.75,Plasma,Plasma,Other
PMD,5,6,6,2.36,Plasma,Plasma,Other
PMD,5,8,8,2.33,Plasma,Plasma,Other
PMD,5,24,24,0.156,Plasma,Plasma,Other
PMD,5,0,288,2.53,Plasma,Plasma,Other
PMD,5,0.5,288.5,3.31,Plasma,Plasma,Other
PMD,5,1,289,3.59,Plasma,Plasma,Other
PMD,5,2,290,4.1,Plasma,Plasma,Other
PMD,5,4,292,4.95,Plasma,Plasma,Other
PMD,5,6,294,4.85,Plasma,Plasma,Other
PMD,5,8,296,4.52,Plasma,Plasma,Other
PMD,5,24,312,2.22,Plasma,Plasma,Other
PMD,6,0,0,0,Plasma,Plasma,Other
PMD,6,0.5,0.5,0.262,Plasma,Plasma,Other
PMD,6,1,1,0.513,Plasma,Plasma,Other
PMD,6,2,2,1.05,Plasma,Plasma,Other
PMD,6,4,4,2.35,Plasma,Plasma,Other
PMD,6,6,6,1.96,Plasma,Plasma,Other
PMD,6,8,8,1.45,Plasma,Plasma,Other
PMD,6,24,24,0.211,Plasma,Plasma,Other
PMD,6,0,288,0.113,Plasma,Plasma,Other
PMD,6,0.5,288.5,2.19,Plasma,Plasma,Other
PMD,6,1,289,2.82,Plasma,Plasma,Other
PMD,6,2,290,3.96,Plasma,Plasma,Other
PMD,6,4,292,4.2,Plasma,Plasma,Other
PMD,6,6,294,3.83,Plasma,Plasma,Other
PMD,6,8,296,2.76,Plasma,Plasma,Other
PMD,6,24,312,0.0485,Plasma,Plasma,Other
PMD,7,0,0,0,Plasma,Plasma,Other
PMD,7,0.5,0.5,1.36,Plasma,Plasma,Other
PMD,7,1,1,1.69,Plasma,Plasma,Other
PMD,7,2,2,1.93,Plasma,Plasma,Other
PMD,7,4,4,2.45,Plasma,Plasma,Other
PMD,7,6,6,2.9,Plasma,Plasma,Other
PMD,7,8,8,2.43,Plasma,Plasma,Other
PMD,7,24,24,0.099,Plasma,Plasma,Other
PMD,7,0,288,0.987,Plasma,Plasma,Other
PMD,7,0.5,288.5,2.83,Plasma,Plasma,Other
PMD,7,1,289,3.49,Plasma,Plasma,Other
PMD,7,2,290,3.23,Plasma,Plasma,Other
PMD,7,4,292,4.41,Plasma,Plasma,Other
PMD,7,6,294,4.74,Plasma,Plasma,Other
PMD,7,8,296,3.57,Plasma,Plasma,Other
PMD,7,24,312,1.16,Plasma,Plasma,Other
PMD,8,0,0,0,Plasma,Plasma,Other
PMD,8,0.5,0.5,0.0273,Plasma,Plasma,Other
PMD,8,1,1,0.0632,Plasma,Plasma,Other
PMD,8,2,2,0.12,Plasma,Plasma,Other
PMD,8,4,4,0.559,Plasma,Plasma,Other
PMD,8,6,6,0.751,Plasma,Plasma,Other
PMD,8,8,8,0.792,Plasma,Plasma,Other
PMD,8,24,24,0.0211,Plasma,Plasma,Other
PMD,8,0,312,0,Plasma,Plasma,Other
PMD,8,0.5,312.5,0.345,Plasma,Plasma,Other
PMD,8,1,313,0.554,Plasma,Plasma,Other
PMD,8,2,314,0.684,Plasma,Plasma,Other
PMD,8,4,316,0.838,Plasma,Plasma,Other
PMD,8,6,318,0.465,Plasma,Plasma,Other
PMD,8,8,320,0.284,Plasma,Plasma,Other
PMD,8,24,336,0.018,Plasma,Plasma,Other
PMD,9,0,0,0,Plasma,Plasma,Other
PMD,9,0.5,0.5,0.0948,Plasma,Plasma,Other
PMD,9,1,1,0.213,Plasma,Plasma,Other
PMD,9,2,2,0.385,Plasma,Plasma,Other
PMD,9,4,4,0.936,Plasma,Plasma,Other
PMD,9,6,6,0.733,Plasma,Plasma,Other
PMD,9,8,8,0.514,Plasma,Plasma,Other
PMD,9,24,24,0.0321,Plasma,Plasma,Other
PMD,9,0,312,0,Plasma,Plasma,Other
PMD,9,0.5,312.5,0.699,Plasma,Plasma,Other
PMD,9,1,313,0.862,Plasma,Plasma,Other
PMD,9,2,314,1.03,Plasma,Plasma,Other
PMD,9,4,316,0.928,Plasma,Plasma,Other
PMD,9,6,318,0.563,Plasma,Plasma,Other
PMD,9,8,320,0.311,Plasma,Plasma,Other
PMD,9,24,336,0.018,Plasma,Plasma,Other
PMD,10,0,0,0,Plasma,Plasma,Other
PMD,10,0.5,0.5,0.0746,Plasma,Plasma,Other
PMD,10,1,1,0.183,Plasma,Plasma,Other
PMD,10,2,2,0.456,Plasma,Plasma,Other
PMD,10,4,4,1.16,Plasma,Plasma,Other
PMD,10,6,6,1.36,Plasma,Plasma,Other
PMD,10,8,8,1.03,Plasma,Plasma,Other
PMD,10,24,24,0.0746,Plasma,Plasma,Other
PMD,10,0,312,0.0361,Plasma,Plasma,Other
PMD,10,0.5,312.5,0.492,Plasma,Plasma,Other
PMD,10,1,313,0.801,Plasma,Plasma,Other
PMD,10,2,314,1.27,Plasma,Plasma,Other
PMD,10,4,316,1.65,Plasma,Plasma,Other
PMD,10,6,318,1.17,Plasma,Plasma,Other
PMD,10,8,320,0.789,Plasma,Plasma,Other
PMD,10,24,336,0.0301,Plasma,Plasma,Other
PMD,11,0,0,0,Plasma,Plasma,Other
PMD,11,0.5,0.5,0.133,Plasma,Plasma,Other
PMD,11,1,1,0.287,Plasma,Plasma,Other
PMD,11,2,2,0.724,Plasma,Plasma,Other
PMD,11,4,4,1.55,Plasma,Plasma,Other
PMD,11,6,6,1.06,Plasma,Plasma,Other
PMD,11,8,8,0.845,Plasma,Plasma,Other
PMD,11,24,24,0.0817,Plasma,Plasma,Other
PMD,11,0,312,0.0491,Plasma,Plasma,Other
PMD,11,0.5,312.5,1.72,Plasma,Plasma,Other
PMD,11,1,313,2.17,Plasma,Plasma,Other
PMD,11,2,314,2.5,Plasma,Plasma,Other
PMD,11,4,316,2.11,Plasma,Plasma,Other
PMD,11,6,318,1.42,Plasma,Plasma,Other
PMD,11,8,320,0.932,Plasma,Plasma,Other
PMD,11,24,336,0.039,Plasma,Plasma,Other
PMD,12,0,0,0,Plasma,Plasma,Other
PMD,12,0.5,0.5,0.222,Plasma,Plasma,Other
PMD,12,1,1,0.325,Plasma,Plasma,Other
PMD,12,2,2,0.505,Plasma,Plasma,Other
PMD,13,0,0,0,Plasma,Plasma,Other
PMD,13,0.5,0.5,0.264,Plasma,Plasma,Other
PMD,13,1,1,0.47,Plasma,Plasma,Other
PMD,13,2,2,0.591,Plasma,Plasma,Other
PMD,13,4,4,0.878,Plasma,Plasma,Other
PMD,13,6,6,0.881,Plasma,Plasma,Other
PMD,14,0,0,0,Plasma,Plasma,Other
PMD,14,0.5,0.5,0.316,Plasma,Plasma,Other
PMD,14,1,1,0.507,Plasma,Plasma,Other
PMD,14,2,2,0.77,Plasma,Plasma,Other
PMD,14,4,4,1.14,Plasma,Plasma,Other
PMD,14,6,6,1.69,Plasma,Plasma,Other
PMD,15,0,0,0,Plasma,Plasma,Other
PMD,15,0.5,0.5,0.649,Plasma,Plasma,Other
PMD,15,1,1,0.976,Plasma,Plasma,Other
PMD,15,2,2,1.14,Plasma,Plasma,Other
PMD,16,0,0,0,Plasma,Plasma,Other
PMD,16,0.5,0.5,0.291,Plasma,Plasma,Other
PMD,16,1,1,0.532,Plasma,Plasma,Other
PMD,16,2,2,0.602,Plasma,Plasma,Other
PMD,16,4,4,1.04,Plasma,Plasma,Other
PMD,16,6,6,1.93,Plasma,Plasma,Other
PMD,16,24,24,0.607,Plasma,Plasma,Other
PMD,17,0,0,0,Plasma,Plasma,Other
PMD,17,0.5,0.5,0.23,Plasma,Plasma,Other
PMD,17,2,2,1.36,Plasma,Plasma,Other
PMD,18,0,0,0,Plasma,Plasma,Other
PMD,18,0.5,0.5,1.98,Plasma,Plasma,Other
PMD,18,1,1,1.96,Plasma,Plasma,Other
PMD,18,2,2,2.19,Plasma,Plasma,Other
PMD,19,0,0,0,Plasma,Plasma,Other
PMD,19,0.5,0.5,1.51,Plasma,Plasma,Other
PMD,19,1,1,2.17,Plasma,Plasma,Other
PMD,19,2,2,2.04,Plasma,Plasma,Other
PMD,19,4,4,2.05,Plasma,Plasma,Other
PMD,19,6,6,3.04,Plasma,Plasma,Other
PMD,20,0,144,1.78,Plasma,Plasma,Other
PMD,20,0.5,144.5,4.86,Plasma,Plasma,Other
PMD,20,1,145,5.91,Plasma,Plasma,Other
PMD,20,2,146,4.62,Plasma,Plasma,Other
PMD,21,12,180,3.89,Plasma,Plasma,Other
PMD,22,0,120,1.17,Plasma,Plasma,Other
PMD,22,0.5,120.5,1.19,Plasma,Plasma,Other
PMD,22,1,121,1.27,Plasma,Plasma,Other
PMD,22,2,122,1.57,Plasma,Plasma,Other
PMD,22,4,124,2.81,Plasma,Plasma,Other
PMD,22,6,126,3.31,Plasma,Plasma,Other
PMD,23,0,120,2.38,Plasma,Plasma,Other
PMD,23,0.5,120.5,2.72,Plasma,Plasma,Other
PMD,23,1,121,3.1,Plasma,Plasma,Other
PMD,23,2,122,3.39,Plasma,Plasma,Other
PMD,23,4,124,3.86,Plasma,Plasma,Other
PMD,23,6,126,4.3,Plasma,Plasma,Other
PMD,26,0,48,0.125,Plasma,Plasma,Other
PMD,26,0.5,48.5,0.249,Plasma,Plasma,Other
PMD,26,1,49,0.343,Plasma,Plasma,Other
PMD,26,2,50,0.462,Plasma,Plasma,Other
PMD,26,3,51,0.554,Plasma,Plasma,Other
PMD,26,4,52,0.798,Plasma,Plasma,Other
PMD,26,6,54,1.81,Plasma,Plasma,Other
PMD,27,0,48,0.209,Plasma,Plasma,Other
PMD,27,0.5,48.5,0.196,Plasma,Plasma,Other
PMD,27,1,49,0.252,Plasma,Plasma,Other
PMD,27,2,50,0.56,Plasma,Plasma,Other
PMD,27,3,51,0.761,Plasma,Plasma,Other
PMD,27,4,52,0.652,Plasma,Plasma,Other
PMD,27,6,54,0.599,Plasma,Plasma,Other
PMD,28,0,48,0.19,Plasma,Plasma,Other
PMD,28,0.5,48.5,0.236,Plasma,Plasma,Other
PMD,28,1,49,0.41,Plasma,Plasma,Other
PMD,28,2,50,0.732,Plasma,Plasma,Other
PMD,28,3,51,1.11,Plasma,Plasma,Other
PMD,28,4,52,2.13,Plasma,Plasma,Other
PMD,28,6,54,2.63,Plasma,Plasma,Other
PMD,28,8,56,2.18,Plasma,Plasma,Other
PMD,28,24,72,0.759,Plasma,Plasma,Other
PMD,29,0,48,0.38,Plasma,Plasma,Other
PMD,29,0.5,48.5,0.443,Plasma,Plasma,Other
PMD,29,1,49,0.56,Plasma,Plasma,Other
PMD,29,2,50,1.13,Plasma,Plasma,Other
PMD,29,3,51,1.69,Plasma,Plasma,Other
PMD,29,4,52,1.95,Plasma,Plasma,Other
PMD,29,6,54,2.37,Plasma,Plasma,Other
PMD,29,8,56,3.02,Plasma,Plasma,Other
PMD,29,24,72,0.296,Plasma,Plasma,Other
PMD,30,0,48,0.217,Plasma,Plasma,Other
PMD,30,0.5,48.5,0.568,Plasma,Plasma,Other
PMD,30,1,49,1.23,Plasma,Plasma,Other
PMD,30,2,50,2.21,Plasma,Plasma,Other
PMD,30,3,51,2.58,Plasma,Plasma,Other
PMD,30,4,52,3.48,Plasma,Plasma,Other
PMD,30,6,54,3.16,Plasma,Plasma,Other
PMD,30,8,56,2.57,Plasma,Plasma,Other
PMD,30,24,72,0.276,Plasma,Plasma,Other
RPT,3066,0,144,15.1,Plasma,Plasma,Other
RPT,3066,0.5,144.48,16.6,Plasma,Plasma,Other
RPT,3066,1,144.96,19.4,Plasma,Plasma,Other
RPT,3066,2,145.92,13.9,Plasma,Plasma,Other
RPT,3066,4,148.08,13.8,Plasma,Plasma,Other
RPT,3066,6,150,13.4,Plasma,Plasma,Other
RPT,3067,0,144,34.8,Plasma,Plasma,Other
RPT,3067,0.5,144.48,36,Plasma,Plasma,Other
RPT,3067,1,144.96,33.7,Plasma,Plasma,Other
RPT,3067,2,145.92,28.3,Plasma,Plasma,Other
RPT,3067,4,148.08,37.8,Plasma,Plasma,Other
RPT,3067,6,150,58.7,Plasma,Plasma,Other
RPT,3068,0,144,15,Plasma,Plasma,Other
RPT,3068,0.5,144.48,18.7,Plasma,Plasma,Other
RPT,3068,1,144.96,22.8,Plasma,Plasma,Other
RPT,3068,2,145.92,32.5,Plasma,Plasma,Other
RPT,3068,4,148.08,53,Plasma,Plasma,Other
RPT,3068,6,150,53,Plasma,Plasma,Other
RPT,3069,0,144,9.56,Plasma,Plasma,Other
RPT,3069,0.5,144.48,13,Plasma,Plasma,Other
RPT,3069,1,144.96,17,Plasma,Plasma,Other
RPT,3069,2,145.92,14,Plasma,Plasma,Other
RPT,3069,4,148.08,23.4,Plasma,Plasma,Other
RPT,3069,6,150,27.3,Plasma,Plasma,Other
RPT,3069,8,151.92,21.4,Plasma,Plasma,Other
RPT,3069,24,168,6.91,Plasma,Plasma,Other
RPT,3070,0,144,14.1,Plasma,Plasma,Other
RPT,3070,0.5,144.48,18.1,Plasma,Plasma,Other
RPT,3070,1,144.96,17.1,Plasma,Plasma,Other
RPT,3070,2,145.92,24.3,Plasma,Plasma,Other
RPT,3070,4,148.08,38.9,Plasma,Plasma,Other
RPT,3070,6,150,33.7,Plasma,Plasma,Other
RPT,3070,8,151.92,27.8,Plasma,Plasma,Other
RPT,3070,24,168,7.3,Plasma,Plasma,Other
RPT,3079,0,984,2.61,Plasma,Plasma,Other
RPT,3079,0.5,984.48,4.26,Plasma,Plasma,Other
RPT,3079,1,984.96,9.38,Plasma,Plasma,Other
RPT,3079,2,985.92,15.9,Plasma,Plasma,Other
RPT,3079,3,987.12,21.7,Plasma,Plasma,Other
RPT,3079,5,989.04,21.4,Plasma,Plasma,Other
RPT,3079,7,990.96,18.3,Plasma,Plasma,Other
RPT,3079,24,1008,3.2,Plasma,Plasma,Other
RPT,3088,0,984,5.24,Plasma,Plasma,Other
RPT,3088,0.5,984.48,7.43,Plasma,Plasma,Other
RPT,3088,1,984.96,10.6,Plasma,Plasma,Other
RPT,3088,2,985.92,40.5,Plasma,Plasma,Other
RPT,3088,3,987.12,40.6,Plasma,Plasma,Other
RPT,3088,5,989.04,48.2,Plasma,Plasma,Other
RPT,3088,7,990.96,36.5,Plasma,Plasma,Other
RPT,3088,24,1008,7.55,Plasma,Plasma,Other
RPT,3090,0,984,4.06,Plasma,Plasma,Other
RPT,3090,0.5,984.48,5.77,Plasma,Plasma,Other
RPT,3090,1,984.96,11.3,Plasma,Plasma,Other
RPT,3090,2,985.92,13.2,Plasma,Plasma,Other
RPT,3090,3,987.12,19.9,Plasma,Plasma,Other
RPT,3090,5,989.04,31.9,Plasma,Plasma,Other
RPT,3090,7,990.96,30.2,Plasma,Plasma,Other
RPT,3090,24,1008,4.49,Plasma,Plasma,Other
RPT,3092,0,984,1.53,Plasma,Plasma,Other
RPT,3092,0.5,984.48,5.25,Plasma,Plasma,Other
RPT,3092,1,984.96,8.39,Plasma,Plasma,Other
RPT,3092,2,985.92,25.9,Plasma,Plasma,Other
RPT,3092,3,987.12,49.6,Plasma,Plasma,Other
RPT,3092,5,989.04,40.7,Plasma,Plasma,Other
RPT,3092,7,990.96,30.8,Plasma,Plasma,Other
RPT,3092,24,1008,5.47,Plasma,Plasma,Other
RPT,3145,0,144,14.2,Plasma,Plasma,Other
RPT,3145,0.5,144.48,13.8,Plasma,Plasma,Other
RPT,3145,1,144.96,19.9,Plasma,Plasma,Other
RPT,3145,2,145.92,27.7,Plasma,Plasma,Other
RPT,3145,4,148.08,18.4,Plasma,Plasma,Other
RPT,3145,6,150,36.7,Plasma,Plasma,Other
RPT,3145,8,151.92,46.4,Plasma,Plasma,Other
RPT,3145,24,168,15.5,Plasma,Plasma,Other
RPT,2638,0,0,0.000193,Plasma,Plasma,Other
RPT,2638,0.5,0.5,0.0148,Plasma,Plasma,Other
RPT,2638,1,1,0.0405,Plasma,Plasma,Other
RPT,2638,2,2,0.0403,Plasma,Plasma,Other
RPT,2638,4,4,0.0416,Plasma,Plasma,Other
RPT,2638,6,6,0.0366,Plasma,Plasma,Other
RPT,2638,8,8,0.0243,Plasma,Plasma,Other
RPT,2638,24,24,0.00103,Plasma,Plasma,Other
RPT,2639,0,0,5.04E-05,Plasma,Plasma,Other
RPT,2639,0.5,0.5,0.0341,Plasma,Plasma,Other
RPT,2639,1,1,0.124,Plasma,Plasma,Other
RPT,2639,2,2,0.136,Plasma,Plasma,Other
RPT,2639,4,4,0.108,Plasma,Plasma,Other
RPT,2639,6,6,0.0948,Plasma,Plasma,Other
RPT,2639,8,8,0.0684,Plasma,Plasma,Other
RPT,2639,24,24,0.0057,Plasma,Plasma,Other
RPT,2810,0,0,4.86E-05,Plasma,Plasma,Other
RPT,2810,0.5,0.5,1.00E-05,Plasma,Plasma,Other
RPT,2810,1,1,0.00143,Plasma,Plasma,Other
RPT,2810,2,2,0.00718,Plasma,Plasma,Other
RPT,2810,4,4,0.0375,Plasma,Plasma,Other
RPT,2810,6,6,0.0565,Plasma,Plasma,Other
RPT,2810,8,8,0.0751,Plasma,Plasma,Other
RPT,2810,24,24,0.00592,Plasma,Plasma,Other
RPT,2813,0,0,1.00E-05,Plasma,Plasma,Other
RPT,2813,0.5,0.5,0.403,Plasma,Plasma,Other
RPT,2813,1,1,1.73,Plasma,Plasma,Other
RPT,2813,2,2,4.84,Plasma,Plasma,Other
RPT,2813,4,4,9.57,Plasma,Plasma,Other
RPT,2813,6,6,35.6,Plasma,Plasma,Other
RPT,2813,8,8,20.4,Plasma,Plasma,Other
RPT,2813,24,24,1.61,Plasma,Plasma,Other
RPT,2814,0,0,0.105,Plasma,Plasma,Other
RPT,2814,0.5,0.5,1.47,Plasma,Plasma,Other
RPT,2814,1,1,4.26,Plasma,Plasma,Other
RPT,2814,2,2,6.11,Plasma,Plasma,Other
RPT,2814,4,4,12.2,Plasma,Plasma,Other
RPT,2814,6,6,12,Plasma,Plasma,Other
RPT,2814,8,8,8.47,Plasma,Plasma,Other
RPT,2814,24,24,0.241,Plasma,Plasma,Other
RPT,2815,0,0,1.00E-05,Plasma,Plasma,Other
RPT,2815,0.5,0.5,0.054,Plasma,Plasma,Other
RPT,2815,1,1,0.622,Plasma,Plasma,Other
RPT,2815,2,2,2.49,Plasma,Plasma,Other
RPT,2815,4,4,31.3,Plasma,Plasma,Other
RPT,2815,6,6,42.9,Plasma,Plasma,Other
RPT,2815,8,8,47.9,Plasma,Plasma,Other
RPT,2815,24,24,4.56,Plasma,Plasma,Other
RPT,2820,0,0,1.00E-05,Plasma,Plasma,Other
RPT,2820,0.5,0.5,0.698,Plasma,Plasma,Other
RPT,2820,1,1,2.32,Plasma,Plasma,Other
RPT,2820,2,2,6,Plasma,Plasma,Other
RPT,2820,4,4,13,Plasma,Plasma,Other
RPT,2820,6,6,33.8,Plasma,Plasma,Other
RPT,2820,8,8,25.6,Plasma,Plasma,Other
RPT,2820,24,24,1.72,Plasma,Plasma,Other
RZL,1,0,480,0.0168,Plasma,Plasma,Other
RZL,1,0.5,480.5,0.0194,Plasma,Plasma,Other
RZL,1,1,481,0.0196,Plasma,Plasma,Other
RZL,1,2,482,0.0241,Plasma,Plasma,Other
RZL,1,3,483,0.0273,Plasma,Plasma,Other
RZL,1,5,485,0.0184,Plasma,Plasma,Other
RZL,1,7,487,0.0152,Plasma,Plasma,Other
RZL,1,24,504,0.0169,Plasma,Plasma,Other
RZL,2,0,480,0.0228,Plasma,Plasma,Other
RZL,2,0,480,0.0228,Plasma,Plasma,Other
RZL,2,0.5,480.5,0.0223,Plasma,Plasma,Other
RZL,2,0.5,480.5,0.0223,Plasma,Plasma,Other
RZL,2,1,481,0.019,Plasma,Plasma,Other
RZL,2,1,481,0.019,Plasma,Plasma,Other
RZL,2,2,482,0.0234,Plasma,Plasma,Other
RZL,2,2,482,0.0234,Plasma,Plasma,Other
RZL,2,3,483,0.0296,Plasma,Plasma,Other
RZL,2,3,483,0.0296,Plasma,Plasma,Other
RZL,2,5,485,0.0371,Plasma,Plasma,Other
RZL,2,5,485,0.0371,Plasma,Plasma,Other
RZL,2,7,487,0.0334,Plasma,Plasma,Other
RZL,2,7,487,0.0334,Plasma,Plasma,Other
RZL,2,24,504,0.0216,Plasma,Plasma,Other
RZL,2,24,504,0.0216,Plasma,Plasma,Other
RZL,2,0,984,0.0171,Plasma,Plasma,Other
RZL,2,0,984,0.0171,Plasma,Plasma,Other
RZL,2,0.5,984.5,0.0192,Plasma,Plasma,Other
RZL,2,0.5,984.5,0.0192,Plasma,Plasma,Other
RZL,2,1,985,0.0203,Plasma,Plasma,Other
RZL,2,1,985,0.0203,Plasma,Plasma,Other
RZL,2,2,986,0.0258,Plasma,Plasma,Other
RZL,2,2,986,0.0258,Plasma,Plasma,Other
RZL,2,3,987,0.0279,Plasma,Plasma,Other
RZL,2,3,987,0.0279,Plasma,Plasma,Other
RZL,2,5,989,0.0243,Plasma,Plasma,Other
RZL,2,5,989,0.0243,Plasma,Plasma,Other
RZL,2,7,991,0.0205,Plasma,Plasma,Other
RZL,2,7,991,0.0205,Plasma,Plasma,Other
RZL,2,24,1008,0.0283,Plasma,Plasma,Other
RZL,2,24,1008,0.0283,Plasma,Plasma,Other
RZL,3,0,480,0.0368,Plasma,Plasma,Other
RZL,3,0,480,0.0368,Plasma,Plasma,Other
RZL,3,0.5,480.5,0.0321,Plasma,Plasma,Other
RZL,3,0.5,480.5,0.0321,Plasma,Plasma,Other
RZL,3,1,481,0.0332,Plasma,Plasma,Other
RZL,3,1,481,0.0332,Plasma,Plasma,Other
RZL,3,2,482,0.0306,Plasma,Plasma,Other
RZL,3,2,482,0.0306,Plasma,Plasma,Other
RZL,3,3,483,0.032,Plasma,Plasma,Other
RZL,3,3,483,0.032,Plasma,Plasma,Other
RZL,3,5,485,0.0283,Plasma,Plasma,Other
RZL,3,5,485,0.0283,Plasma,Plasma,Other
RZL,3,7,487,0.0209,Plasma,Plasma,Other
RZL,3,7,487,0.0209,Plasma,Plasma,Other
RZL,3,24,504,0.0349,Plasma,Plasma,Other
RZL,3,24,504,0.0349,Plasma,Plasma,Other
RZL,3,0,984,0.0127,Plasma,Plasma,Other
RZL,3,0,984,0.0127,Plasma,Plasma,Other
RZL,3,0.5,984.5,0.0123,Plasma,Plasma,Other
RZL,3,0.5,984.5,0.0123,Plasma,Plasma,Other
RZL,3,1,985,0.0137,Plasma,Plasma,Other
RZL,3,1,985,0.0137,Plasma,Plasma,Other
RZL,3,2,986,0.0167,Plasma,Plasma,Other
RZL,3,2,986,0.0167,Plasma,Plasma,Other
RZL,3,3,987,0.0193,Plasma,Plasma,Other
RZL,3,3,987,0.0193,Plasma,Plasma,Other
RZL,3,5,989,0.0172,Plasma,Plasma,Other
RZL,3,5,989,0.0172,Plasma,Plasma,Other
RZL,3,7,991,0.0116,Plasma,Plasma,Other
RZL,3,7,991,0.0116,Plasma,Plasma,Other
RZL,3,24,1008,0.0142,Plasma,Plasma,Other
RZL,3,24,1008,0.0142,Plasma,Plasma,Other
RZL,4,0,480,0.00829,Plasma,Plasma,Other
RZL,4,0.5,480.5,0.0108,Plasma,Plasma,Other
RZL,4,1,481,0.0163,Plasma,Plasma,Other
RZL,4,2,482,0.0228,Plasma,Plasma,Other
RZL,4,3,483,0.0216,Plasma,Plasma,Other
RZL,4,5,485,0.0177,Plasma,Plasma,Other
RZL,4,7,487,0.0123,Plasma,Plasma,Other
RZL,4,24,504,0.0159,Plasma,Plasma,Other
RZL,5,0,0,0,Plasma,Plasma,Other
RZL,5,0.5,0.5,0,Plasma,Plasma,Other
RZL,5,1,1,0,Plasma,Plasma,Other
RZL,5,2,2,0,Plasma,Plasma,Other
RZL,5,4,4,0.0141,Plasma,Plasma,Other
RZL,5,6,6,0.0234,Plasma,Plasma,Other
RZL,5,8,8,0.0175,Plasma,Plasma,Other
RZL,5,24,24,0.0272,Plasma,Plasma,Other
RZL,6,0,0,0,Plasma,Plasma,Other
RZL,6,0.5,0.5,0.00286,Plasma,Plasma,Other
RZL,6,1,1,0.00221,Plasma,Plasma,Other
RZL,6,2,2,0.0062,Plasma,Plasma,Other
RZL,6,4,4,0.011,Plasma,Plasma,Other
RZL,6,6,6,0.00975,Plasma,Plasma,Other
RZL,6,8,8,0.0111,Plasma,Plasma,Other
RZL,6,24,24,0.00917,Plasma,Plasma,Other
RZL,7,0,0,0,Plasma,Plasma,Other
RZL,7,0.5,0.5,0,Plasma,Plasma,Other
RZL,7,1,1,0,Plasma,Plasma,Other
RZL,7,2,2,0.00448,Plasma,Plasma,Other
RZL,7,4,4,0.0176,Plasma,Plasma,Other
RZL,7,6,6,0.0225,Plasma,Plasma,Other
RZL,7,8,8,0.0215,Plasma,Plasma,Other
RZL,7,24,24,0.01,Plasma,Plasma,Other
RZL,8,0,0,0,Plasma,Plasma,Other
RZL,8,0.5,0.5,0,Plasma,Plasma,Other
RZL,8,1,1,0,Plasma,Plasma,Other
RZL,8,2,2,0.00831,Plasma,Plasma,Other
RZL,8,4,4,0.0259,Plasma,Plasma,Other
RZL,8,6,6,0.0166,Plasma,Plasma,Other
RZL,8,8,8,0.021,Plasma,Plasma,Other
RZL,8,24,24,0.00485,Plasma,Plasma,Other
RZL,9,0,0,0,Plasma,Plasma,Other
RZL,9,0.5,0.5,0,Plasma,Plasma,Other
RZL,9,1,1,0.00614,Plasma,Plasma,Other
RZL,9,2,2,0.0331,Plasma,Plasma,Other
RZL,9,4,4,0.0375,Plasma,Plasma,Other
RZL,9,6,6,0.0254,Plasma,Plasma,Other
RZL,9,8,8,0.0255,Plasma,Plasma,Other
RZL,9,24,24,0.00791,Plasma,Plasma,Other
RZL,10,0,0,0,Plasma,Plasma,Other
RZL,10,0.5,0.5,0,Plasma,Plasma,Other
RZL,10,1,1,0,Plasma,Plasma,Other
RZL,10,2,2,0.0152,Plasma,Plasma,Other
RZL,10,4,4,0.0283,Plasma,Plasma,Other
RZL,10,6,6,0.0227,Plasma,Plasma,Other
RZL,10,8,8,0.0158,Plasma,Plasma,Other
RZL,10,24,24,0.00547,Plasma,Plasma,Other
RZL,11,0,144,0.0161,Plasma,Plasma,Other
RZL,11,0.5,144.5,0.0215,Plasma,Plasma,Other
RZL,11,1,145,0.0232,Plasma,Plasma,Other
RZL,11,2,146,0.0308,Plasma,Plasma,Other
RZL,11,4,148,0.0237,Plasma,Plasma,Other
RZL,11,6,150,0.0251,Plasma,Plasma,Other
RZL,11,8,152,0.018,Plasma,Plasma,Other
RZL,11,24,168,0.0126,Plasma,Plasma,Other
RZL,11,24,168,0.0143,Plasma,Plasma,Other
RZL,12,24,24,0.00662,Plasma,Plasma,Other
RZL,13,24,168,0.00213,Plasma,Plasma,Other
RZL,14,24,24,0.00294,Plasma,Plasma,Other
RZL,15,24,24,0.00517,Plasma,Plasma,Other
RZL,16,0,144,0.0186,Plasma,Plasma,Other
RZL,16,0.5,144.5,0.0218,Plasma,Plasma,Other
RZL,16,1,145,0.0274,Plasma,Plasma,Other
RZL,16,2,146,0.0237,Plasma,Plasma,Other
RZL,16,4,148,0.0224,Plasma,Plasma,Other
RZL,16,6,150,0.0229,Plasma,Plasma,Other
RZL,16,8,152,0.0204,Plasma,Plasma,Other
RZL,16,24,168,0.011,Plasma,Plasma,Other
RZL,16,24,168,0.0114,Plasma,Plasma,Other
RZL,17,0,144,0.0165,Plasma,Plasma,Other
RZL,17,0.5,144.5,0.0199,Plasma,Plasma,Other
RZL,17,1,145,0.0228,Plasma,Plasma,Other
RZL,17,2,146,0.0304,Plasma,Plasma,Other
RZL,17,4,148,0.0186,Plasma,Plasma,Other
RZL,17,6,150,0.0155,Plasma,Plasma,Other
RZL,17,8,152,0.0139,Plasma,Plasma,Other
RZL,17,24,168,0.0157,Plasma,Plasma,Other
RZL,17,24,168,0.0148,Plasma,Plasma,Other
RZL,18,24,24,0.00421,Plasma,Plasma,Other
RZL,19,24,24,0.00391,Plasma,Plasma,Other
RZL,20,24,24,0.00666,Plasma,Plasma,Other
RZL,21,24,168,0.00765,Plasma,Plasma,Other
RZL,22,0,0,0,Plasma,Plasma,Other
RZL,22,0.5,0.5,0.000206,Plasma,Plasma,Other
RZL,22,1,1,0.00123,Plasma,Plasma,Other
RZL,22,2,2,0.00573,Plasma,Plasma,Other
RZL,22,4,4,0.0105,Plasma,Plasma,Other
RZL,22,6,6,0.0113,Plasma,Plasma,Other
RZL,22,8,8,0.0105,Plasma,Plasma,Other
RZL,22,24,24,0.00377,Plasma,Plasma,Other
RZL,23,0,0,0,Plasma,Plasma,Other
RZL,23,0.5,0.5,0,Plasma,Plasma,Other
RZL,23,1,1,0.00174,Plasma,Plasma,Other
RZL,23,2,2,0.00498,Plasma,Plasma,Other
RZL,23,4,4,0.0079,Plasma,Plasma,Other
RZL,23,6,6,0.0102,Plasma,Plasma,Other
RZL,23,8,8,0.0138,Plasma,Plasma,Other
RZL,23,24,24,0.00668,Plasma,Plasma,Other
RZL,24,0,936,0.0161,Plasma,Plasma,Other
RZL,24,0.5,936.5,0.0161,Plasma,Plasma,Other
RZL,24,1,937,0.0206,Plasma,Plasma,Other
RZL,24,2,938,0.0284,Plasma,Plasma,Other
RZL,24,3,939,0.0496,Plasma,Plasma,Other
RZL,24,5,941,0.0505,Plasma,Plasma,Other
RZL,24,7,943,0.0621,Plasma,Plasma,Other
RZL,24,24,960,0.0329,Plasma,Plasma,Other
RZL,25,0,576,0.0126,Plasma,Plasma,Other
RZL,25,0.5,576.5,0.0175,Plasma,Plasma,Other
RZL,25,1,577,0.0233,Plasma,Plasma,Other
RZL,25,2,578,0.0246,Plasma,Plasma,Other
RZL,25,3,579,0.0215,Plasma,Plasma,Other
RZL,25,5,581,0.014,Plasma,Plasma,Other
RZL,25,7,583,0.00996,Plasma,Plasma,Other
RZL,25,24,600,0.00865,Plasma,Plasma,Other
RZL,26,0,936,0.023,Plasma,Plasma,Other
RZL,26,0.5,936.5,0.024,Plasma,Plasma,Other
RZL,26,1,937,0.0269,Plasma,Plasma,Other
RZL,26,2,938,0.0452,Plasma,Plasma,Other
RZL,26,3,939,0.0459,Plasma,Plasma,Other
RZL,26,5,941,0.0647,Plasma,Plasma,Other
RZL,26,7,943,0.0466,Plasma,Plasma,Other
RZL,26,24,960,0.0351,Plasma,Plasma,Other
RZL,27,0,936,0.00638,Plasma,Plasma,Other
RZL,27,0.5,936.5,0.0122,Plasma,Plasma,Other
RZL,27,1,937,0.0213,Plasma,Plasma,Other
RZL,27,2,938,0.0374,Plasma,Plasma,Other
RZL,27,3,939,0.03,Plasma,Plasma,Other
RZL,27,5,941,0.0212,Plasma,Plasma,Other
RZL,27,7,943,0.0175,Plasma,Plasma,Other
RZL,27,24,960,0.0176,Plasma,Plasma,Other
RZL,28,0,576,0.0128,Plasma,Plasma,Other
RZL,28,0.5,576.5,0.013,Plasma,Plasma,Other
RZL,28,1,577,0.0124,Plasma,Plasma,Other
RZL,28,2,578,0.0162,Plasma,Plasma,Other
RZL,28,3,579,0.0174,Plasma,Plasma,Other
RZL,28,5,581,0.0274,Plasma,Plasma,Other
RZL,28,7,583,0.03,Plasma,Plasma,Other
RZL,28,24,600,0.0146,Plasma,Plasma,Other
RZL,29,0,936,0.0104,Plasma,Plasma,Other
RZL,29,0.5,936.5,0.0124,Plasma,Plasma,Other
RZL,29,1,937,0.0182,Plasma,Plasma,Other
RZL,29,2,938,0.0256,Plasma,Plasma,Other
RZL,29,3,939,0.0298,Plasma,Plasma,Other
RZL,29,5,941,0.0229,Plasma,Plasma,Other
RZL,29,7,943,0.0149,Plasma,Plasma,Other
RZL,29,24,960,0.0144,Plasma,Plasma,Other
RZL,30,0,576,0.0119,Plasma,Plasma,Other
RZL,30,0.5,576.5,0.0171,Plasma,Plasma,Other
RZL,30,1,577,0.0195,Plasma,Plasma,Other
RZL,30,2,578,0.0242,Plasma,Plasma,Other
RZL,30,3,579,0.0274,Plasma,Plasma,Other
RZL,30,5,581,0.0126,Plasma,Plasma,Other
RZL,30,7,583,0.0242,Plasma,Plasma,Other
RZL,30,24,600,0.0143,Plasma,Plasma,Other
RZL,31,0,576,0.00548,Plasma,Plasma,Other
RZL,31,0.5,576.5,0.00776,Plasma,Plasma,Other
RZL,31,1,577,0.00902,Plasma,Plasma,Other
RZL,31,2,578,0.0126,Plasma,Plasma,Other
RZL,31,3,579,0.0187,Plasma,Plasma,Other
RZL,31,5,581,0.0232,Plasma,Plasma,Other
RZL,31,7,583,0.0148,Plasma,Plasma,Other
RZL,31,24,600,0.0131,Plasma,Plasma,Other
RBT,1,0,480,0.121,Plasma,Plasma,Other
RBT,1,0.5,480.5,0.294,Plasma,Plasma,Other
RBT,1,1,481,0.768,Plasma,Plasma,Other
RBT,1,2,482,0.715,Plasma,Plasma,Other
RBT,1,3,483,0.455,Plasma,Plasma,Other
RBT,1,5,485,0.331,Plasma,Plasma,Other
RBT,1,7,487,0.201,Plasma,Plasma,Other
RBT,1,24,504,0.0973,Plasma,Plasma,Other
RBT,2,0,480,0.0978,Plasma,Plasma,Other
RBT,2,0.5,480.5,0.309,Plasma,Plasma,Other
RBT,2,1,481,0.75,Plasma,Plasma,Other
RBT,2,2,482,0.637,Plasma,Plasma,Other
RBT,2,3,483,0.494,Plasma,Plasma,Other
RBT,2,5,485,0.302,Plasma,Plasma,Other
RBT,2,7,487,0.222,Plasma,Plasma,Other
RBT,2,24,504,0.104,Plasma,Plasma,Other
RBT,3,0,480,0.192,Plasma,Plasma,Other
RBT,3,0.5,480.5,0.343,Plasma,Plasma,Other
RBT,3,1,481,0.783,Plasma,Plasma,Other
RBT,3,2,482,0.956,Plasma,Plasma,Other
RBT,3,3,483,0.803,Plasma,Plasma,Other
RBT,3,5,485,0.53,Plasma,Plasma,Other
RBT,3,7,487,0.365,Plasma,Plasma,Other
RBT,3,24,504,0.198,Plasma,Plasma,Other
RBT,4,0,480,0.0789,Plasma,Plasma,Other
RBT,4,0.5,480.5,0.0947,Plasma,Plasma,Other
RBT,4,1,481,0.493,Plasma,Plasma,Other
RBT,4,2,482,0.467,Plasma,Plasma,Other
RBT,4,3,483,0.393,Plasma,Plasma,Other
RBT,4,5,485,0.239,Plasma,Plasma,Other
RBT,4,7,487,0.221,Plasma,Plasma,Other
RBT,4,24,504,0.0959,Plasma,Plasma,Other
RBT,5,0,984,0.0792,Plasma,Plasma,Other
RBT,5,0.5,984.5,0.675,Plasma,Plasma,Other
RBT,5,1,985,0.901,Plasma,Plasma,Other
RBT,5,2,986,0.572,Plasma,Plasma,Other
RBT,5,3,987,0.45,Plasma,Plasma,Other
RBT,5,5,989,0.214,Plasma,Plasma,Other
RBT,5,7,991,0.207,Plasma,Plasma,Other
RBT,5,24,1008,0.0844,Plasma,Plasma,Other
RBT,6,0,984,0.149,Plasma,Plasma,Other
RBT,6,0.5,984.5,0.754,Plasma,Plasma,Other
RBT,6,1,985,1.13,Plasma,Plasma,Other
RBT,6,2,986,1.09,Plasma,Plasma,Other
RBT,6,3,987,0.881,Plasma,Plasma,Other
RBT,6,5,989,0.626,Plasma,Plasma,Other
RBT,6,7,991,0.385,Plasma,Plasma,Other
RBT,6,24,1008,0.181,Plasma,Plasma,Other
RBT,7,0,144,0.105,Plasma,Plasma,Other
RBT,7,0.5,144.5,0.39,Plasma,Plasma,Other
RBT,7,1,145,0.658,Plasma,Plasma,Other
RBT,7,2,146,0.61,Plasma,Plasma,Other
RBT,7,4,148,0.377,Plasma,Plasma,Other
RBT,7,6,150,0.302,Plasma,Plasma,Other
RBT,7,8,152,0.257,Plasma,Plasma,Other
RBT,7,24,168,0.148,Plasma,Plasma,Other
RBT,8,0,144,0.0968,Plasma,Plasma,Other
RBT,8,0.5,144.5,0.351,Plasma,Plasma,Other
RBT,8,1,145,0.546,Plasma,Plasma,Other
RBT,8,2,146,0.546,Plasma,Plasma,Other
RBT,8,4,148,0.419,Plasma,Plasma,Other
RBT,8,6,150,0.298,Plasma,Plasma,Other
RBT,8,8,152,0.255,Plasma,Plasma,Other
RBT,8,24,168,0.0671,Plasma,Plasma,Other
RBT,9,24,24,0.0707,Plasma,Plasma,Other
RBT,10,24,24,0.0666,Plasma,Plasma,Other
RBT,11,24,24,0.036,Plasma,Plasma,Other
RBT,12,24,24,0.0175,Plasma,Plasma,Other
RBT,13,24,24,0.0576,Plasma,Plasma,Other
RBT,14,0,144,0.126,Plasma,Plasma,Other
RBT,14,0.5,144.5,0.432,Plasma,Plasma,Other
RBT,14,1,145,0.962,Plasma,Plasma,Other
RBT,14,2,146,1,Plasma,Plasma,Other
RBT,14,4,148,0.792,Plasma,Plasma,Other
RBT,14,6,150,0.397,Plasma,Plasma,Other
RBT,14,8,152,0.301,Plasma,Plasma,Other
RBT,14,24,168,0.112,Plasma,Plasma,Other
RBT,15,24,24,0.0772,Plasma,Plasma,Other
RBT,16,24,24,0.0414,Plasma,Plasma,Other
RBT,17,24,24,0.0285,Plasma,Plasma,Other
RBT,18,24,24,0.0438,Plasma,Plasma,Other
RBT,19,0,144,0.0621,Plasma,Plasma,Other
RBT,19,0.5,144.5,0.338,Plasma,Plasma,Other
RBT,19,1,145,0.619,Plasma,Plasma,Other
RBT,19,2,146,0.708,Plasma,Plasma,Other
RBT,19,4,148,0.56,Plasma,Plasma,Other
RBT,19,6,150,0.292,Plasma,Plasma,Other
RBT,19,8,152,0.177,Plasma,Plasma,Other
RBT,19,24,168,0.235,Plasma,Plasma,Other
RBT,20,0,144,0.0639,Plasma,Plasma,Other
RBT,20,0.5,144.5,0.305,Plasma,Plasma,Other
RBT,20,1,145,0.535,Plasma,Plasma,Other
RBT,20,2,146,0.821,Plasma,Plasma,Other
RBT,20,4,148,0.498,Plasma,Plasma,Other
RBT,20,6,150,0.262,Plasma,Plasma,Other
RBT,20,8,152,0.193,Plasma,Plasma,Other
RBT,20,24,168,0.0521,Plasma,Plasma,Other
RBT,21,0,144,0.0592,Plasma,Plasma,Other
RBT,21,0.5,144.5,0.229,Plasma,Plasma,Other
RBT,21,1,145,0.384,Plasma,Plasma,Other
RBT,21,2,146,0.523,Plasma,Plasma,Other
RBT,21,4,148,0.574,Plasma,Plasma,Other
RBT,21,6,150,0.312,Plasma,Plasma,Other
RBT,22,0,144,0.042,Plasma,Plasma,Other
RBT,22,0.5,144.5,0.131,Plasma,Plasma,Other
RBT,22,1,145,0.391,Plasma,Plasma,Other
RBT,22,2,146,0.511,Plasma,Plasma,Other
RBT,22,4,148,0.364,Plasma,Plasma,Other
RBT,22,6,150,0.252,Plasma,Plasma,Other
RBT,23,0,144,0.0464,Plasma,Plasma,Other
RBT,23,1.5,145.5,0.504,Plasma,Plasma,Other
RBT,23,2,146,0.566,Plasma,Plasma,Other
RBT,23,4,148,0.34,Plasma,Plasma,Other
RBT,23,6,150,0.211,Plasma,Plasma,Other
RBT,24,0,936,0.143,Plasma,Plasma,Other
RBT,24,0.5,936.5,0.291,Plasma,Plasma,Other
RBT,24,1,937,0.595,Plasma,Plasma,Other
RBT,24,2,938,0.988,Plasma,Plasma,Other
RBT,24,3,939,0.883,Plasma,Plasma,Other
RBT,24,5,941,0.508,Plasma,Plasma,Other
RBT,24,7,943,0.304,Plasma,Plasma,Other
RBT,24,24,960,0.13,Plasma,Plasma,Other
RBT,25,0,936,0.165,Plasma,Plasma,Other
RBT,25,0.5,936.5,0.331,Plasma,Plasma,Other
RBT,25,1,937,0.894,Plasma,Plasma,Other
RBT,25,2,938,1.03,Plasma,Plasma,Other
RBT,25,3,939,0.865,Plasma,Plasma,Other
RBT,25,5,941,0.577,Plasma,Plasma,Other
RBT,25,7,943,0.447,Plasma,Plasma,Other
RBT,25,24,960,0.178,Plasma,Plasma,Other
RBT,26,0,936,0.182,Plasma,Plasma,Other
RBT,26,0.5,936.5,0.16,Plasma,Plasma,Other
RBT,26,1,937,0.372,Plasma,Plasma,Other
RBT,26,2,938,0.876,Plasma,Plasma,Other
RBT,26,3,939,0.831,Plasma,Plasma,Other
RBT,26,5,941,0.583,Plasma,Plasma,Other
RBT,26,7,943,0.369,Plasma,Plasma,Other
RBT,26,24,960,0.114,Plasma,Plasma,Other
RBT,27,0,576,0.0639,Plasma,Plasma,Other
RBT,27,0.5,576.5,0.124,Plasma,Plasma,Other
RBT,27,1,577,0.232,Plasma,Plasma,Other
RBT,27,2,578,0.465,Plasma,Plasma,Other
RBT,27,3,579,0.462,Plasma,Plasma,Other
RBT,27,5,581,0.297,Plasma,Plasma,Other
RBT,27,7,583,0.211,Plasma,Plasma,Other
RBT,27,24,600,0.0713,Plasma,Plasma,Other
RBT,28,0,576,0.0708,Plasma,Plasma,Other
RBT,28,0.5,576.5,0.121,Plasma,Plasma,Other
RBT,28,1,577,0.227,Plasma,Plasma,Other
RBT,28,2,578,0.638,Plasma,Plasma,Other
RBT,28,3,579,0.593,Plasma,Plasma,Other
RBT,28,5,581,0.321,Plasma,Plasma,Other
RBT,28,7,583,0.225,Plasma,Plasma,Other
RBT,28,24,600,0.0555,Plasma,Plasma,Other
RBT,29,0,576,0.127,Plasma,Plasma,Other
RBT,29,0.5,576.5,0.315,Plasma,Plasma,Other
RBT,29,1,577,0.301,Plasma,Plasma,Other
RBT,29,2,578,0.456,Plasma,Plasma,Other
RBT,29,3,579,0.505,Plasma,Plasma,Other
RBT,29,5,581,0.596,Plasma,Plasma,Other
RBT,29,7,583,0.446,Plasma,Plasma,Other
RBT,29,24,600,0.0995,Plasma,Plasma,Other
RBT,30,0,576,0.0898,Plasma,Plasma,Other
RBT,30,0.5,576.5,0.159,Plasma,Plasma,Other
RBT,30,1,577,0.398,Plasma,Plasma,Other
RBT,30,2,578,0.771,Plasma,Plasma,Other
RBT,30,3,579,0.771,Plasma,Plasma,Other
RBT,30,5,581,0.501,Plasma,Plasma,Other
RBT,30,7,583,0.353,Plasma,Plasma,Other
RBT,30,24,600,0.103,Plasma,Plasma,Other
RBT,31,0,936,0.224,Plasma,Plasma,Other
RBT,31,0.5,936.5,0.335,Plasma,Plasma,Other
RBT,31,1,937,1.06,Plasma,Plasma,Other
RBT,31,2,938,0.777,Plasma,Plasma,Other
RBT,31,3,939,0.931,Plasma,Plasma,Other
RBT,31,5,941,0.516,Plasma,Plasma,Other
RBT,31,7,943,0.394,Plasma,Plasma,Other
RBT,31,24,960,0.112,Plasma,Plasma,Other
SZD,1,6,102,0.0088,Plasma,Plasma,Other
SZD,2,3,99,0.0049,Plasma,Plasma,Other
SZD,3,3,99,0.0528,Plasma,Plasma,Other
SZD,4,6,102,0.0072,Plasma,Plasma,Other
SZD,5,0,48,0.00585,Plasma,Plasma,Other
SZD,5,0,48,0.00585,Plasma,Plasma,Other
SZD,5,0.5,48.5,0.476,Plasma,Plasma,Other
SZD,5,0.5,48.5,0.476,Plasma,Plasma,Other
SZD,5,1,49,0.506,Plasma,Plasma,Other
SZD,5,1,49,0.506,Plasma,Plasma,Other
SZD,5,2,50,0.0623,Plasma,Plasma,Other
SZD,5,2,50,0.0623,Plasma,Plasma,Other
SZD,5,3,51,0.515,Plasma,Plasma,Other
SZD,5,3,51,0.515,Plasma,Plasma,Other
SZD,5,4,52,0.12,Plasma,Plasma,Other
SZD,5,4,52,0.12,Plasma,Plasma,Other
SZD,5,6,54,0.323,Plasma,Plasma,Other
SZD,5,6,54,0.323,Plasma,Plasma,Other
SZD,5,8,56,0.937,Plasma,Plasma,Other
SZD,5,8,56,0.937,Plasma,Plasma,Other
SZD,5,24,72,0.00141,Plasma,Plasma,Other
SZD,5,24,72,0.00141,Plasma,Plasma,Other
SZD,6,0,48,0.000806,Plasma,Plasma,Other
SZD,6,0,48,0.000806,Plasma,Plasma,Other
SZD,6,0.5,48.5,0.308,Plasma,Plasma,Other
SZD,6,0.5,48.5,0.308,Plasma,Plasma,Other
SZD,6,1,49,0.913,Plasma,Plasma,Other
SZD,6,1,49,0.913,Plasma,Plasma,Other
SZD,6,2,50,1.38,Plasma,Plasma,Other
SZD,6,2,50,1.38,Plasma,Plasma,Other
SZD,6,3,51,1.3,Plasma,Plasma,Other
SZD,6,3,51,1.3,Plasma,Plasma,Other
SZD,6,4,52,1.87,Plasma,Plasma,Other
SZD,6,4,52,1.87,Plasma,Plasma,Other
SZD,6,6,54,0.524,Plasma,Plasma,Other
SZD,6,6,54,0.524,Plasma,Plasma,Other
SZD,7,0,48,0.0057,Plasma,Plasma,Other
SZD,7,0,48,0.0057,Plasma,Plasma,Other
SZD,7,0.5,48.5,0.0184,Plasma,Plasma,Other
SZD,7,0.5,48.5,0.0184,Plasma,Plasma,Other
SZD,7,1,49,0.161,Plasma,Plasma,Other
SZD,7,1,49,0.161,Plasma,Plasma,Other
SZD,7,2,50,0.98,Plasma,Plasma,Other
SZD,7,2,50,0.98,Plasma,Plasma,Other
SZD,7,3,51,0.25,Plasma,Plasma,Other
SZD,7,3,51,0.25,Plasma,Plasma,Other
SZD,7,4,52,0.607,Plasma,Plasma,Other
SZD,7,4,52,0.607,Plasma,Plasma,Other
SZD,7,6,54,1.53,Plasma,Plasma,Other
SZD,7,6,54,1.53,Plasma,Plasma,Other
SZD,8,0,48,0.00164,Plasma,Plasma,Other
SZD,8,0,48,0.00164,Plasma,Plasma,Other
SZD,8,0.5,48.5,0.445,Plasma,Plasma,Other
SZD,8,0.5,48.5,0.445,Plasma,Plasma,Other
SZD,8,1,49,0.569,Plasma,Plasma,Other
SZD,8,1,49,0.569,Plasma,Plasma,Other
SZD,8,2,50,0.185,Plasma,Plasma,Other
SZD,8,2,50,0.185,Plasma,Plasma,Other
SZD,8,3,51,0.381,Plasma,Plasma,Other
SZD,8,3,51,0.381,Plasma,Plasma,Other
SZD,8,4,52,0.6,Plasma,Plasma,Other
SZD,8,4,52,0.6,Plasma,Plasma,Other
SZD,8,6,54,1.29,Plasma,Plasma,Other
SZD,8,6,54,1.29,Plasma,Plasma,Other
SZD,8,8,56,0.406,Plasma,Plasma,Other
SZD,8,8,56,0.406,Plasma,Plasma,Other
SZD,8,24,72,0.00139,Plasma,Plasma,Other
SZD,8,24,72,0.00139,Plasma,Plasma,Other
SZD,9,0,48,0.00423,Plasma,Plasma,Other
SZD,9,0,48,0.00423,Plasma,Plasma,Other
SZD,9,0.5,48.5,0.00452,Plasma,Plasma,Other
SZD,9,0.5,48.5,0.00452,Plasma,Plasma,Other
SZD,9,1,49,0.00668,Plasma,Plasma,Other
SZD,9,1,49,0.00668,Plasma,Plasma,Other
SZD,9,2,50,0.0446,Plasma,Plasma,Other
SZD,9,2,50,0.0446,Plasma,Plasma,Other
SZD,9,18,66,0.0187,Plasma,Plasma,Other
SZD,9,18,66,0.0187,Plasma,Plasma,Other
SZD,10,0,48,0.00144,Plasma,Plasma,Other
SZD,10,0,48,0.00144,Plasma,Plasma,Other
SZD,10,0.5,48.5,0.00472,Plasma,Plasma,Other
SZD,10,0.5,48.5,0.00472,Plasma,Plasma,Other
SZD,10,1,49,0.00419,Plasma,Plasma,Other
SZD,10,1,49,0.00419,Plasma,Plasma,Other
SZD,10,2,50,0.0145,Plasma,Plasma,Other
SZD,10,2,50,0.0145,Plasma,Plasma,Other
SZD,10,18,66,0.152,Plasma,Plasma,Other
SZD,10,18,66,0.152,Plasma,Plasma,Other
SZD,11,0,48,0.00217,Plasma,Plasma,Other
SZD,11,0.5,48.5,0.0463,Plasma,Plasma,Other
SZD,11,1,49,0.74,Plasma,Plasma,Other
SZD,11,2,50,0.6,Plasma,Plasma,Other
SZD,11,3,51,0.408,Plasma,Plasma,Other
SZD,12,0,48,0.00967,Plasma,Plasma,Other
SZD,12,0.5,48.5,0.0765,Plasma,Plasma,Other
SZD,12,1,49,0.258,Plasma,Plasma,Other
SZD,12,2,50,1.64,Plasma,Plasma,Other
SZD,12,3,51,0.647,Plasma,Plasma,Other
SZD,13,0,48,0.00275,Plasma,Plasma,Other
SZD,13,0.5,48.5,0.0126,Plasma,Plasma,Other
SZD,13,1,49,0.0245,Plasma,Plasma,Other
SZD,13,2,50,0.988,Plasma,Plasma,Other
SZD,13,3,51,0.424,Plasma,Plasma,Other
SZD,13,4,52,0.305,Plasma,Plasma,Other
SZD,13,6,54,0.0993,Plasma,Plasma,Other
SZD,14,0,24,0.000121,Plasma,Plasma,Other
SZD,14,0.5,24.5,0.171,Plasma,Plasma,Other
SZD,14,1,25,0.1,Plasma,Plasma,Other
SZD,14,2,26,0.538,Plasma,Plasma,Other
SZD,14,3,27,0.302,Plasma,Plasma,Other
SZD,14,5,29,0.279,Plasma,Plasma,Other
SZD,14,7,31,0.126,Plasma,Plasma,Other
SZD,14,24,48,0.000549,Plasma,Plasma,Other
SZD,15,0,24,0.000359,Plasma,Plasma,Other
SZD,15,0.5,24.5,0.34,Plasma,Plasma,Other
SZD,15,1,25,0.833,Plasma,Plasma,Other
SZD,15,2,26,0.184,Plasma,Plasma,Other
SZD,15,3,27,0.0947,Plasma,Plasma,Other
SZD,15,5,29,0.106,Plasma,Plasma,Other
SZD,15,7,31,0.0469,Plasma,Plasma,Other
SZD,15,24,48,0.000884,Plasma,Plasma,Other
SZD,16,0,48,0.00412,Plasma,Plasma,Other
SZD,16,0.5,48.5,0.0206,Plasma,Plasma,Other
SZD,16,1,49,0.909,Plasma,Plasma,Other
SZD,16,2,50,0.545,Plasma,Plasma,Other
SZD,16,3,51,0.246,Plasma,Plasma,Other
SZD,16,5,53,0.15,Plasma,Plasma,Other
SZD,16,7,55,0.059,Plasma,Plasma,Other
SZD,16,24,72,0.000743,Plasma,Plasma,Other
SZD,17,0,48,0.000777,Plasma,Plasma,Other
SZD,17,0.5,48.5,0.00728,Plasma,Plasma,Other
SZD,17,1,49,0.0315,Plasma,Plasma,Other
SZD,17,2,50,0.266,Plasma,Plasma,Other
SZD,17,3,51,0.465,Plasma,Plasma,Other
SZD,17,5,53,0.101,Plasma,Plasma,Other
SZD,17,7,55,0.0188,Plasma,Plasma,Other
SZD,17,24,72,0.0085,Plasma,Plasma,Other
SZD,18,0,0,0,Plasma,Plasma,Other
SZD,18,0.5,0.5,0.1,Plasma,Plasma,Other
SZD,18,1,1,0.785,Plasma,Plasma,Other
SZD,18,2,2,3.81,Plasma,Plasma,Other
SZD,18,4,4,2.33,Plasma,Plasma,Other
SZD,18,6,6,0.38,Plasma,Plasma,Other
SZD,18,7,7,0.216,Plasma,Plasma,Other
SZD,18,24,24,0.00136,Plasma,Plasma,Other
SZD,18,0,48,0.00605,Plasma,Plasma,Other
SZD,18,0.5,48.5,0.0965,Plasma,Plasma,Other
SZD,18,1,49,0.311,Plasma,Plasma,Other
SZD,18,2,50,0.816,Plasma,Plasma,Other
SZD,18,4,52,0.963,Plasma,Plasma,Other
SZD,18,6,54,0.355,Plasma,Plasma,Other
SZD,18,7,55,0.314,Plasma,Plasma,Other
SZD,18,24,72,0.00218,Plasma,Plasma,Other
SZD,19,0,0,0,Plasma,Plasma,Other
SZD,19,0.5,0.5,1.12,Plasma,Plasma,Other
SZD,19,1,1,0.878,Plasma,Plasma,Other
SZD,19,2,2,5.63,Plasma,Plasma,Other
SZD,19,4,4,3.15,Plasma,Plasma,Other
SZD,19,6,6,0.771,Plasma,Plasma,Other
SZD,19,7,7,0.453,Plasma,Plasma,Other
SZD,19,24,24,0.00129,Plasma,Plasma,Other
SZD,19,0,48,0.0057,Plasma,Plasma,Other
SZD,19,0.5,48.5,0.669,Plasma,Plasma,Other
SZD,19,1,49,3.04,Plasma,Plasma,Other
SZD,19,2,50,2.33,Plasma,Plasma,Other
SZD,19,4,52,1.02,Plasma,Plasma,Other
SZD,19,6,54,0.464,Plasma,Plasma,Other
SZD,19,7,55,0.451,Plasma,Plasma,Other
SZD,19,24,72,0.00768,Plasma,Plasma,Other
SZD,20,0,0,0,Plasma,Plasma,Other
SZD,20,0.5,0.5,0.258,Plasma,Plasma,Other
SZD,20,1,1,4.37,Plasma,Plasma,Other
SZD,20,2,2,3.84,Plasma,Plasma,Other
SZD,20,4,4,2.04,Plasma,Plasma,Other
SZD,20,6,6,0.426,Plasma,Plasma,Other
SZD,20,7,7,0.223,Plasma,Plasma,Other
SZD,20,24,24,0.00113,Plasma,Plasma,Other
SZD,20,0,48,0.00288,Plasma,Plasma,Other
SZD,20,0.5,48.5,0.0182,Plasma,Plasma,Other
SZD,20,1,49,1.19,Plasma,Plasma,Other
SZD,20,2,50,1.42,Plasma,Plasma,Other
SZD,20,4,52,0.747,Plasma,Plasma,Other
SZD,20,6,54,0.705,Plasma,Plasma,Other
SZD,20,7,55,0.72,Plasma,Plasma,Other
SZD,20,24,72,0.00704,Plasma,Plasma,Other
SZD,21,0,0,0,Plasma,Plasma,Other
SZD,21,0.5,0.5,2.42,Plasma,Plasma,Other
SZD,21,1,1,0.754,Plasma,Plasma,Other
SZD,21,2,2,0.102,Plasma,Plasma,Other
SZD,21,3,3,2.47,Plasma,Plasma,Other
SZD,21,5,5,0.878,Plasma,Plasma,Other
SZD,21,7,7,0.153,Plasma,Plasma,Other
SZD,21,24,24,0,Plasma,Plasma,Other
SZD,21,0,96,0,Plasma,Plasma,Other
SZD,21,0.5,96.5,0.229,Plasma,Plasma,Other
SZD,21,1,97,0.27,Plasma,Plasma,Other
SZD,21,2,98,0.912,Plasma,Plasma,Other
SZD,21,3,99,0.348,Plasma,Plasma,Other
SZD,21,5,101,0.254,Plasma,Plasma,Other
SZD,21,7,103,0.0621,Plasma,Plasma,Other
SZD,21,24,120,0,Plasma,Plasma,Other
SZD,22,0,0,0,Plasma,Plasma,Other
SZD,22,0.5,0.5,0.814,Plasma,Plasma,Other
SZD,22,1,1,0.385,Plasma,Plasma,Other
SZD,22,2,2,0.0986,Plasma,Plasma,Other
SZD,22,3,3,0.93,Plasma,Plasma,Other
SZD,22,5,5,0.229,Plasma,Plasma,Other
SZD,22,7,7,0.0579,Plasma,Plasma,Other
SZD,22,24,24,0,Plasma,Plasma,Other
SZD,22,0,96,0,Plasma,Plasma,Other
SZD,22,0.5,96.5,0.373,Plasma,Plasma,Other
SZD,22,1,97,0.151,Plasma,Plasma,Other
SZD,22,2,98,0.493,Plasma,Plasma,Other
SZD,22,3,99,0.234,Plasma,Plasma,Other
SZD,22,5,101,0.138,Plasma,Plasma,Other
SZD,22,7,103,0.0826,Plasma,Plasma,Other
SZD,22,24,120,0,Plasma,Plasma,Other
SZD,23,0,0,0,Plasma,Plasma,Other
SZD,23,0.5,0.5,1.49,Plasma,Plasma,Other
SZD,23,1,1,0.624,Plasma,Plasma,Other
SZD,23,2,2,1.17,Plasma,Plasma,Other
SZD,23,3,3,1.54,Plasma,Plasma,Other
SZD,23,5,5,0.549,Plasma,Plasma,Other
SZD,23,7,7,0.105,Plasma,Plasma,Other
SZD,23,24,24,0,Plasma,Plasma,Other
SZD,23,0,96,0,Plasma,Plasma,Other
SZD,23,0.5,96.5,0.411,Plasma,Plasma,Other
SZD,23,1,97,0.331,Plasma,Plasma,Other
SZD,23,2,98,0.245,Plasma,Plasma,Other
SZD,23,3,99,0.0598,Plasma,Plasma,Other
SZD,23,5,101,0.0605,Plasma,Plasma,Other
SZD,23,7,103,0.0332,Plasma,Plasma,Other
SZD,23,24,120,0,Plasma,Plasma,Other
SZD,24,0,0,0,Plasma,Plasma,Other
SZD,24,0.5,0.5,2.08,Plasma,Plasma,Other
SZD,24,1,1,1.79,Plasma,Plasma,Other
SZD,24,2,2,1.39,Plasma,Plasma,Other
SZD,24,3,3,1.36,Plasma,Plasma,Other
SZD,24,5,5,0.399,Plasma,Plasma,Other
SZD,24,7,7,0.158,Plasma,Plasma,Other
SZD,24,24,24,0,Plasma,Plasma,Other
SZD,24,0,96,0.00243,Plasma,Plasma,Other
SZD,24,0.5,96.5,0.763,Plasma,Plasma,Other
SZD,24,1,97,0.766,Plasma,Plasma,Other
SZD,24,2,98,1.36,Plasma,Plasma,Other
SZD,24,3,99,0.582,Plasma,Plasma,Other
SZD,24,5,101,0.447,Plasma,Plasma,Other
SZD,24,7,103,0.193,Plasma,Plasma,Other
SZD,24,24,120,0.00243,Plasma,Plasma,Other
SZD,25,0,48,0.000286,Plasma,Plasma,Other
SZD,25,0.5,48.5,0.0122,Plasma,Plasma,Other
SZD,25,1,49,0.158,Plasma,Plasma,Other
SZD,25,2,50,0.37,Plasma,Plasma,Other
SZD,25,3,51,0.197,Plasma,Plasma,Other
SZD,25,5,53,0.0823,Plasma,Plasma,Other
SZD,25,7,55,0.051,Plasma,Plasma,Other
SZD,25,24,72,0.000345,Plasma,Plasma,Other
SZD,26,0,48,0.00203,Plasma,Plasma,Other
SZD,26,0.5,48.5,0.578,Plasma,Plasma,Other
SZD,26,1,49,0.788,Plasma,Plasma,Other
SZD,26,2,50,0.462,Plasma,Plasma,Other
SZD,26,3,51,0.11,Plasma,Plasma,Other
SZD,26,5,53,0.157,Plasma,Plasma,Other
SZD,26,7,55,0.0743,Plasma,Plasma,Other
SZD,26,24,72,0.000541,Plasma,Plasma,Other
SZD,27,1,1,0.419,Plasma,Plasma,Other
SZD,27,3,3,7.68,Plasma,Plasma,Other
SZD,27,5,5,12.8,Plasma,Plasma,Other
SZD,27,7,7,5,Plasma,Plasma,Other
SZD,27,24,24,0.00317,Plasma,Plasma,Other
SZD,27,0,48,0.109,Plasma,Plasma,Other
SZD,27,1,49,0.191,Plasma,Plasma,Other
SZD,27,3,51,2.76,Plasma,Plasma,Other
SZD,27,5,53,2.7,Plasma,Plasma,Other
SZD,27,7,55,3.1,Plasma,Plasma,Other
SZD,27,24,72,0.0716,Plasma,Plasma,Other
SZD,28,1,1,2.5,Plasma,Plasma,Other
SZD,28,3,3,3.76,Plasma,Plasma,Other
SZD,28,5,5,3.32,Plasma,Plasma,Other
SZD,28,7,7,3.66,Plasma,Plasma,Other
SZD,28,24,24,0.00502,Plasma,Plasma,Other
SZD,28,0,48,0.0324,Plasma,Plasma,Other
SZD,28,1,49,0.517,Plasma,Plasma,Other
SZD,28,3,51,2.6,Plasma,Plasma,Other
SZD,28,5,53,2.97,Plasma,Plasma,Other
SZD,28,7,55,3.23,Plasma,Plasma,Other
SZD,28,24,72,0.0147,Plasma,Plasma,Other
SZD,29,1,1,0.705,Plasma,Plasma,Other
SZD,29,3,3,11.8,Plasma,Plasma,Other
SZD,29,5,5,4.29,Plasma,Plasma,Other
SZD,29,7,7,1.53,Plasma,Plasma,Other
SZD,29,24,24,0.00339,Plasma,Plasma,Other
SZD,29,0,72,0.0521,Plasma,Plasma,Other
SZD,29,1,73,0.0746,Plasma,Plasma,Other
SZD,29,2,74,0.785,Plasma,Plasma,Other
SZD,29,3,75,0.31,Plasma,Plasma,Other
SZD,30,1,1,2.34,Plasma,Plasma,Other
SZD,30,3,3,12.4,Plasma,Plasma,Other
SZD,30,5,5,3.94,Plasma,Plasma,Other
SZD,30,7,7,1.99,Plasma,Plasma,Other
SZD,30,24,24,0.00203,Plasma,Plasma,Other
SZD,30,0,72,0.0238,Plasma,Plasma,Other
SZD,30,1,73,1.53,Plasma,Plasma,Other
SZD,30,2,74,2.72,Plasma,Plasma,Other
SZD,30,3,75,1.52,Plasma,Plasma,Other
SZD,31,1,1,0.349,Plasma,Plasma,Other
SZD,31,3,3,5.16,Plasma,Plasma,Other
SZD,31,5,5,6.91,Plasma,Plasma,Other
SZD,31,7,7,2.92,Plasma,Plasma,Other
SZD,31,24,24,0.00147,Plasma,Plasma,Other
SZD,31,0,72,0.0503,Plasma,Plasma,Other
SZD,31,1,73,0.223,Plasma,Plasma,Other
SZD,31,2,74,0.601,Plasma,Plasma,Other
SZD,31,3,75,0.466,Plasma,Plasma,Other
SZD,32,1,1,0.469,Plasma,Plasma,Other
SZD,32,3,3,6.32,Plasma,Plasma,Other
SZD,32,5,5,4.72,Plasma,Plasma,Other
SZD,32,7,7,2.15,Plasma,Plasma,Other
SZD,32,24,24,0.00313,Plasma,Plasma,Other
SZD,32,0,72,0.0567,Plasma,Plasma,Other
SZD,32,1,73,0.518,Plasma,Plasma,Other
SZD,32,3,75,1.39,Plasma,Plasma,Other
SZD,32,6,78,0.61,Plasma,Plasma,Other
SZD,33,1,1,2.59,Plasma,Plasma,Other
SZD,33,3,3,5.26,Plasma,Plasma,Other
SZD,33,5,5,6.99,Plasma,Plasma,Other
SZD,33,7,7,2.55,Plasma,Plasma,Other
SZD,33,24,24,0.0045,Plasma,Plasma,Other
SZD,33,0,72,0.0297,Plasma,Plasma,Other
SZD,33,1,73,0.123,Plasma,Plasma,Other
SZD,33,3,75,1.16,Plasma,Plasma,Other
SZD,33,6,78,0.369,Plasma,Plasma,Other
SZD,34,1,1,5.03,Plasma,Plasma,Other
SZD,34,3,3,8.43,Plasma,Plasma,Other
SZD,34,5,5,3.5,Plasma,Plasma,Other
SZD,34,7,7,1.9,Plasma,Plasma,Other
SZD,34,24,24,0.00496,Plasma,Plasma,Other
SZD,34,0,72,0.0588,Plasma,Plasma,Other
SZD,34,1,73,0.354,Plasma,Plasma,Other
SZD,34,3,75,0.243,Plasma,Plasma,Other
SZD,34,6,78,0.805,Plasma,Plasma,Other
SZD,35,1,1,0.531,Plasma,Plasma,Other
SZD,35,3,3,6.64,Plasma,Plasma,Other
SZD,35,5,5,8.59,Plasma,Plasma,Other
SZD,35,7,7,2.69,Plasma,Plasma,Other
SZD,35,24,24,0.00199,Plasma,Plasma,Other
SZD,35,0,72,0.0446,Plasma,Plasma,Other
SZD,35,1,73,0.373,Plasma,Plasma,Other
SZD,35,3,75,1.65,Plasma,Plasma,Other
SZD,35,5,77,2.87,Plasma,Plasma,Other
SZD,35,7,79,1.17,Plasma,Plasma,Other
SZD,35,24,96,0.042,Plasma,Plasma,Other
SZD,36,1,1,0.0458,Plasma,Plasma,Other
SZD,36,3,3,1.76,Plasma,Plasma,Other
SZD,36,5,5,9.49,Plasma,Plasma,Other
SZD,36,7,7,5.85,Plasma,Plasma,Other
SZD,36,24,24,0.0271,Plasma,Plasma,Other
SZD,36,0,72,0.0456,Plasma,Plasma,Other
SZD,36,1,73,2.14,Plasma,Plasma,Other
SZD,36,3,75,2.09,Plasma,Plasma,Other
SZD,36,5,77,0.925,Plasma,Plasma,Other
SZD,36,7,79,0.974,Plasma,Plasma,Other
SZD,36,24,96,0.0785,Plasma,Plasma,Other
SZD,37,0,48,0,Plasma,Plasma,Other
SZD,37,0.5,48.5,0.0747,Plasma,Plasma,Other
SZD,37,1,49,0.202,Plasma,Plasma,Other
SZD,37,2,50,0.0951,Plasma,Plasma,Other
SZD,37,3,51,0.191,Plasma,Plasma,Other
SZD,37,5,53,1.01,Plasma,Plasma,Other
SZD,37,7,55,0.215,Plasma,Plasma,Other
SZD,37,24,72,0,Plasma,Plasma,Other
SZD,38,0,48,0.00115,Plasma,Plasma,Other
SZD,38,0.5,48.5,0.24,Plasma,Plasma,Other
SZD,38,1,49,0.401,Plasma,Plasma,Other
SZD,38,2,50,0.437,Plasma,Plasma,Other
SZD,38,3,51,1.54,Plasma,Plasma,Other
SZD,38,5,53,0.574,Plasma,Plasma,Other
SZD,38,7,55,0.144,Plasma,Plasma,Other
SZD,38,24,72,0.00751,Plasma,Plasma,Other
SZD,39,0,0,0,Plasma,Plasma,Other
SZD,39,0.033333333,0.033333333,8.09,Plasma,Plasma,Other
SZD,39,0.25,0.25,2.97,Plasma,Plasma,Other
SZD,39,0.5,0.5,1.36,Plasma,Plasma,Other
SZD,39,1,1,0.302,Plasma,Plasma,Other
SZD,39,2,2,0.0414,Plasma,Plasma,Other
SZD,39,3,3,0.0155,Plasma,Plasma,Other
SZD,39,5,5,0.00631,Plasma,Plasma,Other
SZD,39,7,7,0.00184,Plasma,Plasma,Other
SZD,39,24,24,0,Plasma,Plasma,Other
SZD,40,0,0,0,Plasma,Plasma,Other
SZD,40,0.033333333,0.033333333,9.06,Plasma,Plasma,Other
SZD,40,0.25,0.25,3.01,Plasma,Plasma,Other
SZD,40,0.5,0.5,1.05,Plasma,Plasma,Other
SZD,40,1,1,0.254,Plasma,Plasma,Other
SZD,40,2,2,0.0112,Plasma,Plasma,Other
SZD,40,3,3,0.00659,Plasma,Plasma,Other
SZD,40,5,5,0.00796,Plasma,Plasma,Other
SZD,40,7,7,0.0024,Plasma,Plasma,Other
SZD,40,24,24,0,Plasma,Plasma,Other
SZD,41,0,48,0.00826,Plasma,Plasma,Other
SZD,41,0.5,48.5,0.655,Plasma,Plasma,Other
SZD,41,1,49,0.69,Plasma,Plasma,Other
SZD,41,2,50,0.883,Plasma,Plasma,Other
SZD,41,3,51,1.17,Plasma,Plasma,Other
SZD,41,5,53,0.679,Plasma,Plasma,Other
SZD,41,7,55,0.146,Plasma,Plasma,Other
SZD,41,24,72,0.00547,Plasma,Plasma,Other
SZD,42,0,0,0,Plasma,Plasma,Other
SZD,42,0.033333333,0.033333333,8.36,Plasma,Plasma,Other
SZD,42,0.25,0.25,1.93,Plasma,Plasma,Other
SZD,42,0.5,0.5,0.771,Plasma,Plasma,Other
SZD,42,1,1,0.142,Plasma,Plasma,Other
SZD,42,2,2,0.0256,Plasma,Plasma,Other
SZD,42,3,3,0.00894,Plasma,Plasma,Other
SZD,42,5,5,0.00304,Plasma,Plasma,Other
SZD,42,7,7,0,Plasma,Plasma,Other
SZD,42,24,24,0,Plasma,Plasma,Other
SZD,43,0,0,0,Plasma,Plasma,Other
SZD,43,0.033333333,0.033333333,9.28,Plasma,Plasma,Other
SZD,43,0.25,0.25,1.81,Plasma,Plasma,Other
SZD,43,0.5,0.5,0.661,Plasma,Plasma,Other
SZD,43,1,1,0.134,Plasma,Plasma,Other
SZD,43,2,2,0.0225,Plasma,Plasma,Other
SZD,43,3,3,0.00626,Plasma,Plasma,Other
SZD,43,5,5,0.00252,Plasma,Plasma,Other
SZD,43,7,7,0.00173,Plasma,Plasma,Other
SZD,43,24,24,0,Plasma,Plasma,Other
SZD-M1,1,6,102,0.387,Plasma,Plasma,Other
SZD-M1,2,3,99,0.879,Plasma,Plasma,Other
SZD-M1,3,3,99,1.48,Plasma,Plasma,Other
SZD-M1,4,6,102,0.675,Plasma,Plasma,Other
SZD-M1,11,0,48,0.16,Plasma,Plasma,Other
SZD-M1,11,0.5,48.5,0.356,Plasma,Plasma,Other
SZD-M1,11,1,49,5.98,Plasma,Plasma,Other
SZD-M1,11,2,50,6.1,Plasma,Plasma,Other
SZD-M1,11,3,51,5.01,Plasma,Plasma,Other
SZD-M1,12,0,48,0.296,Plasma,Plasma,Other
SZD-M1,12,0.5,48.5,1.41,Plasma,Plasma,Other
SZD-M1,12,1,49,2.55,Plasma,Plasma,Other
SZD-M1,12,2,50,8.16,Plasma,Plasma,Other
SZD-M1,12,3,51,6.13,Plasma,Plasma,Other
SZD-M1,13,0,48,0.135,Plasma,Plasma,Other
SZD-M1,13,0.5,48.5,0.245,Plasma,Plasma,Other
SZD-M1,13,1,49,0.385,Plasma,Plasma,Other
SZD-M1,13,2,50,5.88,Plasma,Plasma,Other
SZD-M1,13,3,51,4.77,Plasma,Plasma,Other
SZD-M1,13,4,52,4.21,Plasma,Plasma,Other
SZD-M1,13,6,54,2.33,Plasma,Plasma,Other
SZD-M1,14,0,24,0.0132,Plasma,Plasma,Other
SZD-M1,14,0.5,24.5,1.52,Plasma,Plasma,Other
SZD-M1,14,1,25,1.75,Plasma,Plasma,Other
SZD-M1,14,2,26,4.78,Plasma,Plasma,Other
SZD-M1,14,3,27,3.53,Plasma,Plasma,Other
SZD-M1,14,5,29,2.83,Plasma,Plasma,Other
SZD-M1,14,7,31,1.94,Plasma,Plasma,Other
SZD-M1,14,24,48,0.0905,Plasma,Plasma,Other
SZD-M1,15,0,24,0.0321,Plasma,Plasma,Other
SZD-M1,15,0.5,24.5,2.56,Plasma,Plasma,Other
SZD-M1,15,1,25,6.29,Plasma,Plasma,Other
SZD-M1,15,2,26,3.38,Plasma,Plasma,Other
SZD-M1,15,3,27,2.55,Plasma,Plasma,Other
SZD-M1,15,5,29,2.07,Plasma,Plasma,Other
SZD-M1,15,7,31,1.42,Plasma,Plasma,Other
SZD-M1,15,24,48,0.15,Plasma,Plasma,Other
SZD-M1,16,0,48,0.368,Plasma,Plasma,Other
SZD-M1,16,0.5,48.5,0.679,Plasma,Plasma,Other
SZD-M1,16,1,49,4.98,Plasma,Plasma,Other
SZD-M1,16,2,50,5.04,Plasma,Plasma,Other
SZD-M1,16,3,51,3.6,Plasma,Plasma,Other
SZD-M1,16,5,53,2.61,Plasma,Plasma,Other
SZD-M1,16,7,55,1.78,Plasma,Plasma,Other
SZD-M1,16,24,72,0.142,Plasma,Plasma,Other
SZD-M1,17,0,48,0.113,Plasma,Plasma,Other
SZD-M1,17,0.5,48.5,0.52,Plasma,Plasma,Other
SZD-M1,17,1,49,1.26,Plasma,Plasma,Other
SZD-M1,17,2,50,4,Plasma,Plasma,Other
SZD-M1,17,3,51,5.08,Plasma,Plasma,Other
SZD-M1,17,5,53,2.84,Plasma,Plasma,Other
SZD-M1,17,7,55,1.64,Plasma,Plasma,Other
SZD-M1,17,24,72,0.0757,Plasma,Plasma,Other
SZD-M1,18,0,0,0,Plasma,Plasma,Other
SZD-M1,18,0.5,0.5,1.24,Plasma,Plasma,Other
SZD-M1,18,1,1,6.73,Plasma,Plasma,Other
SZD-M1,18,2,2,18,Plasma,Plasma,Other
SZD-M1,18,4,4,15.7,Plasma,Plasma,Other
SZD-M1,18,6,6,5.76,Plasma,Plasma,Other
SZD-M1,18,7,7,4.28,Plasma,Plasma,Other
SZD-M1,18,24,24,0.223,Plasma,Plasma,Other
SZD-M1,18,0,48,1.07,Plasma,Plasma,Other
SZD-M1,18,0.5,48.5,3.09,Plasma,Plasma,Other
SZD-M1,18,1,49,5.24,Plasma,Plasma,Other
SZD-M1,18,2,50,9.62,Plasma,Plasma,Other
SZD-M1,18,4,52,11.5,Plasma,Plasma,Other
SZD-M1,18,6,54,8.24,Plasma,Plasma,Other
SZD-M1,18,7,55,7.95,Plasma,Plasma,Other
SZD-M1,18,24,72,0.723,Plasma,Plasma,Other
SZD-M1,19,0,0,0,Plasma,Plasma,Other
SZD-M1,19,0.5,0.5,6.52,Plasma,Plasma,Other
SZD-M1,19,1,1,5.67,Plasma,Plasma,Other
SZD-M1,19,2,2,14.7,Plasma,Plasma,Other
SZD-M1,19,4,4,11.2,Plasma,Plasma,Other
SZD-M1,19,6,6,4.92,Plasma,Plasma,Other
SZD-M1,19,7,7,3.58,Plasma,Plasma,Other
SZD-M1,19,24,24,0.0909,Plasma,Plasma,Other
SZD-M1,19,0,48,0.724,Plasma,Plasma,Other
SZD-M1,19,0.5,48.5,4.68,Plasma,Plasma,Other
SZD-M1,19,1,49,11.3,Plasma,Plasma,Other
SZD-M1,19,2,50,11.6,Plasma,Plasma,Other
SZD-M1,19,4,52,8.62,Plasma,Plasma,Other
SZD-M1,19,6,54,5.42,Plasma,Plasma,Other
SZD-M1,19,7,55,5.64,Plasma,Plasma,Other
SZD-M1,19,24,72,0.767,Plasma,Plasma,Other
SZD-M1,20,0,0,0,Plasma,Plasma,Other
SZD-M1,20,0.5,0.5,2.95,Plasma,Plasma,Other
SZD-M1,20,1,1,12.2,Plasma,Plasma,Other
SZD-M1,20,2,2,15.2,Plasma,Plasma,Other
SZD-M1,20,4,4,10.5,Plasma,Plasma,Other
SZD-M1,20,6,6,5.4,Plasma,Plasma,Other
SZD-M1,20,7,7,3.76,Plasma,Plasma,Other
SZD-M1,20,24,24,0.194,Plasma,Plasma,Other
SZD-M1,20,0,48,0.407,Plasma,Plasma,Other
SZD-M1,20,0.5,48.5,0.728,Plasma,Plasma,Other
SZD-M1,20,1,49,3.57,Plasma,Plasma,Other
SZD-M1,20,2,50,9.17,Plasma,Plasma,Other
SZD-M1,20,4,52,7.39,Plasma,Plasma,Other
SZD-M1,20,6,54,7.94,Plasma,Plasma,Other
SZD-M1,20,7,55,7.13,Plasma,Plasma,Other
SZD-M1,20,24,72,0.981,Plasma,Plasma,Other
SZD-M1,21,0,0,0,Plasma,Plasma,Other
SZD-M1,21,0.5,0.5,11.2,Plasma,Plasma,Other
SZD-M1,21,1,1,7.35,Plasma,Plasma,Other
SZD-M1,21,2,2,4.59,Plasma,Plasma,Other
SZD-M1,21,3,3,11.4,Plasma,Plasma,Other
SZD-M1,21,5,5,6.99,Plasma,Plasma,Other
SZD-M1,21,7,7,3.35,Plasma,Plasma,Other
SZD-M1,21,24,24,0.0724,Plasma,Plasma,Other
SZD-M1,21,0,96,0.0885,Plasma,Plasma,Other
SZD-M1,21,0.5,96.5,3.24,Plasma,Plasma,Other
SZD-M1,21,1,97,4.87,Plasma,Plasma,Other
SZD-M1,21,2,98,6.07,Plasma,Plasma,Other
SZD-M1,21,3,99,5.6,Plasma,Plasma,Other
SZD-M1,21,5,101,5.07,Plasma,Plasma,Other
SZD-M1,21,7,103,2.94,Plasma,Plasma,Other
SZD-M1,21,24,120,0.0885,Plasma,Plasma,Other
SZD-M1,22,0,0,0,Plasma,Plasma,Other
SZD-M1,22,0.5,0.5,5.53,Plasma,Plasma,Other
SZD-M1,22,1,1,5.06,Plasma,Plasma,Other
SZD-M1,22,2,2,2.96,Plasma,Plasma,Other
SZD-M1,22,3,3,5.99,Plasma,Plasma,Other
SZD-M1,22,5,5,3.2,Plasma,Plasma,Other
SZD-M1,22,7,7,1.48,Plasma,Plasma,Other
SZD-M1,22,24,24,0.0892,Plasma,Plasma,Other
SZD-M1,22,0,96,0.0968,Plasma,Plasma,Other
SZD-M1,22,0.5,96.5,4.08,Plasma,Plasma,Other
SZD-M1,22,1,97,3.56,Plasma,Plasma,Other
SZD-M1,22,2,98,6.41,Plasma,Plasma,Other
SZD-M1,22,3,99,3.92,Plasma,Plasma,Other
SZD-M1,22,5,101,3.02,Plasma,Plasma,Other
SZD-M1,22,7,103,2.65,Plasma,Plasma,Other
SZD-M1,22,24,120,0.0968,Plasma,Plasma,Other
SZD-M1,23,0,0,0,Plasma,Plasma,Other
SZD-M1,23,0.5,0.5,6.94,Plasma,Plasma,Other
SZD-M1,23,1,1,5.31,Plasma,Plasma,Other
SZD-M1,23,2,2,7.64,Plasma,Plasma,Other
SZD-M1,23,3,3,7.4,Plasma,Plasma,Other
SZD-M1,23,5,5,4.57,Plasma,Plasma,Other
SZD-M1,23,7,7,2.11,Plasma,Plasma,Other
SZD-M1,23,24,24,0.0854,Plasma,Plasma,Other
SZD-M1,23,0,96,0.076,Plasma,Plasma,Other
SZD-M1,23,0.5,96.5,4.95,Plasma,Plasma,Other
SZD-M1,23,1,97,5.72,Plasma,Plasma,Other
SZD-M1,23,2,98,5.07,Plasma,Plasma,Other
SZD-M1,23,3,99,3.46,Plasma,Plasma,Other
SZD-M1,23,5,101,2.97,Plasma,Plasma,Other
SZD-M1,23,7,103,1.94,Plasma,Plasma,Other
SZD-M1,23,24,120,0.076,Plasma,Plasma,Other
SZD-M1,24,0,0,0,Plasma,Plasma,Other
SZD-M1,24,0.5,0.5,9.22,Plasma,Plasma,Other
SZD-M1,24,1,1,10.9,Plasma,Plasma,Other
SZD-M1,24,2,2,12.2,Plasma,Plasma,Other
SZD-M1,24,3,3,11.8,Plasma,Plasma,Other
SZD-M1,24,5,5,7.39,Plasma,Plasma,Other
SZD-M1,24,7,7,5.06,Plasma,Plasma,Other
SZD-M1,24,24,24,0.322,Plasma,Plasma,Other
SZD-M1,24,0,96,0.291,Plasma,Plasma,Other
SZD-M1,24,0.5,96.5,6.07,Plasma,Plasma,Other
SZD-M1,24,1,97,6.55,Plasma,Plasma,Other
SZD-M1,24,2,98,8.81,Plasma,Plasma,Other
SZD-M1,24,3,99,6.7,Plasma,Plasma,Other
SZD-M1,24,5,101,5.9,Plasma,Plasma,Other
SZD-M1,24,7,103,4.7,Plasma,Plasma,Other
SZD-M1,24,24,120,0.291,Plasma,Plasma,Other
SZD-M1,25,0,48,0.102,Plasma,Plasma,Other
SZD-M1,25,0.5,48.5,0.623,Plasma,Plasma,Other
SZD-M1,25,1,49,3.1,Plasma,Plasma,Other
SZD-M1,25,2,50,5.84,Plasma,Plasma,Other
SZD-M1,25,3,51,4.49,Plasma,Plasma,Other
SZD-M1,25,5,53,3.44,Plasma,Plasma,Other
SZD-M1,25,7,55,2.29,Plasma,Plasma,Other
SZD-M1,25,24,72,0.103,Plasma,Plasma,Other
SZD-M1,26,0,48,0.0608,Plasma,Plasma,Other
SZD-M1,26,0.5,48.5,3.87,Plasma,Plasma,Other
SZD-M1,26,1,49,6.47,Plasma,Plasma,Other
SZD-M1,26,2,50,5.41,Plasma,Plasma,Other
SZD-M1,26,3,51,3.31,Plasma,Plasma,Other
SZD-M1,26,5,53,3.34,Plasma,Plasma,Other
SZD-M1,26,7,55,1.92,Plasma,Plasma,Other
SZD-M1,26,24,72,0.112,Plasma,Plasma,Other
SZD-M1,27,1,1,4.57,Plasma,Plasma,Other
SZD-M1,27,3,3,17.5,Plasma,Plasma,Other
SZD-M1,27,5,5,32.8,Plasma,Plasma,Other
SZD-M1,27,7,7,16.9,Plasma,Plasma,Other
SZD-M1,27,24,24,0.319,Plasma,Plasma,Other
SZD-M1,27,0,48,4.23,Plasma,Plasma,Other
SZD-M1,27,1,49,5.08,Plasma,Plasma,Other
SZD-M1,27,3,51,12.8,Plasma,Plasma,Other
SZD-M1,27,5,53,13.5,Plasma,Plasma,Other
SZD-M1,27,7,55,17.3,Plasma,Plasma,Other
SZD-M1,27,24,72,3.74,Plasma,Plasma,Other
SZD-M1,28,1,1,14.3,Plasma,Plasma,Other
SZD-M1,28,3,3,14.9,Plasma,Plasma,Other
SZD-M1,28,5,5,13.7,Plasma,Plasma,Other
SZD-M1,28,7,7,15.6,Plasma,Plasma,Other
SZD-M1,28,24,24,0.965,Plasma,Plasma,Other
SZD-M1,28,0,48,3.27,Plasma,Plasma,Other
SZD-M1,28,1,49,6,Plasma,Plasma,Other
SZD-M1,28,3,51,14.6,Plasma,Plasma,Other
SZD-M1,28,5,53,18,Plasma,Plasma,Other
SZD-M1,28,7,55,16.5,Plasma,Plasma,Other
SZD-M1,28,24,72,2.25,Plasma,Plasma,Other
SZD-M1,29,1,1,9.26,Plasma,Plasma,Other
SZD-M1,29,3,3,29.9,Plasma,Plasma,Other
SZD-M1,29,5,5,18.6,Plasma,Plasma,Other
SZD-M1,29,7,7,10.5,Plasma,Plasma,Other
SZD-M1,29,24,24,0.518,Plasma,Plasma,Other
SZD-M1,29,0,72,4.02,Plasma,Plasma,Other
SZD-M1,29,1,73,4.12,Plasma,Plasma,Other
SZD-M1,29,2,74,10.2,Plasma,Plasma,Other
SZD-M1,29,3,75,8.04,Plasma,Plasma,Other
SZD-M1,30,1,1,16.5,Plasma,Plasma,Other
SZD-M1,30,3,3,35.2,Plasma,Plasma,Other
SZD-M1,30,5,5,17.1,Plasma,Plasma,Other
SZD-M1,30,7,7,10.5,Plasma,Plasma,Other
SZD-M1,30,24,24,0.279,Plasma,Plasma,Other
SZD-M1,30,0,72,2.09,Plasma,Plasma,Other
SZD-M1,30,1,73,11.9,Plasma,Plasma,Other
SZD-M1,30,2,74,14.4,Plasma,Plasma,Other
SZD-M1,30,3,75,13.9,Plasma,Plasma,Other
SZD-M1,31,1,1,6.13,Plasma,Plasma,Other
SZD-M1,31,3,3,23,Plasma,Plasma,Other
SZD-M1,31,5,5,26.6,Plasma,Plasma,Other
SZD-M1,31,7,7,15.2,Plasma,Plasma,Other
SZD-M1,31,24,24,0.36,Plasma,Plasma,Other
SZD-M1,31,0,72,3.89,Plasma,Plasma,Other
SZD-M1,31,1,73,5.6,Plasma,Plasma,Other
SZD-M1,31,2,74,10.1,Plasma,Plasma,Other
SZD-M1,31,3,75,8.13,Plasma,Plasma,Other
SZD-M1,32,1,1,9.53,Plasma,Plasma,Other
SZD-M1,32,3,3,24.7,Plasma,Plasma,Other
SZD-M1,32,5,5,23.5,Plasma,Plasma,Other
SZD-M1,32,7,7,13.2,Plasma,Plasma,Other
SZD-M1,32,24,24,0.517,Plasma,Plasma,Other
SZD-M1,32,0,72,4.82,Plasma,Plasma,Other
SZD-M1,32,1,73,11.2,Plasma,Plasma,Other
SZD-M1,32,3,75,15.7,Plasma,Plasma,Other
SZD-M1,32,6,78,6.6,Plasma,Plasma,Other
SZD-M1,33,1,1,14.1,Plasma,Plasma,Other
SZD-M1,33,3,3,15.7,Plasma,Plasma,Other
SZD-M1,33,5,5,21.3,Plasma,Plasma,Other
SZD-M1,33,7,7,11.4,Plasma,Plasma,Other
SZD-M1,33,24,24,0.559,Plasma,Plasma,Other
SZD-M1,33,0,72,2.13,Plasma,Plasma,Other
SZD-M1,33,1,73,3.86,Plasma,Plasma,Other
SZD-M1,33,3,75,8.89,Plasma,Plasma,Other
SZD-M1,33,6,78,5.56,Plasma,Plasma,Other
SZD-M1,34,1,1,17.8,Plasma,Plasma,Other
SZD-M1,34,3,3,24.4,Plasma,Plasma,Other
SZD-M1,34,5,5,14.7,Plasma,Plasma,Other
SZD-M1,34,7,7,9.78,Plasma,Plasma,Other
SZD-M1,34,24,24,0.463,Plasma,Plasma,Other
SZD-M1,34,0,72,3.25,Plasma,Plasma,Other
SZD-M1,34,1,73,5.99,Plasma,Plasma,Other
SZD-M1,34,3,75,5.83,Plasma,Plasma,Other
SZD-M1,34,6,78,12,Plasma,Plasma,Other
SZD-M1,35,1,1,5.92,Plasma,Plasma,Other
SZD-M1,35,3,3,18.5,Plasma,Plasma,Other
SZD-M1,35,5,5,23.5,Plasma,Plasma,Other
SZD-M1,35,7,7,12.8,Plasma,Plasma,Other
SZD-M1,35,24,24,0.264,Plasma,Plasma,Other
SZD-M1,35,0,72,2.96,Plasma,Plasma,Other
SZD-M1,35,1,73,6.18,Plasma,Plasma,Other
SZD-M1,35,3,75,9.54,Plasma,Plasma,Other
SZD-M1,35,5,77,13.4,Plasma,Plasma,Other
SZD-M1,35,7,79,10.4,Plasma,Plasma,Other
SZD-M1,35,24,96,3.12,Plasma,Plasma,Other
SZD-M1,36,1,1,1.41,Plasma,Plasma,Other
SZD-M1,36,3,3,7.07,Plasma,Plasma,Other
SZD-M1,36,5,5,20.6,Plasma,Plasma,Other
SZD-M1,36,7,7,21.1,Plasma,Plasma,Other
SZD-M1,36,24,24,1,Plasma,Plasma,Other
SZD-M1,36,0,72,2.39,Plasma,Plasma,Other
SZD-M1,36,1,73,10.5,Plasma,Plasma,Other
SZD-M1,36,3,75,13.2,Plasma,Plasma,Other
SZD-M1,36,5,77,9.39,Plasma,Plasma,Other
SZD-M1,36,7,79,8.98,Plasma,Plasma,Other
SZD-M1,36,24,96,3.2,Plasma,Plasma,Other
SZD-M1,37,0,48,0.139,Plasma,Plasma,Other
SZD-M1,37,0.5,48.5,1.92,Plasma,Plasma,Other
SZD-M1,37,1,49,3.51,Plasma,Plasma,Other
SZD-M1,37,2,50,3.17,Plasma,Plasma,Other
SZD-M1,37,3,51,4.1,Plasma,Plasma,Other
SZD-M1,37,5,53,6.79,Plasma,Plasma,Other
SZD-M1,37,7,55,4.19,Plasma,Plasma,Other
SZD-M1,37,24,72,0.189,Plasma,Plasma,Other
SZD-M1,38,0,48,0.0801,Plasma,Plasma,Other
SZD-M1,38,0.5,48.5,2.45,Plasma,Plasma,Other
SZD-M1,38,1,49,3.81,Plasma,Plasma,Other
SZD-M1,38,2,50,4.54,Plasma,Plasma,Other
SZD-M1,38,3,51,6.65,Plasma,Plasma,Other
SZD-M1,38,5,53,4.52,Plasma,Plasma,Other
SZD-M1,38,7,55,2.37,Plasma,Plasma,Other
SZD-M1,38,24,72,0.0799,Plasma,Plasma,Other
SZD-M1,39,0,0,0,Plasma,Plasma,Other
SZD-M1,39,0.033333333,0.033333333,1.61,Plasma,Plasma,Other
SZD-M1,39,0.25,0.25,3.62,Plasma,Plasma,Other
SZD-M1,39,0.5,0.5,2.76,Plasma,Plasma,Other
SZD-M1,39,1,1,1.5,Plasma,Plasma,Other
SZD-M1,39,2,2,0.77,Plasma,Plasma,Other
SZD-M1,39,3,3,0.485,Plasma,Plasma,Other
SZD-M1,39,5,5,0.197,Plasma,Plasma,Other
SZD-M1,39,7,7,0.08,Plasma,Plasma,Other
SZD-M1,39,24,24,0.00122,Plasma,Plasma,Other
SZD-M1,40,0,0,0,Plasma,Plasma,Other
SZD-M1,40,0.033333333,0.033333333,0.989,Plasma,Plasma,Other
SZD-M1,40,0.25,0.25,3.65,Plasma,Plasma,Other
SZD-M1,40,0.5,0.5,2.91,Plasma,Plasma,Other
SZD-M1,40,1,1,1.86,Plasma,Plasma,Other
SZD-M1,40,2,2,0.621,Plasma,Plasma,Other
SZD-M1,40,3,3,0.433,Plasma,Plasma,Other
SZD-M1,40,5,5,0.277,Plasma,Plasma,Other
SZD-M1,40,7,7,0.123,Plasma,Plasma,Other
SZD-M1,40,24,24,0.0012,Plasma,Plasma,Other
SZD-M1,41,0,48,0.108,Plasma,Plasma,Other
SZD-M1,41,0.5,48.5,3.63,Plasma,Plasma,Other
SZD-M1,41,1,49,5.36,Plasma,Plasma,Other
SZD-M1,41,2,50,7.03,Plasma,Plasma,Other
SZD-M1,41,3,51,6.87,Plasma,Plasma,Other
SZD-M1,41,5,53,4.78,Plasma,Plasma,Other
SZD-M1,41,7,55,2.18,Plasma,Plasma,Other
SZD-M1,41,24,72,0.128,Plasma,Plasma,Other
SZD-M1,42,0,0,0,Plasma,Plasma,Other
SZD-M1,42,0.033333333,0.033333333,1.68,Plasma,Plasma,Other
SZD-M1,42,0.25,0.25,3.34,Plasma,Plasma,Other
SZD-M1,42,0.5,0.5,2.43,Plasma,Plasma,Other
SZD-M1,42,1,1,1.32,Plasma,Plasma,Other
SZD-M1,42,2,2,0.64,Plasma,Plasma,Other
SZD-M1,42,3,3,0.365,Plasma,Plasma,Other
SZD-M1,42,5,5,0.148,Plasma,Plasma,Other
SZD-M1,42,7,7,0.0554,Plasma,Plasma,Other
SZD-M1,42,24,24,0,Plasma,Plasma,Other
SZD-M1,43,0,0,0,Plasma,Plasma,Other
SZD-M1,43,0.033333333,0.033333333,0.713,Plasma,Plasma,Other
SZD-M1,43,0.25,0.25,3.44,Plasma,Plasma,Other
SZD-M1,43,0.5,0.5,2.29,Plasma,Plasma,Other
SZD-M1,43,1,1,1.09,Plasma,Plasma,Other
SZD-M1,43,2,2,0.535,Plasma,Plasma,Other
SZD-M1,43,3,3,0.357,Plasma,Plasma,Other
SZD-M1,43,5,5,0.155,Plasma,Plasma,Other
SZD-M1,43,7,7,0.0737,Plasma,Plasma,Other
SZD-M1,43,24,24,0,Plasma,Plasma,Other
TBAJ-587,1,0.5,0.5,0.00283,Plasma,Plasma,Other
TBAJ-587,1,1,1,0.00862,Plasma,Plasma,Other
TBAJ-587,1,2,2,0.0246,Plasma,Plasma,Other
TBAJ-587,1,3,3,0.065,Plasma,Plasma,Other
TBAJ-587,1,5,5,0.0629,Plasma,Plasma,Other
TBAJ-587,1,7,7,0.0412,Plasma,Plasma,Other
TBAJ-587,1,24,24,0.0113,Plasma,Plasma,Other
TBAJ-587,1,48,48,0.00358,Plasma,Plasma,Other
TBAJ-587,1,72,72,0.00153,Plasma,Plasma,Other
TBAJ-587,2,0.5,0.5,0.00059,Plasma,Plasma,Other
TBAJ-587,2,1,1,0.00439,Plasma,Plasma,Other
TBAJ-587,2,2,2,0.0114,Plasma,Plasma,Other
TBAJ-587,2,3,3,0.0232,Plasma,Plasma,Other
TBAJ-587,2,5,5,0.0325,Plasma,Plasma,Other
TBAJ-587,2,7,7,0.0308,Plasma,Plasma,Other
TBAJ-587,2,24,24,0.00701,Plasma,Plasma,Other
TBAJ-587,2,48,48,0.00212,Plasma,Plasma,Other
TBAJ-587,2,72,72,0.0014,Plasma,Plasma,Other
TBAJ-587,3,0.5,0.5,0,Plasma,Plasma,Other
TBAJ-587,3,1,1,0,Plasma,Plasma,Other
TBAJ-587,3,2,2,0.00015,Plasma,Plasma,Other
TBAJ-587,3,3,3,0.00118,Plasma,Plasma,Other
TBAJ-587,3,5,5,0.0198,Plasma,Plasma,Other
TBAJ-587,3,7,7,0.0288,Plasma,Plasma,Other
TBAJ-587,3,24,24,0.00996,Plasma,Plasma,Other
TBAJ-587,3,48,48,0.00205,Plasma,Plasma,Other
TBAJ-587,3,72,72,0.00073,Plasma,Plasma,Other
TBAJ-587,4,0.5,48.5,0.0604,Plasma,Plasma,Other
TBAJ-587,4,1,49,0.0214,Plasma,Plasma,Other
TBAJ-587,4,2,50,0.0453,Plasma,Plasma,Other
TBAJ-587,4,3,51,0.0516,Plasma,Plasma,Other
TBAJ-587,4,5,53,0.0717,Plasma,Plasma,Other
TBAJ-587,4,7,55,0.0739,Plasma,Plasma,Other
TBAJ-587,4,24,72,0.115,Plasma,Plasma,Other
TBAJ-587,5,0.5,48.5,0.0284,Plasma,Plasma,Other
TBAJ-587,5,1,49,0.0323,Plasma,Plasma,Other
TBAJ-587,5,2,50,0.0514,Plasma,Plasma,Other
TBAJ-587,5,3,51,0.08,Plasma,Plasma,Other
TBAJ-587,5,5,53,0.126,Plasma,Plasma,Other
TBAJ-587,5,7,55,0.12,Plasma,Plasma,Other
TBAJ-587,5,24,72,0.0202,Plasma,Plasma,Other
TBAJ-587,6,0.5,0.5,0.0249,Plasma,Plasma,Other
TBAJ-587,6,1,1,0.0777,Plasma,Plasma,Other
TBAJ-587,6,2,2,0.311,Plasma,Plasma,Other
TBAJ-587,6,4,4,0.954,Plasma,Plasma,Other
TBAJ-587,6,6,6,1.21,Plasma,Plasma,Other
TBAJ-587,6,8,8,0.801,Plasma,Plasma,Other
TBAJ-587,6,24,24,0.545,Plasma,Plasma,Other
TBAJ-587,6,0,48,0.845,Plasma,Plasma,Other
TBAJ-587,6,0.5,48.5,0.931,Plasma,Plasma,Other
TBAJ-587,6,1,49,1.22,Plasma,Plasma,Other
TBAJ-587,6,2,50,1.9,Plasma,Plasma,Other
TBAJ-587,6,4,52,1.83,Plasma,Plasma,Other
TBAJ-587,6,6,54,1.85,Plasma,Plasma,Other
TBAJ-587,6,8,56,1.63,Plasma,Plasma,Other
TBAJ-587,6,24,72,0.728,Plasma,Plasma,Other
TBAJ-587,6,96,144,0.13,Plasma,Plasma,Other
TBAJ-587,7,0.5,0.5,0.00599,Plasma,Plasma,Other
TBAJ-587,7,1,1,0,Plasma,Plasma,Other
TBAJ-587,7,2,2,0.0264,Plasma,Plasma,Other
TBAJ-587,7,4,4,0.292,Plasma,Plasma,Other
TBAJ-587,7,6,6,0.719,Plasma,Plasma,Other
TBAJ-587,7,8,8,0.867,Plasma,Plasma,Other
TBAJ-587,7,24,24,0.56,Plasma,Plasma,Other
TBAJ-587,7,0,48,0.94,Plasma,Plasma,Other
TBAJ-587,7,0.5,48.5,0.862,Plasma,Plasma,Other
TBAJ-587,7,1,49,0.893,Plasma,Plasma,Other
TBAJ-587,7,2,50,1.52,Plasma,Plasma,Other
TBAJ-587,7,4,52,1.63,Plasma,Plasma,Other
TBAJ-587,7,6,54,1.45,Plasma,Plasma,Other
TBAJ-587,7,8,56,1.24,Plasma,Plasma,Other
TBAJ-587,7,24,72,0.842,Plasma,Plasma,Other
TBAJ-587,7,96,144,0.125,Plasma,Plasma,Other
TBAJ-587,8,0.5,0.5,0.00522,Plasma,Plasma,Other
TBAJ-587,8,1,1,0.0499,Plasma,Plasma,Other
TBAJ-587,8,2,2,0.0655,Plasma,Plasma,Other
TBAJ-587,8,4,4,0.631,Plasma,Plasma,Other
TBAJ-587,8,6,6,0.931,Plasma,Plasma,Other
TBAJ-587,8,8,8,2.43,Plasma,Plasma,Other
TBAJ-587,8,24,24,0.827,Plasma,Plasma,Other
TBAJ-587,8,0,48,1.1,Plasma,Plasma,Other
TBAJ-587,8,0.5,48.5,1.14,Plasma,Plasma,Other
TBAJ-587,8,1,49,1,Plasma,Plasma,Other
TBAJ-587,8,2,50,1.57,Plasma,Plasma,Other
TBAJ-587,8,4,52,1.52,Plasma,Plasma,Other
TBAJ-587,8,6,54,1.61,Plasma,Plasma,Other
TBAJ-587,8,8,56,1.4,Plasma,Plasma,Other
TBAJ-587,8,24,72,1.33,Plasma,Plasma,Other
TBAJ-587,8,96,144,0.185,Plasma,Plasma,Other
TBAJ-587,9,16,16,0.671,Plasma,Plasma,Other
TBAJ-587,9,20,20,0.713,Plasma,Plasma,Other
TBAJ-587,9,24,24,0.614,Plasma,Plasma,Other
TBAJ-587,9,20,44,1.23,Plasma,Plasma,Other
TBAJ-587,9,24,48,0.602,Plasma,Plasma,Other
TBAJ-587,10,16,16,0.75,Plasma,Plasma,Other
TBAJ-587,10,20,20,0.475,Plasma,Plasma,Other
TBAJ-587,10,24,24,0.285,Plasma,Plasma,Other
TBAJ-587,10,16,40,1.84,Plasma,Plasma,Other
TBAJ-587,10,20,44,1.46,Plasma,Plasma,Other
TBAJ-587,10,24,48,1.26,Plasma,Plasma,Other
TBAJ-587,11,16,16,1.45,Plasma,Plasma,Other
TBAJ-587,11,20,20,0.719,Plasma,Plasma,Other
TBAJ-587,11,24,24,0.789,Plasma,Plasma,Other
TBAJ-587,11,0,24,0.789,Plasma,Plasma,Other
TBAJ-587,11,16,40,1.7,Plasma,Plasma,Other
TBAJ-587,11,20,44,1.06,Plasma,Plasma,Other
TBAJ-587,11,24,48,1.26,Plasma,Plasma,Other
TBAJ-587,12,16,16,0.892,Plasma,Plasma,Other
TBAJ-587,12,20,20,0.635,Plasma,Plasma,Other
TBAJ-587,12,24,24,0.468,Plasma,Plasma,Other
TBAJ-587,12,0,48,0.934,Plasma,Plasma,Other
TBAJ-587,12,16,64,1.17,Plasma,Plasma,Other
TBAJ-587,12,20,68,0.593,Plasma,Plasma,Other
TBAJ-587,12,24,72,0.717,Plasma,Plasma,Other
TBAJ-587,13,16,16,1.32,Plasma,Plasma,Other
TBAJ-587,13,20,20,1.02,Plasma,Plasma,Other
TBAJ-587,13,24,24,0.635,Plasma,Plasma,Other
TBAJ-587,13,0,48,0.548,Plasma,Plasma,Other
TBAJ-587,13,16,64,0.649,Plasma,Plasma,Other
TBAJ-587,13,20,68,0.651,Plasma,Plasma,Other
TBAJ-587,13,24,72,0.602,Plasma,Plasma,Other
TBAJ-587,14,16,16,1.33,Plasma,Plasma,Other
TBAJ-587,14,20,20,0.633,Plasma,Plasma,Other
TBAJ-587,14,24,24,0.485,Plasma,Plasma,Other
TBAJ-587,14,0,48,0.946,Plasma,Plasma,Other
TBAJ-587,14,64,112,0.368,Plasma,Plasma,Other
TBAJ-587,14,68,116,0.324,Plasma,Plasma,Other
TBAJ-587,14,72,120,0.314,Plasma,Plasma,Other
TBAJ-587,15,16,16,0.684,Plasma,Plasma,Other
TBAJ-587,15,20,20,0.499,Plasma,Plasma,Other
TBAJ-587,15,24,24,0.365,Plasma,Plasma,Other
TBAJ-587,15,0,48,1.53,Plasma,Plasma,Other
TBAJ-587,15,64,112,0.742,Plasma,Plasma,Other
TBAJ-587,15,68,116,0.63,Plasma,Plasma,Other
TBAJ-587,15,72,120,0.909,Plasma,Plasma,Other
TBAJ-587,16,4,4,0.212,Plasma,Plasma,Other
TBAJ-587,16,6,6,0.409,Plasma,Plasma,Other
TBAJ-587,16,8,8,0.529,Plasma,Plasma,Other
TBAJ-587,16,0,48,0.664,Plasma,Plasma,Other
TBAJ-587,16,2,50,0.819,Plasma,Plasma,Other
TBAJ-587,16,4,52,1.23,Plasma,Plasma,Other
TBAJ-587,16,6,54,1.49,Plasma,Plasma,Other
TBAJ-587,16,8,56,1.07,Plasma,Plasma,Other
TBAJ-587,16,48,96,0.174,Plasma,Plasma,Other
TBAJ-587,17,4,4,0.513,Plasma,Plasma,Other
TBAJ-587,17,6,6,1.02,Plasma,Plasma,Other
TBAJ-587,17,8,8,1.39,Plasma,Plasma,Other
TBAJ-587,17,0,48,0.562,Plasma,Plasma,Other
TBAJ-587,17,2,50,0.645,Plasma,Plasma,Other
TBAJ-587,17,4,52,0.9,Plasma,Plasma,Other
TBAJ-587,17,6,54,0.937,Plasma,Plasma,Other
TBAJ-587,17,8,56,0.868,Plasma,Plasma,Other
TBAJ-587,17,48,96,0.281,Plasma,Plasma,Other
TBAJ-587,18,4,4,0.971,Plasma,Plasma,Other
TBAJ-587,18,6,6,1.77,Plasma,Plasma,Other
TBAJ-587,18,8,8,2.03,Plasma,Plasma,Other
TBAJ-587,18,0,48,1.33,Plasma,Plasma,Other
TBAJ-587,18,0.5,48.5,1.19,Plasma,Plasma,Other
TBAJ-587,18,1,49,1.27,Plasma,Plasma,Other
TBAJ-587,18,2,50,1.5,Plasma,Plasma,Other
TBAJ-587,18,4,52,1.68,Plasma,Plasma,Other
TBAJ-587,18,6,54,1.75,Plasma,Plasma,Other
TBAJ-587,19,4,4,0.382,Plasma,Plasma,Other
TBAJ-587,19,6,6,0.907,Plasma,Plasma,Other
TBAJ-587,19,8,8,0.853,Plasma,Plasma,Other
TBAJ-587,19,0,48,0.364,Plasma,Plasma,Other
TBAJ-587,19,0.5,48.5,0.357,Plasma,Plasma,Other
TBAJ-587,19,1,49,0.304,Plasma,Plasma,Other
TBAJ-587,19,2,50,0.465,Plasma,Plasma,Other
TBAJ-587,19,4,52,0.59,Plasma,Plasma,Other
TBAJ-587,19,6,54,0.933,Plasma,Plasma,Other
TBAJ-587,20,16,16,0.738,Plasma,Plasma,Other
TBAJ-587,20,20,20,0.636,Plasma,Plasma,Other
TBAJ-587,20,24,24,0.392,Plasma,Plasma,Other
TBAJ-587,20,16,40,1.2,Plasma,Plasma,Other
TBAJ-587,20,20,44,0.744,Plasma,Plasma,Other
TBAJ-587,20,24,48,0.627,Plasma,Plasma,Other
TBAJ-587,21,4,4,0.854,Plasma,Plasma,Other
TBAJ-587,21,6,6,0.799,Plasma,Plasma,Other
TBAJ-587,21,8,8,1.38,Plasma,Plasma,Other
TBAJ-587,21,0,48,0.619,Plasma,Plasma,Other
TBAJ-587,21,0.5,48.5,0.521,Plasma,Plasma,Other
TBAJ-587,21,1,49,0.478,Plasma,Plasma,Other
TBAJ-587,21,2,50,0.439,Plasma,Plasma,Other
TBAJ-587,21,4,52,0.628,Plasma,Plasma,Other
TBAJ-587,21,6,54,0.85,Plasma,Plasma,Other
TBAJ-587,22,4,4,0.311,Plasma,Plasma,Other
TBAJ-587,22,6,6,0.552,Plasma,Plasma,Other
TBAJ-587,22,8,8,0.637,Plasma,Plasma,Other
TBAJ-587,22,0,48,0.61,Plasma,Plasma,Other
TBAJ-587,22,0.5,48.5,0.518,Plasma,Plasma,Other
TBAJ-587,22,1,49,0.519,Plasma,Plasma,Other
TBAJ-587,22,2,50,0.459,Plasma,Plasma,Other
TBAJ-587,22,4,52,0.622,Plasma,Plasma,Other
TBAJ-587,22,6,54,0.988,Plasma,Plasma,Other
TBAJ-587,23,16,16,1.18,Plasma,Plasma,Other
TBAJ-587,23,20,20,0.716,Plasma,Plasma,Other
TBAJ-587,23,24,24,0.83,Plasma,Plasma,Other
TBAJ-587,23,16,40,1.78,Plasma,Plasma,Other
TBAJ-587,23,20,44,1.05,Plasma,Plasma,Other
TBAJ-587,23,24,48,1.67,Plasma,Plasma,Other
TBAJ-587-M3,1,0.5,0.5,0,Plasma,Plasma,Other
TBAJ-587-M3,1,1,1,0.00015,Plasma,Plasma,Other
TBAJ-587-M3,1,2,2,0.00152,Plasma,Plasma,Other
TBAJ-587-M3,1,3,3,0.00694,Plasma,Plasma,Other
TBAJ-587-M3,1,5,5,0.0152,Plasma,Plasma,Other
TBAJ-587-M3,1,7,7,0.0153,Plasma,Plasma,Other
TBAJ-587-M3,1,24,24,0.00966,Plasma,Plasma,Other
TBAJ-587-M3,1,48,48,0.00798,Plasma,Plasma,Other
TBAJ-587-M3,1,72,72,0.00464,Plasma,Plasma,Other
TBAJ-587-M3,2,0.5,0.5,0,Plasma,Plasma,Other
TBAJ-587-M3,2,1,1,0,Plasma,Plasma,Other
TBAJ-587-M3,2,2,2,0.00059,Plasma,Plasma,Other
TBAJ-587-M3,2,3,3,0.00273,Plasma,Plasma,Other
TBAJ-587-M3,2,5,5,0.00666,Plasma,Plasma,Other
TBAJ-587-M3,2,7,7,0.00875,Plasma,Plasma,Other
TBAJ-587-M3,2,24,24,0.00649,Plasma,Plasma,Other
TBAJ-587-M3,2,48,48,0.00526,Plasma,Plasma,Other
TBAJ-587-M3,2,72,72,0.00413,Plasma,Plasma,Other
TBAJ-587-M3,3,0.5,0.5,0,Plasma,Plasma,Other
TBAJ-587-M3,3,1,1,0,Plasma,Plasma,Other
TBAJ-587-M3,3,2,2,0.00034,Plasma,Plasma,Other
TBAJ-587-M3,3,3,3,0,Plasma,Plasma,Other
TBAJ-587-M3,3,5,5,0.00149,Plasma,Plasma,Other
TBAJ-587-M3,3,7,7,0.00428,Plasma,Plasma,Other
TBAJ-587-M3,3,24,24,0.00647,Plasma,Plasma,Other
TBAJ-587-M3,3,48,48,0.00442,Plasma,Plasma,Other
TBAJ-587-M3,3,72,72,0.00287,Plasma,Plasma,Other
TBAJ-587-M3,4,0.5,48.5,0.0393,Plasma,Plasma,Other
TBAJ-587-M3,4,1,49,0.0329,Plasma,Plasma,Other
TBAJ-587-M3,4,2,50,0.0338,Plasma,Plasma,Other
TBAJ-587-M3,4,3,51,0.0313,Plasma,Plasma,Other
TBAJ-587-M3,4,5,53,0.0382,Plasma,Plasma,Other
TBAJ-587-M3,4,7,55,0.0443,Plasma,Plasma,Other
TBAJ-587-M3,4,24,72,0.0475,Plasma,Plasma,Other
TBAJ-587-M3,5,0.5,48.5,0.0349,Plasma,Plasma,Other
TBAJ-587-M3,5,1,49,0.0399,Plasma,Plasma,Other
TBAJ-587-M3,5,2,50,0.0395,Plasma,Plasma,Other
TBAJ-587-M3,5,3,51,0.0424,Plasma,Plasma,Other
TBAJ-587-M3,5,5,53,0.0549,Plasma,Plasma,Other
TBAJ-587-M3,5,7,55,0.0619,Plasma,Plasma,Other
TBAJ-587-M3,5,24,72,0.0396,Plasma,Plasma,Other
TBAJ-587-M3,6,0.5,0.5,0,Plasma,Plasma,Other
TBAJ-587-M3,6,1,1,0.00172,Plasma,Plasma,Other
TBAJ-587-M3,6,2,2,0.011,Plasma,Plasma,Other
TBAJ-587-M3,6,4,4,0.0855,Plasma,Plasma,Other
TBAJ-587-M3,6,6,6,0.117,Plasma,Plasma,Other
TBAJ-587-M3,6,8,8,0.131,Plasma,Plasma,Other
TBAJ-587-M3,6,24,24,0.251,Plasma,Plasma,Other
TBAJ-587-M3,6,0,48,0.508,Plasma,Plasma,Other
TBAJ-587-M3,6,0.5,48.5,0.433,Plasma,Plasma,Other
TBAJ-587-M3,6,1,49,0.458,Plasma,Plasma,Other
TBAJ-587-M3,6,2,50,0.522,Plasma,Plasma,Other
TBAJ-587-M3,6,4,52,0.569,Plasma,Plasma,Other
TBAJ-587-M3,6,6,54,0.673,Plasma,Plasma,Other
TBAJ-587-M3,6,8,56,0.73,Plasma,Plasma,Other
TBAJ-587-M3,6,24,72,0.542,Plasma,Plasma,Other
TBAJ-587-M3,6,96,144,0.3,Plasma,Plasma,Other
TBAJ-587-M3,7,0.5,0.5,0,Plasma,Plasma,Other
TBAJ-587-M3,7,1,1,0,Plasma,Plasma,Other
TBAJ-587-M3,7,2,2,0,Plasma,Plasma,Other
TBAJ-587-M3,7,4,4,0.0162,Plasma,Plasma,Other
TBAJ-587-M3,7,6,6,0.0742,Plasma,Plasma,Other
TBAJ-587-M3,7,8,8,0.125,Plasma,Plasma,Other
TBAJ-587-M3,7,24,24,0.227,Plasma,Plasma,Other
TBAJ-587-M3,7,0,48,0.434,Plasma,Plasma,Other
TBAJ-587-M3,7,0.5,48.5,0.393,Plasma,Plasma,Other
TBAJ-587-M3,7,1,49,0.405,Plasma,Plasma,Other
TBAJ-587-M3,7,2,50,0.496,Plasma,Plasma,Other
TBAJ-587-M3,7,4,52,0.473,Plasma,Plasma,Other
TBAJ-587-M3,7,6,54,0.559,Plasma,Plasma,Other
TBAJ-587-M3,7,8,56,0.526,Plasma,Plasma,Other
TBAJ-587-M3,7,24,72,0.504,Plasma,Plasma,Other
TBAJ-587-M3,7,96,144,0.252,Plasma,Plasma,Other
TBAJ-587-M3,8,0.5,0.5,0,Plasma,Plasma,Other
TBAJ-587-M3,8,1,1,0,Plasma,Plasma,Other
TBAJ-587-M3,8,2,2,0.00167,Plasma,Plasma,Other
TBAJ-587-M3,8,4,4,0.0281,Plasma,Plasma,Other
TBAJ-587-M3,8,6,6,0.125,Plasma,Plasma,Other
TBAJ-587-M3,8,8,8,0.171,Plasma,Plasma,Other
TBAJ-587-M3,8,24,24,0.25,Plasma,Plasma,Other
TBAJ-587-M3,8,0,48,0.585,Plasma,Plasma,Other
TBAJ-587-M3,8,0.5,48.5,0.479,Plasma,Plasma,Other
TBAJ-587-M3,8,1,49,0.45,Plasma,Plasma,Other
TBAJ-587-M3,8,2,50,0.462,Plasma,Plasma,Other
TBAJ-587-M3,8,4,52,0.527,Plasma,Plasma,Other
TBAJ-587-M3,8,6,54,0.568,Plasma,Plasma,Other
TBAJ-587-M3,8,8,56,0.515,Plasma,Plasma,Other
TBAJ-587-M3,8,24,72,0.574,Plasma,Plasma,Other
TBAJ-587-M3,8,96,144,0.318,Plasma,Plasma,Other
TBAJ-587-M3,9,16,16,0.159,Plasma,Plasma,Other
TBAJ-587-M3,9,20,20,0.163,Plasma,Plasma,Other
TBAJ-587-M3,9,24,24,0.162,Plasma,Plasma,Other
TBAJ-587-M3,9,20,44,0.368,Plasma,Plasma,Other
TBAJ-587-M3,9,24,48,0.369,Plasma,Plasma,Other
TBAJ-587-M3,10,16,16,0.184,Plasma,Plasma,Other
TBAJ-587-M3,10,20,20,0.221,Plasma,Plasma,Other
TBAJ-587-M3,10,24,24,0.171,Plasma,Plasma,Other
TBAJ-587-M3,10,16,40,0.437,Plasma,Plasma,Other
TBAJ-587-M3,10,20,44,0.466,Plasma,Plasma,Other
TBAJ-587-M3,10,24,48,0.386,Plasma,Plasma,Other
TBAJ-587-M3,11,16,16,0.144,Plasma,Plasma,Other
TBAJ-587-M3,11,20,20,0.147,Plasma,Plasma,Other
TBAJ-587-M3,11,24,24,0.172,Plasma,Plasma,Other
TBAJ-587-M3,11,0,24,0.172,Plasma,Plasma,Other
TBAJ-587-M3,11,16,40,0.403,Plasma,Plasma,Other
TBAJ-587-M3,11,20,44,0.374,Plasma,Plasma,Other
TBAJ-587-M3,11,24,48,0.509,Plasma,Plasma,Other
TBAJ-587-M3,12,16,16,0.17,Plasma,Plasma,Other
TBAJ-587-M3,12,20,20,0.167,Plasma,Plasma,Other
TBAJ-587-M3,12,24,24,0.151,Plasma,Plasma,Other
TBAJ-587-M3,12,0,48,0.289,Plasma,Plasma,Other
TBAJ-587-M3,12,16,64,0.329,Plasma,Plasma,Other
TBAJ-587-M3,12,20,68,0.369,Plasma,Plasma,Other
TBAJ-587-M3,12,24,72,0.361,Plasma,Plasma,Other
TBAJ-587-M3,13,16,16,0.257,Plasma,Plasma,Other
TBAJ-587-M3,13,20,20,0.316,Plasma,Plasma,Other
TBAJ-587-M3,13,24,24,0.26,Plasma,Plasma,Other
TBAJ-587-M3,13,0,48,0.348,Plasma,Plasma,Other
TBAJ-587-M3,13,16,64,0.276,Plasma,Plasma,Other
TBAJ-587-M3,13,20,68,0.469,Plasma,Plasma,Other
TBAJ-587-M3,13,24,72,0.428,Plasma,Plasma,Other
TBAJ-587-M3,14,16,16,0.26,Plasma,Plasma,Other
TBAJ-587-M3,14,20,20,0.273,Plasma,Plasma,Other
TBAJ-587-M3,14,24,24,0.236,Plasma,Plasma,Other
TBAJ-587-M3,14,0,48,0.554,Plasma,Plasma,Other
TBAJ-587-M3,14,64,112,0.662,Plasma,Plasma,Other
TBAJ-587-M3,14,68,116,0.617,Plasma,Plasma,Other
TBAJ-587-M3,14,72,120,0.625,Plasma,Plasma,Other
TBAJ-587-M3,15,16,16,0.182,Plasma,Plasma,Other
TBAJ-587-M3,15,20,20,0.205,Plasma,Plasma,Other
TBAJ-587-M3,15,24,24,0.138,Plasma,Plasma,Other
TBAJ-587-M3,15,0,48,0.477,Plasma,Plasma,Other
TBAJ-587-M3,15,64,112,0.584,Plasma,Plasma,Other
TBAJ-587-M3,15,68,116,0.609,Plasma,Plasma,Other
TBAJ-587-M3,15,72,120,0.655,Plasma,Plasma,Other
TBAJ-587-M3,16,4,4,0.0234,Plasma,Plasma,Other
TBAJ-587-M3,16,6,6,0.061,Plasma,Plasma,Other
TBAJ-587-M3,16,8,8,0.122,Plasma,Plasma,Other
TBAJ-587-M3,16,0,48,0.368,Plasma,Plasma,Other
TBAJ-587-M3,16,2,50,0.318,Plasma,Plasma,Other
TBAJ-587-M3,16,4,52,0.407,Plasma,Plasma,Other
TBAJ-587-M3,16,6,54,0.436,Plasma,Plasma,Other
TBAJ-587-M3,16,8,56,0.464,Plasma,Plasma,Other
TBAJ-587-M3,16,48,96,0.269,Plasma,Plasma,Other
TBAJ-587-M3,17,4,4,0.0536,Plasma,Plasma,Other
TBAJ-587-M3,17,6,6,0.105,Plasma,Plasma,Other
TBAJ-587-M3,17,8,8,0.207,Plasma,Plasma,Other
TBAJ-587-M3,17,0,48,0.583,Plasma,Plasma,Other
TBAJ-587-M3,17,2,50,0.479,Plasma,Plasma,Other
TBAJ-587-M3,17,4,52,0.582,Plasma,Plasma,Other
TBAJ-587-M3,17,6,54,0.557,Plasma,Plasma,Other
TBAJ-587-M3,17,8,56,0.612,Plasma,Plasma,Other
TBAJ-587-M3,17,48,96,0.616,Plasma,Plasma,Other
TBAJ-587-M3,18,4,4,0.061,Plasma,Plasma,Other
TBAJ-587-M3,18,6,6,0.124,Plasma,Plasma,Other
TBAJ-587-M3,18,8,8,0.18,Plasma,Plasma,Other
TBAJ-587-M3,18,0,48,0.523,Plasma,Plasma,Other
TBAJ-587-M3,18,0.5,48.5,0.462,Plasma,Plasma,Other
TBAJ-587-M3,18,1,49,0.459,Plasma,Plasma,Other
TBAJ-587-M3,18,2,50,0.492,Plasma,Plasma,Other
TBAJ-587-M3,18,4,52,0.557,Plasma,Plasma,Other
TBAJ-587-M3,18,6,54,0.517,Plasma,Plasma,Other
TBAJ-587-M3,19,4,4,0.0483,Plasma,Plasma,Other
TBAJ-587-M3,19,6,6,0.0869,Plasma,Plasma,Other
TBAJ-587-M3,19,8,8,0.151,Plasma,Plasma,Other
TBAJ-587-M3,19,0,48,0.304,Plasma,Plasma,Other
TBAJ-587-M3,19,0.5,48.5,0.275,Plasma,Plasma,Other
TBAJ-587-M3,19,1,49,0.234,Plasma,Plasma,Other
TBAJ-587-M3,19,2,50,0.33,Plasma,Plasma,Other
TBAJ-587-M3,19,4,52,0.388,Plasma,Plasma,Other
TBAJ-587-M3,19,6,54,0.404,Plasma,Plasma,Other
TBAJ-587-M3,20,16,16,0.274,Plasma,Plasma,Other
TBAJ-587-M3,20,20,20,0.291,Plasma,Plasma,Other
TBAJ-587-M3,20,24,24,0.257,Plasma,Plasma,Other
TBAJ-587-M3,20,16,40,0.529,Plasma,Plasma,Other
TBAJ-587-M3,20,20,44,0.473,Plasma,Plasma,Other
TBAJ-587-M3,20,24,48,0.443,Plasma,Plasma,Other
TBAJ-587-M3,21,4,4,0.0483,Plasma,Plasma,Other
TBAJ-587-M3,21,6,6,0.0753,Plasma,Plasma,Other
TBAJ-587-M3,21,8,8,0.136,Plasma,Plasma,Other
TBAJ-587-M3,21,0,48,0.564,Plasma,Plasma,Other
TBAJ-587-M3,21,0.5,48.5,0.41,Plasma,Plasma,Other
TBAJ-587-M3,21,1,49,0.416,Plasma,Plasma,Other
TBAJ-587-M3,21,2,50,0.329,Plasma,Plasma,Other
TBAJ-587-M3,21,4,52,0.386,Plasma,Plasma,Other
TBAJ-587-M3,21,6,54,0.427,Plasma,Plasma,Other
TBAJ-587-M3,22,4,4,0.0332,Plasma,Plasma,Other
TBAJ-587-M3,22,6,6,0.0719,Plasma,Plasma,Other
TBAJ-587-M3,22,8,8,0.117,Plasma,Plasma,Other
TBAJ-587-M3,22,0,48,0.351,Plasma,Plasma,Other
TBAJ-587-M3,22,0.5,48.5,0.3,Plasma,Plasma,Other
TBAJ-587-M3,22,1,49,0.296,Plasma,Plasma,Other
TBAJ-587-M3,22,2,50,0.248,Plasma,Plasma,Other
TBAJ-587-M3,22,4,52,0.335,Plasma,Plasma,Other
TBAJ-587-M3,22,6,54,0.35,Plasma,Plasma,Other
TBAJ-587-M3,23,16,16,0.246,Plasma,Plasma,Other
TBAJ-587-M3,23,20,20,0.239,Plasma,Plasma,Other
TBAJ-587-M3,23,24,24,0.247,Plasma,Plasma,Other
TBAJ-587-M3,23,16,40,0.603,Plasma,Plasma,Other
TBAJ-587-M3,23,20,44,0.521,Plasma,Plasma,Other
TBAJ-587-M3,23,24,48,0.58,Plasma,Plasma,Other
TBAJ-876,1,0,24,0,Plasma,Plasma,Other
TBAJ-876,1,0.5,24.5,0,Plasma,Plasma,Other
TBAJ-876,1,1,25,0,Plasma,Plasma,Other
TBAJ-876,1,2,26,0.00195,Plasma,Plasma,Other
TBAJ-876,1,3,27,0.00415,Plasma,Plasma,Other
TBAJ-876,1,5,29,0.0131,Plasma,Plasma,Other
TBAJ-876,1,7,31,0.0044,Plasma,Plasma,Other
TBAJ-876,1,24,48,0.00123,Plasma,Plasma,Other
TBAJ-876,1,48,72,0.00012,Plasma,Plasma,Other
TBAJ-876,1,72,96,0,Plasma,Plasma,Other
TBAJ-876,2,0,24,0,Plasma,Plasma,Other
TBAJ-876,2,0.5,24.5,0,Plasma,Plasma,Other
TBAJ-876,2,1,25,0,Plasma,Plasma,Other
TBAJ-876,2,2,26,0.000322,Plasma,Plasma,Other
TBAJ-876,2,3,27,0.005,Plasma,Plasma,Other
TBAJ-876,2,5,29,0.0238,Plasma,Plasma,Other
TBAJ-876,2,7,31,0.0143,Plasma,Plasma,Other
TBAJ-876,2,24,48,0.00168,Plasma,Plasma,Other
TBAJ-876,2,48,72,0.000457,Plasma,Plasma,Other
TBAJ-876,2,72,96,0,Plasma,Plasma,Other
TBAJ-876,3,0,24,0,Plasma,Plasma,Other
TBAJ-876,3,0.5,24.5,0,Plasma,Plasma,Other
TBAJ-876,3,1,25,0,Plasma,Plasma,Other
TBAJ-876,3,2,26,0.00051,Plasma,Plasma,Other
TBAJ-876,3,3,27,0.0108,Plasma,Plasma,Other
TBAJ-876,3,5,29,0.0135,Plasma,Plasma,Other
TBAJ-876,3,7,31,0.00742,Plasma,Plasma,Other
TBAJ-876,3,24,48,0.000911,Plasma,Plasma,Other
TBAJ-876,3,48,72,0.00015,Plasma,Plasma,Other
TBAJ-876,3,72,96,0,Plasma,Plasma,Other
TBAJ-876,4,0,72,0,Plasma,Plasma,Other
TBAJ-876,4,0.5,72.5,0.00357,Plasma,Plasma,Other
TBAJ-876,4,1,73,0.00385,Plasma,Plasma,Other
TBAJ-876,4,2,74,0.00611,Plasma,Plasma,Other
TBAJ-876,4,3,75,0.0188,Plasma,Plasma,Other
TBAJ-876,4,5,77,0.0381,Plasma,Plasma,Other
TBAJ-876,4,7,79,0.0587,Plasma,Plasma,Other
TBAJ-876,4,24,96,0.0064,Plasma,Plasma,Other
TBAJ-876,5,0,72,0,Plasma,Plasma,Other
TBAJ-876,5,0.5,72.5,0.00473,Plasma,Plasma,Other
TBAJ-876,5,1,73,0.00574,Plasma,Plasma,Other
TBAJ-876,5,2,74,0.0304,Plasma,Plasma,Other
TBAJ-876,5,3,75,0.0686,Plasma,Plasma,Other
TBAJ-876,5,5,77,0.0712,Plasma,Plasma,Other
TBAJ-876,5,7,79,0.0523,Plasma,Plasma,Other
TBAJ-876,5,24,96,0.00697,Plasma,Plasma,Other
TBAJ-876,38,-0.683333333,335.3166667,0.0218,Plasma,Plasma,Other
TBAJ-876,38,1,337,0.0404,Plasma,Plasma,Other
TBAJ-876,38,2,338,0.107,Plasma,Plasma,Other
TBAJ-876,38,6,342,0.0896,Plasma,Plasma,Other
TBAJ-876,38,24.6,360.6,0.0304,Plasma,Plasma,Other
TBAJ-876,39,-0.05,335.95,0.0591,Plasma,Plasma,Other
TBAJ-876,39,1,337,0.0566,Plasma,Plasma,Other
TBAJ-876,39,2,338,0.0228,Plasma,Plasma,Other
TBAJ-876,39,6,342,0.187,Plasma,Plasma,Other
TBAJ-876,39,24.08333333,360.0833333,0.0468,Plasma,Plasma,Other
TBAJ-876,40,-0.083333333,671.9166667,0.351,Plasma,Plasma,Other
TBAJ-876,40,1.116666667,673.1166667,0.0201,Plasma,Plasma,Other
TBAJ-876,40,2.033333333,674.0333333,0.0239,Plasma,Plasma,Other
TBAJ-876,40,6,678,0.103,Plasma,Plasma,Other
TBAJ-876,40,24.58333333,696.5833333,0.0234,Plasma,Plasma,Other
TBAJ-876,41,-0.083333333,671.9166667,0.0518,Plasma,Plasma,Other
TBAJ-876,41,1,673,0.0825,Plasma,Plasma,Other
TBAJ-876,41,2,674,0.118,Plasma,Plasma,Other
TBAJ-876,41,6,678,0.284,Plasma,Plasma,Other
TBAJ-876,41,24.61666667,696.6166667,0.029,Plasma,Plasma,Other
TBAJ-876,42,-0.233333333,335.7666667,0.0365,Plasma,Plasma,Other
TBAJ-876,42,1.166666667,337.1666667,0.048,Plasma,Plasma,Other
TBAJ-876,42,2,338,0.0544,Plasma,Plasma,Other
TBAJ-876,42,6,342,0.102,Plasma,Plasma,Other
TBAJ-876,42,24.43333333,360.4333333,0.0398,Plasma,Plasma,Other
TBAJ-876,12,0,48,0,Plasma,Plasma,Other
TBAJ-876,12,16,64,0.0504,Plasma,Plasma,Other
TBAJ-876,12,20,68,0.0435,Plasma,Plasma,Other
TBAJ-876,12,24,72,0.0306,Plasma,Plasma,Other
TBAJ-876,12,0,48,0.0306,Plasma,Plasma,Other
TBAJ-876,12,16,64,0.0772,Plasma,Plasma,Other
TBAJ-876,12,20,68,0.0586,Plasma,Plasma,Other
TBAJ-876,12,24,72,0.0464,Plasma,Plasma,Other
TBAJ-876,13,0,48,0,Plasma,Plasma,Other
TBAJ-876,13,16,64,0.0817,Plasma,Plasma,Other
TBAJ-876,13,20,68,0.0614,Plasma,Plasma,Other
TBAJ-876,13,24,72,0.0313,Plasma,Plasma,Other
TBAJ-876,13,0,48,0.0313,Plasma,Plasma,Other
TBAJ-876,13,16,64,0.0905,Plasma,Plasma,Other
TBAJ-876,13,20,68,0.0544,Plasma,Plasma,Other
TBAJ-876,13,24,72,0.0402,Plasma,Plasma,Other
TBAJ-876,14,0,72,0,Plasma,Plasma,Other
TBAJ-876,14,16,88,0.0576,Plasma,Plasma,Other
TBAJ-876,14,20,92,0.0355,Plasma,Plasma,Other
TBAJ-876,14,24,96,0.0299,Plasma,Plasma,Other
TBAJ-876,14,0,72,0.0443,Plasma,Plasma,Other
TBAJ-876,14,16,88,0.102,Plasma,Plasma,Other
TBAJ-876,14,20,92,0.0965,Plasma,Plasma,Other
TBAJ-876,14,24,96,0.0952,Plasma,Plasma,Other
TBAJ-876,15,0,72,0,Plasma,Plasma,Other
TBAJ-876,15,16,88,0.0689,Plasma,Plasma,Other
TBAJ-876,15,20,92,0.0466,Plasma,Plasma,Other
TBAJ-876,15,24,96,0.0384,Plasma,Plasma,Other
TBAJ-876,15,0,72,0.0573,Plasma,Plasma,Other
TBAJ-876,15,16,88,0.105,Plasma,Plasma,Other
TBAJ-876,15,20,92,0.101,Plasma,Plasma,Other
TBAJ-876,15,24,96,0.0965,Plasma,Plasma,Other
TBAJ-876,16,0,72,0,Plasma,Plasma,Other
TBAJ-876,16,16,88,0.0416,Plasma,Plasma,Other
TBAJ-876,16,20,92,0.0297,Plasma,Plasma,Other
TBAJ-876,16,24,96,0.0185,Plasma,Plasma,Other
TBAJ-876,16,0,72,0.0342,Plasma,Plasma,Other
TBAJ-876,16,64,136,0.0121,Plasma,Plasma,Other
TBAJ-876,16,68,140,0.0115,Plasma,Plasma,Other
TBAJ-876,16,72,144,0.0118,Plasma,Plasma,Other
TBAJ-876,17,0,72,0,Plasma,Plasma,Other
TBAJ-876,17,16,88,0.0628,Plasma,Plasma,Other
TBAJ-876,17,20,92,0.0515,Plasma,Plasma,Other
TBAJ-876,17,24,96,0.0395,Plasma,Plasma,Other
TBAJ-876,17,0,72,0.0643,Plasma,Plasma,Other
TBAJ-876,17,64,136,0.0133,Plasma,Plasma,Other
TBAJ-876,17,68,140,0.0116,Plasma,Plasma,Other
TBAJ-876,17,72,144,0.0171,Plasma,Plasma,Other
TBAJ-876,18,24,96,0.0599,Plasma,Plasma,Other
TBAJ-876,18,40,112,0.0581,Plasma,Plasma,Other
TBAJ-876,18,44,116,0.0422,Plasma,Plasma,Other
TBAJ-876,18,48,120,0.052,Plasma,Plasma,Other
TBAJ-876,19,0,72,0,Plasma,Plasma,Other
TBAJ-876,19,4,76,0.417,Plasma,Plasma,Other
TBAJ-876,19,6,78,0.426,Plasma,Plasma,Other
TBAJ-876,19,8,80,0.188,Plasma,Plasma,Other
TBAJ-876,19,0,72,0.0413,Plasma,Plasma,Other
TBAJ-876,19,0.5,72.5,0.0421,Plasma,Plasma,Other
TBAJ-876,19,1,73,0.0464,Plasma,Plasma,Other
TBAJ-876,19,2,74,0.172,Plasma,Plasma,Other
TBAJ-876,19,4,76,0.349,Plasma,Plasma,Other
TBAJ-876,19,6,78,0.352,Plasma,Plasma,Other
TBAJ-876,20,0,72,0,Plasma,Plasma,Other
TBAJ-876,20,4,76,0.118,Plasma,Plasma,Other
TBAJ-876,20,6,78,0.0556,Plasma,Plasma,Other
TBAJ-876,20,8,80,0.0434,Plasma,Plasma,Other
TBAJ-876,20,0,72,0.015,Plasma,Plasma,Other
TBAJ-876,20,0.5,72.5,0.0167,Plasma,Plasma,Other
TBAJ-876,20,1,73,0.0484,Plasma,Plasma,Other
TBAJ-876,20,2,74,0.0949,Plasma,Plasma,Other
TBAJ-876,20,4,76,0.237,Plasma,Plasma,Other
TBAJ-876,20,6,78,0.115,Plasma,Plasma,Other
TBAJ-876,21,0,72,0,Plasma,Plasma,Other
TBAJ-876,21,4,76,0.447,Plasma,Plasma,Other
TBAJ-876,21,6,78,0.255,Plasma,Plasma,Other
TBAJ-876,21,8,80,0.13,Plasma,Plasma,Other
TBAJ-876,21,0,72,0.0651,Plasma,Plasma,Other
TBAJ-876,21,0.5,72.5,0.0434,Plasma,Plasma,Other
TBAJ-876,21,1,73,0.0589,Plasma,Plasma,Other
TBAJ-876,21,2,74,0.163,Plasma,Plasma,Other
TBAJ-876,21,4,76,0.643,Plasma,Plasma,Other
TBAJ-876,21,6,78,0.643,Plasma,Plasma,Other
TBAJ-876,22,0,72,0,Plasma,Plasma,Other
TBAJ-876,22,4,76,0.111,Plasma,Plasma,Other
TBAJ-876,22,6,78,0.0856,Plasma,Plasma,Other
TBAJ-876,22,8,80,0.128,Plasma,Plasma,Other
TBAJ-876,22,0,72,0.0474,Plasma,Plasma,Other
TBAJ-876,22,0.5,72.5,0.0543,Plasma,Plasma,Other
TBAJ-876,22,1,73,0.0518,Plasma,Plasma,Other
TBAJ-876,22,2,74,0.167,Plasma,Plasma,Other
TBAJ-876,22,4,76,0.173,Plasma,Plasma,Other
TBAJ-876,22,6,78,0.249,Plasma,Plasma,Other
TBAJ-876,23,0,72,0.0363,Plasma,Plasma,Other
TBAJ-876,23,0.5,72.5,0.0437,Plasma,Plasma,Other
TBAJ-876,23,1,73,0.0565,Plasma,Plasma,Other
TBAJ-876,23,2,74,0.127,Plasma,Plasma,Other
TBAJ-876,23,4,76,0.182,Plasma,Plasma,Other
TBAJ-876,23,6,78,0.348,Plasma,Plasma,Other
TBAJ-876,24,0,72,0,Plasma,Plasma,Other
TBAJ-876,24,0.5,72.5,0,Plasma,Plasma,Other
TBAJ-876,24,1,73,0,Plasma,Plasma,Other
TBAJ-876,24,2,74,0.17,Plasma,Plasma,Other
TBAJ-876,24,4,76,0.132,Plasma,Plasma,Other
TBAJ-876,24,6,78,0.248,Plasma,Plasma,Other
TBAJ-876,24,8,80,0.298,Plasma,Plasma,Other
TBAJ-876,24,0,72,0.0536,Plasma,Plasma,Other
TBAJ-876,24,0.5,72.5,0.049,Plasma,Plasma,Other
TBAJ-876,24,1,73,0.0692,Plasma,Plasma,Other
TBAJ-876,24,2,74,0.141,Plasma,Plasma,Other
TBAJ-876,24,4,76,0.343,Plasma,Plasma,Other
TBAJ-876,24,6,78,0.472,Plasma,Plasma,Other
TBAJ-876,24,8,80,0.225,Plasma,Plasma,Other
TBAJ-876,24,24,96,0.0429,Plasma,Plasma,Other
TBAJ-876,24,48,120,0.0231,Plasma,Plasma,Other
TBAJ-876,25,0,72,0,Plasma,Plasma,Other
TBAJ-876,25,0.5,72.5,0.0189,Plasma,Plasma,Other
TBAJ-876,25,1,73,0.0503,Plasma,Plasma,Other
TBAJ-876,25,2,74,0.024,Plasma,Plasma,Other
TBAJ-876,25,4,76,0.784,Plasma,Plasma,Other
TBAJ-876,25,6,78,0.393,Plasma,Plasma,Other
TBAJ-876,25,8,80,0.257,Plasma,Plasma,Other
TBAJ-876,25,0,72,0.0599,Plasma,Plasma,Other
TBAJ-876,25,0.5,72.5,0.117,Plasma,Plasma,Other
TBAJ-876,25,1,73,0.344,Plasma,Plasma,Other
TBAJ-876,25,2,74,0.603,Plasma,Plasma,Other
TBAJ-876,25,4,76,0.47,Plasma,Plasma,Other
TBAJ-876,25,6,78,0.293,Plasma,Plasma,Other
TBAJ-876,25,8,80,0.207,Plasma,Plasma,Other
TBAJ-876,25,24,96,0.0558,Plasma,Plasma,Other
TBAJ-876,25,48,120,0.0307,Plasma,Plasma,Other
TBAJ-876,26,0,336,0,Plasma,Plasma,Other
TBAJ-876,26,2,338,0,Plasma,Plasma,Other
TBAJ-876,26,6,342,0.00965,Plasma,Plasma,Other
TBAJ-876,26,8,344,0.00796,Plasma,Plasma,Other
TBAJ-876,26,24,360,0.00163,Plasma,Plasma,Other
TBAJ-876,26,0,336,0.00592,Plasma,Plasma,Other
TBAJ-876,26,2,338,0.0254,Plasma,Plasma,Other
TBAJ-876,26,6,342,0.0358,Plasma,Plasma,Other
TBAJ-876,26,8,344,0.0172,Plasma,Plasma,Other
TBAJ-876,26,24,360,0.00453,Plasma,Plasma,Other
TBAJ-876,26,24,360,0.00501,Plasma,Plasma,Other
TBAJ-876,27,0,336,0,Plasma,Plasma,Other
TBAJ-876,27,2,338,0,Plasma,Plasma,Other
TBAJ-876,27,6,342,0.00936,Plasma,Plasma,Other
TBAJ-876,27,8,344,0.0124,Plasma,Plasma,Other
TBAJ-876,27,24,360,0.00464,Plasma,Plasma,Other
TBAJ-876,27,0,336,0.0124,Plasma,Plasma,Other
TBAJ-876,27,2,338,0.0195,Plasma,Plasma,Other
TBAJ-876,27,6,342,0.0385,Plasma,Plasma,Other
TBAJ-876,27,8,344,0.0387,Plasma,Plasma,Other
TBAJ-876,27,24,360,0.0131,Plasma,Plasma,Other
TBAJ-876,27,24,360,0.0135,Plasma,Plasma,Other
TBAJ-876,28,0,672,0,Plasma,Plasma,Other
TBAJ-876,28,2,674,0.00201,Plasma,Plasma,Other
TBAJ-876,28,6,678,0.00385,Plasma,Plasma,Other
TBAJ-876,28,8,680,0.00249,Plasma,Plasma,Other
TBAJ-876,28,24,696,0.0012,Plasma,Plasma,Other
TBAJ-876,28,0,672,0.00744,Plasma,Plasma,Other
TBAJ-876,28,2,674,0.0261,Plasma,Plasma,Other
TBAJ-876,28,6,678,0.0301,Plasma,Plasma,Other
TBAJ-876,28,8,680,0.0127,Plasma,Plasma,Other
TBAJ-876,28,24,696,0.00532,Plasma,Plasma,Other
TBAJ-876,28,24,696,0.006,Plasma,Plasma,Other
TBAJ-876,29,0,672,0,Plasma,Plasma,Other
TBAJ-876,29,2,674,0,Plasma,Plasma,Other
TBAJ-876,29,6,678,0.00882,Plasma,Plasma,Other
TBAJ-876,29,8,680,0.0114,Plasma,Plasma,Other
TBAJ-876,29,24,696,0.00295,Plasma,Plasma,Other
TBAJ-876,29,0,672,0.00758,Plasma,Plasma,Other
TBAJ-876,29,2,674,0.0411,Plasma,Plasma,Other
TBAJ-876,29,6,678,0.0245,Plasma,Plasma,Other
TBAJ-876,29,8,680,0.0177,Plasma,Plasma,Other
TBAJ-876,29,24,696,0.00558,Plasma,Plasma,Other
TBAJ-876,29,24,696,0.00571,Plasma,Plasma,Other
TBAJ-876,30,0,336,0.0102,Plasma,Plasma,Other
TBAJ-876,30,2,338,0.0656,Plasma,Plasma,Other
TBAJ-876,30,6,342,0.0379,Plasma,Plasma,Other
TBAJ-876,30,8,344,0.0257,Plasma,Plasma,Other
TBAJ-876,30,24,360,0.0109,Plasma,Plasma,Other
TBAJ-876,30,24,360,0.0122,Plasma,Plasma,Other
TBAJ-876,31,0,336,0.00513,Plasma,Plasma,Other
TBAJ-876,31,2,338,0.0235,Plasma,Plasma,Other
TBAJ-876,31,6,342,0.0347,Plasma,Plasma,Other
TBAJ-876,31,8,344,0.0194,Plasma,Plasma,Other
TBAJ-876,31,24,360,0.00644,Plasma,Plasma,Other
TBAJ-876,31,24,360,0.00702,Plasma,Plasma,Other
TBAJ-876,32,0,336,0.00337,Plasma,Plasma,Other
TBAJ-876,32,2,338,0.00729,Plasma,Plasma,Other
TBAJ-876,32,6,342,0.0254,Plasma,Plasma,Other
TBAJ-876,32,8,344,0.00906,Plasma,Plasma,Other
TBAJ-876,32,24,360,0.00401,Plasma,Plasma,Other
TBAJ-876,32,24,360,0.00336,Plasma,Plasma,Other
TBAJ-876,33,0,336,0.0106,Plasma,Plasma,Other
TBAJ-876,33,2,338,0.0571,Plasma,Plasma,Other
TBAJ-876,33,6,342,0.0464,Plasma,Plasma,Other
TBAJ-876,33,8,344,0.0275,Plasma,Plasma,Other
TBAJ-876,33,24,360,0.0136,Plasma,Plasma,Other
TBAJ-876,33,24,360,0.0134,Plasma,Plasma,Other
TBAJ-876,34,0,672,0.00468,Plasma,Plasma,Other
TBAJ-876,34,2,674,0.0225,Plasma,Plasma,Other
TBAJ-876,34,6,678,0.0126,Plasma,Plasma,Other
TBAJ-876,34,8,680,0.0105,Plasma,Plasma,Other
TBAJ-876,34,24,696,0.00385,Plasma,Plasma,Other
TBAJ-876,34,24,696,0.00437,Plasma,Plasma,Other
TBAJ-876,35,0,672,0.00855,Plasma,Plasma,Other
TBAJ-876,35,2,674,0.0356,Plasma,Plasma,Other
TBAJ-876,35,6,678,0.041,Plasma,Plasma,Other
TBAJ-876,35,8,680,0.0396,Plasma,Plasma,Other
TBAJ-876,35,24,696,0.015,Plasma,Plasma,Other
TBAJ-876,35,24,696,0.00823,Plasma,Plasma,Other
TBAJ-876,36,0,672,0.00591,Plasma,Plasma,Other
TBAJ-876,36,2,674,0.0219,Plasma,Plasma,Other
TBAJ-876,36,6,678,0.0268,Plasma,Plasma,Other
TBAJ-876,36,8,680,0.0214,Plasma,Plasma,Other
TBAJ-876,36,24,696,0.0069,Plasma,Plasma,Other
TBAJ-876,36,24,696,0.0192,Plasma,Plasma,Other
TBAJ-876,37,0,672,0.0124,Plasma,Plasma,Other
TBAJ-876,37,2,674,0.0256,Plasma,Plasma,Other
TBAJ-876,37,6,678,0.0631,Plasma,Plasma,Other
TBAJ-876,37,8,680,0.039,Plasma,Plasma,Other
TBAJ-876,37,24,696,0.0195,Plasma,Plasma,Other
TBAJ-876,37,24,696,0.0222,Plasma,Plasma,Other
TBAJ-876,6,0,72,1.00E-04,Plasma,Plasma,Other
TBAJ-876,6,0.5,72.5,0.0805,Plasma,Plasma,Other
TBAJ-876,6,24,96,0.0965,Plasma,Plasma,Other
TBAJ-876,6,96,168,0.0502,Plasma,Plasma,Other
TBAJ-876,6,48,120,0.0966,Plasma,Plasma,Other
TBAJ-876,6,0,72,0.136,Plasma,Plasma,Other
TBAJ-876,6,24,96,0.186,Plasma,Plasma,Other
TBAJ-876,6,0.5,72.5,0.223,Plasma,Plasma,Other
TBAJ-876,6,1,73,0.305,Plasma,Plasma,Other
TBAJ-876,6,1,73,0.339,Plasma,Plasma,Other
TBAJ-876,6,2,74,0.645,Plasma,Plasma,Other
TBAJ-876,6,2,74,0.722,Plasma,Plasma,Other
TBAJ-876,6,8,80,0.835,Plasma,Plasma,Other
TBAJ-876,6,6,78,1.03,Plasma,Plasma,Other
TBAJ-876,6,8,80,0.988,Plasma,Plasma,Other
TBAJ-876,6,4,76,1.09,Plasma,Plasma,Other
TBAJ-876,6,4,76,1.08,Plasma,Plasma,Other
TBAJ-876,6,6,78,1.24,Plasma,Plasma,Other
TBAJ-876,7,0,72,1.00E-04,Plasma,Plasma,Other
TBAJ-876,7,0.5,72.5,0.00561,Plasma,Plasma,Other
TBAJ-876,7,1,73,0.0152,Plasma,Plasma,Other
TBAJ-876,7,2,74,0.0663,Plasma,Plasma,Other
TBAJ-876,7,96,168,0.0368,Plasma,Plasma,Other
TBAJ-876,7,48,120,0.0628,Plasma,Plasma,Other
TBAJ-876,7,24,96,0.127,Plasma,Plasma,Other
TBAJ-876,7,0,72,0.154,Plasma,Plasma,Other
TBAJ-876,7,24,96,0.199,Plasma,Plasma,Other
TBAJ-876,7,0.5,72.5,0.21,Plasma,Plasma,Other
TBAJ-876,7,1,73,0.363,Plasma,Plasma,Other
TBAJ-876,7,4,76,0.435,Plasma,Plasma,Other
TBAJ-876,7,6,78,0.451,Plasma,Plasma,Other
TBAJ-876,7,8,80,0.478,Plasma,Plasma,Other
TBAJ-876,7,2,74,0.444,Plasma,Plasma,Other
TBAJ-876,7,8,80,0.736,Plasma,Plasma,Other
TBAJ-876,7,6,78,0.769,Plasma,Plasma,Other
TBAJ-876,7,4,76,0.775,Plasma,Plasma,Other
TBAJ-876,8,0,72,1.00E-04,Plasma,Plasma,Other
TBAJ-876,8,0.5,72.5,0.0338,Plasma,Plasma,Other
TBAJ-876,8,96,168,0.0343,Plasma,Plasma,Other
TBAJ-876,8,1,73,0.0832,Plasma,Plasma,Other
TBAJ-876,8,48,120,0.0636,Plasma,Plasma,Other
TBAJ-876,8,24,96,0.125,Plasma,Plasma,Other
TBAJ-876,8,24,96,0.112,Plasma,Plasma,Other
TBAJ-876,8,0,72,0.125,Plasma,Plasma,Other
TBAJ-876,8,2,74,0.217,Plasma,Plasma,Other
TBAJ-876,8,0.5,72.5,0.22,Plasma,Plasma,Other
TBAJ-876,8,1,73,0.363,Plasma,Plasma,Other
TBAJ-876,8,4,76,0.731,Plasma,Plasma,Other
TBAJ-876,8,2,74,0.701,Plasma,Plasma,Other
TBAJ-876,8,6,78,0.994,Plasma,Plasma,Other
TBAJ-876,8,8,80,1.37,Plasma,Plasma,Other
TBAJ-876,8,8,80,1.43,Plasma,Plasma,Other
TBAJ-876,8,4,76,1.42,Plasma,Plasma,Other
TBAJ-876,8,6,78,1.74,Plasma,Plasma,Other
TBAJ-876,9,0,72,0,Plasma,Plasma,Other
TBAJ-876,9,0.5,72.5,0.0499,Plasma,Plasma,Other
TBAJ-876,9,1,73,0.0803,Plasma,Plasma,Other
TBAJ-876,9,96,168,0.0621,Plasma,Plasma,Other
TBAJ-876,9,2,74,0.192,Plasma,Plasma,Other
TBAJ-876,9,48,120,0.175,Plasma,Plasma,Other
TBAJ-876,9,24,96,0.346,Plasma,Plasma,Other
TBAJ-876,9,4,76,0.35,Plasma,Plasma,Other
TBAJ-876,9,0,72,0.361,Plasma,Plasma,Other
TBAJ-876,9,0.5,72.5,0.403,Plasma,Plasma,Other
TBAJ-876,9,1,73,0.414,Plasma,Plasma,Other
TBAJ-876,9,2,74,0.437,Plasma,Plasma,Other
TBAJ-876,9,6,78,0.566,Plasma,Plasma,Other
TBAJ-876,9,8,80,0.575,Plasma,Plasma,Other
TBAJ-876,9,4,76,0.608,Plasma,Plasma,Other
TBAJ-876,9,24,96,0.658,Plasma,Plasma,Other
TBAJ-876,9,6,78,0.708,Plasma,Plasma,Other
TBAJ-876,9,8,80,0.727,Plasma,Plasma,Other
TBAJ-876,10,0,72,0,Plasma,Plasma,Other
TBAJ-876,10,0.5,72.5,0.0053,Plasma,Plasma,Other
TBAJ-876,10,1,73,0.0156,Plasma,Plasma,Other
TBAJ-876,10,2,74,0.142,Plasma,Plasma,Other
TBAJ-876,10,96,168,0.148,Plasma,Plasma,Other
TBAJ-876,10,48,120,0.223,Plasma,Plasma,Other
TBAJ-876,10,24,96,0.514,Plasma,Plasma,Other
TBAJ-876,10,24,96,0.707,Plasma,Plasma,Other
TBAJ-876,10,0,72,0.809,Plasma,Plasma,Other
TBAJ-876,10,0.5,72.5,0.823,Plasma,Plasma,Other
TBAJ-876,10,4,76,0.873,Plasma,Plasma,Other
TBAJ-876,10,1,73,0.878,Plasma,Plasma,Other
TBAJ-876,10,2,74,1.35,Plasma,Plasma,Other
TBAJ-876,10,6,78,1.78,Plasma,Plasma,Other
TBAJ-876,10,8,80,2.53,Plasma,Plasma,Other
TBAJ-876,10,6,78,2.96,Plasma,Plasma,Other
TBAJ-876,10,4,76,3.04,Plasma,Plasma,Other
TBAJ-876,10,8,80,3.97,Plasma,Plasma,Other
TBAJ-876,11,0,72,0,Plasma,Plasma,Other
TBAJ-876,11,0.5,72.5,0.142,Plasma,Plasma,Other
TBAJ-876,11,96,168,0.126,Plasma,Plasma,Other
TBAJ-876,11,1,73,0.328,Plasma,Plasma,Other
TBAJ-876,11,2,74,0.36,Plasma,Plasma,Other
TBAJ-876,11,0,72,0.359,Plasma,Plasma,Other
TBAJ-876,11,0.5,72.5,0.474,Plasma,Plasma,Other
TBAJ-876,11,1,73,0.515,Plasma,Plasma,Other
TBAJ-876,11,2,74,0.596,Plasma,Plasma,Other
TBAJ-876,11,48,120,0.636,Plasma,Plasma,Other
TBAJ-876,11,6,78,0.659,Plasma,Plasma,Other
TBAJ-876,11,8,80,0.669,Plasma,Plasma,Other
TBAJ-876,11,24,96,0.742,Plasma,Plasma,Other
TBAJ-876,11,4,76,0.81,Plasma,Plasma,Other
TBAJ-876,11,4,76,0.77,Plasma,Plasma,Other
TBAJ-876,11,24,96,0.858,Plasma,Plasma,Other
TBAJ-876,11,8,80,1.04,Plasma,Plasma,Other
TBAJ-876,11,6,78,1.52,Plasma,Plasma,Other
TBAJ-876-M3,1,0,24,0,Plasma,Plasma,Other
TBAJ-876-M3,1,0.5,24.5,0,Plasma,Plasma,Other
TBAJ-876-M3,1,1,25,0,Plasma,Plasma,Other
TBAJ-876-M3,1,2,26,0,Plasma,Plasma,Other
TBAJ-876-M3,1,3,27,0.000672,Plasma,Plasma,Other
TBAJ-876-M3,1,5,29,0.00361,Plasma,Plasma,Other
TBAJ-876-M3,1,7,31,0.00357,Plasma,Plasma,Other
TBAJ-876-M3,1,24,48,0.00203,Plasma,Plasma,Other
TBAJ-876-M3,1,48,72,0.00106,Plasma,Plasma,Other
TBAJ-876-M3,1,72,96,0.000563,Plasma,Plasma,Other
TBAJ-876-M3,2,0,24,0,Plasma,Plasma,Other
TBAJ-876-M3,2,0.5,24.5,0,Plasma,Plasma,Other
TBAJ-876-M3,2,1,25,0,Plasma,Plasma,Other
TBAJ-876-M3,2,2,26,0,Plasma,Plasma,Other
TBAJ-876-M3,2,3,27,0.00042,Plasma,Plasma,Other
TBAJ-876-M3,2,5,29,0.00483,Plasma,Plasma,Other
TBAJ-876-M3,2,7,31,0.00593,Plasma,Plasma,Other
TBAJ-876-M3,2,24,48,0.00243,Plasma,Plasma,Other
TBAJ-876-M3,2,48,72,0.00122,Plasma,Plasma,Other
TBAJ-876-M3,2,72,96,0.000461,Plasma,Plasma,Other
TBAJ-876-M3,3,0,24,0,Plasma,Plasma,Other
TBAJ-876-M3,3,0.5,24.5,0,Plasma,Plasma,Other
TBAJ-876-M3,3,1,25,0,Plasma,Plasma,Other
TBAJ-876-M3,3,2,26,0,Plasma,Plasma,Other
TBAJ-876-M3,3,3,27,0.00133,Plasma,Plasma,Other
TBAJ-876-M3,3,5,29,0.00499,Plasma,Plasma,Other
TBAJ-876-M3,3,7,31,0.00493,Plasma,Plasma,Other
TBAJ-876-M3,3,24,48,0.00182,Plasma,Plasma,Other
TBAJ-876-M3,3,48,72,0.000946,Plasma,Plasma,Other
TBAJ-876-M3,3,72,96,0.000297,Plasma,Plasma,Other
TBAJ-876-M3,4,0,72,0,Plasma,Plasma,Other
TBAJ-876-M3,4,0.5,72.5,0.0151,Plasma,Plasma,Other
TBAJ-876-M3,4,1,73,0.0165,Plasma,Plasma,Other
TBAJ-876-M3,4,2,74,0.0169,Plasma,Plasma,Other
TBAJ-876-M3,4,3,75,0.0199,Plasma,Plasma,Other
TBAJ-876-M3,4,5,77,0.0228,Plasma,Plasma,Other
TBAJ-876-M3,4,7,79,0.027,Plasma,Plasma,Other
TBAJ-876-M3,4,24,96,0.0208,Plasma,Plasma,Other
TBAJ-876-M3,5,0,72,0,Plasma,Plasma,Other
TBAJ-876-M3,5,0.5,72.5,0.0153,Plasma,Plasma,Other
TBAJ-876-M3,5,1,73,0.0154,Plasma,Plasma,Other
TBAJ-876-M3,5,2,74,0.0189,Plasma,Plasma,Other
TBAJ-876-M3,5,3,75,0.0235,Plasma,Plasma,Other
TBAJ-876-M3,5,5,77,0.0343,Plasma,Plasma,Other
TBAJ-876-M3,5,7,79,0.0315,Plasma,Plasma,Other
TBAJ-876-M3,5,24,96,0.0198,Plasma,Plasma,Other
TBAJ-876-M3,38,-0.683333333,335.3166667,0.0173,Plasma,Plasma,Other
TBAJ-876-M3,38,1,337,0.0107,Plasma,Plasma,Other
TBAJ-876-M3,38,2,338,0.0161,Plasma,Plasma,Other
TBAJ-876-M3,38,6,342,0.0195,Plasma,Plasma,Other
TBAJ-876-M3,38,24.6,360.6,0.0158,Plasma,Plasma,Other
TBAJ-876-M3,39,-0.05,335.95,0.0215,Plasma,Plasma,Other
TBAJ-876-M3,39,1,337,0.0177,Plasma,Plasma,Other
TBAJ-876-M3,39,2,338,0.014,Plasma,Plasma,Other
TBAJ-876-M3,39,6,342,0.0296,Plasma,Plasma,Other
TBAJ-876-M3,39,24.08333333,360.0833333,0.0199,Plasma,Plasma,Other
TBAJ-876-M3,40,-0.083333333,671.9166667,0.0297,Plasma,Plasma,Other
TBAJ-876-M3,40,1.116666667,673.1166667,0.0188,Plasma,Plasma,Other
TBAJ-876-M3,40,2.033333333,674.0333333,0.0235,Plasma,Plasma,Other
TBAJ-876-M3,40,6,678,0.0359,Plasma,Plasma,Other
TBAJ-876-M3,40,24.58333333,696.5833333,0.0308,Plasma,Plasma,Other
TBAJ-876-M3,41,-0.083333333,671.9166667,0.0203,Plasma,Plasma,Other
TBAJ-876-M3,41,1,673,0.0233,Plasma,Plasma,Other
TBAJ-876-M3,41,2,674,0.0316,Plasma,Plasma,Other
TBAJ-876-M3,41,6,678,0.0434,Plasma,Plasma,Other
TBAJ-876-M3,41,24.61666667,696.6166667,0.0189,Plasma,Plasma,Other
TBAJ-876-M3,42,-0.233333333,335.7666667,0.0295,Plasma,Plasma,Other
TBAJ-876-M3,42,1.166666667,337.1666667,0.0266,Plasma,Plasma,Other
TBAJ-876-M3,42,2,338,0.0235,Plasma,Plasma,Other
TBAJ-876-M3,42,6,342,0.0325,Plasma,Plasma,Other
TBAJ-876-M3,42,24.43333333,360.4333333,0.0252,Plasma,Plasma,Other
TBAJ-876-M3,12,0,48,0,Plasma,Plasma,Other
TBAJ-876-M3,12,16,64,0.0456,Plasma,Plasma,Other
TBAJ-876-M3,12,20,68,0.0529,Plasma,Plasma,Other
TBAJ-876-M3,12,24,72,0.0392,Plasma,Plasma,Other
TBAJ-876-M3,12,0,48,0.0392,Plasma,Plasma,Other
TBAJ-876-M3,12,16,64,0.104,Plasma,Plasma,Other
TBAJ-876-M3,12,20,68,0.0894,Plasma,Plasma,Other
TBAJ-876-M3,12,24,72,0.0758,Plasma,Plasma,Other
TBAJ-876-M3,13,0,48,0,Plasma,Plasma,Other
TBAJ-876-M3,13,16,64,0.0349,Plasma,Plasma,Other
TBAJ-876-M3,13,20,68,0.0367,Plasma,Plasma,Other
TBAJ-876-M3,13,24,72,0.0318,Plasma,Plasma,Other
TBAJ-876-M3,13,0,48,0.0318,Plasma,Plasma,Other
TBAJ-876-M3,13,16,64,0.0771,Plasma,Plasma,Other
TBAJ-876-M3,13,20,68,0.0631,Plasma,Plasma,Other
TBAJ-876-M3,13,24,72,0.0656,Plasma,Plasma,Other
TBAJ-876-M3,14,0,72,0,Plasma,Plasma,Other
TBAJ-876-M3,14,16,88,0.0528,Plasma,Plasma,Other
TBAJ-876-M3,14,20,92,0.0472,Plasma,Plasma,Other
TBAJ-876-M3,14,24,96,0.0437,Plasma,Plasma,Other
TBAJ-876-M3,14,0,72,0.075,Plasma,Plasma,Other
TBAJ-876-M3,14,16,88,0.136,Plasma,Plasma,Other
TBAJ-876-M3,14,20,92,0.126,Plasma,Plasma,Other
TBAJ-876-M3,14,24,96,0.156,Plasma,Plasma,Other
TBAJ-876-M3,15,0,72,0,Plasma,Plasma,Other
TBAJ-876-M3,15,16,88,0.0668,Plasma,Plasma,Other
TBAJ-876-M3,15,20,92,0.0586,Plasma,Plasma,Other
TBAJ-876-M3,15,24,96,0.0594,Plasma,Plasma,Other
TBAJ-876-M3,15,0,72,0.0808,Plasma,Plasma,Other
TBAJ-876-M3,15,16,88,0.127,Plasma,Plasma,Other
TBAJ-876-M3,15,20,92,0.124,Plasma,Plasma,Other
TBAJ-876-M3,15,24,96,0.128,Plasma,Plasma,Other
TBAJ-876-M3,16,0,72,0,Plasma,Plasma,Other
TBAJ-876-M3,16,16,88,0.0428,Plasma,Plasma,Other
TBAJ-876-M3,16,20,92,0.0429,Plasma,Plasma,Other
TBAJ-876-M3,16,24,96,0.0292,Plasma,Plasma,Other
TBAJ-876-M3,16,0,72,0.0672,Plasma,Plasma,Other
TBAJ-876-M3,16,64,136,0.0298,Plasma,Plasma,Other
TBAJ-876-M3,16,68,140,0.0275,Plasma,Plasma,Other
TBAJ-876-M3,16,72,144,0.0249,Plasma,Plasma,Other
TBAJ-876-M3,17,0,72,0,Plasma,Plasma,Other
TBAJ-876-M3,17,16,88,0.0583,Plasma,Plasma,Other
TBAJ-876-M3,17,20,92,0.0592,Plasma,Plasma,Other
TBAJ-876-M3,17,24,96,0.0524,Plasma,Plasma,Other
TBAJ-876-M3,17,0,72,0.0937,Plasma,Plasma,Other
TBAJ-876-M3,17,64,136,0.0404,Plasma,Plasma,Other
TBAJ-876-M3,17,68,140,0.0345,Plasma,Plasma,Other
TBAJ-876-M3,17,72,144,0.0365,Plasma,Plasma,Other
TBAJ-876-M3,18,24,96,0.0829,Plasma,Plasma,Other
TBAJ-876-M3,18,40,112,0.089,Plasma,Plasma,Other
TBAJ-876-M3,18,44,116,0.0742,Plasma,Plasma,Other
TBAJ-876-M3,18,48,120,0.0896,Plasma,Plasma,Other
TBAJ-876-M3,19,0,72,0,Plasma,Plasma,Other
TBAJ-876-M3,19,4,76,0.0598,Plasma,Plasma,Other
TBAJ-876-M3,19,6,78,0.104,Plasma,Plasma,Other
TBAJ-876-M3,19,8,80,0.0957,Plasma,Plasma,Other
TBAJ-876-M3,19,0,72,0.0934,Plasma,Plasma,Other
TBAJ-876-M3,19,0.5,72.5,0.0881,Plasma,Plasma,Other
TBAJ-876-M3,19,1,73,0.0867,Plasma,Plasma,Other
TBAJ-876-M3,19,2,74,0.085,Plasma,Plasma,Other
TBAJ-876-M3,19,4,76,0.146,Plasma,Plasma,Other
TBAJ-876-M3,19,6,78,0.167,Plasma,Plasma,Other
TBAJ-876-M3,20,0,72,0,Plasma,Plasma,Other
TBAJ-876-M3,20,4,76,0.0374,Plasma,Plasma,Other
TBAJ-876-M3,20,6,78,0.0358,Plasma,Plasma,Other
TBAJ-876-M3,20,8,80,0.0326,Plasma,Plasma,Other
TBAJ-876-M3,20,0,72,0.0383,Plasma,Plasma,Other
TBAJ-876-M3,20,0.5,72.5,0.034,Plasma,Plasma,Other
TBAJ-876-M3,20,1,73,0.0373,Plasma,Plasma,Other
TBAJ-876-M3,20,2,74,0.0552,Plasma,Plasma,Other
TBAJ-876-M3,20,4,76,0.087,Plasma,Plasma,Other
TBAJ-876-M3,20,6,78,0.0751,Plasma,Plasma,Other
TBAJ-876-M3,21,0,72,0,Plasma,Plasma,Other
TBAJ-876-M3,21,4,76,0.0778,Plasma,Plasma,Other
TBAJ-876-M3,21,6,78,0.0768,Plasma,Plasma,Other
TBAJ-876-M3,21,8,80,0.0639,Plasma,Plasma,Other
TBAJ-876-M3,21,0,72,0.0572,Plasma,Plasma,Other
TBAJ-876-M3,21,0.5,72.5,0.041,Plasma,Plasma,Other
TBAJ-876-M3,21,1,73,0.0376,Plasma,Plasma,Other
TBAJ-876-M3,21,2,74,0.0411,Plasma,Plasma,Other
TBAJ-876-M3,21,4,76,0.0848,Plasma,Plasma,Other
TBAJ-876-M3,21,6,78,0.0994,Plasma,Plasma,Other
TBAJ-876-M3,22,0,72,0,Plasma,Plasma,Other
TBAJ-876-M3,22,4,76,0.0179,Plasma,Plasma,Other
TBAJ-876-M3,22,6,78,0.0316,Plasma,Plasma,Other
TBAJ-876-M3,22,8,80,0.0388,Plasma,Plasma,Other
TBAJ-876-M3,22,0,72,0.0459,Plasma,Plasma,Other
TBAJ-876-M3,22,0.5,72.5,0.0421,Plasma,Plasma,Other
TBAJ-876-M3,22,1,73,0.0346,Plasma,Plasma,Other
TBAJ-876-M3,22,2,74,0.0395,Plasma,Plasma,Other
TBAJ-876-M3,22,4,76,0.0537,Plasma,Plasma,Other
TBAJ-876-M3,22,6,78,0.0725,Plasma,Plasma,Other
TBAJ-876-M3,23,0,72,0.0532,Plasma,Plasma,Other
TBAJ-876-M3,23,0.5,72.5,0.0541,Plasma,Plasma,Other
TBAJ-876-M3,23,1,73,0.0534,Plasma,Plasma,Other
TBAJ-876-M3,23,2,74,0.054,Plasma,Plasma,Other
TBAJ-876-M3,23,4,76,0.0799,Plasma,Plasma,Other
TBAJ-876-M3,23,6,78,0.105,Plasma,Plasma,Other
TBAJ-876-M3,24,0,72,0,Plasma,Plasma,Other
TBAJ-876-M3,24,0.5,72.5,0,Plasma,Plasma,Other
TBAJ-876-M3,24,1,73,0,Plasma,Plasma,Other
TBAJ-876-M3,24,2,74,0.0118,Plasma,Plasma,Other
TBAJ-876-M3,24,4,76,0.02,Plasma,Plasma,Other
TBAJ-876-M3,24,6,78,0.0496,Plasma,Plasma,Other
TBAJ-876-M3,24,8,80,0.0651,Plasma,Plasma,Other
TBAJ-876-M3,24,0,72,0.0647,Plasma,Plasma,Other
TBAJ-876-M3,24,0.5,72.5,0.0651,Plasma,Plasma,Other
TBAJ-876-M3,24,1,73,0.0663,Plasma,Plasma,Other
TBAJ-876-M3,24,2,74,0.067,Plasma,Plasma,Other
TBAJ-876-M3,24,4,76,0.0974,Plasma,Plasma,Other
TBAJ-876-M3,24,6,78,0.133,Plasma,Plasma,Other
TBAJ-876-M3,24,8,80,0.121,Plasma,Plasma,Other
TBAJ-876-M3,24,24,96,0.0618,Plasma,Plasma,Other
TBAJ-876-M3,24,48,120,0.0563,Plasma,Plasma,Other
TBAJ-876-M3,25,0,72,0,Plasma,Plasma,Other
TBAJ-876-M3,25,0.5,72.5,0,Plasma,Plasma,Other
TBAJ-876-M3,25,1,73,0.00184,Plasma,Plasma,Other
TBAJ-876-M3,25,2,74,0.000911,Plasma,Plasma,Other
TBAJ-876-M3,25,4,76,0.135,Plasma,Plasma,Other
TBAJ-876-M3,25,6,78,0.129,Plasma,Plasma,Other
TBAJ-876-M3,25,8,80,0.108,Plasma,Plasma,Other
TBAJ-876-M3,25,0,72,0.092,Plasma,Plasma,Other
TBAJ-876-M3,25,0.5,72.5,0.0969,Plasma,Plasma,Other
TBAJ-876-M3,25,1,73,0.108,Plasma,Plasma,Other
TBAJ-876-M3,25,2,74,0.145,Plasma,Plasma,Other
TBAJ-876-M3,25,4,76,0.198,Plasma,Plasma,Other
TBAJ-876-M3,25,6,78,0.198,Plasma,Plasma,Other
TBAJ-876-M3,25,8,80,0.17,Plasma,Plasma,Other
TBAJ-876-M3,25,24,96,0.108,Plasma,Plasma,Other
TBAJ-876-M3,25,48,120,0.0829,Plasma,Plasma,Other
TBAJ-876-M3,26,0,336,0,Plasma,Plasma,Other
TBAJ-876-M3,26,2,338,0,Plasma,Plasma,Other
TBAJ-876-M3,26,6,342,0.00231,Plasma,Plasma,Other
TBAJ-876-M3,26,8,344,0.0037,Plasma,Plasma,Other
TBAJ-876-M3,26,24,360,0.00138,Plasma,Plasma,Other
TBAJ-876-M3,26,0,336,0.00557,Plasma,Plasma,Other
TBAJ-876-M3,26,2,338,0.00748,Plasma,Plasma,Other
TBAJ-876-M3,26,6,342,0.0127,Plasma,Plasma,Other
TBAJ-876-M3,26,8,344,0.0082,Plasma,Plasma,Other
TBAJ-876-M3,26,24,360,0.0052,Plasma,Plasma,Other
TBAJ-876-M3,26,24,360,0.00597,Plasma,Plasma,Other
TBAJ-876-M3,27,0,336,0,Plasma,Plasma,Other
TBAJ-876-M3,27,2,338,0,Plasma,Plasma,Other
TBAJ-876-M3,27,6,342,0.00102,Plasma,Plasma,Other
TBAJ-876-M3,27,8,344,0.00233,Plasma,Plasma,Other
TBAJ-876-M3,27,24,360,0.00241,Plasma,Plasma,Other
TBAJ-876-M3,27,0,336,0.0105,Plasma,Plasma,Other
TBAJ-876-M3,27,2,338,0.0102,Plasma,Plasma,Other
TBAJ-876-M3,27,6,342,0.0161,Plasma,Plasma,Other
TBAJ-876-M3,27,8,344,0.0158,Plasma,Plasma,Other
TBAJ-876-M3,27,24,360,0.0112,Plasma,Plasma,Other
TBAJ-876-M3,27,24,360,0.0114,Plasma,Plasma,Other
TBAJ-876-M3,28,0,672,0,Plasma,Plasma,Other
TBAJ-876-M3,28,2,674,0,Plasma,Plasma,Other
TBAJ-876-M3,28,6,678,0.00246,Plasma,Plasma,Other
TBAJ-876-M3,28,8,680,0.00207,Plasma,Plasma,Other
TBAJ-876-M3,28,24,696,0.000987,Plasma,Plasma,Other
TBAJ-876-M3,28,0,672,0.00356,Plasma,Plasma,Other
TBAJ-876-M3,28,2,674,0.00461,Plasma,Plasma,Other
TBAJ-876-M3,28,6,678,0.00974,Plasma,Plasma,Other
TBAJ-876-M3,28,8,680,0.00559,Plasma,Plasma,Other
TBAJ-876-M3,28,24,696,0.0036,Plasma,Plasma,Other
TBAJ-876-M3,28,24,696,0.00371,Plasma,Plasma,Other
TBAJ-876-M3,29,0,672,0,Plasma,Plasma,Other
TBAJ-876-M3,29,2,674,0,Plasma,Plasma,Other
TBAJ-876-M3,29,6,678,0.00219,Plasma,Plasma,Other
TBAJ-876-M3,29,8,680,0.00226,Plasma,Plasma,Other
TBAJ-876-M3,29,24,696,0.00243,Plasma,Plasma,Other
TBAJ-876-M3,29,0,672,0.00538,Plasma,Plasma,Other
TBAJ-876-M3,29,2,674,0.00897,Plasma,Plasma,Other
TBAJ-876-M3,29,6,678,0.0101,Plasma,Plasma,Other
TBAJ-876-M3,29,8,680,0.008,Plasma,Plasma,Other
TBAJ-876-M3,29,24,696,0.0049,Plasma,Plasma,Other
TBAJ-876-M3,29,24,696,0.00528,Plasma,Plasma,Other
TBAJ-876-M3,30,0,336,0.00963,Plasma,Plasma,Other
TBAJ-876-M3,30,2,338,0.0155,Plasma,Plasma,Other
TBAJ-876-M3,30,6,342,0.0185,Plasma,Plasma,Other
TBAJ-876-M3,30,8,344,0.0157,Plasma,Plasma,Other
TBAJ-876-M3,30,24,360,0.0102,Plasma,Plasma,Other
TBAJ-876-M3,30,24,360,0.0128,Plasma,Plasma,Other
TBAJ-876-M3,31,0,336,0.0052,Plasma,Plasma,Other
TBAJ-876-M3,31,2,338,0.00674,Plasma,Plasma,Other
TBAJ-876-M3,31,6,342,0.011,Plasma,Plasma,Other
TBAJ-876-M3,31,8,344,0.00899,Plasma,Plasma,Other
TBAJ-876-M3,31,24,360,0.00507,Plasma,Plasma,Other
TBAJ-876-M3,31,24,360,0.00567,Plasma,Plasma,Other
TBAJ-876-M3,32,0,336,0.00221,Plasma,Plasma,Other
TBAJ-876-M3,32,2,338,0.00204,Plasma,Plasma,Other
TBAJ-876-M3,32,6,342,0.00474,Plasma,Plasma,Other
TBAJ-876-M3,32,8,344,0.00259,Plasma,Plasma,Other
TBAJ-876-M3,32,24,360,0.00162,Plasma,Plasma,Other
TBAJ-876-M3,32,24,360,0.00157,Plasma,Plasma,Other
TBAJ-876-M3,33,0,336,0.0148,Plasma,Plasma,Other
TBAJ-876-M3,33,2,338,0.017,Plasma,Plasma,Other
TBAJ-876-M3,33,6,342,0.0241,Plasma,Plasma,Other
TBAJ-876-M3,33,8,344,0.0201,Plasma,Plasma,Other
TBAJ-876-M3,33,24,360,0.0145,Plasma,Plasma,Other
TBAJ-876-M3,33,24,360,0.0172,Plasma,Plasma,Other
TBAJ-876-M3,34,0,672,0.0038,Plasma,Plasma,Other
TBAJ-876-M3,34,2,674,0.00538,Plasma,Plasma,Other
TBAJ-876-M3,34,6,678,0.00579,Plasma,Plasma,Other
TBAJ-876-M3,34,8,680,0.00491,Plasma,Plasma,Other
TBAJ-876-M3,34,24,696,0.00327,Plasma,Plasma,Other
TBAJ-876-M3,34,24,696,0.00332,Plasma,Plasma,Other
TBAJ-876-M3,35,0,672,0.00619,Plasma,Plasma,Other
TBAJ-876-M3,35,2,674,0.00755,Plasma,Plasma,Other
TBAJ-876-M3,35,6,678,0.0136,Plasma,Plasma,Other
TBAJ-876-M3,35,8,680,0.0105,Plasma,Plasma,Other
TBAJ-876-M3,35,24,696,0.00676,Plasma,Plasma,Other
TBAJ-876-M3,35,24,696,0.00541,Plasma,Plasma,Other
TBAJ-876-M3,36,0,672,0.00437,Plasma,Plasma,Other
TBAJ-876-M3,36,2,674,0.00658,Plasma,Plasma,Other
TBAJ-876-M3,36,6,678,0.00834,Plasma,Plasma,Other
TBAJ-876-M3,36,8,680,0.00643,Plasma,Plasma,Other
TBAJ-876-M3,36,24,696,0.00517,Plasma,Plasma,Other
TBAJ-876-M3,36,24,696,0.00727,Plasma,Plasma,Other
TBAJ-876-M3,37,0,672,0.01,Plasma,Plasma,Other
TBAJ-876-M3,37,2,674,0.0104,Plasma,Plasma,Other
TBAJ-876-M3,37,6,678,0.0204,Plasma,Plasma,Other
TBAJ-876-M3,37,8,680,0.0134,Plasma,Plasma,Other
TBAJ-876-M3,37,24,696,0.0104,Plasma,Plasma,Other
TBAJ-876-M3,37,24,696,0.012,Plasma,Plasma,Other
TBI-223,272,0,48,0.0339,Plasma,Plasma,Other
TBI-223,272,0.5,48.5,6.05,Plasma,Plasma,Other
TBI-223,272,1,49,10.4,Plasma,Plasma,Other
TBI-223,272,2,50,15.3,Plasma,Plasma,Other
TBI-223,273,0,48,0.0193,Plasma,Plasma,Other
TBI-223,273,0.5,48.5,1.18,Plasma,Plasma,Other
TBI-223,273,1,49,3.08,Plasma,Plasma,Other
TBI-223,273,2,50,10.1,Plasma,Plasma,Other
TBI-223,274,0,48,0.00933,Plasma,Plasma,Other
TBI-223,274,0.5,48.5,21.5,Plasma,Plasma,Other
TBI-223,274,1,49,26,Plasma,Plasma,Other
TBI-223,274,2,50,28.5,Plasma,Plasma,Other
TBI-223,275,0,48,0.0464,Plasma,Plasma,Other
TBI-223,275,0.5,48.5,8.37,Plasma,Plasma,Other
TBI-223,275,1,49,14.3,Plasma,Plasma,Other
TBI-223,275,2,50,18.2,Plasma,Plasma,Other
TBI-223,275,3,51,22.9,Plasma,Plasma,Other
TBI-223,275,4,52,25,Plasma,Plasma,Other
TBI-223,275,6,54,25.1,Plasma,Plasma,Other
TBI-223,276,0,48,0.0402,Plasma,Plasma,Other
TBI-223,276,0.5,48.5,0.638,Plasma,Plasma,Other
TBI-223,276,1,49,6.24,Plasma,Plasma,Other
TBI-223,276,2,50,16.6,Plasma,Plasma,Other
TBI-223,276,3,51,20,Plasma,Plasma,Other
TBI-223,276,4,52,19.1,Plasma,Plasma,Other
TBI-223,276,6,54,16.4,Plasma,Plasma,Other
TBI-223,277,0,48,0.0234,Plasma,Plasma,Other
TBI-223,277,0.5,48.5,5.73,Plasma,Plasma,Other
TBI-223,277,1,49,8.41,Plasma,Plasma,Other
TBI-223,277,2,50,12.1,Plasma,Plasma,Other
TBI-223,277,3,51,16.6,Plasma,Plasma,Other
TBI-223,277,4,52,25.9,Plasma,Plasma,Other
TBI-223,277,6,54,32.6,Plasma,Plasma,Other
TBI-223,278,0,48,0.0672,Plasma,Plasma,Other
TBI-223,278,16,64,2.31,Plasma,Plasma,Other
TBI-223,279,0,48,0.0197,Plasma,Plasma,Other
TBI-223,279,16,64,0.924,Plasma,Plasma,Other
TBI-223,280,0,48,0.0115,Plasma,Plasma,Other
TBI-223,280,16,64,2.66,Plasma,Plasma,Other
AMK,4,2,50,25.7,Cellular,Cellular,Other
AMK,4,2,50,18.3,Caseous,Caseous/Fibrotic,Other
AMK,4,2,50,18.9,Caseous,Caseous/Fibrotic,Other
AMK,4,2,50,15.7,Caseous,Caseous/Fibrotic,Other
AMK,4,2,50,15.4,Caseous,Caseous/Fibrotic,Other
AMK,4,2,50,24.1,Caseous,Caseous/Fibrotic,Other
AMK,4,2,50,16.5,Caseous,Caseous/Fibrotic,Other
AMK,4,2,50,14.1,Caseous,Caseous/Fibrotic,Other
AMK,4,2,50,26.2,Caseous,Caseous/Fibrotic,Other
AMK,4,2,50,32.7,Caseous,Caseous/Fibrotic,Other
AMK,4,2,50,26.8,Caseous,Caseous/Fibrotic,Other
AMK,4,2,50,19.1,Caseous,Caseous/Fibrotic,Other
AMK,4,2,50,28.9,Caseous,Caseous/Fibrotic,Other
AMK,4,2,50,12.9,Caseous,Caseous/Fibrotic,Other
AMK,4,2,50,25,Caseous,Caseous/Fibrotic,Other
AMK,4,2,50,32.4,Caseous,Caseous/Fibrotic,Other
AMK,4,2,50,12.5,Caseous,Caseous/Fibrotic,Other
AMK,4,2,50,31.5,Caseous,Caseous/Fibrotic,Other
AMK,4,2,50,26.3,Caseous,Caseous/Fibrotic,Other
AMK,4,2,50,29.5,Caseous,Caseous/Fibrotic,Other
AMK,4,2,50,19.7,Caseous,Caseous/Fibrotic,Other
AMK,4,2,50,23,Caseous,Caseous/Fibrotic,Other
AMK,4,2,50,22.8,Caseous,Caseous/Fibrotic,Other
AMK,4,2,50,27,Caseous,Caseous/Fibrotic,Other
AMK,4,2,50,27.6,Caseous,Caseous/Fibrotic,Other
AMK,4,2,50,28.7,Caseous,Caseous/Fibrotic,Other
AMK,4,2,50,19.8,Caseous,Caseous/Fibrotic,Other
AMK,4,2,50,19.9,Normal,Lung,Other
AMK,4,2,50,29.8,Normal,Lung,Other
AMK,4,2,50,26.4,Normal,Lung,Other
AMK,4,2,50,32.62088,Caseum,Caseum,Other
AMK,4,2,50,16.65873,Cellular,Cellular,Other
AMK,4,2,50,11.09819,Normal,Lung,Other
AMK,5,2,50,31.6,Caseous,Caseous/Fibrotic,Other
AMK,5,2,50,38.3,Caseous,Caseous/Fibrotic,Other
AMK,5,2,50,35.3,Caseous,Caseous/Fibrotic,Other
AMK,5,2,50,36.7,Caseous,Caseous/Fibrotic,Other
AMK,5,2,50,31.9,Caseous,Caseous/Fibrotic,Other
AMK,5,2,50,29.8,Caseous,Caseous/Fibrotic,Other
AMK,5,2,50,35.5,Caseous,Caseous/Fibrotic,Other
AMK,5,2,50,37.1,Caseous,Caseous/Fibrotic,Other
AMK,5,2,50,27.1,Caseous,Caseous/Fibrotic,Other
AMK,5,2,50,37,Caseous,Caseous/Fibrotic,Other
AMK,5,2,50,21.5,Caseous,Caseous/Fibrotic,Other
AMK,5,2,50,26.9,Caseous,Caseous/Fibrotic,Other
AMK,5,2,50,33.7,Caseous,Caseous/Fibrotic,Other
AMK,5,2,50,35.5,Caseous,Caseous/Fibrotic,Other
AMK,5,2,50,21.4,Caseous,Caseous/Fibrotic,Other
AMK,5,2,50,27.9,Caseous,Caseous/Fibrotic,Other
AMK,5,2,50,38,Normal,Lung,Other
AMK,5,2,50,17.6,Normal,Lung,Other
AMK,5,2,50,39,Normal,Lung,Other
AMK,5,2,50,27.08666,Caseum,Caseum,Other
AMK,5,2,50,11.88018,Cellular,Cellular,Other
AMK,5,2,50,16.47589,Normal,Lung,Other
AMK,5,2,50,22.31663,Caseum,Caseum,Other
AMK,5,2,50,13.70831,Cellular,Cellular,Other
AMK,5,2,50,12.89514,Normal,Lung,Other
AMK,7,6,54,6.3,Caseous,Caseous/Fibrotic,Other
AMK,7,6,54,6.78,Normal,Lung,Other
AMK,7,6,54,3.55,Normal,Lung,Other
AMK,7,6,54,4.47,Normal,Lung,Other
AMK,7,6,54,2.84,Normal,Lung,Other
AMK,7,6,54,1.98,Normal,Lung,Other
AMK,7,6,54,3.24,Normal,Lung,Other
AMK,7,6,54,5.78975,Caseum,Caseum,Other
AMK,7,6,54,6.0882,Cellular,Cellular,Other
AMK,7,6,54,2.33012,Normal,Lung,Other
AMK,8,6,54,5.32,Cellular,Cellular,Other
AMK,8,6,54,6.06,Cellular,Cellular,Other
AMK,8,6,54,6.59,Cellular,Cellular,Other
AMK,8,6,54,5.57,Caseous,Caseous/Fibrotic,Other
AMK,8,6,54,5.73,Caseous,Caseous/Fibrotic,Other
AMK,8,6,54,6.3,Caseous,Caseous/Fibrotic,Other
AMK,8,6,54,4.37,Caseous,Caseous/Fibrotic,Other
AMK,8,6,54,6.12,Caseous,Caseous/Fibrotic,Other
AMK,8,6,54,6.48,Caseous,Caseous/Fibrotic,Other
AMK,8,6,54,6.07,Caseous,Caseous/Fibrotic,Other
AMK,8,6,54,4.56,Caseous,Caseous/Fibrotic,Other
AMK,8,6,54,5.33,Caseous,Caseous/Fibrotic,Other
AMK,8,6,54,4.92,Caseous,Caseous/Fibrotic,Other
AMK,8,6,54,11.7,Caseous,Caseous/Fibrotic,Other
AMK,8,6,54,3.52,Caseous,Caseous/Fibrotic,Other
AMK,8,6,54,3.64,Caseous,Caseous/Fibrotic,Other
AMK,8,6,54,3.42,Normal,Lung,Other
AMK,8,6,54,3.06,Normal,Lung,Other
AMK,8,6,54,1.71,Normal,Lung,Other
AMK,8,6,54,2.6,Normal,Lung,Other
AMK,8,6,54,2.35,Normal,Lung,Other
AMK,8,6,54,3.49,Normal,Lung,Other
AMK,8,6,54,10.78826,Caseum,Caseum,Other
AMK,8,6,54,5.42134,Cellular,Cellular,Other
AMK,8,6,54,1.61609,Normal,Lung,Other
AMK,9,6,54,6,Cellular,Cellular,Other
AMK,9,6,54,5.08,Cellular,Cellular,Other
AMK,9,6,54,7.39,Cellular,Cellular,Other
AMK,9,6,54,7.24,Cellular,Cellular,Other
AMK,9,6,54,7.61,Cellular,Cellular,Other
AMK,9,6,54,5.39,Caseous,Caseous/Fibrotic,Other
AMK,9,6,54,5.82,Caseous,Caseous/Fibrotic,Other
AMK,9,6,54,7.26,Caseous,Caseous/Fibrotic,Other
AMK,9,6,54,5.97,Normal,Lung,Other
AMK,9,6,54,5.8,Normal,Lung,Other
AMK,9,6,54,4.68,Normal,Lung,Other
AMK,9,6,54,3.8,Normal,Lung,Other
AMK,9,6,54,4.7,Normal,Lung,Other
BDQ,6,25.42,625.42,90,Lung,Lung,Other
BDQ,6,25.42,625.42,24.5,Lung,Lung,Other
BDQ,6,25.42,625.42,12.7,Lung,Lung,Other
BDQ,6,25.42,625.42,15.6,Fibrotic lesion,Caseous/Fibrotic,Other
BDQ,6,25.42,625.42,46.6,Fibrotic lesion,Caseous/Fibrotic,Other
BDQ,6,25.42,625.42,85.6,Fibrotic lesion,Caseous/Fibrotic,Other
BDQ,6,25.42,625.42,25.2,Fibrotic lesion,Caseous/Fibrotic,Other
BDQ,6,25.42,625.42,16,Caseous Lesion,Caseous/Fibrotic,Other
BDQ,6,25.42,625.42,84.1,Caseous Lesion,Caseous/Fibrotic,Other
BDQ,6,25.42,625.42,10.5,Caseous Lesion,Caseous/Fibrotic,Other
BDQ,6,25.42,625.42,16.9,Caseous Lesion,Caseous/Fibrotic,Other
BDQ,6,25.42,625.42,88.2,Caseous Lesion,Caseous/Fibrotic,Other
BDQ,6,25.42,625.42,1.62,Caseum,Caseum,Other
BDQ,6,25.42,625.42,12.3,Cavity wall,Cavity,Other
BDQ,7,27.5,627.5,11.5,Lung,Lung,Other
BDQ,7,27.5,627.5,16.4,Lung,Lung,Other
BDQ,7,27.5,627.5,10.6,Lung,Lung,Other
BDQ,7,27.5,627.5,27.1,Fibrotic lesion,Caseous/Fibrotic,Other
BDQ,7,27.5,627.5,15.3,Caseous Lesion,Caseous/Fibrotic,Other
BDQ,7,27.5,627.5,21.6,Caseous Lesion,Caseous/Fibrotic,Other
BDQ,7,27.5,627.5,20.5,Caseous Lesion,Caseous/Fibrotic,Other
BDQ,7,27.5,627.5,19.9,Caseous Lesion,Caseous/Fibrotic,Other
BDQ,7,27.5,627.5,62.2,Caseous Lesion,Caseous/Fibrotic,Other
BDQ,7,27.5,627.5,10.2,Caseous Lesion,Caseous/Fibrotic,Other
BDQ,7,27.5,627.5,12.5,Caseous Lesion,Caseous/Fibrotic,Other
BDQ,7,27.5,627.5,9.02,Caseous Lesion,Caseous/Fibrotic,Other
BDQ,8,24.32,648.32,70.6,Lung,Lung,Other
BDQ,8,24.32,648.32,11.3,Lung,Lung,Other
BDQ,8,24.32,648.32,6.32,Lung,Lung,Other
BDQ,8,24.32,648.32,8.04,Fibrotic lesion,Caseous/Fibrotic,Other
BDQ,8,24.32,648.32,38,Fibrotic lesion,Caseous/Fibrotic,Other
BDQ,8,24.32,648.32,11.6,Fibrotic lesion,Caseous/Fibrotic,Other
BDQ,8,24.32,648.32,7.17,Caseous Lesion,Caseous/Fibrotic,Other
BDQ,8,24.32,648.32,27.3,Caseous Lesion,Caseous/Fibrotic,Other
BDQ,8,24.32,648.32,121,Piece of consolidation,Cellular,Other
BDQ,9,24.27,648.27,245,Lung,Lung,Other
BDQ,9,24.27,648.27,25.9,Lung,Lung,Other
BDQ,9,24.27,648.27,16,Lung,Lung,Other
BDQ,9,24.27,648.27,12.6,Fibrotic lesion,Caseous/Fibrotic,Other
BDQ,9,24.27,648.27,18.3,Fibrotic lesion,Caseous/Fibrotic,Other
BDQ,9,24.27,648.27,129,Fibrotic lesion,Caseous/Fibrotic,Other
BDQ,9,24.27,648.27,26.1,Fibrotic lesion,Caseous/Fibrotic,Other
BDQ,9,24.27,648.27,20.6,Fibrotic lesion,Caseous/Fibrotic,Other
BDQ,9,24.27,648.27,165,Piece of consolidation,Cellular,Other
BDQ,9,24.27,648.27,453,Piece of consolidation,Cellular,Other
BDQ,10,25.88,649.88,72.7,Lung,Lung,Other
BDQ,10,25.88,649.88,67.5,Lung,Lung,Other
BDQ,10,25.88,649.88,11.7,Lung,Lung,Other
BDQ,10,25.88,649.88,20.4,Caseous Lesion,Caseous/Fibrotic,Other
BDQ,10,25.88,649.88,10.3,Caseous Lesion,Caseous/Fibrotic,Other
BDQ,10,25.88,649.88,20.9,Caseous Lesion,Caseous/Fibrotic,Other
BDQ,10,25.88,649.88,13.1,Caseous Lesion,Caseous/Fibrotic,Other
BDQ,10,25.88,649.88,6.13,Caseous Lesion,Caseous/Fibrotic,Other
BDQ,10,25.88,649.88,1.46,Caseous Lesion,Caseous/Fibrotic,Other
BDQ,10,25.88,649.88,10.4,Caseous Lesion,Caseous/Fibrotic,Other
BDQ,10,25.88,649.88,30.6,Caseous Lesion,Caseous/Fibrotic,Other
BDQ,10,25.88,649.88,2.75,Caseum,Caseum,Other
BDQ,10,25.88,649.88,4.06,Caseum,Caseum,Other
BDQ,10,25.88,649.88,28.6,Cavity wall,Cavity,Other
BDQ,10,25.88,649.88,25.3,Cavity wall,Cavity,Other
BDQ,11,25.77,649.77,31,Lung,Lung,Other
BDQ,11,25.77,649.77,20.2,Lung,Lung,Other
BDQ,11,25.77,649.77,35.8,Lung,Lung,Other
BDQ,11,25.77,649.77,53.8,Fibrotic lesion,Caseous/Fibrotic,Other
BDQ,11,25.77,649.77,21.9,Caseous Lesion,Caseous/Fibrotic,Other
BDQ,11,25.77,649.77,9.13,Caseous Lesion,Caseous/Fibrotic,Other
BDQ,11,25.77,649.77,5.7,Caseum,Caseum,Other
BDQ,11,25.77,649.77,1.01,Caseum,Caseum,Other
BDQ,11,25.77,649.77,23.7,Cavity wall,Cavity,Other
BDQ,11,25.77,649.77,22,Cavity wall,Cavity,Other
BDQ,12,27.47,651.47,113,Lung,Lung,Other
BDQ,12,27.47,651.47,353,Lung,Lung,Other
BDQ,12,27.47,651.47,125,Fibrotic lesion,Caseous/Fibrotic,Other
BDQ,12,27.47,651.47,167,Fibrotic lesion,Caseous/Fibrotic,Other
BDQ,12,27.47,651.47,21.4,Caseous Lesion,Caseous/Fibrotic,Other
BDQ,12,27.47,651.47,227,Piece of consolidation,Cellular,Other
BDQ,13,24.4,672.4,33.3,Lung,Lung,Other
BDQ,13,24.4,672.4,55.3,Lung,Lung,Other
BDQ,13,24.4,672.4,7.11,Lung,Lung,Other
BDQ,13,24.4,672.4,29.3,Fibrotic lesion,Caseous/Fibrotic,Other
BDQ,13,24.4,672.4,9.5,Fibrotic lesion,Caseous/Fibrotic,Other
BDQ,13,24.4,672.4,12.3,Caseous Lesion,Caseous/Fibrotic,Other
BDQ,13,24.4,672.4,11.1,Caseous Lesion,Caseous/Fibrotic,Other
BDQ,13,24.4,672.4,14.7,Cavity wall,Cavity,Other
BDQ,13,24.4,672.4,9.6,Cavity wall,Cavity,Other
BDQ,13,24.4,672.4,152,Piece of consolidation,Cellular,Other
BDQ,14,24.47,24.47,8.09,Lung,Lung,Other
BDQ,14,24.47,24.47,8.92,Lung,Lung,Other
BDQ,14,24.47,24.47,14.2,Fibrotic lesion,Caseous/Fibrotic,Other
BDQ,14,24.47,24.47,10.2,Fibrotic lesion,Caseous/Fibrotic,Other
BDQ,14,24.47,24.47,0.14,Caseum,Caseum,Other
BDQ,14,24.47,24.47,7.06,Cavity wall,Cavity,Other
BDQ,15,24.22,24.22,10.6,Lung,Lung,Other
BDQ,15,24.22,24.22,4.71,Lung,Lung,Other
BDQ,15,24.22,24.22,5.89,Fibrotic lesion,Caseous/Fibrotic,Other
BDQ,15,24.22,24.22,5.05,Fibrotic lesion,Caseous/Fibrotic,Other
BDQ,15,24.22,24.22,4.63,Fibrotic lesion,Caseous/Fibrotic,Other
BDQ,16,24.37,24.37,92.1,Lung,Lung,Other
BDQ,16,24.37,24.37,11.3,Lung,Lung,Other
BDQ,16,24.37,24.37,587,Fibrotic lesion,Caseous/Fibrotic,Other
BDQ,16,24.37,24.37,120,Fibrotic lesion,Caseous/Fibrotic,Other
BDQ,16,24.37,24.37,15.4,Fibrotic lesion,Caseous/Fibrotic,Other
BDQ,16,24.37,24.37,23.8,Fibrotic lesion,Caseous/Fibrotic,Other
BDQ,17,3.38,3.38,6.23,Lung,Lung,Other
BDQ,17,3.38,3.38,52.4,Lung,Lung,Other
BDQ,17,3.38,3.38,438,Fibrotic lesion,Caseous/Fibrotic,Other
BDQ,17,3.38,3.38,7.09,Fibrotic lesion,Caseous/Fibrotic,Other
BDQ,17,3.38,3.38,58.1,Fibrotic lesion,Caseous/Fibrotic,Other
BDQ,17,3.38,3.38,0.16,Caseum,Caseum,Other
BDQ,18,24.07,24.07,41.9,Lung,Lung,Other
BDQ,18,24.07,24.07,4.24,Lung,Lung,Other
BDQ,18,24.07,24.07,4.35,Lung,Lung,Other
BDQ,18,24.07,24.07,12.6,Fibrotic lesion,Caseous/Fibrotic,Other
BDQ,18,24.07,24.07,6.71,Fibrotic lesion,Caseous/Fibrotic,Other
BDQ,18,24.07,24.07,12.5,Fibrotic lesion,Caseous/Fibrotic,Other
BDQ,18,24.07,24.07,9.25,Fibrotic lesion,Caseous/Fibrotic,Other
BDQ,19,3.53,3.53,12.8,Lung,Lung,Other
BDQ,19,3.53,3.53,5.3,Lung,Lung,Other
BDQ,19,3.53,3.53,11.6,Fibrotic lesion,Caseous/Fibrotic,Other
BDQ,19,3.53,3.53,18.1,Fibrotic lesion,Caseous/Fibrotic,Other
BDQ,19,3.53,3.53,382,Fibrotic lesion,Caseous/Fibrotic,Other
BDQ,19,3.53,3.53,14,Fibrotic lesion,Caseous/Fibrotic,Other
BDQ,19,3.53,3.53,18.2,Caseum,Caseum,Other
BDQ,19,3.53,3.53,56.9,Cavity wall,Cavity,Other
BDQ,20,2.42,2.42,5,Lung,Lung,Other
BDQ,20,2.42,2.42,6.2,Lung,Lung,Other
BDQ,20,2.42,2.42,73.4,Fibrotic lesion,Caseous/Fibrotic,Other
BDQ,20,2.42,2.42,5.12,Fibrotic lesion,Caseous/Fibrotic,Other
BDQ,20,2.42,2.42,13.1,Fibrotic lesion,Caseous/Fibrotic,Other
BDQ,21,25.08,25.08,110,Lung,Lung,Other
BDQ,21,25.08,25.08,8.46,Lung,Lung,Other
BDQ,21,25.08,25.08,68,Lung,Lung,Other
BDQ,21,25.08,25.08,79,Fibrotic lesion,Caseous/Fibrotic,Other
BDQ,21,25.08,25.08,4.92,Fibrotic lesion,Caseous/Fibrotic,Other
BDQ,21,25.08,25.08,1.83,Caseum,Caseum,Other
BDQ,21,25.08,25.08,0.128,Caseum,Caseum,Other
BDQ,21,25.08,25.08,0.112,Caseum,Caseum,Other
BDQ,21,25.08,25.08,3.01,Cavity wall,Cavity,Other
BDQ,21,25.08,25.08,14,Cavity wall,Cavity,Other
BDQ,22,24.33,24.33,4.49,Lung,Lung,Other
BDQ,22,24.33,24.33,7.41,Lung,Lung,Other
BDQ,22,24.33,24.33,50.7,Lung,Lung,Other
BDQ,22,24.33,24.33,78.9,Fibrotic lesion,Caseous/Fibrotic,Other
BDQ,22,24.33,24.33,31.7,Fibrotic lesion,Caseous/Fibrotic,Other
BDQ,22,24.33,24.33,6.83,Fibrotic lesion,Caseous/Fibrotic,Other
BDQ,23,3.68,3.68,56.7,Lung,Lung,Other
BDQ,23,3.68,3.68,17.4,Lung,Lung,Other
BDQ,23,3.68,3.68,66.9,Fibrotic lesion,Caseous/Fibrotic,Other
BDQ,23,3.68,3.68,35.1,Fibrotic lesion,Caseous/Fibrotic,Other
BDQ,23,3.68,3.68,11.5,Fibrotic lesion,Caseous/Fibrotic,Other
BDQ,23,3.68,3.68,134,Fibrotic lesion,Caseous/Fibrotic,Other
BDQ,24,2.52,2.52,229,Lung,Lung,Other
BDQ,24,2.52,2.52,3.91,Lung,Lung,Other
BDQ,24,2.52,2.52,1.84,Fibrotic lesion,Caseous/Fibrotic,Other
BDQ,24,2.52,2.52,2.01,Fibrotic lesion,Caseous/Fibrotic,Other
BDQ,24,2.52,2.52,27.5,Fibrotic lesion,Caseous/Fibrotic,Other
BDQ,24,2.52,2.52,2.74,Fibrotic lesion,Caseous/Fibrotic,Other
BDQ,25,24.1,24.1,370,Lung,Lung,Other
BDQ,25,24.1,24.1,17.8,Lung,Lung,Other
BDQ,25,24.1,24.1,69.5,Fibrotic lesion,Caseous/Fibrotic,Other
BDQ,25,24.1,24.1,325,Fibrotic lesion,Caseous/Fibrotic,Other
BDQ,25,24.1,24.1,217,Fibrotic lesion,Caseous/Fibrotic,Other
BDQ,25,24.1,24.1,14.8,Fibrotic lesion,Caseous/Fibrotic,Other
BDQ,26,3.52,3.52,10.8,Lung,Lung,Other
BDQ,26,3.52,3.52,9.37,Lung,Lung,Other
BDQ,26,3.52,3.52,5.13,Fibrotic lesion,Caseous/Fibrotic,Other
BDQ,26,3.52,3.52,3.58,Fibrotic lesion,Caseous/Fibrotic,Other
BDQ,27,48,72,4.52,Lung,Lung,Other
BDQ,27,48,72,12.6,Lung,Lung,Other
BDQ,27,48,72,5.07,Lung,Lung,Other
BDQ,27,48,72,7.99,Lung,Lung,Other
BDQ,27,48,72,12.2,Lung,Lung,Other
BDQ,27,48,72,4.74,Lung,Lung,Other
BDQ,27,48,72,10.3,Lung,Lung,Other
BDQ,27,48,72,0.0118,Caseum,Caseum,Other
BDQ,27,48,72,4.02,Caseum,Caseum,Other
BDQ,27,48,72,21.1,Cellular lesion,Cellular,Other
BDQ,27,48,72,13.9,Cellular lesion,Cellular,Other
BDQ,27,48,72,9.81,Cellular lesion,Cellular,Other
BDQ,27,48,72,11.9,Cellular lesion,Cellular,Other
BDQ,27,48,72,19.4,Cellular lesion,Cellular,Other
BDQ,27,48,72,11.5,Cellular lesion,Cellular,Other
BDQ,27,48,72,9.02,Cellular lesion,Cellular,Other
BDQ,27,48,72,9.73,Cellular lesion,Cellular,Other
BDQ,27,48,72,6.88,Cellular lesion,Cellular,Other
BDQ,27,48,72,29.9,Cellular lesion,Cellular,Other
BDQ,28,24,48,103,Lung,Lung,Other
BDQ,28,24,48,44.8,Lung,Lung,Other
BDQ,28,24,48,45.9,Lung,Lung,Other
BDQ,28,24,48,108,Lung,Lung,Other
BDQ,28,24,48,83.3,Lung,Lung,Other
BDQ,28,24,48,48.1,Lung,Lung,Other
BDQ,28,24,48,36.8,Lung,Lung,Other
BDQ,28,24,48,46.4,Lung,Lung,Other
BDQ,28,24,48,0.0165,Caseum,Caseum,Other
BDQ,28,24,48,2.48,Caseum,Caseum,Other
BDQ,28,24,48,0.151,Caseum,Caseum,Other
BDQ,28,24,48,3.99,Caseum,Caseum,Other
BDQ,28,24,48,79.4,Cellular lesion,Cellular,Other
BDQ,28,24,48,80.9,Cellular lesion,Cellular,Other
BDQ,28,24,48,77.3,Cellular lesion,Cellular,Other
BDQ,28,24,48,61.5,Cellular lesion,Cellular,Other
BDQ,28,24,48,73.8,Cellular lesion,Cellular,Other
BDQ,28,24,48,67.9,Cellular lesion,Cellular,Other
BDQ,28,24,48,57.4,Cellular lesion,Cellular,Other
BDQ,28,24,48,89.9,Cellular lesion,Cellular,Other
BDQ,28,24,48,74.6,Cellular lesion,Cellular,Other
BDQ,28,24,48,66.6,Cellular lesion,Cellular,Other
BDQ,29,24,48,83.7,Lung,Lung,Other
BDQ,29,24,48,46.3,Lung,Lung,Other
BDQ,29,24,48,42,Lung,Lung,Other
BDQ,29,24,48,140,Lung,Lung,Other
BDQ,29,24,48,96.4,Lung,Lung,Other
BDQ,29,24,48,28.3,Lung,Lung,Other
BDQ,29,24,48,64.3,Lung,Lung,Other
BDQ,29,24,48,0.0642,Caseum,Caseum,Other
BDQ,29,24,48,3.69,Caseum,Caseum,Other
BDQ,29,24,48,80,Cellular lesion,Cellular,Other
BDQ,29,24,48,131,Cellular lesion,Cellular,Other
BDQ,29,24,48,102,Cellular lesion,Cellular,Other
BDQ,29,24,48,134,Cellular lesion,Cellular,Other
BDQ,29,24,48,122,Cellular lesion,Cellular,Other
BDQ,29,24,48,122,Cellular lesion,Cellular,Other
BDQ,29,24,48,122,Cellular lesion,Cellular,Other
BDQ,29,24,48,112,Cellular lesion,Cellular,Other
BDQ,29,24,48,99.5,Cellular lesion,Cellular,Other
BDQ,29,24,48,123,Cellular lesion,Cellular,Other
BDQ,29,24,48,63.5,Cellular lesion,Cellular,Other
BDQ,30,24,72,35.2,Lung,Lung,Other
BDQ,30,24,72,18.8,Lung,Lung,Other
BDQ,30,24,72,51.6,Lung,Lung,Other
BDQ,30,24,72,53.4,Lung,Lung,Other
BDQ,30,24,72,42.6,Lung,Lung,Other
BDQ,30,24,72,35.9,Cellular lesion,Cellular,Other
BDQ,30,24,72,27.2,Cellular lesion,Cellular,Other
BDQ,30,24,72,42.8,Cellular lesion,Cellular,Other
BDQ,30,24,72,58.5,Cellular lesion,Cellular,Other
BDQ,30,24,72,39.2,Cellular lesion,Cellular,Other
BDQ,30,24,72,44.3,Cellular lesion,Cellular,Other
BDQ,30,24,72,6.91,Cellular lesion,Cellular,Other
BDQ,31,48,72,17.8,Lung,Lung,Other
BDQ,31,48,72,66.2,Lung,Lung,Other
BDQ,31,48,72,26,Lung,Lung,Other
BDQ,31,48,72,69.1,Lung,Lung,Other
BDQ,31,48,72,62.9,Lung,Lung,Other
BDQ,31,48,72,16,Lung,Lung,Other
BDQ,31,48,72,43.8,Cellular lesion,Cellular,Other
BDQ,31,48,72,46,Cellular lesion,Cellular,Other
BDQ,31,48,72,20.3,Cellular lesion,Cellular,Other
BDQ,32,24,72,51.1,Lung,Lung,Other
BDQ,32,24,72,93.9,Lung,Lung,Other
BDQ,32,24,72,72.8,Lung,Lung,Other
BDQ,32,24,72,70.2,Lung,Lung,Other
BDQ,32,24,72,120,Lung,Lung,Other
BDQ,32,24,72,84,Lung,Lung,Other
BDQ,32,24,72,51.9,Lung,Lung,Other
BDQ,32,24,72,37.7,Lung,Lung,Other
BDQ,32,24,72,85.4,Lung,Lung,Other
BDQ,32,24,72,31.9,Lung,Lung,Other
BDQ,32,24,72,69.9,Lung,Lung,Other
BDQ,32,24,72,53.4,Lung,Lung,Other
BDQ,32,24,72,0.163,Caseum,Caseum,Other
BDQ,32,24,72,5.39,Caseum,Caseum,Other
BDQ,32,24,72,0.00507,Caseum,Caseum,Other
BDQ,32,24,72,4.02,Caseum,Caseum,Other
BDQ,32,24,72,0.00712,Caseum,Caseum,Other
BDQ,32,24,72,3.92,Caseum,Caseum,Other
BDQ,32,24,72,0.078,Caseum,Caseum,Other
BDQ,32,24,72,5.87,Caseum,Caseum,Other
BDQ,32,24,72,0.01,Caseum,Caseum,Other
BDQ,32,24,72,3.07,Caseum,Caseum,Other
BDQ,32,24,72,0.0234,Caseum,Caseum,Other
BDQ,32,24,72,5.6,Caseum,Caseum,Other
BDQ,32,24,72,0.0324,Caseum,Caseum,Other
BDQ,32,24,72,5.67,Caseum,Caseum,Other
BDQ,32,24,72,101,Cellular lesion,Cellular,Other
BDQ,32,24,72,129,Cellular lesion,Cellular,Other
BDQ,32,24,72,103,Cellular lesion,Cellular,Other
BDQ,32,24,72,139,Cellular lesion,Cellular,Other
BDQ,32,24,72,112,Cellular lesion,Cellular,Other
BDQ,32,24,72,74.8,Cellular lesion,Cellular,Other
BDQ,32,24,72,126,Cellular lesion,Cellular,Other
BDQ,32,24,72,152,Cellular lesion,Cellular,Other
BDQ,32,24,72,155,Cellular lesion,Cellular,Other
BDQ,32,24,72,61.7,Cellular lesion,Cellular,Other
BDQ,32,24,72,140,Cellular lesion,Cellular,Other
BDQ,32,24,72,114,Cellular lesion,Cellular,Other
BDQ,32,24,72,110,Cellular lesion,Cellular,Other
BDQ,32,24,72,118,Cellular lesion,Cellular,Other
BDQ,32,24,72,40.4,Cellular lesion,Cellular,Other
BDQ,32,24,72,144,Cellular lesion,Cellular,Other
BDQ,32,24,72,105,Cellular lesion,Cellular,Other
BDQ,32,24,72,87.2,Cellular lesion,Cellular,Other
BDQ,32,24,72,9.84,Cellular lesion,Cellular,Other
BDQ,32,24,72,128,Cellular lesion,Cellular,Other
BDQ,32,24,72,47.3,Cellular lesion,Cellular,Other
BDQ,32,24,72,106,Cellular lesion,Cellular,Other
BDQ,32,24,72,40.7,Cellular lesion,Cellular,Other
BDQ,33,72,120,8.29,Lung,Lung,Other
BDQ,33,72,120,21.6,Lung,Lung,Other
BDQ,33,72,120,14.4,Lung,Lung,Other
BDQ,33,72,120,25.5,Lung,Lung,Other
BDQ,33,72,120,11.9,Lung,Lung,Other
BDQ,33,72,120,7.87,Lung,Lung,Other
BDQ,33,72,120,24.2,Cellular lesion,Cellular,Other
BDQ,33,72,120,34.1,Cellular lesion,Cellular,Other
BDQ,33,72,120,33.2,Cellular lesion,Cellular,Other
BDQ,33,72,120,44.7,Cellular lesion,Cellular,Other
BDQ,33,72,120,26.9,Cellular lesion,Cellular,Other
BDQ,33,72,120,23.5,Cellular lesion,Cellular,Other
BDQ,33,72,120,23.7,Cellular lesion,Cellular,Other
BDQ,33,72,120,47.2,Cellular lesion,Cellular,Other
BDQ,33,72,120,29.3,Cellular lesion,Cellular,Other
BDQ,33,72,120,48.2,Cellular lesion,Cellular,Other
BDQ,33,72,120,26.9,Cellular lesion,Cellular,Other
BDQ,33,72,120,25.3,Cellular lesion,Cellular,Other
BDQ,33,72,120,22.5,Cellular lesion,Cellular,Other
BDQ,33,72,120,22.7,Cellular lesion,Cellular,Other
BDQ,34,72,120,6.51,Lung,Lung,Other
BDQ,34,72,120,21.5,Lung,Lung,Other
BDQ,34,72,120,13.8,Lung,Lung,Other
BDQ,34,72,120,21.9,Lung,Lung,Other
BDQ,34,72,120,9.82,Lung,Lung,Other
BDQ,34,72,120,4.59,Lung,Lung,Other
BDQ,34,72,120,10.7,Lung,Lung,Other
BDQ,34,72,120,18.3,Caseum,Caseum,Other
BDQ,34,72,120,21.5,Cellular lesion,Cellular,Other
BDQ,34,72,120,21.2,Cellular lesion,Cellular,Other
BDQ,34,72,120,20.6,Cellular lesion,Cellular,Other
BDQ,34,72,120,22.2,Cellular lesion,Cellular,Other
BDQ,34,72,120,18.9,Cellular lesion,Cellular,Other
BDQ,34,72,120,27.5,Cellular lesion,Cellular,Other
BDQ,34,72,120,19.8,Cellular lesion,Cellular,Other
BDQ,34,72,120,23,Cellular lesion,Cellular,Other
BDQ,34,72,120,22,Cellular lesion,Cellular,Other
BDQ,34,72,120,28.9,Cellular lesion,Cellular,Other
BDQ,34,72,120,7.95,Cellular lesion,Cellular,Other
BDQ,34,72,120,12.5,Cellular lesion,Cellular,Other
BDQ,34,72,120,31.9,Cellular lesion,Cellular,Other
BDQ,35,7,55,45.4,Lung,Lung,Other
BDQ,35,7,55,81.2,Lung,Lung,Other
BDQ,35,7,55,67.8,Lung,Lung,Other
BDQ,35,7,55,155,Lung,Lung,Other
BDQ,35,7,55,37.5,Lung,Lung,Other
BDQ,35,7,55,62.1,Lung,Lung,Other
BDQ,35,7,55,91,Cellular lesion,Cellular,Other
BDQ,35,7,55,93.8,Cellular lesion,Cellular,Other
BDQ,35,7,55,88.1,Cellular lesion,Cellular,Other
BDQ,35,7,55,76.2,Cellular lesion,Cellular,Other
BDQ,35,7,55,102,Cellular lesion,Cellular,Other
BDQ,35,7,55,76.5,Cellular lesion,Cellular,Other
BDQ,35,7,55,91.9,Cellular lesion,Cellular,Other
BDQ,36,7,55,73.6,Lung,Lung,Other
BDQ,36,7,55,147,Lung,Lung,Other
BDQ,36,7,55,109,Lung,Lung,Other
BDQ,36,7,55,115,Lung,Lung,Other
BDQ,36,7,55,138,Lung,Lung,Other
BDQ,36,7,55,60.6,Lung,Lung,Other
BDQ,36,7,55,76.9,Lung,Lung,Other
BDQ,36,7,55,62.8,Lung,Lung,Other
BDQ,36,7,55,30.6,Lung,Lung,Other
BDQ,36,7,55,42.7,Lung,Lung,Other
BDQ,36,7,55,37.6,Lung,Lung,Other
BDQ,36,7,55,0.121,Caseum,Caseum,Other
BDQ,36,7,55,3.89,Caseum,Caseum,Other
BDQ,36,7,55,0.095,Caseum,Caseum,Other
BDQ,36,7,55,4.66,Caseum,Caseum,Other
BDQ,36,7,55,0.082,Caseum,Caseum,Other
BDQ,36,7,55,5.04,Caseum,Caseum,Other
BDQ,36,7,55,0.101,Caseum,Caseum,Other
BDQ,36,7,55,6.06,Caseum,Caseum,Other
BDQ,36,7,55,0.104,Caseum,Caseum,Other
BDQ,36,7,55,4.57,Caseum,Caseum,Other
BDQ,36,7,55,0.0283,Caseum,Caseum,Other
BDQ,36,7,55,3.82,Caseum,Caseum,Other
BDQ,36,7,55,68.3,Cellular lesion,Cellular,Other
BDQ,36,7,55,80.2,Cellular lesion,Cellular,Other
BDQ,36,7,55,85.3,Cellular lesion,Cellular,Other
BDQ,36,7,55,109,Cellular lesion,Cellular,Other
BDQ,36,7,55,65.9,Cellular lesion,Cellular,Other
BDQ,36,7,55,75.5,Cellular lesion,Cellular,Other
BDQ,36,7,55,96.3,Cellular lesion,Cellular,Other
BDQ,36,7,55,70.4,Cellular lesion,Cellular,Other
BDQ,36,7,55,78.2,Cellular lesion,Cellular,Other
BDQ,36,7,55,84.4,Cellular lesion,Cellular,Other
BDQ,36,7,55,19,Cellular lesion,Cellular,Other
BDQ,36,7,55,51,Cellular lesion,Cellular,Other
BDQ,36,7,55,39.9,Cellular lesion,Cellular,Other
BDQ,36,7,55,53,Cellular lesion,Cellular,Other
BDQ,36,7,55,58.6,Cellular lesion,Cellular,Other
BDQ,36,7,55,15,Cellular lesion,Cellular,Other
BDQ,36,7,55,58.7,Cellular lesion,Cellular,Other
BDQ,36,7,55,17.7,Cellular lesion,Cellular,Other
BDQ,36,7,55,52.6,Cellular lesion,Cellular,Other
BDQ,37,48,96,50.9,Lung,Lung,Other
BDQ,37,48,96,94.1,Lung,Lung,Other
BDQ,37,48,96,47.7,Lung,Lung,Other
BDQ,37,48,96,94.3,Lung,Lung,Other
BDQ,37,48,96,103,Lung,Lung,Other
BDQ,37,48,96,54.4,Lung,Lung,Other
BDQ,37,48,96,156,Cellular lesion,Cellular,Other
BDQ,37,48,96,140,Cellular lesion,Cellular,Other
BDQ,37,48,96,148,Cellular lesion,Cellular,Other
BDQ,37,48,96,123,Cellular lesion,Cellular,Other
BDQ,37,48,96,118,Cellular lesion,Cellular,Other
BDQ,38,48,96,34.2,Lung,Lung,Other
BDQ,38,48,96,73.3,Lung,Lung,Other
BDQ,38,48,96,51.2,Lung,Lung,Other
BDQ,38,48,96,95.6,Lung,Lung,Other
BDQ,38,48,96,56.6,Lung,Lung,Other
BDQ,38,48,96,26.4,Lung,Lung,Other
BDQ,38,48,96,27.5,Lung,Lung,Other
BDQ,38,48,96,32,Lung,Lung,Other
BDQ,38,48,96,36.1,Lung,Lung,Other
BDQ,38,48,96,0.128,Caseum,Caseum,Other
BDQ,38,48,96,4.78,Caseum,Caseum,Other
BDQ,38,48,96,5.04,Caseum,Caseum,Other
BDQ,38,48,96,16.4,Caseum,Caseum,Other
BDQ,38,48,96,82.9,Cellular lesion,Cellular,Other
BDQ,38,48,96,60,Cellular lesion,Cellular,Other
BDQ,38,48,96,55.2,Cellular lesion,Cellular,Other
BDQ,38,48,96,58.8,Cellular lesion,Cellular,Other
BDQ,38,48,96,54,Cellular lesion,Cellular,Other
BDQ,38,48,96,93.6,Cellular lesion,Cellular,Other
BDQ,38,48,96,46.2,Cellular lesion,Cellular,Other
BDQ,38,48,96,58.8,Cellular lesion,Cellular,Other
BDQ,38,48,96,52.3,Cellular lesion,Cellular,Other
BDQ,38,48,96,55.4,Cellular lesion,Cellular,Other
BDQ,38,48,96,67.1,Cellular lesion,Cellular,Other
BDQ,38,48,96,89.5,Cellular lesion,Cellular,Other
BDQ,42,24.1,648.1,13.6,Lung,Lung,Other
BDQ,42,24.1,648.1,27.3,Lung,Lung,Other
BDQ,42,24.1,648.1,8.84,Lung,Lung,Other
BDQ,42,24.1,648.1,25.9,Fibrotic lesion,Caseous/Fibrotic,Other
BDQ,42,24.1,648.1,31.2,Fibrotic lesion,Caseous/Fibrotic,Other
BDQ,42,24.1,648.1,19.5,Fibrotic lesion,Caseous/Fibrotic,Other
BDQ,42,24.1,648.1,18.4,Fibrotic lesion,Caseous/Fibrotic,Other
BDQ,42,24.1,648.1,5.13,Lung,Lung,Other
BDQ,42,24.1,648.1,13.5,Cellular lesion,Cellular,Other
BDQ,42,24.1,648.1,3.55,Caseum,Caseum,Other
BDQ,42,24.1,648.1,3.32,Caseum,Caseum,Other
BDQ,43,24.7,648.7,22.9,Lung,Lung,Other
BDQ,43,24.7,648.7,21.4,Lung,Lung,Other
BDQ,43,24.7,648.7,26.4,Lung,Lung,Other
BDQ,43,24.7,648.7,60.5,Fibrotic lesion,Caseous/Fibrotic,Other
BDQ,43,24.7,648.7,70.6,Fibrotic lesion,Caseous/Fibrotic,Other
BDQ,43,24.7,648.7,58.4,Fibrotic lesion,Caseous/Fibrotic,Other
BDQ,44,24.6,672.6,9.18,Lung,Lung,Other
BDQ,44,24.6,672.6,21.7,Lung,Lung,Other
BDQ,44,24.6,672.6,16.4,Lung,Lung,Other
BDQ,44,24.6,672.6,25.5,Fibrotic lesion,Caseous/Fibrotic,Other
BDQ,44,24.6,672.6,28.4,Fibrotic lesion,Caseous/Fibrotic,Other
BDQ,44,24.6,672.6,20.1,Fibrotic lesion,Caseous/Fibrotic,Other
BDQ,44,24.6,672.6,29.7,Fibrotic lesion,Caseous/Fibrotic,Other
BDQ,44,24.6,672.6,20.6,Fibrotic lesion,Caseous/Fibrotic,Other
BDQ,44,24.6,672.6,22.5,Fibrotic lesion,Caseous/Fibrotic,Other
BDQ,44,24.6,672.6,19.9,Fibrotic lesion,Caseous/Fibrotic,Other
BDQ,45,24.4,672.4,12.1,Lung,Lung,Other
BDQ,45,24.4,672.4,9.09,Lung,Lung,Other
BDQ,45,24.4,672.4,25.6,Lung,Lung,Other
BDQ,45,24.4,672.4,2.04,Caseum,Caseum,Other
BDQ,45,24.4,672.4,20.7,Fibrotic lesion,Caseous/Fibrotic,Other
BDQ,45,24.4,672.4,15,Lung,Lung,Other
BDQ,45,24.4,672.4,6.73,Lung,Lung,Other
BDQ,45,24.4,672.4,11.9,Cellular lesion,Cellular,Other
BDQ,45,24.4,672.4,36.6,Cellular lesion,Cellular,Other
BDQ,45,24.4,672.4,3.78,Cellular lesion,Cellular,Other
BDQ,45,24.4,672.4,1.86,Cellular lesion,Cellular,Other
BDQ,45,24.4,672.4,2.75,Caseum,Caseum,Other
BDQ,45,24.4,672.4,3.67,Caseum,Caseum,Other
BDQ,45,24.4,672.4,2.25,Caseum,Caseum,Other
BDQ,45,24.4,672.4,1.51,Caseum,Caseum,Other
BDQ,46,23.9,23.9,7.52,Lung,Lung,Other
BDQ,46,23.9,23.9,14.1,Fibrotic lesion,Caseous/Fibrotic,Other
BDQ,46,23.9,23.9,7.12,Lung,Lung,Other
BDQ,46,23.9,23.9,6.18,Lung,Lung,Other
BDQ,46,23.9,23.9,18.9,Fibrotic lesion,Caseous/Fibrotic,Other
BDQ,46,23.9,23.9,7.67,Fibrotic lesion,Caseous/Fibrotic,Other
BDQ,46,23.9,23.9,16,Fibrotic lesion,Caseous/Fibrotic,Other
BDQ,47,24.7,24.7,6.22,Fibrotic lesion,Caseous/Fibrotic,Other
BDQ,47,24.7,24.7,3.18,Lung,Lung,Other
BDQ,47,24.7,24.7,6.08,Fibrotic lesion,Caseous/Fibrotic,Other
BDQ,47,24.7,24.7,6.72,Lung,Lung,Other
BDQ,48,23.9,23.9,10.4,Lung,Lung,Other
BDQ,48,23.9,23.9,20.1,Lung,Lung,Other
BDQ,48,23.9,23.9,22.4,Lung,Lung,Other
BDQ,48,23.9,23.9,16.2,Cellular lesion,Cellular,Other
BDQ,48,23.9,23.9,39.4,Cellular lesion,Cellular,Other
BDQ,48,23.9,23.9,19,Cellular lesion,Cellular,Other
BDQ,48,23.9,23.9,2.8,Cellular lesion,Cellular,Other
BDQ,48,23.9,23.9,2.49,Cellular lesion,Cellular,Other
BDQ,48,23.9,23.9,0.391,Caseum,Caseum,Other
BDQ,48,23.9,23.9,0.587,Caseum,Caseum,Other
BDQ,48,23.9,23.9,0.368,Caseum,Caseum,Other
BDQ,48,23.9,23.9,5.00E-04,Caseum,Caseum,Other
BDQ,48,23.9,23.9,5.00E-04,Caseum,Caseum,Other
BDQ,48,23.9,23.9,0.00646,Caseum,Caseum,Other
BDQ,48,23.9,23.9,37.2,Lung,Lung,Other
BDQ,48,23.9,23.9,11.2,Fibrotic lesion,Caseous/Fibrotic,Other
BDQ,48,23.9,23.9,48.4,Lung,Lung,Other
BDQ,48,23.9,23.9,19.1,Fibrotic lesion,Caseous/Fibrotic,Other
BDQ,48,23.9,23.9,23,Fibrotic lesion,Caseous/Fibrotic,Other
BDQ,48,23.9,23.9,21.2,Lung,Lung,Other
BDQ,48,23.9,23.9,14.4,Fibrotic lesion,Caseous/Fibrotic,Other
BDQ,49,24.9,24.9,3.69,Lung,Lung,Other
BDQ,49,24.9,24.9,6.35,Lung,Lung,Other
BDQ,49,24.9,24.9,4.7,Lung,Lung,Other
BDQ,49,24.9,24.9,4.16,Fibrotic lesion,Caseous/Fibrotic,Other
BDQ,49,24.9,24.9,8.29,Lung,Lung,Other
BDQ,49,24.9,24.9,2.02,Cellular lesion,Cellular,Other
BDQ,49,24.9,24.9,1,Caseum,Caseum,Other
BDQ,49,24.9,24.9,0.281,Caseum,Caseum,Other
BDQ,50,24,24,10.3,Fibrotic lesion,Caseous/Fibrotic,Other
BDQ,50,24,24,15.9,Lung,Lung,Other
BDQ,50,24,24,0.113,Caseum,Caseum,Other
BDQ,50,24,24,4.09,Lung,Lung,Other
BDQ,50,24,24,14.2,Fibrotic lesion,Caseous/Fibrotic,Other
BDQ,50,24,24,4.61,Lung,Lung,Other
BDQ,50,24,24,3.74,Lung,Lung,Other
BDQ,50,24,24,1.4,Cellular lesion,Cellular,Other
BDQ,50,24,24,0.863,Cellular lesion,Cellular,Other
BDQ,50,24,24,27.8,Cellular lesion,Cellular,Other
BDQ,50,24,24,0.2,Caseum,Caseum,Other
BDQ,50,24,24,0.158,Caseum,Caseum,Other
BDQ,50,24,24,5.00E-04,Caseum,Caseum,Other
BDQ,50,24,24,5.00E-04,Caseum,Caseum,Other
BDQ,51,23.7,23.7,26.2,Lung,Lung,Other
BDQ,51,23.7,23.7,8.34,Lung,Lung,Other
BDQ,51,23.7,23.7,12.2,Fibrotic lesion,Caseous/Fibrotic,Other
BDQ,51,23.7,23.7,9.62,Fibrotic lesion,Caseous/Fibrotic,Other
BDQ,51,23.7,23.7,16.9,Fibrotic lesion,Caseous/Fibrotic,Other
BDQ,51,23.7,23.7,6.29,Lung,Lung,Other
BDQ,52,24.6,24.6,15.6,Lung,Lung,Other
BDQ,52,24.6,24.6,12.9,Lung,Lung,Other
BDQ,52,24.6,24.6,10.9,Fibrotic lesion,Caseous/Fibrotic,Other
BDQ,52,24.6,24.6,11.2,Lung,Lung,Other
BDQ,52,24.6,24.6,5.38,Fibrotic lesion,Caseous/Fibrotic,Other
BDQ,53,24.1,24.1,9.43,Fibrotic lesion,Caseous/Fibrotic,Other
BDQ,53,24.1,24.1,0.0226,Caseum,Caseum,Other
BDQ,53,24.1,24.1,5.5,Lung,Lung,Other
BDQ,53,24.1,24.1,22.2,Lung,Lung,Other
BDQ,53,24.1,24.1,11.5,Lung,Lung,Other
BDQ,53,24.1,24.1,12.7,Cavity wall,Cavity,Other
BDQ,53,24.1,24.1,20.9,Fibrotic lesion,Caseous/Fibrotic,Other
BDQ,53,24.1,24.1,9.36,Lung,Lung,Other
BDQ,53,24.1,24.1,7.13,Cellular lesion,Cellular,Other
BDQ,53,24.1,24.1,3.91,Cellular lesion,Cellular,Other
BDQ,53,24.1,24.1,0.522,Caseum,Caseum,Other
BDQ,53,24.1,24.1,0.139,Caseum,Caseum,Other
BDQ,54,25.6,25.6,0.0196,Caseum,Caseum,Other
BDQ,54,25.6,25.6,3.41,Lung,Lung,Other
BDQ,54,25.6,25.6,3.3,Fibrotic lesion,Caseous/Fibrotic,Other
BDQ,54,25.6,25.6,5.57,Lung,Lung,Other
BDQ,54,25.6,25.6,6.2,Lung,Lung,Other
BDQ,54,25.6,25.6,14.2,Fibrotic lesion,Caseous/Fibrotic,Other
BDQ,54,25.6,25.6,20.8,Lung,Lung,Other
BDQ,54,25.6,25.6,4.64,Cellular lesion,Cellular,Other
BDQ,54,25.6,25.6,1.68,Cellular lesion,Cellular,Other
BDQ,54,25.6,25.6,0.18,Caseum,Caseum,Other
BDQ,54,25.6,25.6,0.0506,Caseum,Caseum,Other
BDQ,55,25.4,25.4,98.5,Lung,Lung,Other
BDQ,55,25.4,25.4,8.4,Fibrotic lesion,Caseous/Fibrotic,Other
BDQ,55,25.4,25.4,7.67,Lung,Lung,Other
BDQ,55,25.4,25.4,8.62,Caseous Lesion,Caseous/Fibrotic,Other
BDQ,55,25.4,25.4,88.2,Lung,Lung,Other
BDQ,55,25.4,25.4,20.5,Fibrotic lesion,Caseous/Fibrotic,Other
BDQ,55,25.4,25.4,23.7,Fibrotic lesion,Caseous/Fibrotic,Other
BDQ,55,25.4,25.4,10.6,Fibrotic lesion,Caseous/Fibrotic,Other
BDQ-M2,6,25.42,625.42,284,Lung,Lung,Other
BDQ-M2,6,25.42,625.42,185,Lung,Lung,Other
BDQ-M2,6,25.42,625.42,138,Lung,Lung,Other
BDQ-M2,6,25.42,625.42,91.2,Fibrotic lesion,Caseous/Fibrotic,Other
BDQ-M2,6,25.42,625.42,127,Fibrotic lesion,Caseous/Fibrotic,Other
BDQ-M2,6,25.42,625.42,229,Fibrotic lesion,Caseous/Fibrotic,Other
BDQ-M2,6,25.42,625.42,82.1,Fibrotic lesion,Caseous/Fibrotic,Other
BDQ-M2,6,25.42,625.42,68.4,Caseous Lesion,Caseous/Fibrotic,Other
BDQ-M2,6,25.42,625.42,177,Caseous Lesion,Caseous/Fibrotic,Other
BDQ-M2,6,25.42,625.42,67.3,Caseous Lesion,Caseous/Fibrotic,Other
BDQ-M2,6,25.42,625.42,87.8,Caseous Lesion,Caseous/Fibrotic,Other
BDQ-M2,6,25.42,625.42,139,Caseous Lesion,Caseous/Fibrotic,Other
BDQ-M2,6,25.42,625.42,4.67,Caseum,Caseum,Other
BDQ-M2,6,25.42,625.42,87.2,Cavity wall,Cavity,Other
BDQ-M2,7,27.5,627.5,182,Lung,Lung,Other
BDQ-M2,7,27.5,627.5,230,Lung,Lung,Other
BDQ-M2,7,27.5,627.5,127,Lung,Lung,Other
BDQ-M2,7,27.5,627.5,201,Fibrotic lesion,Caseous/Fibrotic,Other
BDQ-M2,7,27.5,627.5,88.6,Caseous Lesion,Caseous/Fibrotic,Other
BDQ-M2,7,27.5,627.5,121,Caseous Lesion,Caseous/Fibrotic,Other
BDQ-M2,7,27.5,627.5,134,Caseous Lesion,Caseous/Fibrotic,Other
BDQ-M2,7,27.5,627.5,98.3,Caseous Lesion,Caseous/Fibrotic,Other
BDQ-M2,7,27.5,627.5,289,Caseous Lesion,Caseous/Fibrotic,Other
BDQ-M2,7,27.5,627.5,52.4,Caseous Lesion,Caseous/Fibrotic,Other
BDQ-M2,7,27.5,627.5,79.6,Caseous Lesion,Caseous/Fibrotic,Other
BDQ-M2,7,27.5,627.5,43.9,Caseous Lesion,Caseous/Fibrotic,Other
BDQ-M2,8,24.32,648.32,157,Lung,Lung,Other
BDQ-M2,8,24.32,648.32,86.1,Lung,Lung,Other
BDQ-M2,8,24.32,648.32,57.9,Lung,Lung,Other
BDQ-M2,8,24.32,648.32,47.3,Fibrotic lesion,Caseous/Fibrotic,Other
BDQ-M2,8,24.32,648.32,83.8,Fibrotic lesion,Caseous/Fibrotic,Other
BDQ-M2,8,24.32,648.32,46.3,Fibrotic lesion,Caseous/Fibrotic,Other
BDQ-M2,8,24.32,648.32,52.4,Caseous Lesion,Caseous/Fibrotic,Other
BDQ-M2,8,24.32,648.32,35.6,Caseous Lesion,Caseous/Fibrotic,Other
BDQ-M2,8,24.32,648.32,207,Piece of consolidation,Cellular,Other
BDQ-M2,9,24.27,648.27,179,Lung,Lung,Other
BDQ-M2,9,24.27,648.27,167,Lung,Lung,Other
BDQ-M2,9,24.27,648.27,102,Lung,Lung,Other
BDQ-M2,9,24.27,648.27,35,Fibrotic lesion,Caseous/Fibrotic,Other
BDQ-M2,9,24.27,648.27,95.6,Fibrotic lesion,Caseous/Fibrotic,Other
BDQ-M2,9,24.27,648.27,193,Fibrotic lesion,Caseous/Fibrotic,Other
BDQ-M2,9,24.27,648.27,76.2,Fibrotic lesion,Caseous/Fibrotic,Other
BDQ-M2,9,24.27,648.27,66.4,Fibrotic lesion,Caseous/Fibrotic,Other
BDQ-M2,9,24.27,648.27,88.8,Piece of consolidation,Cellular,Other
BDQ-M2,9,24.27,648.27,161,Piece of consolidation,Cellular,Other
BDQ-M2,10,25.88,649.88,239,Lung,Lung,Other
BDQ-M2,10,25.88,649.88,211,Lung,Lung,Other
BDQ-M2,10,25.88,649.88,123,Lung,Lung,Other
BDQ-M2,10,25.88,649.88,96.7,Caseous Lesion,Caseous/Fibrotic,Other
BDQ-M2,10,25.88,649.88,60.3,Caseous Lesion,Caseous/Fibrotic,Other
BDQ-M2,10,25.88,649.88,95.3,Caseous Lesion,Caseous/Fibrotic,Other
BDQ-M2,10,25.88,649.88,72.4,Caseous Lesion,Caseous/Fibrotic,Other
BDQ-M2,10,25.88,649.88,40.5,Caseous Lesion,Caseous/Fibrotic,Other
BDQ-M2,10,25.88,649.88,9.18,Caseous Lesion,Caseous/Fibrotic,Other
BDQ-M2,10,25.88,649.88,71.2,Caseous Lesion,Caseous/Fibrotic,Other
BDQ-M2,10,25.88,649.88,139,Caseous Lesion,Caseous/Fibrotic,Other
BDQ-M2,10,25.88,649.88,5.68,Caseum,Caseum,Other
BDQ-M2,10,25.88,649.88,7.64,Caseum,Caseum,Other
BDQ-M2,10,25.88,649.88,129,Cavity wall,Cavity,Other
BDQ-M2,10,25.88,649.88,126,Cavity wall,Cavity,Other
BDQ-M2,11,25.77,649.77,148,Lung,Lung,Other
BDQ-M2,11,25.77,649.77,113,Lung,Lung,Other
BDQ-M2,11,25.77,649.77,172,Lung,Lung,Other
BDQ-M2,11,25.77,649.77,208,Fibrotic lesion,Caseous/Fibrotic,Other
BDQ-M2,11,25.77,649.77,79.5,Caseous Lesion,Caseous/Fibrotic,Other
BDQ-M2,11,25.77,649.77,30.2,Caseous Lesion,Caseous/Fibrotic,Other
BDQ-M2,11,25.77,649.77,7.15,Caseum,Caseum,Other
BDQ-M2,11,25.77,649.77,1.53,Caseum,Caseum,Other
BDQ-M2,11,25.77,649.77,92.5,Cavity wall,Cavity,Other
BDQ-M2,11,25.77,649.77,87.3,Cavity wall,Cavity,Other
BDQ-M2,12,27.47,651.47,343,Lung,Lung,Other
BDQ-M2,12,27.47,651.47,302,Lung,Lung,Other
BDQ-M2,12,27.47,651.47,274,Fibrotic lesion,Caseous/Fibrotic,Other
BDQ-M2,12,27.47,651.47,264,Fibrotic lesion,Caseous/Fibrotic,Other
BDQ-M2,12,27.47,651.47,95.7,Caseous Lesion,Caseous/Fibrotic,Other
BDQ-M2,12,27.47,651.47,360,Piece of consolidation,Cellular,Other
BDQ-M2,13,24.4,672.4,145,Lung,Lung,Other
BDQ-M2,13,24.4,672.4,134,Lung,Lung,Other
BDQ-M2,13,24.4,672.4,63.1,Lung,Lung,Other
BDQ-M2,13,24.4,672.4,83.2,Fibrotic lesion,Caseous/Fibrotic,Other
BDQ-M2,13,24.4,672.4,42.8,Fibrotic lesion,Caseous/Fibrotic,Other
BDQ-M2,13,24.4,672.4,52.3,Caseous Lesion,Caseous/Fibrotic,Other
BDQ-M2,13,24.4,672.4,54.1,Caseous Lesion,Caseous/Fibrotic,Other
BDQ-M2,13,24.4,672.4,70.4,Cavity wall,Cavity,Other
BDQ-M2,13,24.4,672.4,54.9,Cavity wall,Cavity,Other
BDQ-M2,13,24.4,672.4,227,Piece of consolidation,Cellular,Other
BDQ-M2,14,24.47,24.47,20.9,Lung,Lung,Other
BDQ-M2,14,24.47,24.47,27.3,Lung,Lung,Other
BDQ-M2,14,24.47,24.47,18.8,Fibrotic lesion,Caseous/Fibrotic,Other
BDQ-M2,14,24.47,24.47,16.2,Fibrotic lesion,Caseous/Fibrotic,Other
BDQ-M2,14,24.47,24.47,0.44,Caseum,Caseum,Other
BDQ-M2,14,24.47,24.47,10.1,Cavity wall,Cavity,Other
BDQ-M2,15,24.22,24.22,46.1,Lung,Lung,Other
BDQ-M2,15,24.22,24.22,29.6,Lung,Lung,Other
BDQ-M2,15,24.22,24.22,19,Fibrotic lesion,Caseous/Fibrotic,Other
BDQ-M2,15,24.22,24.22,17.4,Fibrotic lesion,Caseous/Fibrotic,Other
BDQ-M2,15,24.22,24.22,19.9,Fibrotic lesion,Caseous/Fibrotic,Other
BDQ-M2,16,24.37,24.37,61.5,Lung,Lung,Other
BDQ-M2,16,24.37,24.37,34.7,Lung,Lung,Other
BDQ-M2,16,24.37,24.37,40.9,Fibrotic lesion,Caseous/Fibrotic,Other
BDQ-M2,16,24.37,24.37,21.3,Fibrotic lesion,Caseous/Fibrotic,Other
BDQ-M2,16,24.37,24.37,14.7,Fibrotic lesion,Caseous/Fibrotic,Other
BDQ-M2,16,24.37,24.37,27.9,Fibrotic lesion,Caseous/Fibrotic,Other
BDQ-M2,17,3.38,3.38,0.458,Lung,Lung,Other
BDQ-M2,17,3.38,3.38,1.27,Lung,Lung,Other
BDQ-M2,17,3.38,3.38,0.643,Fibrotic lesion,Caseous/Fibrotic,Other
BDQ-M2,17,3.38,3.38,0.231,Fibrotic lesion,Caseous/Fibrotic,Other
BDQ-M2,17,3.38,3.38,1.45,Fibrotic lesion,Caseous/Fibrotic,Other
BDQ-M2,17,3.38,3.38,5.00E-04,Caseum,Caseum,Other
BDQ-M2,18,24.07,24.07,64.3,Lung,Lung,Other
BDQ-M2,18,24.07,24.07,22.1,Lung,Lung,Other
BDQ-M2,18,24.07,24.07,23,Lung,Lung,Other
BDQ-M2,18,24.07,24.07,18.2,Fibrotic lesion,Caseous/Fibrotic,Other
BDQ-M2,18,24.07,24.07,7.88,Fibrotic lesion,Caseous/Fibrotic,Other
BDQ-M2,18,24.07,24.07,20.5,Fibrotic lesion,Caseous/Fibrotic,Other
BDQ-M2,18,24.07,24.07,22.9,Fibrotic lesion,Caseous/Fibrotic,Other
BDQ-M2,19,3.53,3.53,0.982,Lung,Lung,Other
BDQ-M2,19,3.53,3.53,0.75,Lung,Lung,Other
BDQ-M2,19,3.53,3.53,0.087,Fibrotic lesion,Caseous/Fibrotic,Other
BDQ-M2,19,3.53,3.53,0.128,Fibrotic lesion,Caseous/Fibrotic,Other
BDQ-M2,19,3.53,3.53,0.425,Fibrotic lesion,Caseous/Fibrotic,Other
BDQ-M2,19,3.53,3.53,0.199,Fibrotic lesion,Caseous/Fibrotic,Other
BDQ-M2,19,3.53,3.53,5.00E-04,Caseum,Caseum,Other
BDQ-M2,19,3.53,3.53,0.366,Cavity wall,Cavity,Other
BDQ-M2,20,2.42,2.42,2.12,Lung,Lung,Other
BDQ-M2,20,2.42,2.42,2.12,Lung,Lung,Other
BDQ-M2,20,2.42,2.42,1.21,Fibrotic lesion,Caseous/Fibrotic,Other
BDQ-M2,20,2.42,2.42,0.943,Fibrotic lesion,Caseous/Fibrotic,Other
BDQ-M2,20,2.42,2.42,1.97,Fibrotic lesion,Caseous/Fibrotic,Other
BDQ-M2,21,25.08,25.08,27.4,Lung,Lung,Other
BDQ-M2,21,25.08,25.08,3.28,Lung,Lung,Other
BDQ-M2,21,25.08,25.08,37.1,Lung,Lung,Other
BDQ-M2,21,25.08,25.08,7.71,Fibrotic lesion,Caseous/Fibrotic,Other
BDQ-M2,21,25.08,25.08,4.61,Fibrotic lesion,Caseous/Fibrotic,Other
BDQ-M2,21,25.08,25.08,5.00E-04,Caseum,Caseum,Other
BDQ-M2,21,25.08,25.08,5.00E-04,Caseum,Caseum,Other
BDQ-M2,21,25.08,25.08,0.169,Caseum,Caseum,Other
BDQ-M2,21,25.08,25.08,1.76,Cavity wall,Cavity,Other
BDQ-M2,21,25.08,25.08,3.05,Cavity wall,Cavity,Other
BDQ-M2,22,24.33,24.33,18.6,Lung,Lung,Other
BDQ-M2,22,24.33,24.33,25.2,Lung,Lung,Other
BDQ-M2,22,24.33,24.33,49.7,Lung,Lung,Other
BDQ-M2,22,24.33,24.33,25.8,Fibrotic lesion,Caseous/Fibrotic,Other
BDQ-M2,22,24.33,24.33,20.3,Fibrotic lesion,Caseous/Fibrotic,Other
BDQ-M2,22,24.33,24.33,13.5,Fibrotic lesion,Caseous/Fibrotic,Other
BDQ-M2,23,3.68,3.68,1.26,Lung,Lung,Other
BDQ-M2,23,3.68,3.68,2.5,Lung,Lung,Other
BDQ-M2,23,3.68,3.68,0.499,Fibrotic lesion,Caseous/Fibrotic,Other
BDQ-M2,23,3.68,3.68,0.407,Fibrotic lesion,Caseous/Fibrotic,Other
BDQ-M2,23,3.68,3.68,0.145,Fibrotic lesion,Caseous/Fibrotic,Other
BDQ-M2,23,3.68,3.68,0.363,Fibrotic lesion,Caseous/Fibrotic,Other
BDQ-M2,24,2.52,2.52,5.73,Lung,Lung,Other
BDQ-M2,24,2.52,2.52,1.7,Lung,Lung,Other
BDQ-M2,24,2.52,2.52,0.333,Fibrotic lesion,Caseous/Fibrotic,Other
BDQ-M2,24,2.52,2.52,0.166,Fibrotic lesion,Caseous/Fibrotic,Other
BDQ-M2,24,2.52,2.52,0.639,Fibrotic lesion,Caseous/Fibrotic,Other
BDQ-M2,24,2.52,2.52,0.244,Fibrotic lesion,Caseous/Fibrotic,Other
BDQ-M2,25,24.1,24.1,85.8,Lung,Lung,Other
BDQ-M2,25,24.1,24.1,27.3,Lung,Lung,Other
BDQ-M2,25,24.1,24.1,26.3,Fibrotic lesion,Caseous/Fibrotic,Other
BDQ-M2,25,24.1,24.1,21,Fibrotic lesion,Caseous/Fibrotic,Other
BDQ-M2,25,24.1,24.1,20.6,Fibrotic lesion,Caseous/Fibrotic,Other
BDQ-M2,25,24.1,24.1,9.59,Fibrotic lesion,Caseous/Fibrotic,Other
BDQ-M2,26,3.52,3.52,3.37,Lung,Lung,Other
BDQ-M2,26,3.52,3.52,3.06,Lung,Lung,Other
BDQ-M2,26,3.52,3.52,1.31,Fibrotic lesion,Caseous/Fibrotic,Other
BDQ-M2,26,3.52,3.52,0.849,Fibrotic lesion,Caseous/Fibrotic,Other
BDQ-M2,27,48,72,75.5,Lung,Lung,Other
BDQ-M2,27,48,72,168,Lung,Lung,Other
BDQ-M2,27,48,72,85.1,Lung,Lung,Other
BDQ-M2,27,48,72,124,Lung,Lung,Other
BDQ-M2,27,48,72,168,Lung,Lung,Other
BDQ-M2,27,48,72,81.6,Lung,Lung,Other
BDQ-M2,27,48,72,153,Lung,Lung,Other
BDQ-M2,27,48,72,0.209,Caseum,Caseum,Other
BDQ-M2,27,48,72,4.01,Caseum,Caseum,Other
BDQ-M2,27,48,72,159,Cellular lesion,Cellular,Other
BDQ-M2,27,48,72,120,Cellular lesion,Cellular,Other
BDQ-M2,27,48,72,98.4,Cellular lesion,Cellular,Other
BDQ-M2,27,48,72,150,Cellular lesion,Cellular,Other
BDQ-M2,27,48,72,148,Cellular lesion,Cellular,Other
BDQ-M2,27,48,72,144,Cellular lesion,Cellular,Other
BDQ-M2,27,48,72,117,Cellular lesion,Cellular,Other
BDQ-M2,27,48,72,94.9,Cellular lesion,Cellular,Other
BDQ-M2,27,48,72,29.2,Cellular lesion,Cellular,Other
BDQ-M2,27,48,72,175,Cellular lesion,Cellular,Other
BDQ-M2,28,24,48,353,Lung,Lung,Other
BDQ-M2,28,24,48,185,Lung,Lung,Other
BDQ-M2,28,24,48,187,Lung,Lung,Other
BDQ-M2,28,24,48,363,Lung,Lung,Other
BDQ-M2,28,24,48,295,Lung,Lung,Other
BDQ-M2,28,24,48,196,Lung,Lung,Other
BDQ-M2,28,24,48,169,Lung,Lung,Other
BDQ-M2,28,24,48,224,Lung,Lung,Other
BDQ-M2,28,24,48,0.0742,Caseum,Caseum,Other
BDQ-M2,28,24,48,1.46,Caseum,Caseum,Other
BDQ-M2,28,24,48,0.407,Caseum,Caseum,Other
BDQ-M2,28,24,48,2.18,Caseum,Caseum,Other
BDQ-M2,28,24,48,241,Cellular lesion,Cellular,Other
BDQ-M2,28,24,48,276,Cellular lesion,Cellular,Other
BDQ-M2,28,24,48,242,Cellular lesion,Cellular,Other
BDQ-M2,28,24,48,219,Cellular lesion,Cellular,Other
BDQ-M2,28,24,48,217,Cellular lesion,Cellular,Other
BDQ-M2,28,24,48,214,Cellular lesion,Cellular,Other
BDQ-M2,28,24,48,139,Cellular lesion,Cellular,Other
BDQ-M2,28,24,48,251,Cellular lesion,Cellular,Other
BDQ-M2,28,24,48,170,Cellular lesion,Cellular,Other
BDQ-M2,28,24,48,149,Cellular lesion,Cellular,Other
BDQ-M2,29,24,48,275,Lung,Lung,Other
BDQ-M2,29,24,48,187,Lung,Lung,Other
BDQ-M2,29,24,48,171,Lung,Lung,Other
BDQ-M2,29,24,48,396,Lung,Lung,Other
BDQ-M2,29,24,48,331,Lung,Lung,Other
BDQ-M2,29,24,48,117,Lung,Lung,Other
BDQ-M2,29,24,48,284,Lung,Lung,Other
BDQ-M2,29,24,48,0.212,Caseum,Caseum,Other
BDQ-M2,29,24,48,2.89,Caseum,Caseum,Other
BDQ-M2,29,24,48,183,Cellular lesion,Cellular,Other
BDQ-M2,29,24,48,286,Cellular lesion,Cellular,Other
BDQ-M2,29,24,48,235,Cellular lesion,Cellular,Other
BDQ-M2,29,24,48,292,Cellular lesion,Cellular,Other
BDQ-M2,29,24,48,241,Cellular lesion,Cellular,Other
BDQ-M2,29,24,48,279,Cellular lesion,Cellular,Other
BDQ-M2,29,24,48,338,Cellular lesion,Cellular,Other
BDQ-M2,29,24,48,270,Cellular lesion,Cellular,Other
BDQ-M2,29,24,48,258,Cellular lesion,Cellular,Other
BDQ-M2,29,24,48,326,Cellular lesion,Cellular,Other
BDQ-M2,29,24,48,137,Cellular lesion,Cellular,Other
BDQ-M2,30,24,72,192,Lung,Lung,Other
BDQ-M2,30,24,72,119,Lung,Lung,Other
BDQ-M2,30,24,72,266,Lung,Lung,Other
BDQ-M2,30,24,72,278,Lung,Lung,Other
BDQ-M2,30,24,72,228,Lung,Lung,Other
BDQ-M2,30,24,72,200,Cellular lesion,Cellular,Other
BDQ-M2,30,24,72,121,Cellular lesion,Cellular,Other
BDQ-M2,30,24,72,203,Cellular lesion,Cellular,Other
BDQ-M2,30,24,72,243,Cellular lesion,Cellular,Other
BDQ-M2,30,24,72,217,Cellular lesion,Cellular,Other
BDQ-M2,30,24,72,145,Cellular lesion,Cellular,Other
BDQ-M2,30,24,72,43.5,Cellular lesion,Cellular,Other
BDQ-M2,31,48,72,122,Lung,Lung,Other
BDQ-M2,31,48,72,353,Lung,Lung,Other
BDQ-M2,31,48,72,172,Lung,Lung,Other
BDQ-M2,31,48,72,336,Lung,Lung,Other
BDQ-M2,31,48,72,344,Lung,Lung,Other
BDQ-M2,31,48,72,114,Lung,Lung,Other
BDQ-M2,31,48,72,216,Cellular lesion,Cellular,Other
BDQ-M2,31,48,72,190,Cellular lesion,Cellular,Other
BDQ-M2,31,48,72,145,Cellular lesion,Cellular,Other
BDQ-M2,32,24,72,213,Lung,Lung,Other
BDQ-M2,32,24,72,353,Lung,Lung,Other
BDQ-M2,32,24,72,291,Lung,Lung,Other
BDQ-M2,32,24,72,292,Lung,Lung,Other
BDQ-M2,32,24,72,379,Lung,Lung,Other
BDQ-M2,32,24,72,425,Lung,Lung,Other
BDQ-M2,32,24,72,271,Lung,Lung,Other
BDQ-M2,32,24,72,203,Lung,Lung,Other
BDQ-M2,32,24,72,410,Lung,Lung,Other
BDQ-M2,32,24,72,168,Lung,Lung,Other
BDQ-M2,32,24,72,336,Lung,Lung,Other
BDQ-M2,32,24,72,267,Lung,Lung,Other
BDQ-M2,32,24,72,0.367,Caseum,Caseum,Other
BDQ-M2,32,24,72,4.22,Caseum,Caseum,Other
BDQ-M2,32,24,72,0.0545,Caseum,Caseum,Other
BDQ-M2,32,24,72,3.14,Caseum,Caseum,Other
BDQ-M2,32,24,72,0.0609,Caseum,Caseum,Other
BDQ-M2,32,24,72,3.11,Caseum,Caseum,Other
BDQ-M2,32,24,72,0.554,Caseum,Caseum,Other
BDQ-M2,32,24,72,5.97,Caseum,Caseum,Other
BDQ-M2,32,24,72,0.107,Caseum,Caseum,Other
BDQ-M2,32,24,72,2.27,Caseum,Caseum,Other
BDQ-M2,32,24,72,0.235,Caseum,Caseum,Other
BDQ-M2,32,24,72,5.54,Caseum,Caseum,Other
BDQ-M2,32,24,72,0.287,Caseum,Caseum,Other
BDQ-M2,32,24,72,5.3,Caseum,Caseum,Other
BDQ-M2,32,24,72,298,Cellular lesion,Cellular,Other
BDQ-M2,32,24,72,371,Cellular lesion,Cellular,Other
BDQ-M2,32,24,72,277,Cellular lesion,Cellular,Other
BDQ-M2,32,24,72,385,Cellular lesion,Cellular,Other
BDQ-M2,32,24,72,326,Cellular lesion,Cellular,Other
BDQ-M2,32,24,72,277,Cellular lesion,Cellular,Other
BDQ-M2,32,24,72,395,Cellular lesion,Cellular,Other
BDQ-M2,32,24,72,467,Cellular lesion,Cellular,Other
BDQ-M2,32,24,72,439,Cellular lesion,Cellular,Other
BDQ-M2,32,24,72,154,Cellular lesion,Cellular,Other
BDQ-M2,32,24,72,376,Cellular lesion,Cellular,Other
BDQ-M2,32,24,72,279,Cellular lesion,Cellular,Other
BDQ-M2,32,24,72,310,Cellular lesion,Cellular,Other
BDQ-M2,32,24,72,332,Cellular lesion,Cellular,Other
BDQ-M2,32,24,72,176,Cellular lesion,Cellular,Other
BDQ-M2,32,24,72,388,Cellular lesion,Cellular,Other
BDQ-M2,32,24,72,319,Cellular lesion,Cellular,Other
BDQ-M2,32,24,72,283,Cellular lesion,Cellular,Other
BDQ-M2,32,24,72,33.7,Cellular lesion,Cellular,Other
BDQ-M2,32,24,72,365,Cellular lesion,Cellular,Other
BDQ-M2,32,24,72,160,Cellular lesion,Cellular,Other
BDQ-M2,32,24,72,337,Cellular lesion,Cellular,Other
BDQ-M2,32,24,72,120,Cellular lesion,Cellular,Other
BDQ-M2,33,72,120,133,Lung,Lung,Other
BDQ-M2,33,72,120,280,Lung,Lung,Other
BDQ-M2,33,72,120,194,Lung,Lung,Other
BDQ-M2,33,72,120,317,Lung,Lung,Other
BDQ-M2,33,72,120,190,Lung,Lung,Other
BDQ-M2,33,72,120,117,Lung,Lung,Other
BDQ-M2,33,72,120,251,Cellular lesion,Cellular,Other
BDQ-M2,33,72,120,233,Cellular lesion,Cellular,Other
BDQ-M2,33,72,120,296,Cellular lesion,Cellular,Other
BDQ-M2,33,72,120,358,Cellular lesion,Cellular,Other
BDQ-M2,33,72,120,273,Cellular lesion,Cellular,Other
BDQ-M2,33,72,120,302,Cellular lesion,Cellular,Other
BDQ-M2,33,72,120,186,Cellular lesion,Cellular,Other
BDQ-M2,33,72,120,318,Cellular lesion,Cellular,Other
BDQ-M2,33,72,120,246,Cellular lesion,Cellular,Other
BDQ-M2,33,72,120,340,Cellular lesion,Cellular,Other
BDQ-M2,33,72,120,222,Cellular lesion,Cellular,Other
BDQ-M2,33,72,120,188,Cellular lesion,Cellular,Other
BDQ-M2,33,72,120,218,Cellular lesion,Cellular,Other
BDQ-M2,33,72,120,253,Cellular lesion,Cellular,Other
BDQ-M2,34,72,120,120,Lung,Lung,Other
BDQ-M2,34,72,120,292,Lung,Lung,Other
BDQ-M2,34,72,120,208,Lung,Lung,Other
BDQ-M2,34,72,120,313,Lung,Lung,Other
BDQ-M2,34,72,120,162,Lung,Lung,Other
BDQ-M2,34,72,120,82.5,Lung,Lung,Other
BDQ-M2,34,72,120,218,Lung,Lung,Other
BDQ-M2,34,72,120,22.4,Caseum,Caseum,Other
BDQ-M2,34,72,120,166,Cellular lesion,Cellular,Other
BDQ-M2,34,72,120,157,Cellular lesion,Cellular,Other
BDQ-M2,34,72,120,159,Cellular lesion,Cellular,Other
BDQ-M2,34,72,120,236,Cellular lesion,Cellular,Other
BDQ-M2,34,72,120,166,Cellular lesion,Cellular,Other
BDQ-M2,34,72,120,193,Cellular lesion,Cellular,Other
BDQ-M2,34,72,120,179,Cellular lesion,Cellular,Other
BDQ-M2,34,72,120,161,Cellular lesion,Cellular,Other
BDQ-M2,34,72,120,185,Cellular lesion,Cellular,Other
BDQ-M2,34,72,120,225,Cellular lesion,Cellular,Other
BDQ-M2,34,72,120,88.1,Cellular lesion,Cellular,Other
BDQ-M2,34,72,120,152,Cellular lesion,Cellular,Other
BDQ-M2,34,72,120,138,Cellular lesion,Cellular,Other
BDQ-M2,35,7,55,163,Lung,Lung,Other
BDQ-M2,35,7,55,266,Lung,Lung,Other
BDQ-M2,35,7,55,229,Lung,Lung,Other
BDQ-M2,35,7,55,438,Lung,Lung,Other
BDQ-M2,35,7,55,140,Lung,Lung,Other
BDQ-M2,35,7,55,201,Lung,Lung,Other
BDQ-M2,35,7,55,258,Cellular lesion,Cellular,Other
BDQ-M2,35,7,55,239,Cellular lesion,Cellular,Other
BDQ-M2,35,7,55,263,Cellular lesion,Cellular,Other
BDQ-M2,35,7,55,232,Cellular lesion,Cellular,Other
BDQ-M2,35,7,55,287,Cellular lesion,Cellular,Other
BDQ-M2,35,7,55,216,Cellular lesion,Cellular,Other
BDQ-M2,35,7,55,258,Cellular lesion,Cellular,Other
BDQ-M2,36,7,55,271,Lung,Lung,Other
BDQ-M2,36,7,55,442,Lung,Lung,Other
BDQ-M2,36,7,55,358,Lung,Lung,Other
BDQ-M2,36,7,55,384,Lung,Lung,Other
BDQ-M2,36,7,55,396,Lung,Lung,Other
BDQ-M2,36,7,55,238,Lung,Lung,Other
BDQ-M2,36,7,55,344,Lung,Lung,Other
BDQ-M2,36,7,55,284,Lung,Lung,Other
BDQ-M2,36,7,55,153,Lung,Lung,Other
BDQ-M2,36,7,55,219,Lung,Lung,Other
BDQ-M2,36,7,55,198,Lung,Lung,Other
BDQ-M2,36,7,55,0.189,Caseum,Caseum,Other
BDQ-M2,36,7,55,3.94,Caseum,Caseum,Other
BDQ-M2,36,7,55,0.152,Caseum,Caseum,Other
BDQ-M2,36,7,55,3.59,Caseum,Caseum,Other
BDQ-M2,36,7,55,0.124,Caseum,Caseum,Other
BDQ-M2,36,7,55,4.24,Caseum,Caseum,Other
BDQ-M2,36,7,55,0.211,Caseum,Caseum,Other
BDQ-M2,36,7,55,4.59,Caseum,Caseum,Other
BDQ-M2,36,7,55,0.166,Caseum,Caseum,Other
BDQ-M2,36,7,55,3.44,Caseum,Caseum,Other
BDQ-M2,36,7,55,0.129,Caseum,Caseum,Other
BDQ-M2,36,7,55,3.59,Caseum,Caseum,Other
BDQ-M2,36,7,55,176,Cellular lesion,Cellular,Other
BDQ-M2,36,7,55,217,Cellular lesion,Cellular,Other
BDQ-M2,36,7,55,189,Cellular lesion,Cellular,Other
BDQ-M2,36,7,55,293,Cellular lesion,Cellular,Other
BDQ-M2,36,7,55,164,Cellular lesion,Cellular,Other
BDQ-M2,36,7,55,184,Cellular lesion,Cellular,Other
BDQ-M2,36,7,55,236,Cellular lesion,Cellular,Other
BDQ-M2,36,7,55,151,Cellular lesion,Cellular,Other
BDQ-M2,36,7,55,180,Cellular lesion,Cellular,Other
BDQ-M2,36,7,55,194,Cellular lesion,Cellular,Other
BDQ-M2,36,7,55,49.3,Cellular lesion,Cellular,Other
BDQ-M2,36,7,55,120,Cellular lesion,Cellular,Other
BDQ-M2,36,7,55,84.7,Cellular lesion,Cellular,Other
BDQ-M2,36,7,55,107,Cellular lesion,Cellular,Other
BDQ-M2,36,7,55,128,Cellular lesion,Cellular,Other
BDQ-M2,36,7,55,35,Cellular lesion,Cellular,Other
BDQ-M2,36,7,55,125,Cellular lesion,Cellular,Other
BDQ-M2,36,7,55,41.9,Cellular lesion,Cellular,Other
BDQ-M2,36,7,55,124,Cellular lesion,Cellular,Other
BDQ-M2,37,48,96,199,Lung,Lung,Other
BDQ-M2,37,48,96,336,Lung,Lung,Other
BDQ-M2,37,48,96,193,Lung,Lung,Other
BDQ-M2,37,48,96,337,Lung,Lung,Other
BDQ-M2,37,48,96,381,Lung,Lung,Other
BDQ-M2,37,48,96,219,Lung,Lung,Other
BDQ-M2,37,48,96,467,Cellular lesion,Cellular,Other
BDQ-M2,37,48,96,506,Cellular lesion,Cellular,Other
BDQ-M2,37,48,96,528,Cellular lesion,Cellular,Other
BDQ-M2,37,48,96,446,Cellular lesion,Cellular,Other
BDQ-M2,37,48,96,425,Cellular lesion,Cellular,Other
BDQ-M2,38,48,96,142,Lung,Lung,Other
BDQ-M2,38,48,96,274,Lung,Lung,Other
BDQ-M2,38,48,96,203,Lung,Lung,Other
BDQ-M2,38,48,96,333,Lung,Lung,Other
BDQ-M2,38,48,96,215,Lung,Lung,Other
BDQ-M2,38,48,96,111,Lung,Lung,Other
BDQ-M2,38,48,96,132,Lung,Lung,Other
BDQ-M2,38,48,96,156,Lung,Lung,Other
BDQ-M2,38,48,96,176,Lung,Lung,Other
BDQ-M2,38,48,96,0.404,Caseum,Caseum,Other
BDQ-M2,38,48,96,4.73,Caseum,Caseum,Other
BDQ-M2,38,48,96,4.1,Caseum,Caseum,Other
BDQ-M2,38,48,96,16.8,Caseum,Caseum,Other
BDQ-M2,38,48,96,269,Cellular lesion,Cellular,Other
BDQ-M2,38,48,96,231,Cellular lesion,Cellular,Other
BDQ-M2,38,48,96,173,Cellular lesion,Cellular,Other
BDQ-M2,38,48,96,211,Cellular lesion,Cellular,Other
BDQ-M2,38,48,96,181,Cellular lesion,Cellular,Other
BDQ-M2,38,48,96,306,Cellular lesion,Cellular,Other
BDQ-M2,38,48,96,151,Cellular lesion,Cellular,Other
BDQ-M2,38,48,96,193,Cellular lesion,Cellular,Other
BDQ-M2,38,48,96,169,Cellular lesion,Cellular,Other
BDQ-M2,38,48,96,216,Cellular lesion,Cellular,Other
BDQ-M2,38,48,96,248,Cellular lesion,Cellular,Other
BDQ-M2,38,48,96,337,Cellular lesion,Cellular,Other
BDQ-M2,42,24.1,648.1,137,Lung,Lung,Other
BDQ-M2,42,24.1,648.1,213,Lung,Lung,Other
BDQ-M2,42,24.1,648.1,104,Lung,Lung,Other
BDQ-M2,42,24.1,648.1,118,Fibrotic lesion,Caseous/Fibrotic,Other
BDQ-M2,42,24.1,648.1,158,Fibrotic lesion,Caseous/Fibrotic,Other
BDQ-M2,42,24.1,648.1,103,Fibrotic lesion,Caseous/Fibrotic,Other
BDQ-M2,42,24.1,648.1,90.7,Fibrotic lesion,Caseous/Fibrotic,Other
BDQ-M2,42,24.1,648.1,87,Lung,Lung,Other
BDQ-M2,42,24.1,648.1,92.4,Cellular lesion,Cellular,Other
BDQ-M2,42,24.1,648.1,3.83,Caseum,Caseum,Other
BDQ-M2,42,24.1,648.1,1.7,Caseum,Caseum,Other
BDQ-M2,43,24.7,648.7,216,Lung,Lung,Other
BDQ-M2,43,24.7,648.7,197,Lung,Lung,Other
BDQ-M2,43,24.7,648.7,228,Lung,Lung,Other
BDQ-M2,43,24.7,648.7,265,Fibrotic lesion,Caseous/Fibrotic,Other
BDQ-M2,43,24.7,648.7,303,Fibrotic lesion,Caseous/Fibrotic,Other
BDQ-M2,43,24.7,648.7,255,Fibrotic lesion,Caseous/Fibrotic,Other
BDQ-M2,44,24.6,672.6,106,Lung,Lung,Other
BDQ-M2,44,24.6,672.6,193,Lung,Lung,Other
BDQ-M2,44,24.6,672.6,164,Lung,Lung,Other
BDQ-M2,44,24.6,672.6,160,Fibrotic lesion,Caseous/Fibrotic,Other
BDQ-M2,44,24.6,672.6,172,Fibrotic lesion,Caseous/Fibrotic,Other
BDQ-M2,44,24.6,672.6,131,Fibrotic lesion,Caseous/Fibrotic,Other
BDQ-M2,44,24.6,672.6,185,Fibrotic lesion,Caseous/Fibrotic,Other
BDQ-M2,44,24.6,672.6,126,Fibrotic lesion,Caseous/Fibrotic,Other
BDQ-M2,44,24.6,672.6,138,Fibrotic lesion,Caseous/Fibrotic,Other
BDQ-M2,44,24.6,672.6,129,Fibrotic lesion,Caseous/Fibrotic,Other
BDQ-M2,45,24.4,672.4,137,Lung,Lung,Other
BDQ-M2,45,24.4,672.4,114,Lung,Lung,Other
BDQ-M2,45,24.4,672.4,195,Lung,Lung,Other
BDQ-M2,45,24.4,672.4,4.97,Caseum,Caseum,Other
BDQ-M2,45,24.4,672.4,119,Fibrotic lesion,Caseous/Fibrotic,Other
BDQ-M2,45,24.4,672.4,201,Lung,Lung,Other
BDQ-M2,45,24.4,672.4,109,Lung,Lung,Other
BDQ-M2,45,24.4,672.4,84.5,Cellular lesion,Cellular,Other
BDQ-M2,45,24.4,672.4,238,Cellular lesion,Cellular,Other
BDQ-M2,45,24.4,672.4,19.3,Cellular lesion,Cellular,Other
BDQ-M2,45,24.4,672.4,14.5,Cellular lesion,Cellular,Other
BDQ-M2,45,24.4,672.4,4.03,Caseum,Caseum,Other
BDQ-M2,45,24.4,672.4,6.54,Caseum,Caseum,Other
BDQ-M2,45,24.4,672.4,4.01,Caseum,Caseum,Other
BDQ-M2,45,24.4,672.4,8.68,Caseum,Caseum,Other
BDQ-M2,46,23.9,23.9,33.8,Lung,Lung,Other
BDQ-M2,46,23.9,23.9,23.6,Fibrotic lesion,Caseous/Fibrotic,Other
BDQ-M2,46,23.9,23.9,31.4,Lung,Lung,Other
BDQ-M2,46,23.9,23.9,30.2,Lung,Lung,Other
BDQ-M2,46,23.9,23.9,29.7,Fibrotic lesion,Caseous/Fibrotic,Other
BDQ-M2,46,23.9,23.9,11.8,Fibrotic lesion,Caseous/Fibrotic,Other
BDQ-M2,46,23.9,23.9,29.4,Fibrotic lesion,Caseous/Fibrotic,Other
BDQ-M2,47,24.7,24.7,8.77,Fibrotic lesion,Caseous/Fibrotic,Other
BDQ-M2,47,24.7,24.7,27.5,Lung,Lung,Other
BDQ-M2,47,24.7,24.7,17.7,Fibrotic lesion,Caseous/Fibrotic,Other
BDQ-M2,47,24.7,24.7,48.1,Lung,Lung,Other
BDQ-M2,48,23.9,23.9,39.7,Lung,Lung,Other
BDQ-M2,48,23.9,23.9,63.4,Lung,Lung,Other
BDQ-M2,48,23.9,23.9,66.4,Lung,Lung,Other
BDQ-M2,48,23.9,23.9,22.7,Cellular lesion,Cellular,Other
BDQ-M2,48,23.9,23.9,46.2,Cellular lesion,Cellular,Other
BDQ-M2,48,23.9,23.9,23.7,Cellular lesion,Cellular,Other
BDQ-M2,48,23.9,23.9,3.84,Cellular lesion,Cellular,Other
BDQ-M2,48,23.9,23.9,3.44,Cellular lesion,Cellular,Other
BDQ-M2,48,23.9,23.9,0.0832,Caseum,Caseum,Other
BDQ-M2,48,23.9,23.9,0.389,Caseum,Caseum,Other
BDQ-M2,48,23.9,23.9,0.0914,Caseum,Caseum,Other
BDQ-M2,48,23.9,23.9,0.0355,Caseum,Caseum,Other
BDQ-M2,48,23.9,23.9,0.044,Caseum,Caseum,Other
BDQ-M2,48,23.9,23.9,0.0338,Caseum,Caseum,Other
BDQ-M2,48,23.9,23.9,116,Lung,Lung,Other
BDQ-M2,48,23.9,23.9,19.3,Fibrotic lesion,Caseous/Fibrotic,Other
BDQ-M2,48,23.9,23.9,119,Lung,Lung,Other
BDQ-M2,48,23.9,23.9,36.3,Fibrotic lesion,Caseous/Fibrotic,Other
BDQ-M2,48,23.9,23.9,42,Fibrotic lesion,Caseous/Fibrotic,Other
BDQ-M2,48,23.9,23.9,85.8,Lung,Lung,Other
BDQ-M2,48,23.9,23.9,25.4,Fibrotic lesion,Caseous/Fibrotic,Other
BDQ-M2,49,24.9,24.9,24.9,Lung,Lung,Other
BDQ-M2,49,24.9,24.9,39.4,Lung,Lung,Other
BDQ-M2,49,24.9,24.9,34.4,Lung,Lung,Other
BDQ-M2,49,24.9,24.9,8.17,Fibrotic lesion,Caseous/Fibrotic,Other
BDQ-M2,49,24.9,24.9,39.3,Lung,Lung,Other
BDQ-M2,49,24.9,24.9,2.18,Cellular lesion,Cellular,Other
BDQ-M2,49,24.9,24.9,0.52,Caseum,Caseum,Other
BDQ-M2,49,24.9,24.9,0.109,Caseum,Caseum,Other
BDQ-M2,50,24,24,20,Fibrotic lesion,Caseous/Fibrotic,Other
BDQ-M2,50,24,24,63.3,Lung,Lung,Other
BDQ-M2,50,24,24,0.206,Caseum,Caseum,Other
BDQ-M2,50,24,24,26.6,Lung,Lung,Other
BDQ-M2,50,24,24,29.1,Fibrotic lesion,Caseous/Fibrotic,Other
BDQ-M2,50,24,24,24.9,Lung,Lung,Other
BDQ-M2,50,24,24,21.6,Lung,Lung,Other
BDQ-M2,50,24,24,3.43,Cellular lesion,Cellular,Other
BDQ-M2,50,24,24,2.61,Cellular lesion,Cellular,Other
BDQ-M2,50,24,24,36.7,Cellular lesion,Cellular,Other
BDQ-M2,50,24,24,0.0933,Caseum,Caseum,Other
BDQ-M2,50,24,24,0.0665,Caseum,Caseum,Other
BDQ-M2,50,24,24,0.031,Caseum,Caseum,Other
BDQ-M2,50,24,24,0.0314,Caseum,Caseum,Other
BDQ-M2,51,23.7,23.7,68.4,Lung,Lung,Other
BDQ-M2,51,23.7,23.7,37.5,Lung,Lung,Other
BDQ-M2,51,23.7,23.7,21.7,Fibrotic lesion,Caseous/Fibrotic,Other
BDQ-M2,51,23.7,23.7,15.3,Fibrotic lesion,Caseous/Fibrotic,Other
BDQ-M2,51,23.7,23.7,32.7,Fibrotic lesion,Caseous/Fibrotic,Other
BDQ-M2,51,23.7,23.7,28.6,Lung,Lung,Other
BDQ-M2,52,24.6,24.6,76.3,Lung,Lung,Other
BDQ-M2,52,24.6,24.6,65.6,Lung,Lung,Other
BDQ-M2,52,24.6,24.6,21.2,Fibrotic lesion,Caseous/Fibrotic,Other
BDQ-M2,52,24.6,24.6,53.8,Lung,Lung,Other
BDQ-M2,52,24.6,24.6,10.3,Fibrotic lesion,Caseous/Fibrotic,Other
BDQ-M2,53,24.1,24.1,12.8,Fibrotic lesion,Caseous/Fibrotic,Other
BDQ-M2,53,24.1,24.1,0.0452,Caseum,Caseum,Other
BDQ-M2,53,24.1,24.1,25.4,Lung,Lung,Other
BDQ-M2,53,24.1,24.1,98.1,Lung,Lung,Other
BDQ-M2,53,24.1,24.1,14.9,Lung,Lung,Other
BDQ-M2,53,24.1,24.1,17.1,Cavity wall,Cavity,Other
BDQ-M2,53,24.1,24.1,31.7,Fibrotic lesion,Caseous/Fibrotic,Other
BDQ-M2,53,24.1,24.1,40.3,Lung,Lung,Other
BDQ-M2,53,24.1,24.1,8.06,Cellular lesion,Cellular,Other
BDQ-M2,53,24.1,24.1,4.38,Cellular lesion,Cellular,Other
BDQ-M2,53,24.1,24.1,0.194,Caseum,Caseum,Other
BDQ-M2,53,24.1,24.1,0.0766,Caseum,Caseum,Other
BDQ-M2,54,25.6,25.6,0.0305,Caseum,Caseum,Other
BDQ-M2,54,25.6,25.6,22.1,Lung,Lung,Other
BDQ-M2,54,25.6,25.6,5.73,Fibrotic lesion,Caseous/Fibrotic,Other
BDQ-M2,54,25.6,25.6,29.8,Lung,Lung,Other
BDQ-M2,54,25.6,25.6,33.8,Lung,Lung,Other
BDQ-M2,54,25.6,25.6,27.3,Fibrotic lesion,Caseous/Fibrotic,Other
BDQ-M2,54,25.6,25.6,51.5,Lung,Lung,Other
BDQ-M2,54,25.6,25.6,6.59,Cellular lesion,Cellular,Other
BDQ-M2,54,25.6,25.6,3.26,Cellular lesion,Cellular,Other
BDQ-M2,54,25.6,25.6,0.105,Caseum,Caseum,Other
BDQ-M2,54,25.6,25.6,0.108,Caseum,Caseum,Other
BDQ-M2,55,25.4,25.4,39.9,Lung,Lung,Other
BDQ-M2,55,25.4,25.4,16.5,Fibrotic lesion,Caseous/Fibrotic,Other
BDQ-M2,55,25.4,25.4,43.9,Lung,Lung,Other
BDQ-M2,55,25.4,25.4,13.3,Caseous Lesion,Caseous/Fibrotic,Other
BDQ-M2,55,25.4,25.4,48.6,Lung,Lung,Other
BDQ-M2,55,25.4,25.4,45.1,Fibrotic lesion,Caseous/Fibrotic,Other
BDQ-M2,55,25.4,25.4,24.2,Fibrotic lesion,Caseous/Fibrotic,Other
BDQ-M2,55,25.4,25.4,20.9,Fibrotic lesion,Caseous/Fibrotic,Other
BTZ-043,231,6,54,0.363,Normal,Lung,Other
BTZ-043,231,6,54,0.286,Normal,Lung,Other
BTZ-043,231,6,54,0.337,Normal,Lung,Other
BTZ-043,231,6,54,0.377,Normal,Lung,Other
BTZ-043,231,6,54,0.292,Normal,Lung,Other
BTZ-043,231,6,54,0.536,Cellular,Cellular,Other
BTZ-043,231,6,54,0.306,Cellular,Cellular,Other
BTZ-043,231,6,54,0.534,Cellular,Cellular,Other
BTZ-043,231,6,54,0.439,Cellular,Cellular,Other
BTZ-043,231,6,54,0.264,Cellular,Cellular,Other
BTZ-043,231,6,54,0.448,Cellular,Cellular,Other
BTZ-043,231,6,54,0.561,Cellular,Cellular,Other
BTZ-043,232,6,54,0.249,Normal,Lung,Other
BTZ-043,232,6,54,0.257,Normal,Lung,Other
BTZ-043,232,6,54,0.28,Normal,Lung,Other
BTZ-043,232,6,54,0.24,Normal,Lung,Other
BTZ-043,232,6,54,0.291,Normal,Lung,Other
BTZ-043,232,6,54,0.154,Cellular,Cellular,Other
BTZ-043,232,6,54,0.202,Cellular,Cellular,Other
BTZ-043,232,6,54,0.266,Cellular,Cellular,Other
BTZ-043,232,6,54,0.177,Cellular,Cellular,Other
BTZ-043,232,6,54,0.0594,Cellular,Cellular,Other
BTZ-043,232,6,54,0.254,Cellular,Cellular,Other
BTZ-043,232,6,54,0.201,Cellular,Cellular,Other
BTZ-043,232,6,54,0.289,Cellular,Cellular,Other
BTZ-043,232,6,54,0.227,Cellular,Cellular,Other
BTZ-043,232,6,54,0.223,Cellular,Cellular,Other
BTZ-043,232,6,54,0.207,Cellular,Cellular,Other
BTZ-043,232,6,54,0.448,Cellular,Cellular,Other
BTZ-043,232,6,54,0.0425,Inner Caseum,Caseum,Other
BTZ-043,232,6,54,0.0731,Outer Caseum,Caseum,Other
BTZ-043,232,6,54,0.0457,Inner Cellular,Cellular,Other
BTZ-043,232,6,54,0.0915,Outer Cellular,Cellular,Other
BTZ-043,232,6,54,0.171,Uninvolved Lung,Lung,Other
BTZ-043,232,6,54,0.0516,Inner Caseum,Caseum,Other
BTZ-043,232,6,54,0.0653,Outer Caseum,Caseum,Other
BTZ-043,232,6,54,0.0886,Cellular,Cellular,Other
BTZ-043,232,6,54,0.151,Uninvolved Lung,Lung,Other
BTZ-043,233,6,54,0.158,Normal,Lung,Other
BTZ-043,233,6,54,0.171,Normal,Lung,Other
BTZ-043,233,6,54,0.155,Normal,Lung,Other
BTZ-043,233,6,54,0.187,Normal,Lung,Other
BTZ-043,233,6,54,0.179,Normal,Lung,Other
BTZ-043,233,6,54,0.12,Cellular,Cellular,Other
BTZ-043,233,6,54,0.152,Cellular,Cellular,Other
BTZ-043,233,6,54,0.191,Cellular,Cellular,Other
BTZ-043,233,6,54,0.193,Cellular,Cellular,Other
BTZ-043,233,6,54,0.361,Cellular,Cellular,Other
BTZ-043,233,6,54,0.174,Cellular,Cellular,Other
BTZ-043,233,6,54,0.183,Cellular,Cellular,Other
BTZ-043,233,6,54,0.228,Cellular,Cellular,Other
BTZ-043,233,6,54,0.15,Cellular,Cellular,Other
BTZ-043,233,6,54,0.217,Cellular,Cellular,Other
BTZ-043,233,6,54,0.169,Cellular,Cellular,Other
BTZ-043,233,6,54,0.0946,Cellular,Cellular,Other
BTZ-043,233,6,54,0.0446,Cellular,Cellular,Other
BTZ-043,233,6,54,0.129,Cellular,Cellular,Other
BTZ-043,233,6,54,0.08,Inner Caseum,Caseum,Other
BTZ-043,233,6,54,0.067,Outer Caseum,Caseum,Other
BTZ-043,233,6,54,0.0853,Cellular,Cellular,Other
BTZ-043,233,6,54,0.0867,Uninvolved Lung,Lung,Other
BTZ-043,235,8,56,0.363,Normal,Lung,Other
BTZ-043,235,8,56,0.349,Normal,Lung,Other
BTZ-043,235,8,56,0.407,Normal,Lung,Other
BTZ-043,235,8,56,0.426,Normal,Lung,Other
BTZ-043,235,8,56,0.328,Normal,Lung,Other
BTZ-043,235,8,56,0.499,Normal,Lung,Other
BTZ-043,235,8,56,0.338,Cellular,Cellular,Other
BTZ-043,235,8,56,0.442,Cellular,Cellular,Other
BTZ-043,235,8,56,0.479,Cellular,Cellular,Other
BTZ-043,235,8,56,0.535,Cellular,Cellular,Other
BTZ-043,235,8,56,0.513,Cellular,Cellular,Other
BTZ-043,235,8,56,0.608,Cellular,Cellular,Other
BTZ-043,235,8,56,0.529,Cellular,Cellular,Other
BTZ-043,236,8,56,0.0814,Normal,Lung,Other
BTZ-043,236,8,56,0.0644,Normal,Lung,Other
BTZ-043,236,8,56,0.0895,Normal,Lung,Other
BTZ-043,236,8,56,0.0546,Normal,Lung,Other
BTZ-043,236,8,56,0.0509,Normal,Lung,Other
BTZ-043,236,8,56,0.101,Normal,Lung,Other
BTZ-043,236,8,56,0.0707,Cellular,Cellular,Other
BTZ-043,236,8,56,0.0853,Cellular,Cellular,Other
BTZ-043,236,8,56,0.0735,Cellular,Cellular,Other
BTZ-043,236,8,56,0.0955,Cellular,Cellular,Other
BTZ-043,236,8,56,0.0767,Cellular,Cellular,Other
BTZ-043,236,8,56,0.0733,Cellular,Cellular,Other
BTZ-043,236,8,56,0.093,Cellular,Cellular,Other
BTZ-043,236,8,56,0.0865,Cellular,Cellular,Other
BTZ-043,236,8,56,0.149,Cellular,Cellular,Other
BTZ-043,236,8,56,0.0688,Cellular,Cellular,Other
BTZ-043,237,16,64,0,Normal,Lung,Other
BTZ-043,237,16,64,0.0129,Normal,Lung,Other
BTZ-043,237,16,64,0,Cellular,Cellular,Other
BTZ-043,237,16,64,0,Cellular,Cellular,Other
BTZ-043,237,16,64,0.0109,Cellular,Cellular,Other
BTZ-043,237,16,64,0.0106,Cellular,Cellular,Other
BTZ-043,237,16,64,0,Inner Caseum,Caseum,Other
BTZ-043,237,16,64,0,Outer Caseum,Caseum,Other
BTZ-043,237,16,64,0,Inner Cellular,Cellular,Other
BTZ-043,237,16,64,0,Outer Cellular,Cellular,Other
BTZ-043,237,16,64,0,Uninvolved Lung,Lung,Other
BTZ-043,238,16,64,0,Normal,Lung,Other
BTZ-043,238,16,64,0.0215,Normal,Lung,Other
BTZ-043,238,16,64,0,Cellular,Cellular,Other
BTZ-043,238,16,64,0,Cellular,Cellular,Other
BTZ-043,238,16,64,0.02,Cellular,Cellular,Other
BTZ-043,239,16,64,0,Normal,Lung,Other
BTZ-043,239,16,64,0,Cellular,Cellular,Other
BTZ-043,239,16,64,0,Cellular,Cellular,Other
BTZ-043,252,8,56,0.312,Normal,Lung,Other
BTZ-043,252,8,56,0.28,Normal,Lung,Other
BTZ-043,252,8,56,0.325,Normal,Lung,Other
BTZ-043,252,8,56,0.27,Normal,Lung,Other
BTZ-043,252,8,56,0.308,Normal,Lung,Other
BTZ-043,252,8,56,0.289,Cellular,Cellular,Other
BTZ-043,252,8,56,0.344,Cellular,Cellular,Other
BTZ-043,252,8,56,0.304,Cellular,Cellular,Other
BTZ-043,253,8,56,0.166,Normal,Lung,Other
BTZ-043,253,8,56,0.122,Normal,Lung,Other
BTZ-043,253,8,56,0.125,Normal,Lung,Other
BTZ-043,253,8,56,0.14,Normal,Lung,Other
BTZ-043,253,8,56,0.212,Normal,Lung,Other
BTZ-043,253,8,56,0.146,Cellular,Cellular,Other
BTZ-043,253,8,56,0.133,Cellular,Cellular,Other
BTZ-043,253,8,56,0.0866,Caseum,Caseum,Other
BTZ-043,253,8,56,0.081,Cellular,Cellular,Other
BTZ-043,253,8,56,0.0638,Uninvolved Lung,Lung,Other
BTZ-043,254,24,72,0,Inner Caseum,Caseum,Other
BTZ-043,254,24,72,0,Outer Caseum,Caseum,Other
BTZ-043,254,24,72,0,Cellular,Cellular,Other
BTZ-043,254,24,72,0,Uninvolved Lung,Lung,Other
DLM,1,16,16,1.61,Cellular,Cellular,Other
DLM,1,16,16,2.33,Normal,Lung,Other
DLM,1,16,16,1.42,Normal,Lung,Other
DLM,1,16,16,0.95,Normal,Lung,Other
DLM,1,16,16,1.33,Normal,Lung,Other
DLM,1,16,16,0.49,Caseous,Caseous/Fibrotic,Other
DLM,1,16,16,0.75,Caseous,Caseous/Fibrotic,Other
DLM,1,16,16,0.68,Caseous,Caseous/Fibrotic,Other
DLM,1,16,16,1.5,Caseous,Caseous/Fibrotic,Other
DLM,2,2,2,0.28,Cellular,Cellular,Other
DLM,2,2,2,0.73,Cellular,Cellular,Other
DLM,2,2,2,0.2,Cellular,Cellular,Other
DLM,2,2,2,0.72,Cellular,Cellular,Other
DLM,2,2,2,0.33,Normal,Lung,Other
DLM,2,2,2,0.2,Normal,Lung,Other
DLM,2,2,2,0.35,Normal,Lung,Other
DLM,2,2,2,0.24,Normal,Lung,Other
DLM,2,2,2,1.2,Normal,Lung,Other
DLM,2,2,2,0.36,Caseous,Caseous/Fibrotic,Other
DLM,2,2,2,0.43,Caseous,Caseous/Fibrotic,Other
DLM,2,2,2,0.43,Caseous,Caseous/Fibrotic,Other
DLM,2,2,2,0.32,Caseous,Caseous/Fibrotic,Other
DLM,2,2,2,0.37,Caseous,Caseous/Fibrotic,Other
DLM,2,2,2,0.7,Caseous,Caseous/Fibrotic,Other
DLM,2,2,2,0.86,Caseous,Caseous/Fibrotic,Other
DLM,3,2,2,1.48,Cellular,Cellular,Other
DLM,3,2,2,1.94,Cellular,Cellular,Other
DLM,3,2,2,0.71,Cellular,Cellular,Other
DLM,3,2,2,0.98,Cellular,Cellular,Other
DLM,3,2,2,0.64,Normal,Lung,Other
DLM,3,2,2,0.89,Normal,Lung,Other
DLM,3,2,2,0.74,Normal,Lung,Other
DLM,3,2,2,1.05,Normal,Lung,Other
DLM,3,2,2,3.05,Caseous,Caseous/Fibrotic,Other
DLM,3,2,2,0.61,Caseous,Caseous/Fibrotic,Other
DLM,3,2,2,1.07,Caseous,Caseous/Fibrotic,Other
DLM,3,2,2,1.11,Caseous,Caseous/Fibrotic,Other
DLM,3,2,2,0.68,Caseous,Caseous/Fibrotic,Other
DLM,3,2,2,0.32,Caseous,Caseous/Fibrotic,Other
DLM,3,2,2,0.82,Caseous,Caseous/Fibrotic,Other
DLM,3,2,2,1.35,Caseous,Caseous/Fibrotic,Other
DLM,3,2,2,0.82,Caseous,Caseous/Fibrotic,Other
DLM,3,2,2,0.96,Caseous,Caseous/Fibrotic,Other
DLM,3,2,2,0.64,Caseous,Caseous/Fibrotic,Other
DLM,3,2,2,1.14,Caseous,Caseous/Fibrotic,Other
DLM,3,2,2,0.77,Caseous,Caseous/Fibrotic,Other
DLM,3,2,2,0.41,Caseous,Caseous/Fibrotic,Other
DLM,3,2,2,0.56,Caseous,Caseous/Fibrotic,Other
DLM,3,2,2,0.93,Caseous,Caseous/Fibrotic,Other
DLM,3,2,2,1.21,Caseous,Caseous/Fibrotic,Other
DLM,3,2,2,0.94,Caseous,Caseous/Fibrotic,Other
DLM,3,2,2,0.52,Caseous,Caseous/Fibrotic,Other
DLM,3,2,2,0.64,Caseous,Caseous/Fibrotic,Other
DLM,3,2,2,0.59,Caseous,Caseous/Fibrotic,Other
DLM,3,2,2,0.69,Caseous,Caseous/Fibrotic,Other
DLM,3,2,2,0.53,Caseous,Caseous/Fibrotic,Other
DLM,3,2,2,1.43,Caseous,Caseous/Fibrotic,Other
DLM,4,24,24,0.61,Cellular,Cellular,Other
DLM,4,24,24,0.85,Cellular,Cellular,Other
DLM,4,24,24,0.83,Cellular,Cellular,Other
DLM,4,24,24,0.65,Cellular,Cellular,Other
DLM,4,24,24,0.14,Cellular,Cellular,Other
DLM,4,24,24,1.72,Caseous,Caseous/Fibrotic,Other
DLM,4,24,24,0.3,Caseous,Caseous/Fibrotic,Other
DLM,4,24,24,0.85,Caseous,Caseous/Fibrotic,Other
DLM,4,24,24,1.25,Caseous,Caseous/Fibrotic,Other
DLM,4,24,24,1.39,Caseous,Caseous/Fibrotic,Other
DLM,5,2,2,0.28,Cellular,Cellular,Other
DLM,5,2,2,0.72,Cellular,Cellular,Other
DLM,5,2,2,0.41,Cellular,Cellular,Other
DLM,5,2,2,0.4,Cellular,Cellular,Other
DLM,5,2,2,0.37,Cellular,Cellular,Other
DLM,5,2,2,0.55,Cellular,Cellular,Other
DLM,5,2,2,0.36,Cellular,Cellular,Other
DLM,5,2,2,0.53,Cellular,Cellular,Other
DLM,5,2,2,0.78,Cellular,Cellular,Other
DLM,5,2,2,0.52,Cellular,Cellular,Other
DLM,5,2,2,0.51,Cellular,Cellular,Other
DLM,5,2,2,0.46,Cellular,Cellular,Other
DLM,5,2,2,0.59,Cellular,Cellular,Other
DLM,5,2,2,0.59,Cellular,Cellular,Other
DLM,5,2,2,0.63,Cellular,Cellular,Other
DLM,5,2,2,2.72,Cellular,Cellular,Other
DLM,5,2,2,0.68,Cellular,Cellular,Other
DLM,5,2,2,0.47,Cellular,Cellular,Other
DLM,5,2,2,0.38,Cellular,Cellular,Other
DLM,5,2,2,0.39,Cellular,Cellular,Other
DLM,5,2,2,0.41,Cellular,Cellular,Other
DLM,5,2,2,0.21,Cellular,Cellular,Other
DLM,5,2,2,0.7,Cellular,Cellular,Other
DLM,5,2,2,0.45,Caseous,Caseous/Fibrotic,Other
DLM,5,2,2,0.23,Caseous,Caseous/Fibrotic,Other
DLM,5,2,2,0.45,Caseous,Caseous/Fibrotic,Other
DLM,5,2,2,0.51,Caseous,Caseous/Fibrotic,Other
DLM,5,2,2,0.45,Caseous,Caseous/Fibrotic,Other
DLM,5,2,2,0.63,Caseous,Caseous/Fibrotic,Other
DLM,5,2,2,0.13,Caseous,Caseous/Fibrotic,Other
DLM,5,2,2,0.39,Caseous,Caseous/Fibrotic,Other
DLM,5,2,2,0.4,Caseous,Caseous/Fibrotic,Other
DLM,5,2,2,0.18,Caseous,Caseous/Fibrotic,Other
DLM,5,2,2,0.46,Caseous,Caseous/Fibrotic,Other
DLM,5,2,2,0.64,Caseous,Caseous/Fibrotic,Other
DLM,6,6,6,0.63,Cellular,Cellular,Other
DLM,6,6,6,0.61,Cellular,Cellular,Other
DLM,6,6,6,0.96,Cellular,Cellular,Other
DLM,6,6,6,1.38,Cellular,Cellular,Other
DLM,6,6,6,0.77,Cellular,Cellular,Other
DLM,6,6,6,0.67,Cellular,Cellular,Other
DLM,6,6,6,0.82,Cellular,Cellular,Other
DLM,6,6,6,2.28,Cellular,Cellular,Other
DLM,6,6,6,0.8,Cellular,Cellular,Other
DLM,6,6,6,0.39,Caseous,Caseous/Fibrotic,Other
DLM,6,6,6,0.34,Caseous,Caseous/Fibrotic,Other
DLM,6,6,6,0.44,Caseous,Caseous/Fibrotic,Other
DLM,6,6,6,0.51,Caseous,Caseous/Fibrotic,Other
DLM,6,6,6,0.51,Caseous,Caseous/Fibrotic,Other
DLM,6,6,6,1.68,Caseous,Caseous/Fibrotic,Other
DLM,6,6,6,0.61,Caseous,Caseous/Fibrotic,Other
DLM,6,6,6,0.55,Caseous,Caseous/Fibrotic,Other
DLM,6,6,6,0.68,Caseous,Caseous/Fibrotic,Other
DLM,6,6,6,0.65,Caseous,Caseous/Fibrotic,Other
DLM,6,6,6,0.58,Caseous,Caseous/Fibrotic,Other
DLM,6,6,6,1.79,Caseous,Caseous/Fibrotic,Other
DLM,6,6,6,0.62,Caseous,Caseous/Fibrotic,Other
DLM,6,6,6,0.58,Caseous,Caseous/Fibrotic,Other
DLM,6,6,6,0.65,Caseous,Caseous/Fibrotic,Other
DLM,7,2,2,0.47,Cellular,Cellular,Other
DLM,7,2,2,0.22,Cellular,Cellular,Other
DLM,7,2,2,0.38,Cellular,Cellular,Other
DLM,7,2,2,0.07,Cellular,Cellular,Other
DLM,7,2,2,0.43,Cellular,Cellular,Other
DLM,7,2,2,0.22,Cellular,Cellular,Other
DLM,7,2,2,0.39,Cellular,Cellular,Other
DLM,7,2,2,0.51,Caseous,Caseous/Fibrotic,Other
DLM,7,2,2,0.62,Caseous,Caseous/Fibrotic,Other
DLM,7,2,2,0.5,Caseous,Caseous/Fibrotic,Other
DLM,7,2,2,0.51,Caseous,Caseous/Fibrotic,Other
DLM,7,2,2,0.03,Caseous,Caseous/Fibrotic,Other
DLM,7,2,2,0.28,Caseous,Caseous/Fibrotic,Other
DLM,7,2,2,0.32,Caseous,Caseous/Fibrotic,Other
DLM,7,2,2,0.25,Caseous,Caseous/Fibrotic,Other
DLM,7,2,2,0.33,Caseous,Caseous/Fibrotic,Other
DLM,7,2,2,0.44,Caseous,Caseous/Fibrotic,Other
DLM,7,2,2,0.33,Caseous,Caseous/Fibrotic,Other
DLM,7,2,2,0.35,Caseous,Caseous/Fibrotic,Other
DLM,8,6,6,2.4,Cellular,Cellular,Other
DLM,8,6,6,1.7,Cellular,Cellular,Other
DLM,8,6,6,2.84,Cellular,Cellular,Other
DLM,8,6,6,2.5,Cellular,Cellular,Other
DLM,8,6,6,1.64,Cellular,Cellular,Other
DLM,8,6,6,2.12,Cellular,Cellular,Other
DLM,8,6,6,2,Cellular,Cellular,Other
DLM,8,6,6,3.72,Cellular,Cellular,Other
DLM,8,6,6,0.72,Cellular,Cellular,Other
DLM,8,6,6,0.14,Cellular,Cellular,Other
DLM,8,6,6,3.65,Cellular,Cellular,Other
DLM,8,6,6,3.83,Cellular,Cellular,Other
DLM,8,6,6,4.35,Cellular,Cellular,Other
DLM,8,6,6,3.29,Cellular,Cellular,Other
DLM,8,6,6,4.19,Cellular,Cellular,Other
DLM,8,6,6,4.91,Cellular,Cellular,Other
DLM,8,6,6,1.97,Caseous,Caseous/Fibrotic,Other
DLM,8,6,6,1.7,Caseous,Caseous/Fibrotic,Other
DLM,8,6,6,0.54,Caseous,Caseous/Fibrotic,Other
DLM,8,6,6,2.33,Caseous,Caseous/Fibrotic,Other
DLM,8,6,6,3.12,Caseous,Caseous/Fibrotic,Other
DLM,8,6,6,3.78,Caseous,Caseous/Fibrotic,Other
DLM,8,6,6,3.2,Caseous,Caseous/Fibrotic,Other
DLM,8,6,6,4.16,Caseous,Caseous/Fibrotic,Other
DLM,8,6,6,3.37,Caseous,Caseous/Fibrotic,Other
DLM,8,6,6,4.41,Caseous,Caseous/Fibrotic,Other
DLM,8,6,6,6.04,Caseous,Caseous/Fibrotic,Other
DLM,8,6,6,2.11,Caseous,Caseous/Fibrotic,Other
DLM,8,6,6,2.86,Caseous,Caseous/Fibrotic,Other
DLM,8,6,6,4.35,Caseous,Caseous/Fibrotic,Other
DLM,8,6,6,3.07,Caseous,Caseous/Fibrotic,Other
DLM,8,6,6,2.3,Caseous,Caseous/Fibrotic,Other
DLM,8,6,6,1.71,Caseous,Caseous/Fibrotic,Other
DLM,8,6,6,2.94,Caseous,Caseous/Fibrotic,Other
DLM,8,6,6,3.76,Caseous,Caseous/Fibrotic,Other
DLM,8,6,6,2.65,Caseous,Caseous/Fibrotic,Other
DLM,8,6,6,4.12,Caseous,Caseous/Fibrotic,Other
DLM,8,6,6,5.43,Caseous,Caseous/Fibrotic,Other
DLM,8,6,6,2.58,Caseous,Caseous/Fibrotic,Other
DLM,8,6,6,3.61,Caseous,Caseous/Fibrotic,Other
DLM,9,6,54,3.47,Cellular,Cellular,Other
DLM,9,6,54,3.48,Cellular,Cellular,Other
DLM,9,6,54,4.41,Cellular,Cellular,Other
DLM,9,6,54,4.13,Cellular,Cellular,Other
DLM,9,6,54,3.39,Cellular,Cellular,Other
DLM,9,6,54,3.91,Cellular,Cellular,Other
DLM,9,6,54,2.89,Cellular,Cellular,Other
DLM,9,6,54,4.62,Cellular,Cellular,Other
DLM,9,6,54,4.08,Cellular,Cellular,Other
DLM,9,6,54,3.67,Cellular,Cellular,Other
DLM,9,6,54,3.17,Cellular,Cellular,Other
DLM,9,6,54,3.17,Cellular,Cellular,Other
DLM,9,6,54,4.23,Cellular,Cellular,Other
DLM,9,6,54,3.53,Cellular,Cellular,Other
DLM,9,6,54,3.04,Cellular,Cellular,Other
DLM,9,6,54,2.73,Cellular,Cellular,Other
DLM,9,6,54,4.12,Cellular,Cellular,Other
DLM,9,6,54,3.67,Cellular,Cellular,Other
DLM,9,6,54,3.02,Cellular,Cellular,Other
DLM,9,6,54,3.28,Cellular,Cellular,Other
DLM,9,6,54,2.42,Cellular,Cellular,Other
DLM,9,6,54,3.84,Cellular,Cellular,Other
DLM,9,6,54,3.95,Cellular,Cellular,Other
DLM,9,6,54,3.22,Cellular,Cellular,Other
DLM,9,6,54,2.71,Cellular,Cellular,Other
DLM,9,6,54,2.64,Cellular,Cellular,Other
DLM,9,6,54,3.3,Cellular,Cellular,Other
DLM,9,6,54,2.96,Cellular,Cellular,Other
DLM,9,6,54,0.02,Cellular,Cellular,Other
DLM,9,6,54,0.03,Cellular,Cellular,Other
DLM,9,6,54,0.02,Cellular,Cellular,Other
DLM,9,6,54,0.02,Cellular,Cellular,Other
DLM,9,6,54,0.03,Cellular,Cellular,Other
DLM,9,6,54,0.02,Cellular,Cellular,Other
DLM,9,6,54,0.02,Cellular,Cellular,Other
DLM,9,6,54,0.02,Cellular,Cellular,Other
DLM,9,6,54,0.03,Cellular,Cellular,Other
DLM,9,6,54,0.02,Cellular,Cellular,Other
DLM,9,6,54,0.02,Cellular,Cellular,Other
DLM,9,6,54,0.02,Cellular,Cellular,Other
DLM,9,6,54,0.02,Cellular,Cellular,Other
DLM,9,6,54,0.02,Cellular,Cellular,Other
DLM,9,6,54,4.11,Normal,Lung,Other
DLM,9,6,54,1.96,Normal,Lung,Other
DLM,9,6,54,3.45,Normal,Lung,Other
DLM,9,6,54,1.5,Normal,Lung,Other
DLM,9,6,54,2.05,Normal,Lung,Other
DLM,9,6,54,1.93,Normal,Lung,Other
DLM,9,6,54,3.31,Normal,Lung,Other
DLM,9,6,54,1.82,Normal,Lung,Other
DLM,9,6,54,2.72,Normal,Lung,Other
DLM,9,6,54,1.44,Normal,Lung,Other
DLM,9,6,54,1.95,Normal,Lung,Other
DLM,9,6,54,1.78,Normal,Lung,Other
DLM,9,6,54,0.04,Normal,Lung,Other
DLM,9,6,54,0.03,Normal,Lung,Other
DLM,9,6,54,0.04,Normal,Lung,Other
DLM,9,6,54,0.03,Normal,Lung,Other
DLM,9,6,54,0.03,Normal,Lung,Other
DLM,9,6,54,0.02,Normal,Lung,Other
DLM,10,6,54,3.09,Cellular,Cellular,Other
DLM,10,6,54,3.53,Cellular,Cellular,Other
DLM,10,6,54,3.95,Cellular,Cellular,Other
DLM,10,6,54,3.48,Cellular,Cellular,Other
DLM,10,6,54,3.99,Cellular,Cellular,Other
DLM,10,6,54,4.33,Cellular,Cellular,Other
DLM,10,6,54,3.87,Cellular,Cellular,Other
DLM,10,6,54,5.32,Cellular,Cellular,Other
DLM,10,6,54,3.66,Cellular,Cellular,Other
DLM,10,6,54,3.93,Cellular,Cellular,Other
DLM,10,6,54,4.01,Cellular,Cellular,Other
DLM,10,6,54,4.92,Cellular,Cellular,Other
DLM,10,6,54,4.12,Cellular,Cellular,Other
DLM,10,6,54,5.19,Cellular,Cellular,Other
DLM,10,6,54,3.73,Cellular,Cellular,Other
DLM,10,6,54,4.71,Cellular,Cellular,Other
DLM,10,6,54,5.1,Cellular,Cellular,Other
DLM,10,6,54,4.81,Cellular,Cellular,Other
DLM,10,6,54,4.33,Cellular,Cellular,Other
DLM,10,6,54,4.7,Cellular,Cellular,Other
DLM,10,6,54,4.55,Cellular,Cellular,Other
DLM,10,6,54,6.42,Cellular,Cellular,Other
DLM,10,6,54,4.48,Cellular,Cellular,Other
DLM,10,6,54,4.73,Cellular,Cellular,Other
DLM,10,6,54,5.08,Cellular,Cellular,Other
DLM,10,6,54,5.4,Cellular,Cellular,Other
DLM,10,6,54,4.72,Cellular,Cellular,Other
DLM,10,6,54,5.27,Cellular,Cellular,Other
DLM,10,6,54,0.03,Cellular,Cellular,Other
DLM,10,6,54,0.05,Cellular,Cellular,Other
DLM,10,6,54,0.03,Cellular,Cellular,Other
DLM,10,6,54,0.03,Cellular,Cellular,Other
DLM,10,6,54,0.03,Cellular,Cellular,Other
DLM,10,6,54,0.04,Cellular,Cellular,Other
DLM,10,6,54,0.06,Cellular,Cellular,Other
DLM,10,6,54,0.04,Cellular,Cellular,Other
DLM,10,6,54,0.04,Cellular,Cellular,Other
DLM,10,6,54,0.05,Cellular,Cellular,Other
DLM,10,6,54,0.05,Cellular,Cellular,Other
DLM,10,6,54,0.05,Cellular,Cellular,Other
DLM,10,6,54,0.05,Cellular,Cellular,Other
DLM,10,6,54,0.06,Cellular,Cellular,Other
DLM,10,6,54,2.24,Normal,Lung,Other
DLM,10,6,54,2.72,Normal,Lung,Other
DLM,10,6,54,3.14,Normal,Lung,Other
DLM,10,6,54,4.28,Normal,Lung,Other
DLM,10,6,54,2.9,Normal,Lung,Other
DLM,10,6,54,3.18,Normal,Lung,Other
DLM,10,6,54,2.6,Normal,Lung,Other
DLM,10,6,54,2.64,Normal,Lung,Other
DLM,10,6,54,3.21,Normal,Lung,Other
DLM,10,6,54,3.55,Normal,Lung,Other
DLM,10,6,54,3.05,Normal,Lung,Other
DLM,10,6,54,3.06,Normal,Lung,Other
DLM,10,6,54,0.04,Normal,Lung,Other
DLM,10,6,54,0.04,Normal,Lung,Other
DLM,10,6,54,0.04,Normal,Lung,Other
DLM,10,6,54,0.05,Normal,Lung,Other
DLM,10,6,54,0.04,Normal,Lung,Other
DLM,10,6,54,0.05,Normal,Lung,Other
DLM,11,6,54,4.83,Cellular,Cellular,Other
DLM,11,6,54,3.91,Cellular,Cellular,Other
DLM,11,6,54,4.13,Cellular,Cellular,Other
DLM,11,6,54,3.07,Cellular,Cellular,Other
DLM,11,6,54,4.07,Cellular,Cellular,Other
DLM,11,6,54,3.44,Cellular,Cellular,Other
DLM,11,6,54,4.16,Cellular,Cellular,Other
DLM,11,6,54,3.21,Cellular,Cellular,Other
DLM,11,6,54,3.47,Normal,Lung,Other
DLM,11,6,54,3.2,Normal,Lung,Other
DLM,11,6,54,2.05,Normal,Lung,Other
DLM,11,6,54,6.29,Normal,Lung,Other
DLM,11,6,54,4.03,Normal,Lung,Other
DLM,11,6,54,2.39,Normal,Lung,Other
DLM,11,6,54,2.12,Normal,Lung,Other
DLM,11,6,54,2.78,Normal,Lung,Other
DLM,11,6,54,2.22,Normal,Lung,Other
DLM,11,6,54,4.36,Normal,Lung,Other
DLM,11,6,54,3.4,Normal,Lung,Other
DLM,11,6,54,2.25,Normal,Lung,Other
DLM,11,6,54,0.164,Caseum,Caseum,Other
DLM,11,6,54,0.511,Caseum,Caseum,Other
DLM,11,6,54,2.69,Cellular,Cellular,Other
DLM,11,6,54,2.7,Normal,Lung,Other
DLM,11,6,54,0.148,Caseum,Caseum,Other
DLM,11,6,54,0.736,Caseum,Caseum,Other
DLM,11,6,54,3.46,Cellular,Cellular,Other
DLM,11,6,54,2.05,Normal,Lung,Other
DLM,12,6,54,2.37,Cellular,Cellular,Other
DLM,12,6,54,2.41,Cellular,Cellular,Other
DLM,12,6,54,2.72,Cellular,Cellular,Other
DLM,12,6,54,2.76,Cellular,Cellular,Other
DLM,12,6,54,2.77,Cellular,Cellular,Other
DLM,12,6,54,2.11,Cellular,Cellular,Other
DLM,12,6,54,2.22,Cellular,Cellular,Other
DLM,12,6,54,2.81,Cellular,Cellular,Other
DLM,12,6,54,2.4,Cellular,Cellular,Other
DLM,12,6,54,2.75,Cellular,Cellular,Other
DLM,12,6,54,2.35,Cellular,Cellular,Other
DLM,12,6,54,2.9,Cellular,Cellular,Other
DLM,12,6,54,2.53,Cellular,Cellular,Other
DLM,12,6,54,2.37,Cellular,Cellular,Other
DLM,12,6,54,2.82,Cellular,Cellular,Other
DLM,12,6,54,2.84,Cellular,Cellular,Other
DLM,12,6,54,3.24,Cellular,Cellular,Other
DLM,12,6,54,3.64,Cellular,Cellular,Other
DLM,12,6,54,3.83,Cellular,Cellular,Other
DLM,12,6,54,2.6,Cellular,Cellular,Other
DLM,12,6,54,2.57,Cellular,Cellular,Other
DLM,12,6,54,3.53,Cellular,Cellular,Other
DLM,12,6,54,2.1,Cellular,Cellular,Other
DLM,12,6,54,3.11,Cellular,Cellular,Other
DLM,12,6,54,2.97,Cellular,Cellular,Other
DLM,12,6,54,3.32,Cellular,Cellular,Other
DLM,12,6,54,3.58,Cellular,Cellular,Other
DLM,12,6,54,3.17,Cellular,Cellular,Other
DLM,12,6,54,2.05,Normal,Lung,Other
DLM,12,6,54,2.82,Normal,Lung,Other
DLM,12,6,54,2.32,Normal,Lung,Other
DLM,12,6,54,1.93,Normal,Lung,Other
DLM,12,6,54,2.59,Normal,Lung,Other
DLM,12,6,54,1.94,Normal,Lung,Other
DLM,12,6,54,2.23,Normal,Lung,Other
DLM,12,6,54,3.27,Normal,Lung,Other
DLM,12,6,54,2.63,Normal,Lung,Other
DLM,12,6,54,2.43,Normal,Lung,Other
DLM,12,6,54,3.35,Normal,Lung,Other
DLM,12,6,54,2.28,Normal,Lung,Other
DLM,13,6,54,2.46,Cellular,Cellular,Other
DLM,13,6,54,4.76,Cellular,Cellular,Other
DLM,13,6,54,2.34,Cellular,Cellular,Other
DLM,13,6,54,3.07,Cellular,Cellular,Other
DLM,13,6,54,5.32,Cellular,Cellular,Other
DLM,13,6,54,2.8,Cellular,Cellular,Other
DLM,13,6,54,1.37,Normal,Lung,Other
DLM,13,6,54,3.63,Normal,Lung,Other
DLM,13,6,54,1.9,Normal,Lung,Other
DLM,13,6,54,4.56,Normal,Lung,Other
DLM,13,6,54,4.1,Normal,Lung,Other
DLM,13,6,54,1.46,Normal,Lung,Other
DLM,13,6,54,1.47,Normal,Lung,Other
DLM,13,6,54,3.02,Normal,Lung,Other
DLM,13,6,54,2.14,Normal,Lung,Other
DLM,13,6,54,3.8,Normal,Lung,Other
DLM,13,6,54,3.31,Normal,Lung,Other
DLM,13,6,54,1.56,Normal,Lung,Other
DLM,14,24,72,1.21,Cellular,Cellular,Other
DLM,14,24,72,1.12,Cellular,Cellular,Other
DLM,14,24,72,1.21,Cellular,Cellular,Other
DLM,14,24,72,0.65,Cellular,Cellular,Other
DLM,14,24,72,0.71,Cellular,Cellular,Other
DLM,14,24,72,1,Cellular,Cellular,Other
DLM,14,24,72,1.04,Cellular,Cellular,Other
DLM,14,24,72,0.93,Cellular,Cellular,Other
DLM,14,24,72,1.11,Cellular,Cellular,Other
DLM,14,24,72,1.05,Cellular,Cellular,Other
DLM,14,24,72,0.98,Cellular,Cellular,Other
DLM,14,24,72,0.05,Cellular,Cellular,Other
DLM,14,24,72,0.06,Cellular,Cellular,Other
DLM,14,24,72,0.06,Cellular,Cellular,Other
DLM,14,24,72,0.07,Cellular,Cellular,Other
DLM,14,24,72,0.07,Cellular,Cellular,Other
DLM,14,24,72,0.1,Cellular,Cellular,Other
DLM,14,24,72,5.66,Cellular,Cellular,Other
DLM,14,24,72,4.55,Cellular,Cellular,Other
DLM,14,24,72,0.07,Cellular,Cellular,Other
DLM,14,24,72,0.06,Cellular,Cellular,Other
DLM,14,24,72,0.05,Cellular,Cellular,Other
DLM,14,24,72,0.05,Cellular,Cellular,Other
DLM,14,24,72,0.06,Cellular,Cellular,Other
DLM,14,24,72,4.7,Cellular,Cellular,Other
DLM,14,24,72,4.09,Cellular,Cellular,Other
DLM,14,24,72,3.24,Cellular,Cellular,Other
DLM,14,24,72,2.84,Cellular,Cellular,Other
DLM,14,24,72,0.78,Normal,Lung,Other
DLM,14,24,72,0.9,Normal,Lung,Other
DLM,14,24,72,0.59,Normal,Lung,Other
DLM,14,24,72,0.55,Normal,Lung,Other
DLM,14,24,72,3.66,Cellular,Cellular,Other
DLM,14,24,72,1.54,Cellular,Cellular,Other
DLM,14,24,72,2.55,Cellular,Cellular,Other
DLM,14,24,72,4.51,Cellular,Cellular,Other
DLM,14,24,72,4.02,Cellular,Cellular,Other
DLM,14,24,72,0.07,Normal,Lung,Other
DLM,14,24,72,0.08,Normal,Lung,Other
DLM,14,24,72,0.08,Normal,Lung,Other
DLM,14,24,72,0.06,Normal,Lung,Other
DLM,14,24,72,0.57,Normal,Lung,Other
DLM,14,24,72,0.73,Normal,Lung,Other
DLM,14,24,72,0.06,Normal,Lung,Other
DLM,14,24,72,1.62,Normal,Lung,Other
DLM,14,24,72,0.07,Normal,Lung,Other
DLM,14,24,72,1.72,Normal,Lung,Other
DLM,14,24,72,2.44,Normal,Lung,Other
DLM,14,24,72,1.31,Normal,Lung,Other
DLM,14,24,72,2.12,Normal,Lung,Other
DLM,14,24,72,1.69,Normal,Lung,Other
DLM,15,24,72,1.28,Cellular,Cellular,Other
DLM,15,24,72,1.37,Cellular,Cellular,Other
DLM,15,24,72,1.19,Cellular,Cellular,Other
DLM,15,24,72,0.65,Cellular,Cellular,Other
DLM,15,24,72,1.07,Cellular,Cellular,Other
DLM,15,24,72,1.14,Cellular,Cellular,Other
DLM,15,24,72,0.07,Normal,Lung,Other
DLM,15,24,72,0.94,Cellular,Cellular,Other
DLM,15,24,72,0.07,Normal,Lung,Other
DLM,15,24,72,0.08,Normal,Lung,Other
DLM,15,24,72,0.07,Cellular,Cellular,Other
DLM,15,24,72,0.07,Normal,Lung,Other
DLM,15,24,72,1.15,Cellular,Cellular,Other
DLM,15,24,72,2.28,Normal,Lung,Other
DLM,15,24,72,1.51,Normal,Lung,Other
DLM,15,24,72,0.05,Cellular,Cellular,Other
DLM,15,24,72,0.07,Cellular,Cellular,Other
DLM,15,24,72,2.9,Cellular,Cellular,Other
DLM,15,24,72,1.62,Cellular,Cellular,Other
DLM,15,24,72,2.08,Cellular,Cellular,Other
DLM,15,24,72,2.84,Cellular,Cellular,Other
DLM,15,24,72,0.77,Cellular,Cellular,Other
DLM,15,24,72,1.67,Normal,Lung,Other
DLM,15,24,72,1.15,Normal,Lung,Other
DLM,15,24,72,1.43,Normal,Lung,Other
DLM,15,24,72,1.79,Normal,Lung,Other
DLM,15,24,72,0.07,Cellular,Cellular,Other
DLM,15,24,72,0.07,Cellular,Cellular,Other
DLM,15,24,72,1.51,Normal,Lung,Other
DLM,15,24,72,2.07,Normal,Lung,Other
DLM,15,24,72,2.98,Normal,Lung,Other
DLM,15,24,72,3.72,Normal,Lung,Other
DLM,15,24,72,2.32,Normal,Lung,Other
DLM,15,24,72,2.7,Cellular,Cellular,Other
DLM,15,24,72,0.07,Cellular,Cellular,Other
DLM,15,24,72,2.04,Cellular,Cellular,Other
DLM,15,24,72,3.1,Cellular,Cellular,Other
DLM,15,24,72,1.29,Cellular,Cellular,Other
DLM,15,24,72,3.3,Cellular,Cellular,Other
DLM,15,24,72,1.5,Cellular,Cellular,Other
DLM,15,24,72,3.18,Cellular,Cellular,Other
DLM,15,24,72,2.73,Normal,Lung,Other
DLM,15,24,72,0.73,Cellular,Cellular,Other
DLM,15,24,72,1.31,Cellular,Cellular,Other
DLM,15,24,72,0.06,Cellular,Cellular,Other
DLM,15,24,72,0.09,Normal,Lung,Other
DLM,15,24,72,0.07,Cellular,Cellular,Other
DLM,15,24,72,0.07,Cellular,Cellular,Other
DLM,15,24,72,0.07,Cellular,Cellular,Other
DLM,15,24,72,0.08,Normal,Lung,Other
DLM,15,24,72,0.06,Cellular,Cellular,Other
DLM,16,24,72,1.04,Normal,Lung,Other
DLM,16,24,72,0.64,Normal,Lung,Other
DLM,16,24,72,0.71,Normal,Lung,Other
DLM,16,24,72,3.67,Cellular,Cellular,Other
DLM,16,24,72,0.88,Normal,Lung,Other
DLM,16,24,72,0.72,Normal,Lung,Other
DLM,16,24,72,0.68,Normal,Lung,Other
DLM,16,24,72,6.65,Cellular,Cellular,Other
DLM,16,24,72,5.48,Cellular,Cellular,Other
DLM,16,24,72,5.58,Cellular,Cellular,Other
DLM,16,24,72,3.38,Cellular,Cellular,Other
DLM,16,24,72,6.74,Cellular,Cellular,Other
DLM,16,24,72,3.87,Cellular,Cellular,Other
DLM,16,24,72,5.87,Cellular,Cellular,Other
DLM,16,24,72,1.72,Cellular,Cellular,Other
DLM,16,24,72,1.13,Cellular,Cellular,Other
DLM,16,24,72,1.66,Cellular,Cellular,Other
DLM,16,24,72,0.97,Cellular,Cellular,Other
DLM,16,24,72,1.79,Cellular,Cellular,Other
DLM,16,24,72,1.1,Cellular,Cellular,Other
DLM,16,24,72,1.55,Cellular,Cellular,Other
DLM,16,24,72,1.9,Normal,Lung,Other
DLM,16,24,72,2.02,Normal,Lung,Other
DLM,16,24,72,2.87,Normal,Lung,Other
DLM,16,24,72,1.84,Cellular,Cellular,Other
DLM,16,24,72,2.26,Normal,Lung,Other
DLM,16,24,72,3.43,Normal,Lung,Other
DLM,16,24,72,0.09,Cellular,Cellular,Other
DLM,16,24,72,0.1,Cellular,Cellular,Other
DLM,16,24,72,0.11,Normal,Lung,Other
DLM,16,24,72,0.13,Normal,Lung,Other
DLM,16,24,72,0.07,Cellular,Cellular,Other
DLM,16,24,72,0.07,Cellular,Cellular,Other
DLM,16,24,72,3.4,Normal,Lung,Other
DLM,16,24,72,0.08,Cellular,Cellular,Other
DLM,16,24,72,0.09,Normal,Lung,Other
DLM,16,24,72,0.1,Normal,Lung,Other
DLM,16,24,72,0.13,Normal,Lung,Other
DLM,16,24,72,4.72,Cellular,Cellular,Other
DLM,16,24,72,0.06,Normal,Lung,Other
DLM,16,24,72,0.11,Cellular,Cellular,Other
DLM,16,24,72,0.1,Cellular,Cellular,Other
DLM,16,24,72,0.06,Cellular,Cellular,Other
DLM,16,24,72,1.29,Cellular,Cellular,Other
DLM,16,24,72,0.09,Cellular,Cellular,Other
DLM,17,24,72,0.08,Normal,Lung,Other
DLM,17,24,72,3.04,Normal,Lung,Other
DLM,17,24,72,1.31,Normal,Lung,Other
DLM,17,24,72,1.24,Normal,Lung,Other
DLM,17,24,72,0.08,Normal,Lung,Other
DLM,17,24,72,0.1,Cellular,Cellular,Other
DLM,17,24,72,1.49,Normal,Lung,Other
DLM,17,24,72,0.07,Normal,Lung,Other
DLM,17,24,72,0.32,Normal,Lung,Other
DLM,17,24,72,5.67,Cellular,Cellular,Other
DLM,17,24,72,3.16,Cellular,Cellular,Other
DLM,17,24,72,0.09,Normal,Lung,Other
DLM,17,24,72,0.11,Cellular,Cellular,Other
DLM,17,24,72,0.09,Cellular,Cellular,Other
DLM,17,24,72,1.24,Normal,Lung,Other
DLM,17,24,72,0.37,Normal,Lung,Other
DLM,17,24,72,4.59,Cellular,Cellular,Other
DLM,17,24,72,0.09,Normal,Lung,Other
DLM,17,24,72,0.16,Normal,Lung,Other
DLM,17,24,72,0.95,Normal,Lung,Other
DLM,17,24,72,0.11,Cellular,Cellular,Other
DLM,17,24,72,3.34,Cellular,Cellular,Other
DLM,17,24,72,0.08,Normal,Lung,Other
DLM,17,24,72,1.38,Cellular,Cellular,Other
DLM,17,24,72,0.96,Cellular,Cellular,Other
DLM,17,24,72,1.08,Normal,Lung,Other
DLM,17,24,72,0.42,Normal,Lung,Other
DLM,17,24,72,0.29,Normal,Lung,Other
DLM,17,24,72,1.12,Cellular,Cellular,Other
DLM,17,24,72,0.64,Cellular,Cellular,Other
DLM,18,24,72,3.33,Normal,Lung,Other
DLM,18,24,72,3.83,Normal,Lung,Other
DLM,18,24,72,4.02,Cellular,Cellular,Other
DLM,18,24,72,4.73,Cellular,Cellular,Other
DLM,18,24,72,3.83,Normal,Lung,Other
DLM,18,24,72,5.19,Cellular,Cellular,Other
DLM,18,24,72,2.88,Normal,Lung,Other
DLM,18,24,72,3.89,Cellular,Cellular,Other
DLM,18,24,72,4.34,Cellular,Cellular,Other
DLM,18,24,72,3.56,Cellular,Cellular,Other
DLM,18,24,72,0.09,Cellular,Cellular,Other
DLM,18,24,72,1.3,Normal,Lung,Other
DLM,18,24,72,0.08,Cellular,Cellular,Other
DLM,18,24,72,1.45,Normal,Lung,Other
DLM,18,24,72,1.33,Normal,Lung,Other
DLM,18,24,72,0.08,Cellular,Cellular,Other
DLM,18,24,72,0.07,Cellular,Cellular,Other
DLM,18,24,72,0.1,Cellular,Cellular,Other
DLM,18,24,72,2.75,Normal,Lung,Other
DLM,18,24,72,1.02,Cellular,Cellular,Other
DLM,18,24,72,1.04,Cellular,Cellular,Other
DLM,18,24,72,1.09,Cellular,Cellular,Other
DLM,18,24,72,0.85,Cellular,Cellular,Other
DLM,18,24,72,1.33,Cellular,Cellular,Other
DLM,18,24,72,0.82,Cellular,Cellular,Other
DLM,18,24,72,1.44,Normal,Lung,Other
DLM,18,24,72,1.09,Normal,Lung,Other
DLM,18,24,72,0.09,Cellular,Cellular,Other
DLM,18,24,72,0.11,Normal,Lung,Other
DLM,18,24,72,0.1,Normal,Lung,Other
DLM,18,24,72,0.11,Normal,Lung,Other
DLM,18,24,72,0.13,Normal,Lung,Other
DLM,18,24,72,0.08,Normal,Lung,Other
DLM,19,6,150,9.54,Normal,Lung,Other
DLM,19,6,150,2.76,Cellular,Cellular,Other
DLM,19,6,150,1.76,Cellular,Cellular,Other
DLM,19,6,150,1.78,Normal,Lung,Other
DLM,19,6,150,4.93,Cellular,Cellular,Other
DLM,19,6,150,2.19,Normal,Lung,Other
DLM,19,6,150,1.35,Cellular,Cellular,Other
DLM,19,6,150,1.12,Normal,Lung,Other
DLM,19,6,150,3.58,Cellular,Cellular,Other
DLM,19,6,150,4.04,Normal,Lung,Other
DLM,19,6,150,7.7,Cellular,Cellular,Other
DLM,19,6,150,3.91,Normal,Lung,Other
DLM,19,6,150,3.34,Cellular,Cellular,Other
DLM,19,6,150,0.47,Normal,Lung,Other
DLM,19,6,150,0.31,Cellular,Cellular,Other
DLM,19,6,150,0.72,Normal,Lung,Other
DLM,19,6,150,0.53,Cellular,Cellular,Other
DLM,19,6,150,0.5,Normal,Lung,Other
DLM,19,6,150,0.26,Cellular,Cellular,Other
DLM,19,6,150,8.25,Normal,Lung,Other
DLM,19,6,150,13.7,Cellular,Cellular,Other
DLM,19,6,150,7.44,Normal,Lung,Other
DLM,19,6,150,2.33,Cellular,Cellular,Other
DLM,19,6,150,12.57,Normal,Lung,Other
DLM,19,6,150,7.17,Cellular,Cellular,Other
DLM,19,6,150,3.97,Cellular,Cellular,Other
DLM,19,6,150,3.72,Normal,Lung,Other
DLM,19,6,150,9.99,Cellular,Cellular,Other
DLM,19,6,150,2.9,Normal,Lung,Other
DLM,19,6,150,3.3,Cellular,Cellular,Other
DLM,19,6,150,3.96,Normal,Lung,Other
DLM,19,6,150,7.37,Cellular,Cellular,Other
DLM,19,6,150,0.47,Normal,Lung,Other
DLM,19,6,150,0.64,Normal,Lung,Other
DLM,19,6,150,0.16,Cellular,Cellular,Other
DLM,19,6,150,0.13,Cellular,Cellular,Other
DLM,19,6,150,0.33,Cellular,Cellular,Other
DLM,19,6,150,0.09,Normal,Lung,Other
DLM,19,6,150,0.11,Cellular,Cellular,Other
DLM,20,6,150,3.11,Normal,Lung,Other
DLM,20,6,150,8.22,Normal,Lung,Other
DLM,20,6,150,6.32,Normal,Lung,Other
DLM,20,6,150,3.78,Normal,Lung,Other
DLM,20,6,150,9.25,Cellular,Cellular,Other
DLM,20,6,150,6.11,Normal,Lung,Other
DLM,20,6,150,9.92,Cellular,Cellular,Other
DLM,20,6,150,7.15,Cellular,Cellular,Other
DLM,20,6,150,5.61,Normal,Lung,Other
DLM,20,6,150,5.2,Cellular,Cellular,Other
DLM,20,6,150,6.99,Normal,Lung,Other
DLM,20,6,150,4.04,Normal,Lung,Other
DLM,20,6,150,7.43,Cellular,Cellular,Other
DLM,20,6,150,6.45,Cellular,Cellular,Other
DLM,20,6,150,7.17,Normal,Lung,Other
DLM,20,6,150,3.64,Normal,Lung,Other
DLM,20,6,150,4.67,Cellular,Cellular,Other
DLM,20,6,150,5.05,Cellular,Cellular,Other
DLM,20,6,150,5.83,Normal,Lung,Other
DLM,20,6,150,5.72,Normal,Lung,Other
DLM,20,6,150,0.27,Normal,Lung,Other
DLM,20,6,150,0.23,Normal,Lung,Other
DLM,20,6,150,0.26,Cellular,Cellular,Other
DLM,20,6,150,0.38,Cellular,Cellular,Other
DLM,20,6,150,0.38,Normal,Lung,Other
DLM,20,6,150,0.27,Normal,Lung,Other
DLM,20,6,150,0.27,Normal,Lung,Other
DLM,20,6,150,0.41,Cellular,Cellular,Other
DLM,20,6,150,0.26,Normal,Lung,Other
DLM,20,6,150,0.25,Cellular,Cellular,Other
DLM,21,6,150,3.28,Cellular,Cellular,Other
DLM,21,6,150,5.68,Cellular,Cellular,Other
DLM,21,6,150,3.77,Cellular,Cellular,Other
DLM,21,6,150,3.05,Cellular,Cellular,Other
DLM,21,6,150,3.17,Cellular,Cellular,Other
DLM,21,6,150,4.07,Cellular,Cellular,Other
DLM,21,6,150,4.67,Cellular,Cellular,Other
DLM,21,6,150,2.96,Cellular,Cellular,Other
DLM,21,6,150,3.83,Cellular,Cellular,Other
DLM,21,6,150,2.78,Cellular,Cellular,Other
DLM,21,6,150,2.61,Cellular,Cellular,Other
DLM,21,6,150,3.59,Cellular,Cellular,Other
DLM,21,6,150,5.13,Cellular,Cellular,Other
DLM,21,6,150,4.11,Cellular,Cellular,Other
DLM,21,6,150,4.92,Cellular,Cellular,Other
DLM,21,6,150,5.41,Cellular,Cellular,Other
DLM,21,6,150,5.48,Cellular,Cellular,Other
DLM,21,6,150,4.56,Cellular,Cellular,Other
DLM,21,6,150,4.91,Cellular,Cellular,Other
DLM,21,6,150,4.23,Cellular,Cellular,Other
DLM,21,6,150,3.58,Cellular,Cellular,Other
DLM,21,6,150,4.88,Cellular,Cellular,Other
DLM,21,6,150,7.58,Normal,Lung,Other
DLM,21,6,150,4.08,Normal,Lung,Other
DLM,21,6,150,3.11,Normal,Lung,Other
DLM,21,6,150,7.58,Cellular,Cellular,Other
DLM,21,6,150,3.08,Normal,Lung,Other
DLM,21,6,150,3.9,Normal,Lung,Other
DLM,21,6,150,10.3,Normal,Lung,Other
DLM,21,6,150,10.4,Normal,Lung,Other
DLM,21,6,150,3.49,Normal,Lung,Other
DLM,21,6,150,3.44,Normal,Lung,Other
DLM,21,6,150,2.79,Normal,Lung,Other
DLM,21,6,150,4.39,Normal,Lung,Other
DLM,21,6,150,5.69,Cellular,Cellular,Other
DLM,21,6,150,7.34,Normal,Lung,Other
DLM,21,6,150,0.128,Caseum,Caseum,Other
DLM,21,6,150,0.514,Caseum,Caseum,Other
DLM,21,6,150,1.45,Cellular,Cellular,Other
DLM,21,6,150,2.25,Cellular,Cellular,Other
DLM,21,6,150,3.63,Normal,Lung,Other
DLM,21,6,150,0.731,Caseum,Caseum,Other
DLM,21,6,150,1.82,Caseum,Caseum,Other
DLM,21,6,150,2.94,Cellular,Cellular,Other
DLM,21,6,150,6.28,Cellular,Cellular,Other
DLM,21,6,150,3.67,Normal,Lung,Other
DLM,22,6,150,2.89,Normal,Lung,Other
DLM,22,6,150,4.16,Cellular,Cellular,Other
DLM,22,6,150,7.52,Cellular,Cellular,Other
DLM,22,6,150,6.13,Cellular,Cellular,Other
DLM,22,6,150,3.62,Cellular,Cellular,Other
DLM,22,6,150,2.64,Normal,Lung,Other
DLM,22,6,150,8.75,Cellular,Cellular,Other
DLM,22,6,150,3.78,Normal,Lung,Other
DLM,22,6,150,2.83,Cellular,Cellular,Other
DLM,22,6,150,4.04,Cellular,Cellular,Other
DLM,22,6,150,3.83,Cellular,Cellular,Other
DLM,22,6,150,3.03,Cellular,Cellular,Other
DLM,22,6,150,3.85,Normal,Lung,Other
DLM,22,6,150,3.66,Normal,Lung,Other
DLM,22,6,150,8.11,Cellular,Cellular,Other
DLM,22,6,150,3.04,Normal,Lung,Other
DLM,22,6,150,2.63,Cellular,Cellular,Other
DLM,22,6,150,3.94,Cellular,Cellular,Other
DLM,22,6,150,2.88,Normal,Lung,Other
DLM,22,6,150,2.91,Normal,Lung,Other
DLM,22,6,150,2.5,Normal,Lung,Other
DLM,22,6,150,3.72,Normal,Lung,Other
DLM,22,6,150,2.98,Normal,Lung,Other
DLM,22,6,150,3.37,Normal,Lung,Other
DLM,23,6,150,2.39,Cellular,Cellular,Other
DLM,23,6,150,1.85,Cellular,Cellular,Other
DLM,23,6,150,2.41,Cellular,Cellular,Other
DLM,23,6,150,3.88,Cellular,Cellular,Other
DLM,23,6,150,2.2,Cellular,Cellular,Other
DLM,23,6,150,4.16,Cellular,Cellular,Other
DLM,23,6,150,2.54,Cellular,Cellular,Other
DLM,23,6,150,2.54,Cellular,Cellular,Other
DLM,23,6,150,4.75,Cellular,Cellular,Other
DLM,23,6,150,2.57,Cellular,Cellular,Other
DLM,23,6,150,3.69,Cellular,Cellular,Other
DLM,23,6,150,7.56,Cellular,Cellular,Other
DLM,23,6,150,4.65,Cellular,Cellular,Other
DLM,23,6,150,6.81,Cellular,Cellular,Other
DLM,23,6,150,5.01,Cellular,Cellular,Other
DLM,23,6,150,3.8,Cellular,Cellular,Other
DLM,23,6,150,3.9,Cellular,Cellular,Other
DLM,23,6,150,2.82,Cellular,Cellular,Other
DLM,23,6,150,2.26,Cellular,Cellular,Other
DLM,23,6,150,2.22,Cellular,Cellular,Other
DLM,23,6,150,2.37,Cellular,Cellular,Other
DLM,23,6,150,6.41,Cellular,Cellular,Other
DLM,23,6,150,2.7,Cellular,Cellular,Other
DLM,23,6,150,4.16,Cellular,Cellular,Other
DLM,23,6,150,2.93,Normal,Lung,Other
DLM,23,6,150,2.05,Normal,Lung,Other
DLM,23,6,150,1.57,Normal,Lung,Other
DLM,23,6,150,5.11,Normal,Lung,Other
DLM,23,6,150,4.32,Normal,Lung,Other
DLM,23,6,150,3.05,Normal,Lung,Other
DLM,23,6,150,4.72,Cellular,Cellular,Other
DLM,23,6,150,4.82,Cellular,Cellular,Other
DLM,23,6,150,4.22,Cellular,Cellular,Other
DLM,23,6,150,4.59,Cellular,Cellular,Other
DLM,23,6,150,3.83,Normal,Lung,Other
DLM,23,6,150,2.78,Normal,Lung,Other
DLM,23,6,150,2.28,Normal,Lung,Other
DLM,23,6,150,6.54,Normal,Lung,Other
DLM,23,6,150,5.06,Normal,Lung,Other
DLM,23,6,150,3.99,Normal,Lung,Other
DLM,23,6,150,0.247,Caseum,Caseum,Other
DLM,23,6,150,0.679,Caseum,Caseum,Other
DLM,23,6,150,2.37,Cellular,Cellular,Other
DLM,23,6,150,3.58,Normal,Lung,Other
DLM,23,6,150,0.681,Caseum,Caseum,Other
DLM,23,6,150,1.88,Caseum,Caseum,Other
DLM,23,6,150,4.59,Cellular,Cellular,Other
DLM,23,6,150,3.66,Normal,Lung,Other
DLM,24,24,168,1.16,Cellular,Cellular,Other
DLM,24,24,168,1.15,Cellular,Cellular,Other
DLM,24,24,168,0.91,Cellular,Cellular,Other
DLM,24,24,168,1.77,Cellular,Cellular,Other
DLM,24,24,168,1.48,Cellular,Cellular,Other
DLM,24,24,168,1.22,Cellular,Cellular,Other
DLM,24,24,168,1.12,Cellular,Cellular,Other
DLM,24,24,168,0.96,Cellular,Cellular,Other
DLM,24,24,168,1.34,Cellular,Cellular,Other
DLM,24,24,168,0.99,Cellular,Cellular,Other
DLM,24,24,168,1,Cellular,Cellular,Other
DLM,24,24,168,0.87,Cellular,Cellular,Other
DLM,24,24,168,0.8,Cellular,Cellular,Other
DLM,24,24,168,2.22,Cellular,Cellular,Other
DLM,24,24,168,4.75,Cellular,Cellular,Other
DLM,24,24,168,5.03,Cellular,Cellular,Other
DLM,24,24,168,3.1,Cellular,Cellular,Other
DLM,24,24,168,4.34,Cellular,Cellular,Other
DLM,24,24,168,3.11,Cellular,Cellular,Other
DLM,24,24,168,3.84,Cellular,Cellular,Other
DLM,24,24,168,3.58,Cellular,Cellular,Other
DLM,24,24,168,2.71,Cellular,Cellular,Other
DLM,24,24,168,2.36,Cellular,Cellular,Other
DLM,24,24,168,2.2,Cellular,Cellular,Other
DLM,24,24,168,1.32,Normal,Lung,Other
DLM,24,24,168,0.75,Normal,Lung,Other
DLM,24,24,168,3.43,Cellular,Cellular,Other
DLM,24,24,168,2.39,Normal,Lung,Other
DLM,24,24,168,1.78,Normal,Lung,Other
DLM,24,24,168,1.07,Normal,Lung,Other
DLM,24,24,168,0.95,Normal,Lung,Other
DLM,24,24,168,1.13,Normal,Lung,Other
DLM,24,24,168,1.51,Normal,Lung,Other
DLM,24,24,168,1.59,Normal,Lung,Other
DLM,24,24,168,3.34,Cellular,Cellular,Other
DLM,24,24,168,3.5,Normal,Lung,Other
DLM,24,24,168,3.12,Normal,Lung,Other
DLM,24,24,168,2.66,Normal,Lung,Other
DLM,25,24,168,2.9,Cellular,Cellular,Other
DLM,25,24,168,2.59,Cellular,Cellular,Other
DLM,25,24,168,1.85,Cellular,Cellular,Other
DLM,25,24,168,0.64,Cellular,Cellular,Other
DLM,25,24,168,4.18,Cellular,Cellular,Other
DLM,25,24,168,0.73,Cellular,Cellular,Other
DLM,25,24,168,0.61,Normal,Lung,Other
DLM,25,24,168,0.65,Normal,Lung,Other
DLM,25,24,168,0.77,Normal,Lung,Other
DLM,25,24,168,0.47,Normal,Lung,Other
DLM,25,24,168,3.47,Cellular,Cellular,Other
DLM,25,24,168,4.02,Cellular,Cellular,Other
DLM,25,24,168,2.08,Normal,Lung,Other
DLM,25,24,168,0.84,Cellular,Cellular,Other
DLM,25,24,168,0.61,Normal,Lung,Other
DLM,25,24,168,0.76,Cellular,Cellular,Other
DLM,25,24,168,1.11,Cellular,Cellular,Other
DLM,25,24,168,0.59,Cellular,Cellular,Other
DLM,25,24,168,0.53,Cellular,Cellular,Other
DLM,25,24,168,0.5,Cellular,Cellular,Other
DLM,25,24,168,0.72,Cellular,Cellular,Other
DLM,25,24,168,0.98,Cellular,Cellular,Other
DLM,25,24,168,0.82,Cellular,Cellular,Other
DLM,25,24,168,0.73,Cellular,Cellular,Other
DLM,25,24,168,0.52,Cellular,Cellular,Other
DLM,25,24,168,0.88,Cellular,Cellular,Other
DLM,25,24,168,3.7,Cellular,Cellular,Other
DLM,25,24,168,5.17,Cellular,Cellular,Other
DLM,25,24,168,2.57,Cellular,Cellular,Other
DLM,25,24,168,2.47,Normal,Lung,Other
DLM,25,24,168,1.71,Normal,Lung,Other
DLM,25,24,168,1.64,Normal,Lung,Other
DLM,25,24,168,3.17,Cellular,Cellular,Other
DLM,25,24,168,0.52,Normal,Lung,Other
DLM,25,24,168,4.73,Cellular,Cellular,Other
DLM,25,24,168,2.57,Cellular,Cellular,Other
DLM,25,24,168,1.92,Normal,Lung,Other
DLM,25,24,168,2.1,Cellular,Cellular,Other
DLM,25,24,168,3.34,Cellular,Cellular,Other
DLM,25,24,168,2.23,Normal,Lung,Other
DLM,26,24,168,1.19,Cellular,Cellular,Other
DLM,26,24,168,1.74,Cellular,Cellular,Other
DLM,26,24,168,1.99,Cellular,Cellular,Other
DLM,26,24,168,1.46,Cellular,Cellular,Other
DLM,26,24,168,1.34,Cellular,Cellular,Other
DLM,26,24,168,4.19,Cellular,Cellular,Other
DLM,26,24,168,1.35,Cellular,Cellular,Other
DLM,26,24,168,2.15,Normal,Lung,Other
DLM,26,24,168,1.16,Normal,Lung,Other
DLM,26,24,168,1.4,Normal,Lung,Other
DLM,26,24,168,2.35,Normal,Lung,Other
DLM,26,24,168,1.11,Normal,Lung,Other
DLM,26,24,168,1.37,Normal,Lung,Other
DLM,26,24,168,6.17,Cellular,Cellular,Other
DLM,26,24,168,4.8,Cellular,Cellular,Other
DLM,26,24,168,4.07,Cellular,Cellular,Other
DLM,26,24,168,5.36,Cellular,Cellular,Other
DLM,26,24,168,5.57,Cellular,Cellular,Other
DLM,26,24,168,5.14,Normal,Lung,Other
DLM,26,24,168,2.39,Normal,Lung,Other
DLM,26,24,168,3.42,Normal,Lung,Other
DLM,26,24,168,6.43,Normal,Lung,Other
DLM,26,24,168,3.02,Normal,Lung,Other
DLM,26,24,168,2.97,Normal,Lung,Other
GSK-286,1,6,30,0.000976,Cellular,Cellular,Other
GSK-286,1,6,30,0.00113,Cellular,Cellular,Other
GSK-286,1,6,30,0.00142,Cellular,Cellular,Other
GSK-286,1,6,30,0.00147,Cellular,Cellular,Other
GSK-286,1,6,30,0.0016,Cellular,Cellular,Other
GSK-286,1,6,30,0.00183,Cellular,Cellular,Other
GSK-286,1,6,30,0.00277,Cellular,Cellular,Other
GSK-286,1,6,30,0.00218,Cellular,Cellular,Other
GSK-286,1,6,30,0.00136,Cellular,Cellular,Other
GSK-286,1,6,30,0.00231,Cellular,Cellular,Other
GSK-286,1,6,30,0.00257,Cellular,Cellular,Other
GSK-286,1,6,30,0.00226,Cellular,Cellular,Other
GSK-286,1,6,30,0.126,Normal,Lung,Other
GSK-286,1,6,30,0.002,Normal,Lung,Other
GSK-286,1,6,30,0.00164,Normal,Lung,Other
GSK-286,1,6,30,0.00231,Normal,Lung,Other
GSK-286,1,6,30,0.0331,Normal,Lung,Other
GSK-286,1,6,30,0.00217,Normal,Lung,Other
GSK-286,2,6,30,0.00185,Cellular,Cellular,Other
GSK-286,2,6,30,0.00135,Cellular,Cellular,Other
GSK-286,2,6,30,0.00154,Cellular,Cellular,Other
GSK-286,2,6,30,0.00187,Cellular,Cellular,Other
GSK-286,2,6,30,0.00164,Cellular,Cellular,Other
GSK-286,2,6,30,0.00342,Cellular,Cellular,Other
GSK-286,2,6,30,0.00153,Cellular,Cellular,Other
GSK-286,2,6,30,0.00162,Cellular,Cellular,Other
GSK-286,2,6,30,0.00169,Cellular,Cellular,Other
GSK-286,2,6,30,0.00332,Cellular,Cellular,Other
GSK-286,2,6,30,0.000958,Cellular,Cellular,Other
GSK-286,2,6,30,0.00168,Cellular,Cellular,Other
GSK-286,2,6,30,0.00233,Cellular,Cellular,Other
GSK-286,2,6,30,0.0041,Cellular,Cellular,Other
GSK-286,2,6,30,0.00241,Normal,Lung,Other
GSK-286,2,6,30,0.00165,Normal,Lung,Other
GSK-286,2,6,30,0.00311,Normal,Lung,Other
GSK-286,2,6,30,0.0186,Normal,Lung,Other
GSK-286,2,6,30,0.00231,Normal,Lung,Other
GSK-286,2,6,30,0.00208,Normal,Lung,Other
GSK-286,2,6,30,0.162,Inner Caseum,Caseum,Other
GSK-286,2,6,30,0.0672,Outer Caseum,Caseum,Other
GSK-286,2,6,30,0.0101,Inner Cellular,Cellular,Other
GSK-286,2,6,30,0.00436,Outer Cellular,Cellular,Other
GSK-286,2,6,30,0.00134,Uninvolved,Lung,Other
GSK-286,2,6,30,0.201,Inner Cavity,Cavity,Other
GSK-286,2,6,30,0.115,Outer Caseum,Caseum,Other
GSK-286,2,6,30,0.0182,Inner Cellular,Cellular,Other
GSK-286,2,6,30,0.00368,Outer Cellular,Cellular,Other
GSK-286,2,6,30,0.00174,Uninvolved,Lung,Other
GSK-286,3,6,30,0.000587,Cellular,Cellular,Other
GSK-286,3,6,30,0.000616,Cellular,Cellular,Other
GSK-286,3,6,30,0.00069,Cellular,Cellular,Other
GSK-286,3,6,30,0.00212,Cellular,Cellular,Other
GSK-286,3,6,30,0.000636,Cellular,Cellular,Other
GSK-286,3,6,30,0.0029,Cellular,Cellular,Other
GSK-286,3,6,30,0.000669,Cellular,Cellular,Other
GSK-286,3,6,30,0.000816,Cellular,Cellular,Other
GSK-286,3,6,30,0.000781,Cellular,Cellular,Other
GSK-286,3,6,30,0.000607,Cellular,Cellular,Other
GSK-286,3,6,30,0.000527,Cellular,Cellular,Other
GSK-286,3,6,30,0.000752,Cellular,Cellular,Other
GSK-286,3,6,30,0.00107,Cellular,Cellular,Other
GSK-286,3,6,30,0.0015,Cellular,Cellular,Other
GSK-286,3,6,30,0.00456,Normal,Lung,Other
GSK-286,3,6,30,0.00108,Normal,Lung,Other
GSK-286,3,6,30,0.000778,Normal,Lung,Other
GSK-286,3,6,30,0.000763,Normal,Lung,Other
GSK-286,3,6,30,0.000766,Normal,Lung,Other
GSK-286,3,6,30,0.000781,Normal,Lung,Other
GSK-286,5,24,48,0.0123,Inner Cavity,Cavity,Other
GSK-286,5,24,48,0.00488,Outer Caseum,Caseum,Other
GSK-286,5,24,48,0.00204,Inner Cellular,Cellular,Other
GSK-286,5,24,48,0.00124,Outer Cellular,Cellular,Other
GSK-286,5,24,48,0.0122,Inner Caseum,Caseum,Other
GSK-286,5,24,48,0.00331,Outer Caseum,Caseum,Other
GSK-286,5,24,48,0.00134,Cellular,Cellular,Other
GSK-286,5,24,48,0.00798,Inner Caseum,Caseum,Other
GSK-286,5,24,48,0.0033,Outer Caseum,Caseum,Other
GSK-286,5,24,48,0.00173,Inner Cellular,Cellular,Other
GSK-286,5,24,48,0.00104,Outer Cellular,Cellular,Other
GSK-286,6,24,48,0.0112,Inner Caseum,Caseum,Other
GSK-286,6,24,48,0.00338,Outer Caseum,Caseum,Other
GSK-286,6,24,48,0.0013,Inner Cellular,Cellular,Other
GSK-286,6,24,48,0.00117,Outer Cellular,Cellular,Other
GSK-286,7,2,50,0.0325,Cellular,Cellular,Other
GSK-286,7,2,50,0.0403,Cellular,Cellular,Other
GSK-286,7,2,50,0.0286,Cellular,Cellular,Other
GSK-286,7,2,50,0.0334,Cellular,Cellular,Other
GSK-286,7,2,50,0.0387,Cellular,Cellular,Other
GSK-286,7,2,50,0.0193,Cellular,Cellular,Other
GSK-286,7,2,50,0.0395,Cellular,Cellular,Other
GSK-286,7,2,50,0.0352,Cellular,Cellular,Other
GSK-286,7,2,50,0.036,Cellular,Cellular,Other
GSK-286,7,2,50,0.0409,Cellular,Cellular,Other
GSK-286,7,2,50,0.0411,Cellular,Cellular,Other
GSK-286,7,2,50,0.0257,Cellular,Cellular,Other
GSK-286,7,2,50,0.0349,Cellular,Cellular,Other
GSK-286,7,2,50,0.0345,Cellular,Cellular,Other
GSK-286,7,2,50,0.0456,Normal,Lung,Other
GSK-286,7,2,50,0.0506,Normal,Lung,Other
GSK-286,7,2,50,0.0487,Normal,Lung,Other
GSK-286,7,2,50,0.0456,Normal,Lung,Other
GSK-286,7,2,50,0.0476,Normal,Lung,Other
GSK-286,7,2,50,0.0501,Normal,Lung,Other
GSK-286,7,2,50,0.0078,Inner Caseum,Caseum,Other
GSK-286,7,2,50,0.0247,Outer Caseum,Caseum,Other
GSK-286,7,2,50,0.0369,Cellular,Cellular,Other
GSK-286,7,2,50,0.0213,Outer Caseum,Caseum,Other
GSK-286,7,2,50,0.0332,Cellular,Cellular,Other
GSK-286,7,2,50,0.0264,Uninvolved,Lung,Other
GSK-286,8,2,50,0.0346,Cellular,Cellular,Other
GSK-286,8,2,50,0.0732,Cellular,Cellular,Other
GSK-286,8,2,50,0.0753,Cellular,Cellular,Other
GSK-286,8,2,50,0.091,Cellular,Cellular,Other
GSK-286,8,2,50,0.0741,Cellular,Cellular,Other
GSK-286,8,2,50,0.0583,Cellular,Cellular,Other
GSK-286,8,2,50,0.052,Cellular,Cellular,Other
GSK-286,8,2,50,0.0322,Cellular,Cellular,Other
GSK-286,8,2,50,0.0534,Cellular,Cellular,Other
GSK-286,8,2,50,0.0514,Cellular,Cellular,Other
GSK-286,8,2,50,0.0503,Cellular,Cellular,Other
GSK-286,8,2,50,0.0658,Normal,Lung,Other
GSK-286,8,2,50,0.109,Normal,Lung,Other
GSK-286,8,2,50,0.111,Normal,Lung,Other
GSK-286,8,2,50,0.0917,Normal,Lung,Other
GSK-286,8,2,50,0.114,Normal,Lung,Other
GSK-286,8,2,50,0.0896,Normal,Lung,Other
GSK-286,9,6,54,0.0206,Cellular,Cellular,Other
GSK-286,9,6,54,0.0164,Cellular,Cellular,Other
GSK-286,9,6,54,0.0157,Cellular,Cellular,Other
GSK-286,9,6,54,0.0147,Cellular,Cellular,Other
GSK-286,9,6,54,0.0168,Cellular,Cellular,Other
GSK-286,9,6,54,0.0196,Cellular,Cellular,Other
GSK-286,9,6,54,0.0176,Cellular,Cellular,Other
GSK-286,9,6,54,0.0198,Cellular,Cellular,Other
GSK-286,9,6,54,0.0173,Cellular,Cellular,Other
GSK-286,9,6,54,0.0182,Cellular,Cellular,Other
GSK-286,9,6,54,0.0219,Cellular,Cellular,Other
GSK-286,9,6,54,0.0224,Cellular,Cellular,Other
GSK-286,9,6,54,0.0132,Cellular,Cellular,Other
GSK-286,9,6,54,0.0205,Cellular,Cellular,Other
GSK-286,9,6,54,0.0162,Normal,Lung,Other
GSK-286,9,6,54,0.0204,Normal,Lung,Other
GSK-286,9,6,54,0.0141,Normal,Lung,Other
GSK-286,9,6,54,0.0179,Normal,Lung,Other
GSK-286,9,6,54,0.0237,Normal,Lung,Other
GSK-286,9,6,54,0.0175,Normal,Lung,Other
GSK-286,9,6,54,0.0185,Inner Caseum,Caseum,Other
GSK-286,9,6,54,0.0293,Outer Caseum,Caseum,Other
GSK-286,9,6,54,0.0147,Cellular,Cellular,Other
GSK-286,9,6,54,0.00502,Uninvolved,Lung,Other
GSK-286,9,6,54,0.0532,Inner Caseum,Caseum,Other
GSK-286,9,6,54,0.0355,Outer Caseum,Caseum,Other
GSK-286,9,6,54,0.019,Cellular,Cellular,Other
GSK-286,9,6,54,0.00944,Uninvolved,Lung,Other
GSK-286,9,6,54,0.0254,Inner Caseum,Caseum,Other
GSK-286,9,6,54,0.0302,Outer Caseum,Caseum,Other
GSK-286,9,6,54,0.0152,Cellular,Cellular,Other
GSK-286,9,6,54,0.00981,Uninvolved,Lung,Other
GSK-286,10,6,54,0.0171,Cellular,Cellular,Other
GSK-286,10,6,54,0.02,Cellular,Cellular,Other
GSK-286,10,6,54,0.0179,Cellular,Cellular,Other
GSK-286,10,6,54,0.0234,Cellular,Cellular,Other
GSK-286,10,6,54,0.0189,Cellular,Cellular,Other
GSK-286,10,6,54,0.0216,Cellular,Cellular,Other
GSK-286,10,6,54,0.0207,Cellular,Cellular,Other
GSK-286,10,6,54,0.0222,Cellular,Cellular,Other
GSK-286,10,6,54,0.022,Cellular,Cellular,Other
GSK-286,10,6,54,0.0213,Cellular,Cellular,Other
GSK-286,10,6,54,0.0223,Cellular,Cellular,Other
GSK-286,10,6,54,0.0261,Cellular,Cellular,Other
GSK-286,10,6,54,0.0203,Cellular,Cellular,Other
GSK-286,10,6,54,0.0208,Cellular,Cellular,Other
GSK-286,10,6,54,0.0238,Normal,Lung,Other
GSK-286,10,6,54,0.0199,Normal,Lung,Other
GSK-286,10,6,54,0.0237,Normal,Lung,Other
GSK-286,10,6,54,0.0185,Normal,Lung,Other
GSK-286,10,6,54,0.0174,Normal,Lung,Other
GSK-286,10,6,54,0.0186,Normal,Lung,Other
GSK-286,11,24,72,0.00134,Cellular,Cellular,Other
GSK-286,11,24,72,0.000217,Cellular,Cellular,Other
GSK-286,11,24,72,0.000358,Cellular,Cellular,Other
GSK-286,11,24,72,0.000365,Cellular,Cellular,Other
GSK-286,11,24,72,0.000381,Cellular,Cellular,Other
GSK-286,11,24,72,0.000902,Normal,Lung,Other
GSK-286,11,24,72,3.00E-04,Normal,Lung,Other
GSK-286,11,24,72,0.000892,Normal,Lung,Other
GSK-286,11,24,72,0.000338,Normal,Lung,Other
GSK-286,11,24,72,0.000281,Normal,Lung,Other
GSK-286,11,24,72,0.000344,Normal,Lung,Other
GSK-656,4,24,72,0.205,Cellular,Cellular,Other
GSK-656,4,24,72,0.142,Cellular,Cellular,Other
GSK-656,4,24,72,0.161,Cellular,Cellular,Other
GSK-656,4,24,72,0.248,Cellular,Cellular,Other
GSK-656,4,24,72,0.24,Cellular,Cellular,Other
GSK-656,4,24,72,0.248,Cellular,Cellular,Other
GSK-656,4,24,72,0.246,Cellular,Cellular,Other
GSK-656,4,24,72,0.231,Cellular,Cellular,Other
GSK-656,4,24,72,0.219,Cellular,Cellular,Other
GSK-656,4,24,72,0.173,Cellular,Cellular,Other
GSK-656,4,24,72,0.209,Cellular,Cellular,Other
GSK-656,4,24,72,0.226,Cellular,Cellular,Other
GSK-656,4,24,72,0.198,Cellular,Cellular,Other
GSK-656,4,24,72,0.146,Normal,Lung,Other
GSK-656,4,24,72,0.152,Normal,Lung,Other
GSK-656,4,24,72,0.146,Normal,Lung,Other
GSK-656,4,24,72,0.132,Normal,Lung,Other
GSK-656,4,24,72,0.135,Normal,Lung,Other
GSK-656,4,24,72,0.167,Normal,Lung,Other
GSK-656,5,24,72,0.199,Cellular,Cellular,Other
GSK-656,5,24,72,0.202,Cellular,Cellular,Other
GSK-656,5,24,72,0.178,Cellular,Cellular,Other
GSK-656,5,24,72,0.216,Cellular,Cellular,Other
GSK-656,5,24,72,0.208,Cellular,Cellular,Other
GSK-656,5,24,72,0.222,Cellular,Cellular,Other
GSK-656,5,24,72,0.214,Cellular,Cellular,Other
GSK-656,5,24,72,0.185,Cellular,Cellular,Other
GSK-656,5,24,72,0.176,Cellular,Cellular,Other
GSK-656,5,24,72,0.193,Cellular,Cellular,Other
GSK-656,5,24,72,0.129,Normal,Lung,Other
GSK-656,5,24,72,0.134,Normal,Lung,Other
GSK-656,5,24,72,0.137,Normal,Lung,Other
GSK-656,5,24,72,0.131,Normal,Lung,Other
GSK-656,5,24,72,0.132,Normal,Lung,Other
GSK-656,5,24,72,0.135,Normal,Lung,Other
GSK-656,5,24,72,0.0686,Inner Caseum,Caseum,Other
GSK-656,5,24,72,0.0823,Outer Caseum,Caseum,Other
GSK-656,5,24,72,0.135,Inner Cellular,Cellular,Other
GSK-656,5,24,72,0.143,Outer Cellular,Cellular,Other
GSK-656,5,24,72,0.0902,Normal,Lung,Other
GSK-656,5,24,72,0.0958,Inner Caseum,Caseum,Other
GSK-656,5,24,72,0.0799,Outer Caseum,Caseum,Other
GSK-656,5,24,72,0.158,Inner Cellular,Cellular,Other
GSK-656,5,24,72,0.151,Outer Cellular,Cellular,Other
GSK-656,5,24,72,0.0764,Cellular,Cellular,Other
GSK-656,5,24,72,0.0915,Normal,Lung,Other
GSK-656,5,24,72,0.0781,Inner Caseum,Caseum,Other
GSK-656,5,24,72,0.0911,Outer Caseum,Caseum,Other
GSK-656,5,24,72,0.119,Inner Cellular,Cellular,Other
GSK-656,5,24,72,0.167,Outer Cellular,Cellular,Other
GSK-656,5,24,72,0.104,Normal,Lung,Other
GSK-656,5,24,72,0.12,Cavity Caseum,Cavity,Other
GSK-656,5,24,72,0.139,Inner Cellular,Cellular,Other
GSK-656,5,24,72,0.167,Outer Cellular,Cellular,Other
GSK-656,5,24,72,0.104,Normal,Lung,Other
GSK-656,6,24,72,0.21,Cellular,Cellular,Other
GSK-656,6,24,72,0.176,Cellular,Cellular,Other
GSK-656,6,24,72,0.203,Cellular,Cellular,Other
GSK-656,6,24,72,0.214,Cellular,Cellular,Other
GSK-656,6,24,72,0.212,Cellular,Cellular,Other
GSK-656,6,24,72,0.203,Cellular,Cellular,Other
GSK-656,6,24,72,0.171,Cellular,Cellular,Other
GSK-656,6,24,72,0.193,Cellular,Cellular,Other
GSK-656,6,24,72,0.0998,Normal,Lung,Other
GSK-656,6,24,72,0.105,Normal,Lung,Other
GSK-656,6,24,72,0.106,Normal,Lung,Other
GSK-656,6,24,72,0.108,Normal,Lung,Other
GSK-656,6,24,72,0.107,Normal,Lung,Other
GSK-656,6,24,72,0.111,Normal,Lung,Other
GSK-656,7,3,75,0.299,Cellular,Cellular,Other
GSK-656,7,3,75,0.24,Cellular,Cellular,Other
GSK-656,7,3,75,0.302,Cellular,Cellular,Other
GSK-656,7,3,75,0.298,Cellular,Cellular,Other
GSK-656,7,3,75,0.275,Cellular,Cellular,Other
GSK-656,7,3,75,0.351,Cellular,Cellular,Other
GSK-656,7,3,75,0.331,Cellular,Cellular,Other
GSK-656,7,3,75,0.393,Cellular,Cellular,Other
GSK-656,7,3,75,0.508,Cellular,Cellular,Other
GSK-656,7,3,75,0.34,Cellular,Cellular,Other
GSK-656,7,3,75,0.36,Cellular,Cellular,Other
GSK-656,7,3,75,0.213,Normal,Lung,Other
GSK-656,7,3,75,0.23,Normal,Lung,Other
GSK-656,7,3,75,0.23,Normal,Lung,Other
GSK-656,7,3,75,0.212,Normal,Lung,Other
GSK-656,7,3,75,0.218,Normal,Lung,Other
GSK-656,7,3,75,0.226,Normal,Lung,Other
GSK-656,7,3,75,0.18,Caseum,Caseum,Other
GSK-656,7,3,75,0.422,Inner Cellular,Cellular,Other
GSK-656,7,3,75,0.338,Outer Cellular,Cellular,Other
GSK-656,7,3,75,0.158,Normal,Lung,Other
GSK-656,7,3,75,0.198,Caseum,Caseum,Other
GSK-656,7,3,75,0.492,Inner Cellular,Cellular,Other
GSK-656,7,3,75,0.44,Outer Cellular,Cellular,Other
GSK-656,7,3,75,0.171,Normal,Lung,Other
GSK-656,8,3,75,0.466,Cellular,Cellular,Other
GSK-656,8,3,75,0.442,Cellular,Cellular,Other
GSK-656,8,3,75,0.363,Cellular,Cellular,Other
GSK-656,8,3,75,0.361,Cellular,Cellular,Other
GSK-656,8,3,75,0.307,Cellular,Cellular,Other
GSK-656,8,3,75,0.24,Normal,Lung,Other
GSK-656,8,3,75,0.215,Normal,Lung,Other
GSK-656,8,3,75,0.222,Normal,Lung,Other
GSK-656,8,3,75,0.242,Normal,Lung,Other
GSK-656,8,3,75,0.233,Normal,Lung,Other
GSK-656,8,3,75,0.225,Normal,Lung,Other
GSK-656,9,6,78,0.312,Cellular,Cellular,Other
GSK-656,9,6,78,0.345,Cellular,Cellular,Other
GSK-656,9,6,78,0.469,Cellular,Cellular,Other
GSK-656,9,6,78,0.36,Cellular,Cellular,Other
GSK-656,9,6,78,0.25,Cellular,Cellular,Other
GSK-656,9,6,78,0.366,Cellular,Cellular,Other
GSK-656,9,6,78,0.193,Normal,Lung,Other
GSK-656,9,6,78,0.194,Normal,Lung,Other
GSK-656,9,6,78,0.201,Normal,Lung,Other
GSK-656,9,6,78,0.198,Normal,Lung,Other
GSK-656,9,6,78,0.204,Normal,Lung,Other
GSK-656,9,6,78,0.214,Normal,Lung,Other
GSK-656,10,6,78,0.407,Cellular,Cellular,Other
GSK-656,10,6,78,0.358,Cellular,Cellular,Other
GSK-656,10,6,78,0.467,Cellular,Cellular,Other
GSK-656,10,6,78,0.371,Cellular,Cellular,Other
GSK-656,10,6,78,0.464,Cellular,Cellular,Other
GSK-656,10,6,78,0.383,Cellular,Cellular,Other
GSK-656,10,6,78,0.593,Cellular,Cellular,Other
GSK-656,10,6,78,0.559,Cellular,Cellular,Other
GSK-656,10,6,78,0.362,Cellular,Cellular,Other
GSK-656,10,6,78,0.44,Cellular,Cellular,Other
GSK-656,10,6,78,0.523,Cellular,Cellular,Other
GSK-656,10,6,78,0.206,Normal,Lung,Other
GSK-656,10,6,78,0.219,Normal,Lung,Other
GSK-656,10,6,78,0.266,Normal,Lung,Other
GSK-656,10,6,78,0.23,Normal,Lung,Other
GSK-656,10,6,78,0.281,Normal,Lung,Other
GSK-656,10,6,78,0.205,Normal,Lung,Other
GSK-656,11,24,96,0.153,Cellular,Cellular,Other
GSK-656,11,24,96,0.168,Cellular,Cellular,Other
GSK-656,11,24,96,0.154,Cellular,Cellular,Other
GSK-656,11,24,96,0.198,Cellular,Cellular,Other
GSK-656,11,24,96,0.137,Normal,Lung,Other
GSK-656,11,24,96,0.138,Normal,Lung,Other
GSK-656,11,24,96,0.145,Normal,Lung,Other
GSK-656,11,24,96,0.138,Normal,Lung,Other
GSK-656,11,24,96,0.139,Normal,Lung,Other
GSK-656,11,24,96,0.147,Normal,Lung,Other
GSK-656,12,24,96,0.195,Cellular,Cellular,Other
GSK-656,12,24,96,0.197,Cellular,Cellular,Other
GSK-656,12,24,96,0.153,Cellular,Cellular,Other
GSK-656,12,24,96,0.173,Cellular,Cellular,Other
GSK-656,12,24,96,0.233,Cellular,Cellular,Other
GSK-656,12,24,96,0.184,Cellular,Cellular,Other
GSK-656,12,24,96,0.178,Cellular,Cellular,Other
GSK-656,12,24,96,0.197,Cellular,Cellular,Other
GSK-656,12,24,96,0.19,Cellular,Cellular,Other
GSK-656,12,24,96,0.203,Cellular,Cellular,Other
GSK-656,12,24,96,0.146,Cellular,Cellular,Other
GSK-656,12,24,96,0.235,Cellular,Cellular,Other
GSK-656,12,24,96,0.174,Cellular,Cellular,Other
GSK-656,12,24,96,0.213,Cellular,Cellular,Other
GSK-656,12,24,96,0.101,Normal,Lung,Other
GSK-656,12,24,96,0.102,Normal,Lung,Other
GSK-656,12,24,96,0.114,Normal,Lung,Other
GSK-656,12,24,96,0.125,Normal,Lung,Other
GSK-656,12,24,96,0.107,Normal,Lung,Other
GSK-656,12,24,96,0.107,Normal,Lung,Other
GSK-656,13,24,96,0.157,Cellular,Cellular,Other
GSK-656,13,24,96,0.138,Cellular,Cellular,Other
GSK-656,13,24,96,0.136,Cellular,Cellular,Other
GSK-656,13,24,96,0.141,Cellular,Cellular,Other
GSK-656,13,24,96,0.152,Cellular,Cellular,Other
GSK-656,13,24,96,0.148,Cellular,Cellular,Other
GSK-656,13,24,96,0.142,Cellular,Cellular,Other
GSK-656,13,24,96,0.149,Cellular,Cellular,Other
GSK-656,13,24,96,0.13,Cellular,Cellular,Other
GSK-656,13,24,96,0.138,Cellular,Cellular,Other
GSK-656,13,24,96,0.156,Cellular,Cellular,Other
GSK-656,13,24,96,0.136,Cellular,Cellular,Other
GSK-656,13,24,96,0.145,Cellular,Cellular,Other
GSK-656,13,24,96,0.153,Cellular,Cellular,Other
GSK-656,13,24,96,0.112,Normal,Lung,Other
GSK-656,13,24,96,0.114,Normal,Lung,Other
GSK-656,13,24,96,0.123,Normal,Lung,Other
GSK-656,13,24,96,0.126,Normal,Lung,Other
GSK-656,13,24,96,0.125,Normal,Lung,Other
GSK-656,13,24,96,0.116,Normal,Lung,Other
GSK-656,14,48,120,0.0706,Cellular,Cellular,Other
GSK-656,14,48,120,0.0549,Cellular,Cellular,Other
GSK-656,14,48,120,0.0615,Cellular,Cellular,Other
GSK-656,14,48,120,0.0643,Cellular,Cellular,Other
GSK-656,14,48,120,0.0566,Cellular,Cellular,Other
GSK-656,14,48,120,0.0703,Cellular,Cellular,Other
GSK-656,14,48,120,0.0635,Cellular,Cellular,Other
GSK-656,14,48,120,0.0684,Cellular,Cellular,Other
GSK-656,14,48,120,0.0609,Cellular,Cellular,Other
GSK-656,14,48,120,0.0453,Normal,Lung,Other
GSK-656,14,48,120,0.0469,Normal,Lung,Other
GSK-656,14,48,120,0.0468,Normal,Lung,Other
GSK-656,14,48,120,0.0486,Normal,Lung,Other
GSK-656,14,48,120,0.0506,Normal,Lung,Other
GSK-656,14,48,120,0.0576,Normal,Lung,Other
GSK-656,15,48,120,0.0493,Cellular,Cellular,Other
GSK-656,15,48,120,0.056,Cellular,Cellular,Other
GSK-656,15,48,120,0.0683,Cellular,Cellular,Other
GSK-656,15,48,120,0.0448,Cellular,Cellular,Other
GSK-656,15,48,120,0.0519,Cellular,Cellular,Other
GSK-656,15,48,120,0.0392,Cellular,Cellular,Other
GSK-656,15,48,120,0.0556,Cellular,Cellular,Other
GSK-656,15,48,120,0.0655,Cellular,Cellular,Other
GSK-656,15,48,120,0.0566,Cellular,Cellular,Other
GSK-656,15,48,120,0.0681,Cellular,Cellular,Other
GSK-656,15,48,120,0.0528,Cellular,Cellular,Other
GSK-656,15,48,120,0.0529,Cellular,Cellular,Other
GSK-656,15,48,120,0.0683,Cellular,Cellular,Other
GSK-656,15,48,120,0.0544,Cellular,Cellular,Other
GSK-656,15,48,120,0.0281,Normal,Lung,Other
GSK-656,15,48,120,0.0288,Normal,Lung,Other
GSK-656,15,48,120,0.036,Normal,Lung,Other
GSK-656,15,48,120,0.032,Normal,Lung,Other
GSK-656,15,48,120,0.0298,Normal,Lung,Other
GSK-656,15,48,120,0.0311,Normal,Lung,Other
GSK-656,15,48,120,0.0217,Caseum,Caseum,Other
GSK-656,15,48,120,0.0251,Inner Cellular,Cellular,Other
GSK-656,15,48,120,0.0346,Outer Cellular,Cellular,Other
GSK-656,15,48,120,0.0194,Normal,Lung,Other
GTX,1,6,6,18.1,Caseum,Caseum,Other
GTX,1,6,6,19.8,Cellular,Cellular,Other
GTX,1,6,6,21.2,Normal,Lung,Other
GTX,1,6,6,34.53889,Cellular,Cellular,Other
GTX,1,6,6,33.5857143,Normal,Lung,Other
GTX,2,6,6,4.27,Caseum,Caseum,Other
GTX,2,6,6,7.05,Caseum,Caseum,Other
GTX,2,6,6,10.3,Cellular,Cellular,Other
GTX,2,6,6,10.1,Normal,Lung,Other
GTX,2,6,6,10.8,Caseum,Caseum,Other
GTX,2,6,6,10.3,Cellular,Cellular,Other
GTX,2,6,6,14.8666667,Normal,Lung,Other
GTX,3,24,24,2.64,Caseum,Caseum,Other
GTX,3,24,24,5.21,Cellular,Cellular,Other
GTX,3,24,24,4.15,Normal,Lung,Other
GTX,3,24,24,3.73,Caseum,Caseum,Other
GTX,3,24,24,6.56,Cellular,Cellular,Other
GTX,3,24,24,5.95,Normal,Lung,Other
GTX,4,2,2,24.7,Caseum,Caseum,Other
GTX,4,2,2,26.6,Cellular,Cellular,Other
GTX,4,2,2,24.82,Cellular,Cellular,Other
GTX,5,6,6,7.57,Caseum,Caseum,Other
GTX,5,6,6,11.4,Caseum,Caseum,Other
GTX,5,6,6,15.7,Cellular,Cellular,Other
GTX,5,6,6,13.3,Normal,Lung,Other
GTX,5,6,6,9.42,Caseum,Caseum,Other
GTX,5,6,6,15.4,Cellular,Cellular,Other
GTX,5,6,6,25.13,Cellular,Cellular,Other
GTX,5,6,6,19.36666667,Normal,Lung,Other
GTX,5,6,6,25.13,Cellular,Cellular,Other
GTX,6,6,6,14,Caseum,Caseum,Other
GTX,6,6,6,27,Cellular,Cellular,Other
GTX,6,6,6,24.4,Normal,Lung,Other
GTX,6,6,6,48.788889,Cellular,Cellular,Other
GTX,6,6,6,37.18571429,Normal,Lung,Other
mCLB-073,21,2,50,9.74,Normal,Lung,Other
mCLB-073,21,2,50,4.79,Cellular,Cellular,Other
mCLB-073,21,2,50,7.84,Cellular,Cellular,Other
mCLB-073,21,2,50,6.74,Cellular,Cellular,Other
mCLB-073,21,2,50,5.83,Cellular,Cellular,Other
mCLB-073,21,2,50,4.43,Cellular,Cellular,Other
mCLB-073,21,2,50,9.34,Normal,Lung,Other
mCLB-073,21,2,50,5.36,Cellular,Cellular,Other
mCLB-073,21,2,50,6.68,Cellular,Cellular,Other
mCLB-073,21,2,50,9.31,Normal,Lung,Other
mCLB-073,21,2,50,2.44,Cellular,Cellular,Other
mCLB-073,21,2,50,4.14,Cellular,Cellular,Other
mCLB-073,21,2,50,9.22,Normal,Lung,Other
mCLB-073,21,2,50,5.91,Cellular,Cellular,Other
mCLB-073,21,2,50,8.41,Normal,Lung,Other
mCLB-073,21,2,50,5.85,Cellular,Cellular,Other
mCLB-073,21,2,50,6.95,Normal,Lung,Other
mCLB-073,21,2,50,6.72,Cellular,Cellular,Other
mCLB-073,21,2,50,4.12,Cellular,Cellular,Other
mCLB-073,21,2,50,7.22,Cellular,Cellular,Other
mCLB-073,22,2,50,6.34,Normal,Lung,Other
mCLB-073,22,2,50,3.81,Cellular,Cellular,Other
mCLB-073,22,2,50,2.4,Cellular,Cellular,Other
mCLB-073,22,2,50,4.71,Cellular,Cellular,Other
mCLB-073,22,2,50,6.4,Normal,Lung,Other
mCLB-073,22,2,50,4.54,Cellular,Cellular,Other
mCLB-073,22,2,50,4.18,Normal,Lung,Other
mCLB-073,22,2,50,4.44,Cellular,Cellular,Other
mCLB-073,22,2,50,5.46,Cellular,Cellular,Other
mCLB-073,22,2,50,8.09,Normal,Lung,Other
mCLB-073,22,2,50,5.69,Cellular,Cellular,Other
mCLB-073,22,2,50,6.51,Normal,Lung,Other
mCLB-073,22,2,50,3.28,Cellular,Cellular,Other
mCLB-073,22,2,50,4.43,Cellular,Cellular,Other
mCLB-073,22,2,50,6.53,Normal,Lung,Other
mCLB-073,22,2,50,3.93,Cellular,Cellular,Other
mCLB-073,22,2,50,3.37,Cellular,Cellular,Other
mCLB-073,22,2,50,5.09,Cellular,Cellular,Other
mCLB-073,22,2,50,5.3,Cellular,Cellular,Other
mCLB-073,22,2,50,5.43,Cellular,Cellular,Other
mCLB-073,23,2,50,6.65,Normal,Lung,Other
mCLB-073,23,2,50,2.97,Cellular,Cellular,Other
mCLB-073,23,2,50,2.58,Cellular,Cellular,Other
mCLB-073,23,2,50,7.16,Cellular,Cellular,Other
mCLB-073,23,2,50,5.06,Normal,Lung,Other
mCLB-073,23,2,50,4.63,Cellular,Cellular,Other
mCLB-073,23,2,50,4.72,Cellular,Cellular,Other
mCLB-073,23,2,50,5.46,Cellular,Cellular,Other
mCLB-073,23,2,50,6.86,Normal,Lung,Other
mCLB-073,23,2,50,7.28,Normal,Lung,Other
mCLB-073,23,2,50,7.44,Cellular,Cellular,Other
mCLB-073,23,2,50,9.05,Normal,Lung,Other
mCLB-073,23,2,50,5.5,Cellular,Cellular,Other
mCLB-073,23,2,50,7.17,Normal,Lung,Other
mCLB-073,23,2,50,5.99,Cellular,Cellular,Other
mCLB-073,23,2,50,3.8,Cellular,Cellular,Other
mCLB-073,23,2,50,8.65,Cellular,Cellular,Other
mCLB-073,23,2,50,6.18,Cellular,Cellular,Other
mCLB-073,23,2,50,8.43,Cellular,Cellular,Other
mCLB-073,23,2,50,8.02,Cellular,Cellular,Other
mCLB-073,24,2,50,4.32,Normal,Lung,Other
mCLB-073,24,2,50,4.75,Cellular,Cellular,Other
mCLB-073,24,2,50,5.04,Cellular,Cellular,Other
mCLB-073,24,2,50,5.39,Normal,Lung,Other
mCLB-073,24,2,50,5.02,Normal,Lung,Other
mCLB-073,24,2,50,7.13,Normal,Lung,Other
mCLB-073,24,2,50,3.43,Normal,Lung,Other
mCLB-073,24,2,50,6.57,Cellular,Cellular,Other
mCLB-073,24,2,50,3.6,Cellular,Cellular,Other
mCLB-073,24,2,50,3.62,Cellular,Cellular,Other
mCLB-073,24,2,50,6.08,Normal,Lung,Other
mCLB-073,25,6,54,7.95,Normal,Lung,Other
mCLB-073,25,6,54,9.12,Cellular,Cellular,Other
mCLB-073,25,6,54,7.92,Cellular,Cellular,Other
mCLB-073,25,6,54,8.69,Cellular,Cellular,Other
mCLB-073,25,6,54,10.1,Cellular,Cellular,Other
mCLB-073,25,6,54,9.14,Normal,Lung,Other
mCLB-073,25,6,54,4.95,Cellular,Cellular,Other
mCLB-073,25,6,54,8.42,Cellular,Cellular,Other
mCLB-073,25,6,54,7.67,Cellular,Cellular,Other
mCLB-073,25,6,54,9.67,Normal,Lung,Other
mCLB-073,25,6,54,9.75,Cellular,Cellular,Other
mCLB-073,25,6,54,10,Normal,Lung,Other
mCLB-073,25,6,54,10.2,Cellular,Cellular,Other
mCLB-073,25,6,54,9.55,Cellular,Cellular,Other
mCLB-073,25,6,54,6.86,Normal,Lung,Other
mCLB-073,25,6,54,9.27,Cellular,Cellular,Other
mCLB-073,25,6,54,11.2,Normal,Lung,Other
mCLB-073,25,6,54,8.3,Cellular,Cellular,Other
mCLB-073,25,6,54,8.62,Cellular,Cellular,Other
mCLB-073,25,6,54,7.84,Cellular,Cellular,Other
mCLB-073,26,6,54,7.39,Normal,Lung,Other
mCLB-073,26,6,54,8.27,Cellular,Cellular,Other
mCLB-073,26,6,54,8.88,Cellular,Cellular,Other
mCLB-073,26,6,54,8.88,Cellular,Cellular,Other
mCLB-073,26,6,54,9.04,Normal,Lung,Other
mCLB-073,26,6,54,6.22,Cellular,Cellular,Other
mCLB-073,26,6,54,11,Cellular,Cellular,Other
mCLB-073,26,6,54,9.98,Normal,Lung,Other
mCLB-073,26,6,54,5.21,Cellular,Cellular,Other
mCLB-073,26,6,54,8.77,Normal,Lung,Other
mCLB-073,26,6,54,5.47,Cellular,Cellular,Other
mCLB-073,26,6,54,6.3,Cellular,Cellular,Other
mCLB-073,26,6,54,9.04,Normal,Lung,Other
mCLB-073,26,6,54,7.92,Cellular,Cellular,Other
mCLB-073,26,6,54,7.78,Cellular,Cellular,Other
mCLB-073,26,6,54,7.96,Normal,Lung,Other
mCLB-073,26,6,54,9.01,Cellular,Cellular,Other
mCLB-073,26,6,54,8.24,Cellular,Cellular,Other
mCLB-073,26,6,54,6.44,Cellular,Cellular,Other
mCLB-073,26,6,54,8.8,Cellular,Cellular,Other
mCLB-073,27,6,54,8.13,Normal,Lung,Other
mCLB-073,27,6,54,4.47,Cellular,Cellular,Other
mCLB-073,27,6,54,6.52,Cellular,Cellular,Other
mCLB-073,27,6,54,7.09,Normal,Lung,Other
mCLB-073,27,6,54,4.35,Cellular,Cellular,Other
mCLB-073,27,6,54,3.6,Cellular,Cellular,Other
mCLB-073,27,6,54,10.9,Normal,Lung,Other
mCLB-073,27,6,54,5.1,Cellular,Cellular,Other
mCLB-073,27,6,54,6.87,Normal,Lung,Other
mCLB-073,27,6,54,6.34,Cellular,Cellular,Other
mCLB-073,27,6,54,8.04,Normal,Lung,Other
mCLB-073,27,6,54,7.31,Cellular,Cellular,Other
mCLB-073,27,6,54,6.81,Normal,Lung,Other
mCLB-073,27,6,54,4.8,Cellular,Cellular,Other
mCLB-073,27,6,54,7.47,Cellular,Cellular,Other
mCLB-073,27,6,54,9.24,Cellular,Cellular,Other
mCLB-073,27,6,54,4.65,Cellular,Cellular,Other
mCLB-073,28,6,54,9.17,Normal,Lung,Other
mCLB-073,28,6,54,9.55,Cellular,Cellular,Other
mCLB-073,28,6,54,8.72,Cellular,Cellular,Other
mCLB-073,28,6,54,5.53,Cellular,Cellular,Other
mCLB-073,28,6,54,11.8,Normal,Lung,Other
mCLB-073,28,6,54,7.7,Cellular,Cellular,Other
mCLB-073,28,6,54,10,Cellular,Cellular,Other
mCLB-073,28,6,54,11.2,Cellular,Cellular,Other
mCLB-073,28,6,54,11.2,Normal,Lung,Other
mCLB-073,28,6,54,7.43,Cellular,Cellular,Other
mCLB-073,28,6,54,7.23,Cellular,Cellular,Other
mCLB-073,28,6,54,9.31,Normal,Lung,Other
mCLB-073,28,6,54,10.2,Cellular,Cellular,Other
mCLB-073,28,6,54,8.59,Cellular,Cellular,Other
mCLB-073,28,6,54,11.7,Normal,Lung,Other
mCLB-073,28,6,54,5.86,Cellular,Cellular,Other
mCLB-073,28,6,54,7.27,Cellular,Cellular,Other
mCLB-073,28,6,54,9.09,Normal,Lung,Other
mCLB-073,28,6,54,12.9,Cellular,Cellular,Other
mCLB-073,28,6,54,7.67,Cellular,Cellular,Other
mCLB-073,29,24,72,0.3,Normal,Lung,Other
mCLB-073,29,24,72,0.157,Cellular,Cellular,Other
mCLB-073,29,24,72,0.141,Cellular,Cellular,Other
mCLB-073,29,24,72,0.287,Normal,Lung,Other
mCLB-073,29,24,72,0.3,Normal,Lung,Other
mCLB-073,29,24,72,0.377,Normal,Lung,Other
mCLB-073,29,24,72,0.183,Cellular,Cellular,Other
mCLB-073,29,24,72,0.293,Normal,Lung,Other
mCLB-073,29,24,72,0.246,Cellular,Cellular,Other
mCLB-073,29,24,72,0.25,Normal,Lung,Other
mCLB-073,29,24,72,0.179,Cellular,Cellular,Other
mCLB-073,30,24,72,1.89,Normal,Lung,Other
mCLB-073,30,24,72,1.3,Cellular,Cellular,Other
mCLB-073,30,24,72,1.95,Normal,Lung,Other
mCLB-073,30,24,72,1.33,Cellular,Cellular,Other
mCLB-073,30,24,72,1.07,Cellular,Cellular,Other
mCLB-073,30,24,72,1.63,Normal,Lung,Other
mCLB-073,30,24,72,0.717,Cellular,Cellular,Other
mCLB-073,30,24,72,1.44,Cellular,Cellular,Other
mCLB-073,30,24,72,1.57,Cellular,Cellular,Other
mCLB-073,30,24,72,1.93,Normal,Lung,Other
mCLB-073,30,24,72,1.25,Cellular,Cellular,Other
mCLB-073,30,24,72,2.12,Normal,Lung,Other
mCLB-073,30,24,72,1.13,Cellular,Cellular,Other
mCLB-073,30,24,72,1.4,Cellular,Cellular,Other
mCLB-073,30,24,72,1.97,Normal,Lung,Other
mCLB-073,30,24,72,1.69,Cellular,Cellular,Other
mCLB-073,30,24,72,1.71,Cellular,Cellular,Other
mCLB-073,30,24,72,0.94,Cellular,Cellular,Other
mCLB-073,30,24,72,1.3,Cellular,Cellular,Other
mCLB-073,30,24,72,0.869,Cellular,Cellular,Other
mCLB-073,31,24,72,0.795,Normal,Lung,Other
mCLB-073,31,24,72,0.89,Cellular,Cellular,Other
mCLB-073,31,24,72,0.827,Cellular,Cellular,Other
mCLB-073,31,24,72,1.2,Normal,Lung,Other
mCLB-073,31,24,72,0.664,Cellular,Cellular,Other
mCLB-073,31,24,72,0.901,Normal,Lung,Other
mCLB-073,31,24,72,0.506,Cellular,Cellular,Other
mCLB-073,31,24,72,0.717,Normal,Lung,Other
mCLB-073,31,24,72,0.51,Cellular,Cellular,Other
mCLB-073,31,24,72,1,Normal,Lung,Other
mCLB-073,31,24,72,0.619,Cellular,Cellular,Other
mCLB-073,31,24,72,1.05,Normal,Lung,Other
mCLB-073,31,24,72,0.346,Cellular,Cellular,Other
mCLB-073,32,24,72,0.907,Normal,Lung,Other
mCLB-073,32,24,72,0.45,Cellular,Cellular,Other
mCLB-073,32,24,72,0.799,Normal,Lung,Other
mCLB-073,32,24,72,0.527,Cellular,Cellular,Other
mCLB-073,32,24,72,0.702,Cellular,Cellular,Other
mCLB-073,32,24,72,0.973,Normal,Lung,Other
mCLB-073,32,24,72,0.815,Normal,Lung,Other
mCLB-073,32,24,72,0.951,Normal,Lung,Other
mCLB-073,32,24,72,0.61,Cellular,Cellular,Other
mCLB-073,32,24,72,0.745,Normal,Lung,Other
mCLB-073,32,24,72,0.64,Cellular,Cellular,Other
mCLB-073,21,2,50,3.66,Caseum,Caseum,Other
mCLB-073,21,2,50,4.45,Cellular,Cellular,Other
mCLB-073,21,2,50,4.71,Cellular,Cellular,Other
mCLB-073,21,2,50,6.02,Normal,Lung,Other
mCLB-073,25,6,54,10.4,Caseum,Caseum,Other
mCLB-073,25,6,54,9.16,Cellular,Cellular,Other
mCLB-073,25,6,54,9.01,Cellular,Cellular,Other
mCLB-073,25,6,54,6.08,Normal,Lung,Other
mCLB-073,27,6,54,3.91,Caseum,Caseum,Other
mCLB-073,27,6,54,6.86,Caseum,Caseum,Other
mCLB-073,27,6,54,6.21,Cellular,Cellular,Other
mCLB-073,27,6,54,7.6,Cellular,Cellular,Other
mCLB-073,27,6,54,7.03,Normal,Lung,Other
mCLB-073,30,24,72,1.03,Cellular,Cellular,Other
mCLB-073,30,24,72,1.32,Cellular,Cellular,Other
mCLB-073,30,24,72,1.18,Normal,Lung,Other
mCLB-073,31,24,72,4,Caseum,Caseum,Other
mCLB-073,31,24,72,1.63,Caseum,Caseum,Other
mCLB-073,31,24,72,0.608,Cellular,Cellular,Other
mCLB-073,31,24,72,0.679,Cellular,Cellular,Other
mCLB-073,31,24,72,0.695,Cellular,Cellular,Other
mCLB-073,31,24,72,0.705,Normal,Lung,Other
mCLB-073,31,24,72,2.21,Caseum,Caseum,Other
mCLB-073,31,24,72,1.64,Caseum,Caseum,Other
mCLB-073,31,24,72,2.13,Caseum,Caseum,Other
mCLB-073,31,24,72,1.41,Caseum,Caseum,Other
mCLB-073,31,24,72,0.748,Cellular,Cellular,Other
mCLB-073,31,24,72,0.723,Normal,Lung,Other
mCLB-073,31,24,72,2.99,Caseum,Caseum,Other
mCLB-073,31,24,72,2.95,Caseum,Caseum,Other
mCLB-073,31,24,72,2.15,Caseum,Caseum,Other
mCLB-073,31,24,72,1.33,Caseum,Caseum,Other
mCLB-073,31,24,72,0.671,Cellular,Cellular,Other
mCLB-073,31,24,72,0.711,Cellular,Cellular,Other
mCLB-073,31,24,72,0.494,Normal,Lung,Other
mCLB-073,32,24,72,3.47,Caseum,Caseum,Other
mCLB-073,32,24,72,2.71,Caseum,Caseum,Other
mCLB-073,32,24,72,2.07,Caseum,Caseum,Other
mCLB-073,32,24,72,1.41,Caseum,Caseum,Other
mCLB-073,32,24,72,0.646,Cellular,Cellular,Other
mCLB-073,32,24,72,0.548,Normal,Lung,Other
mCLB-073,32,24,72,0.72,Cellular,Cellular,Other
mCLB-073,32,24,72,0.826,Caseum,Caseum,Other
mCLB-073,32,24,72,0.68,Cellular,Cellular,Other
OPC-167832,1,6,78,1.63,Cellular,Cellular,Other
OPC-167832,1,6,78,1.28,Cellular,Cellular,Other
OPC-167832,1,6,78,1.07,Cellular,Cellular,Other
OPC-167832,1,6,78,2,Cellular,Cellular,Other
OPC-167832,1,6,78,1.92,Cellular,Cellular,Other
OPC-167832,1,6,78,1.94,Cellular,Cellular,Other
OPC-167832,1,6,78,2.18,Cellular,Cellular,Other
OPC-167832,1,6,78,2.27,Cellular,Cellular,Other
OPC-167832,1,6,78,2.16,Cellular,Cellular,Other
OPC-167832,1,6,78,1.16,Cellular,Cellular,Other
OPC-167832,1,6,78,1.41,Cellular,Cellular,Other
OPC-167832,1,6,78,1.14,Cellular,Cellular,Other
OPC-167832,1,6,78,1.74,Normal,Lung,Other
OPC-167832,1,6,78,0.862,Normal,Lung,Other
OPC-167832,1,6,78,0.792,Normal,Lung,Other
OPC-167832,1,6,78,2.4,Normal,Lung,Other
OPC-167832,1,6,78,0.878,Normal,Lung,Other
OPC-167832,1,6,78,0.892,Normal,Lung,Other
OPC-167832,2,6,78,1.17,Cellular,Cellular,Other
OPC-167832,2,6,78,1.54,Cellular,Cellular,Other
OPC-167832,2,6,78,1.7,Cellular,Cellular,Other
OPC-167832,2,6,78,1.42,Cellular,Cellular,Other
OPC-167832,2,6,78,1.43,Cellular,Cellular,Other
OPC-167832,2,6,78,1.61,Cellular,Cellular,Other
OPC-167832,2,6,78,1.71,Cellular,Cellular,Other
OPC-167832,2,6,78,3.3,Cellular,Cellular,Other
OPC-167832,2,6,78,1.39,Cellular,Cellular,Other
OPC-167832,2,6,78,0.81,Inner Caseum,Caseum,Other
OPC-167832,2,6,78,1.04,Normal,Lung,Other
OPC-167832,2,6,78,1.41,Normal,Lung,Other
OPC-167832,2,6,78,1.3,Normal,Lung,Other
OPC-167832,2,6,78,1.44,Normal,Lung,Other
OPC-167832,2,6,78,1.92,Normal,Lung,Other
OPC-167832,2,6,78,2.38,Normal,Lung,Other
OPC-167832,2,6,78,1.75,Normal,Lung,Other
OPC-167832,2,6,78,1.01,Outer Caseum,Caseum,Other
OPC-167832,3,6,78,1.37,Cellular,Cellular,Other
OPC-167832,3,6,78,1.16,Cellular,Cellular,Other
OPC-167832,3,6,78,0.981,Cellular,Cellular,Other
OPC-167832,3,6,78,1.05,Cellular,Cellular,Other
OPC-167832,3,6,78,1.4,Cellular,Cellular,Other
OPC-167832,3,6,78,0.85,Cellular,Cellular,Other
OPC-167832,3,6,78,1.2,Cellular,Cellular,Other
OPC-167832,3,6,78,0.812,Cellular,Cellular,Other
OPC-167832,3,6,78,1.05,Cellular,Cellular,Other
OPC-167832,3,6,78,1.13,Normal,Lung,Other
OPC-167832,3,6,78,0.85,Normal,Lung,Other
OPC-167832,3,6,78,1.17,Normal,Lung,Other
OPC-167832,3,6,78,1.16,Normal,Lung,Other
OPC-167832,3,6,78,0.957,Normal,Lung,Other
OPC-167832,3,6,78,0.821,Normal,Lung,Other
OPC-167832,4,24,96,0.311,Cellular,Cellular,Other
OPC-167832,4,24,96,0.73,Cellular,Cellular,Other
OPC-167832,4,24,96,0.527,Cellular,Cellular,Other
OPC-167832,4,24,96,0.448,Cellular,Cellular,Other
OPC-167832,4,24,96,0.299,Normal,Lung,Other
OPC-167832,4,24,96,0.404,Normal,Lung,Other
OPC-167832,4,24,96,0.28,Normal,Lung,Other
OPC-167832,4,24,96,0.387,Normal,Lung,Other
OPC-167832,4,24,96,0.405,Normal,Lung,Other
OPC-167832,4,24,96,0.625,Normal,Lung,Other
OPC-167832,5,24,96,0.385,Cellular,Cellular,Other
OPC-167832,5,24,96,0.353,Cellular,Cellular,Other
OPC-167832,5,24,96,0.389,Cellular,Cellular,Other
OPC-167832,5,24,96,0.407,Cellular,Cellular,Other
OPC-167832,5,24,96,0.45,Cellular,Cellular,Other
OPC-167832,5,24,96,0.449,Cellular,Cellular,Other
OPC-167832,5,24,96,0.427,Cellular,Cellular,Other
OPC-167832,5,24,96,0.409,Cellular,Cellular,Other
OPC-167832,5,24,96,0.418,Cellular,Cellular,Other
OPC-167832,5,24,96,0.406,Cellular,Cellular,Other
OPC-167832,5,24,96,0.456,Cellular,Cellular,Other
OPC-167832,5,24,96,0.432,Cellular,Cellular,Other
OPC-167832,5,24,96,0.481,Cellular,Cellular,Other
OPC-167832,5,24,96,0.374,Cellular,Cellular,Other
OPC-167832,5,24,96,0.495,Cellular,Cellular,Other
OPC-167832,5,24,96,0.404,Cellular,Cellular,Other
OPC-167832,5,24,96,0.508,Inner Caseum,Caseum,Other
OPC-167832,5,24,96,0.416,Inner Caseum,Caseum,Other
OPC-167832,5,24,96,0.314,Normal,Lung,Other
OPC-167832,5,24,96,0.305,Normal,Lung,Other
OPC-167832,5,24,96,0.159,Normal,Lung,Other
OPC-167832,5,24,96,0.343,Normal,Lung,Other
OPC-167832,5,24,96,0.231,Normal,Lung,Other
OPC-167832,5,24,96,0.408,Normal,Lung,Other
OPC-167832,5,24,96,0.326,Normal,Lung,Other
OPC-167832,5,24,96,0.498,Normal,Lung,Other
OPC-167832,5,24,96,0.426,Outer Caseum,Caseum,Other
OPC-167832,5,24,96,0.434,Outer Caseum,Caseum,Other
OPC-167832,6,24,96,0.807,Cellular,Cellular,Other
OPC-167832,6,24,96,0.857,Cellular,Cellular,Other
OPC-167832,6,24,96,0.564,Cellular,Cellular,Other
OPC-167832,6,24,96,0.655,Cellular,Cellular,Other
OPC-167832,6,24,96,0.701,Cellular,Cellular,Other
OPC-167832,6,24,96,0.721,Cellular,Cellular,Other
OPC-167832,6,24,96,1.08,Cellular,Cellular,Other
OPC-167832,6,24,96,0.728,Cellular,Cellular,Other
OPC-167832,6,24,96,0.95,Cellular,Cellular,Other
OPC-167832,6,24,96,0.823,Cellular,Cellular,Other
OPC-167832,6,24,96,0.688,Cellular,Cellular,Other
OPC-167832,6,24,96,0.932,Cellular,Cellular,Other
OPC-167832,6,24,96,0.889,Cellular,Cellular,Other
OPC-167832,6,24,96,0.623,Cellular,Cellular,Other
OPC-167832,6,24,96,0.614,Inner Caseum,Caseum,Other
OPC-167832,6,24,96,0.585,Inner Cellular,Cellular,Other
OPC-167832,6,24,96,0.491,Normal,Lung,Other
OPC-167832,6,24,96,0.617,Normal,Lung,Other
OPC-167832,6,24,96,0.827,Normal,Lung,Other
OPC-167832,6,24,96,0.451,Normal,Lung,Other
OPC-167832,6,24,96,1.04,Normal,Lung,Other
OPC-167832,6,24,96,0.741,Normal,Lung,Other
OPC-167832,6,24,96,1.56,Normal,Lung,Other
OPC-167832,6,24,96,0.647,Outer Caseum,Caseum,Other
OPC-167832,6,24,96,0.843,Outer Cellular,Cellular,Other
OPC-167832,7,6,78,0.661,Cellular,Cellular,Other
OPC-167832,7,6,78,0.794,Cellular,Cellular,Other
OPC-167832,7,6,78,0.879,Cellular,Cellular,Other
OPC-167832,7,6,78,0.673,Cellular,Cellular,Other
OPC-167832,7,6,78,0.776,Cellular,Cellular,Other
OPC-167832,7,6,78,0.805,Cellular,Cellular,Other
OPC-167832,7,6,78,0.885,Cellular,Cellular,Other
OPC-167832,7,6,78,0.693,Cellular,Cellular,Other
OPC-167832,7,6,78,0.625,Cellular,Cellular,Other
OPC-167832,7,6,78,0.7,Cellular,Cellular,Other
OPC-167832,7,6,78,0.79,Cellular,Cellular,Other
OPC-167832,7,6,78,0.981,Cellular,Cellular,Other
OPC-167832,7,6,78,0.872,Cellular,Cellular,Other
OPC-167832,7,6,78,0.731,Cellular,Cellular,Other
OPC-167832,7,6,78,0.761,Normal,Lung,Other
OPC-167832,7,6,78,0.618,Normal,Lung,Other
OPC-167832,7,6,78,0.712,Normal,Lung,Other
OPC-167832,7,6,78,0.735,Normal,Lung,Other
OPC-167832,7,6,78,1.17,Normal,Lung,Other
OPC-167832,7,6,78,0.598,Normal,Lung,Other
OPC-167832,8,6,78,1.06,Cellular,Cellular,Other
OPC-167832,8,6,78,0.942,Cellular,Cellular,Other
OPC-167832,8,6,78,1.08,Cellular,Cellular,Other
OPC-167832,8,6,78,1.39,Cellular,Cellular,Other
OPC-167832,8,6,78,1.425,Cellular,Cellular,Other
OPC-167832,8,6,78,0.958,Cellular,Cellular,Other
OPC-167832,8,6,78,1.05,Cellular,Cellular,Other
OPC-167832,8,6,78,1.08,Cellular,Cellular,Other
OPC-167832,8,6,78,0.961,Cellular,Cellular,Other
OPC-167832,8,6,78,1.41,Cellular,Cellular,Other
OPC-167832,8,6,78,1.25,Cellular,Cellular,Other
OPC-167832,8,6,78,1.2,Cellular,Cellular,Other
OPC-167832,8,6,78,0.974,Cellular,Cellular,Other
OPC-167832,8,6,78,1.16,Cellular,Cellular,Other
OPC-167832,8,6,78,1.09,Normal,Lung,Other
OPC-167832,8,6,78,0.794,Normal,Lung,Other
OPC-167832,8,6,78,0.848,Normal,Lung,Other
OPC-167832,8,6,78,1.6,Normal,Lung,Other
OPC-167832,8,6,78,1.23,Normal,Lung,Other
OPC-167832,8,6,78,1.14,Normal,Lung,Other
PMD,12,2,2,2.12,Uninvolved.Lung,Lung,Other
PMD,12,2,2,1.83,Uninvolved.Lung,Lung,Other
PMD,12,2,2,2.43,Uninvolved.Lung,Lung,Other
PMD,12,2,2,2.66,Uninvolved.Lung,Lung,Other
PMD,12,2,2,1.27,Uninvolved.Lung,Lung,Other
PMD,12,2,2,3.07,Uninvolved.Lung,Lung,Other
PMD,12,2,2,2,Uninvolved.Lung,Lung,Other
PMD,12,2,2,2.19,Cellular.lesions,Cellular,Other
PMD,12,2,2,1.67,Cellular.lesions,Cellular,Other
PMD,12,2,2,0.623,Cellular.lesions,Cellular,Other
PMD,12,2,2,2.58,Cellular.lesions,Cellular,Other
PMD,12,2,2,3.05,Cellular.lesions,Cellular,Other
PMD,12,2,2,1.24,Caseous.lesions,Caseous/Fibrotic,Other
PMD,12,2,2,2.2,Caseous.lesions,Caseous/Fibrotic,Other
PMD,12,2,2,1.41,Caseous.lesions,Caseous/Fibrotic,Other
PMD,12,2,2,1.74,Caseous.lesions,Caseous/Fibrotic,Other
PMD,12,2,2,2.16,Caseous.lesions,Caseous/Fibrotic,Other
PMD,12,2,2,1.46,Caseous.lesions,Caseous/Fibrotic,Other
PMD,12,2,2,1.87,Caseous.lesions,Caseous/Fibrotic,Other
PMD,12,2,2,2.23,Caseous.lesions,Caseous/Fibrotic,Other
PMD,12,2,2,2,Caseous.lesions,Caseous/Fibrotic,Other
PMD,12,2,2,2.18,Caseous.lesions,Caseous/Fibrotic,Other
PMD,12,2,2,1.13,Caseous.lesions,Caseous/Fibrotic,Other
PMD,12,2,2,0.945,Caseous.lesions,Caseous/Fibrotic,Other
PMD,12,2,2,0.691,Caseous.lesions,Caseous/Fibrotic,Other
PMD,12,2,2,1.49,Caseous.lesions,Caseous/Fibrotic,Other
PMD,12,2,2,1.05,Caseous.lesions,Caseous/Fibrotic,Other
PMD,12,2,2,1.71,Caseous.lesions,Caseous/Fibrotic,Other
PMD,12,2,2,1.86,Caseous.lesions,Caseous/Fibrotic,Other
PMD,13,6,6,4.44,Uninvolved.Lung,Lung,Other
PMD,13,6,6,4.9,Uninvolved.Lung,Lung,Other
PMD,13,6,6,3.76,Uninvolved.Lung,Lung,Other
PMD,13,6,6,6.28,Uninvolved.Lung,Lung,Other
PMD,13,6,6,5.49,Uninvolved.Lung,Lung,Other
PMD,13,6,6,3.72,Uninvolved.Lung,Lung,Other
PMD,13,6,6,5.01,Cellular.lesions,Cellular,Other
PMD,13,6,6,4.32,Cellular.lesions,Cellular,Other
PMD,13,6,6,3.12,Cellular.lesions,Cellular,Other
PMD,13,6,6,5.55,Cellular.lesions,Cellular,Other
PMD,13,6,6,3.93,Caseous.lesions,Caseous/Fibrotic,Other
PMD,13,6,6,4.42,Caseous.lesions,Caseous/Fibrotic,Other
PMD,13,6,6,4.7,Caseous.lesions,Caseous/Fibrotic,Other
PMD,13,6,6,3.35,Caseous.lesions,Caseous/Fibrotic,Other
PMD,13,6,6,2.91,Caseous.lesions,Caseous/Fibrotic,Other
PMD,13,6,6,4.76,Caseous.lesions,Caseous/Fibrotic,Other
PMD,13,6,6,4.45,Caseous.lesions,Caseous/Fibrotic,Other
PMD,13,6,6,4.87,Caseous.lesions,Caseous/Fibrotic,Other
PMD,13,6,6,4.64,Caseous.lesions,Caseous/Fibrotic,Other
PMD,13,6,6,3.52,Caseous.lesions,Caseous/Fibrotic,Other
PMD,13,6,6,3.93,Caseous.lesions,Caseous/Fibrotic,Other
PMD,13,6,6,3.48,Caseous.lesions,Caseous/Fibrotic,Other
PMD,13,6,6,3.3,Caseous.lesions,Caseous/Fibrotic,Other
PMD,13,6,6,2.96,Caseous.lesions,Caseous/Fibrotic,Other
PMD,13,6,6,3.54,Caseous.lesions,Caseous/Fibrotic,Other
PMD,13,6,6,2.02,Caseous.lesions,Caseous/Fibrotic,Other
PMD,13,6,6,3.31,Caseous.lesions,Caseous/Fibrotic,Other
PMD,13,6,6,4.24,Caseous.lesions,Caseous/Fibrotic,Other
PMD,13,6,6,3.49,Caseous.lesions,Caseous/Fibrotic,Other
PMD,14,6,6,6.79,Uninvolved.Lung,Lung,Other
PMD,14,6,6,9.39,Uninvolved.Lung,Lung,Other
PMD,14,6,6,12.3,Uninvolved.Lung,Lung,Other
PMD,14,6,6,7.97,Cellular.lesions,Cellular,Other
PMD,14,6,6,8.6,Cellular.lesions,Cellular,Other
PMD,14,6,6,8.69,Caseous.lesions,Caseous/Fibrotic,Other
PMD,14,6,6,7.1,Caseous.lesions,Caseous/Fibrotic,Other
PMD,14,6,6,9.6,Caseous.lesions,Caseous/Fibrotic,Other
PMD,14,6,6,7.42,Caseous.lesions,Caseous/Fibrotic,Other
PMD,14,6,6,6.52,Caseous.lesions,Caseous/Fibrotic,Other
PMD,14,6,6,8.71,Caseous.lesions,Caseous/Fibrotic,Other
PMD,14,6,6,8.52,Caseous.lesions,Caseous/Fibrotic,Other
PMD,14,6,6,8.14,Caseous.lesions,Caseous/Fibrotic,Other
PMD,14,6,6,9.03,Caseous.lesions,Caseous/Fibrotic,Other
PMD,14,6,6,8.59,Caseous.lesions,Caseous/Fibrotic,Other
PMD,14,6,6,7.71,Caseous.lesions,Caseous/Fibrotic,Other
PMD,14,6,6,6.63,Caseous.lesions,Caseous/Fibrotic,Other
PMD,14,6,6,5.75,Caseous.lesions,Caseous/Fibrotic,Other
PMD,14,6,6,8.44,Caseous.lesions,Caseous/Fibrotic,Other
PMD,14,6,6,6.67,Caseous.lesions,Caseous/Fibrotic,Other
PMD,14,6,6,7.93,Caseous.lesions,Caseous/Fibrotic,Other
PMD,14,6,6,10.4,Caseous.lesions,Caseous/Fibrotic,Other
PMD,14,6,6,8.05,Caseous.lesions,Caseous/Fibrotic,Other
PMD,14,6,6,8.07,Caseous.lesions,Caseous/Fibrotic,Other
PMD,14,6,6,6.98,Caseous.lesions,Caseous/Fibrotic,Other
PMD,14,6,6,9.36,Caseous.lesions,Caseous/Fibrotic,Other
PMD,14,6,6,7.35,Caseous.lesions,Caseous/Fibrotic,Other
PMD,14,6,6,8.03,Caseous.lesions,Caseous/Fibrotic,Other
PMD,14,6,6,8.49,Caseous.lesions,Caseous/Fibrotic,Other
PMD,14,6,6,7.13,Caseous.lesions,Caseous/Fibrotic,Other
PMD,14,6,6,8.16,Caseous.lesions,Caseous/Fibrotic,Other
PMD,14,6,6,6.32,Caseous.lesions,Caseous/Fibrotic,Other
PMD,14,6,6,7.09,Caseous.lesions,Caseous/Fibrotic,Other
PMD,14,6,6,9.93,Caseous.lesions,Caseous/Fibrotic,Other
PMD,14,6,6,7.08,Caseous.lesions,Caseous/Fibrotic,Other
PMD,14,6,6,10.3,Caseous.lesions,Caseous/Fibrotic,Other
PMD,14,6,6,3.12,Caseum,Caseum,Other
PMD,14,6,6,3.33,Cavity.wall,Cavity,Other
PMD,15,2,2,3.27,Uninvolved.Lung,Lung,Other
PMD,15,2,2,4.46,Uninvolved.Lung,Lung,Other
PMD,15,2,2,1.71,Uninvolved.Lung,Lung,Other
PMD,15,2,2,3.92,Cellular.lesions,Cellular,Other
PMD,15,2,2,3.36,Cellular.lesions,Cellular,Other
PMD,15,2,2,2.98,Cellular.lesions,Cellular,Other
PMD,15,2,2,4.6,Cellular.lesions,Cellular,Other
PMD,15,2,2,3.99,Cellular.lesions,Cellular,Other
PMD,15,2,2,4.46,Cellular.lesions,Cellular,Other
PMD,15,2,2,3.35,Caseous.lesions,Caseous/Fibrotic,Other
PMD,15,2,2,2.89,Caseous.lesions,Caseous/Fibrotic,Other
PMD,15,2,2,2.47,Caseous.lesions,Caseous/Fibrotic,Other
PMD,15,2,2,3.46,Caseous.lesions,Caseous/Fibrotic,Other
PMD,15,2,2,3.23,Caseous.lesions,Caseous/Fibrotic,Other
PMD,15,2,2,3.54,Caseous.lesions,Caseous/Fibrotic,Other
PMD,15,2,2,3.2,Caseous.lesions,Caseous/Fibrotic,Other
PMD,15,2,2,3.26,Caseous.lesions,Caseous/Fibrotic,Other
PMD,15,2,2,3.31,Caseous.lesions,Caseous/Fibrotic,Other
PMD,15,2,2,3.44,Caseous.lesions,Caseous/Fibrotic,Other
PMD,15,2,2,3.23,Caseous.lesions,Caseous/Fibrotic,Other
PMD,15,2,2,3.91,Caseous.lesions,Caseous/Fibrotic,Other
PMD,15,2,2,4.05,Caseous.lesions,Caseous/Fibrotic,Other
PMD,15,2,2,4.01,Caseous.lesions,Caseous/Fibrotic,Other
PMD,15,2,2,4.26,Caseous.lesions,Caseous/Fibrotic,Other
PMD,15,2,2,3.34,Caseous.lesions,Caseous/Fibrotic,Other
PMD,15,2,2,4.86,Caseous.lesions,Caseous/Fibrotic,Other
PMD,15,2,2,3.13,Caseous.lesions,Caseous/Fibrotic,Other
PMD,15,2,2,1.67,Caseous.lesions,Caseous/Fibrotic,Other
PMD,15,2,2,3.94,Caseous.lesions,Caseous/Fibrotic,Other
PMD,15,2,2,4.86,Caseous.lesions,Caseous/Fibrotic,Other
PMD,15,2,2,1.21,Caseous.lesions,Caseous/Fibrotic,Other
PMD,15,2,2,3.25,Caseous.lesions,Caseous/Fibrotic,Other
PMD,15,2,2,3.64,Caseous.lesions,Caseous/Fibrotic,Other
PMD,15,2,2,4.51,Caseous.lesions,Caseous/Fibrotic,Other
PMD,15,2,2,5.77,Caseous.lesions,Caseous/Fibrotic,Other
PMD,16,24,24,4.19,Uninvolved.Lung,Lung,Other
PMD,16,24,24,2.36,Uninvolved.Lung,Lung,Other
PMD,16,24,24,2.57,Uninvolved.Lung,Lung,Other
PMD,16,24,24,3.19,Uninvolved.Lung,Lung,Other
PMD,16,24,24,2.67,Uninvolved.Lung,Lung,Other
PMD,16,24,24,2.25,Uninvolved.Lung,Lung,Other
PMD,16,24,24,2.21,Uninvolved.Lung,Lung,Other
PMD,16,24,24,2.48,Cellular.lesions,Cellular,Other
PMD,16,24,24,1.89,Cellular.lesions,Cellular,Other
PMD,16,24,24,3.18,Cellular.lesions,Cellular,Other
PMD,16,24,24,2.23,Caseous.lesions,Caseous/Fibrotic,Other
PMD,16,24,24,2.44,Caseous.lesions,Caseous/Fibrotic,Other
PMD,16,24,24,1.38,Caseous.lesions,Caseous/Fibrotic,Other
PMD,16,24,24,2.37,Caseous.lesions,Caseous/Fibrotic,Other
PMD,16,24,24,2.54,Caseous.lesions,Caseous/Fibrotic,Other
PMD,16,24,24,2.53,Caseous.lesions,Caseous/Fibrotic,Other
PMD,16,24,24,2.26,Caseous.lesions,Caseous/Fibrotic,Other
PMD,16,24,24,2,Caseous.lesions,Caseous/Fibrotic,Other
PMD,16,24,24,3.38,Caseous.lesions,Caseous/Fibrotic,Other
PMD,16,24,24,2.41,Caseous.lesions,Caseous/Fibrotic,Other
PMD,16,24,24,2.35,Caseous.lesions,Caseous/Fibrotic,Other
PMD,16,24,24,2.73,Caseous.lesions,Caseous/Fibrotic,Other
PMD,16,24,24,1.69,Caseous.lesions,Caseous/Fibrotic,Other
PMD,16,24,24,2.66,Caseous.lesions,Caseous/Fibrotic,Other
PMD,16,24,24,3.17,Caseous.lesions,Caseous/Fibrotic,Other
PMD,16,24,24,2.83,Caseous.lesions,Caseous/Fibrotic,Other
PMD,16,24,24,2.82,Caseous.lesions,Caseous/Fibrotic,Other
PMD,16,24,24,2.7,Caseous.lesions,Caseous/Fibrotic,Other
PMD,16,24,24,3.38,Caseous.lesions,Caseous/Fibrotic,Other
PMD,16,24,24,3.27,Caseous.lesions,Caseous/Fibrotic,Other
PMD,16,24,24,2.57,Caseous.lesions,Caseous/Fibrotic,Other
PMD,16,24,24,2.37,Caseous.lesions,Caseous/Fibrotic,Other
PMD,16,24,24,1.73,Caseous.lesions,Caseous/Fibrotic,Other
PMD,16,24,24,2.57,Caseous.lesions,Caseous/Fibrotic,Other
PMD,16,24,24,3.19,Caseous.lesions,Caseous/Fibrotic,Other
PMD,16,24,24,3.07,Caseous.lesions,Caseous/Fibrotic,Other
PMD,16,24,24,2.97,Caseous.lesions,Caseous/Fibrotic,Other
PMD,16,24,24,3.11,Caseous.lesions,Caseous/Fibrotic,Other
PMD,16,24,24,3.11,Caseous.lesions,Caseous/Fibrotic,Other
PMD,16,24,24,3.01,Caseous.lesions,Caseous/Fibrotic,Other
PMD,16,24,24,1.29,Caseum,Caseum,Other
PMD,17,2,2,6.99,Uninvolved.Lung,Lung,Other
PMD,17,2,2,3.08,Cellular.lesions,Cellular,Other
PMD,17,2,2,6.56,Cellular.lesions,Cellular,Other
PMD,17,2,2,4.85,Cellular.lesions,Cellular,Other
PMD,17,2,2,5.81,Cellular.lesions,Cellular,Other
PMD,17,2,2,6.15,Cellular.lesions,Cellular,Other
PMD,17,2,2,5.57,Cellular.lesions,Cellular,Other
PMD,17,2,2,5.07,Cellular.lesions,Cellular,Other
PMD,17,2,2,8.73,Cellular.lesions,Cellular,Other
PMD,17,2,2,9.49,Cellular.lesions,Cellular,Other
PMD,17,2,2,5.9,Caseous.lesions,Caseous/Fibrotic,Other
PMD,17,2,2,6.52,Caseous.lesions,Caseous/Fibrotic,Other
PMD,17,2,2,6.19,Caseous.lesions,Caseous/Fibrotic,Other
PMD,17,2,2,8.17,Caseous.lesions,Caseous/Fibrotic,Other
PMD,17,2,2,7.01,Caseous.lesions,Caseous/Fibrotic,Other
PMD,17,2,2,2.26,Caseous.lesions,Caseous/Fibrotic,Other
PMD,17,2,2,6.32,Caseous.lesions,Caseous/Fibrotic,Other
PMD,17,2,2,6.17,Caseous.lesions,Caseous/Fibrotic,Other
PMD,17,2,2,6.7,Caseous.lesions,Caseous/Fibrotic,Other
PMD,17,2,2,7.47,Caseous.lesions,Caseous/Fibrotic,Other
PMD,17,2,2,9.73,Caseous.lesions,Caseous/Fibrotic,Other
PMD,17,2,2,8.61,Caseous.lesions,Caseous/Fibrotic,Other
PMD,17,2,2,7.59,Caseous.lesions,Caseous/Fibrotic,Other
PMD,17,2,2,6.97,Caseous.lesions,Caseous/Fibrotic,Other
PMD,17,2,2,8.3,Caseous.lesions,Caseous/Fibrotic,Other
PMD,17,2,2,14.7,Caseous.lesions,Caseous/Fibrotic,Other
PMD,17,2,2,9.08,Caseous.lesions,Caseous/Fibrotic,Other
PMD,17,2,2,13.8,Caseous.lesions,Caseous/Fibrotic,Other
PMD,17,2,2,8.66,Caseous.lesions,Caseous/Fibrotic,Other
PMD,17,2,2,11.2,Caseum,Caseum,Other
PMD,17,2,2,3.01,Cavity.wall,Cavity,Other
PMD,17,2,2,3.64,Cavity.wall,Cavity,Other
PMD,17,2,2,3.06,Cavity.wall,Cavity,Other
PMD,17,2,2,2.99,Cavity.wall,Cavity,Other
PMD,17,2,2,3.22,Cavity.wall,Cavity,Other
PMD,18,2,2,21.3,Uninvolved.Lung,Lung,Other
PMD,18,2,2,23.2,Uninvolved.Lung,Lung,Other
PMD,18,2,2,24.4,Uninvolved.Lung,Lung,Other
PMD,18,2,2,20,Uninvolved.Lung,Lung,Other
PMD,18,2,2,14.4,Uninvolved.Lung,Lung,Other
PMD,18,2,2,12.8,Uninvolved.Lung,Lung,Other
PMD,18,2,2,11.4,Cellular.lesions,Cellular,Other
PMD,18,2,2,12.7,Cellular.lesions,Cellular,Other
PMD,18,2,2,9.72,Cellular.lesions,Cellular,Other
PMD,18,2,2,13.7,Cellular.lesions,Cellular,Other
PMD,18,2,2,10.5,Cellular.lesions,Cellular,Other
PMD,18,2,2,11.3,Cellular.lesions,Cellular,Other
PMD,18,2,2,9.7,Cellular.lesions,Cellular,Other
PMD,18,2,2,20.6,Cellular.lesions,Cellular,Other
PMD,18,2,2,17.6,Cellular.lesions,Cellular,Other
PMD,18,2,2,15.4,Cellular.lesions,Cellular,Other
PMD,18,2,2,13.7,Cellular.lesions,Cellular,Other
PMD,18,2,2,16.8,Cellular.lesions,Cellular,Other
PMD,18,2,2,16.2,Cellular.lesions,Cellular,Other
PMD,18,2,2,20.6,Cellular.lesions,Cellular,Other
PMD,18,2,2,22.3,Cellular.lesions,Cellular,Other
PMD,18,2,2,7.53,Caseous.lesions,Caseous/Fibrotic,Other
PMD,18,2,2,11.1,Caseous.lesions,Caseous/Fibrotic,Other
PMD,18,2,2,15.3,Caseous.lesions,Caseous/Fibrotic,Other
PMD,18,2,2,11,Caseous.lesions,Caseous/Fibrotic,Other
PMD,18,2,2,15.2,Caseous.lesions,Caseous/Fibrotic,Other
PMD,18,2,2,14.1,Caseous.lesions,Caseous/Fibrotic,Other
PMD,18,2,2,17.6,Caseous.lesions,Caseous/Fibrotic,Other
PMD,18,2,2,4.23,Caseous.lesions,Caseous/Fibrotic,Other
PMD,18,2,2,13.8,Caseous.lesions,Caseous/Fibrotic,Other
PMD,18,2,2,25.9,Caseous.lesions,Caseous/Fibrotic,Other
PMD,19,6,6,11.7,Uninvolved.Lung,Lung,Other
PMD,19,6,6,9.99,Uninvolved.Lung,Lung,Other
PMD,19,6,6,15.2,Uninvolved.Lung,Lung,Other
PMD,19,6,6,18,Uninvolved.Lung,Lung,Other
PMD,19,6,6,52.8,Uninvolved.Lung,Lung,Other
PMD,19,6,6,22.2,Uninvolved.Lung,Lung,Other
PMD,19,6,6,11.6,Uninvolved.Lung,Lung,Other
PMD,19,6,6,13.9,Uninvolved.Lung,Lung,Other
PMD,19,6,6,12.9,Cellular.lesions,Cellular,Other
PMD,19,6,6,12,Cellular.lesions,Cellular,Other
PMD,19,6,6,25.5,Cellular.lesions,Cellular,Other
PMD,19,6,6,11.1,Caseous.lesions,Caseous/Fibrotic,Other
PMD,19,6,6,12.6,Caseous.lesions,Caseous/Fibrotic,Other
PMD,19,6,6,12.5,Caseous.lesions,Caseous/Fibrotic,Other
PMD,19,6,6,13.5,Caseous.lesions,Caseous/Fibrotic,Other
PMD,19,6,6,6.99,Caseous.lesions,Caseous/Fibrotic,Other
PMD,19,6,6,26.9,Caseous.lesions,Caseous/Fibrotic,Other
PMD,20,2,146,19.6,Uninvolved.Lung,Lung,Other
PMD,20,2,146,19.4,Uninvolved.Lung,Lung,Other
PMD,20,2,146,8.25,Uninvolved.Lung,Lung,Other
PMD,20,2,146,7.66,Uninvolved.Lung,Lung,Other
PMD,20,2,146,11,Uninvolved.Lung,Lung,Other
PMD,20,2,146,11.5,Uninvolved.Lung,Lung,Other
PMD,20,2,146,18.1,Uninvolved.Lung,Lung,Other
PMD,20,2,146,21,Caseous.lesions,Caseous/Fibrotic,Other
PMD,20,2,146,17.1,Cellular.lesions,Cellular,Other
PMD,21,12,180,10.1,Uninvolved.Lung,Lung,Other
PMD,21,12,180,9.81,Uninvolved.Lung,Lung,Other
PMD,21,12,180,10.4,Uninvolved.Lung,Lung,Other
PMD,21,12,180,11.1,Uninvolved.Lung,Lung,Other
PMD,21,12,180,11.4,Uninvolved.Lung,Lung,Other
PMD,21,12,180,8.49,Uninvolved.Lung,Lung,Other
PMD,21,12,180,17.4,Uninvolved.Lung,Lung,Other
PMD,21,12,180,12.1,Uninvolved.Lung,Lung,Other
PMD,21,12,180,11.4,Uninvolved.Lung,Lung,Other
PMD,21,12,180,8.83,Cellular.lesions,Cellular,Other
PMD,21,12,180,14.2,Caseous.lesions,Caseous/Fibrotic,Other
PMD,21,12,180,13.9,Caseous.lesions,Caseous/Fibrotic,Other
PMD,22,6,54,15,Cellular,Cellular,Other
PMD,22,6,54,14.6,Cellular,Cellular,Other
PMD,22,6,54,15.6,Cellular,Cellular,Other
PMD,22,6,54,16.2,Cellular,Cellular,Other
PMD,22,6,54,14.2,Cellular,Cellular,Other
PMD,22,6,54,7.54,Cellular,Cellular,Other
PMD,22,6,54,15.3,Cellular,Cellular,Other
PMD,22,6,54,12.4,Cellular,Cellular,Other
PMD,22,6,54,15.8,Cellular,Cellular,Other
PMD,22,6,54,17.9,Cellular,Cellular,Other
PMD,22,6,54,15.5,Cellular,Cellular,Other
PMD,22,6,54,17.2,Cellular,Cellular,Other
PMD,22,6,54,12.2,Caseous,Caseous/Fibrotic,Other
PMD,22,6,54,16.7,Caseous,Caseous/Fibrotic,Other
PMD,22,6,54,17.5,Caseous,Caseous/Fibrotic,Other
PMD,22,6,54,14.8,Normal,Lung,Other
PMD,22,6,54,21.8,Normal,Lung,Other
PMD,22,6,54,23.1,Normal,Lung,Other
PMD,22,6,54,20.2,Normal,Lung,Other
PMD,22,6,54,16.9,Normal,Lung,Other
PMD,22,6,54,16.4,Normal,Lung,Other
PMD,23,6,54,13.8,Cellular,Cellular,Other
PMD,23,6,54,19.7,Cellular,Cellular,Other
PMD,23,6,54,12.5,Cellular,Cellular,Other
PMD,23,6,54,13.8,Cellular,Cellular,Other
PMD,23,6,54,16.9,Cellular,Cellular,Other
PMD,23,6,54,16.8,Cellular,Cellular,Other
PMD,23,6,54,12.7,Cellular,Cellular,Other
PMD,23,6,54,15.6,Cellular,Cellular,Other
PMD,23,6,54,15,Cellular,Cellular,Other
PMD,23,6,54,17.8,Cellular,Cellular,Other
PMD,23,6,54,13.1,Caseous,Caseous/Fibrotic,Other
PMD,23,6,54,11.2,Caseous,Caseous/Fibrotic,Other
PMD,23,6,54,10.4,Caseous,Caseous/Fibrotic,Other
PMD,23,6,54,11.2,Caseous,Caseous/Fibrotic,Other
PMD,23,6,54,13.1,Caseous,Caseous/Fibrotic,Other
PMD,23,6,54,9.86,Caseous,Caseous/Fibrotic,Other
PMD,23,6,54,8.47,Caseous,Caseous/Fibrotic,Other
PMD,23,6,54,10.3,Caseous,Caseous/Fibrotic,Other
PMD,23,6,54,11.3,Caseous,Caseous/Fibrotic,Other
PMD,23,6,54,11,Caseous,Caseous/Fibrotic,Other
PMD,23,6,54,14.1,Caseous,Caseous/Fibrotic,Other
PMD,23,6,54,16.1,Caseous,Caseous/Fibrotic,Other
PMD,23,6,54,9.69,Caseous,Caseous/Fibrotic,Other
PMD,23,6,54,18.5,Normal,Lung,Other
PMD,23,6,54,18.1,Normal,Lung,Other
PMD,23,6,54,16.3,Normal,Lung,Other
PMD,23,6,54,27.2,Normal,Lung,Other
PMD,23,6,54,23.5,Normal,Lung,Other
PMD,23,6,54,25.4,Normal,Lung,Other
PMD,23,6,54,5.67,LymphNode,Lymph Node,Other
PMD,23,6,54,5.72,LymphNode,Lymph Node,Other
PMD,24,12,348,0.313,Uninvolved.Lung,Lung,Other
PMD,24,12,348,0.274,Uninvolved.Lung,Lung,Other
PMD,24,12,348,0.341,Uninvolved.Lung,Lung,Other
PMD,24,12,348,0.444,Uninvolved.Lung,Lung,Other
PMD,24,12,348,0.323,Uninvolved.Lung,Lung,Other
PMD,24,12,348,0.245,Uninvolved.Lung,Lung,Other
PMD,24,12,348,0.387,Uninvolved.Lung,Lung,Other
PMD,24,12,348,0.568,Uninvolved.Lung,Lung,Other
PMD,24,12,348,0.412,Uninvolved.Lung,Lung,Other
PMD,24,12,348,0.583,Uninvolved.Lung,Lung,Other
PMD,24,12,348,0.105,Uninvolved.Lung,Lung,Other
PMD,24,12,348,0.674,Uninvolved.Lung,Lung,Other
PMD,24,12,348,0.561,Uninvolved.Lung,Lung,Other
PMD,24,12,348,0.8,Cellular.lesions,Cellular,Other
PMD,24,12,348,0.411,Caseous.lesions,Caseous/Fibrotic,Other
PMD,24,12,348,0.188,Caseous.lesions,Caseous/Fibrotic,Other
PMD,24,12,348,1.07,Caseous.lesions,Caseous/Fibrotic,Other
PMD,26,6,54,7.53,Cellular,Cellular,Other
PMD,26,6,54,10.6,Cellular,Cellular,Other
PMD,26,6,54,8.51,Cellular,Cellular,Other
PMD,26,6,54,10.7,Cellular,Cellular,Other
PMD,26,6,54,7.36,Cellular,Cellular,Other
PMD,26,6,54,11.5,Normal,Lung,Other
PMD,26,6,54,6.99,Normal,Lung,Other
PMD,26,6,54,7.46,Normal,Lung,Other
PMD,26,6,54,6.09,Normal,Lung,Other
PMD,26,6,54,7.8,Normal,Lung,Other
PMD,26,6,54,13.8,Normal,Lung,Other
PMD,26,6,54,1.83,OuterCaseum,Caseum,Other
PMD,26,6,54,3.76,Cellular,Cellular,Other
PMD,26,6,54,4.01,Normal,Lung,Other
PMD,26,6,54,1.41,InnerCaseum,Caseum,Other
PMD,26,6,54,2.75,OuterCaseum,Caseum,Other
PMD,26,6,54,3,Cellular,Cellular,Other
PMD,26,6,54,4.11,Normal,Lung,Other
PMD,27,6,54,2.86,Cellular,Cellular,Other
PMD,27,6,54,2.3,Cellular,Cellular,Other
PMD,27,6,54,2.45,Cellular,Cellular,Other
PMD,27,6,54,2.75,Cellular,Cellular,Other
PMD,27,6,54,2.57,Cellular,Cellular,Other
PMD,27,6,54,3.35,Cellular,Cellular,Other
PMD,27,6,54,2.14,Cellular,Cellular,Other
PMD,27,6,54,2.56,Cellular,Cellular,Other
PMD,27,6,54,2.3,Cellular,Cellular,Other
PMD,27,6,54,2.79,Cellular,Cellular,Other
PMD,27,6,54,2.43,Cellular,Cellular,Other
PMD,27,6,54,2.58,Cellular,Cellular,Other
PMD,27,6,54,2.4,Cellular,Cellular,Other
PMD,27,6,54,2.03,Cellular,Cellular,Other
PMD,27,6,54,2.25,Normal,Lung,Other
PMD,27,6,54,2.57,Normal,Lung,Other
PMD,27,6,54,4.04,Normal,Lung,Other
PMD,27,6,54,2.02,Normal,Lung,Other
PMD,27,6,54,2.63,Normal,Lung,Other
PMD,27,6,54,2.81,Normal,Lung,Other
PMD,27,6,54,0.957,InnerCaseum,Caseum,Other
PMD,27,6,54,0.956,OuterCaseum,Caseum,Other
PMD,27,6,54,1.12,InnerCellular,Cellular,Other
PMD,27,6,54,1.41,OuterCellular,Cellular,Other
PMD,27,6,54,1.36,Normal,Lung,Other
PMD,27,6,54,0.692,Caseum,Caseum,Other
PMD,27,6,54,1.01,InnerCellular,Cellular,Other
PMD,27,6,54,1.32,OuterCellular,Cellular,Other
PMD,27,6,54,0.937,Normal,Lung,Other
PMD,27,6,54,0.901,InnerCaseum,Caseum,Other
PMD,27,6,54,0.481,OuterCaseum,Caseum,Other
PMD,27,6,54,0.956,InnerCellular,Cellular,Other
PMD,27,6,54,1.2,OuterCellular,Cellular,Other
PMD,27,6,54,1.32,Normal,Lung,Other
PMD,27,6,54,0.874,InnerCaseum,Caseum,Other
PMD,27,6,54,0.732,OuterCaseum,Caseum,Other
PMD,27,6,54,1.2,InnerCellular,Cellular,Other
PMD,27,6,54,0.413,OuterCellular,Cellular,Other
PMD,27,6,54,1.78,Normal,Lung,Other
PMD,27,6,54,0.924,InnerCaseum,Caseum,Other
PMD,27,6,54,1,OuterCaseum,Caseum,Other
PMD,27,6,54,1.27,Cellular,Cellular,Other
PMD,27,6,54,2.62,Normal,Lung,Other
PMD,28,24,72,2.16,Cellular,Cellular,Other
PMD,28,24,72,2.25,Cellular,Cellular,Other
PMD,28,24,72,2.61,Cellular,Cellular,Other
PMD,28,24,72,2.65,Cellular,Cellular,Other
PMD,28,24,72,2.52,Cellular,Cellular,Other
PMD,28,24,72,2.25,Cellular,Cellular,Other
PMD,28,24,72,4.17,Cellular,Cellular,Other
PMD,28,24,72,2.57,Cellular,Cellular,Other
PMD,28,24,72,3.02,Cellular,Cellular,Other
PMD,28,24,72,3.04,Cellular,Cellular,Other
PMD,28,24,72,3.48,Cellular,Cellular,Other
PMD,28,24,72,2.49,Cellular,Cellular,Other
PMD,28,24,72,3.68,Cellular,Cellular,Other
PMD,28,24,72,3.64,Cellular,Cellular,Other
PMD,28,24,72,1.67,Normal,Lung,Other
PMD,28,24,72,3.23,Normal,Lung,Other
PMD,28,24,72,2.13,Normal,Lung,Other
PMD,28,24,72,1.83,Normal,Lung,Other
PMD,28,24,72,1.86,Normal,Lung,Other
PMD,28,24,72,2.43,Normal,Lung,Other
PMD,28,24,72,1.87,InnerCaseum,Caseum,Other
PMD,28,24,72,0.812,OuterCaseum,Caseum,Other
PMD,28,24,72,1.06,InnerCellular,Cellular,Other
PMD,28,24,72,1.18,OuterCellular,Cellular,Other
PMD,28,24,72,1.64,Normal,Lung,Other
PMD,28,24,72,0.615,InnerCaseum,Caseum,Other
PMD,28,24,72,0.77,OuterCaseum,Caseum,Other
PMD,28,24,72,1.26,Cellular,Cellular,Other
PMD,28,24,72,1.75,Normal,Lung,Other
PMD,29,24,72,1.58,Cellular,Cellular,Other
PMD,29,24,72,1.58,Cellular,Cellular,Other
PMD,29,24,72,1.63,Cellular,Cellular,Other
PMD,29,24,72,1.73,Cellular,Cellular,Other
PMD,29,24,72,1.35,Cellular,Cellular,Other
PMD,29,24,72,1.27,Normal,Lung,Other
PMD,29,24,72,1.1,Normal,Lung,Other
PMD,29,24,72,1.18,Normal,Lung,Other
PMD,29,24,72,2.19,Normal,Lung,Other
PMD,29,24,72,1.75,Normal,Lung,Other
PMD,29,24,72,2.7,Normal,Lung,Other
PMD,29,24,72,0.504,InnerCaseum,Caseum,Other
PMD,29,24,72,0.401,OuterCaseum,Caseum,Other
PMD,29,24,72,0.635,OuterCellular,Cellular,Other
PMD,29,24,72,0.9,Normal,Lung,Other
PMD,30,24,72,0.779,Cellular,Cellular,Other
PMD,30,24,72,0.788,Cellular,Cellular,Other
PMD,30,24,72,0.741,Cellular,Cellular,Other
PMD,30,24,72,0.836,Cellular,Cellular,Other
PMD,30,24,72,0.843,Cellular,Cellular,Other
PMD,30,24,72,0.706,Cellular,Cellular,Other
PMD,30,24,72,0.644,Cellular,Cellular,Other
PMD,30,24,72,0.816,Cellular,Cellular,Other
PMD,30,24,72,0.83,Cellular,Cellular,Other
PMD,30,24,72,0.904,Cellular,Cellular,Other
PMD,30,24,72,1.06,Cellular,Cellular,Other
PMD,30,24,72,0.926,Cellular,Cellular,Other
PMD,30,24,72,1,Cellular,Cellular,Other
PMD,30,24,72,0.941,Cellular,Cellular,Other
PMD,30,24,72,0.772,Normal,Lung,Other
PMD,30,24,72,0.769,Normal,Lung,Other
PMD,30,24,72,0.59,Normal,Lung,Other
PMD,30,24,72,0.776,Normal,Lung,Other
PMD,30,24,72,1.29,Normal,Lung,Other
PMD,30,24,72,0.848,Normal,Lung,Other
PMD,30,24,72,0.311,InnerCaseum,Caseum,Other
PMD,30,24,72,0.295,OuterCaseum,Caseum,Other
PMD,30,24,72,0.449,Cellular,Cellular,Other
PMD,30,24,72,0.393,Normal,Lung,Other
PMD,30,24,72,0.278,InnerCaseum,Caseum,Other
PMD,30,24,72,0.275,OuterCaseum,Caseum,Other
PMD,30,24,72,0.301,InnerCellular,Cellular,Other
PMD,30,24,72,0.382,OuterCellular,Cellular,Other
PMD,30,24,72,0.451,Normal,Lung,Other
PMD,31,24,24,0.226,Uninvolved.Lung,Lung,Other
PMD,31,24,24,0.565,Uninvolved.Lung,Lung,Other
PMD,31,24,24,0.509,Uninvolved.Lung,Lung,Other
PMD,31,24,24,0.416,Uninvolved.Lung,Lung,Other
PMD,31,24,24,0.416,Uninvolved.Lung,Lung,Other
PMD,31,24,24,0.431,Uninvolved.Lung,Lung,Other
PMD,31,24,24,0.522,Cellular.lesions,Cellular,Other
PMD,31,24,24,0.387,Cellular.lesions,Cellular,Other
PMD,31,24,24,0.539,Cellular.lesions,Cellular,Other
PMD,31,24,24,0.709,Cellular.lesions,Cellular,Other
PMD,31,24,24,0.747,Cellular.lesions,Cellular,Other
PMD,31,24,24,0.861,Cellular.lesions,Cellular,Other
PMD,31,24,24,1.06,Cellular.lesions,Cellular,Other
PMD,31,24,24,0.502,Cellular.lesions,Cellular,Other
PMD,31,24,24,0.744,Cellular.lesions,Cellular,Other
PMD,31,24,24,0.745,Cellular.lesions,Cellular,Other
PMD,31,24,24,0.614,Cellular.lesions,Cellular,Other
PMD,31,24,24,0.472,Cellular.lesions,Cellular,Other
PMD,31,24,24,0.529,Cellular.lesions,Cellular,Other
PMD,31,24,24,0.474,Cellular.lesions,Cellular,Other
PMD,31,24,24,0.181,Cellular.lesions,Cellular,Other
PMD,31,24,24,0.643,Caseous.lesions,Caseous/Fibrotic,Other
PMD,31,24,24,0.681,Caseous.lesions,Caseous/Fibrotic,Other
PMD,31,24,24,0.576,Caseous.lesions,Caseous/Fibrotic,Other
PMD,31,24,24,0.915,Caseous.lesions,Caseous/Fibrotic,Other
PMD,31,24,24,0.326,Caseous.lesions,Caseous/Fibrotic,Other
PMD,31,24,24,0.518,Caseous.lesions,Caseous/Fibrotic,Other
PMD,31,24,24,0.523,Caseous.lesions,Caseous/Fibrotic,Other
PMD,31,24,24,0.435,Caseous.lesions,Caseous/Fibrotic,Other
PMD,31,24,24,0.423,Caseous.lesions,Caseous/Fibrotic,Other
PMD,31,24,24,0.412,Caseous.lesions,Caseous/Fibrotic,Other
PMD,31,24,24,0.666,Caseous.lesions,Caseous/Fibrotic,Other
PMD,31,24,24,0.574,Caseous.lesions,Caseous/Fibrotic,Other
PMD,31,24,24,1.11,Caseum,Caseum,Other
PMD,31,24,24,0.568,Cavity.wall,Cavity,Other
RPT,3066,6,150,13.3,Normal,Lung,Other
RPT,3066,6,150,15.2,Normal,Lung,Other
RPT,3066,6,150,12.5,Normal,Lung,Other
RPT,3066,6,150,14.5,Normal,Lung,Other
RPT,3066,6,150,15,Normal,Lung,Other
RPT,3066,6,150,7.22031,Normal,Lung,Other
RPT,3066,6,150,10.6908,Normal,Lung,Other
RPT,3066,6,150,14.9,Caseous,Caseous/Fibrotic,Other
RPT,3066,6,150,11.1,Caseous,Caseous/Fibrotic,Other
RPT,3066,6,150,10.2,Caseous,Caseous/Fibrotic,Other
RPT,3066,6,150,13.6,Caseous,Caseous/Fibrotic,Other
RPT,3066,6,150,9.45896,Cellular,Cellular,Other
RPT,3066,6,150,6.49975,Cellular,Cellular,Other
RPT,3066,6,150,5.26598,Cellular,Cellular,Other
RPT,3066,6,150,3.41885,Caseum,Caseum,Other
RPT,3066,6,150,4.53835,Caseum,Caseum,Other
RPT,3066,6,150,3.01255,Caseum,Caseum,Other
RPT,3067,6,150,95.7,Normal,Lung,Other
RPT,3067,6,150,86.6,Normal,Lung,Other
RPT,3067,6,150,69.6,Normal,Lung,Other
RPT,3067,6,150,89.8,Normal,Lung,Other
RPT,3067,6,150,111,Normal,Lung,Other
RPT,3067,6,150,84.2796,Normal,Lung,Other
RPT,3067,6,150,54.96515,Normal,Lung,Other
RPT,3067,6,150,73,Caseous,Caseous/Fibrotic,Other
RPT,3067,6,150,82.3,Caseous,Caseous/Fibrotic,Other
RPT,3067,6,150,93.8,Caseous,Caseous/Fibrotic,Other
RPT,3067,6,150,105,Caseous,Caseous/Fibrotic,Other
RPT,3067,6,150,99.1,Caseous,Caseous/Fibrotic,Other
RPT,3067,6,150,93.4,Caseous,Caseous/Fibrotic,Other
RPT,3067,6,150,80.2,Caseous,Caseous/Fibrotic,Other
RPT,3067,6,150,95.2,Caseous,Caseous/Fibrotic,Other
RPT,3067,6,150,91.2,Caseous,Caseous/Fibrotic,Other
RPT,3067,6,150,56.3,Caseous,Caseous/Fibrotic,Other
RPT,3067,6,150,108,Cellular,Cellular,Other
RPT,3067,6,150,100,Cellular,Cellular,Other
RPT,3067,6,150,101,Cellular,Cellular,Other
RPT,3067,6,150,111,Cellular,Cellular,Other
RPT,3067,6,150,90.2,Cellular,Cellular,Other
RPT,3067,6,150,34.8865,Cellular,Cellular,Other
RPT,3067,6,150,62.35492,Cellular,Cellular,Other
RPT,3067,6,150,32.18834,Cellular,Cellular,Other
RPT,3067,6,150,25.74987,Caseum,Caseum,Other
RPT,3067,6,150,30.17691,Caseum,Caseum,Other
RPT,3067,6,150,27.45726,Caseum,Caseum,Other
RPT,3067,6,150,63.9,Cavity wall,Cavity,Other
RPT,3068,6,150,56.1,Normal,Lung,Other
RPT,3068,6,150,53.3,Normal,Lung,Other
RPT,3068,6,150,53.6,Normal,Lung,Other
RPT,3068,6,150,77.5,Normal,Lung,Other
RPT,3068,6,150,62.4,Normal,Lung,Other
RPT,3068,6,150,54.5,Normal,Lung,Other
RPT,3068,6,150,33.43011,Normal,Lung,Other
RPT,3068,6,150,39.29046,Normal,Lung,Other
RPT,3068,6,150,42.54996,Normal,Lung,Other
RPT,3068,6,150,57.5,Caseous,Caseous/Fibrotic,Other
RPT,3068,6,150,69.1,Caseous,Caseous/Fibrotic,Other
RPT,3068,6,150,55.9,Caseous,Caseous/Fibrotic,Other
RPT,3068,6,150,68.7,Caseous,Caseous/Fibrotic,Other
RPT,3068,6,150,101,Caseous,Caseous/Fibrotic,Other
RPT,3068,6,150,58,Caseous,Caseous/Fibrotic,Other
RPT,3068,6,150,71.6,Caseous,Caseous/Fibrotic,Other
RPT,3068,6,150,64.5,Caseous,Caseous/Fibrotic,Other
RPT,3068,6,150,75.1,Caseous,Caseous/Fibrotic,Other
RPT,3068,6,150,52.2,Caseous,Caseous/Fibrotic,Other
RPT,3068,6,150,74.7,Caseous,Caseous/Fibrotic,Other
RPT,3068,6,150,113,Cellular,Cellular,Other
RPT,3068,6,150,72.4,Cellular,Cellular,Other
RPT,3068,6,150,68.9,Cellular,Cellular,Other
RPT,3068,6,150,25.32073,Cellular,Cellular,Other
RPT,3068,6,150,34.79421,Cellular,Cellular,Other
RPT,3068,6,150,23.08791,Cellular,Cellular,Other
RPT,3068,6,150,45.77512,Cellular,Cellular,Other
RPT,3068,6,150,37.30399,Cellular,Cellular,Other
RPT,3068,6,150,18.30301,Caseum,Caseum,Other
RPT,3068,6,150,22.6961,Caseum,Caseum,Other
RPT,3068,6,150,1.00E-05,Caseum,Caseum,Other
RPT,3068,6,150,17.66423,Caseum,Caseum,Other
RPT,3068,6,150,12.4714,Caseum,Caseum,Other
RPT,3068,6,150,26.16426,Caseum,Caseum,Other
RPT,3069,24,168,60.1,Normal,Lung,Other
RPT,3069,24,168,6.21,Normal,Lung,Other
RPT,3069,24,168,7.73,Normal,Lung,Other
RPT,3069,24,168,8.76,Normal,Lung,Other
RPT,3069,24,168,9.3,Normal,Lung,Other
RPT,3069,24,168,11.5,Normal,Lung,Other
RPT,3070,24,168,13,Normal,Lung,Other
RPT,3070,24,168,10.3,Normal,Lung,Other
RPT,3070,24,168,12.9,Normal,Lung,Other
RPT,3070,24,168,8.97,Normal,Lung,Other
RPT,3070,24,168,8.14,Normal,Lung,Other
RPT,3070,24,168,12.5,Normal,Lung,Other
RPT,3070,24,168,6.71015,Normal,Lung,Other
RPT,3070,24,168,14.96108,Normal,Lung,Other
RPT,3070,24,168,7.21294,Normal,Lung,Other
RPT,3070,24,168,5.96024,Normal,Lung,Other
RPT,3070,24,168,15.2,Caseous,Caseous/Fibrotic,Other
RPT,3070,24,168,14.1,Caseous,Caseous/Fibrotic,Other
RPT,3070,24,168,12.1,Caseous,Caseous/Fibrotic,Other
RPT,3070,24,168,12.4,Caseous,Caseous/Fibrotic,Other
RPT,3070,24,168,13.8,Caseous,Caseous/Fibrotic,Other
RPT,3070,24,168,10.5,Caseous,Caseous/Fibrotic,Other
RPT,3070,24,168,10.6,Caseous,Caseous/Fibrotic,Other
RPT,3070,24,168,10.8,Caseous,Caseous/Fibrotic,Other
RPT,3070,24,168,13.3,Caseous,Caseous/Fibrotic,Other
RPT,3070,24,168,11,Caseous,Caseous/Fibrotic,Other
RPT,3070,24,168,14.2,Caseous,Caseous/Fibrotic,Other
RPT,3070,24,168,18.7,Cellular,Cellular,Other
RPT,3070,24,168,22.6,Cellular,Cellular,Other
RPT,3070,24,168,6.97542,Cellular,Cellular,Other
RPT,3070,24,168,6.81402,Cellular,Cellular,Other
RPT,3070,24,168,6.72261,Cellular,Cellular,Other
RPT,3070,24,168,6.21895,Cellular,Cellular,Other
RPT,3070,24,168,5.01541,Caseum,Caseum,Other
RPT,3070,24,168,5.15853,Caseum,Caseum,Other
RPT,3070,24,168,6.87206,Caseum,Caseum,Other
RPT,3070,24,168,3.70872,Caseum,Caseum,Other
RPT,3070,24,168,6.45328,Caseum,Caseum,Other
RPT,3070,24,168,5.3016,Caseum,Caseum,Other
RPT,3145,24,168,13.1,Normal,Lung,Other
RPT,3145,24,168,7.4,Normal,Lung,Other
RPT,3145,24,168,13.9,Normal,Lung,Other
RPT,3145,24,168,14.7,Normal,Lung,Other
RPT,3145,24,168,10.81101,Normal,Lung,Other
RPT,3145,24,168,11.61171,Normal,Lung,Other
RPT,3145,24,168,25.6,Cellular,Cellular,Other
RPT,3145,24,168,25,Cellular,Cellular,Other
RPT,3145,24,168,9.851,Cellular,Cellular,Other
RPT,3145,24,168,11.8828,Cellular,Cellular,Other
RPT,3145,24,168,11.72566,Caseum,Caseum,Other
RPT,3145,24,168,9.80781,Caseum,Caseum,Other
RZL,1,24,168,0.151,Normal,Lung,Other
RZL,1,24,168,0.11,Normal,Lung,Other
RZL,1,24,168,0.172,Normal,Lung,Other
RZL,1,24,168,0.231,Normal,Lung,Other
RZL,1,24,168,0.219,Normal,Lung,Other
RZL,1,24,168,0.167,Normal,Lung,Other
RZL,1,24,168,0.169,Normal,Lung,Other
RZL,1,24,168,0.1,Normal,Lung,Other
RZL,1,24,168,0.271,Normal,Lung,Other
RZL,1,24,168,0.208,Normal,Lung,Other
RZL,1,24,168,0.233,Normal,Lung,Other
RZL,1,24,168,0.45,Cellular,Cellular,Other
RZL,1,24,168,0.65,Cellular,Cellular,Other
RZL,1,24,168,0.501,Cellular,Cellular,Other
RZL,1,24,168,0.528,Caseous Lesion,Caseous/Fibrotic,Other
RZL,2,24,24,0.163,Normal,Lung,Other
RZL,2,24,24,0.171,Normal,Lung,Other
RZL,2,24,24,0.138,Normal,Lung,Other
RZL,2,24,24,0.136,Normal,Lung,Other
RZL,2,24,24,0.128,Normal,Lung,Other
RZL,2,24,24,0.182,Cellular,Cellular,Other
RZL,2,24,24,0.282,Cellular,Cellular,Other
RZL,2,24,24,0.147,Cellular,Cellular,Other
RZL,2,24,24,0.28,Caseous Lesion,Caseous/Fibrotic,Other
RZL,2,24,24,0.155,Caseous Lesion,Caseous/Fibrotic,Other
RZL,3,24,168,0.008403756,Normal,Lung,Other
RZL,3,24,168,0.00629108,Normal,Lung,Other
RZL,3,24,168,0.006103286,Normal,Lung,Other
RZL,3,24,168,0.003652582,Normal,Lung,Other
RZL,3,24,168,0.008873239,Normal,Lung,Other
RZL,3,24,168,0.008450704,Normal,Lung,Other
RZL,3,24,168,0.011971831,Normal,Lung,Other
RZL,3,24,168,0.010375587,Normal,Lung,Other
RZL,3,24,168,0.009859155,Normal,Lung,Other
RZL,3,24,168,0.018215962,Normal,Lung,Other
RZL,3,24,168,0.096244131,Cellular,Cellular,Other
RZL,3,24,168,0.0149,Caseous Lesion,Caseous/Fibrotic,Other
RZL,3,24,168,0.0647,Caseum,Caseum,Other
RZL,3,24,168,0.165,Cellular,Cellular,Other
RZL,3,24,168,0.0289,Normal,Lung,Other
RZL,3,24,168,0.0948,Caseum,Caseum,Other
RZL,3,24,168,0.106,Cellular,Cellular,Other
RZL,3,24,168,0.018,Normal,Lung,Other
RZL,4,24,24,0.0568,Normal,Lung,Other
RZL,4,24,24,0.0434,Normal,Lung,Other
RZL,4,24,24,0.0514,Normal,Lung,Other
RZL,4,24,24,0.0521,Normal,Lung,Other
RZL,4,24,24,0.279,Cellular,Cellular,Other
RZL,4,24,24,0.215,Cellular,Cellular,Other
RZL,4,24,24,0.162,Cellular,Cellular,Other
RZL,4,24,24,0.302,Cellular,Cellular,Other
RZL,4,24,24,0.241,Cellular,Cellular,Other
RZL,4,24,24,0.299,Cellular,Cellular,Other
RZL,4,24,24,0.156,Cellular,Cellular,Other
RZL,4,24,24,0.142,Cellular,Cellular,Other
RZL,4,24,24,0.182,Caseous Lesion,Caseous/Fibrotic,Other
RZL,4,24,24,0.0431,Caseum,Caseum,Other
RZL,4,24,24,0.185,Cellular,Cellular,Other
RZL,4,24,24,0.0391,Normal,Lung,Other
RZL,5,24,24,0.0599,Normal,Lung,Other
RZL,5,24,24,0.0537,Normal,Lung,Other
RZL,5,24,24,0.0356,Normal,Lung,Other
RZL,5,24,24,0.122,Cellular,Cellular,Other
RZL,5,24,24,0.284,Cellular,Cellular,Other
RZL,5,24,24,0.0227,Caseous Lesion,Caseous/Fibrotic,Other
RZL,6,24,168,0.118,Normal,Lung,Other
RZL,6,24,168,0.23,Normal,Lung,Other
RZL,6,24,168,0.616,Normal,Lung,Other
RZL,6,24,168,0.51,Cellular,Cellular,Other
RZL,6,24,168,0.511,Cellular,Cellular,Other
RZL,6,24,168,0.176,Caseous Lesion,Caseous/Fibrotic,Other
RZL,6,24,168,0.264,Caseous Lesion,Caseous/Fibrotic,Other
RZL,6,24,168,0.212,Caseous Lesion,Caseous/Fibrotic,Other
RZL,6,24,168,0.234,Caseous Lesion,Caseous/Fibrotic,Other
RZL,6,24,168,0.289,Caseous Lesion,Caseous/Fibrotic,Other
RZL,6,24,168,0.396,Caseous Lesion,Caseous/Fibrotic,Other
RZL,6,24,168,0.3,Caseous Lesion,Caseous/Fibrotic,Other
RZL,6,24,168,0.359,Caseous Lesion,Caseous/Fibrotic,Other
RZL,6,24,168,0.239,Caseous Lesion,Caseous/Fibrotic,Other
RZL,6,24,168,0.274,Caseous Lesion,Caseous/Fibrotic,Other
RZL,6,24,168,0.39,Caseous Lesion,Caseous/Fibrotic,Other
RZL,6,24,168,0.29,Caseous Lesion,Caseous/Fibrotic,Other
RZL,6,24,168,0.35,Caseous Lesion,Caseous/Fibrotic,Other
RZL,6,24,168,0.279,Caseous Lesion,Caseous/Fibrotic,Other
RZL,6,24,168,0.346,Caseous Lesion,Caseous/Fibrotic,Other
RZL,6,24,168,0.3,Caseous Lesion,Caseous/Fibrotic,Other
RZL,6,24,168,0.282,Caseous Lesion,Caseous/Fibrotic,Other
RZL,6,24,168,0.283,Caseous Lesion,Caseous/Fibrotic,Other
RZL,6,24,168,0.247,Caseous Lesion,Caseous/Fibrotic,Other
RZL,6,24,168,0.31,Caseous Lesion,Caseous/Fibrotic,Other
RZL,6,24,168,0.289,Caseous Lesion,Caseous/Fibrotic,Other
RZL,6,24,168,0.285,Caseous Lesion,Caseous/Fibrotic,Other
RZL,6,24,168,0.215,Caseous Lesion,Caseous/Fibrotic,Other
RZL,6,24,168,0.248,Caseous Lesion,Caseous/Fibrotic,Other
RZL,6,24,168,0.0354,Caseum,Caseum,Other
RZL,6,24,168,0.179,Cellular,Cellular,Other
RZL,6,24,168,0.239,Normal,Lung,Other
RZL,6,24,168,0.143,Caseum,Caseum,Other
RZL,6,24,168,0.317,Cellular,Cellular,Other
RZL,6,24,168,0.17,Caseum,Caseum,Other
RZL,6,24,168,0.395,Cellular,Cellular,Other
RZL,6,24,168,0.0928,Caseum,Caseum,Other
RZL,6,24,168,0.285,Cellular,Cellular,Other
RZL,6,24,168,0.313,Normal,Lung,Other
RZL,6,24,168,0.0765,Caseum,Caseum,Other
RZL,6,24,168,0.18,Cellular,Cellular,Other
RZL,6,24,168,0.0972,Caseum,Caseum,Other
RZL,6,24,168,0.241,Cellular,Cellular,Other
RZL,6,24,168,0.207,Caseum,Caseum,Other
RZL,6,24,168,0.202,Cellular,Cellular,Other
RZL,6,24,168,0.187,Caseum,Caseum,Other
RZL,6,24,168,0.187,Cellular,Cellular,Other
RZL,6,24,168,0.0801,Caseum,Caseum,Other
RZL,6,24,168,0.212,Cellular,Cellular,Other
RZL,7,24,168,0.0817,Normal,Lung,Other
RZL,7,24,168,0.0728,Normal,Lung,Other
RZL,7,24,168,0.0368,Normal,Lung,Other
RZL,7,24,168,0.0361,Normal,Lung,Other
RZL,7,24,168,0.0518,Normal,Lung,Other
RZL,7,24,168,0.0522,Normal,Lung,Other
RZL,7,24,168,0.0376,Normal,Lung,Other
RZL,7,24,168,0.0539,Normal,Lung,Other
RZL,7,24,168,0.0459,Normal,Lung,Other
RZL,7,24,168,0.331,Cellular,Cellular,Other
RZL,8,24,24,0.0206,Normal,Lung,Other
RZL,8,24,24,0.0253,Normal,Lung,Other
RZL,8,24,24,0.0192,Normal,Lung,Other
RZL,8,24,24,0.0473,Normal,Lung,Other
RZL,8,24,24,0.0415,Normal,Lung,Other
RZL,8,24,24,0.222,Cellular,Cellular,Other
RZL,9,24,24,0.0168,Normal,Lung,Other
RZL,9,24,24,0.0162,Normal,Lung,Other
RZL,9,24,24,0.0168,Normal,Lung,Other
RZL,9,24,24,0.0154,Normal,Lung,Other
RZL,9,24,24,0.0111,Normal,Lung,Other
RZL,9,24,24,0.0156,Normal,Lung,Other
RZL,9,24,24,0.00967,Normal,Lung,Other
RZL,9,24,24,0.0174,Normal,Lung,Other
RZL,9,24,24,0.0151,Normal,Lung,Other
RZL,9,24,24,0.014,Normal,Lung,Other
RZL,9,24,24,0.00961,Normal,Lung,Other
RZL,9,24,24,0.00964,Cellular,Cellular,Other
RZL,9,24,24,0.0409,Cellular,Cellular,Other
RZL,9,24,24,0.0735,Cellular,Cellular,Other
RZL,9,24,24,0.0283,Caseous Lesion,Caseous/Fibrotic,Other
RZL,9,24,24,0.0119,Caseous Lesion,Caseous/Fibrotic,Other
RZL,9,24,24,0.0336,Caseous Lesion,Caseous/Fibrotic,Other
RZL,9,24,24,0.0142,Caseous Lesion,Caseous/Fibrotic,Other
RZL,10,24,24,0.0345,Normal,Lung,Other
RZL,10,24,24,0.036,Normal,Lung,Other
RZL,10,24,24,0.0909,Cellular,Cellular,Other
RZL,10,24,24,0.128,Cellular,Cellular,Other
RZL,10,24,24,0.0531,Caseous Lesion,Caseous/Fibrotic,Other
RZL,10,24,24,0.0569,Caseous Lesion,Caseous/Fibrotic,Other
RZL,10,24,24,0.0462,Caseous Lesion,Caseous/Fibrotic,Other
RZL,10,24,24,0.192,Caseous Lesion,Caseous/Fibrotic,Other
RZL,10,24,24,0.0395,Caseum,Caseum,Other
RZL,10,24,24,0.134,Cellular,Cellular,Other
RZL,10,24,24,0.0319,Normal,Lung,Other
RZL,10,24,24,0.0636,Caseum,Caseum,Other
RZL,10,24,24,0.135,Cellular,Cellular,Other
RZL,10,24,24,0.0226,Normal,Lung,Other
RZL,10,24,24,0.0493,Caseum,Caseum,Other
RZL,10,24,24,0.0851,Cellular,Cellular,Other
RZL,10,24,24,0.0192,Normal,Lung,Other
RZL,11,24,168,0.0408,Normal,Lung,Other
RZL,11,24,168,0.0293,Normal,Lung,Other
RZL,11,24,168,0.0553,Normal,Lung,Other
RZL,11,24,168,0.0482,Normal,Lung,Other
RZL,11,24,168,0.054,Normal,Lung,Other
RZL,11,24,168,0.0405,Normal,Lung,Other
RZL,11,24,168,0.0845,Normal,Lung,Other
RZL,11,24,168,0.0332,Normal,Lung,Other
RZL,11,24,168,0.0875,Normal,Lung,Other
RZL,11,24,168,0.103,Normal,Lung,Other
RZL,11,24,168,0.157,Cellular,Cellular,Other
RZL,11,24,168,0.0685,Caseous Lesion,Caseous/Fibrotic,Other
RZL,11,24,168,0.0857,Caseous Lesion,Caseous/Fibrotic,Other
RZL,11,24,168,0.0902,Caseous Lesion,Caseous/Fibrotic,Other
RZL,11,24,168,0.186,Caseous Lesion,Caseous/Fibrotic,Other
RZL,11,24,168,0.111,Caseous Lesion,Caseous/Fibrotic,Other
RZL,11,24,168,0.127,Caseous Lesion,Caseous/Fibrotic,Other
RZL,11,24,168,0.177,Caseous Lesion,Caseous/Fibrotic,Other
RZL,11,24,168,0.123,Caseous Lesion,Caseous/Fibrotic,Other
RZL,11,24,168,0.123,Caseous Lesion,Caseous/Fibrotic,Other
RZL,11,24,168,0.107,Caseous Lesion,Caseous/Fibrotic,Other
RZL,11,24,168,0.113,Caseous Lesion,Caseous/Fibrotic,Other
RZL,11,24,168,0.058,Caseous Lesion,Caseous/Fibrotic,Other
RZL,11,24,168,0.0814,Caseous Lesion,Caseous/Fibrotic,Other
RZL,11,24,168,0.0513,Caseous Lesion,Caseous/Fibrotic,Other
RZL,11,24,168,0.11,Caseous Lesion,Caseous/Fibrotic,Other
RZL,11,24,168,0.171,Caseous Lesion,Caseous/Fibrotic,Other
RZL,11,24,168,0.0617,Caseous Lesion,Caseous/Fibrotic,Other
RZL,11,24,168,0.144,Caseous Lesion,Caseous/Fibrotic,Other
RZL,11,24,168,0.117,Caseous Lesion,Caseous/Fibrotic,Other
RZL,11,24,168,0.11,Caseous Lesion,Caseous/Fibrotic,Other
RZL,11,24,168,0.0358,Caseum,Caseum,Other
RZL,11,24,168,0.0771,Cellular,Cellular,Other
RZL,11,24,168,0.0584,Normal,Lung,Other
RZL,11,24,168,0.0185,Caseum,Caseum,Other
RZL,11,24,168,0.152,Cellular,Cellular,Other
RZL,11,24,168,0.0491,Normal,Lung,Other
RZL,11,24,168,0.0278,Caseum,Caseum,Other
RZL,11,24,168,0.121,Cellular,Cellular,Other
RZL,11,24,168,0.0457,Normal,Lung,Other
RZL,11,24,168,0.0433,Caseum,Caseum,Other
RZL,11,24,168,0.111,Cellular,Cellular,Other
RZL,11,24,168,0.0439,Normal,Lung,Other
RZL,11,24,168,0.11,Caseum,Caseum,Other
RZL,11,24,168,0.0971,Cellular,Cellular,Other
RZL,11,24,168,0.0397,Normal,Lung,Other
RZL,11,24,168,0.0323,Caseum,Caseum,Other
RZL,11,24,168,0.134,Cellular,Cellular,Other
RZL,11,24,168,0.0541,Normal,Lung,Other
RZL,11,24,168,0.15,Caseum,Caseum,Other
RZL,11,24,168,0.189,Cellular,Cellular,Other
RZL,11,24,168,0.0516,Normal,Lung,Other
RZL,12,24,24,0.0337,Normal,Lung,Other
RZL,12,24,24,0.0289,Normal,Lung,Other
RZL,12,24,24,0.0345,Normal,Lung,Other
RZL,12,24,24,0.0426,Normal,Lung,Other
RZL,12,24,24,0.028,Normal,Lung,Other
RZL,12,24,24,0.0239,Normal,Lung,Other
RZL,12,24,24,0.0166,Normal,Lung,Other
RZL,12,24,24,0.0147,Normal,Lung,Other
RZL,12,24,24,0.0358,Normal,Lung,Other
RZL,12,24,24,0.108,Cellular,Cellular,Other
RZL,12,24,24,0.115,Cellular,Cellular,Other
RZL,12,24,24,0.114,Cellular,Cellular,Other
RZL,12,24,24,0.183,Cellular,Cellular,Other
RZL,12,24,24,0.141,Cellular,Cellular,Other
RZL,12,24,24,0.134,Cellular,Cellular,Other
RZL,12,24,24,0.118,Cellular,Cellular,Other
RZL,12,24,24,0.08,Cellular,Cellular,Other
RZL,12,24,24,0.148,Cellular,Cellular,Other
RZL,12,24,24,0.122,Cellular,Cellular,Other
RZL,12,24,24,0.142,Cellular,Cellular,Other
RZL,12,24,24,0.149,Cellular,Cellular,Other
RZL,12,24,24,0.168,Cellular,Cellular,Other
RZL,12,24,24,0.0551,Caseous Lesion,Caseous/Fibrotic,Other
RZL,12,24,24,0.0683,Caseous Lesion,Caseous/Fibrotic,Other
RZL,12,24,24,0.0775,Caseous Lesion,Caseous/Fibrotic,Other
RZL,12,24,24,0.0494,Caseous Lesion,Caseous/Fibrotic,Other
RZL,12,24,24,0.0495,Caseous Lesion,Caseous/Fibrotic,Other
RZL,12,24,24,0.0573,Caseous Lesion,Caseous/Fibrotic,Other
RZL,12,24,24,0.0785,Caseous Lesion,Caseous/Fibrotic,Other
RZL,12,24,24,0.0491,Caseous Lesion,Caseous/Fibrotic,Other
RZL,12,24,24,0.0693,Caseous Lesion,Caseous/Fibrotic,Other
RZL,12,24,24,0.0271,Caseous Lesion,Caseous/Fibrotic,Other
RZL,12,24,24,0.0332,Caseum,Caseum,Other
RZL,12,24,24,0.0926,Cellular,Cellular,Other
RZL,12,24,24,0.0518,Normal,Lung,Other
RZL,12,24,24,0.0331,Caseum,Caseum,Other
RZL,12,24,24,0.144,Cellular,Cellular,Other
RZL,12,24,24,0.00823,Normal,Lung,Other
RZL,12,24,24,0.0087,Caseum,Caseum,Other
RZL,12,24,24,0.133,Cellular,Cellular,Other
RZL,12,24,24,0.0195,Normal,Lung,Other
RZL,12,24,24,0.0195,Caseum,Caseum,Other
RZL,12,24,24,0.122,Cellular,Cellular,Other
RZL,12,24,24,0.0309,Normal,Lung,Other
RZL,12,24,24,0.0103,Caseum,Caseum,Other
RZL,12,24,24,0.109,Cellular,Cellular,Other
RZL,12,24,24,0.0582,Normal,Lung,Other
RZL,12,24,24,0.0164,Caseum,Caseum,Other
RZL,12,24,24,0.147,Cellular,Cellular,Other
RZL,12,24,24,0.0438,Normal,Lung,Other
RZL,13,24,24,0.0247,Normal,Lung,Other
RZL,13,24,24,0.0299,Normal,Lung,Other
RZL,13,24,24,0.0278,Normal,Lung,Other
RZL,13,24,24,0.0372,Normal,Lung,Other
RZL,13,24,24,0.0274,Normal,Lung,Other
RZL,13,24,24,0.0285,Normal,Lung,Other
RZL,13,24,24,0.0273,Normal,Lung,Other
RZL,13,24,24,0.024,Normal,Lung,Other
RZL,13,24,24,0.0268,Normal,Lung,Other
RZL,13,24,24,0.0577,Normal,Lung,Other
RZL,13,24,24,0.015,Normal,Lung,Other
RZL,13,24,24,0.029,Cellular,Cellular,Other
RZL,13,24,24,0.0412,Cellular,Cellular,Other
RZL,13,24,24,0.0242,Caseous Lesion,Caseous/Fibrotic,Other
RBT,1,24,168,15,Normal,Lung,Other
RBT,1,24,168,13.3,Normal,Lung,Other
RBT,1,24,168,9.13,Normal,Lung,Other
RBT,1,24,168,13,Normal,Lung,Other
RBT,1,24,168,11.1,Normal,Lung,Other
RBT,1,24,168,2.44,Normal,Lung,Other
RBT,1,24,168,12.4,Normal,Lung,Other
RBT,1,24,168,4.17,Cellular,Cellular,Other
RBT,1,24,168,11.5,Cellular,Cellular,Other
RBT,1,24,168,8.45,Cellular,Cellular,Other
RBT,1,24,168,4.42,Cellular,Cellular,Other
RBT,1,24,168,5.49,Cellular,Cellular,Other
RBT,1,24,168,2.15,Caseous Lesion,Caseous/Fibrotic,Other
RBT,1,24,168,4.83,Caseous Lesion,Caseous/Fibrotic,Other
RBT,1,24,168,1.79,Caseous Lesion,Caseous/Fibrotic,Other
RBT,1,24,168,2.98,Caseous Lesion,Caseous/Fibrotic,Other
RBT,1,24,168,12.5,Caseous Lesion,Caseous/Fibrotic,Other
RBT,1,24,168,12.1,Caseous Lesion,Caseous/Fibrotic,Other
RBT,1,24,168,6.58,Caseous Lesion,Caseous/Fibrotic,Other
RBT,1,24,168,12.9,Caseous Lesion,Caseous/Fibrotic,Other
RBT,2,24,168,5.17,Normal,Lung,Other
RBT,2,24,168,5.79,Normal,Lung,Other
RBT,2,24,168,4.8,Normal,Lung,Other
RBT,2,24,168,3.19,Normal,Lung,Other
RBT,2,24,168,5.69,Normal,Lung,Other
RBT,2,24,168,3.3,Normal,Lung,Other
RBT,2,24,168,4.64,Normal,Lung,Other
RBT,2,24,168,3.98,Normal,Lung,Other
RBT,2,24,168,3.36,Normal,Lung,Other
RBT,2,24,168,3.01,Normal,Lung,Other
RBT,2,24,168,3.63,Normal,Lung,Other
RBT,2,24,168,4.17,Cellular,Cellular,Other
RBT,2,24,168,12.3,Cellular,Cellular,Other
RBT,2,24,168,8.56,Cellular,Cellular,Other
RBT,2,24,168,9.21,Caseous Lesion,Caseous/Fibrotic,Other
RBT,2,24,168,1.56,Caseum,Caseum,Other
RBT,2,24,168,8.87,Cellular,Cellular,Other
RBT,2,24,168,9.11,Normal,Lung,Other
RBT,2,24,168,8.343,Cellular,Cellular,Other
RBT,2,24,168,4.233,Normal,Lung,Other
RBT,3,24,24,0.409,Normal,Lung,Other
RBT,3,24,24,2.55,Normal,Lung,Other
RBT,3,24,24,2.45,Normal,Lung,Other
RBT,3,24,24,1.6,Normal,Lung,Other
RBT,3,24,24,1.57,Normal,Lung,Other
RBT,3,24,24,1.55,Normal,Lung,Other
RBT,3,24,24,1.81,Normal,Lung,Other
RBT,3,24,24,3.48,Cellular,Cellular,Other
RBT,3,24,24,1.88,Caseous Lesion,Caseous/Fibrotic,Other
RBT,3,24,24,1.85,Caseous Lesion,Caseous/Fibrotic,Other
RBT,3,24,24,0.774,Caseum,Caseum,Other
RBT,3,24,24,10.5,Cellular,Cellular,Other
RBT,3,24,24,0.274,Normal,Lung,Other
RBT,3,24,24,5.195,Cellular,Cellular,Other
RBT,3,24,24,1.706,Normal,Lung,Other
RBT,4,24,24,1.83,Normal,Lung,Other
RBT,4,24,24,1.33,Normal,Lung,Other
RBT,4,24,24,1.84,Normal,Lung,Other
RBT,4,24,24,1.66,Normal,Lung,Other
RBT,4,24,24,1.12,Normal,Lung,Other
RBT,4,24,24,1.47,Normal,Lung,Other
RBT,4,24,24,1.24,Normal,Lung,Other
RBT,4,24,24,1.52,Normal,Lung,Other
RBT,5,24,24,2.21,Normal,Lung,Other
RBT,5,24,24,1.51,Normal,Lung,Other
RBT,5,24,24,1.96,Normal,Lung,Other
RBT,5,24,24,1.43,Normal,Lung,Other
RBT,5,24,24,2.12,Normal,Lung,Other
RBT,5,24,24,2.13,Normal,Lung,Other
RBT,5,24,24,1.6,Normal,Lung,Other
RBT,5,24,24,1.84,Normal,Lung,Other
RBT,5,24,24,2.33,Normal,Lung,Other
RBT,5,24,24,2.14,Normal,Lung,Other
RBT,5,24,24,1.48,Normal,Lung,Other
RBT,5,24,24,2.53,Normal,Lung,Other
RBT,5,24,24,0.794,Caseum,Caseum,Other
RBT,5,24,24,2.76,Cellular,Cellular,Other
RBT,5,24,24,2.35,Normal,Lung,Other
RBT,5,24,24,1.04,Cellular,Cellular,Other
RBT,5,24,24,1.94,Normal,Lung,Other
RBT,6,24,24,1.43,Normal,Lung,Other
RBT,6,24,24,1.22,Normal,Lung,Other
RBT,6,24,24,0.84,Normal,Lung,Other
RBT,6,24,24,1.19,Normal,Lung,Other
RBT,6,24,24,2.59,Normal,Lung,Other
RBT,6,24,24,7.1,Normal,Lung,Other
RBT,6,24,24,1.29,Normal,Lung,Other
RBT,6,24,24,0.582,Cellular,Cellular,Other
RBT,6,24,24,0.766,Cellular,Cellular,Other
RBT,6,24,24,2.69,Cellular,Cellular,Other
RBT,6,24,24,1.82,Caseous Lesion,Caseous/Fibrotic,Other
RBT,6,24,24,1.6,Caseous Lesion,Caseous/Fibrotic,Other
RBT,6,24,24,2.09,Caseous Lesion,Caseous/Fibrotic,Other
RBT,6,24,24,0.944,Caseous Lesion,Caseous/Fibrotic,Other
RBT,6,24,24,2.15,Caseous Lesion,Caseous/Fibrotic,Other
RBT,6,24,24,1.68,Caseous Lesion,Caseous/Fibrotic,Other
RBT,6,24,24,2.26,Caseous Lesion,Caseous/Fibrotic,Other
RBT,6,24,24,2.29,Caseous Lesion,Caseous/Fibrotic,Other
RBT,6,24,24,2.13,Caseous Lesion,Caseous/Fibrotic,Other
RBT,6,24,24,2.64,Caseous Lesion,Caseous/Fibrotic,Other
RBT,6,24,24,2.04,Caseous Lesion,Caseous/Fibrotic,Other
RBT,6,24,24,1.37,Caseous Lesion,Caseous/Fibrotic,Other
RBT,6,24,24,2.27,Caseous Lesion,Caseous/Fibrotic,Other
RBT,6,24,24,2.19,Caseous Lesion,Caseous/Fibrotic,Other
RBT,6,24,24,1.99,Caseous Lesion,Caseous/Fibrotic,Other
RBT,6,24,24,2.26,Caseous Lesion,Caseous/Fibrotic,Other
RBT,6,24,24,2.25,Caseous Lesion,Caseous/Fibrotic,Other
RBT,6,24,24,1.78,Caseous Lesion,Caseous/Fibrotic,Other
RBT,6,24,24,2.06,Caseous Lesion,Caseous/Fibrotic,Other
RBT,6,24,24,2.29,Caseous Lesion,Caseous/Fibrotic,Other
RBT,6,24,24,2.22,Caseous Lesion,Caseous/Fibrotic,Other
RBT,6,24,24,2.38,Caseous Lesion,Caseous/Fibrotic,Other
RBT,6,24,24,1.97,Caseous Lesion,Caseous/Fibrotic,Other
RBT,6,24,24,2.45,Caseous Lesion,Caseous/Fibrotic,Other
RBT,6,24,24,2.29,Caseous Lesion,Caseous/Fibrotic,Other
RBT,6,24,24,2.08,Caseous Lesion,Caseous/Fibrotic,Other
RBT,6,24,24,2.18,Caseous Lesion,Caseous/Fibrotic,Other
RBT,6,24,24,0.139,Caseum,Caseum,Other
RBT,6,24,24,0.81,Cellular,Cellular,Other
RBT,6,24,24,2.18,Normal,Lung,Other
RBT,6,24,24,0.215,Caseum,Caseum,Other
RBT,6,24,24,0.854,Cellular,Cellular,Other
RBT,6,24,24,2.29,Normal,Lung,Other
RBT,6,24,24,0.115,Caseum,Caseum,Other
RBT,6,24,24,0.976,Cellular,Cellular,Other
RBT,6,24,24,0.872,Normal,Lung,Other
RBT,6,24,24,0.155,Caseum,Caseum,Other
RBT,6,24,24,0.628,Cellular,Cellular,Other
RBT,6,24,24,3.47,Normal,Lung,Other
RBT,6,24,24,0.0838,Caseum,Caseum,Other
RBT,6,24,24,0.719,Cellular,Cellular,Other
RBT,6,24,24,2.96,Normal,Lung,Other
RBT,6,24,24,0.163,Caseum,Caseum,Other
RBT,6,24,24,0.681,Cellular,Cellular,Other
RBT,6,24,24,2.25,Normal,Lung,Other
RBT,6,24,24,1.346,Cellular,Cellular,Other
RBT,6,24,24,2.237,Normal,Lung,Other
RBT,6,24,24,1.346,Cellular,Cellular,Other
RBT,6,24,24,2.237,Normal,Lung,Other
RBT,6,24,24,1.346,Cellular,Cellular,Other
RBT,6,24,24,2.237,Normal,Lung,Other
RBT,6,24,24,1.346,Cellular,Cellular,Other
RBT,6,24,24,2.237,Normal,Lung,Other
RBT,6,24,24,1.346,Cellular,Cellular,Other
RBT,6,24,24,2.237,Normal,Lung,Other
RBT,6,24,24,1.346,Cellular,Cellular,Other
RBT,6,24,24,2.237,Normal,Lung,Other
RBT,7,24,24,1.31,Normal,Lung,Other
RBT,7,24,24,5.39,Normal,Lung,Other
RBT,7,24,24,2.6,Normal,Lung,Other
RBT,7,24,24,2.02,Normal,Lung,Other
RBT,7,24,24,2.27,Normal,Lung,Other
RBT,7,24,24,1.59,Normal,Lung,Other
RBT,7,24,24,7.03,Cellular,Cellular,Other
RBT,7,24,24,1.37,Caseous Lesion,Caseous/Fibrotic,Other
RBT,7,24,24,1.22,Caseous Lesion,Caseous/Fibrotic,Other
RBT,8,24,168,2.67,Normal,Lung,Other
RBT,8,24,168,3.73,Normal,Lung,Other
RBT,8,24,168,2.53,Normal,Lung,Other
RBT,8,24,168,2.65,Normal,Lung,Other
RBT,8,24,168,3.03,Normal,Lung,Other
RBT,8,24,168,5.92,Normal,Lung,Other
RBT,8,24,168,2.88,Normal,Lung,Other
RBT,8,24,168,3.78,Normal,Lung,Other
RBT,8,24,168,2.89,Normal,Lung,Other
RBT,8,24,168,3.97,Cellular,Cellular,Other
RBT,8,24,168,0.345,Cellular,Cellular,Other
RBT,8,24,168,4.75,Cellular,Cellular,Other
RBT,8,24,168,11.7,Caseous Lesion,Caseous/Fibrotic,Other
RBT,8,24,168,0.873,Caseum,Caseum,Other
RBT,8,24,168,7.85,Cellular,Cellular,Other
RBT,8,24,168,5.25,Normal,Lung,Other
RBT,8,24,168,0.31,Caseum,Caseum,Other
RBT,8,24,168,12.3,Cellular,Cellular,Other
RBT,8,24,168,8.03,Normal,Lung,Other
RBT,8,24,168,0.707,Caseum,Caseum,Other
RBT,8,24,168,17.7,Cellular,Cellular,Other
RBT,8,24,168,5.34,Normal,Lung,Other
RBT,8,24,168,4.36,Cellular,Cellular,Other
RBT,8,24,168,3.342,Normal,Lung,Other
RBT,8,24,168,4.36,Cellular,Cellular,Other
RBT,8,24,168,3.342,Normal,Lung,Other
RBT,8,24,168,4.36,Cellular,Cellular,Other
RBT,8,24,168,3.342,Normal,Lung,Other
RBT,9,24,24,6.28,Normal,Lung,Other
RBT,9,24,24,3.03,Normal,Lung,Other
RBT,9,24,24,3.22,Normal,Lung,Other
RBT,9,24,24,3.28,Normal,Lung,Other
RBT,9,24,24,3.31,Normal,Lung,Other
RBT,9,24,24,2.57,Normal,Lung,Other
RBT,9,24,24,5.99,Normal,Lung,Other
RBT,9,24,24,5.01,Normal,Lung,Other
RBT,9,24,24,6.11,Normal,Lung,Other
RBT,9,24,24,8.59,Normal,Lung,Other
RBT,9,24,24,2.53,Normal,Lung,Other
RBT,9,24,24,2.83,Normal,Lung,Other
RBT,10,24,24,0.95,Normal,Lung,Other
RBT,10,24,24,1.01,Normal,Lung,Other
RBT,10,24,24,1.28,Normal,Lung,Other
RBT,10,24,24,1.58,Normal,Lung,Other
RBT,10,24,24,1.2,Normal,Lung,Other
RBT,10,24,24,2.71,Normal,Lung,Other
RBT,10,24,24,3.14,Cellular,Cellular,Other
RBT,10,24,24,3.25,Caseous Lesion,Caseous/Fibrotic,Other
RBT,10,24,24,1.51,Caseous Lesion,Caseous/Fibrotic,Other
RBT,11,24,24,1.43,Normal,Lung,Other
RBT,11,24,24,0.917,Normal,Lung,Other
RBT,11,24,24,1.59,Normal,Lung,Other
RBT,11,24,24,1.26,Normal,Lung,Other
RBT,11,24,24,1.22,Normal,Lung,Other
RBT,11,24,24,0.878,Normal,Lung,Other
RBT,11,24,24,1.98,Normal,Lung,Other
RBT,11,24,24,1.91,Normal,Lung,Other
RBT,11,24,24,1.854,Cellular,Cellular,Other
RBT,11,24,24,3.64,Cellular,Cellular,Other
RBT,12,24,24,2.02,Normal,Lung,Other
RBT,12,24,24,2.78,Normal,Lung,Other
RBT,12,24,24,2.33,Normal,Lung,Other
RBT,12,24,24,2.8,Normal,Lung,Other
RBT,12,24,24,2.77,Normal,Lung,Other
RBT,12,24,24,2.89,Normal,Lung,Other
RBT,12,24,24,2.24,Normal,Lung,Other
RBT,12,24,24,2.61,Normal,Lung,Other
RBT,12,24,24,5.02,Normal,Lung,Other
RBT,12,24,24,4.1,Cellular,Cellular,Other
RBT,12,24,24,5.02,Cellular,Cellular,Other
RBT,12,24,24,3.39,Caseous Lesion,Caseous/Fibrotic,Other
RBT,13,24,168,2.14,Normal,Lung,Other
RBT,13,24,168,2.84,Normal,Lung,Other
RBT,13,24,168,6.63,Normal,Lung,Other
RBT,13,24,168,5.76,Normal,Lung,Other
RBT,13,24,168,2.25,Normal,Lung,Other
RBT,13,24,168,3.21,Normal,Lung,Other
RBT,13,24,168,3.33,Normal,Lung,Other
RBT,13,24,168,3.16,Normal,Lung,Other
RBT,13,24,168,4.7,Normal,Lung,Other
RBT,13,24,168,3.36,Normal,Lung,Other
RBT,13,24,168,4.39,Cellular,Cellular,Other
RBT,13,24,168,14.4,Cellular,Cellular,Other
RBT,13,24,168,10,Cellular,Cellular,Other
RBT,13,24,168,7.88,Cellular,Cellular,Other
RBT,13,24,168,2.01,Caseous Lesion,Caseous/Fibrotic,Other
RBT,13,24,168,10.9,Caseous Lesion,Caseous/Fibrotic,Other
RBT,13,24,168,6.84,Caseous Lesion,Caseous/Fibrotic,Other
RBT,13,24,168,8.05,Caseous Lesion,Caseous/Fibrotic,Other
RBT,13,24,168,2.03,Caseum,Caseum,Other
RBT,13,24,168,5.27,Cellular,Cellular,Other
RBT,13,24,168,1.91,Normal,Lung,Other
RBT,13,24,168,9.974,Cellular,Cellular,Other
RBT,13,24,168,3.738,Normal,Lung,Other
RBT,14,24,168,2.13,Normal,Lung,Other
RBT,14,24,168,0.773,Normal,Lung,Other
RBT,14,24,168,1.38,Normal,Lung,Other
RBT,14,24,168,1.6,Normal,Lung,Other
RBT,14,24,168,0.771,Normal,Lung,Other
RBT,14,24,168,1.61,Normal,Lung,Other
RBT,14,24,168,0.914,Normal,Lung,Other
RBT,14,24,168,0.528,Normal,Lung,Other
RBT,14,24,168,1.75,Normal,Lung,Other
RBT,14,24,168,2,Normal,Lung,Other
RBT,14,24,168,5.59,Cellular,Cellular,Other
RBT,14,24,168,3.45,Cellular,Cellular,Other
RBT,14,24,168,2.51,Cellular,Cellular,Other
RBT,14,24,168,3.94,Cellular,Cellular,Other
RBT,14,24,168,1.66,Caseous Lesion,Caseous/Fibrotic,Other
RBT,14,24,168,2.28,Caseous Lesion,Caseous/Fibrotic,Other
RBT,14,24,168,1.78,Caseous Lesion,Caseous/Fibrotic,Other
RBT,14,24,168,4.32,Caseous Lesion,Caseous/Fibrotic,Other
RBT,14,24,168,3.55,Caseous Lesion,Caseous/Fibrotic,Other
RBT,14,24,168,0.536,Caseum,Caseum,Other
RBT,14,24,168,2.45,Cellular,Cellular,Other
RBT,14,24,168,0.525,Normal,Lung,Other
RBT,14,24,168,0.354,Caseum,Caseum,Other
RBT,14,24,168,3.48,Cellular,Cellular,Other
RBT,14,24,168,1.26,Normal,Lung,Other
RBT,14,24,168,0.986,Caseum,Caseum,Other
RBT,14,24,168,2.62,Cellular,Cellular,Other
RBT,14,24,168,0.988,Normal,Lung,Other
RBT,14,24,168,4.34,Cellular,Cellular,Other
RBT,14,24,168,1.3456,Normal,Lung,Other
RBT,14,24,168,4.34,Cellular,Cellular,Other
RBT,14,24,168,1.3456,Normal,Lung,Other
RBT,14,24,168,4.34,Cellular,Cellular,Other
RBT,14,24,168,1.3456,Normal,Lung,Other
RBT,15,6,150,10.8,Normal,Lung,Other
RBT,15,6,150,12.8,Normal,Lung,Other
RBT,15,6,150,21.6,Normal,Lung,Other
RBT,15,6,150,15.4,Normal,Lung,Other
RBT,15,6,150,15.6,Normal,Lung,Other
RBT,15,6,150,21.8,Normal,Lung,Other
RBT,15,6,150,22.9,Normal,Lung,Other
RBT,15,6,150,18.5,Normal,Lung,Other
RBT,15,6,150,7.11,Normal,Lung,Other
RBT,15,6,150,10.8,Normal,Lung,Other
RBT,15,6,150,7.47,Normal,Lung,Other
RBT,15,6,150,4.9,Normal,Lung,Other
RBT,15,6,150,1.92,Cellular,Cellular,Other
RBT,15,6,150,46.7,Cellular,Cellular,Other
RBT,15,6,150,24.5,Cellular,Cellular,Other
RBT,15,6,150,2.8,Caseous Lesion,Caseous/Fibrotic,Other
RBT,15,6,150,3.22,Caseous Lesion,Caseous/Fibrotic,Other
RBT,15,6,150,11.8,Caseous Lesion,Caseous/Fibrotic,Other
RBT,15,6,150,31.5,Caseous Lesion,Caseous/Fibrotic,Other
RBT,15,6,150,32.2,Caseous Lesion,Caseous/Fibrotic,Other
RBT,16,6,150,6.03,Normal,Lung,Other
RBT,16,6,150,6.85,Normal,Lung,Other
RBT,16,6,150,5.7,Normal,Lung,Other
RBT,16,6,150,6.11,Normal,Lung,Other
RBT,16,6,150,2.51,Normal,Lung,Other
RBT,16,6,150,3.6,Normal,Lung,Other
RBT,16,6,150,5.67,Normal,Lung,Other
RBT,16,6,150,6.89,Normal,Lung,Other
RBT,16,6,150,5.07,Normal,Lung,Other
RBT,16,6,150,5.68,Normal,Lung,Other
RBT,16,6,150,6.6,Normal,Lung,Other
RBT,16,6,150,7.96,Normal,Lung,Other
RBT,16,6,150,0.595,Cellular,Cellular,Other
RBT,16,6,150,1.02,Cellular,Cellular,Other
RBT,16,6,150,1.97,Cellular,Cellular,Other
RBT,16,6,150,17.1,Cellular,Cellular,Other
RBT,16,6,150,14.8,Cellular,Cellular,Other
RBT,16,6,150,20.7,Cellular,Cellular,Other
RBT,16,6,150,9.95,Cellular,Cellular,Other
RBT,16,6,150,10.4,Cellular,Cellular,Other
RBT,16,6,150,0.415,Caseous Lesion,Caseous/Fibrotic,Other
RBT,16,6,150,4.98,Caseous Lesion,Caseous/Fibrotic,Other
RBT,16,6,150,18.1,Caseous Lesion,Caseous/Fibrotic,Other
RBT,16,6,150,18.1,Caseous Lesion,Caseous/Fibrotic,Other
RBT,16,6,150,19.6,Caseous Lesion,Caseous/Fibrotic,Other
RBT,16,6,150,19.3,Caseous Lesion,Caseous/Fibrotic,Other
RBT,16,6,150,28.7,Caseous Lesion,Caseous/Fibrotic,Other
RBT,17,6,150,21.7,Normal,Lung,Other
RBT,17,6,150,9.43,Normal,Lung,Other
RBT,17,6,150,14.9,Normal,Lung,Other
RBT,17,6,150,14.3,Normal,Lung,Other
RBT,17,6,150,9.83,Normal,Lung,Other
RBT,17,6,150,2.36,Normal,Lung,Other
RBT,17,6,150,12.7,Normal,Lung,Other
RBT,17,6,150,11.1,Normal,Lung,Other
RBT,17,6,150,10.6,Normal,Lung,Other
RBT,17,6,150,15.2,Normal,Lung,Other
RBT,17,6,150,6.44,Normal,Lung,Other
RBT,17,6,150,7.5,Normal,Lung,Other
RBT,17,6,150,14.8,Cellular,Cellular,Other
RBT,17,6,150,5.65,Cellular,Cellular,Other
RBT,17,6,150,18,Cellular,Cellular,Other
RBT,17,6,150,19.8,Cellular,Cellular,Other
RBT,17,6,150,16.7,Cellular,Cellular,Other
RBT,17,6,150,20.9,Cellular,Cellular,Other
RBT,17,6,150,17.2,Cellular,Cellular,Other
RBT,17,6,150,22.5,Cellular,Cellular,Other
RBT,17,6,150,34,Cellular,Cellular,Other
RBT,17,6,150,16.9,Cellular,Cellular,Other
RBT,17,6,150,20.9,Cellular,Cellular,Other
RBT,17,6,150,6.61,Cellular,Cellular,Other
SZD,1,6,102,0.00834,Inner Caseum,Caseum,Other
SZD,1,6,102,0.0125,Outer Caseum,Caseum,Other
SZD,1,6,102,0.0119,Cellular,Cellular,Other
SZD,1,6,102,0.00947,Normal,Lung,Other
SZD,1,6,102,0.0128,Inner Caseum,Caseum,Other
SZD,1,6,102,0.0171,Outer Caseum,Caseum,Other
SZD,1,6,102,0.0106,Cellular,Cellular,Other
SZD,1,6,102,0.00419,Normal,Lung,Other
SZD,2,3,99,0.0185,Inner Caseum,Caseum,Other
SZD,2,3,99,0.0291,Outer Caseum,Caseum,Other
SZD,2,3,99,0.0252,Cellular,Cellular,Other
SZD,2,3,99,0.0061,Normal,Lung,Other
SZD,2,3,99,0.0363,Inner Caseum,Caseum,Other
SZD,2,3,99,0.0348,Outer Caseum,Caseum,Other
SZD,2,3,99,0.0137,Cellular,Cellular,Other
SZD,2,3,99,0.00261,Normal,Lung,Other
SZD,3,3,99,0.0491,Inner Caseum,Caseum,Other
SZD,3,3,99,0.041,Outer Caseum,Caseum,Other
SZD,3,3,99,0.0485,Cellular,Cellular,Other
SZD,3,3,99,0.035,Normal,Lung,Other
SZD,3,3,99,0.09,Inner Caseum,Caseum,Other
SZD,3,3,99,0.148,Outer Caseum,Caseum,Other
SZD,3,3,99,0.139,Cellular,Cellular,Other
SZD,3,3,99,0.189,Normal,Lung,Other
SZD,4,6,102,0.0113,Inner Caseum,Caseum,Other
SZD,4,6,102,0.0131,Outer Caseum,Caseum,Other
SZD,4,6,102,0.0189,Cellular,Cellular,Other
SZD,4,6,102,0.0139,Normal,Lung,Other
SZD,5,24,72,0.00367,Cellular,Cellular,Other
SZD,5,24,72,0.00328,Cellular,Cellular,Other
SZD,5,24,72,0.00208,Cellular,Cellular,Other
SZD,5,24,72,0.00257,Cellular,Cellular,Other
SZD,5,24,72,0.00227,Cellular,Cellular,Other
SZD,5,24,72,0.00257,Cellular,Cellular,Other
SZD,5,24,72,0.00233,Cellular,Cellular,Other
SZD,5,24,72,0.00372,Cellular,Cellular,Other
SZD,5,24,72,0.00553,Cellular,Cellular,Other
SZD,5,24,72,0.00183,Cellular,Cellular,Other
SZD,5,24,72,0.00211,Cellular,Cellular,Other
SZD,5,24,72,0.00309,Cellular,Cellular,Other
SZD,5,24,72,0.00357,Cellular,Cellular,Other
SZD,5,24,72,0.00227,Cellular,Cellular,Other
SZD,5,24,72,0.00143,Normal,Lung,Other
SZD,5,24,72,0.00126,Normal,Lung,Other
SZD,5,24,72,0.00123,Normal,Lung,Other
SZD,5,24,72,0.00277,Normal,Lung,Other
SZD,5,24,72,0.00142,Normal,Lung,Other
SZD,5,24,72,0.015,Caseum,Caseum,Other
SZD,5,24,72,0.00826,Cellular,Cellular,Other
SZD,6,6,54,0.0908,Cellular,Cellular,Other
SZD,6,6,54,0.069,Cellular,Cellular,Other
SZD,6,6,54,0.107,Cellular,Cellular,Other
SZD,6,6,54,0.116,Cellular,Cellular,Other
SZD,6,6,54,0.0847,Cellular,Cellular,Other
SZD,6,6,54,0.182,Cellular,Cellular,Other
SZD,6,6,54,0.125,Cellular,Cellular,Other
SZD,6,6,54,0.0818,Cellular,Cellular,Other
SZD,6,6,54,0.0781,Cellular,Cellular,Other
SZD,6,6,54,0.00754,Cellular,Cellular,Other
SZD,6,6,54,0.146,Cellular,Cellular,Other
SZD,6,6,54,0.0852,Cellular,Cellular,Other
SZD,6,6,54,0.0857,Cellular,Cellular,Other
SZD,6,6,54,0.0488,Normal,Lung,Other
SZD,6,6,54,0.0639,Normal,Lung,Other
SZD,6,6,54,0.0849,Normal,Lung,Other
SZD,6,6,54,0.0436,Normal,Lung,Other
SZD,6,6,54,0.0462,Normal,Lung,Other
SZD,6,6,54,0.313,Normal,Lung,Other
SZD,6,6,54,0.585,Inner Caseum,Caseum,Other
SZD,6,6,54,0.481,Outer Caseum,Caseum,Other
SZD,6,6,54,0.297,Cellular,Cellular,Other
SZD,6,6,54,0.172,Normal,Lung,Other
SZD,7,6,54,0.544,Cellular,Cellular,Other
SZD,7,6,54,0.525,Cellular,Cellular,Other
SZD,7,6,54,0.35,Cellular,Cellular,Other
SZD,7,6,54,0.32,Cellular,Cellular,Other
SZD,7,6,54,0.425,Cellular,Cellular,Other
SZD,7,6,54,0.318,Cellular,Cellular,Other
SZD,7,6,54,0.264,Cellular,Cellular,Other
SZD,7,6,54,0.427,Cellular,Cellular,Other
SZD,7,6,54,0.281,Cellular,Cellular,Other
SZD,7,6,54,0.488,Cellular,Cellular,Other
SZD,7,6,54,0.561,Cellular,Cellular,Other
SZD,7,6,54,0.31,Cellular,Cellular,Other
SZD,7,6,54,0.324,Cellular,Cellular,Other
SZD,7,6,54,0.183,Normal,Lung,Other
SZD,7,6,54,0.192,Normal,Lung,Other
SZD,7,6,54,0.111,Normal,Lung,Other
SZD,7,6,54,0.227,Normal,Lung,Other
SZD,7,6,54,0.121,Normal,Lung,Other
SZD,7,6,54,0.155,Normal,Lung,Other
SZD,7,6,54,0.538,Inner Caseum,Caseum,Other
SZD,7,6,54,0.613,Outer Caseum,Caseum,Other
SZD,7,6,54,0.516,Foamy Macs?,Foamy Macrophage,Other
SZD,7,6,54,0.54,Cellular,Cellular,Other
SZD,7,6,54,0.256,Normal,Lung,Other
SZD,7,6,54,0.559,Inner Caseum,Caseum,Other
SZD,7,6,54,0.798,Outer Caseum,Caseum,Other
SZD,7,6,54,0.577,Cellular,Cellular,Other
SZD,7,6,54,0.24,Normal,Lung,Other
SZD,7,6,54,0.826,Inner Caseum,Caseum,Other
SZD,7,6,54,0.764,Outer Caseum,Caseum,Other
SZD,7,6,54,0.581,Inner Cellular,Cellular,Other
SZD,7,6,54,0.533,Outer Cellular,Cellular,Other
SZD,7,6,54,0.228,Normal,Lung,Other
SZD,7,6,54,0.754,Inner Caseum,Caseum,Other
SZD,7,6,54,0.696,Outer Caseum,Caseum,Other
SZD,7,6,54,0.585,Cellular,Cellular,Other
SZD,7,6,54,0.219,Normal,Lung,Other
SZD,7,6,54,0.971,Inner Caseum,Caseum,Other
SZD,7,6,54,1.01,Outer Caseum,Caseum,Other
SZD,7,6,54,0.671,Cellular,Cellular,Other
SZD,7,6,54,0.238,Normal,Lung,Other
SZD,7,6,54,0.851,Inner Caseum,Caseum,Other
SZD,7,6,54,0.906,Outer Caseum,Caseum,Other
SZD,7,6,54,0.71,Cellular,Cellular,Other
SZD,7,6,54,0.409,Normal,Lung,Other
SZD,8,24,72,0.00254,Cellular,Cellular,Other
SZD,8,24,72,0.00148,Cellular,Cellular,Other
SZD,8,24,72,0.00124,Cellular,Cellular,Other
SZD,8,24,72,0.000941,Cellular,Cellular,Other
SZD,8,24,72,0.00166,Cellular,Cellular,Other
SZD,8,24,72,0.00199,Cellular,Cellular,Other
SZD,8,24,72,0.00418,Cellular,Cellular,Other
SZD,8,24,72,0.00333,Cellular,Cellular,Other
SZD,8,24,72,0.00155,Cellular,Cellular,Other
SZD,8,24,72,0.00132,Cellular,Cellular,Other
SZD,8,24,72,0.00202,Cellular,Cellular,Other
SZD,8,24,72,0.00608,Normal,Lung,Other
SZD,8,24,72,0.00145,Normal,Lung,Other
SZD,8,24,72,0.00181,Normal,Lung,Other
SZD,8,24,72,0.003,Normal,Lung,Other
SZD,8,24,72,0.00222,Normal,Lung,Other
SZD,9,18,66,0.028,Cellular,Cellular,Other
SZD,9,18,66,0.0224,Cellular,Cellular,Other
SZD,9,18,66,0.0405,Cellular,Cellular,Other
SZD,9,18,66,0.0972,Cellular,Cellular,Other
SZD,9,18,66,0.03,Cellular,Cellular,Other
SZD,9,18,66,0.0549,Cellular,Cellular,Other
SZD,9,18,66,0.0167,Normal,Lung,Other
SZD,9,18,66,0.0474,Normal,Lung,Other
SZD,9,18,66,0.0573,Normal,Lung,Other
SZD,9,18,66,0.0525,Normal,Lung,Other
SZD,9,18,66,0.0202,Normal,Lung,Other
SZD,9,18,66,0.0822,Normal,Lung,Other
SZD,9,18,66,0.0506,Inner Caseum,Caseum,Other
SZD,9,18,66,0.0438,Outer Caseum,Caseum,Other
SZD,9,18,66,0.0455,Cellular,Cellular,Other
SZD,9,18,66,0.0815,Normal,Lung,Other
SZD,9,18,66,0.104,Inner Caseum,Caseum,Other
SZD,9,18,66,0.0646,Outer Caseum,Caseum,Other
SZD,9,18,66,0.0469,Cellular,Cellular,Other
SZD,9,18,66,0.0504,Normal,Lung,Other
SZD,10,18,66,0.0527,Cellular,Cellular,Other
SZD,10,18,66,0.0553,Cellular,Cellular,Other
SZD,10,18,66,0.0583,Cellular,Cellular,Other
SZD,10,18,66,0.0769,Cellular,Cellular,Other
SZD,10,18,66,0.0649,Cellular,Cellular,Other
SZD,10,18,66,0.0749,Cellular,Cellular,Other
SZD,10,18,66,0.0725,Cellular,Cellular,Other
SZD,10,18,66,0.0834,Cellular,Cellular,Other
SZD,10,18,66,0.0597,Cellular,Cellular,Other
SZD,10,18,66,0.0416,Cellular,Cellular,Other
SZD,10,18,66,0.052,Cellular,Cellular,Other
SZD,10,18,66,0.0597,Cellular,Cellular,Other
SZD,10,18,66,0.0566,Cellular,Cellular,Other
SZD,10,18,66,0.0615,Cellular,Cellular,Other
SZD,10,18,66,0.051,Normal,Lung,Other
SZD,10,18,66,0.0678,Normal,Lung,Other
SZD,10,18,66,0.038,Normal,Lung,Other
SZD,10,18,66,0.196,Normal,Lung,Other
SZD,10,18,66,0.0616,Normal,Lung,Other
SZD,10,18,66,0.0775,Normal,Lung,Other
SZD,11,3,51,0.246,Cellular,Cellular,Other
SZD,11,3,51,0.234,Cellular,Cellular,Other
SZD,11,3,51,0.151,Cellular,Cellular,Other
SZD,11,3,51,0.178,Cellular,Cellular,Other
SZD,11,3,51,0.157,Cellular,Cellular,Other
SZD,11,3,51,0.161,Cellular,Cellular,Other
SZD,11,3,51,0.229,Cellular,Cellular,Other
SZD,11,3,51,0.2,Cellular,Cellular,Other
SZD,11,3,51,0.338,Cellular,Cellular,Other
SZD,11,3,51,0.207,Cellular,Cellular,Other
SZD,11,3,51,0.222,Cellular,Cellular,Other
SZD,11,3,51,0.447,Cellular,Cellular,Other
SZD,11,3,51,0.287,Cellular,Cellular,Other
SZD,11,3,51,0.126,Normal,Lung,Other
SZD,11,3,51,0.153,Normal,Lung,Other
SZD,11,3,51,0.089,Normal,Lung,Other
SZD,11,3,51,0.132,Normal,Lung,Other
SZD,11,3,51,0.136,Normal,Lung,Other
SZD,11,3,51,0.0997,Normal,Lung,Other
SZD,11,3,51,0.0693,Inner Caseum,Caseum,Other
SZD,11,3,51,0.424,Outer Caseum,Caseum,Other
SZD,11,3,51,0.304,Inner Cellular,Cellular,Other
SZD,11,3,51,0.368,Outer Cellular,Cellular,Other
SZD,11,3,51,0.142,Liquid Caseum,Caseum,Other
SZD,11,3,51,0.125,Blood,Blood,Other
SZD,11,3,51,0.149,Normal,Lung,Other
SZD,11,3,51,0.18,Inner Caseum,Caseum,Other
SZD,11,3,51,0.3,Outer Caseum,Caseum,Other
SZD,11,3,51,0.217,Inner Cellular,Cellular,Other
SZD,11,3,51,0.287,Outer Cellular,Cellular,Other
SZD,11,3,51,0.0937,Normal,Lung,Other
SZD,11,3,51,0.21,Inner Caseum,Caseum,Other
SZD,11,3,51,0.392,Outer Caseum,Caseum,Other
SZD,11,3,51,0.228,Inner Cellular,Cellular,Other
SZD,11,3,51,0.307,Outer Cellular,Cellular,Other
SZD,11,3,51,0.263,Liquid Caseum,Caseum,Other
SZD,11,3,51,0.0956,Normal,Lung,Other
SZD,11,3,51,0.259,Inner Caseum,Caseum,Other
SZD,11,3,51,0.365,Outer Caseum,Caseum,Other
SZD,11,3,51,0.289,Inner Cellular,Cellular,Other
SZD,11,3,51,0.299,Outer Cellular,Cellular,Other
SZD,11,3,51,0.182,Blood,Blood,Other
SZD,11,3,51,0.102,Normal,Lung,Other
SZD,11,3,51,0.137,Inner Caseum,Caseum,Other
SZD,11,3,51,0.362,Outer Caseum,Caseum,Other
SZD,11,3,51,0.329,Cellular,Cellular,Other
SZD,11,3,51,0.149,Inner Caseum,Caseum,Other
SZD,11,3,51,0.376,Outer Caseum,Caseum,Other
SZD,11,3,51,0.334,Cellular,Cellular,Other
SZD,11,3,51,0.129,Normal,Lung,Other
SZD,12,3,51,0.22,Cellular,Cellular,Other
SZD,12,3,51,0.276,Cellular,Cellular,Other
SZD,12,3,51,0.268,Cellular,Cellular,Other
SZD,12,3,51,0.731,Cellular,Cellular,Other
SZD,12,3,51,0.227,Cellular,Cellular,Other
SZD,12,3,51,0.186,Cellular,Cellular,Other
SZD,12,3,51,0.213,Cellular,Cellular,Other
SZD,12,3,51,0.216,Cellular,Cellular,Other
SZD,12,3,51,0.651,Cellular,Cellular,Other
SZD,12,3,51,0.46,Cellular,Cellular,Other
SZD,12,3,51,0.253,Cellular,Cellular,Other
SZD,12,3,51,0.221,Normal,Lung,Other
SZD,12,3,51,0.14,Normal,Lung,Other
SZD,12,3,51,0.184,Normal,Lung,Other
SZD,12,3,51,0.209,Normal,Lung,Other
SZD,12,3,51,0.116,Normal,Lung,Other
SZD,12,3,51,0.126,Normal,Lung,Other
SZD,12,3,51,0.529,Inner Caseum,Caseum,Other
SZD,12,3,51,0.559,Outer Caseum,Caseum,Other
SZD,12,3,51,0.353,Cellular,Cellular,Other
SZD,12,3,51,0.147,Normal,Lung,Other
SZD,13,6,54,0.0609,Cellular,Cellular,Other
SZD,13,6,54,0.0832,Cellular,Cellular,Other
SZD,13,6,54,0.103,Cellular,Cellular,Other
SZD,13,6,54,0.105,Cellular,Cellular,Other
SZD,13,6,54,0.087,Cellular,Cellular,Other
SZD,13,6,54,0.0635,Cellular,Cellular,Other
SZD,13,6,54,0.0601,Cellular,Cellular,Other
SZD,13,6,54,0.0725,Cellular,Cellular,Other
SZD,13,6,54,0.1,Cellular,Cellular,Other
SZD,13,6,54,0.0604,Cellular,Cellular,Other
SZD,13,6,54,0.0867,Cellular,Cellular,Other
SZD,13,6,54,0.114,Cellular,Cellular,Other
SZD,13,6,54,0.101,Cellular,Cellular,Other
SZD,13,6,54,0.108,Cellular,Cellular,Other
SZD,13,6,54,0.154,Normal,Lung,Other
SZD,13,6,54,0.0555,Normal,Lung,Other
SZD,13,6,54,0.0666,Normal,Lung,Other
SZD,13,6,54,0.0621,Normal,Lung,Other
SZD,13,6,54,0.0686,Normal,Lung,Other
SZD,13,6,54,0.14,Normal,Lung,Other
SZD,14,24,48,0.0213,Cellular,Cellular,Other
SZD,14,24,48,0.0162,Cellular,Cellular,Other
SZD,14,24,48,0.0186,Cellular,Cellular,Other
SZD,14,24,48,0.0197,Cellular,Cellular,Other
SZD,14,24,48,0.0127,Cellular,Cellular,Other
SZD,14,24,48,0.0118,Cellular,Cellular,Other
SZD,14,24,48,0.0119,Cellular,Cellular,Other
SZD,14,24,48,0.0214,Cellular,Cellular,Other
SZD,14,24,48,0.0152,Cellular,Cellular,Other
SZD,14,24,48,0.0126,Cellular,Cellular,Other
SZD,14,24,48,0.0139,Cellular,Cellular,Other
SZD,14,24,48,0.0182,Cellular,Cellular,Other
SZD,14,24,48,0.012,Cellular,Cellular,Other
SZD,14,24,48,0.00897,Cellular,Cellular,Other
SZD,14,24,48,0.0153,Normal,Lung,Other
SZD,14,24,48,0.0203,Normal,Lung,Other
SZD,14,24,48,0.00698,Normal,Lung,Other
SZD,14,24,48,0.00714,Normal,Lung,Other
SZD,14,24,48,0.00791,Normal,Lung,Other
SZD,14,24,48,0.00739,Normal,Lung,Other
SZD,14,24,72,0.00709,Outer Caseum,Caseum,Other
SZD,14,24,72,0.0106,Inner Cellular,Cellular,Other
SZD,14,24,72,0.023,Outer Cellular,Cellular,Other
SZD,14,24,72,0.0147,Normal,Lung,Other
SZD,14,24,72,0.00295,Outer Caseum,Caseum,Other
SZD,14,24,72,0.00488,Liquid Caseum,Caseum,Other
SZD,14,24,72,0.0187,Cellular,Cellular,Other
SZD,14,24,72,0.0138,Normal,Lung,Other
SZD,15,24,48,0.00398,Cellular,Cellular,Other
SZD,15,24,48,0.00491,Cellular,Cellular,Other
SZD,15,24,48,0.00451,Cellular,Cellular,Other
SZD,15,24,48,0.00566,Cellular,Cellular,Other
SZD,15,24,48,0.0045,Cellular,Cellular,Other
SZD,15,24,48,0.00429,Cellular,Cellular,Other
SZD,15,24,48,0.00212,Cellular,Cellular,Other
SZD,15,24,48,0.00429,Cellular,Cellular,Other
SZD,15,24,48,0.00469,Cellular,Cellular,Other
SZD,15,24,48,0.00124,Cellular,Cellular,Other
SZD,15,24,48,0.00256,Cellular,Cellular,Other
SZD,15,24,48,0.011,Cellular,Cellular,Other
SZD,15,24,48,0.00429,Cellular,Cellular,Other
SZD,15,24,48,0.00198,Cellular,Cellular,Other
SZD,15,24,48,0.00366,Normal,Lung,Other
SZD,15,24,48,0.00494,Normal,Lung,Other
SZD,15,24,48,0.00547,Normal,Lung,Other
SZD,15,24,48,0.00194,Normal,Lung,Other
SZD,15,24,48,0.00294,Normal,Lung,Other
SZD,15,24,48,0.00669,Normal,Lung,Other
SZD,16,24,72,0.000703,Cellular,Cellular,Other
SZD,16,24,72,0.00165,Cellular,Cellular,Other
SZD,16,24,72,0.000874,Cellular,Cellular,Other
SZD,16,24,72,0.00123,Cellular,Cellular,Other
SZD,16,24,72,0.000367,Cellular,Cellular,Other
SZD,16,24,72,0.000913,Cellular,Cellular,Other
SZD,16,24,72,0.000827,Cellular,Cellular,Other
SZD,16,24,72,0.000919,Cellular,Cellular,Other
SZD,16,24,72,0.00127,Cellular,Cellular,Other
SZD,16,24,72,0.00109,Cellular,Cellular,Other
SZD,16,24,72,0.00088,Cellular,Cellular,Other
SZD,16,24,72,0.000883,Cellular,Cellular,Other
SZD,16,24,72,0.00125,Cellular,Cellular,Other
SZD,16,24,72,0.000545,Cellular,Cellular,Other
SZD,16,24,72,0.00137,Normal,Lung,Other
SZD,16,24,72,0.00103,Normal,Lung,Other
SZD,16,24,72,0.00106,Normal,Lung,Other
SZD,16,24,72,0.000628,Normal,Lung,Other
SZD,16,24,72,0.000281,Normal,Lung,Other
SZD,16,24,72,0.000665,Normal,Lung,Other
SZD,17,24,72,0.000769,Cellular,Cellular,Other
SZD,17,24,72,0.000734,Cellular,Cellular,Other
SZD,17,24,72,0.00073,Cellular,Cellular,Other
SZD,17,24,72,0.000721,Cellular,Cellular,Other
SZD,17,24,72,0.00075,Cellular,Cellular,Other
SZD,17,24,72,0.00071,Cellular,Cellular,Other
SZD,17,24,72,0.000135,Cellular,Cellular,Other
SZD,17,24,72,0.000527,Cellular,Cellular,Other
SZD,17,24,72,0.000783,Cellular,Cellular,Other
SZD,17,24,72,0.000921,Cellular,Cellular,Other
SZD,17,24,72,0.00153,Cellular,Cellular,Other
SZD,17,24,72,0.000927,Normal,Lung,Other
SZD,17,24,72,0.000474,Normal,Lung,Other
SZD,17,24,72,0.000759,Normal,Lung,Other
SZD,17,24,72,0.00109,Normal,Lung,Other
SZD,17,24,72,0.000429,Normal,Lung,Other
SZD,17,24,72,0.00021,Normal,Lung,Other
SZD,25,24,72,0.000627,Cellular,Cellular,Other
SZD,25,24,72,0.000985,Cellular,Cellular,Other
SZD,25,24,72,0.000618,Cellular,Cellular,Other
SZD,25,24,72,0.000225,Cellular,Cellular,Other
SZD,25,24,72,0.000739,Cellular,Cellular,Other
SZD,25,24,72,0.000354,Cellular,Cellular,Other
SZD,25,24,72,0.000571,Cellular,Cellular,Other
SZD,25,24,72,0.000329,Cellular,Cellular,Other
SZD,25,24,72,0.00134,Cellular,Cellular,Other
SZD,25,24,72,0.000685,Normal,Lung,Other
SZD,25,24,72,0.000183,Normal,Lung,Other
SZD,25,24,72,0.00028,Normal,Lung,Other
SZD,25,24,72,0.000321,Normal,Lung,Other
SZD,25,24,72,0.000562,Normal,Lung,Other
SZD,25,24,72,0.000291,Normal,Lung,Other
SZD,26,24,72,0.00111,Cellular,Cellular,Other
SZD,26,24,72,0.00152,Cellular,Cellular,Other
SZD,26,24,72,0.000916,Cellular,Cellular,Other
SZD,26,24,72,0.00129,Cellular,Cellular,Other
SZD,26,24,72,0.00153,Cellular,Cellular,Other
SZD,26,24,72,0.00129,Cellular,Cellular,Other
SZD,26,24,72,0.00149,Cellular,Cellular,Other
SZD,26,24,72,0.00233,Normal,Lung,Other
SZD,26,24,72,0.00178,Normal,Lung,Other
SZD,26,24,72,0.00136,Normal,Lung,Other
SZD,26,24,72,0.000693,Normal,Lung,Other
SZD,26,24,72,0.000399,Normal,Lung,Other
SZD,26,24,72,0.00139,Normal,Lung,Other
SZD,27,24,72,0.0826,Cellular,Cellular,Other
SZD,27,24,72,0.135,Cellular,Cellular,Other
SZD,27,24,72,0.162,Cellular,Cellular,Other
SZD,27,24,72,0.0846,Cellular,Cellular,Other
SZD,27,24,72,0.0757,Cellular,Cellular,Other
SZD,27,24,72,0.119,Cellular,Cellular,Other
SZD,27,24,72,0.124,Cellular,Cellular,Other
SZD,27,24,72,0.0603,Cellular,Cellular,Other
SZD,27,24,72,0.0718,Cellular,Cellular,Other
SZD,27,24,72,0.211,Cellular,Cellular,Other
SZD,27,24,72,0.144,Cellular,Cellular,Other
SZD,28,24,72,0.0526,Cellular,Cellular,Other
SZD,28,24,72,0.0464,Cellular,Cellular,Other
SZD,28,24,72,0.0323,Cellular,Cellular,Other
SZD,28,24,72,0.0335,Cellular,Cellular,Other
SZD,28,24,72,0.0315,Inner Caseum,Caseum,Other
SZD,28,24,72,0.0324,Outer Caseum,Caseum,Other
SZD,28,24,72,0.0316,Cellular,Cellular,Other
SZD,28,24,72,0.018,Normal,Lung,Other
SZD,29,3,75,0.167,Cellular,Cellular,Other
SZD,29,3,75,0.131,Cellular,Cellular,Other
SZD,29,3,75,0.424,Cellular,Cellular,Other
SZD,29,3,75,0.0886,Cellular,Cellular,Other
SZD,29,3,75,0.321,Cellular,Cellular,Other
SZD,29,3,75,0.104,Cellular,Cellular,Other
SZD,29,3,75,0.113,Cellular,Cellular,Other
SZD,29,3,75,0.208,Cellular,Cellular,Other
SZD,29,3,75,0.15,Cellular,Cellular,Other
SZD,29,3,75,0.0989,Cellular,Cellular,Other
SZD,30,3,75,1.32,Cellular,Cellular,Other
SZD,30,3,75,0.65,Cellular,Cellular,Other
SZD,30,3,75,0.796,Cellular,Cellular,Other
SZD,30,3,75,0.576,Cellular,Cellular,Other
SZD,30,3,75,0.34,Cellular,Cellular,Other
SZD,30,3,75,0.248,Cellular,Cellular,Other
SZD,30,3,75,0.551,Cellular,Cellular,Other
SZD,30,3,75,0.324,Cellular,Cellular,Other
SZD,30,3,75,0.541,Cellular,Cellular,Other
SZD,30,3,75,0.288,Cellular,Cellular,Other
SZD,30,3,75,0.71,Inner Cavity,Cavity,Other
SZD,30,3,75,1.08,Outer Caseum,Caseum,Other
SZD,30,3,75,0.79,Cellular,Cellular,Other
SZD,30,3,75,0.316,Normal,Lung,Other
SZD,30,3,75,1.1,Inner Caseum,Caseum,Other
SZD,30,3,75,0.9,Outer Caseum,Caseum,Other
SZD,30,3,75,0.93,Inner Cellular,Cellular,Other
SZD,30,3,75,0.952,Outer Cellular,Cellular,Other
SZD,30,3,75,0.237,Normal,Lung,Other
SZD,31,3,75,0.216,Cellular,Cellular,Other
SZD,31,3,75,0.222,Cellular,Cellular,Other
SZD,31,3,75,0.242,Cellular,Cellular,Other
SZD,31,3,75,0.211,Cellular,Cellular,Other
SZD,31,3,75,0.189,Cellular,Cellular,Other
SZD,31,3,75,0.154,Cellular,Cellular,Other
SZD,31,3,75,0.226,Cellular,Cellular,Other
SZD,31,3,75,0.274,Cellular,Cellular,Other
SZD,31,3,75,0.293,Cellular,Cellular,Other
SZD,31,3,75,0.355,Cellular,Cellular,Other
SZD,31,3,75,0.204,Cellular,Cellular,Other
SZD,31,3,75,0.14,Cellular,Cellular,Other
SZD,31,3,75,0.259,Cellular,Cellular,Other
SZD,31,3,75,0.0919,Cellular,Cellular,Other
SZD,31,3,75,0.402,Inner Caseum,Caseum,Other
SZD,31,3,75,0.519,Outer Caseum,Caseum,Other
SZD,31,3,75,0.472,Cellular,Cellular,Other
SZD,32,6,78,0.47,Cellular,Cellular,Other
SZD,32,6,78,0.714,Cellular,Cellular,Other
SZD,32,6,78,0.581,Cellular,Cellular,Other
SZD,32,6,78,0.836,Cellular,Cellular,Other
SZD,32,6,78,0.512,Cellular,Cellular,Other
SZD,32,6,78,0.704,Cellular,Cellular,Other
SZD,32,6,78,0.484,Cellular,Cellular,Other
SZD,32,6,78,0.477,Cellular,Cellular,Other
SZD,32,6,78,0.453,Cellular,Cellular,Other
SZD,32,6,78,0.171,Cellular,Cellular,Other
SZD,32,6,78,0.414,Inner Caseum,Caseum,Other
SZD,32,6,78,0.722,Outer Caseum,Caseum,Other
SZD,32,6,78,0.607,Inner Cellular,Cellular,Other
SZD,32,6,78,0.7,Outer Cellular,Cellular,Other
SZD,32,6,78,0.385,Normal,Lung,Other
SZD,32,6,78,0.703,Inner Caseum,Caseum,Other
SZD,32,6,78,0.75,Outer Caseum,Caseum,Other
SZD,32,6,78,0.662,Inner Cellular,Cellular,Other
SZD,32,6,78,0.693,Outer Cellular,Cellular,Other
SZD,32,6,78,0.298,Normal,Lung,Other
SZD,33,6,78,0.15,Cellular,Cellular,Other
SZD,33,6,78,0.259,Cellular,Cellular,Other
SZD,33,6,78,0.0979,Cellular,Cellular,Other
SZD,33,6,78,0.179,Cellular,Cellular,Other
SZD,33,6,78,0.222,Cellular,Cellular,Other
SZD,33,6,78,0.117,Cellular,Cellular,Other
SZD,33,6,78,0.228,Cellular,Cellular,Other
SZD,33,6,78,0.182,Cellular,Cellular,Other
SZD,33,6,78,0.127,Cellular,Cellular,Other
SZD,33,6,78,0.217,Cellular,Cellular,Other
SZD,34,6,78,0.235,Cellular,Cellular,Other
SZD,34,6,78,0.197,Cellular,Cellular,Other
SZD,34,6,78,0.183,Cellular,Cellular,Other
SZD,34,6,78,0.137,Cellular,Cellular,Other
SZD,34,6,78,0.225,Inner Cavity,Cavity,Other
SZD,34,6,78,0.305,Outer Caseum,Caseum,Other
SZD,34,6,78,0.314,Cellular,Cellular,Other
SZD,34,6,78,0.346,Normal,Lung,Other
SZD,34,6,78,0.286,Inner Caseum,Caseum,Other
SZD,34,6,78,0.301,Outer Caseum,Caseum,Other
SZD,34,6,78,0.297,Inner Cellular,Cellular,Other
SZD,34,6,78,0.35,Outer Cellular,Cellular,Other
SZD,34,6,78,0.184,Normal,Lung,Other
SZD,34,6,78,0.357,Outer Caseum,Caseum,Other
SZD,34,6,78,0.471,Cellular,Cellular,Other
SZD,34,6,78,0.102,Normal,Lung,Other
SZD,35,24,96,0.0603,Cellular,Cellular,Other
SZD,35,24,96,0.0398,Cellular,Cellular,Other
SZD,35,24,96,0.0275,Cellular,Cellular,Other
SZD,35,24,96,0.0446,Cellular,Cellular,Other
SZD,35,24,96,0.0463,Cellular,Cellular,Other
SZD,35,24,96,0.0431,Cellular,Cellular,Other
SZD,35,24,96,0.0718,Cellular,Cellular,Other
SZD,35,24,96,0.0475,Cellular,Cellular,Other
SZD,35,24,96,0.0507,Cellular,Cellular,Other
SZD,35,24,96,0.0526,Cellular,Cellular,Other
SZD,35,24,96,0.031,Cellular,Cellular,Other
SZD,35,24,96,0.0517,Cellular,Cellular,Other
SZD,35,24,96,0.0419,Cellular,Cellular,Other
SZD,35,24,96,0.0666,Cellular,Cellular,Other
SZD,36,24,96,0.0736,Cellular,Cellular,Other
SZD,36,24,96,0.0832,Cellular,Cellular,Other
SZD,36,24,96,0.0935,Cellular,Cellular,Other
SZD,36,24,96,0.085,Cellular,Cellular,Other
SZD,36,24,96,0.0769,Cellular,Cellular,Other
SZD,36,24,96,0.0764,Cellular,Cellular,Other
SZD,36,24,96,0.0699,Cellular,Cellular,Other
SZD-M1,1,6,102,0.387,Inner Caseum,Caseum,Other
SZD-M1,1,6,102,0.376,Outer Caseum,Caseum,Other
SZD-M1,1,6,102,0.247,Cellular,Cellular,Other
SZD-M1,1,6,102,0.275,Normal,Lung,Other
SZD-M1,1,6,102,0.312,Inner Caseum,Caseum,Other
SZD-M1,1,6,102,0.305,Outer Caseum,Caseum,Other
SZD-M1,1,6,102,0.204,Cellular,Cellular,Other
SZD-M1,1,6,102,0.206,Normal,Lung,Other
SZD-M1,2,3,99,0.66,Inner Caseum,Caseum,Other
SZD-M1,2,3,99,0.596,Outer Caseum,Caseum,Other
SZD-M1,2,3,99,0.592,Cellular,Cellular,Other
SZD-M1,2,3,99,0.523,Normal,Lung,Other
SZD-M1,2,3,99,0.663,Inner Caseum,Caseum,Other
SZD-M1,2,3,99,0.667,Outer Caseum,Caseum,Other
SZD-M1,2,3,99,0.468,Cellular,Cellular,Other
SZD-M1,2,3,99,0.334,Normal,Lung,Other
SZD-M1,3,3,99,1.48,Inner Caseum,Caseum,Other
SZD-M1,3,3,99,1.03,Outer Caseum,Caseum,Other
SZD-M1,3,3,99,1.17,Cellular,Cellular,Other
SZD-M1,3,3,99,0.93,Normal,Lung,Other
SZD-M1,3,3,99,1.35,Inner Caseum,Caseum,Other
SZD-M1,3,3,99,1.24,Outer Caseum,Caseum,Other
SZD-M1,3,3,99,0.738,Cellular,Cellular,Other
SZD-M1,3,3,99,1.44,Normal,Lung,Other
SZD-M1,4,6,102,0.856,Inner Caseum,Caseum,Other
SZD-M1,4,6,102,0.76,Outer Caseum,Caseum,Other
SZD-M1,4,6,102,0.5,Cellular,Cellular,Other
SZD-M1,4,6,102,0.469,Normal,Lung,Other
SZD-M1,5,24,72,0.169,Cellular,Cellular,Other
SZD-M1,5,24,72,0.14,Cellular,Cellular,Other
SZD-M1,5,24,72,0.143,Cellular,Cellular,Other
SZD-M1,5,24,72,0.152,Cellular,Cellular,Other
SZD-M1,5,24,72,0.142,Cellular,Cellular,Other
SZD-M1,5,24,72,0.142,Cellular,Cellular,Other
SZD-M1,5,24,72,0.191,Cellular,Cellular,Other
SZD-M1,5,24,72,0.206,Cellular,Cellular,Other
SZD-M1,5,24,72,0.17,Cellular,Cellular,Other
SZD-M1,5,24,72,0.174,Cellular,Cellular,Other
SZD-M1,5,24,72,0.164,Cellular,Cellular,Other
SZD-M1,5,24,72,0.151,Cellular,Cellular,Other
SZD-M1,5,24,72,0.21,Cellular,Cellular,Other
SZD-M1,5,24,72,0.149,Cellular,Cellular,Other
SZD-M1,5,24,72,0.162,Normal,Lung,Other
SZD-M1,5,24,72,0.174,Normal,Lung,Other
SZD-M1,5,24,72,0.182,Normal,Lung,Other
SZD-M1,5,24,72,0.141,Normal,Lung,Other
SZD-M1,5,24,72,0.187,Normal,Lung,Other
SZD-M1,5,24,72,0.186,Normal,Lung,Other
SZD-M1,5,24,72,0.278,Caseum,Caseum,Other
SZD-M1,5,24,72,0.176,Cellular,Cellular,Other
SZD-M1,5,24,72,0.155,Normal,Lung,Other
SZD-M1,6,6,54,5.07,Cellular,Cellular,Other
SZD-M1,6,6,54,4.44,Cellular,Cellular,Other
SZD-M1,6,6,54,4.55,Cellular,Cellular,Other
SZD-M1,6,6,54,5.01,Cellular,Cellular,Other
SZD-M1,6,6,54,5.65,Cellular,Cellular,Other
SZD-M1,6,6,54,4.83,Cellular,Cellular,Other
SZD-M1,6,6,54,6.81,Cellular,Cellular,Other
SZD-M1,6,6,54,5.88,Cellular,Cellular,Other
SZD-M1,6,6,54,5.11,Cellular,Cellular,Other
SZD-M1,6,6,54,1.05,Cellular,Cellular,Other
SZD-M1,6,6,54,6.18,Cellular,Cellular,Other
SZD-M1,6,6,54,5.16,Cellular,Cellular,Other
SZD-M1,6,6,54,4.52,Cellular,Cellular,Other
SZD-M1,6,6,54,4.62,Normal,Lung,Other
SZD-M1,6,6,54,5.56,Normal,Lung,Other
SZD-M1,6,6,54,4.76,Normal,Lung,Other
SZD-M1,6,6,54,4.26,Normal,Lung,Other
SZD-M1,6,6,54,6.19,Normal,Lung,Other
SZD-M1,6,6,54,22,Normal,Lung,Other
SZD-M1,6,6,54,6.83,Inner Caseum,Caseum,Other
SZD-M1,6,6,54,5.77,Outer Caseum,Caseum,Other
SZD-M1,6,6,54,5.25,Cellular,Cellular,Other
SZD-M1,6,6,54,4.91,Normal,Lung,Other
SZD-M1,7,6,54,5.2,Cellular,Cellular,Other
SZD-M1,7,6,54,6.01,Cellular,Cellular,Other
SZD-M1,7,6,54,6.99,Cellular,Cellular,Other
SZD-M1,7,6,54,4.7,Cellular,Cellular,Other
SZD-M1,7,6,54,6.28,Cellular,Cellular,Other
SZD-M1,7,6,54,7.59,Cellular,Cellular,Other
SZD-M1,7,6,54,6.6,Cellular,Cellular,Other
SZD-M1,7,6,54,7.43,Cellular,Cellular,Other
SZD-M1,7,6,54,7.54,Cellular,Cellular,Other
SZD-M1,7,6,54,6.02,Cellular,Cellular,Other
SZD-M1,7,6,54,6.85,Cellular,Cellular,Other
SZD-M1,7,6,54,7.2,Cellular,Cellular,Other
SZD-M1,7,6,54,4.93,Cellular,Cellular,Other
SZD-M1,7,6,54,7.34,Normal,Lung,Other
SZD-M1,7,6,54,7.72,Normal,Lung,Other
SZD-M1,7,6,54,6.44,Normal,Lung,Other
SZD-M1,7,6,54,7.76,Normal,Lung,Other
SZD-M1,7,6,54,8.2,Normal,Lung,Other
SZD-M1,7,6,54,7.07,Normal,Lung,Other
SZD-M1,7,6,54,7.27,Inner Caseum,Caseum,Other
SZD-M1,7,6,54,6.5,Outer Caseum,Caseum,Other
SZD-M1,7,6,54,4.72,Foamy Macs?,Foamy Macrophage,Other
SZD-M1,7,6,54,4.97,Cellular,Cellular,Other
SZD-M1,7,6,54,5.04,Normal,Lung,Other
SZD-M1,7,6,54,5.47,Inner Caseum,Caseum,Other
SZD-M1,7,6,54,7.04,Outer Caseum,Caseum,Other
SZD-M1,7,6,54,5.78,Cellular,Cellular,Other
SZD-M1,7,6,54,6.12,Normal,Lung,Other
SZD-M1,7,6,54,7.08,Inner Caseum,Caseum,Other
SZD-M1,7,6,54,6.56,Outer Caseum,Caseum,Other
SZD-M1,7,6,54,5.48,Inner Cellular,Cellular,Other
SZD-M1,7,6,54,5.21,Outer Cellular,Cellular,Other
SZD-M1,7,6,54,5.53,Normal,Lung,Other
SZD-M1,7,6,54,6.08,Inner Caseum,Caseum,Other
SZD-M1,7,6,54,5.92,Outer Caseum,Caseum,Other
SZD-M1,7,6,54,5.28,Cellular,Cellular,Other
SZD-M1,7,6,54,5.65,Normal,Lung,Other
SZD-M1,7,6,54,7.58,Inner Caseum,Caseum,Other
SZD-M1,7,6,54,7.87,Outer Caseum,Caseum,Other
SZD-M1,7,6,54,6.05,Cellular,Cellular,Other
SZD-M1,7,6,54,6.43,Normal,Lung,Other
SZD-M1,7,6,54,7.86,Inner Caseum,Caseum,Other
SZD-M1,7,6,54,7.67,Outer Caseum,Caseum,Other
SZD-M1,7,6,54,6.46,Cellular,Cellular,Other
SZD-M1,7,6,54,5.96,Normal,Lung,Other
SZD-M1,8,24,72,0.109,Cellular,Cellular,Other
SZD-M1,8,24,72,0.11,Cellular,Cellular,Other
SZD-M1,8,24,72,0.12,Cellular,Cellular,Other
SZD-M1,8,24,72,0.116,Cellular,Cellular,Other
SZD-M1,8,24,72,0.109,Cellular,Cellular,Other
SZD-M1,8,24,72,0.131,Cellular,Cellular,Other
SZD-M1,8,24,72,0.104,Cellular,Cellular,Other
SZD-M1,8,24,72,0.156,Cellular,Cellular,Other
SZD-M1,8,24,72,0.13,Cellular,Cellular,Other
SZD-M1,8,24,72,0.113,Cellular,Cellular,Other
SZD-M1,8,24,72,0.223,Cellular,Cellular,Other
SZD-M1,8,24,72,0.121,Cellular,Cellular,Other
SZD-M1,8,24,72,0.143,Cellular,Cellular,Other
SZD-M1,8,24,72,0.126,Normal,Lung,Other
SZD-M1,8,24,72,0.113,Normal,Lung,Other
SZD-M1,8,24,72,0.119,Normal,Lung,Other
SZD-M1,8,24,72,0.125,Normal,Lung,Other
SZD-M1,8,24,72,0.137,Normal,Lung,Other
SZD-M1,8,24,72,0.127,Normal,Lung,Other
SZD-M1,9,18,66,1.06,Cellular,Cellular,Other
SZD-M1,9,18,66,0.899,Cellular,Cellular,Other
SZD-M1,9,18,66,1.27,Cellular,Cellular,Other
SZD-M1,9,18,66,1.3,Cellular,Cellular,Other
SZD-M1,9,18,66,0.952,Cellular,Cellular,Other
SZD-M1,9,18,66,1.13,Cellular,Cellular,Other
SZD-M1,9,18,66,1.02,Normal,Lung,Other
SZD-M1,9,18,66,1.22,Normal,Lung,Other
SZD-M1,9,18,66,1.12,Normal,Lung,Other
SZD-M1,9,18,66,1.26,Normal,Lung,Other
SZD-M1,9,18,66,1.18,Normal,Lung,Other
SZD-M1,9,18,66,1.78,Normal,Lung,Other
SZD-M1,9,18,66,1.04,Inner Caseum,Caseum,Other
SZD-M1,9,18,66,0.902,Outer Caseum,Caseum,Other
SZD-M1,9,18,66,0.731,Cellular,Cellular,Other
SZD-M1,9,18,66,0.847,Normal,Lung,Other
SZD-M1,9,18,66,1.46,Inner Caseum,Caseum,Other
SZD-M1,9,18,66,1.19,Outer Caseum,Caseum,Other
SZD-M1,9,18,66,0.845,Cellular,Cellular,Other
SZD-M1,9,18,66,1.03,Normal,Lung,Other
SZD-M1,10,18,66,2.07,Cellular,Cellular,Other
SZD-M1,10,18,66,2,Cellular,Cellular,Other
SZD-M1,10,18,66,2.61,Cellular,Cellular,Other
SZD-M1,10,18,66,2.25,Cellular,Cellular,Other
SZD-M1,10,18,66,2.33,Cellular,Cellular,Other
SZD-M1,10,18,66,1.83,Cellular,Cellular,Other
SZD-M1,10,18,66,2.45,Cellular,Cellular,Other
SZD-M1,10,18,66,2.43,Cellular,Cellular,Other
SZD-M1,10,18,66,1.99,Cellular,Cellular,Other
SZD-M1,10,18,66,1.58,Cellular,Cellular,Other
SZD-M1,10,18,66,2.09,Cellular,Cellular,Other
SZD-M1,10,18,66,2.12,Cellular,Cellular,Other
SZD-M1,10,18,66,2.27,Cellular,Cellular,Other
SZD-M1,10,18,66,2.51,Cellular,Cellular,Other
SZD-M1,10,18,66,2.2,Normal,Lung,Other
SZD-M1,10,18,66,2.44,Normal,Lung,Other
SZD-M1,10,18,66,2.49,Normal,Lung,Other
SZD-M1,10,18,66,2.51,Normal,Lung,Other
SZD-M1,10,18,66,2.47,Normal,Lung,Other
SZD-M1,10,18,66,2.59,Normal,Lung,Other
SZD-M1,11,3,51,3.33,Cellular,Cellular,Other
SZD-M1,11,3,51,3.36,Cellular,Cellular,Other
SZD-M1,11,3,51,2.43,Cellular,Cellular,Other
SZD-M1,11,3,51,3.24,Cellular,Cellular,Other
SZD-M1,11,3,51,3.19,Cellular,Cellular,Other
SZD-M1,11,3,51,3.33,Cellular,Cellular,Other
SZD-M1,11,3,51,3.43,Cellular,Cellular,Other
SZD-M1,11,3,51,3.28,Cellular,Cellular,Other
SZD-M1,11,3,51,4.31,Cellular,Cellular,Other
SZD-M1,11,3,51,3.29,Cellular,Cellular,Other
SZD-M1,11,3,51,3.08,Cellular,Cellular,Other
SZD-M1,11,3,51,3.58,Cellular,Cellular,Other
SZD-M1,11,3,51,3.41,Cellular,Cellular,Other
SZD-M1,11,3,51,3.86,Normal,Lung,Other
SZD-M1,11,3,51,4.49,Normal,Lung,Other
SZD-M1,11,3,51,3.73,Normal,Lung,Other
SZD-M1,11,3,51,4.22,Normal,Lung,Other
SZD-M1,11,3,51,4.08,Normal,Lung,Other
SZD-M1,11,3,51,4.32,Normal,Lung,Other
SZD-M1,11,3,51,2.46,Inner Caseum,Caseum,Other
SZD-M1,11,3,51,4.75,Outer Caseum,Caseum,Other
SZD-M1,11,3,51,3.91,Inner Cellular,Cellular,Other
SZD-M1,11,3,51,3.01,Outer Cellular,Cellular,Other
SZD-M1,11,3,51,1.51,Liquid Caseum,Caseum,Other
SZD-M1,11,3,51,2.31,Blood,Blood,Other
SZD-M1,11,3,51,2.7,Normal,Lung,Other
SZD-M1,11,3,51,2.34,Inner Caseum,Caseum,Other
SZD-M1,11,3,51,2.7,Outer Caseum,Caseum,Other
SZD-M1,11,3,51,2.27,Inner Cellular,Cellular,Other
SZD-M1,11,3,51,2.16,Outer Cellular,Cellular,Other
SZD-M1,11,3,51,1.61,Normal,Lung,Other
SZD-M1,11,3,51,3.1,Inner Caseum,Caseum,Other
SZD-M1,11,3,51,3.92,Outer Caseum,Caseum,Other
SZD-M1,11,3,51,3.62,Inner Cellular,Cellular,Other
SZD-M1,11,3,51,2.56,Outer Cellular,Cellular,Other
SZD-M1,11,3,51,2.76,Liquid Caseum,Caseum,Other
SZD-M1,11,3,51,1.74,Normal,Lung,Other
SZD-M1,11,3,51,3.74,Inner Caseum,Caseum,Other
SZD-M1,11,3,51,3.21,Outer Caseum,Caseum,Other
SZD-M1,11,3,51,2.9,Inner Cellular,Cellular,Other
SZD-M1,11,3,51,2.53,Outer Cellular,Cellular,Other
SZD-M1,11,3,51,2.94,Blood,Blood,Other
SZD-M1,11,3,51,2.44,Normal,Lung,Other
SZD-M1,11,3,51,2.35,Inner Caseum,Caseum,Other
SZD-M1,11,3,51,3.35,Outer Caseum,Caseum,Other
SZD-M1,11,3,51,2.33,Cellular,Cellular,Other
SZD-M1,11,3,51,3.04,Inner Caseum,Caseum,Other
SZD-M1,11,3,51,3.72,Outer Caseum,Caseum,Other
SZD-M1,11,3,51,2.63,Cellular,Cellular,Other
SZD-M1,11,3,51,2.58,Normal,Lung,Other
SZD-M1,12,3,51,3.7,Cellular,Cellular,Other
SZD-M1,12,3,51,3.97,Cellular,Cellular,Other
SZD-M1,12,3,51,4.2,Cellular,Cellular,Other
SZD-M1,12,3,51,3.91,Cellular,Cellular,Other
SZD-M1,12,3,51,3.87,Cellular,Cellular,Other
SZD-M1,12,3,51,4.08,Cellular,Cellular,Other
SZD-M1,12,3,51,4.11,Cellular,Cellular,Other
SZD-M1,12,3,51,3.51,Cellular,Cellular,Other
SZD-M1,12,3,51,3.93,Cellular,Cellular,Other
SZD-M1,12,3,51,4.58,Cellular,Cellular,Other
SZD-M1,12,3,51,3.97,Cellular,Cellular,Other
SZD-M1,12,3,51,4.94,Normal,Lung,Other
SZD-M1,12,3,51,4.85,Normal,Lung,Other
SZD-M1,12,3,51,5.2,Normal,Lung,Other
SZD-M1,12,3,51,4.93,Normal,Lung,Other
SZD-M1,12,3,51,4.96,Normal,Lung,Other
SZD-M1,12,3,51,4.91,Normal,Lung,Other
SZD-M1,12,3,51,4.32,Inner Caseum,Caseum,Other
SZD-M1,12,3,51,4.39,Outer Caseum,Caseum,Other
SZD-M1,12,3,51,3.37,Cellular,Cellular,Other
SZD-M1,12,3,51,3.18,Normal,Lung,Other
SZD-M1,13,6,54,1.44,Cellular,Cellular,Other
SZD-M1,13,6,54,1.92,Cellular,Cellular,Other
SZD-M1,13,6,54,1.69,Cellular,Cellular,Other
SZD-M1,13,6,54,2,Cellular,Cellular,Other
SZD-M1,13,6,54,2.18,Cellular,Cellular,Other
SZD-M1,13,6,54,1.9,Cellular,Cellular,Other
SZD-M1,13,6,54,1.68,Cellular,Cellular,Other
SZD-M1,13,6,54,1.68,Cellular,Cellular,Other
SZD-M1,13,6,54,1.99,Cellular,Cellular,Other
SZD-M1,13,6,54,1.78,Cellular,Cellular,Other
SZD-M1,13,6,54,2.2,Cellular,Cellular,Other
SZD-M1,13,6,54,2.08,Cellular,Cellular,Other
SZD-M1,13,6,54,2.22,Cellular,Cellular,Other
SZD-M1,13,6,54,1.84,Cellular,Cellular,Other
SZD-M1,13,6,54,2.48,Normal,Lung,Other
SZD-M1,13,6,54,2.29,Normal,Lung,Other
SZD-M1,13,6,54,1.92,Normal,Lung,Other
SZD-M1,13,6,54,2,Normal,Lung,Other
SZD-M1,13,6,54,2.19,Normal,Lung,Other
SZD-M1,13,6,54,2.59,Normal,Lung,Other
SZD-M1,14,24,48,0.0575,Cellular,Cellular,Other
SZD-M1,14,24,48,0.0739,Cellular,Cellular,Other
SZD-M1,14,24,48,0.0661,Cellular,Cellular,Other
SZD-M1,14,24,48,0.0619,Cellular,Cellular,Other
SZD-M1,14,24,48,0.0707,Cellular,Cellular,Other
SZD-M1,14,24,48,0.0732,Cellular,Cellular,Other
SZD-M1,14,24,48,0.0729,Cellular,Cellular,Other
SZD-M1,14,24,48,0.0731,Cellular,Cellular,Other
SZD-M1,14,24,48,0.0748,Cellular,Cellular,Other
SZD-M1,14,24,48,0.0766,Cellular,Cellular,Other
SZD-M1,14,24,48,0.0796,Cellular,Cellular,Other
SZD-M1,14,24,48,0.0749,Cellular,Cellular,Other
SZD-M1,14,24,48,0.112,Cellular,Cellular,Other
SZD-M1,14,24,48,0.0707,Cellular,Cellular,Other
SZD-M1,14,24,48,0.075,Normal,Lung,Other
SZD-M1,14,24,48,0.0677,Normal,Lung,Other
SZD-M1,14,24,48,0.0988,Normal,Lung,Other
SZD-M1,14,24,48,0.11,Normal,Lung,Other
SZD-M1,14,24,48,0.0957,Normal,Lung,Other
SZD-M1,14,24,48,0.102,Normal,Lung,Other
SZD-M1,14,24,72,0.107,Inner Caseum,Caseum,Other
SZD-M1,14,24,72,0.0679,Outer Caseum,Caseum,Other
SZD-M1,14,24,72,0.041,Inner Cellular,Cellular,Other
SZD-M1,14,24,72,0.0485,Outer Cellular,Cellular,Other
SZD-M1,14,24,72,0.0591,Normal,Lung,Other
SZD-M1,14,24,72,0.0498,Inner Caseum,Caseum,Other
SZD-M1,14,24,72,0.0535,Outer Caseum,Caseum,Other
SZD-M1,14,24,72,0.0778,Liquid Caseum,Caseum,Other
SZD-M1,14,24,72,0.0614,Cellular,Cellular,Other
SZD-M1,14,24,72,0.0519,Normal,Lung,Other
SZD-M1,15,24,48,0.0903,Cellular,Cellular,Other
SZD-M1,15,24,48,0.0932,Cellular,Cellular,Other
SZD-M1,15,24,48,0.0843,Cellular,Cellular,Other
SZD-M1,15,24,48,0.0862,Cellular,Cellular,Other
SZD-M1,15,24,48,0.0831,Cellular,Cellular,Other
SZD-M1,15,24,48,0.0811,Cellular,Cellular,Other
SZD-M1,15,24,48,0.0756,Cellular,Cellular,Other
SZD-M1,15,24,48,0.0842,Cellular,Cellular,Other
SZD-M1,15,24,48,0.0933,Cellular,Cellular,Other
SZD-M1,15,24,48,0.0683,Cellular,Cellular,Other
SZD-M1,15,24,48,0.0837,Cellular,Cellular,Other
SZD-M1,15,24,48,0.0845,Cellular,Cellular,Other
SZD-M1,15,24,48,0.0934,Cellular,Cellular,Other
SZD-M1,15,24,48,0.0868,Cellular,Cellular,Other
SZD-M1,15,24,48,0.0967,Normal,Lung,Other
SZD-M1,15,24,48,0.101,Normal,Lung,Other
SZD-M1,15,24,48,0.0972,Normal,Lung,Other
SZD-M1,15,24,48,0.0917,Normal,Lung,Other
SZD-M1,15,24,48,0.101,Normal,Lung,Other
SZD-M1,15,24,48,0.114,Normal,Lung,Other
SZD-M1,16,24,72,0.0572,Cellular,Cellular,Other
SZD-M1,16,24,72,0.0989,Cellular,Cellular,Other
SZD-M1,16,24,72,0.0939,Cellular,Cellular,Other
SZD-M1,16,24,72,0.0912,Cellular,Cellular,Other
SZD-M1,16,24,72,0.098,Cellular,Cellular,Other
SZD-M1,16,24,72,0.105,Cellular,Cellular,Other
SZD-M1,16,24,72,0.0872,Cellular,Cellular,Other
SZD-M1,16,24,72,0.102,Cellular,Cellular,Other
SZD-M1,16,24,72,0.0893,Cellular,Cellular,Other
SZD-M1,16,24,72,0.103,Cellular,Cellular,Other
SZD-M1,16,24,72,0.109,Cellular,Cellular,Other
SZD-M1,16,24,72,0.0817,Cellular,Cellular,Other
SZD-M1,16,24,72,0.0865,Cellular,Cellular,Other
SZD-M1,16,24,72,0.0956,Cellular,Cellular,Other
SZD-M1,16,24,72,0.104,Normal,Lung,Other
SZD-M1,16,24,72,0.115,Normal,Lung,Other
SZD-M1,16,24,72,0.105,Normal,Lung,Other
SZD-M1,16,24,72,0.113,Normal,Lung,Other
SZD-M1,16,24,72,0.115,Normal,Lung,Other
SZD-M1,16,24,72,0.11,Normal,Lung,Other
SZD-M1,17,24,72,0.0436,Cellular,Cellular,Other
SZD-M1,17,24,72,0.0439,Cellular,Cellular,Other
SZD-M1,17,24,72,0.0453,Cellular,Cellular,Other
SZD-M1,17,24,72,0.0429,Cellular,Cellular,Other
SZD-M1,17,24,72,0.0424,Cellular,Cellular,Other
SZD-M1,17,24,72,0.05,Cellular,Cellular,Other
SZD-M1,17,24,72,0.0394,Cellular,Cellular,Other
SZD-M1,17,24,72,0.0465,Cellular,Cellular,Other
SZD-M1,17,24,72,0.0492,Cellular,Cellular,Other
SZD-M1,17,24,72,0.0517,Cellular,Cellular,Other
SZD-M1,17,24,72,0.0527,Cellular,Cellular,Other
SZD-M1,17,24,72,0.0549,Normal,Lung,Other
SZD-M1,17,24,72,0.0584,Normal,Lung,Other
SZD-M1,17,24,72,0.0585,Normal,Lung,Other
SZD-M1,17,24,72,0.0512,Normal,Lung,Other
SZD-M1,17,24,72,0.059,Normal,Lung,Other
SZD-M1,17,24,72,0.061,Normal,Lung,Other
SZD-M1,25,24,72,0.0751,Cellular,Cellular,Other
SZD-M1,25,24,72,0.0712,Cellular,Cellular,Other
SZD-M1,25,24,72,0.0853,Cellular,Cellular,Other
SZD-M1,25,24,72,0.0948,Cellular,Cellular,Other
SZD-M1,25,24,72,0.0786,Cellular,Cellular,Other
SZD-M1,25,24,72,0.0867,Cellular,Cellular,Other
SZD-M1,25,24,72,0.0981,Cellular,Cellular,Other
SZD-M1,25,24,72,0.0953,Cellular,Cellular,Other
SZD-M1,25,24,72,0.0774,Cellular,Cellular,Other
SZD-M1,25,24,72,0.0807,Normal,Lung,Other
SZD-M1,25,24,72,0.0749,Normal,Lung,Other
SZD-M1,25,24,72,0.078,Normal,Lung,Other
SZD-M1,25,24,72,0.0832,Normal,Lung,Other
SZD-M1,25,24,72,0.0862,Normal,Lung,Other
SZD-M1,25,24,72,0.0862,Normal,Lung,Other
SZD-M1,26,24,72,0.0701,Cellular,Cellular,Other
SZD-M1,26,24,72,0.0703,Cellular,Cellular,Other
SZD-M1,26,24,72,0.0648,Cellular,Cellular,Other
SZD-M1,26,24,72,0.0749,Cellular,Cellular,Other
SZD-M1,26,24,72,0.0833,Cellular,Cellular,Other
SZD-M1,26,24,72,0.0746,Cellular,Cellular,Other
SZD-M1,26,24,72,0.0755,Cellular,Cellular,Other
SZD-M1,26,24,72,0.0899,Normal,Lung,Other
SZD-M1,26,24,72,0.0915,Normal,Lung,Other
SZD-M1,26,24,72,0.0962,Normal,Lung,Other
SZD-M1,26,24,72,0.083,Normal,Lung,Other
SZD-M1,26,24,72,0.0889,Normal,Lung,Other
SZD-M1,26,24,72,0.0948,Normal,Lung,Other
SZD-M1,27,24,72,1.99,Cellular,Cellular,Other
SZD-M1,27,24,72,2.53,Cellular,Cellular,Other
SZD-M1,27,24,72,2.61,Cellular,Cellular,Other
SZD-M1,27,24,72,1.96,Cellular,Cellular,Other
SZD-M1,27,24,72,1.9,Cellular,Cellular,Other
SZD-M1,27,24,72,2.94,Cellular,Cellular,Other
SZD-M1,27,24,72,3.35,Cellular,Cellular,Other
SZD-M1,27,24,72,1.89,Cellular,Cellular,Other
SZD-M1,27,24,72,2.34,Cellular,Cellular,Other
SZD-M1,27,24,72,2.99,Cellular,Cellular,Other
SZD-M1,27,24,72,2.66,Cellular,Cellular,Other
SZD-M1,28,24,72,1.48,Cellular,Cellular,Other
SZD-M1,28,24,72,1.62,Cellular,Cellular,Other
SZD-M1,28,24,72,1.16,Cellular,Cellular,Other
SZD-M1,28,24,72,1.35,Cellular,Cellular,Other
SZD-M1,28,24,72,2.12,Inner Caseum,Caseum,Other
SZD-M1,28,24,72,1.65,Outer Caseum,Caseum,Other
SZD-M1,28,24,72,1.36,Cellular,Cellular,Other
SZD-M1,28,24,72,1.53,Normal,Lung,Other
SZD-M1,29,3,75,3.82,Cellular,Cellular,Other
SZD-M1,29,3,75,4.37,Cellular,Cellular,Other
SZD-M1,29,3,75,5.38,Cellular,Cellular,Other
SZD-M1,29,3,75,3.35,Cellular,Cellular,Other
SZD-M1,29,3,75,6.92,Cellular,Cellular,Other
SZD-M1,29,3,75,3.2,Cellular,Cellular,Other
SZD-M1,29,3,75,3.41,Cellular,Cellular,Other
SZD-M1,29,3,75,5.65,Cellular,Cellular,Other
SZD-M1,29,3,75,5.37,Cellular,Cellular,Other
SZD-M1,29,3,75,3.7,Cellular,Cellular,Other
SZD-M1,30,3,75,19.7,Cellular,Cellular,Other
SZD-M1,30,3,75,9.63,Cellular,Cellular,Other
SZD-M1,30,3,75,9.78,Cellular,Cellular,Other
SZD-M1,30,3,75,8.13,Cellular,Cellular,Other
SZD-M1,30,3,75,6.26,Cellular,Cellular,Other
SZD-M1,30,3,75,4.62,Cellular,Cellular,Other
SZD-M1,30,3,75,7.73,Cellular,Cellular,Other
SZD-M1,30,3,75,7.03,Cellular,Cellular,Other
SZD-M1,30,3,75,8.59,Cellular,Cellular,Other
SZD-M1,30,3,75,5.5,Cellular,Cellular,Other
SZD-M1,30,3,75,9.65,Inner Cavity,Cavity,Other
SZD-M1,30,3,75,10.9,Outer Caseum,Caseum,Other
SZD-M1,30,3,75,7.44,Cellular,Cellular,Other
SZD-M1,30,3,75,8.28,Normal,Lung,Other
SZD-M1,30,3,75,10.7,Inner Caseum,Caseum,Other
SZD-M1,30,3,75,7.44,Outer Caseum,Caseum,Other
SZD-M1,30,3,75,6.71,Inner Cellular,Cellular,Other
SZD-M1,30,3,75,6.28,Outer Cellular,Cellular,Other
SZD-M1,30,3,75,6.46,Normal,Lung,Other
SZD-M1,31,3,75,4.5,Cellular,Cellular,Other
SZD-M1,31,3,75,4.79,Cellular,Cellular,Other
SZD-M1,31,3,75,4.46,Cellular,Cellular,Other
SZD-M1,31,3,75,5.42,Cellular,Cellular,Other
SZD-M1,31,3,75,4.7,Cellular,Cellular,Other
SZD-M1,31,3,75,4.84,Cellular,Cellular,Other
SZD-M1,31,3,75,4.78,Cellular,Cellular,Other
SZD-M1,31,3,75,6.21,Cellular,Cellular,Other
SZD-M1,31,3,75,4.81,Cellular,Cellular,Other
SZD-M1,31,3,75,5.2,Cellular,Cellular,Other
SZD-M1,31,3,75,4.63,Cellular,Cellular,Other
SZD-M1,31,3,75,3.35,Cellular,Cellular,Other
SZD-M1,31,3,75,4.81,Cellular,Cellular,Other
SZD-M1,31,3,75,3.66,Cellular,Cellular,Other
SZD-M1,31,3,75,5.74,Inner Caseum,Caseum,Other
SZD-M1,31,3,75,6.05,Outer Caseum,Caseum,Other
SZD-M1,31,3,75,4.98,Cellular,Cellular,Other
SZD-M1,32,6,78,8.57,Cellular,Cellular,Other
SZD-M1,32,6,78,15.2,Cellular,Cellular,Other
SZD-M1,32,6,78,11.2,Cellular,Cellular,Other
SZD-M1,32,6,78,11,Cellular,Cellular,Other
SZD-M1,32,6,78,11.9,Cellular,Cellular,Other
SZD-M1,32,6,78,10.9,Cellular,Cellular,Other
SZD-M1,32,6,78,12.4,Cellular,Cellular,Other
SZD-M1,32,6,78,11.9,Cellular,Cellular,Other
SZD-M1,32,6,78,11,Cellular,Cellular,Other
SZD-M1,32,6,78,6.1,Cellular,Cellular,Other
SZD-M1,32,6,78,11.1,Inner Caseum,Caseum,Other
SZD-M1,32,6,78,9.81,Outer Caseum,Caseum,Other
SZD-M1,32,6,78,8.32,Inner Cellular,Cellular,Other
SZD-M1,32,6,78,7.41,Outer Cellular,Cellular,Other
SZD-M1,32,6,78,8.29,Normal,Lung,Other
SZD-M1,32,6,78,11.7,Inner Caseum,Caseum,Other
SZD-M1,32,6,78,9.59,Outer Caseum,Caseum,Other
SZD-M1,32,6,78,7.67,Inner Cellular,Cellular,Other
SZD-M1,32,6,78,6.54,Outer Cellular,Cellular,Other
SZD-M1,32,6,78,7.48,Normal,Lung,Other
SZD-M1,33,6,78,4.85,Cellular,Cellular,Other
SZD-M1,33,6,78,4.77,Cellular,Cellular,Other
SZD-M1,33,6,78,3.96,Cellular,Cellular,Other
SZD-M1,33,6,78,5.14,Cellular,Cellular,Other
SZD-M1,33,6,78,13,Cellular,Cellular,Other
SZD-M1,33,6,78,3.28,Cellular,Cellular,Other
SZD-M1,33,6,78,6.83,Cellular,Cellular,Other
SZD-M1,33,6,78,5.75,Cellular,Cellular,Other
SZD-M1,33,6,78,4.34,Cellular,Cellular,Other
SZD-M1,33,6,78,6.26,Cellular,Cellular,Other
SZD-M1,34,6,78,5.95,Cellular,Cellular,Other
SZD-M1,34,6,78,5.73,Cellular,Cellular,Other
SZD-M1,34,6,78,5.91,Cellular,Cellular,Other
SZD-M1,34,6,78,6.34,Cellular,Cellular,Other
SZD-M1,34,6,78,5,Inner Cavity,Cavity,Other
SZD-M1,34,6,78,4.69,Outer Caseum,Caseum,Other
SZD-M1,34,6,78,3.25,Cellular,Cellular,Other
SZD-M1,34,6,78,3.4,Normal,Lung,Other
SZD-M1,34,6,78,4.97,Inner Caseum,Caseum,Other
SZD-M1,34,6,78,4.52,Outer Caseum,Caseum,Other
SZD-M1,34,6,78,3.67,Inner Cellular,Cellular,Other
SZD-M1,34,6,78,3.29,Outer Cellular,Cellular,Other
SZD-M1,34,6,78,2.99,Normal,Lung,Other
SZD-M1,34,6,78,5.26,Outer Caseum,Caseum,Other
SZD-M1,34,6,78,3.85,Cellular,Cellular,Other
SZD-M1,34,6,78,3.24,Normal,Lung,Other
SZD-M1,35,24,96,8.99,Cellular,Cellular,Other
SZD-M1,35,24,96,7.78,Cellular,Cellular,Other
SZD-M1,35,24,96,4.2,Cellular,Cellular,Other
SZD-M1,35,24,96,5.49,Cellular,Cellular,Other
SZD-M1,35,24,96,9.59,Cellular,Cellular,Other
SZD-M1,35,24,96,3.39,Cellular,Cellular,Other
SZD-M1,35,24,96,6.41,Cellular,Cellular,Other
SZD-M1,35,24,96,4.96,Cellular,Cellular,Other
SZD-M1,35,24,96,8.06,Cellular,Cellular,Other
SZD-M1,35,24,96,4.22,Cellular,Cellular,Other
SZD-M1,35,24,96,3.53,Cellular,Cellular,Other
SZD-M1,35,24,96,5.78,Cellular,Cellular,Other
SZD-M1,35,24,96,4.68,Cellular,Cellular,Other
SZD-M1,35,24,96,4.1,Cellular,Cellular,Other
SZD-M1,36,24,96,2.28,Cellular,Cellular,Other
SZD-M1,36,24,96,3.16,Cellular,Cellular,Other
SZD-M1,36,24,96,2.26,Cellular,Cellular,Other
SZD-M1,36,24,96,2.99,Cellular,Cellular,Other
SZD-M1,36,24,96,3.13,Cellular,Cellular,Other
SZD-M1,36,24,96,2.75,Cellular,Cellular,Other
SZD-M1,36,24,96,2.47,Cellular,Cellular,Other
TBAJ-587,9,24,48,74.6,Cellular,Cellular,Other
TBAJ-587,9,24,48,121,Cellular,Cellular,Other
TBAJ-587,9,24,48,111,Cellular,Cellular,Other
TBAJ-587,9,24,48,144,Cellular,Cellular,Other
TBAJ-587,9,24,48,199,Cellular,Cellular,Other
TBAJ-587,9,24,48,100,Cellular,Cellular,Other
TBAJ-587,9,24,48,30.1,Lung,Lung,Other
TBAJ-587,9,24,48,52.1,Lung,Lung,Other
TBAJ-587,9,24,48,38.6,Lung,Lung,Other
TBAJ-587,9,24,48,116,Lung,Lung,Other
TBAJ-587,9,24,48,63.8,Lung,Lung,Other
TBAJ-587,9,24,48,16.8,Lung,Lung,Other
TBAJ-587,9,24,48,0.893,Inner Caseum,Caseum,Other
TBAJ-587,9,24,48,8.04,Outer Caseum,Caseum,Other
TBAJ-587,9,24,48,41.8,Cellular,Cellular,Other
TBAJ-587,9,24,48,19.8,Lung,Lung,Other
TBAJ-587,10,24,48,97,Cellular,Cellular,Other
TBAJ-587,10,24,48,87.3,Cellular,Cellular,Other
TBAJ-587,10,24,48,73.1,Cellular,Cellular,Other
TBAJ-587,10,24,48,63.3,Cellular,Cellular,Other
TBAJ-587,10,24,48,87.3,Cellular,Cellular,Other
TBAJ-587,10,24,48,89.9,Cellular,Cellular,Other
TBAJ-587,10,24,48,88.1,Cellular,Cellular,Other
TBAJ-587,10,24,48,83.3,Cellular,Cellular,Other
TBAJ-587,10,24,48,87.2,Cellular,Cellular,Other
TBAJ-587,10,24,48,72.2,Cellular,Cellular,Other
TBAJ-587,10,24,48,78.7,Cellular,Cellular,Other
TBAJ-587,10,24,48,50.1,Cellular,Cellular,Other
TBAJ-587,10,24,48,83.4,Cellular,Cellular,Other
TBAJ-587,10,24,48,42,Cellular,Cellular,Other
TBAJ-587,10,24,48,33.8,Lung,Lung,Other
TBAJ-587,10,24,48,61.4,Lung,Lung,Other
TBAJ-587,10,24,48,46,Lung,Lung,Other
TBAJ-587,10,24,48,96.4,Lung,Lung,Other
TBAJ-587,10,24,48,65.3,Lung,Lung,Other
TBAJ-587,10,24,48,24,Lung,Lung,Other
TBAJ-587,11,24,48,131,Cellular,Cellular,Other
TBAJ-587,11,24,48,138,Cellular,Cellular,Other
TBAJ-587,11,24,48,143,Cellular,Cellular,Other
TBAJ-587,11,24,48,179,Cellular,Cellular,Other
TBAJ-587,11,24,48,45.9,Lung,Lung,Other
TBAJ-587,11,24,48,132,Lung,Lung,Other
TBAJ-587,11,24,48,129,Lung,Lung,Other
TBAJ-587,11,24,48,93.2,Lung,Lung,Other
TBAJ-587,11,24,48,195,Lung,Lung,Other
TBAJ-587,11,24,48,46.4,Lung,Lung,Other
TBAJ-587,12,24,72,49,Cellular,Cellular,Other
TBAJ-587,12,24,72,16.4,Lung,Lung,Other
TBAJ-587,12,24,72,25.6,Lung,Lung,Other
TBAJ-587,12,24,72,22.4,Lung,Lung,Other
TBAJ-587,12,24,72,17,Lung,Lung,Other
TBAJ-587,12,24,72,29.1,Lung,Lung,Other
TBAJ-587,12,24,72,17.4,Lung,Lung,Other
TBAJ-587,13,24,72,80.5,Cellular,Cellular,Other
TBAJ-587,13,24,72,109,Cellular,Cellular,Other
TBAJ-587,13,24,72,94.8,Cellular,Cellular,Other
TBAJ-587,13,24,72,104,Cellular,Cellular,Other
TBAJ-587,13,24,72,98,Cellular,Cellular,Other
TBAJ-587,13,24,72,95,Cellular,Cellular,Other
TBAJ-587,13,24,72,101,Cellular,Cellular,Other
TBAJ-587,13,24,72,88,Cellular,Cellular,Other
TBAJ-587,13,24,72,117,Cellular,Cellular,Other
TBAJ-587,13,24,72,91.9,Cellular,Cellular,Other
TBAJ-587,13,24,72,61.3,Cellular,Cellular,Other
TBAJ-587,13,24,72,101,Cellular,Cellular,Other
TBAJ-587,13,24,72,97.1,Cellular,Cellular,Other
TBAJ-587,13,24,72,31.2,Lung,Lung,Other
TBAJ-587,13,24,72,70.7,Lung,Lung,Other
TBAJ-587,13,24,72,41.5,Lung,Lung,Other
TBAJ-587,13,24,72,39.7,Lung,Lung,Other
TBAJ-587,13,24,72,44.6,Lung,Lung,Other
TBAJ-587,13,24,72,28.9,Lung,Lung,Other
TBAJ-587,13,24,72,0.46,Inner Caseum,Caseum,Other
TBAJ-587,13,24,72,6.52,Outer Caseum,Caseum,Other
TBAJ-587,13,24,72,30.8,Cellular,Cellular,Other
TBAJ-587,13,24,72,87,Lung,Lung,Other
TBAJ-587,13,24,72,0.889,Inner Caseum,Caseum,Other
TBAJ-587,13,24,72,8.57,Outer Caseum,Caseum,Other
TBAJ-587,13,24,72,42,Cellular,Cellular,Other
TBAJ-587,13,24,72,34.3,Lung,Lung,Other
TBAJ-587,14,72,120,69.9,Cellular,Cellular,Other
TBAJ-587,14,72,120,90.2,Cellular,Cellular,Other
TBAJ-587,14,72,120,58.7,Cellular,Cellular,Other
TBAJ-587,14,72,120,78.4,Cellular,Cellular,Other
TBAJ-587,14,72,120,14.2,Lung,Lung,Other
TBAJ-587,14,72,120,38.8,Lung,Lung,Other
TBAJ-587,14,72,120,37.5,Lung,Lung,Other
TBAJ-587,14,72,120,51,Lung,Lung,Other
TBAJ-587,14,72,120,34.3,Lung,Lung,Other
TBAJ-587,14,72,120,11.1,Lung,Lung,Other
TBAJ-587,15,72,120,108,Cellular,Cellular,Other
TBAJ-587,15,72,120,165,Cellular,Cellular,Other
TBAJ-587,15,72,120,220,Cellular,Cellular,Other
TBAJ-587,15,72,120,230,Cellular,Cellular,Other
TBAJ-587,15,72,120,253,Cellular,Cellular,Other
TBAJ-587,15,72,120,98.6,Cellular,Cellular,Other
TBAJ-587,15,72,120,43.9,Lung,Lung,Other
TBAJ-587,15,72,120,219,Lung,Lung,Other
TBAJ-587,15,72,120,67.3,Lung,Lung,Other
TBAJ-587,15,72,120,255,Lung,Lung,Other
TBAJ-587,15,72,120,89.8,Lung,Lung,Other
TBAJ-587,15,72,120,63.3,Lung,Lung,Other
TBAJ-587,15,72,120,22.5,Inner Caseum,Caseum,Other
TBAJ-587,15,72,120,8.66,Outer Caseum,Caseum,Other
TBAJ-587,15,72,120,67.8,Cellular,Cellular,Other
TBAJ-587,15,72,120,45.6,Lung,Lung,Other
TBAJ-587,15,72,120,0.468,Inner Caseum,Caseum,Other
TBAJ-587,15,72,120,63.9,Outer Caseum,Caseum,Other
TBAJ-587,15,72,120,158,Cellular,Cellular,Other
TBAJ-587,15,72,120,51,Lung,Lung,Other
TBAJ-587,16,48,96,42.1,Cellular,Cellular,Other
TBAJ-587,16,48,96,36.4,Cellular,Cellular,Other
TBAJ-587,16,48,96,46.2,Cellular,Cellular,Other
TBAJ-587,16,48,96,40.7,Cellular,Cellular,Other
TBAJ-587,16,48,96,41.6,Cellular,Cellular,Other
TBAJ-587,16,48,96,34.9,Cellular,Cellular,Other
TBAJ-587,16,48,96,34.2,Cellular,Cellular,Other
TBAJ-587,16,48,96,39.2,Cellular,Cellular,Other
TBAJ-587,16,48,96,38.5,Cellular,Cellular,Other
TBAJ-587,16,48,96,43.7,Cellular,Cellular,Other
TBAJ-587,16,48,96,37.3,Cellular,Cellular,Other
TBAJ-587,16,48,96,41.2,Cellular,Cellular,Other
TBAJ-587,16,48,96,9.18,Cellular,Cellular,Other
TBAJ-587,16,48,96,17.6,Lung,Lung,Other
TBAJ-587,16,48,96,30.1,Lung,Lung,Other
TBAJ-587,16,48,96,20.7,Lung,Lung,Other
TBAJ-587,16,48,96,40.6,Lung,Lung,Other
TBAJ-587,16,48,96,22.8,Lung,Lung,Other
TBAJ-587,16,48,96,0.32,Inner Caseum,Caseum,Other
TBAJ-587,16,48,96,9.29,Outer Caseum,Caseum,Other
TBAJ-587,16,48,96,21.5,Inner Cellular,Cellular,Other
TBAJ-587,16,48,96,3.94,Outer Cellular,Cellular,Other
TBAJ-587,16,48,96,7.69,Lung,Lung,Other
TBAJ-587,16,48,96,0.0703,Inner Caseum,Caseum,Other
TBAJ-587,16,48,96,6.2,Outer Caseum,Caseum,Other
TBAJ-587,16,48,96,20,Cellular,Cellular,Other
TBAJ-587,16,48,96,7.48,Lung,Lung,Other
TBAJ-587,17,48,96,27.2,Cellular,Cellular,Other
TBAJ-587,17,48,96,33,Cellular,Cellular,Other
TBAJ-587,17,48,96,50.1,Cellular,Cellular,Other
TBAJ-587,17,48,96,34.2,Cellular,Cellular,Other
TBAJ-587,17,48,96,42.2,Cellular,Cellular,Other
TBAJ-587,17,48,96,55.8,Cellular,Cellular,Other
TBAJ-587,17,48,96,54.3,Cellular,Cellular,Other
TBAJ-587,17,48,96,82.6,Cellular,Cellular,Other
TBAJ-587,17,48,96,60,Cellular,Cellular,Other
TBAJ-587,17,48,96,37.5,Cellular,Cellular,Other
TBAJ-587,17,48,96,37.7,Cellular,Cellular,Other
TBAJ-587,17,48,96,13,Lung,Lung,Other
TBAJ-587,17,48,96,29.6,Lung,Lung,Other
TBAJ-587,17,48,96,12.4,Lung,Lung,Other
TBAJ-587,17,48,96,13.3,Lung,Lung,Other
TBAJ-587,17,48,96,30.9,Lung,Lung,Other
TBAJ-587,17,48,96,12.5,Lung,Lung,Other
TBAJ-587,17,48,96,0.0403,Inner Caseum,Caseum,Other
TBAJ-587,17,48,96,3.58,Outer Caseum,Caseum,Other
TBAJ-587,17,48,96,13.6,Cellular,Cellular,Other
TBAJ-587,17,48,96,14.7,Lung,Lung,Other
TBAJ-587,18,6,54,94.7,Cellular,Cellular,Other
TBAJ-587,18,6,54,197,Cellular,Cellular,Other
TBAJ-587,18,6,54,118,Cellular,Cellular,Other
TBAJ-587,18,6,54,224,Cellular,Cellular,Other
TBAJ-587,18,6,54,82,Lung,Lung,Other
TBAJ-587,18,6,54,156,Lung,Lung,Other
TBAJ-587,18,6,54,154,Lung,Lung,Other
TBAJ-587,18,6,54,178,Lung,Lung,Other
TBAJ-587,18,6,54,130,Lung,Lung,Other
TBAJ-587,18,6,54,75.9,Lung,Lung,Other
TBAJ-587,19,6,54,142,Cellular,Cellular,Other
TBAJ-587,19,6,54,130,Cellular,Cellular,Other
TBAJ-587,19,6,54,113,Cellular,Cellular,Other
TBAJ-587,19,6,54,149,Cellular,Cellular,Other
TBAJ-587,19,6,54,126,Cellular,Cellular,Other
TBAJ-587,19,6,54,173,Cellular,Cellular,Other
TBAJ-587,19,6,54,161,Cellular,Cellular,Other
TBAJ-587,19,6,54,154,Cellular,Cellular,Other
TBAJ-587,19,6,54,171,Cellular,Cellular,Other
TBAJ-587,19,6,54,167,Cellular,Cellular,Other
TBAJ-587,19,6,54,176,Cellular,Cellular,Other
TBAJ-587,19,6,54,134,Cellular,Cellular,Other
TBAJ-587,19,6,54,137,Cellular,Cellular,Other
TBAJ-587,19,6,54,159,Cellular,Cellular,Other
TBAJ-587,19,6,54,66.8,Lung,Lung,Other
TBAJ-587,19,6,54,93.6,Lung,Lung,Other
TBAJ-587,19,6,54,91.5,Lung,Lung,Other
TBAJ-587,19,6,54,157,Lung,Lung,Other
TBAJ-587,19,6,54,82.7,Lung,Lung,Other
TBAJ-587,19,6,54,71.1,Lung,Lung,Other
TBAJ-587,20,24,48,144,Cellular,Cellular,Other
TBAJ-587,20,24,48,160,Cellular,Cellular,Other
TBAJ-587,20,24,48,155,Cellular,Cellular,Other
TBAJ-587,20,24,48,48.6,Lung,Lung,Other
TBAJ-587,20,24,48,65.4,Lung,Lung,Other
TBAJ-587,20,24,48,50.5,Lung,Lung,Other
TBAJ-587,20,24,48,74.2,Lung,Lung,Other
TBAJ-587,20,24,48,35.2,Lung,Lung,Other
TBAJ-587,20,24,48,36.2,Lung,Lung,Other
TBAJ-587,21,6,54,134,Cellular,Cellular,Other
TBAJ-587,21,6,54,115,Cellular,Cellular,Other
TBAJ-587,21,6,54,102,Cellular,Cellular,Other
TBAJ-587,21,6,54,237,Cellular,Cellular,Other
TBAJ-587,21,6,54,1610,Cellular,Cellular,Other
TBAJ-587,21,6,54,1190,Cellular,Cellular,Other
TBAJ-587,21,6,54,1020,Cellular,Cellular,Other
TBAJ-587,21,6,54,152,Cellular,Cellular,Other
TBAJ-587,21,6,54,162,Cellular,Cellular,Other
TBAJ-587,21,6,54,86,Lung,Lung,Other
TBAJ-587,21,6,54,156,Lung,Lung,Other
TBAJ-587,21,6,54,144,Lung,Lung,Other
TBAJ-587,21,6,54,257,Lung,Lung,Other
TBAJ-587,21,6,54,1570,Lung,Lung,Other
TBAJ-587,21,6,54,105,Lung,Lung,Other
TBAJ-587,21,6,54,0.579,Inner Caseum,Caseum,Other
TBAJ-587,21,6,54,7.5,Outer Caseum,Caseum,Other
TBAJ-587,21,6,54,14.2,Inner Cellular,Cellular,Other
TBAJ-587,21,6,54,46.8,Outer Cellular,Cellular,Other
TBAJ-587,21,6,54,70.8,Lung,Lung,Other
TBAJ-587,22,6,54,158,Cellular,Cellular,Other
TBAJ-587,22,6,54,133,Cellular,Cellular,Other
TBAJ-587,22,6,54,211,Cellular,Cellular,Other
TBAJ-587,22,6,54,189,Cellular,Cellular,Other
TBAJ-587,22,6,54,110,Cellular,Cellular,Other
TBAJ-587,22,6,54,209,Cellular,Cellular,Other
TBAJ-587,22,6,54,188,Cellular,Cellular,Other
TBAJ-587,22,6,54,163,Cellular,Cellular,Other
TBAJ-587,22,6,54,97.1,Cellular,Cellular,Other
TBAJ-587,22,6,54,208,Cellular,Cellular,Other
TBAJ-587,22,6,54,152,Cellular,Cellular,Other
TBAJ-587,22,6,54,122,Cellular,Cellular,Other
TBAJ-587,22,6,54,157,Cellular,Cellular,Other
TBAJ-587,22,6,54,85.8,Lung,Lung,Other
TBAJ-587,22,6,54,198,Lung,Lung,Other
TBAJ-587,22,6,54,184,Lung,Lung,Other
TBAJ-587,22,6,54,221,Lung,Lung,Other
TBAJ-587,22,6,54,214,Lung,Lung,Other
TBAJ-587,22,6,54,137,Lung,Lung,Other
TBAJ-587,23,24,48,232,Cellular,Cellular,Other
TBAJ-587,23,24,48,271,Cellular,Cellular,Other
TBAJ-587,23,24,48,260,Cellular,Cellular,Other
TBAJ-587,23,24,48,69.2,Cellular,Cellular,Other
TBAJ-587,23,24,48,173,Cellular,Cellular,Other
TBAJ-587,23,24,48,149,Cellular,Cellular,Other
TBAJ-587,23,24,48,280,Cellular,Cellular,Other
TBAJ-587,23,24,48,236,Cellular,Cellular,Other
TBAJ-587,23,24,48,247,Cellular,Cellular,Other
TBAJ-587,23,24,48,197,Cellular,Cellular,Other
TBAJ-587,23,24,48,267,Cellular,Cellular,Other
TBAJ-587,23,24,48,207,Cellular,Cellular,Other
TBAJ-587,23,24,48,230,Cellular,Cellular,Other
TBAJ-587,23,24,48,210,Cellular,Cellular,Other
TBAJ-587,23,24,48,57,Lung,Lung,Other
TBAJ-587,23,24,48,120,Lung,Lung,Other
TBAJ-587,23,24,48,87.1,Lung,Lung,Other
TBAJ-587,23,24,48,127,Lung,Lung,Other
TBAJ-587,23,24,48,71.4,Lung,Lung,Other
TBAJ-587,23,24,48,48.7,Lung,Lung,Other
TBAJ-587-M3,9,24,48,359,Cellular,Cellular,Other
TBAJ-587-M3,9,24,48,496,Cellular,Cellular,Other
TBAJ-587-M3,9,24,48,610,Cellular,Cellular,Other
TBAJ-587-M3,9,24,48,728,Cellular,Cellular,Other
TBAJ-587-M3,9,24,48,903,Cellular,Cellular,Other
TBAJ-587-M3,9,24,48,478,Cellular,Cellular,Other
TBAJ-587-M3,9,24,48,277,Lung,Lung,Other
TBAJ-587-M3,9,24,48,392,Lung,Lung,Other
TBAJ-587-M3,9,24,48,374,Lung,Lung,Other
TBAJ-587-M3,9,24,48,799,Lung,Lung,Other
TBAJ-587-M3,9,24,48,489,Lung,Lung,Other
TBAJ-587-M3,9,24,48,157,Lung,Lung,Other
TBAJ-587-M3,9,24,48,0.403,Inner Caseum,Caseum,Other
TBAJ-587-M3,9,24,48,5.88,Outer Caseum,Caseum,Other
TBAJ-587-M3,9,24,48,85.1,Cellular,Cellular,Other
TBAJ-587-M3,9,24,48,204,Lung,Lung,Other
TBAJ-587-M3,10,24,48,367,Cellular,Cellular,Other
TBAJ-587-M3,10,24,48,322,Cellular,Cellular,Other
TBAJ-587-M3,10,24,48,279,Cellular,Cellular,Other
TBAJ-587-M3,10,24,48,232,Cellular,Cellular,Other
TBAJ-587-M3,10,24,48,339,Cellular,Cellular,Other
TBAJ-587-M3,10,24,48,304,Cellular,Cellular,Other
TBAJ-587-M3,10,24,48,293,Cellular,Cellular,Other
TBAJ-587-M3,10,24,48,269,Cellular,Cellular,Other
TBAJ-587-M3,10,24,48,298,Cellular,Cellular,Other
TBAJ-587-M3,10,24,48,322,Cellular,Cellular,Other
TBAJ-587-M3,10,24,48,365,Cellular,Cellular,Other
TBAJ-587-M3,10,24,48,162,Cellular,Cellular,Other
TBAJ-587-M3,10,24,48,298,Cellular,Cellular,Other
TBAJ-587-M3,10,24,48,144,Cellular,Cellular,Other
TBAJ-587-M3,10,24,48,208,Lung,Lung,Other
TBAJ-587-M3,10,24,48,348,Lung,Lung,Other
TBAJ-587-M3,10,24,48,290,Lung,Lung,Other
TBAJ-587-M3,10,24,48,404,Lung,Lung,Other
TBAJ-587-M3,10,24,48,358,Lung,Lung,Other
TBAJ-587-M3,10,24,48,171,Lung,Lung,Other
TBAJ-587-M3,11,24,48,383,Cellular,Cellular,Other
TBAJ-587-M3,11,24,48,507,Cellular,Cellular,Other
TBAJ-587-M3,11,24,48,382,Cellular,Cellular,Other
TBAJ-587-M3,11,24,48,512,Cellular,Cellular,Other
TBAJ-587-M3,11,24,48,238,Lung,Lung,Other
TBAJ-587-M3,11,24,48,533,Lung,Lung,Other
TBAJ-587-M3,11,24,48,609,Lung,Lung,Other
TBAJ-587-M3,11,24,48,471,Lung,Lung,Other
TBAJ-587-M3,11,24,48,710,Lung,Lung,Other
TBAJ-587-M3,11,24,48,227,Lung,Lung,Other
TBAJ-587-M3,12,24,72,303,Cellular,Cellular,Other
TBAJ-587-M3,12,24,72,115,Lung,Lung,Other
TBAJ-587-M3,12,24,72,180,Lung,Lung,Other
TBAJ-587-M3,12,24,72,170,Lung,Lung,Other
TBAJ-587-M3,12,24,72,121,Lung,Lung,Other
TBAJ-587-M3,12,24,72,200,Lung,Lung,Other
TBAJ-587-M3,12,24,72,126,Lung,Lung,Other
TBAJ-587-M3,13,24,72,410,Cellular,Cellular,Other
TBAJ-587-M3,13,24,72,562,Cellular,Cellular,Other
TBAJ-587-M3,13,24,72,408,Cellular,Cellular,Other
TBAJ-587-M3,13,24,72,479,Cellular,Cellular,Other
TBAJ-587-M3,13,24,72,553,Cellular,Cellular,Other
TBAJ-587-M3,13,24,72,516,Cellular,Cellular,Other
TBAJ-587-M3,13,24,72,548,Cellular,Cellular,Other
TBAJ-587-M3,13,24,72,422,Cellular,Cellular,Other
TBAJ-587-M3,13,24,72,553,Cellular,Cellular,Other
TBAJ-587-M3,13,24,72,576,Cellular,Cellular,Other
TBAJ-587-M3,13,24,72,272,Cellular,Cellular,Other
TBAJ-587-M3,13,24,72,549,Cellular,Cellular,Other
TBAJ-587-M3,13,24,72,561,Cellular,Cellular,Other
TBAJ-587-M3,13,24,72,261,Lung,Lung,Other
TBAJ-587-M3,13,24,72,566,Lung,Lung,Other
TBAJ-587-M3,13,24,72,337,Lung,Lung,Other
TBAJ-587-M3,13,24,72,329,Lung,Lung,Other
TBAJ-587-M3,13,24,72,359,Lung,Lung,Other
TBAJ-587-M3,13,24,72,257,Lung,Lung,Other
TBAJ-587-M3,13,24,72,0.851,Inner Caseum,Caseum,Other
TBAJ-587-M3,13,24,72,4.95,Outer Caseum,Caseum,Other
TBAJ-587-M3,13,24,72,123,Cellular,Cellular,Other
TBAJ-587-M3,13,24,72,581,Lung,Lung,Other
TBAJ-587-M3,13,24,72,1.22,Inner Caseum,Caseum,Other
TBAJ-587-M3,13,24,72,4.86,Outer Caseum,Caseum,Other
TBAJ-587-M3,13,24,72,115,Cellular,Cellular,Other
TBAJ-587-M3,13,24,72,258,Lung,Lung,Other
TBAJ-587-M3,14,72,120,1140,Cellular,Cellular,Other
TBAJ-587-M3,14,72,120,1270,Cellular,Cellular,Other
TBAJ-587-M3,14,72,120,740,Cellular,Cellular,Other
TBAJ-587-M3,14,72,120,985,Cellular,Cellular,Other
TBAJ-587-M3,14,72,120,285,Lung,Lung,Other
TBAJ-587-M3,14,72,120,694,Lung,Lung,Other
TBAJ-587-M3,14,72,120,698,Lung,Lung,Other
TBAJ-587-M3,14,72,120,897,Lung,Lung,Other
TBAJ-587-M3,14,72,120,620,Lung,Lung,Other
TBAJ-587-M3,14,72,120,260,Lung,Lung,Other
TBAJ-587-M3,15,72,120,667,Cellular,Cellular,Other
TBAJ-587-M3,15,72,120,920,Cellular,Cellular,Other
TBAJ-587-M3,15,72,120,1330,Cellular,Cellular,Other
TBAJ-587-M3,15,72,120,1410,Cellular,Cellular,Other
TBAJ-587-M3,15,72,120,1530,Cellular,Cellular,Other
TBAJ-587-M3,15,72,120,609,Cellular,Cellular,Other
TBAJ-587-M3,15,72,120,363,Lung,Lung,Other
TBAJ-587-M3,15,72,120,1710,Lung,Lung,Other
TBAJ-587-M3,15,72,120,620,Lung,Lung,Other
TBAJ-587-M3,15,72,120,1920,Lung,Lung,Other
TBAJ-587-M3,15,72,120,752,Lung,Lung,Other
TBAJ-587-M3,15,72,120,521,Lung,Lung,Other
TBAJ-587-M3,15,72,120,58,Inner Caseum,Caseum,Other
TBAJ-587-M3,15,72,120,10.9,Outer Caseum,Caseum,Other
TBAJ-587-M3,15,72,120,441,Cellular,Cellular,Other
TBAJ-587-M3,15,72,120,445,Lung,Lung,Other
TBAJ-587-M3,15,72,120,3.87,Inner Caseum,Caseum,Other
TBAJ-587-M3,15,72,120,342,Outer Caseum,Caseum,Other
TBAJ-587-M3,15,72,120,431,Lung,Lung,Other
TBAJ-587-M3,16,48,96,350,Cellular,Cellular,Other
TBAJ-587-M3,16,48,96,334,Cellular,Cellular,Other
TBAJ-587-M3,16,48,96,405,Cellular,Cellular,Other
TBAJ-587-M3,16,48,96,447,Cellular,Cellular,Other
TBAJ-587-M3,16,48,96,374,Cellular,Cellular,Other
TBAJ-587-M3,16,48,96,363,Cellular,Cellular,Other
TBAJ-587-M3,16,48,96,329,Cellular,Cellular,Other
TBAJ-587-M3,16,48,96,342,Cellular,Cellular,Other
TBAJ-587-M3,16,48,96,384,Cellular,Cellular,Other
TBAJ-587-M3,16,48,96,461,Cellular,Cellular,Other
TBAJ-587-M3,16,48,96,370,Cellular,Cellular,Other
TBAJ-587-M3,16,48,96,378,Cellular,Cellular,Other
TBAJ-587-M3,16,48,96,131,Cellular,Cellular,Other
TBAJ-587-M3,16,48,96,263,Lung,Lung,Other
TBAJ-587-M3,16,48,96,402,Lung,Lung,Other
TBAJ-587-M3,16,48,96,315,Lung,Lung,Other
TBAJ-587-M3,16,48,96,496,Lung,Lung,Other
TBAJ-587-M3,16,48,96,307,Lung,Lung,Other
TBAJ-587-M3,16,48,96,0.646,Inner Caseum,Caseum,Other
TBAJ-587-M3,16,48,96,11.7,Outer Caseum,Caseum,Other
TBAJ-587-M3,16,48,96,211,Inner Cellular,Cellular,Other
TBAJ-587-M3,16,48,96,24.2,Outer Cellular,Cellular,Other
TBAJ-587-M3,16,48,96,94.1,Lung,Lung,Other
TBAJ-587-M3,16,48,96,0.17,Inner Caseum,Caseum,Other
TBAJ-587-M3,16,48,96,6.21,Outer Caseum,Caseum,Other
TBAJ-587-M3,16,48,96,103,Cellular,Cellular,Other
TBAJ-587-M3,16,48,96,99.8,Lung,Lung,Other
TBAJ-587-M3,17,48,96,317,Cellular,Cellular,Other
TBAJ-587-M3,17,48,96,366,Cellular,Cellular,Other
TBAJ-587-M3,17,48,96,543,Cellular,Cellular,Other
TBAJ-587-M3,17,48,96,437,Cellular,Cellular,Other
TBAJ-587-M3,17,48,96,507,Cellular,Cellular,Other
TBAJ-587-M3,17,48,96,593,Cellular,Cellular,Other
TBAJ-587-M3,17,48,96,623,Cellular,Cellular,Other
TBAJ-587-M3,17,48,96,957,Cellular,Cellular,Other
TBAJ-587-M3,17,48,96,737,Cellular,Cellular,Other
TBAJ-587-M3,17,48,96,441,Cellular,Cellular,Other
TBAJ-587-M3,17,48,96,413,Cellular,Cellular,Other
TBAJ-587-M3,17,48,96,211,Lung,Lung,Other
TBAJ-587-M3,17,48,96,465,Lung,Lung,Other
TBAJ-587-M3,17,48,96,232,Lung,Lung,Other
TBAJ-587-M3,17,48,96,230,Lung,Lung,Other
TBAJ-587-M3,17,48,96,490,Lung,Lung,Other
TBAJ-587-M3,17,48,96,230,Lung,Lung,Other
TBAJ-587-M3,17,48,96,0.412,Inner Caseum,Caseum,Other
TBAJ-587-M3,17,48,96,2.84,Outer Caseum,Caseum,Other
TBAJ-587-M3,17,48,96,140,Cellular,Cellular,Other
TBAJ-587-M3,17,48,96,217,Lung,Lung,Other
TBAJ-587-M3,18,6,54,289,Cellular,Cellular,Other
TBAJ-587-M3,18,6,54,510,Cellular,Cellular,Other
TBAJ-587-M3,18,6,54,318,Cellular,Cellular,Other
TBAJ-587-M3,18,6,54,564,Cellular,Cellular,Other
TBAJ-587-M3,18,6,54,248,Lung,Lung,Other
TBAJ-587-M3,18,6,54,450,Lung,Lung,Other
TBAJ-587-M3,18,6,54,439,Lung,Lung,Other
TBAJ-587-M3,18,6,54,497,Lung,Lung,Other
TBAJ-587-M3,18,6,54,386,Lung,Lung,Other
TBAJ-587-M3,18,6,54,235,Lung,Lung,Other
TBAJ-587-M3,19,6,54,462,Cellular,Cellular,Other
TBAJ-587-M3,19,6,54,404,Cellular,Cellular,Other
TBAJ-587-M3,19,6,54,356,Cellular,Cellular,Other
TBAJ-587-M3,19,6,54,465,Cellular,Cellular,Other
TBAJ-587-M3,19,6,54,422,Cellular,Cellular,Other
TBAJ-587-M3,19,6,54,568,Cellular,Cellular,Other
TBAJ-587-M3,19,6,54,547,Cellular,Cellular,Other
TBAJ-587-M3,19,6,54,523,Cellular,Cellular,Other
TBAJ-587-M3,19,6,54,547,Cellular,Cellular,Other
TBAJ-587-M3,19,6,54,467,Cellular,Cellular,Other
TBAJ-587-M3,19,6,54,565,Cellular,Cellular,Other
TBAJ-587-M3,19,6,54,425,Cellular,Cellular,Other
TBAJ-587-M3,19,6,54,407,Cellular,Cellular,Other
TBAJ-587-M3,19,6,54,475,Cellular,Cellular,Other
TBAJ-587-M3,19,6,54,295,Lung,Lung,Other
TBAJ-587-M3,19,6,54,388,Lung,Lung,Other
TBAJ-587-M3,19,6,54,403,Lung,Lung,Other
TBAJ-587-M3,19,6,54,549,Lung,Lung,Other
TBAJ-587-M3,19,6,54,338,Lung,Lung,Other
TBAJ-587-M3,19,6,54,308,Lung,Lung,Other
TBAJ-587-M3,20,24,48,618,Cellular,Cellular,Other
TBAJ-587-M3,20,24,48,709,Cellular,Cellular,Other
TBAJ-587-M3,20,24,48,554,Cellular,Cellular,Other
TBAJ-587-M3,20,24,48,286,Lung,Lung,Other
TBAJ-587-M3,20,24,48,372,Lung,Lung,Other
TBAJ-587-M3,20,24,48,293,Lung,Lung,Other
TBAJ-587-M3,20,24,48,403,Lung,Lung,Other
TBAJ-587-M3,20,24,48,200,Lung,Lung,Other
TBAJ-587-M3,20,24,48,200,Lung,Lung,Other
TBAJ-587-M3,21,6,54,461,Cellular,Cellular,Other
TBAJ-587-M3,21,6,54,432,Cellular,Cellular,Other
TBAJ-587-M3,21,6,54,409,Cellular,Cellular,Other
TBAJ-587-M3,21,6,54,754,Cellular,Cellular,Other
TBAJ-587-M3,21,6,54,628,Cellular,Cellular,Other
TBAJ-587-M3,21,6,54,451,Cellular,Cellular,Other
TBAJ-587-M3,21,6,54,429,Cellular,Cellular,Other
TBAJ-587-M3,21,6,54,441,Cellular,Cellular,Other
TBAJ-587-M3,21,6,54,505,Cellular,Cellular,Other
TBAJ-587-M3,21,6,54,367,Lung,Lung,Other
TBAJ-587-M3,21,6,54,637,Lung,Lung,Other
TBAJ-587-M3,21,6,54,586,Lung,Lung,Other
TBAJ-587-M3,21,6,54,895,Lung,Lung,Other
TBAJ-587-M3,21,6,54,325,Lung,Lung,Other
TBAJ-587-M3,21,6,54,436,Lung,Lung,Other
TBAJ-587-M3,21,6,54,2.07,Inner Caseum,Caseum,Other
TBAJ-587-M3,21,6,54,4.54,Outer Caseum,Caseum,Other
TBAJ-587-M3,21,6,54,30.1,Inner Cellular,Cellular,Other
TBAJ-587-M3,21,6,54,146,Outer Cellular,Cellular,Other
TBAJ-587-M3,21,6,54,338,Lung,Lung,Other
TBAJ-587-M3,22,6,54,522,Cellular,Cellular,Other
TBAJ-587-M3,22,6,54,431,Cellular,Cellular,Other
TBAJ-587-M3,22,6,54,667,Cellular,Cellular,Other
TBAJ-587-M3,22,6,54,577,Cellular,Cellular,Other
TBAJ-587-M3,22,6,54,352,Cellular,Cellular,Other
TBAJ-587-M3,22,6,54,662,Cellular,Cellular,Other
TBAJ-587-M3,22,6,54,598,Cellular,Cellular,Other
TBAJ-587-M3,22,6,54,528,Cellular,Cellular,Other
TBAJ-587-M3,22,6,54,279,Cellular,Cellular,Other
TBAJ-587-M3,22,6,54,634,Cellular,Cellular,Other
TBAJ-587-M3,22,6,54,429,Cellular,Cellular,Other
TBAJ-587-M3,22,6,54,400,Cellular,Cellular,Other
TBAJ-587-M3,22,6,54,502,Cellular,Cellular,Other
TBAJ-587-M3,22,6,54,302,Lung,Lung,Other
TBAJ-587-M3,22,6,54,680,Lung,Lung,Other
TBAJ-587-M3,22,6,54,643,Lung,Lung,Other
TBAJ-587-M3,22,6,54,733,Lung,Lung,Other
TBAJ-587-M3,22,6,54,746,Lung,Lung,Other
TBAJ-587-M3,22,6,54,518,Lung,Lung,Other
TBAJ-587-M3,23,24,48,653,Cellular,Cellular,Other
TBAJ-587-M3,23,24,48,725,Cellular,Cellular,Other
TBAJ-587-M3,23,24,48,680,Cellular,Cellular,Other
TBAJ-587-M3,23,24,48,406,Cellular,Cellular,Other
TBAJ-587-M3,23,24,48,640,Cellular,Cellular,Other
TBAJ-587-M3,23,24,48,214,Cellular,Cellular,Other
TBAJ-587-M3,23,24,48,505,Cellular,Cellular,Other
TBAJ-587-M3,23,24,48,477,Cellular,Cellular,Other
TBAJ-587-M3,23,24,48,644,Cellular,Cellular,Other
TBAJ-587-M3,23,24,48,533,Cellular,Cellular,Other
TBAJ-587-M3,23,24,48,689,Cellular,Cellular,Other
TBAJ-587-M3,23,24,48,649,Cellular,Cellular,Other
TBAJ-587-M3,23,24,48,556,Cellular,Cellular,Other
TBAJ-587-M3,23,24,48,638,Cellular,Cellular,Other
TBAJ-587-M3,23,24,48,351,Lung,Lung,Other
TBAJ-587-M3,23,24,48,641,Lung,Lung,Other
TBAJ-587-M3,23,24,48,544,Lung,Lung,Other
TBAJ-587-M3,23,24,48,692,Lung,Lung,Other
TBAJ-587-M3,23,24,48,400,Lung,Lung,Other
TBAJ-587-M3,23,24,48,317,Lung,Lung,Other
TBAJ-876,12,24,48,0.0178,Inner Caseum,Caseum,Other
TBAJ-876,12,24,48,0.0254,Liquid Caseum,Caseum,Other
TBAJ-876,12,24,48,1.34,Outer Caseum,Caseum,Other
TBAJ-876,12,24,48,4.86,Inner Cellular,Cellular,Other
TBAJ-876,12,24,48,12.7,Outer Cellular,Cellular,Other
TBAJ-876,12,24,48,9.18,Uninvolved,Lung,Other
TBAJ-876,12,24,48,0.105,Inner Caseum,Caseum,Other
TBAJ-876,12,24,48,1.86,Outer Caseum,Caseum,Other
TBAJ-876,12,24,48,6.13,Cellular,Cellular,Other
TBAJ-876,12,24,48,6.54,Uninvolved,Lung,Other
TBAJ-876,12,24,48,0.0811,Inner Caseum,Caseum,Other
TBAJ-876,12,24,48,0.88,Outer Caseum,Caseum,Other
TBAJ-876,12,24,48,5.5,Cellular,Cellular,Other
TBAJ-876,12,24,48,7.81,Uninvolved,Lung,Other
TBAJ-876,13,24,48,0.016,Inner Caseum,Caseum,Other
TBAJ-876,13,24,48,0.262,Outer Caseum,Caseum,Other
TBAJ-876,13,24,48,0.253,Outer Caseum,Caseum,Other
TBAJ-876,13,24,48,2.7,Inner Cellular,Cellular,Other
TBAJ-876,13,24,48,31.7,Outer Cellular,Cellular,Other
TBAJ-876,13,24,48,1.02,Inner Cellular,Cellular,Other
TBAJ-876,13,24,48,12.2,Outer Cellular,Cellular,Other
TBAJ-876,13,24,48,6.23,Uninvolved,Lung,Other
TBAJ-876,13,24,48,5.91,Uninvolved ,Lung,Other
TBAJ-876,13,24,48,0.923,Outer Caseum,Caseum,Other
TBAJ-876,13,24,48,9,Inner Cellular,Cellular,Other
TBAJ-876,13,24,48,31.8,Outer Cellular,Cellular,Other
TBAJ-876,13,24,48,4.3,Uninvolved,Lung,Other
TBAJ-876,13,24,48,0.625,Outer Caseum,Caseum,Other
TBAJ-876,13,24,48,10.3,Cellular,Cellular,Other
TBAJ-876,13,24,48,8.19,Uninvolved,Lung,Other
TBAJ-876,13,24,48,0.494,Outer Caseum,Caseum,Other
TBAJ-876,13,24,48,2.13,Inner Cellular,Cellular,Other
TBAJ-876,13,24,48,27,Outer Cellular,Cellular,Other
TBAJ-876,13,24,48,4.88,Uninvolved,Lung,Other
TBAJ-876,14,24,72,0.0283,Inner Caseum -3,Caseum,Other
TBAJ-876,14,24,72,1.11,Outer Caseum,Caseum,Other
TBAJ-876,14,24,72,1.43,Outer Caseum,Caseum,Other
TBAJ-876,14,24,72,31.9,Cellular,Cellular,Other
TBAJ-876,14,24,72,3.93,Inner Cellular,Cellular,Other
TBAJ-876,14,24,72,27.1,Outer Cellular,Cellular,Other
TBAJ-876,14,24,72,6.33,Uninvolved,Lung,Other
TBAJ-876,14,24,72,3.81,Uninvolved ,Lung,Other
TBAJ-876,15,24,72,0.0427,Inner Caseum,Caseum,Other
TBAJ-876,15,24,72,1.51,Outer Caseum,Caseum,Other
TBAJ-876,15,24,72,0.492,Inner Cellular,Cellular,Other
TBAJ-876,15,24,72,16.6,Outer Cellular,Cellular,Other
TBAJ-876,15,24,72,5.58,Uninvolved,Lung,Other
TBAJ-876,15,24,72,0.987,Outer Caseum,Caseum,Other
TBAJ-876,15,24,72,1.13,Inner Cellular,Cellular,Other
TBAJ-876,15,24,72,22.4,Outer Cellular,Cellular,Other
TBAJ-876,15,24,72,6.04,Uninvolved,Lung,Other
TBAJ-876,15,24,72,0.472,Inner Caseum,Caseum,Other
TBAJ-876,15,24,72,0.757,Outer Caseum,Caseum,Other
TBAJ-876,15,24,72,1.15,Inner Cellular,Cellular,Other
TBAJ-876,15,24,72,22.2,Outer Cellular,Cellular,Other
TBAJ-876,15,24,72,6.98,Uninvolved,Lung,Other
TBAJ-876,15,24,72,0.0694,Inner Caseum -3,Caseum,Other
TBAJ-876,15,24,72,1.06,Outer Caseum,Caseum,Other
TBAJ-876,15,24,72,1.46,Outer Caseum,Caseum,Other
TBAJ-876,15,24,72,21,Cellular,Cellular,Other
TBAJ-876,15,24,72,16.1,Cellular,Cellular,Other
TBAJ-876,15,24,72,13.8,Uninvolved,Lung,Other
TBAJ-876,15,24,72,8.6,Uninvolved ,Lung,Other
TBAJ-876,16,72,120,0.19,Inner Caseum,Caseum,Other
TBAJ-876,16,72,120,3.38,Outer Caseum,Caseum,Other
TBAJ-876,16,72,120,1.31,Inner Cellular,Cellular,Other
TBAJ-876,16,72,120,3.91,Outer Cellular,Cellular,Other
TBAJ-876,16,72,120,1.53,Uninvolved,Lung,Other
TBAJ-876,18,48,96,0.0217,Inner Caseum,Caseum,Other
TBAJ-876,18,48,96,1.08,Outer Caseum,Caseum,Other
TBAJ-876,18,48,96,7.63,Cellular,Cellular,Other
TBAJ-876,18,48,96,3.24,Uninvolved,Lung,Other
TBAJ-876,18,48,96,0.916,Outer Caseum,Caseum,Other
TBAJ-876,18,48,96,6,Cellular,Cellular,Other
TBAJ-876,18,48,96,8.67,Uninvolved,Lung,Other
TBAJ-876,19,6,54,0.0103,Inner Caseum,Caseum,Other
TBAJ-876,19,6,54,0.83,Outer Caseum,Caseum,Other
TBAJ-876,19,6,54,8.34,Inner Cellular,Cellular,Other
TBAJ-876,19,6,54,21.8,Outer Cellular,Cellular,Other
TBAJ-876,19,6,54,23.5,Uninvolved,Lung,Other
TBAJ-876,22,6,54,0.129,Inner Caseum,Caseum,Other
TBAJ-876,22,6,54,1.01,Outer Caseum,Caseum,Other
TBAJ-876,22,6,54,10.8,Cellular,Cellular,Other
TBAJ-876,22,6,54,8.62,Uninvolved,Lung,Other
TBAJ-876,22,6,54,0.0225,Inner Caseum,Caseum,Other
TBAJ-876,22,6,54,1.21,Outer Caseum,Caseum,Other
TBAJ-876,22,6,54,16.2,Inner Cellular,Cellular,Other
TBAJ-876,22,6,54,33.7,Outer Cellular,Cellular,Other
TBAJ-876,22,6,54,19.7,Uninvolved,Lung,Other
TBAJ-876,29,24,672,0.0366,Inner Caseum -1,Caseum,Other
TBAJ-876,29,24,672,0.0427,Inner Caseum -2,Caseum,Other
TBAJ-876,29,24,672,0.0429,Inner Caseum -3,Caseum,Other
TBAJ-876,29,24,672,0.184,Outer Caseum,Caseum,Other
TBAJ-876,29,24,672,0.135,Inner Cellular,Cellular,Other
TBAJ-876,29,24,672,1.15,Outer Cellular,Cellular,Other
TBAJ-876,29,24,672,0.164,Uninvolved ,Lung,Other
TBAJ-876,30,24,336,0.0223,Inner Caseum -2,Caseum,Other
TBAJ-876,30,24,336,0.0297,Inner Caseum -3,Caseum,Other
TBAJ-876,30,24,336,0.277,Outer Caseum,Caseum,Other
TBAJ-876,30,24,336,0.475,Cellular,Cellular,Other
TBAJ-876,30,24,336,0.305,Uninvolved ,Lung,Other
TBAJ-876,30,24,336,0.0257,Inner Caseum -3,Caseum,Other
TBAJ-876,30,24,336,0.428,Outer Caseum,Caseum,Other
TBAJ-876,30,24,336,0.414,Inner Cellular,Cellular,Other
TBAJ-876,30,24,336,1.6,Outer Cellular,Cellular,Other
TBAJ-876,30,24,336,0.429,Uninvolved ,Lung,Other
TBAJ-876,30,24,336,0.0327,Inner Caseum -3,Caseum,Other
TBAJ-876,30,24,336,0.395,Outer Caseum,Caseum,Other
TBAJ-876,30,24,336,0.462,Cellular,Cellular,Other
TBAJ-876,30,24,336,0.608,Uninvolved ,Lung,Other
TBAJ-876,30,24,336,0.0236,Inner Caseum -3,Caseum,Other
TBAJ-876,30,24,336,0.347,Outer Caseum,Caseum,Other
TBAJ-876,30,24,336,0.7,Cellular,Cellular,Other
TBAJ-876,30,24,336,0.522,Uninvolved ,Lung,Other
TBAJ-876,33,24,336,0.0115,Inner Caseum -3,Caseum,Other
TBAJ-876,33,24,336,0.0156,Inner Caseum -4,Caseum,Other
TBAJ-876,33,24,336,0.106,Outer Caseum,Caseum,Other
TBAJ-876,33,24,336,2.03,Inner Cellular,Cellular,Other
TBAJ-876,33,24,336,4.11,Outer Cellular,Cellular,Other
TBAJ-876,33,24,336,0.921,Uninvolved ,Lung,Other
TBAJ-876,33,24,336,0.0357,Inner Caseum -1,Caseum,Other
TBAJ-876,33,24,336,0.0349,Inner Caseum -2,Caseum,Other
TBAJ-876,33,24,336,0.0161,Inner Caseum -3,Caseum,Other
TBAJ-876,33,24,336,0.235,Outer Caseum,Caseum,Other
TBAJ-876,33,24,336,0.676,Cellular,Cellular,Other
TBAJ-876,33,24,336,0.582,Uninvolved ,Lung,Other
TBAJ-876,33,24,336,0.0172,Inner Caseum -3,Caseum,Other
TBAJ-876,33,24,336,0.13,Outer Caseum,Caseum,Other
TBAJ-876,33,24,336,0.456,Inner Cellular,Cellular,Other
TBAJ-876,33,24,336,2.61,Outer Cellular,Cellular,Other
TBAJ-876,33,24,336,0.924,Uninvolved ,Lung,Other
TBAJ-876,37,24,672,0.0221,Inner Caseum -3,Caseum,Other
TBAJ-876,37,24,672,2.28,Outer Caseum,Caseum,Other
TBAJ-876,37,24,672,10.2,Cellular,Cellular,Other
TBAJ-876,37,24,672,3,Uninvolved ,Lung,Other
TBAJ-876,38,24,334.75,0.0224,Inner Caseum-4,Caseum,Other
TBAJ-876,38,24,334.75,0.255,Whole Caseum,Caseum,Other
TBAJ-876,38,24,334.75,0.302,Outer Caseum,Caseum,Other
TBAJ-876,38,24,334.75,2.88,Cellular,Cellular,Other
TBAJ-876,38,24,334.75,0.129,Inner Caseum-1,Caseum,Other
TBAJ-876,38,24,334.75,0.128,Inner Caseum-2,Caseum,Other
TBAJ-876,38,24,334.75,0.191,Inner Caseum-3,Caseum,Other
TBAJ-876,38,24,334.75,0.895,Whole Caseum,Caseum,Other
TBAJ-876,38,24,334.75,1.27,Outer Caseum,Caseum,Other
TBAJ-876,38,24,334.75,3.71,Cellular,Cellular,Other
TBAJ-876,38,24,334.75,0.0163,Inner Caseum-1,Caseum,Other
TBAJ-876,38,24,334.75,0.0315,Inner Caseum-2,Caseum,Other
TBAJ-876,38,24,334.75,0.0349,Inner Caseum-3,Caseum,Other
TBAJ-876,38,24,334.75,0.0979,Inner Caseum-4,Caseum,Other
TBAJ-876,38,24,334.75,0.356,Whole Caseum,Caseum,Other
TBAJ-876,38,24,334.75,0.442,Outer Caseum,Caseum,Other
TBAJ-876,38,24,334.75,1.28,Cellular,Cellular,Other
TBAJ-876,38,24,334.75,0.023,Inner Caseum-1,Caseum,Other
TBAJ-876,38,24,334.75,0.0466,Inner Caseum-2,Caseum,Other
TBAJ-876,38,24,334.75,0.0609,Inner Caseum-3,Caseum,Other
TBAJ-876,38,24,334.75,0.141,Inner Caseum-4,Caseum,Other
TBAJ-876,38,24,334.75,0.498,Whole Caseum,Caseum,Other
TBAJ-876,38,24,334.75,0.648,Outer Caseum,Caseum,Other
TBAJ-876,38,24,334.75,2.02,Cellular,Cellular,Other
TBAJ-876,38,24,334.75,0.385,Caseum,Caseum,Other
TBAJ-876,38,24,334.75,0.468,Cavity Caseum,Cavity,Other
TBAJ-876,38,24,334.75,2.18,Uninvolved Lung-1,Lung,Other
TBAJ-876,38,24,334.75,2.31,Uninvolved Lung-2,Lung,Other
TBAJ-876,38,24,334.75,1.84,Uninvolved Lung-1,Lung,Other
TBAJ-876,38,24,334.75,1.96,Uninvolved Lung-2,Lung,Other
TBAJ-876,39,24,333.8,0.0139,Inner Caseum-1,Caseum,Other
TBAJ-876,39,24,333.8,0.0335,Inner Caseum-2,Caseum,Other
TBAJ-876,39,24,333.8,0.142,Inner Caseum-3,Caseum,Other
TBAJ-876,39,24,333.8,0.461,Whole Caseum,Caseum,Other
TBAJ-876,39,24,333.8,0.945,Outer Caseum,Caseum,Other
TBAJ-876,39,24,333.8,4.42,Cellular,Cellular,Other
TBAJ-876,39,24,333.8,8.42,Uninvolved Lung-1,Lung,Other
TBAJ-876,39,24,333.8,8.29,Uninvolved Lung-2,Lung,Other
TBAJ-876,39,24,333.8,9.36,Uninvolved Lung-1,Lung,Other
TBAJ-876,39,24,333.8,8.67,Uninvolved Lung-2,Lung,Other
TBAJ-876,40,24,669.8333333,0.0175,Inner Caseum-1,Caseum,Other
TBAJ-876,40,24,669.8333333,0.674,Inner Caseum-2,Caseum,Other
TBAJ-876,40,24,669.8333333,0.52,Inner Caseum-3,Caseum,Other
TBAJ-876,40,24,669.8333333,0.97,Whole Caseum,Caseum,Other
TBAJ-876,40,24,669.8333333,0.853,Outer Caseum,Caseum,Other
TBAJ-876,40,24,669.8333333,1.68,Cellular,Cellular,Other
TBAJ-876,40,24,669.8333333,0.045,Inner Caseum-1,Caseum,Other
TBAJ-876,40,24,669.8333333,0.185,Inner Caseum-2,Caseum,Other
TBAJ-876,40,24,669.8333333,0.304,Inner Caseum-3,Caseum,Other
TBAJ-876,40,24,669.8333333,0.978,Whole Caseum,Caseum,Other
TBAJ-876,40,24,669.8333333,0.875,Outer Caseum,Caseum,Other
TBAJ-876,40,24,669.8333333,2.19,Cellular,Cellular,Other
TBAJ-876,40,24,669.8333333,0.0966,Inner Caseum-1,Caseum,Other
TBAJ-876,40,24,669.8333333,0.056,Inner Caseum-2,Caseum,Other
TBAJ-876,40,24,669.8333333,0.0346,Inner Caseum-3,Caseum,Other
TBAJ-876,40,24,669.8333333,0.178,Whole Caseum,Caseum,Other
TBAJ-876,40,24,669.8333333,0.287,Outer Caseum,Caseum,Other
TBAJ-876,40,24,669.8333333,3.07,Cellular,Cellular,Other
TBAJ-876,40,24,669.8333333,3.5,Uninvolved Lung-1,Lung,Other
TBAJ-876,40,24,669.8333333,3.98,Uninvolved Lung-2,Lung,Other
TBAJ-876,40,24,669.8333333,5.21,Uninvolved Lung-1,Lung,Other
TBAJ-876,40,24,669.8333333,4.19,Uninvolved Lung-2,Lung,Other
TBAJ-876,41,24,669.0833333,0.171,Inner Caseum-1,Caseum,Other
TBAJ-876,41,24,669.0833333,0.344,Inner Caseum-2,Caseum,Other
TBAJ-876,41,24,669.0833333,0.364,Inner Caseum-3,Caseum,Other
TBAJ-876,41,24,669.0833333,1.12,Whole Caseum,Caseum,Other
TBAJ-876,41,24,669.0833333,1.44,Outer Caseum,Caseum,Other
TBAJ-876,41,24,669.0833333,1.72,Cellular,Cellular,Other
TBAJ-876,41,24,669.0833333,0.0703,Inner Caseum-1,Caseum,Other
TBAJ-876,41,24,669.0833333,0.131,Inner Caseum-2,Caseum,Other
TBAJ-876,41,24,669.0833333,3.12,Inner Caseum-3,Caseum,Other
TBAJ-876,41,24,669.0833333,0.712,Whole Caseum,Caseum,Other
TBAJ-876,41,24,669.0833333,0.7,Outer Caseum,Caseum,Other
TBAJ-876,41,24,669.0833333,7.13,Cellular,Cellular,Other
TBAJ-876,41,24,669.0833333,9.18,Uninvolved Lung-1,Lung,Other
TBAJ-876,41,24,669.0833333,9.44,Uninvolved Lung-2,Lung,Other
TBAJ-876,41,24,669.0833333,5.76,Uninvolved Lung-1,Lung,Other
TBAJ-876,41,24,669.0833333,6.64,Uninvolved Lung-2,Lung,Other
TBAJ-876,42,24,334.25,0.0258,Inner Caseum-1,Caseum,Other
TBAJ-876,42,24,334.25,0.0354,Inner Caseum-2,Caseum,Other
TBAJ-876,42,24,334.25,0.334,Inner Caseum-3,Caseum,Other
TBAJ-876,42,24,334.25,1.28,Whole Caseum,Caseum,Other
TBAJ-876,42,24,334.25,1.65,Outer Caseum,Caseum,Other
TBAJ-876,42,24,334.25,4.37,Cellular,Cellular,Other
TBAJ-876,42,24,334.25,1.87,Uninvolved Lung,Lung,Other
TBAJ-876,42,24,334.25,1.74,Whole Caseum,Caseum,Other
TBAJ-876,42,24,334.25,3.49,Uninvolved Lung-1,Lung,Other
TBAJ-876,42,24,334.25,2.89,Uninvolved Lung-2,Lung,Other
TBAJ-876,42,24,334.25,3.79,Uninvolved Lung-1,Lung,Other
TBAJ-876,42,24,334.25,3.39,Uninvolved Lung-2,Lung,Other
TBAJ-876,19,6,54,22.5,cellular,Cellular,Other
TBAJ-876,19,6,54,19.6,cellular,Cellular,Other
TBAJ-876,19,6,54,28.1,cellular,Cellular,Other
TBAJ-876,19,6,54,32.4,cellular,Cellular,Other
TBAJ-876,19,6,54,26.3,cellular,Cellular,Other
TBAJ-876,19,6,54,37.5,cellular,Cellular,Other
TBAJ-876,19,6,54,46.3,cellular,Cellular,Other
TBAJ-876,19,6,54,42.6,cellular,Cellular,Other
TBAJ-876,19,6,54,30,cellular,Cellular,Other
TBAJ-876,20,6,54,14.8,cellular,Cellular,Other
TBAJ-876,20,6,54,13.9,cellular,Cellular,Other
TBAJ-876,20,6,54,14.5,cellular,Cellular,Other
TBAJ-876,20,6,54,17.2,cellular,Cellular,Other
TBAJ-876,20,6,54,19,cellular,Cellular,Other
TBAJ-876,20,6,54,11.3,cellular,Cellular,Other
TBAJ-876,20,6,54,23.6,cellular,Cellular,Other
TBAJ-876,20,6,54,15,cellular,Cellular,Other
TBAJ-876,20,6,54,24.6,cellular,Cellular,Other
TBAJ-876,20,6,54,18.7,cellular,Cellular,Other
TBAJ-876,20,6,54,23,cellular,Cellular,Other
TBAJ-876,20,6,54,21.9,cellular,Cellular,Other
TBAJ-876,20,6,54,9.74,cellular,Cellular,Other
TBAJ-876,20,6,54,11.1,cellular,Cellular,Other
TBAJ-876,21,6,54,39.4,cellular,Cellular,Other
TBAJ-876,21,6,54,47.2,cellular,Cellular,Other
TBAJ-876,21,6,54,30.9,cellular,Cellular,Other
TBAJ-876,21,6,54,35.7,cellular,Cellular,Other
TBAJ-876,21,6,54,48.2,cellular,Cellular,Other
TBAJ-876,21,6,54,52.2,cellular,Cellular,Other
TBAJ-876,21,6,54,42.8,cellular,Cellular,Other
TBAJ-876,21,6,54,35,cellular,Cellular,Other
TBAJ-876,21,6,54,31.4,cellular,Cellular,Other
TBAJ-876,21,6,54,44.9,cellular,Cellular,Other
TBAJ-876,21,6,54,38.4,cellular,Cellular,Other
TBAJ-876,21,6,54,36.6,cellular,Cellular,Other
TBAJ-876,21,6,54,33.4,cellular,Cellular,Other
TBAJ-876,21,6,54,42.5,cellular,Cellular,Other
TBAJ-876,22,6,54,35.7,cellular,Cellular,Other
TBAJ-876,22,6,54,26.6,cellular,Cellular,Other
TBAJ-876,22,6,54,25.3,cellular,Cellular,Other
TBAJ-876,22,6,54,36.6,cellular,Cellular,Other
TBAJ-876,22,6,54,36.8,cellular,Cellular,Other
TBAJ-876,22,6,54,29,cellular,Cellular,Other
TBAJ-876,22,6,54,27.1,cellular,Cellular,Other
TBAJ-876,22,6,54,35,cellular,Cellular,Other
TBAJ-876,22,6,54,38.1,cellular,Cellular,Other
TBAJ-876,22,6,54,26,cellular,Cellular,Other
TBAJ-876,22,6,54,25,cellular,Cellular,Other
TBAJ-876,22,6,54,28.2,cellular,Cellular,Other
TBAJ-876,22,6,54,34.2,cellular,Cellular,Other
TBAJ-876,23,6,54,20.3,cellular,Cellular,Other
TBAJ-876,23,6,54,26.2,cellular,Cellular,Other
TBAJ-876,23,6,54,33.7,cellular,Cellular,Other
TBAJ-876,23,6,54,31.9,cellular,Cellular,Other
TBAJ-876,23,6,54,35.5,cellular,Cellular,Other
TBAJ-876,23,6,54,36.7,cellular,Cellular,Other
TBAJ-876,23,6,54,26.3,cellular,Cellular,Other
TBAJ-876,23,6,54,15.2,cellular,Cellular,Other
TBAJ-876,23,6,54,30.2,cellular,Cellular,Other
TBAJ-876,23,6,54,26.2,cellular,Cellular,Other
TBAJ-876,23,6,54,31,cellular,Cellular,Other
TBAJ-876,23,6,54,30.7,cellular,Cellular,Other
TBAJ-876,12,24,48,11,cellular,Cellular,Other
TBAJ-876,12,24,48,11.8,cellular,Cellular,Other
TBAJ-876,12,24,48,10.4,cellular,Cellular,Other
TBAJ-876,12,24,48,10.8,cellular,Cellular,Other
TBAJ-876,12,24,48,9.25,cellular,Cellular,Other
TBAJ-876,12,24,48,15.3,cellular,Cellular,Other
TBAJ-876,12,24,48,9.04,cellular,Cellular,Other
TBAJ-876,12,24,48,13.9,cellular,Cellular,Other
TBAJ-876,12,24,48,16.1,cellular,Cellular,Other
TBAJ-876,12,24,48,11.6,cellular,Cellular,Other
TBAJ-876,12,24,48,14.5,cellular,Cellular,Other
TBAJ-876,12,24,48,9.04,cellular,Cellular,Other
TBAJ-876,12,24,48,12,cellular,Cellular,Other
TBAJ-876,12,24,48,11.7,cellular,Cellular,Other
TBAJ-876,13,24,48,14,cellular,Cellular,Other
TBAJ-876,13,24,48,10.8,cellular,Cellular,Other
TBAJ-876,13,24,48,13.1,cellular,Cellular,Other
TBAJ-876,13,24,48,23.1,cellular,Cellular,Other
TBAJ-876,13,24,48,21.9,cellular,Cellular,Other
TBAJ-876,13,24,48,15.8,cellular,Cellular,Other
TBAJ-876,13,24,48,16.4,cellular,Cellular,Other
TBAJ-876,13,24,48,16.4,cellular,Cellular,Other
TBAJ-876,14,24,72,21.1,cellular,Cellular,Other
TBAJ-876,14,24,72,15.2,cellular,Cellular,Other
TBAJ-876,14,24,72,46,cellular,Cellular,Other
TBAJ-876,14,24,72,34,cellular,Cellular,Other
TBAJ-876,14,24,72,25.8,cellular,Cellular,Other
TBAJ-876,14,24,72,24.5,cellular,Cellular,Other
TBAJ-876,14,24,72,35.7,cellular,Cellular,Other
TBAJ-876,14,24,72,22.8,cellular,Cellular,Other
TBAJ-876,14,24,72,39.8,cellular,Cellular,Other
TBAJ-876,14,24,72,18.2,cellular,Cellular,Other
TBAJ-876,14,24,72,17,cellular,Cellular,Other
TBAJ-876,14,24,72,18.6,cellular,Cellular,Other
TBAJ-876,14,24,72,35.2,cellular,Cellular,Other
TBAJ-876,14,24,72,48.2,cellular,Cellular,Other
TBAJ-876,15,24,72,12.9,cellular,Cellular,Other
TBAJ-876,15,24,72,12.8,cellular,Cellular,Other
TBAJ-876,15,24,72,11.3,cellular,Cellular,Other
TBAJ-876,15,24,72,19.9,cellular,Cellular,Other
TBAJ-876,15,24,72,13.4,cellular,Cellular,Other
TBAJ-876,15,24,72,15.9,cellular,Cellular,Other
TBAJ-876,15,24,72,18.5,cellular,Cellular,Other
TBAJ-876,15,24,72,16.5,cellular,Cellular,Other
TBAJ-876,15,24,72,17.2,cellular,Cellular,Other
TBAJ-876,15,24,72,14.2,cellular,Cellular,Other
TBAJ-876,15,24,72,11.6,cellular,Cellular,Other
TBAJ-876,15,24,72,14.5,cellular,Cellular,Other
TBAJ-876,15,24,72,19.3,cellular,Cellular,Other
TBAJ-876,15,24,72,19.7,cellular,Cellular,Other
TBAJ-876,24,48,96,9.3,cellular,Cellular,Other
TBAJ-876,24,48,96,5.88,cellular,Cellular,Other
TBAJ-876,24,48,96,16,cellular,Cellular,Other
TBAJ-876,24,48,96,18.4,cellular,Cellular,Other
TBAJ-876,24,48,96,5.08,cellular,Cellular,Other
TBAJ-876,25,48,96,5.63,cellular,Cellular,Other
TBAJ-876,25,48,96,5.22,cellular,Cellular,Other
TBAJ-876,25,48,96,3.31,cellular,Cellular,Other
TBAJ-876,25,48,96,8.25,cellular,Cellular,Other
TBAJ-876,25,48,96,7.11,cellular,Cellular,Other
TBAJ-876,25,48,96,10.3,cellular,Cellular,Other
TBAJ-876,25,48,96,7.59,cellular,Cellular,Other
TBAJ-876,25,48,96,5.92,cellular,Cellular,Other
TBAJ-876,25,48,96,7.26,cellular,Cellular,Other
TBAJ-876,25,48,96,7.23,cellular,Cellular,Other
TBAJ-876,25,48,96,8.38,cellular,Cellular,Other
TBAJ-876,18,48,96,17.1,cellular,Cellular,Other
TBAJ-876,18,48,96,8.44,cellular,Cellular,Other
TBAJ-876,18,48,96,15.5,cellular,Cellular,Other
TBAJ-876,18,48,96,20.5,cellular,Cellular,Other
TBAJ-876,18,48,96,15.4,cellular,Cellular,Other
TBAJ-876,18,48,96,15.2,cellular,Cellular,Other
TBAJ-876,18,48,96,14.9,cellular,Cellular,Other
TBAJ-876,18,48,96,16.6,cellular,Cellular,Other
TBAJ-876,18,48,96,21.2,cellular,Cellular,Other
TBAJ-876,18,48,96,19.7,cellular,Cellular,Other
TBAJ-876,18,48,96,17.7,cellular,Cellular,Other
TBAJ-876,16,72,120,1.84,cellular,Cellular,Other
TBAJ-876,16,72,120,3.22,cellular,Cellular,Other
TBAJ-876,16,72,120,2.81,cellular,Cellular,Other
TBAJ-876,16,72,120,2.5,cellular,Cellular,Other
TBAJ-876,16,72,120,2.21,cellular,Cellular,Other
TBAJ-876,16,72,120,2.35,cellular,Cellular,Other
TBAJ-876,16,72,120,2.59,cellular,Cellular,Other
TBAJ-876,16,72,120,2.26,cellular,Cellular,Other
TBAJ-876,16,72,120,1.91,cellular,Cellular,Other
TBAJ-876,16,72,120,2.15,cellular,Cellular,Other
TBAJ-876,16,72,120,2.18,cellular,Cellular,Other
TBAJ-876,16,72,120,1.91,cellular,Cellular,Other
TBAJ-876,16,72,120,1.85,cellular,Cellular,Other
TBAJ-876,16,72,120,1.64,cellular,Cellular,Other
TBAJ-876,17,72,120,3.05,cellular,Cellular,Other
TBAJ-876,17,72,120,3.64,cellular,Cellular,Other
TBAJ-876,17,72,120,4.16,cellular,Cellular,Other
TBAJ-876,17,72,120,4.32,cellular,Cellular,Other
TBAJ-876,17,72,120,4.17,cellular,Cellular,Other
TBAJ-876,17,72,120,5.07,cellular,Cellular,Other
TBAJ-876,17,72,120,3.99,cellular,Cellular,Other
TBAJ-876,17,72,120,4.45,cellular,Cellular,Other
TBAJ-876,17,72,120,3.58,cellular,Cellular,Other
TBAJ-876,17,72,120,3.94,cellular,Cellular,Other
TBAJ-876,17,72,120,5.43,cellular,Cellular,Other
TBAJ-876,17,72,120,4.07,cellular,Cellular,Other
TBAJ-876,17,72,120,4.42,cellular,Cellular,Other
TBAJ-876,17,72,120,3.99,cellular,Cellular,Other
TBAJ-876,19,6,54,20,normal,Lung,Other
TBAJ-876,19,6,54,23.5,normal,Lung,Other
TBAJ-876,19,6,54,29,normal,Lung,Other
TBAJ-876,19,6,54,50.6,normal,Lung,Other
TBAJ-876,19,6,54,30.6,normal,Lung,Other
TBAJ-876,19,6,54,24.2,normal,Lung,Other
TBAJ-876,20,6,54,12,normal,Lung,Other
TBAJ-876,20,6,54,17.8,normal,Lung,Other
TBAJ-876,20,6,54,17.4,normal,Lung,Other
TBAJ-876,20,6,54,17,normal,Lung,Other
TBAJ-876,20,6,54,19.3,normal,Lung,Other
TBAJ-876,20,6,54,13.6,normal,Lung,Other
TBAJ-876,21,6,54,14.1,normal,Lung,Other
TBAJ-876,21,6,54,32.7,normal,Lung,Other
TBAJ-876,21,6,54,26.5,normal,Lung,Other
TBAJ-876,21,6,54,37,normal,Lung,Other
TBAJ-876,21,6,54,35.5,normal,Lung,Other
TBAJ-876,21,6,54,9.7,normal,Lung,Other
TBAJ-876,22,6,54,15.2,normal,Lung,Other
TBAJ-876,22,6,54,41,normal,Lung,Other
TBAJ-876,22,6,54,22.4,normal,Lung,Other
TBAJ-876,22,6,54,47,normal,Lung,Other
TBAJ-876,22,6,54,15.9,normal,Lung,Other
TBAJ-876,22,6,54,10.2,normal,Lung,Other
TBAJ-876,23,6,54,17.6,normal,Lung,Other
TBAJ-876,23,6,54,42.1,normal,Lung,Other
TBAJ-876,23,6,54,19.8,normal,Lung,Other
TBAJ-876,23,6,54,52.2,normal,Lung,Other
TBAJ-876,23,6,54,24.3,normal,Lung,Other
TBAJ-876,23,6,54,13.4,normal,Lung,Other
TBAJ-876,12,24,48,4.04,normal,Lung,Other
TBAJ-876,12,24,48,11.9,normal,Lung,Other
TBAJ-876,12,24,48,6.83,normal,Lung,Other
TBAJ-876,12,24,48,20.3,normal,Lung,Other
TBAJ-876,12,24,48,5.73,normal,Lung,Other
TBAJ-876,12,24,48,4.85,normal,Lung,Other
TBAJ-876,13,24,48,7.13,normal,Lung,Other
TBAJ-876,13,24,48,9.8,normal,Lung,Other
TBAJ-876,13,24,48,5.58,normal,Lung,Other
TBAJ-876,13,24,48,14.6,normal,Lung,Other
TBAJ-876,13,24,48,7.95,normal,Lung,Other
TBAJ-876,13,24,48,6.6,normal,Lung,Other
TBAJ-876,14,24,72,6.24,normal,Lung,Other
TBAJ-876,14,24,72,20.8,normal,Lung,Other
TBAJ-876,14,24,72,8.88,normal,Lung,Other
TBAJ-876,14,24,72,17.8,normal,Lung,Other
TBAJ-876,14,24,72,8.24,normal,Lung,Other
TBAJ-876,14,24,72,7.97,normal,Lung,Other
TBAJ-876,15,24,72,6.15,normal,Lung,Other
TBAJ-876,15,24,72,13.9,normal,Lung,Other
TBAJ-876,15,24,72,8.4,normal,Lung,Other
TBAJ-876,15,24,72,10.7,normal,Lung,Other
TBAJ-876,15,24,72,10.2,normal,Lung,Other
TBAJ-876,15,24,72,10.4,normal,Lung,Other
TBAJ-876,24,48,96,3.73,normal,Lung,Other
TBAJ-876,24,48,96,5.8,normal,Lung,Other
TBAJ-876,24,48,96,5.1,normal,Lung,Other
TBAJ-876,24,48,96,6.88,normal,Lung,Other
TBAJ-876,24,48,96,5.48,normal,Lung,Other
TBAJ-876,24,48,96,3.24,normal,Lung,Other
TBAJ-876,25,48,96,3.09,normal,Lung,Other
TBAJ-876,25,48,96,3.83,normal,Lung,Other
TBAJ-876,25,48,96,3.93,normal,Lung,Other
TBAJ-876,25,48,96,6.85,normal,Lung,Other
TBAJ-876,25,48,96,6.63,normal,Lung,Other
TBAJ-876,25,48,96,3.1,normal,Lung,Other
TBAJ-876,18,48,96,5.2,normal,Lung,Other
TBAJ-876,18,48,96,10.9,normal,Lung,Other
TBAJ-876,18,48,96,3.94,normal,Lung,Other
TBAJ-876,18,48,96,6.29,normal,Lung,Other
TBAJ-876,18,48,96,11.3,normal,Lung,Other
TBAJ-876,18,48,96,4.28,normal,Lung,Other
TBAJ-876,16,72,120,1.07,normal,Lung,Other
TBAJ-876,16,72,120,1.6,normal,Lung,Other
TBAJ-876,16,72,120,1.1,normal,Lung,Other
TBAJ-876,16,72,120,2.58,normal,Lung,Other
TBAJ-876,16,72,120,2.14,normal,Lung,Other
TBAJ-876,16,72,120,0.915,normal,Lung,Other
TBAJ-876,17,72,120,2.72,normal,Lung,Other
TBAJ-876,17,72,120,4.04,normal,Lung,Other
TBAJ-876,17,72,120,3.14,normal,Lung,Other
TBAJ-876,17,72,120,4.75,normal,Lung,Other
TBAJ-876,17,72,120,3.97,normal,Lung,Other
TBAJ-876,17,72,120,3.28,normal,Lung,Other
TBAJ-876,26,24,336,1.75,cellular,Cellular,Other
TBAJ-876,26,24,336,1.42,cellular,Cellular,Other
TBAJ-876,26,24,336,1.04,cellular,Cellular,Other
TBAJ-876,26,24,336,0.853,cellular,Cellular,Other
TBAJ-876,26,24,336,1.49,cellular,Cellular,Other
TBAJ-876,26,24,336,1.53,cellular,Cellular,Other
TBAJ-876,26,24,336,1.31,cellular,Cellular,Other
TBAJ-876,26,24,336,0.796,cellular,Cellular,Other
TBAJ-876,26,24,336,2.18,cellular,Cellular,Other
TBAJ-876,26,24,336,1.37,cellular,Cellular,Other
TBAJ-876,26,24,336,1.21,cellular,Cellular,Other
TBAJ-876,26,24,336,1.1,cellular,Cellular,Other
TBAJ-876,26,24,336,0.763,cellular,Cellular,Other
TBAJ-876,26,24,336,1.56,cellular,Cellular,Other
TBAJ-876,27,24,336,1.8,cellular,Cellular,Other
TBAJ-876,27,24,336,2.48,cellular,Cellular,Other
TBAJ-876,27,24,336,3.58,cellular,Cellular,Other
TBAJ-876,27,24,336,3.07,cellular,Cellular,Other
TBAJ-876,27,24,336,3.1,cellular,Cellular,Other
TBAJ-876,27,24,336,2.92,cellular,Cellular,Other
TBAJ-876,27,24,336,2.67,cellular,Cellular,Other
TBAJ-876,27,24,336,3.12,cellular,Cellular,Other
TBAJ-876,30,24,336,2.28,cellular,Cellular,Other
TBAJ-876,30,24,336,1.91,cellular,Cellular,Other
TBAJ-876,30,24,336,0.894,cellular,Cellular,Other
TBAJ-876,30,24,336,1.77,cellular,Cellular,Other
TBAJ-876,30,24,336,2.12,cellular,Cellular,Other
TBAJ-876,30,24,336,1.89,cellular,Cellular,Other
TBAJ-876,30,24,336,1.86,cellular,Cellular,Other
TBAJ-876,30,24,336,1.79,cellular,Cellular,Other
TBAJ-876,30,24,336,1.34,cellular,Cellular,Other
TBAJ-876,30,24,336,1.34,cellular,Cellular,Other
TBAJ-876,30,24,336,1.06,cellular,Cellular,Other
TBAJ-876,28,24,672,0.78,cellular,Cellular,Other
TBAJ-876,28,24,672,1.21,cellular,Cellular,Other
TBAJ-876,28,24,672,0.819,cellular,Cellular,Other
TBAJ-876,28,24,672,1.62,cellular,Cellular,Other
TBAJ-876,28,24,672,0.384,cellular,Cellular,Other
TBAJ-876,28,24,672,1.41,cellular,Cellular,Other
TBAJ-876,28,24,672,1.07,cellular,Cellular,Other
TBAJ-876,28,24,672,0.864,cellular,Cellular,Other
TBAJ-876,28,24,672,0.713,cellular,Cellular,Other
TBAJ-876,29,24,672,0.64,cellular,Cellular,Other
TBAJ-876,29,24,672,0.571,cellular,Cellular,Other
TBAJ-876,29,24,672,0.887,cellular,Cellular,Other
TBAJ-876,29,24,672,0.701,cellular,Cellular,Other
TBAJ-876,29,24,672,1.09,cellular,Cellular,Other
TBAJ-876,29,24,672,1.48,cellular,Cellular,Other
TBAJ-876,29,24,672,1.07,cellular,Cellular,Other
TBAJ-876,29,24,672,0.94,cellular,Cellular,Other
TBAJ-876,29,24,672,0.859,cellular,Cellular,Other
TBAJ-876,29,24,672,0.854,cellular,Cellular,Other
TBAJ-876,29,24,672,1.19,cellular,Cellular,Other
TBAJ-876,29,24,672,0.543,cellular,Cellular,Other
TBAJ-876,29,24,672,0.719,cellular,Cellular,Other
TBAJ-876,29,24,672,0.636,cellular,Cellular,Other
TBAJ-876,34,24,672,1.3,cellular,Cellular,Other
TBAJ-876,34,24,672,1.78,cellular,Cellular,Other
TBAJ-876,34,24,672,1.82,cellular,Cellular,Other
TBAJ-876,34,24,672,1.15,cellular,Cellular,Other
TBAJ-876,34,24,672,1.22,cellular,Cellular,Other
TBAJ-876,34,24,672,2.26,cellular,Cellular,Other
TBAJ-876,34,24,672,1.63,cellular,Cellular,Other
TBAJ-876,34,24,672,1.72,cellular,Cellular,Other
TBAJ-876,31,24,336,0.99,cellular,Cellular,Other
TBAJ-876,31,24,336,1.15,cellular,Cellular,Other
TBAJ-876,31,24,336,0.885,cellular,Cellular,Other
TBAJ-876,31,24,336,1.07,cellular,Cellular,Other
TBAJ-876,31,24,336,2.05,cellular,Cellular,Other
TBAJ-876,31,24,336,0.692,cellular,Cellular,Other
TBAJ-876,31,24,336,1.42,cellular,Cellular,Other
TBAJ-876,31,24,336,1.02,cellular,Cellular,Other
TBAJ-876,32,24,336,0.487,cellular,Cellular,Other
TBAJ-876,32,24,336,0.405,cellular,Cellular,Other
TBAJ-876,32,24,336,0.63,cellular,Cellular,Other
TBAJ-876,32,24,336,0.531,cellular,Cellular,Other
TBAJ-876,32,24,336,0.939,cellular,Cellular,Other
TBAJ-876,32,24,336,0.742,cellular,Cellular,Other
TBAJ-876,32,24,336,1.2,cellular,Cellular,Other
TBAJ-876,32,24,336,0.905,cellular,Cellular,Other
TBAJ-876,32,24,336,0.536,cellular,Cellular,Other
TBAJ-876,32,24,336,0.558,cellular,Cellular,Other
TBAJ-876,32,24,336,0.407,cellular,Cellular,Other
TBAJ-876,32,24,336,0.514,cellular,Cellular,Other
TBAJ-876,32,24,336,0.748,cellular,Cellular,Other
TBAJ-876,32,24,336,0.554,cellular,Cellular,Other
TBAJ-876,33,24,336,5.3,cellular,Cellular,Other
TBAJ-876,33,24,336,3.25,cellular,Cellular,Other
TBAJ-876,33,24,336,2.47,cellular,Cellular,Other
TBAJ-876,33,24,336,2.09,cellular,Cellular,Other
TBAJ-876,33,24,336,3.77,cellular,Cellular,Other
TBAJ-876,33,24,336,4.76,cellular,Cellular,Other
TBAJ-876,33,24,336,3.39,cellular,Cellular,Other
TBAJ-876,33,24,336,3.85,cellular,Cellular,Other
TBAJ-876,33,24,336,4.13,cellular,Cellular,Other
TBAJ-876,33,24,336,2.63,cellular,Cellular,Other
TBAJ-876,33,24,336,2.33,cellular,Cellular,Other
TBAJ-876,33,24,336,5.25,cellular,Cellular,Other
TBAJ-876,33,24,336,2.95,cellular,Cellular,Other
TBAJ-876,33,24,336,3.7,cellular,Cellular,Other
TBAJ-876,35,24,672,1.96,cellular,Cellular,Other
TBAJ-876,35,24,672,2.67,cellular,Cellular,Other
TBAJ-876,35,24,672,1.8,cellular,Cellular,Other
TBAJ-876,35,24,672,1.47,cellular,Cellular,Other
TBAJ-876,35,24,672,1.29,cellular,Cellular,Other
TBAJ-876,35,24,672,3.25,cellular,Cellular,Other
TBAJ-876,35,24,672,3.8,cellular,Cellular,Other
TBAJ-876,35,24,672,2.71,cellular,Cellular,Other
TBAJ-876,35,24,672,2.63,cellular,Cellular,Other
TBAJ-876,35,24,672,2.17,cellular,Cellular,Other
TBAJ-876,35,24,672,2.11,cellular,Cellular,Other
TBAJ-876,35,24,672,1.85,cellular,Cellular,Other
TBAJ-876,36,24,672,1.74,cellular,Cellular,Other
TBAJ-876,36,24,672,2.27,cellular,Cellular,Other
TBAJ-876,36,24,672,2.42,cellular,Cellular,Other
TBAJ-876,36,24,672,2.29,cellular,Cellular,Other
TBAJ-876,36,24,672,1.85,cellular,Cellular,Other
TBAJ-876,36,24,672,2.57,cellular,Cellular,Other
TBAJ-876,36,24,672,2.96,cellular,Cellular,Other
TBAJ-876,36,24,672,2.74,cellular,Cellular,Other
TBAJ-876,36,24,672,2.01,cellular,Cellular,Other
TBAJ-876,36,24,672,2.11,cellular,Cellular,Other
TBAJ-876,36,24,672,2.06,cellular,Cellular,Other
TBAJ-876,36,24,672,2.13,cellular,Cellular,Other
TBAJ-876,36,24,672,2.19,cellular,Cellular,Other
TBAJ-876,36,24,672,0.617,cellular,Cellular,Other
TBAJ-876,36,24,672,2,cellular,Cellular,Other
TBAJ-876,37,24,672,2.35,cellular,Cellular,Other
TBAJ-876,37,24,672,2.83,cellular,Cellular,Other
TBAJ-876,37,24,672,1.73,cellular,Cellular,Other
TBAJ-876,37,24,672,2.22,cellular,Cellular,Other
TBAJ-876,37,24,672,3.08,cellular,Cellular,Other
TBAJ-876,26,24,336,0.49,normal,Lung,Other
TBAJ-876,26,24,336,1.05,normal,Lung,Other
TBAJ-876,26,24,336,0.591,normal,Lung,Other
TBAJ-876,26,24,336,1.16,normal,Lung,Other
TBAJ-876,26,24,336,0.878,normal,Lung,Other
TBAJ-876,26,24,336,0.84,normal,Lung,Other
TBAJ-876,27,24,336,0.981,normal,Lung,Other
TBAJ-876,27,24,336,1.72,normal,Lung,Other
TBAJ-876,27,24,336,1.54,normal,Lung,Other
TBAJ-876,27,24,336,3.08,normal,Lung,Other
TBAJ-876,27,24,336,2.13,normal,Lung,Other
TBAJ-876,27,24,336,1.69,normal,Lung,Other
TBAJ-876,30,24,336,0.692,normal,Lung,Other
TBAJ-876,30,24,336,0.808,normal,Lung,Other
TBAJ-876,30,24,336,0.889,normal,Lung,Other
TBAJ-876,30,24,336,0.77,normal,Lung,Other
TBAJ-876,30,24,336,0.728,normal,Lung,Other
TBAJ-876,30,24,336,0.507,normal,Lung,Other
TBAJ-876,28,24,672,0.692,normal,Lung,Other
TBAJ-876,28,24,672,0.831,normal,Lung,Other
TBAJ-876,28,24,672,0.713,normal,Lung,Other
TBAJ-876,28,24,672,1.24,normal,Lung,Other
TBAJ-876,28,24,672,0.665,normal,Lung,Other
TBAJ-876,28,24,672,0.27,normal,Lung,Other
TBAJ-876,29,24,672,0.405,normal,Lung,Other
TBAJ-876,29,24,672,0.737,normal,Lung,Other
TBAJ-876,29,24,672,0.442,normal,Lung,Other
TBAJ-876,29,24,672,0.642,normal,Lung,Other
TBAJ-876,29,24,672,0.681,normal,Lung,Other
TBAJ-876,29,24,672,0.698,normal,Lung,Other
TBAJ-876,34,24,672,0.682,normal,Lung,Other
TBAJ-876,34,24,672,1.01,normal,Lung,Other
TBAJ-876,34,24,672,0.7,normal,Lung,Other
TBAJ-876,34,24,672,1.46,normal,Lung,Other
TBAJ-876,34,24,672,1.32,normal,Lung,Other
TBAJ-876,34,24,672,0.661,normal,Lung,Other
TBAJ-876,31,24,336,0.409,normal,Lung,Other
TBAJ-876,31,24,336,0.688,normal,Lung,Other
TBAJ-876,31,24,336,0.644,normal,Lung,Other
TBAJ-876,31,24,336,0.991,normal,Lung,Other
TBAJ-876,31,24,336,0.681,normal,Lung,Other
TBAJ-876,31,24,336,0.283,normal,Lung,Other
TBAJ-876,32,24,336,0.252,normal,Lung,Other
TBAJ-876,32,24,336,0.704,normal,Lung,Other
TBAJ-876,32,24,336,0.35,normal,Lung,Other
TBAJ-876,32,24,336,0.464,normal,Lung,Other
TBAJ-876,32,24,336,0.281,normal,Lung,Other
TBAJ-876,32,24,336,0.263,normal,Lung,Other
TBAJ-876,33,24,336,1.24,normal,Lung,Other
TBAJ-876,33,24,336,2.42,normal,Lung,Other
TBAJ-876,33,24,336,0.926,normal,Lung,Other
TBAJ-876,33,24,336,3.34,normal,Lung,Other
TBAJ-876,33,24,336,3.88,normal,Lung,Other
TBAJ-876,33,24,336,1.13,normal,Lung,Other
TBAJ-876,35,24,672,1.01,normal,Lung,Other
TBAJ-876,35,24,672,2.06,normal,Lung,Other
TBAJ-876,35,24,672,0.956,normal,Lung,Other
TBAJ-876,35,24,672,1.28,normal,Lung,Other
TBAJ-876,35,24,672,2.15,normal,Lung,Other
TBAJ-876,35,24,672,0.911,normal,Lung,Other
TBAJ-876,36,24,672,0.872,normal,Lung,Other
TBAJ-876,36,24,672,2.09,normal,Lung,Other
TBAJ-876,36,24,672,2.13,normal,Lung,Other
TBAJ-876,36,24,672,1.66,normal,Lung,Other
TBAJ-876,36,24,672,1.26,normal,Lung,Other
TBAJ-876,37,24,672,1.3,normal,Lung,Other
TBAJ-876,37,24,672,5.75,normal,Lung,Other
TBAJ-876,37,24,672,1.99,normal,Lung,Other
TBAJ-876,37,24,672,5.34,normal,Lung,Other
TBAJ-876,37,24,672,2.25,normal,Lung,Other
TBAJ-876,37,24,672,1.57,normal,Lung,Other
TBAJ-876,38,24,334.75,3.59,normal,Lung,Other
TBAJ-876,38,24,334.75,2.57,normal,Lung,Other
TBAJ-876,38,24,334.75,1.09,caseum,Caseum,Other
TBAJ-876,38,24,334.75,0.337,caseum,Caseum,Other
TBAJ-876,38,24,334.75,0.277,caseum,Caseum,Other
TBAJ-876,38,24,334.75,10.5,cellular,Cellular,Other
TBAJ-876,38,24,334.75,11.9,cellular,Cellular,Other
TBAJ-876,38,24,334.75,11.6,cellular,Cellular,Other
TBAJ-876,38,24,334.75,12.6,cellular,Cellular,Other
TBAJ-876,39,24,333.8,21.1,normal,Lung,Other
TBAJ-876,39,24,333.8,28.4,normal,Lung,Other
TBAJ-876,39,24,333.8,0.275,caseum,Caseum,Other
TBAJ-876,39,24,333.8,14.8,cellular,Cellular,Other
TBAJ-876,39,24,333.8,8.93,cellular,Cellular,Other
TBAJ-876,39,24,333.8,9.43,cellular,Cellular,Other
TBAJ-876,39,24,333.8,19.9,cellular,Cellular,Other
TBAJ-876,39,24,333.8,19.2,cellular,Cellular,Other
TBAJ-876,42,24,334.25,0.0999,caseum,Caseum,Other
TBAJ-876,42,24,334.25,6.35,normal,Lung,Other
TBAJ-876,42,24,334.25,6.81,normal,Lung,Other
TBAJ-876,42,24,334.25,0.609,caseum,Caseum,Other
TBAJ-876,42,24,334.25,11.2,cellular,Cellular,Other
TBAJ-876,42,24,334.25,11.2,cellular,Cellular,Other
TBAJ-876,40,24,669.8333333,7.91,normal,Lung,Other
TBAJ-876,40,24,669.8333333,7.43,normal,Lung,Other
TBAJ-876,40,24,669.8333333,1.33,caseum,Caseum,Other
TBAJ-876,40,24,669.8333333,1.32,caseum,Caseum,Other
TBAJ-876,40,24,669.8333333,1.3,caseum,Caseum,Other
TBAJ-876,40,24,669.8333333,31.7,cellular,Cellular,Other
TBAJ-876,40,24,669.8333333,10.2,cellular,Cellular,Other
TBAJ-876,40,24,669.8333333,5.24,cellular,Cellular,Other
TBAJ-876,40,24,669.8333333,3.34,cellular,Cellular,Other
TBAJ-876,41,24,669.0833333,16.3,normal,Lung,Other
TBAJ-876,41,24,669.0833333,11.4,normal,Lung,Other
TBAJ-876,41,24,669.0833333,0.373,caseum,Caseum,Other
TBAJ-876,41,24,669.0833333,0.527,caseum,Caseum,Other
TBAJ-876,41,24,669.0833333,12.8,cellular,Cellular,Other
TBAJ-876,41,24,669.0833333,15.3,cellular,Cellular,Other
TBAJ-876-M3,12,24,48,0.0096,Inner Caseum,Caseum,Other
TBAJ-876-M3,12,24,48,0.0552,Liquid Caseum,Caseum,Other
TBAJ-876-M3,12,24,48,1.21,Outer Caseum,Caseum,Other
TBAJ-876-M3,12,24,48,11.3,Inner Cellular,Cellular,Other
TBAJ-876-M3,12,24,48,29,Outer Cellular,Cellular,Other
TBAJ-876-M3,12,24,48,76.4,Uninvolved,Lung,Other
TBAJ-876-M3,12,24,48,0.0514,Inner Caseum,Caseum,Other
TBAJ-876-M3,12,24,48,2.36,Outer Caseum,Caseum,Other
TBAJ-876-M3,12,24,48,13.8,Cellular,Cellular,Other
TBAJ-876-M3,12,24,48,63.2,Uninvolved,Lung,Other
TBAJ-876-M3,12,24,48,0.037,Inner Caseum,Caseum,Other
TBAJ-876-M3,12,24,48,0.734,Outer Caseum,Caseum,Other
TBAJ-876-M3,12,24,48,15.2,Cellular,Cellular,Other
TBAJ-876-M3,12,24,48,63.6,Uninvolved,Lung,Other
TBAJ-876-M3,13,24,48,0.0174,Inner Caseum,Caseum,Other
TBAJ-876-M3,13,24,48,0.00267,Inner Caseum -2,Caseum,Other
TBAJ-876-M3,13,24,48,0.00379,Inner Caseum -3,Caseum,Other
TBAJ-876-M3,13,24,48,0.122,Outer Caseum,Caseum,Other
TBAJ-876-M3,13,24,48,0.163,Outer Caseum,Caseum,Other
TBAJ-876-M3,13,24,48,9.34,Inner Cellular,Cellular,Other
TBAJ-876-M3,13,24,48,70.3,Outer Cellular,Cellular,Other
TBAJ-876-M3,13,24,48,2.15,Inner Cellular,Cellular,Other
TBAJ-876-M3,13,24,48,20.2,Outer Cellular,Cellular,Other
TBAJ-876-M3,13,24,48,48.1,Uninvolved,Lung,Other
TBAJ-876-M3,13,24,48,41.4,Uninvolved ,Lung,Other
TBAJ-876-M3,13,24,48,0.035,Inner Caseum,Caseum,Other
TBAJ-876-M3,13,24,48,0.612,Outer Caseum,Caseum,Other
TBAJ-876-M3,13,24,48,22.8,Inner Cellular,Cellular,Other
TBAJ-876-M3,13,24,48,73.4,Outer Cellular,Cellular,Other
TBAJ-876-M3,13,24,48,43.4,Uninvolved,Lung,Other
TBAJ-876-M3,13,24,48,0.47,Outer Caseum,Caseum,Other
TBAJ-876-M3,13,24,48,26.3,Cellular,Cellular,Other
TBAJ-876-M3,13,24,48,51.4,Uninvolved,Lung,Other
TBAJ-876-M3,13,24,48,0.348,Outer Caseum,Caseum,Other
TBAJ-876-M3,13,24,48,8.52,Inner Cellular,Cellular,Other
TBAJ-876-M3,13,24,48,61.5,Outer Cellular,Cellular,Other
TBAJ-876-M3,13,24,48,44,Uninvolved,Lung,Other
TBAJ-876-M3,14,24,72,0.0366,Inner Caseum,Caseum,Other
TBAJ-876-M3,14,24,72,0.00303,Inner Caseum -1,Caseum,Other
TBAJ-876-M3,14,24,72,0.0175,Inner Caseum -2,Caseum,Other
TBAJ-876-M3,14,24,72,0.0924,Inner Caseum -3,Caseum,Other
TBAJ-876-M3,14,24,72,1.14,Outer Caseum,Caseum,Other
TBAJ-876-M3,14,24,72,1.14,Outer Caseum,Caseum,Other
TBAJ-876-M3,14,24,72,78.2,Cellular,Cellular,Other
TBAJ-876-M3,14,24,72,9.9,Inner Cellular,Cellular,Other
TBAJ-876-M3,14,24,72,97.9,Outer Cellular,Cellular,Other
TBAJ-876-M3,14,24,72,64.6,Uninvolved,Lung,Other
TBAJ-876-M3,14,24,72,38.1,Uninvolved ,Lung,Other
TBAJ-876-M3,15,24,72,0.0901,Inner Caseum,Caseum,Other
TBAJ-876-M3,15,24,72,1.82,Outer Caseum,Caseum,Other
TBAJ-876-M3,15,24,72,2.73,Inner Cellular,Cellular,Other
TBAJ-876-M3,15,24,72,50.1,Outer Cellular,Cellular,Other
TBAJ-876-M3,15,24,72,55.6,Uninvolved,Lung,Other
TBAJ-876-M3,15,24,72,0.0249,Inner Caseum,Caseum,Other
TBAJ-876-M3,15,24,72,1.04,Outer Caseum,Caseum,Other
TBAJ-876-M3,15,24,72,7.25,Inner Cellular,Cellular,Other
TBAJ-876-M3,15,24,72,69.7,Outer Cellular,Cellular,Other
TBAJ-876-M3,15,24,72,56.6,Uninvolved,Lung,Other
TBAJ-876-M3,15,24,72,1.19,Inner Caseum,Caseum,Other
TBAJ-876-M3,15,24,72,0.746,Outer Caseum,Caseum,Other
TBAJ-876-M3,15,24,72,5.75,Inner Cellular,Cellular,Other
TBAJ-876-M3,15,24,72,52.5,Outer Cellular,Cellular,Other
TBAJ-876-M3,15,24,72,66.4,Uninvolved,Lung,Other
TBAJ-876-M3,15,24,72,0.026,Inner Caseum,Caseum,Other
TBAJ-876-M3,15,24,72,0.0301,Inner Caseum -2,Caseum,Other
TBAJ-876-M3,15,24,72,0.107,Inner Caseum -3,Caseum,Other
TBAJ-876-M3,15,24,72,1.16,Outer Caseum,Caseum,Other
TBAJ-876-M3,15,24,72,1.69,Outer Caseum,Caseum,Other
TBAJ-876-M3,15,24,72,71.8,Cellular,Cellular,Other
TBAJ-876-M3,15,24,72,53.8,Cellular,Cellular,Other
TBAJ-876-M3,15,24,72,130,Uninvolved,Lung,Other
TBAJ-876-M3,15,24,72,90.2,Uninvolved ,Lung,Other
TBAJ-876-M3,16,72,120,0.604,Inner Caseum,Caseum,Other
TBAJ-876-M3,16,72,120,8.87,Outer Caseum,Caseum,Other
TBAJ-876-M3,16,72,120,23,Inner Cellular,Cellular,Other
TBAJ-876-M3,16,72,120,58.9,Outer Cellular,Cellular,Other
TBAJ-876-M3,16,72,120,30.1,Uninvolved,Lung,Other
TBAJ-876-M3,18,48,96,0.0551,Inner Caseum,Caseum,Other
TBAJ-876-M3,18,48,96,1.01,Outer Caseum,Caseum,Other
TBAJ-876-M3,18,48,96,37.4,Cellular,Cellular,Other
TBAJ-876-M3,18,48,96,35.3,Uninvolved,Lung,Other
TBAJ-876-M3,18,48,96,1.11,Outer Caseum,Caseum,Other
TBAJ-876-M3,18,48,96,36.6,Cellular,Cellular,Other
TBAJ-876-M3,18,48,96,79.8,Uninvolved,Lung,Other
TBAJ-876-M3,19,6,54,0.0115,Inner Caseum,Caseum,Other
TBAJ-876-M3,19,6,54,0.522,Outer Caseum,Caseum,Other
TBAJ-876-M3,19,6,54,13.9,Inner Cellular,Cellular,Other
TBAJ-876-M3,19,6,54,40.1,Outer Cellular,Cellular,Other
TBAJ-876-M3,19,6,54,68.4,Uninvolved,Lung,Other
TBAJ-876-M3,22,6,54,0.0573,Inner Caseum,Caseum,Other
TBAJ-876-M3,22,6,54,0.625,Outer Caseum,Caseum,Other
TBAJ-876-M3,22,6,54,12.9,Cellular,Cellular,Other
TBAJ-876-M3,22,6,54,19.9,Uninvolved,Lung,Other
TBAJ-876-M3,22,6,54,0.0388,Inner Caseum,Caseum,Other
TBAJ-876-M3,22,6,54,0.695,Outer Caseum,Caseum,Other
TBAJ-876-M3,22,6,54,17.5,Inner Cellular,Cellular,Other
TBAJ-876-M3,22,6,54,51,Outer Cellular,Cellular,Other
TBAJ-876-M3,22,6,54,39.9,Uninvolved,Lung,Other
TBAJ-876-M3,29,24,672,0.0474,Inner Caseum -1,Caseum,Other
TBAJ-876-M3,29,24,672,0.0392,Inner Caseum -2,Caseum,Other
TBAJ-876-M3,29,24,672,0.0347,Inner Caseum -3,Caseum,Other
TBAJ-876-M3,29,24,672,0.174,Outer Caseum,Caseum,Other
TBAJ-876-M3,29,24,672,0.439,Inner Cellular,Cellular,Other
TBAJ-876-M3,29,24,672,3.76,Outer Cellular,Cellular,Other
TBAJ-876-M3,29,24,672,0.851,Uninvolved ,Lung,Other
TBAJ-876-M3,30,24,336,0.017,Inner Caseum -2,Caseum,Other
TBAJ-876-M3,30,24,336,0.0235,Inner Caseum -3,Caseum,Other
TBAJ-876-M3,30,24,336,0.522,Outer Caseum,Caseum,Other
TBAJ-876-M3,30,24,336,1.78,Cellular,Cellular,Other
TBAJ-876-M3,30,24,336,2.45,Uninvolved ,Lung,Other
TBAJ-876-M3,30,24,336,0.00797,Inner Caseum -2,Caseum,Other
TBAJ-876-M3,30,24,336,0.0241,Inner Caseum -3,Caseum,Other
TBAJ-876-M3,30,24,336,0.482,Outer Caseum,Caseum,Other
TBAJ-876-M3,30,24,336,1.28,Inner Cellular,Cellular,Other
TBAJ-876-M3,30,24,336,6.74,Outer Cellular,Cellular,Other
TBAJ-876-M3,30,24,336,4.09,Uninvolved ,Lung,Other
TBAJ-876-M3,30,24,336,0.0101,Inner Caseum -2,Caseum,Other
TBAJ-876-M3,30,24,336,0.0114,Inner Caseum -3,Caseum,Other
TBAJ-876-M3,30,24,336,0.529,Outer Caseum,Caseum,Other
TBAJ-876-M3,30,24,336,1.77,Cellular,Cellular,Other
TBAJ-876-M3,30,24,336,4.58,Uninvolved ,Lung,Other
TBAJ-876-M3,30,24,336,0.0358,Inner Caseum -2,Caseum,Other
TBAJ-876-M3,30,24,336,0.0171,Inner Caseum -3,Caseum,Other
TBAJ-876-M3,30,24,336,0.376,Outer Caseum,Caseum,Other
TBAJ-876-M3,30,24,336,2.54,Cellular,Cellular,Other
TBAJ-876-M3,30,24,336,4.4,Uninvolved ,Lung,Other
TBAJ-876-M3,33,24,336,0.0222,Inner Caseum -1,Caseum,Other
TBAJ-876-M3,33,24,336,0.0265,Inner Caseum -2,Caseum,Other
TBAJ-876-M3,33,24,336,0.029,Inner Caseum -3,Caseum,Other
TBAJ-876-M3,33,24,336,0.0329,Inner Caseum -4,Caseum,Other
TBAJ-876-M3,33,24,336,0.125,Outer Caseum,Caseum,Other
TBAJ-876-M3,33,24,336,6.9,Inner Cellular,Cellular,Other
TBAJ-876-M3,33,24,336,17.3,Outer Cellular,Cellular,Other
TBAJ-876-M3,33,24,336,6.65,Uninvolved ,Lung,Other
TBAJ-876-M3,33,24,336,0.0106,Inner Caseum -1,Caseum,Other
TBAJ-876-M3,33,24,336,0.0145,Inner Caseum -2,Caseum,Other
TBAJ-876-M3,33,24,336,0.00546,Inner Caseum -3,Caseum,Other
TBAJ-876-M3,33,24,336,0.365,Outer Caseum,Caseum,Other
TBAJ-876-M3,33,24,336,2.56,Cellular,Cellular,Other
TBAJ-876-M3,33,24,336,3.64,Uninvolved ,Lung,Other
TBAJ-876-M3,33,24,336,0.00525,Inner Caseum -1,Caseum,Other
TBAJ-876-M3,33,24,336,0.0152,Inner Caseum -2,Caseum,Other
TBAJ-876-M3,33,24,336,0.0351,Inner Caseum -3,Caseum,Other
TBAJ-876-M3,33,24,336,0.168,Outer Caseum,Caseum,Other
TBAJ-876-M3,33,24,336,1.59,Inner Cellular,Cellular,Other
TBAJ-876-M3,33,24,336,11.1,Outer Cellular,Cellular,Other
TBAJ-876-M3,33,24,336,5.38,Uninvolved ,Lung,Other
TBAJ-876-M3,37,24,672,0.00661,Inner Caseum -1,Caseum,Other
TBAJ-876-M3,37,24,672,0.00383,Inner Caseum -2,Caseum,Other
TBAJ-876-M3,37,24,672,0.0158,Inner Caseum -3,Caseum,Other
TBAJ-876-M3,37,24,672,1.47,Outer Caseum,Caseum,Other
TBAJ-876-M3,37,24,672,10.2,Cellular,Cellular,Other
TBAJ-876-M3,37,24,672,4.34,Uninvolved ,Lung,Other
TBAJ-876-M3,38,24,334.75,0.0209,Inner Caseum-1,Caseum,Other
TBAJ-876-M3,38,24,334.75,0.0722,Inner Caseum-2,Caseum,Other
TBAJ-876-M3,38,24,334.75,0.0767,Inner Caseum-3,Caseum,Other
TBAJ-876-M3,38,24,334.75,0.115,Inner Caseum-4,Caseum,Other
TBAJ-876-M3,38,24,334.75,0.267,Whole Caseum,Caseum,Other
TBAJ-876-M3,38,24,334.75,0.4,Outer Caseum,Caseum,Other
TBAJ-876-M3,38,24,334.75,9.52,Cellular,Cellular,Other
TBAJ-876-M3,38,24,334.75,0.251,Inner Caseum-1,Caseum,Other
TBAJ-876-M3,38,24,334.75,0.283,Inner Caseum-2,Caseum,Other
TBAJ-876-M3,38,24,334.75,0.183,Inner Caseum-3,Caseum,Other
TBAJ-876-M3,38,24,334.75,0.927,Whole Caseum,Caseum,Other
TBAJ-876-M3,38,24,334.75,3.58,Outer Caseum,Caseum,Other
TBAJ-876-M3,38,24,334.75,11.4,Cellular,Cellular,Other
TBAJ-876-M3,38,24,334.75,0.109,Inner Caseum-1,Caseum,Other
TBAJ-876-M3,38,24,334.75,0.146,Inner Caseum-2,Caseum,Other
TBAJ-876-M3,38,24,334.75,0.097,Inner Caseum-3,Caseum,Other
TBAJ-876-M3,38,24,334.75,0.172,Inner Caseum-4,Caseum,Other
TBAJ-876-M3,38,24,334.75,0.4,Whole Caseum,Caseum,Other
TBAJ-876-M3,38,24,334.75,0.855,Outer Caseum,Caseum,Other
TBAJ-876-M3,38,24,334.75,4.1,Cellular,Cellular,Other
TBAJ-876-M3,38,24,334.75,0.0705,Inner Caseum-1,Caseum,Other
TBAJ-876-M3,38,24,334.75,0.153,Inner Caseum-2,Caseum,Other
TBAJ-876-M3,38,24,334.75,0.147,Inner Caseum-3,Caseum,Other
TBAJ-876-M3,38,24,334.75,0.136,Inner Caseum-4,Caseum,Other
TBAJ-876-M3,38,24,334.75,0.455,Whole Caseum,Caseum,Other
TBAJ-876-M3,38,24,334.75,1.21,Outer Caseum,Caseum,Other
TBAJ-876-M3,38,24,334.75,5.02,Cellular,Cellular,Other
TBAJ-876-M3,38,24,334.75,0.442,Caseum,Caseum,Other
TBAJ-876-M3,38,24,334.75,0.557,Cavity Caseum,Cavity,Other
TBAJ-876-M3,38,24,334.75,16,Uninvolved Lung-1,Lung,Other
TBAJ-876-M3,38,24,334.75,16.4,Uninvolved Lung-2,Lung,Other
TBAJ-876-M3,38,24,334.75,13.8,Uninvolved Lung-1,Lung,Other
TBAJ-876-M3,38,24,334.75,15.1,Uninvolved Lung-2,Lung,Other
TBAJ-876-M3,39,24,333.8,0.114,Inner Caseum-1,Caseum,Other
TBAJ-876-M3,39,24,333.8,0.0664,Inner Caseum-2,Caseum,Other
TBAJ-876-M3,39,24,333.8,0.08,Inner Caseum-3,Caseum,Other
TBAJ-876-M3,39,24,333.8,0.36,Whole Caseum,Caseum,Other
TBAJ-876-M3,39,24,333.8,1.39,Outer Caseum,Caseum,Other
TBAJ-876-M3,39,24,333.8,18.2,Cellular,Cellular,Other
TBAJ-876-M3,39,24,333.8,52.2,Uninvolved Lung-1,Lung,Other
TBAJ-876-M3,39,24,333.8,50.2,Uninvolved Lung-2,Lung,Other
TBAJ-876-M3,39,24,333.8,57.1,Uninvolved Lung-1,Lung,Other
TBAJ-876-M3,39,24,333.8,55.2,Uninvolved Lung-2,Lung,Other
TBAJ-876-M3,40,24,669.8333333,0.02,Inner Caseum-1,Caseum,Other
TBAJ-876-M3,40,24,669.8333333,0.561,Inner Caseum-2,Caseum,Other
TBAJ-876-M3,40,24,669.8333333,0.539,Inner Caseum-3,Caseum,Other
TBAJ-876-M3,40,24,669.8333333,1.88,Whole Caseum,Caseum,Other
TBAJ-876-M3,40,24,669.8333333,3.37,Outer Caseum,Caseum,Other
TBAJ-876-M3,40,24,669.8333333,6.51,Cellular,Cellular,Other
TBAJ-876-M3,40,24,669.8333333,0.111,Inner Caseum-1,Caseum,Other
TBAJ-876-M3,40,24,669.8333333,0.327,Inner Caseum-2,Caseum,Other
TBAJ-876-M3,40,24,669.8333333,0.319,Inner Caseum-3,Caseum,Other
TBAJ-876-M3,40,24,669.8333333,1.95,Whole Caseum,Caseum,Other
TBAJ-876-M3,40,24,669.8333333,3.32,Outer Caseum,Caseum,Other
TBAJ-876-M3,40,24,669.8333333,8.32,Cellular,Cellular,Other
TBAJ-876-M3,40,24,669.8333333,0.301,Inner Caseum-1,Caseum,Other
TBAJ-876-M3,40,24,669.8333333,0.223,Inner Caseum-2,Caseum,Other
TBAJ-876-M3,40,24,669.8333333,0.128,Inner Caseum-3,Caseum,Other
TBAJ-876-M3,40,24,669.8333333,0.319,Whole Caseum,Caseum,Other
TBAJ-876-M3,40,24,669.8333333,0.849,Outer Caseum,Caseum,Other
TBAJ-876-M3,40,24,669.8333333,12.2,Cellular,Cellular,Other
TBAJ-876-M3,40,24,669.8333333,31.5,Uninvolved Lung-1,Lung,Other
TBAJ-876-M3,40,24,669.8333333,34.8,Uninvolved Lung-2,Lung,Other
TBAJ-876-M3,40,24,669.8333333,42.3,Uninvolved Lung-1,Lung,Other
TBAJ-876-M3,40,24,669.8333333,36.1,Uninvolved Lung-2,Lung,Other
TBAJ-876-M3,41,24,669.0833333,0.087,Inner Caseum-1,Caseum,Other
TBAJ-876-M3,41,24,669.0833333,0.175,Inner Caseum-2,Caseum,Other
TBAJ-876-M3,41,24,669.0833333,0.155,Inner Caseum-3,Caseum,Other
TBAJ-876-M3,41,24,669.0833333,0.935,Whole Caseum,Caseum,Other
TBAJ-876-M3,41,24,669.0833333,2.51,Outer Caseum,Caseum,Other
TBAJ-876-M3,41,24,669.0833333,4.64,Cellular,Cellular,Other
TBAJ-876-M3,41,24,669.0833333,0.15,Inner Caseum-1,Caseum,Other
TBAJ-876-M3,41,24,669.0833333,0.397,Inner Caseum-2,Caseum,Other
TBAJ-876-M3,41,24,669.0833333,16.1,Inner Caseum-3,Caseum,Other
TBAJ-876-M3,41,24,669.0833333,1.07,Whole Caseum,Caseum,Other
TBAJ-876-M3,41,24,669.0833333,1.14,Outer Caseum,Caseum,Other
TBAJ-876-M3,41,24,669.0833333,26.8,Cellular,Cellular,Other
TBAJ-876-M3,41,24,669.0833333,62,Uninvolved Lung-1,Lung,Other
TBAJ-876-M3,41,24,669.0833333,59.3,Uninvolved Lung-2,Lung,Other
TBAJ-876-M3,41,24,669.0833333,45.2,Uninvolved Lung-1,Lung,Other
TBAJ-876-M3,41,24,669.0833333,49.1,Uninvolved Lung-2,Lung,Other
TBAJ-876-M3,42,24,334.25,0.0345,Inner Caseum-1,Caseum,Other
TBAJ-876-M3,42,24,334.25,0.0317,Inner Caseum-2,Caseum,Other
TBAJ-876-M3,42,24,334.25,0.167,Inner Caseum-3,Caseum,Other
TBAJ-876-M3,42,24,334.25,0.968,Whole Caseum,Caseum,Other
TBAJ-876-M3,42,24,334.25,2.56,Outer Caseum,Caseum,Other
TBAJ-876-M3,42,24,334.25,15.4,Cellular,Cellular,Other
TBAJ-876-M3,42,24,334.25,14.7,Uninvolved Lung,Lung,Other
TBAJ-876-M3,42,24,334.25,1.61,Whole Caseum,Caseum,Other
TBAJ-876-M3,42,24,334.25,24.8,Uninvolved Lung-1,Lung,Other
TBAJ-876-M3,42,24,334.25,21.4,Uninvolved Lung-2,Lung,Other
TBAJ-876-M3,42,24,334.25,26.8,Uninvolved Lung-1,Lung,Other
TBAJ-876-M3,42,24,334.25,24.4,Uninvolved Lung-2,Lung,Other
TBAJ-876-M3,19,6,54,51.6,cellular,Cellular,Other
TBAJ-876-M3,19,6,54,49.5,cellular,Cellular,Other
TBAJ-876-M3,19,6,54,71.8,cellular,Cellular,Other
TBAJ-876-M3,19,6,54,87.5,cellular,Cellular,Other
TBAJ-876-M3,19,6,54,63.7,cellular,Cellular,Other
TBAJ-876-M3,19,6,54,92,cellular,Cellular,Other
TBAJ-876-M3,19,6,54,104,cellular,Cellular,Other
TBAJ-876-M3,19,6,54,101,cellular,Cellular,Other
TBAJ-876-M3,19,6,54,85.3,cellular,Cellular,Other
TBAJ-876-M3,20,6,54,43.2,cellular,Cellular,Other
TBAJ-876-M3,20,6,54,39,cellular,Cellular,Other
TBAJ-876-M3,20,6,54,46.9,cellular,Cellular,Other
TBAJ-876-M3,20,6,54,48.5,cellular,Cellular,Other
TBAJ-876-M3,20,6,54,63.9,cellular,Cellular,Other
TBAJ-876-M3,20,6,54,34,cellular,Cellular,Other
TBAJ-876-M3,20,6,54,76.1,cellular,Cellular,Other
TBAJ-876-M3,20,6,54,50.8,cellular,Cellular,Other
TBAJ-876-M3,20,6,54,74.8,cellular,Cellular,Other
TBAJ-876-M3,20,6,54,60.4,cellular,Cellular,Other
TBAJ-876-M3,20,6,54,79.3,cellular,Cellular,Other
TBAJ-876-M3,20,6,54,61.6,cellular,Cellular,Other
TBAJ-876-M3,20,6,54,27.5,cellular,Cellular,Other
TBAJ-876-M3,20,6,54,35,cellular,Cellular,Other
TBAJ-876-M3,21,6,54,75.8,cellular,Cellular,Other
TBAJ-876-M3,21,6,54,89,cellular,Cellular,Other
TBAJ-876-M3,21,6,54,61.7,cellular,Cellular,Other
TBAJ-876-M3,21,6,54,70.9,cellular,Cellular,Other
TBAJ-876-M3,21,6,54,96.6,cellular,Cellular,Other
TBAJ-876-M3,21,6,54,108,cellular,Cellular,Other
TBAJ-876-M3,21,6,54,84.6,cellular,Cellular,Other
TBAJ-876-M3,21,6,54,63.3,cellular,Cellular,Other
TBAJ-876-M3,21,6,54,64.2,cellular,Cellular,Other
TBAJ-876-M3,21,6,54,95.6,cellular,Cellular,Other
TBAJ-876-M3,21,6,54,73,cellular,Cellular,Other
TBAJ-876-M3,21,6,54,73.2,cellular,Cellular,Other
TBAJ-876-M3,21,6,54,67.2,cellular,Cellular,Other
TBAJ-876-M3,21,6,54,83.6,cellular,Cellular,Other
TBAJ-876-M3,22,6,54,61.3,cellular,Cellular,Other
TBAJ-876-M3,22,6,54,42.3,cellular,Cellular,Other
TBAJ-876-M3,22,6,54,48.2,cellular,Cellular,Other
TBAJ-876-M3,22,6,54,71.1,cellular,Cellular,Other
TBAJ-876-M3,22,6,54,57.7,cellular,Cellular,Other
TBAJ-876-M3,22,6,54,45.8,cellular,Cellular,Other
TBAJ-876-M3,22,6,54,39.9,cellular,Cellular,Other
TBAJ-876-M3,22,6,54,54.4,cellular,Cellular,Other
TBAJ-876-M3,22,6,54,57.9,cellular,Cellular,Other
TBAJ-876-M3,22,6,54,38.2,cellular,Cellular,Other
TBAJ-876-M3,22,6,54,43.6,cellular,Cellular,Other
TBAJ-876-M3,22,6,54,51.9,cellular,Cellular,Other
TBAJ-876-M3,22,6,54,60.2,cellular,Cellular,Other
TBAJ-876-M3,23,6,54,34.2,cellular,Cellular,Other
TBAJ-876-M3,23,6,54,48.8,cellular,Cellular,Other
TBAJ-876-M3,23,6,54,62.2,cellular,Cellular,Other
TBAJ-876-M3,23,6,54,63,cellular,Cellular,Other
TBAJ-876-M3,23,6,54,70,cellular,Cellular,Other
TBAJ-876-M3,23,6,54,69.2,cellular,Cellular,Other
TBAJ-876-M3,23,6,54,45.9,cellular,Cellular,Other
TBAJ-876-M3,23,6,54,24.8,cellular,Cellular,Other
TBAJ-876-M3,23,6,54,49.5,cellular,Cellular,Other
TBAJ-876-M3,23,6,54,46.2,cellular,Cellular,Other
TBAJ-876-M3,23,6,54,53.8,cellular,Cellular,Other
TBAJ-876-M3,23,6,54,55.6,cellular,Cellular,Other
TBAJ-876-M3,12,24,48,42.3,cellular,Cellular,Other
TBAJ-876-M3,12,24,48,38.9,cellular,Cellular,Other
TBAJ-876-M3,12,24,48,34.1,cellular,Cellular,Other
TBAJ-876-M3,12,24,48,50.5,cellular,Cellular,Other
TBAJ-876-M3,12,24,48,26.1,cellular,Cellular,Other
TBAJ-876-M3,12,24,48,54.6,cellular,Cellular,Other
TBAJ-876-M3,12,24,48,23.9,cellular,Cellular,Other
TBAJ-876-M3,12,24,48,49.9,cellular,Cellular,Other
TBAJ-876-M3,12,24,48,58.1,cellular,Cellular,Other
TBAJ-876-M3,12,24,48,56.8,cellular,Cellular,Other
TBAJ-876-M3,12,24,48,62.5,cellular,Cellular,Other
TBAJ-876-M3,12,24,48,22.4,cellular,Cellular,Other
TBAJ-876-M3,12,24,48,46.2,cellular,Cellular,Other
TBAJ-876-M3,12,24,48,48,cellular,Cellular,Other
TBAJ-876-M3,13,24,48,26.3,cellular,Cellular,Other
TBAJ-876-M3,13,24,48,21.7,cellular,Cellular,Other
TBAJ-876-M3,13,24,48,44.7,cellular,Cellular,Other
TBAJ-876-M3,13,24,48,70.4,cellular,Cellular,Other
TBAJ-876-M3,13,24,48,65.7,cellular,Cellular,Other
TBAJ-876-M3,13,24,48,78.4,cellular,Cellular,Other
TBAJ-876-M3,13,24,48,62.6,cellular,Cellular,Other
TBAJ-876-M3,13,24,48,60.9,cellular,Cellular,Other
TBAJ-876-M3,14,24,72,118,cellular,Cellular,Other
TBAJ-876-M3,14,24,72,76.5,cellular,Cellular,Other
TBAJ-876-M3,14,24,72,225,cellular,Cellular,Other
TBAJ-876-M3,14,24,72,191,cellular,Cellular,Other
TBAJ-876-M3,14,24,72,134,cellular,Cellular,Other
TBAJ-876-M3,14,24,72,105,cellular,Cellular,Other
TBAJ-876-M3,14,24,72,164,cellular,Cellular,Other
TBAJ-876-M3,14,24,72,115,cellular,Cellular,Other
TBAJ-876-M3,14,24,72,169,cellular,Cellular,Other
TBAJ-876-M3,14,24,72,93.5,cellular,Cellular,Other
TBAJ-876-M3,14,24,72,111,cellular,Cellular,Other
TBAJ-876-M3,14,24,72,104,cellular,Cellular,Other
TBAJ-876-M3,14,24,72,156,cellular,Cellular,Other
TBAJ-876-M3,14,24,72,221,cellular,Cellular,Other
TBAJ-876-M3,15,24,72,74.4,cellular,Cellular,Other
TBAJ-876-M3,15,24,72,53.2,cellular,Cellular,Other
TBAJ-876-M3,15,24,72,69.5,cellular,Cellular,Other
TBAJ-876-M3,15,24,72,80.5,cellular,Cellular,Other
TBAJ-876-M3,15,24,72,59.5,cellular,Cellular,Other
TBAJ-876-M3,15,24,72,74.7,cellular,Cellular,Other
TBAJ-876-M3,15,24,72,105,cellular,Cellular,Other
TBAJ-876-M3,15,24,72,74.9,cellular,Cellular,Other
TBAJ-876-M3,15,24,72,88.6,cellular,Cellular,Other
TBAJ-876-M3,15,24,72,78.3,cellular,Cellular,Other
TBAJ-876-M3,15,24,72,63.6,cellular,Cellular,Other
TBAJ-876-M3,15,24,72,72.1,cellular,Cellular,Other
TBAJ-876-M3,15,24,72,104,cellular,Cellular,Other
TBAJ-876-M3,15,24,72,106,cellular,Cellular,Other
TBAJ-876-M3,24,48,96,78.3,cellular,Cellular,Other
TBAJ-876-M3,24,48,96,57.9,cellular,Cellular,Other
TBAJ-876-M3,24,48,96,117,cellular,Cellular,Other
TBAJ-876-M3,24,48,96,136,cellular,Cellular,Other
TBAJ-876-M3,24,48,96,59.1,cellular,Cellular,Other
TBAJ-876-M3,25,48,96,52,cellular,Cellular,Other
TBAJ-876-M3,25,48,96,46.1,cellular,Cellular,Other
TBAJ-876-M3,25,48,96,50.6,cellular,Cellular,Other
TBAJ-876-M3,25,48,96,74.6,cellular,Cellular,Other
TBAJ-876-M3,25,48,96,61.1,cellular,Cellular,Other
TBAJ-876-M3,25,48,96,96,cellular,Cellular,Other
TBAJ-876-M3,25,48,96,67.8,cellular,Cellular,Other
TBAJ-876-M3,25,48,96,48.9,cellular,Cellular,Other
TBAJ-876-M3,25,48,96,68.8,cellular,Cellular,Other
TBAJ-876-M3,25,48,96,76.7,cellular,Cellular,Other
TBAJ-876-M3,25,48,96,91.8,cellular,Cellular,Other
TBAJ-876-M3,18,48,96,128,cellular,Cellular,Other
TBAJ-876-M3,18,48,96,71.5,cellular,Cellular,Other
TBAJ-876-M3,18,48,96,111,cellular,Cellular,Other
TBAJ-876-M3,18,48,96,157,cellular,Cellular,Other
TBAJ-876-M3,18,48,96,115,cellular,Cellular,Other
TBAJ-876-M3,18,48,96,104,cellular,Cellular,Other
TBAJ-876-M3,18,48,96,98.6,cellular,Cellular,Other
TBAJ-876-M3,18,48,96,98.8,cellular,Cellular,Other
TBAJ-876-M3,18,48,96,142,cellular,Cellular,Other
TBAJ-876-M3,18,48,96,138,cellular,Cellular,Other
TBAJ-876-M3,18,48,96,127,cellular,Cellular,Other
TBAJ-876-M3,16,72,120,33.7,cellular,Cellular,Other
TBAJ-876-M3,16,72,120,49.7,cellular,Cellular,Other
TBAJ-876-M3,16,72,120,44.5,cellular,Cellular,Other
TBAJ-876-M3,16,72,120,38.5,cellular,Cellular,Other
TBAJ-876-M3,16,72,120,39.3,cellular,Cellular,Other
TBAJ-876-M3,16,72,120,31.2,cellular,Cellular,Other
TBAJ-876-M3,16,72,120,39.6,cellular,Cellular,Other
TBAJ-876-M3,16,72,120,39.6,cellular,Cellular,Other
TBAJ-876-M3,16,72,120,36.9,cellular,Cellular,Other
TBAJ-876-M3,16,72,120,36.1,cellular,Cellular,Other
TBAJ-876-M3,16,72,120,33.5,cellular,Cellular,Other
TBAJ-876-M3,16,72,120,29.1,cellular,Cellular,Other
TBAJ-876-M3,16,72,120,28.3,cellular,Cellular,Other
TBAJ-876-M3,16,72,120,25.5,cellular,Cellular,Other
TBAJ-876-M3,17,72,120,37.9,cellular,Cellular,Other
TBAJ-876-M3,17,72,120,48.4,cellular,Cellular,Other
TBAJ-876-M3,17,72,120,52.2,cellular,Cellular,Other
TBAJ-876-M3,17,72,120,52.7,cellular,Cellular,Other
TBAJ-876-M3,17,72,120,54.9,cellular,Cellular,Other
TBAJ-876-M3,17,72,120,53.6,cellular,Cellular,Other
TBAJ-876-M3,17,72,120,54.8,cellular,Cellular,Other
TBAJ-876-M3,17,72,120,66.4,cellular,Cellular,Other
TBAJ-876-M3,17,72,120,50.4,cellular,Cellular,Other
TBAJ-876-M3,17,72,120,54.4,cellular,Cellular,Other
TBAJ-876-M3,17,72,120,72,cellular,Cellular,Other
TBAJ-876-M3,17,72,120,52.5,cellular,Cellular,Other
TBAJ-876-M3,17,72,120,57.7,cellular,Cellular,Other
TBAJ-876-M3,17,72,120,51.2,cellular,Cellular,Other
TBAJ-876-M3,19,6,54,62.4,normal,Lung,Other
TBAJ-876-M3,19,6,54,67,normal,Lung,Other
TBAJ-876-M3,19,6,54,90.1,normal,Lung,Other
TBAJ-876-M3,19,6,54,126,normal,Lung,Other
TBAJ-876-M3,19,6,54,85.9,normal,Lung,Other
TBAJ-876-M3,19,6,54,73.3,normal,Lung,Other
TBAJ-876-M3,20,6,54,47.6,normal,Lung,Other
TBAJ-876-M3,20,6,54,69.2,normal,Lung,Other
TBAJ-876-M3,20,6,54,68.9,normal,Lung,Other
TBAJ-876-M3,20,6,54,65.1,normal,Lung,Other
TBAJ-876-M3,20,6,54,73.7,normal,Lung,Other
TBAJ-876-M3,20,6,54,59.2,normal,Lung,Other
TBAJ-876-M3,21,6,54,40.8,normal,Lung,Other
TBAJ-876-M3,21,6,54,77,normal,Lung,Other
TBAJ-876-M3,21,6,54,74.7,normal,Lung,Other
TBAJ-876-M3,21,6,54,80.8,normal,Lung,Other
TBAJ-876-M3,21,6,54,71.4,normal,Lung,Other
TBAJ-876-M3,21,6,54,28.1,normal,Lung,Other
TBAJ-876-M3,22,6,54,30.7,normal,Lung,Other
TBAJ-876-M3,22,6,54,77.9,normal,Lung,Other
TBAJ-876-M3,22,6,54,47.6,normal,Lung,Other
TBAJ-876-M3,22,6,54,84.9,normal,Lung,Other
TBAJ-876-M3,22,6,54,33.7,normal,Lung,Other
TBAJ-876-M3,22,6,54,22.7,normal,Lung,Other
TBAJ-876-M3,23,6,54,37.9,normal,Lung,Other
TBAJ-876-M3,23,6,54,89.5,normal,Lung,Other
TBAJ-876-M3,23,6,54,45.1,normal,Lung,Other
TBAJ-876-M3,23,6,54,106,normal,Lung,Other
TBAJ-876-M3,23,6,54,49.4,normal,Lung,Other
TBAJ-876-M3,23,6,54,27.9,normal,Lung,Other
TBAJ-876-M3,12,24,48,39.7,normal,Lung,Other
TBAJ-876-M3,12,24,48,94.3,normal,Lung,Other
TBAJ-876-M3,12,24,48,66.7,normal,Lung,Other
TBAJ-876-M3,12,24,48,137,normal,Lung,Other
TBAJ-876-M3,12,24,48,59.7,normal,Lung,Other
TBAJ-876-M3,12,24,48,52.6,normal,Lung,Other
TBAJ-876-M3,13,24,48,69.4,normal,Lung,Other
TBAJ-876-M3,13,24,48,92.9,normal,Lung,Other
TBAJ-876-M3,13,24,48,56.9,normal,Lung,Other
TBAJ-876-M3,13,24,48,112,normal,Lung,Other
TBAJ-876-M3,13,24,48,78.2,normal,Lung,Other
TBAJ-876-M3,13,24,48,68.1,normal,Lung,Other
TBAJ-876-M3,14,24,72,82.3,normal,Lung,Other
TBAJ-876-M3,14,24,72,231,normal,Lung,Other
TBAJ-876-M3,14,24,72,119,normal,Lung,Other
TBAJ-876-M3,14,24,72,197,normal,Lung,Other
TBAJ-876-M3,14,24,72,106,normal,Lung,Other
TBAJ-876-M3,14,24,72,102,normal,Lung,Other
TBAJ-876-M3,15,24,72,71.2,normal,Lung,Other
TBAJ-876-M3,15,24,72,153,normal,Lung,Other
TBAJ-876-M3,15,24,72,98.6,normal,Lung,Other
TBAJ-876-M3,15,24,72,95,normal,Lung,Other
TBAJ-876-M3,15,24,72,101,normal,Lung,Other
TBAJ-876-M3,15,24,72,114,normal,Lung,Other
TBAJ-876-M3,24,48,96,46.7,normal,Lung,Other
TBAJ-876-M3,24,48,96,72,normal,Lung,Other
TBAJ-876-M3,24,48,96,61.2,normal,Lung,Other
TBAJ-876-M3,24,48,96,78.6,normal,Lung,Other
TBAJ-876-M3,24,48,96,64,normal,Lung,Other
TBAJ-876-M3,24,48,96,41.5,normal,Lung,Other
TBAJ-876-M3,25,48,96,52.1,normal,Lung,Other
TBAJ-876-M3,25,48,96,60.1,normal,Lung,Other
TBAJ-876-M3,25,48,96,66,normal,Lung,Other
TBAJ-876-M3,25,48,96,102,normal,Lung,Other
TBAJ-876-M3,25,48,96,92.2,normal,Lung,Other
TBAJ-876-M3,25,48,96,52.3,normal,Lung,Other
TBAJ-876-M3,18,48,96,54.5,normal,Lung,Other
TBAJ-876-M3,18,48,96,106,normal,Lung,Other
TBAJ-876-M3,18,48,96,49,normal,Lung,Other
TBAJ-876-M3,18,48,96,69.5,normal,Lung,Other
TBAJ-876-M3,18,48,96,117,normal,Lung,Other
TBAJ-876-M3,18,48,96,48.5,normal,Lung,Other
TBAJ-876-M3,16,72,120,22.6,normal,Lung,Other
TBAJ-876-M3,16,72,120,34,normal,Lung,Other
TBAJ-876-M3,16,72,120,25.7,normal,Lung,Other
TBAJ-876-M3,16,72,120,51.7,normal,Lung,Other
TBAJ-876-M3,16,72,120,44.8,normal,Lung,Other
TBAJ-876-M3,16,72,120,20.5,normal,Lung,Other
TBAJ-876-M3,17,72,120,45.8,normal,Lung,Other
TBAJ-876-M3,17,72,120,69.2,normal,Lung,Other
TBAJ-876-M3,17,72,120,56.6,normal,Lung,Other
TBAJ-876-M3,17,72,120,80.2,normal,Lung,Other
TBAJ-876-M3,17,72,120,63.6,normal,Lung,Other
TBAJ-876-M3,17,72,120,53.3,normal,Lung,Other
TBAJ-876-M3,26,24,336,9.3,cellular,Cellular,Other
TBAJ-876-M3,26,24,336,9.5,cellular,Cellular,Other
TBAJ-876-M3,26,24,336,6.98,cellular,Cellular,Other
TBAJ-876-M3,26,24,336,6.17,cellular,Cellular,Other
TBAJ-876-M3,26,24,336,8.14,cellular,Cellular,Other
TBAJ-876-M3,26,24,336,7.93,cellular,Cellular,Other
TBAJ-876-M3,26,24,336,8.46,cellular,Cellular,Other
TBAJ-876-M3,26,24,336,5.3,cellular,Cellular,Other
TBAJ-876-M3,26,24,336,9.93,cellular,Cellular,Other
TBAJ-876-M3,26,24,336,9.07,cellular,Cellular,Other
TBAJ-876-M3,26,24,336,7.72,cellular,Cellular,Other
TBAJ-876-M3,26,24,336,6.81,cellular,Cellular,Other
TBAJ-876-M3,26,24,336,5.08,cellular,Cellular,Other
TBAJ-876-M3,26,24,336,8.68,cellular,Cellular,Other
TBAJ-876-M3,27,24,336,11.7,cellular,Cellular,Other
TBAJ-876-M3,27,24,336,14.9,cellular,Cellular,Other
TBAJ-876-M3,27,24,336,17.9,cellular,Cellular,Other
TBAJ-876-M3,27,24,336,15.2,cellular,Cellular,Other
TBAJ-876-M3,27,24,336,17.3,cellular,Cellular,Other
TBAJ-876-M3,27,24,336,13.7,cellular,Cellular,Other
TBAJ-876-M3,27,24,336,15.4,cellular,Cellular,Other
TBAJ-876-M3,27,24,336,15.8,cellular,Cellular,Other
TBAJ-876-M3,30,24,336,12.8,cellular,Cellular,Other
TBAJ-876-M3,30,24,336,12.1,cellular,Cellular,Other
TBAJ-876-M3,30,24,336,8.22,cellular,Cellular,Other
TBAJ-876-M3,30,24,336,11.8,cellular,Cellular,Other
TBAJ-876-M3,30,24,336,13.9,cellular,Cellular,Other
TBAJ-876-M3,30,24,336,11.9,cellular,Cellular,Other
TBAJ-876-M3,30,24,336,13.1,cellular,Cellular,Other
TBAJ-876-M3,30,24,336,12.2,cellular,Cellular,Other
TBAJ-876-M3,30,24,336,11.5,cellular,Cellular,Other
TBAJ-876-M3,30,24,336,9.96,cellular,Cellular,Other
TBAJ-876-M3,30,24,336,8.52,cellular,Cellular,Other
TBAJ-876-M3,28,24,672,4.21,cellular,Cellular,Other
TBAJ-876-M3,28,24,672,5.34,cellular,Cellular,Other
TBAJ-876-M3,28,24,672,4.46,cellular,Cellular,Other
TBAJ-876-M3,28,24,672,6.27,cellular,Cellular,Other
TBAJ-876-M3,28,24,672,2.59,cellular,Cellular,Other
TBAJ-876-M3,28,24,672,5.86,cellular,Cellular,Other
TBAJ-876-M3,28,24,672,5.64,cellular,Cellular,Other
TBAJ-876-M3,28,24,672,4.01,cellular,Cellular,Other
TBAJ-876-M3,28,24,672,4.05,cellular,Cellular,Other
TBAJ-876-M3,29,24,672,2.65,cellular,Cellular,Other
TBAJ-876-M3,29,24,672,3.39,cellular,Cellular,Other
TBAJ-876-M3,29,24,672,4.25,cellular,Cellular,Other
TBAJ-876-M3,29,24,672,4.25,cellular,Cellular,Other
TBAJ-876-M3,29,24,672,3.74,cellular,Cellular,Other
TBAJ-876-M3,29,24,672,5.93,cellular,Cellular,Other
TBAJ-876-M3,29,24,672,4.89,cellular,Cellular,Other
TBAJ-876-M3,29,24,672,4.67,cellular,Cellular,Other
TBAJ-876-M3,29,24,672,3.93,cellular,Cellular,Other
TBAJ-876-M3,29,24,672,3.64,cellular,Cellular,Other
TBAJ-876-M3,29,24,672,4.79,cellular,Cellular,Other
TBAJ-876-M3,29,24,672,2.97,cellular,Cellular,Other
TBAJ-876-M3,29,24,672,3.58,cellular,Cellular,Other
TBAJ-876-M3,29,24,672,3.23,cellular,Cellular,Other
TBAJ-876-M3,34,24,672,6.29,cellular,Cellular,Other
TBAJ-876-M3,34,24,672,7.09,cellular,Cellular,Other
TBAJ-876-M3,34,24,672,8.48,cellular,Cellular,Other
TBAJ-876-M3,34,24,672,4.17,cellular,Cellular,Other
TBAJ-876-M3,34,24,672,5.54,cellular,Cellular,Other
TBAJ-876-M3,34,24,672,7.86,cellular,Cellular,Other
TBAJ-876-M3,34,24,672,7.07,cellular,Cellular,Other
TBAJ-876-M3,34,24,672,7.45,cellular,Cellular,Other
TBAJ-876-M3,31,24,336,5.42,cellular,Cellular,Other
TBAJ-876-M3,31,24,336,6.35,cellular,Cellular,Other
TBAJ-876-M3,31,24,336,4.2,cellular,Cellular,Other
TBAJ-876-M3,31,24,336,5.27,cellular,Cellular,Other
TBAJ-876-M3,31,24,336,10.8,cellular,Cellular,Other
TBAJ-876-M3,31,24,336,4.1,cellular,Cellular,Other
TBAJ-876-M3,31,24,336,5.83,cellular,Cellular,Other
TBAJ-876-M3,31,24,336,4.67,cellular,Cellular,Other
TBAJ-876-M3,32,24,336,1.66,cellular,Cellular,Other
TBAJ-876-M3,32,24,336,1.67,cellular,Cellular,Other
TBAJ-876-M3,32,24,336,2.08,cellular,Cellular,Other
TBAJ-876-M3,32,24,336,2.15,cellular,Cellular,Other
TBAJ-876-M3,32,24,336,3.34,cellular,Cellular,Other
TBAJ-876-M3,32,24,336,2.59,cellular,Cellular,Other
TBAJ-876-M3,32,24,336,3.98,cellular,Cellular,Other
TBAJ-876-M3,32,24,336,2.48,cellular,Cellular,Other
TBAJ-876-M3,32,24,336,1.8,cellular,Cellular,Other
TBAJ-876-M3,32,24,336,2.1,cellular,Cellular,Other
TBAJ-876-M3,32,24,336,1.09,cellular,Cellular,Other
TBAJ-876-M3,32,24,336,1.81,cellular,Cellular,Other
TBAJ-876-M3,32,24,336,2.41,cellular,Cellular,Other
TBAJ-876-M3,32,24,336,1.62,cellular,Cellular,Other
TBAJ-876-M3,33,24,336,29.4,cellular,Cellular,Other
TBAJ-876-M3,33,24,336,17.8,cellular,Cellular,Other
TBAJ-876-M3,33,24,336,13.8,cellular,Cellular,Other
TBAJ-876-M3,33,24,336,12.8,cellular,Cellular,Other
TBAJ-876-M3,33,24,336,21,cellular,Cellular,Other
TBAJ-876-M3,33,24,336,24.9,cellular,Cellular,Other
TBAJ-876-M3,33,24,336,17.6,cellular,Cellular,Other
TBAJ-876-M3,33,24,336,21.1,cellular,Cellular,Other
TBAJ-876-M3,33,24,336,22.6,cellular,Cellular,Other
TBAJ-876-M3,33,24,336,15.2,cellular,Cellular,Other
TBAJ-876-M3,33,24,336,14.4,cellular,Cellular,Other
TBAJ-876-M3,33,24,336,28,cellular,Cellular,Other
TBAJ-876-M3,33,24,336,15.3,cellular,Cellular,Other
TBAJ-876-M3,33,24,336,20.6,cellular,Cellular,Other
TBAJ-876-M3,35,24,672,5.72,cellular,Cellular,Other
TBAJ-876-M3,35,24,672,7.23,cellular,Cellular,Other
TBAJ-876-M3,35,24,672,6.69,cellular,Cellular,Other
TBAJ-876-M3,35,24,672,6.42,cellular,Cellular,Other
TBAJ-876-M3,35,24,672,5.57,cellular,Cellular,Other
TBAJ-876-M3,35,24,672,10.6,cellular,Cellular,Other
TBAJ-876-M3,35,24,672,11.3,cellular,Cellular,Other
TBAJ-876-M3,35,24,672,8.96,cellular,Cellular,Other
TBAJ-876-M3,35,24,672,8.05,cellular,Cellular,Other
TBAJ-876-M3,35,24,672,6.97,cellular,Cellular,Other
TBAJ-876-M3,35,24,672,7.37,cellular,Cellular,Other
TBAJ-876-M3,35,24,672,6.17,cellular,Cellular,Other
TBAJ-876-M3,36,24,672,6.22,cellular,Cellular,Other
TBAJ-876-M3,36,24,672,8.95,cellular,Cellular,Other
TBAJ-876-M3,36,24,672,9.36,cellular,Cellular,Other
TBAJ-876-M3,36,24,672,8.29,cellular,Cellular,Other
TBAJ-876-M3,36,24,672,6.25,cellular,Cellular,Other
TBAJ-876-M3,36,24,672,8.78,cellular,Cellular,Other
TBAJ-876-M3,36,24,672,10.2,cellular,Cellular,Other
TBAJ-876-M3,36,24,672,9.35,cellular,Cellular,Other
TBAJ-876-M3,36,24,672,6.46,cellular,Cellular,Other
TBAJ-876-M3,36,24,672,7.34,cellular,Cellular,Other
TBAJ-876-M3,36,24,672,6.26,cellular,Cellular,Other
TBAJ-876-M3,36,24,672,6.76,cellular,Cellular,Other
TBAJ-876-M3,36,24,672,8.55,cellular,Cellular,Other
TBAJ-876-M3,36,24,672,4.01,cellular,Cellular,Other
TBAJ-876-M3,36,24,672,7.25,cellular,Cellular,Other
TBAJ-876-M3,37,24,672,8.57,cellular,Cellular,Other
TBAJ-876-M3,37,24,672,9.64,cellular,Cellular,Other
TBAJ-876-M3,37,24,672,6.24,cellular,Cellular,Other
TBAJ-876-M3,37,24,672,8.9,cellular,Cellular,Other
TBAJ-876-M3,37,24,672,12.1,cellular,Cellular,Other
TBAJ-876-M3,26,24,336,3.95,normal,Lung,Other
TBAJ-876-M3,26,24,336,7.54,normal,Lung,Other
TBAJ-876-M3,26,24,336,5.1,normal,Lung,Other
TBAJ-876-M3,26,24,336,8.2,normal,Lung,Other
TBAJ-876-M3,26,24,336,6.85,normal,Lung,Other
TBAJ-876-M3,26,24,336,6.6,normal,Lung,Other
TBAJ-876-M3,27,24,336,8.03,normal,Lung,Other
TBAJ-876-M3,27,24,336,12.9,normal,Lung,Other
TBAJ-876-M3,27,24,336,12.3,normal,Lung,Other
TBAJ-876-M3,27,24,336,20.3,normal,Lung,Other
TBAJ-876-M3,27,24,336,15.7,normal,Lung,Other
TBAJ-876-M3,27,24,336,13.9,normal,Lung,Other
TBAJ-876-M3,30,24,336,7.45,normal,Lung,Other
TBAJ-876-M3,30,24,336,8.17,normal,Lung,Other
TBAJ-876-M3,30,24,336,9.62,normal,Lung,Other
TBAJ-876-M3,30,24,336,8.65,normal,Lung,Other
TBAJ-876-M3,30,24,336,8.5,normal,Lung,Other
TBAJ-876-M3,30,24,336,6.36,normal,Lung,Other
TBAJ-876-M3,28,24,672,4.6,normal,Lung,Other
TBAJ-876-M3,28,24,672,5.12,normal,Lung,Other
TBAJ-876-M3,28,24,672,4.49,normal,Lung,Other
TBAJ-876-M3,28,24,672,7.37,normal,Lung,Other
TBAJ-876-M3,28,24,672,4.65,normal,Lung,Other
TBAJ-876-M3,28,24,672,1.59,normal,Lung,Other
TBAJ-876-M3,29,24,672,2.75,normal,Lung,Other
TBAJ-876-M3,29,24,672,4.7,normal,Lung,Other
TBAJ-876-M3,29,24,672,3.21,normal,Lung,Other
TBAJ-876-M3,29,24,672,4.27,normal,Lung,Other
TBAJ-876-M3,29,24,672,4.44,normal,Lung,Other
TBAJ-876-M3,29,24,672,4.6,normal,Lung,Other
TBAJ-876-M3,34,24,672,4.29,normal,Lung,Other
TBAJ-876-M3,34,24,672,6.13,normal,Lung,Other
TBAJ-876-M3,34,24,672,4.71,normal,Lung,Other
TBAJ-876-M3,34,24,672,8.27,normal,Lung,Other
TBAJ-876-M3,34,24,672,7.4,normal,Lung,Other
TBAJ-876-M3,34,24,672,4.25,normal,Lung,Other
TBAJ-876-M3,31,24,336,3.54,normal,Lung,Other
TBAJ-876-M3,31,24,336,5.63,normal,Lung,Other
TBAJ-876-M3,31,24,336,5.79,normal,Lung,Other
TBAJ-876-M3,31,24,336,7.88,normal,Lung,Other
TBAJ-876-M3,31,24,336,5.55,normal,Lung,Other
TBAJ-876-M3,31,24,336,2.7,normal,Lung,Other
TBAJ-876-M3,32,24,336,1.44,normal,Lung,Other
TBAJ-876-M3,32,24,336,3.4,normal,Lung,Other
TBAJ-876-M3,32,24,336,1.97,normal,Lung,Other
TBAJ-876-M3,32,24,336,2.53,normal,Lung,Other
TBAJ-876-M3,32,24,336,1.41,normal,Lung,Other
TBAJ-876-M3,32,24,336,1.4,normal,Lung,Other
TBAJ-876-M3,33,24,336,10.5,normal,Lung,Other
TBAJ-876-M3,33,24,336,19.7,normal,Lung,Other
TBAJ-876-M3,33,24,336,7.6,normal,Lung,Other
TBAJ-876-M3,33,24,336,25.2,normal,Lung,Other
TBAJ-876-M3,33,24,336,28.5,normal,Lung,Other
TBAJ-876-M3,33,24,336,9.14,normal,Lung,Other
TBAJ-876-M3,35,24,672,4.68,normal,Lung,Other
TBAJ-876-M3,35,24,672,8.47,normal,Lung,Other
TBAJ-876-M3,35,24,672,4.46,normal,Lung,Other
TBAJ-876-M3,35,24,672,5.84,normal,Lung,Other
TBAJ-876-M3,35,24,672,8.73,normal,Lung,Other
TBAJ-876-M3,35,24,672,4.98,normal,Lung,Other
TBAJ-876-M3,36,24,672,5.09,normal,Lung,Other
TBAJ-876-M3,36,24,672,12.9,normal,Lung,Other
TBAJ-876-M3,36,24,672,11.9,normal,Lung,Other
TBAJ-876-M3,36,24,672,9.75,normal,Lung,Other
TBAJ-876-M3,36,24,672,7.57,normal,Lung,Other
TBAJ-876-M3,37,24,672,6.32,normal,Lung,Other
TBAJ-876-M3,37,24,672,26.4,normal,Lung,Other
TBAJ-876-M3,37,24,672,6.66,normal,Lung,Other
TBAJ-876-M3,37,24,672,23.5,normal,Lung,Other
TBAJ-876-M3,37,24,672,10.2,normal,Lung,Other
TBAJ-876-M3,37,24,672,7.98,normal,Lung,Other
TBAJ-876-M3,38,24,334.75,25,normal,Lung,Other
TBAJ-876-M3,38,24,334.75,18.7,normal,Lung,Other
TBAJ-876-M3,38,24,334.75,1.06,caseum,Caseum,Other
TBAJ-876-M3,38,24,334.75,0.297,caseum,Caseum,Other
TBAJ-876-M3,38,24,334.75,0.35,caseum,Caseum,Other
TBAJ-876-M3,38,24,334.75,38.2,cellular,Cellular,Other
TBAJ-876-M3,38,24,334.75,41.9,cellular,Cellular,Other
TBAJ-876-M3,38,24,334.75,42.3,cellular,Cellular,Other
TBAJ-876-M3,38,24,334.75,48.3,cellular,Cellular,Other
TBAJ-876-M3,39,24,333.8,65.6,normal,Lung,Other
TBAJ-876-M3,39,24,333.8,116,normal,Lung,Other
TBAJ-876-M3,39,24,333.8,0.218,caseum,Caseum,Other
TBAJ-876-M3,39,24,333.8,50.2,cellular,Cellular,Other
TBAJ-876-M3,39,24,333.8,35,cellular,Cellular,Other
TBAJ-876-M3,39,24,333.8,43,cellular,Cellular,Other
TBAJ-876-M3,39,24,333.8,55.8,cellular,Cellular,Other
TBAJ-876-M3,39,24,333.8,76.9,cellular,Cellular,Other
TBAJ-876-M3,42,24,334.25,0.183,caseum,Caseum,Other
TBAJ-876-M3,42,24,334.25,45.2,normal,Lung,Other
TBAJ-876-M3,42,24,334.25,50.8,normal,Lung,Other
TBAJ-876-M3,42,24,334.25,0.34,caseum,Caseum,Other
TBAJ-876-M3,42,24,334.25,42.8,cellular,Cellular,Other
TBAJ-876-M3,42,24,334.25,47.5,cellular,Cellular,Other
TBAJ-876-M3,40,24,669.8333333,62.1,normal,Lung,Other
TBAJ-876-M3,40,24,669.8333333,61.6,normal,Lung,Other
TBAJ-876-M3,40,24,669.8333333,2.58,caseum,Caseum,Other
TBAJ-876-M3,40,24,669.8333333,2.53,caseum,Caseum,Other
TBAJ-876-M3,40,24,669.8333333,0.71,caseum,Caseum,Other
TBAJ-876-M3,40,24,669.8333333,159,cellular,Cellular,Other
TBAJ-876-M3,40,24,669.8333333,51.5,cellular,Cellular,Other
TBAJ-876-M3,40,24,669.8333333,32.9,cellular,Cellular,Other
TBAJ-876-M3,40,24,669.8333333,19.1,cellular,Cellular,Other
TBAJ-876-M3,41,24,669.0833333,110,normal,Lung,Other
TBAJ-876-M3,41,24,669.0833333,81.2,normal,Lung,Other
TBAJ-876-M3,41,24,669.0833333,0.316,caseum,Caseum,Other
TBAJ-876-M3,41,24,669.0833333,0.493,caseum,Caseum,Other
TBAJ-876-M3,41,24,669.0833333,66.7,cellular,Cellular,Other
TBAJ-876-M3,41,24,669.0833333,57.5,cellular,Cellular,Other
TBI-223,272,2,50,18,Cellular,Cellular,Other
TBI-223,272,2,50,13.9,Cellular,Cellular,Other
TBI-223,272,2,50,11.6,Cellular,Cellular,Other
TBI-223,272,2,50,13.5,Cellular,Cellular,Other
TBI-223,272,2,50,11.4,Cellular,Cellular,Other
TBI-223,272,2,50,13.2,Cellular,Cellular,Other
TBI-223,272,2,50,14.4,Cellular,Cellular,Other
TBI-223,272,2,50,12.6,Cellular,Cellular,Other
TBI-223,272,2,50,12.6,Cellular,Cellular,Other
TBI-223,272,2,50,16,Cellular,Cellular,Other
TBI-223,272,2,50,16.7,Cellular,Cellular,Other
TBI-223,272,2,50,16,Cellular,Cellular,Other
TBI-223,272,2,50,7.65,Normal,Lung,Other
TBI-223,272,2,50,13.5,Normal,Lung,Other
TBI-223,272,2,50,12.6,Normal,Lung,Other
TBI-223,272,2,50,14,Normal,Lung,Other
TBI-223,272,2,50,13.9,Normal,Lung,Other
TBI-223,272,2,50,14.1,Normal,Lung,Other
TBI-223,272,2,50,23.2,Inner Caseum,Caseum,Other
TBI-223,272,2,50,19.4,Outer Caseum,Caseum,Other
TBI-223,272,2,50,15.7,Cellular,Cellular,Other
TBI-223,272,2,50,10.7,Normal,Lung,Other
TBI-223,273,2,50,13.1,Cellular,Cellular,Other
TBI-223,273,2,50,13,Cellular,Cellular,Other
TBI-223,273,2,50,8.9,Cellular,Cellular,Other
TBI-223,273,2,50,13.3,Cellular,Cellular,Other
TBI-223,273,2,50,10.6,Cellular,Cellular,Other
TBI-223,273,2,50,12.9,Cellular,Cellular,Other
TBI-223,273,2,50,9.51,Normal,Lung,Other
TBI-223,273,2,50,9.96,Normal,Lung,Other
TBI-223,273,2,50,9.89,Normal,Lung,Other
TBI-223,273,2,50,8.91,Normal,Lung,Other
TBI-223,273,2,50,10.3,Normal,Lung,Other
TBI-223,273,2,50,12,Normal,Lung,Other
TBI-223,274,2,50,18.2,Cellular,Cellular,Other
TBI-223,274,2,50,11.6,Cellular,Cellular,Other
TBI-223,274,2,50,18.9,Cellular,Cellular,Other
TBI-223,274,2,50,19.1,Cellular,Cellular,Other
TBI-223,274,2,50,20.1,Cellular,Cellular,Other
TBI-223,274,2,50,16.7,Cellular,Cellular,Other
TBI-223,274,2,50,21.2,Cellular,Cellular,Other
TBI-223,274,2,50,16.9,Cellular,Cellular,Other
TBI-223,274,2,50,19.2,Cellular,Cellular,Other
TBI-223,274,2,50,17.9,Cellular,Cellular,Other
TBI-223,274,2,50,16.1,Cellular,Cellular,Other
TBI-223,274,2,50,17.6,Cellular,Cellular,Other
TBI-223,274,2,50,20.2,Cellular,Cellular,Other
TBI-223,274,2,50,18.6,Normal,Lung,Other
TBI-223,274,2,50,20.1,Normal,Lung,Other
TBI-223,274,2,50,16.6,Normal,Lung,Other
TBI-223,274,2,50,21.7,Normal,Lung,Other
TBI-223,274,2,50,23,Normal,Lung,Other
TBI-223,274,2,50,18.4,Normal,Lung,Other
TBI-223,274,2,50,26.4,Inner Caseum,Caseum,Other
TBI-223,274,2,50,27.7,Outer Caseum,Caseum,Other
TBI-223,274,2,50,22.4,Cellular,Cellular,Other
TBI-223,274,2,50,17.6,Normal,Lung,Other
TBI-223,274,2,50,24,Inner Caseum,Caseum,Other
TBI-223,274,2,50,22.8,Outer Caseum,Caseum,Other
TBI-223,274,2,50,20,Cellular,Cellular,Other
TBI-223,274,2,50,16.3,Normal,Lung,Other
TBI-223,275,6,54,48.2,Cellular,Cellular,Other
TBI-223,275,6,54,42,Cellular,Cellular,Other
TBI-223,275,6,54,31.5,Cellular,Cellular,Other
TBI-223,275,6,54,38.9,Cellular,Cellular,Other
TBI-223,275,6,54,40.3,Cellular,Cellular,Other
TBI-223,275,6,54,32.2,Cellular,Cellular,Other
TBI-223,275,6,54,35,Cellular,Cellular,Other
TBI-223,275,6,54,36.9,Cellular,Cellular,Other
TBI-223,275,6,54,23.9,Cellular,Cellular,Other
TBI-223,275,6,54,49.6,Cellular,Cellular,Other
TBI-223,275,6,54,24.2,Cellular,Cellular,Other
TBI-223,275,6,54,30.1,Normal,Lung,Other
TBI-223,275,6,54,33.1,Normal,Lung,Other
TBI-223,275,6,54,25.3,Normal,Lung,Other
TBI-223,275,6,54,29.1,Normal,Lung,Other
TBI-223,275,6,54,33.9,Normal,Lung,Other
TBI-223,275,6,54,30.7,Normal,Lung,Other
TBI-223,276,6,54,14.2,Cellular,Cellular,Other
TBI-223,276,6,54,14.4,Cellular,Cellular,Other
TBI-223,276,6,54,16.1,Cellular,Cellular,Other
TBI-223,276,6,54,13.6,Cellular,Cellular,Other
TBI-223,276,6,54,15.1,Cellular,Cellular,Other
TBI-223,277,6,54,28.8,Cellular,Cellular,Other
TBI-223,277,6,54,27.6,Cellular,Cellular,Other
TBI-223,277,6,54,29.8,Cellular,Cellular,Other
TBI-223,277,6,54,28.1,Cellular,Cellular,Other
TBI-223,277,6,54,31.9,Cellular,Cellular,Other
TBI-223,277,6,54,27.7,Cellular,Cellular,Other
TBI-223,277,6,54,28.4,Cellular,Cellular,Other
TBI-223,277,6,54,27.1,Cellular,Cellular,Other
TBI-223,277,6,54,28.3,Cellular,Cellular,Other
TBI-223,277,6,54,26.4,Cellular,Cellular,Other
TBI-223,277,6,54,23.7,Cellular,Cellular,Other
TBI-223,277,6,54,29.1,Normal,Lung,Other
TBI-223,277,6,54,31.8,Normal,Lung,Other
TBI-223,277,6,54,27.6,Normal,Lung,Other
TBI-223,277,6,54,30.3,Normal,Lung,Other
TBI-223,277,6,54,33.1,Normal,Lung,Other
TBI-223,277,6,54,31,Normal,Lung,Other
TBI-223,277,6,54,33.6,Inner Caseum,Caseum,Other
TBI-223,277,6,54,35.7,Outer Caseum,Caseum,Other
TBI-223,277,6,54,27.6,Cellular,Cellular,Other
TBI-223,277,6,54,17.6,Normal,Lung,Other
TBI-223,277,6,54,39.3,Inner Caseum,Caseum,Other
TBI-223,277,6,54,40.1,Outer Caseum,Caseum,Other
TBI-223,277,6,54,33.4,Cellular,Cellular,Other
TBI-223,277,6,54,25,Normal,Lung,Other
TBI-223,278,16,64,2.47,Cellular,Cellular,Other
TBI-223,278,16,64,2.19,Cellular,Cellular,Other
TBI-223,278,16,64,2.32,Cellular,Cellular,Other
TBI-223,278,16,64,2.61,Cellular,Cellular,Other
TBI-223,278,16,64,2.23,Cellular,Cellular,Other
TBI-223,278,16,64,2.51,Cellular,Cellular,Other
TBI-223,278,16,64,2.44,Cellular,Cellular,Other
TBI-223,278,16,64,2.55,Cellular,Cellular,Other
TBI-223,278,16,64,2.38,Cellular,Cellular,Other
TBI-223,278,16,64,2.38,Cellular,Cellular,Other
TBI-223,278,16,64,2.53,Cellular,Cellular,Other
TBI-223,278,16,64,2.28,Cellular,Cellular,Other
TBI-223,278,16,64,2.68,Cellular,Cellular,Other
TBI-223,278,16,64,2.37,Cellular,Cellular,Other
TBI-223,278,16,64,2.18,Normal,Lung,Other
TBI-223,278,16,64,2.52,Normal,Lung,Other
TBI-223,278,16,64,2.3,Normal,Lung,Other
TBI-223,278,16,64,2.34,Normal,Lung,Other
TBI-223,278,16,64,2.61,Normal,Lung,Other
TBI-223,278,16,64,2.44,Normal,Lung,Other
TBI-223,278,16,64,2.61,Inner Caseum,Caseum,Other
TBI-223,278,16,64,2.74,Outer Caseum,Caseum,Other
TBI-223,278,16,64,2.24,Cellular,Cellular,Other
TBI-223,278,16,64,1.46,Normal,Lung,Other
TBI-223,278,16,64,2.61,Inner Caseum,Caseum,Other
TBI-223,278,16,64,2.62,Outer Caseum,Caseum,Other
TBI-223,278,16,64,2.45,Cellular,Cellular,Other
TBI-223,278,16,64,1.89,Normal,Lung,Other
TBI-223,278,16,64,2.73,Inner Caseum,Caseum,Other
TBI-223,278,16,64,2.65,Outer Caseum,Caseum,Other
TBI-223,278,16,64,2.44,Cellular,Cellular,Other
TBI-223,278,16,64,1.86,Normal,Lung,Other
TBI-223,279,16,64,0.531,Cellular,Cellular,Other
TBI-223,279,16,64,0.68,Cellular,Cellular,Other
TBI-223,279,16,64,1.14,Cellular,Cellular,Other
TBI-223,279,16,64,1,Cellular,Cellular,Other
TBI-223,279,16,64,0.947,Cellular,Cellular,Other
TBI-223,279,16,64,1,Cellular,Cellular,Other
TBI-223,279,16,64,0.911,Cellular,Cellular,Other
TBI-223,279,16,64,0.917,Cellular,Cellular,Other
TBI-223,279,16,64,0.818,Cellular,Cellular,Other
TBI-223,279,16,64,0.808,Cellular,Cellular,Other
TBI-223,279,16,64,0.834,Cellular,Cellular,Other
TBI-223,279,16,64,0.997,Normal,Lung,Other
TBI-223,279,16,64,0.841,Normal,Lung,Other
TBI-223,279,16,64,0.927,Normal,Lung,Other
TBI-223,279,16,64,0.881,Normal,Lung,Other
TBI-223,279,16,64,0.907,Normal,Lung,Other
TBI-223,279,16,64,0.873,Normal,Lung,Other
TBI-223,280,16,64,5.91,Inner Caseum,Caseum,Other
TBI-223,280,16,64,4.21,Outer Caseum,Caseum,Other
TBI-223,280,16,64,2.99,Inner Cellular,Cellular,Other
TBI-223,280,16,64,2.79,Outer Cellular,Cellular,Other
TBI-223,280,16,64,1.41,Normal,Lung,Other
TBI-223,280,16,64,2.99,Inner Caseum,Caseum,Other
TBI-223,280,16,64,2.45,Outer Caseum,Caseum,Other
TBI-223,280,16,64,2.01,Cellular,Cellular,Other
TBI-223,280,16,64,1.09,Normal,Lung,Other
TBI-223,280,16,64,7.97,Inner Caseum,Caseum,Other
TBI-223,280,16,64,4.89,Outer Caseum,Caseum,Other
TBI-223,280,16,64,2.53,Cellular,Cellular,Other
TBI-223,280,16,64,6.68,Inner Caseum,Caseum,Other
TBI-223,280,16,64,3.88,Outer Caseum,Caseum,Other
TBI-223,280,16,64,2.88,Inner Cellular,Cellular,Other
TBI-223,280,16,64,2.14,Outer Cellular,Cellular,Other
TBI-223,280,16,64,1.56,Normal,Lung,Other
TBI-223,280,16,64,9.77,Inner Caseum,Caseum,Other
TBI-223,280,16,64,4.58,Outer Caseum,Caseum,Other
TBI-223,280,16,64,2.9,Inner Cellular,Cellular,Other
TBI-223,280,16,64,2.68,Outer Cellular,Cellular,Other
TBI-223,280,16,64,1.69,Normal,Lung,Other
TBI-223,280,16,64,4.02,Inner Caseum,Caseum,Other
TBI-223,280,16,64,3.52,Outer Caseum,Caseum,Other
TBI-223,280,16,64,2.09,Inner Cellular,Cellular,Other
TBI-223,280,16,64,2.07,Outer Cellular,Cellular,Other
TBI-223,280,16,64,1.85,Normal,Lung,Other
TBI-223,280,16,64,8.82,Inner Caseum,Caseum,Other
TBI-223,280,16,64,4.83,Outer Caseum,Caseum,Other
TBI-223,280,16,64,2.55,Inner Cellular,Cellular,Other
TBI-223,280,16,64,1.95,Outer Cellular,Cellular,Other
TBI-223,280,16,64,1.14,Normal,Lung,Other
TBI-223,280,16,64,6.65,Inner Caseum,Caseum,Other
TBI-223,280,16,64,4.5,Outer Caseum,Caseum,Other
TBI-223,280,16,64,2.41,Inner Cellular,Cellular,Other
TBI-223,280,16,64,2.22,Outer Cellular,Cellular,Other