TABLE NO.  1
 ID          TIME        TIMED       DV          DOSE        AMT         MDV         EVID        ADDL        II          CP          CLUNG       CCELL       CCASEUM     AUC         REP         IPRED       CWRES       IWRES       DV          PRED        RES         WRES
  1.0000E+00  0.0000E+00  0.0000E+00  0.0000E+00  1.0000E+02  1.0000E+02  1.0000E+00  1.0000E+00  1.1100E+02  2.4000E+01  0.0000E+00  0.0000E+00  0.0000E+00  0.0000E+00  0.0000E+00  1.0000E+00  1.0000E-06  0.0000E+00 -1.0000E+00  0.0000E+00  1.0000E-06  0.0000E+00  0.0000E+00
  1.0000E+00  1.0000E+00  4.1667E-02 -3.1303E-01  1.0000E+02  0.0000E+00  0.0000E+00  0.0000E+00  0.0000E+00  0.0000E+00  5.8575E-02  1.0868E+00  5.9181E-01  9.3175E-02  3.1713E-02  1.0000E+00  5.8575E-02  0.0000E+00 -1.0000E+00 -3.1303E-01  5.8575E-02 -3.7160E-01  0.0000E+00
  1.0000E+00  2.0000E+00  8.3333E-02 -5.1738E-01  1.0000E+02  0.0000E+00  0.0000E+00  0.0000E+00  0.0000E+00  0.0000E+00  1.1160E-01  2.3189E+00  1.3479E+00  2.1392E-01  1.1699E-01  1.0000E+00  1.1160E-01  0.0000E+00 -1.0000E+00 -5.1738E-01  1.1160E-01 -6.2898E-01  0.0000E+00
  1.0000E+00  3.0000E+00  1.2500E-01 -2.6798E-01  1.0000E+02  0.0000E+00  0.0000E+00  0.0000E+00  0.0000E+00  0.0000E+00  1.4625E-01  3.2579E+00  1.9590E+00  3.1224E-01  2.4828E-01  1.0000E+00  1.4625E-01  0.0000E+00 -1.0000E+00 -2.6798E-01  1.4625E-01 -4.1423E-01  0.0000E+00
  1.0000E+00  4.0000E+00  1.6667E-01  2.4546E-01  1.0000E+02  0.0000E+00  0.0000E+00  0.0000E+00  0.0000E+00  0.0000E+00  1.5614E-01  3.6067E+00  2.2163E+00  3.5426E-01  4.0109E-01  1.0000E+00  1.5614E-01  0.0000E+00 -1.0000E+00  2.4546E-01  1.5614E-01  8.9319E-02  0.0000E+00
  1.0000E+00  5.0000E+00  2.0833E-01  1.5475E+00  1.0000E+02  0.0000E+00  0.0000E+00  0.0000E+00  0.0000E+00  0.0000E+00  1.5215E-01  3.5741E+00  2.2211E+00  3.5559E-01  5.5598E-01  1.0000E+00  1.5215E-01  0.0000E+00 -1.0000E+00  1.5475E+00  1.5215E-01  1.3954E+00  0.0000E+00
  1.0000E+00  6.0000E+00  2.5000E-01  6.4350E-01  1.0000E+02  0.0000E+00  0.0000E+00  0.0000E+00  0.0000E+00  0.0000E+00  1.4225E-01  3.3678E+00  2.1044E+00  3.3717E-01  7.0346E-01  1.0000E+00  1.4225E-01  0.0000E+00 -1.0000E+00  6.4350E-01  1.4225E-01  5.0125E-01  0.0000E+00
  1.0000E+00  7.0000E+00  2.9167E-01 -1.4360E+00  1.0000E+02  0.0000E+00  0.0000E+00  0.0000E+00  0.0000E+00  0.0000E+00  1.3054E-01  3.1013E+00  1.9428E+00  3.1141E-01  8.3990E-01  1.0000E+00  1.3054E-01  0.0000E+00 -1.0000E+00 -1.4360E+00  1.3054E-01 -1.5665E+00  0.0000E+00
  1.0000E+00  8.0000E+00  3.3333E-01  5.4965E-01  1.0000E+02  0.0000E+00  0.0000E+00  0.0000E+00  0.0000E+00  0.0000E+00  1.1894E-01  2.8291E+00  1.7741E+00  2.8442E-01  9.6458E-01  1.0000E+00  1.1894E-01  0.0000E+00 -1.0000E+00  5.4965E-01  1.1894E-01  4.3072E-01  0.0000E+00
  1.0000E+00  9.0000E+00  3.7500E-01  2.5335E-01  1.0000E+02  0.0000E+00  0.0000E+00  0.0000E+00  0.0000E+00  0.0000E+00  1.0826E-01  2.5751E+00  1.6152E+00  2.5895E-01  1.0781E+00  1.0000E+00  1.0826E-01  0.0000E+00 -1.0000E+00  2.5335E-01  1.0826E-01  1.4509E-01  0.0000E+00
  1.0000E+00  1.0000E+01  4.1667E-01  2.0575E-01  1.0000E+02  0.0000E+00  0.0000E+00  0.0000E+00  0.0000E+00  0.0000E+00  9.8783E-02  2.3480E+00  1.4723E+00  2.3604E-01  1.1815E+00  1.0000E+00  9.8783E-02  0.0000E+00 -1.0000E+00  2.0575E-01  9.8783E-02  1.0697E-01  0.0000E+00
  1.0000E+00  1.1000E+01  4.5833E-01  4.0327E-01  1.0000E+02  0.0000E+00  0.0000E+00  0.0000E+00  0.0000E+00  0.0000E+00  9.0512E-02  2.1491E+00  1.3469E+00  2.1593E-01  1.2761E+00  1.0000E+00  9.0512E-02  0.0000E+00 -1.0000E+00  4.0327E-01  9.0512E-02  3.1276E-01  0.0000E+00
  1.0000E+00  1.2000E+01  5.0000E-01  1.5203E+00  1.0000E+02  0.0000E+00  0.0000E+00  0.0000E+00  0.0000E+00  0.0000E+00  8.3353E-02  1.9767E+00  1.2381E+00  1.9847E-01  1.3629E+00  1.0000E+00  8.3353E-02  0.0000E+00 -1.0000E+00  1.5203E+00  8.3353E-02  1.4370E+00  0.0000E+00
  1.0000E+00  1.3000E+01  5.4167E-01  1.4900E+00  1.0000E+02  0.0000E+00  0.0000E+00  0.0000E+00  0.0000E+00  0.0000E+00  7.7171E-02  1.8278E+00  1.1441E+00  1.8338E-01  1.4431E+00  1.0000E+00  7.7171E-02  0.0000E+00 -1.0000E+00  1.4900E+00  7.7171E-02  1.4128E+00  0.0000E+00
  1.0000E+00  1.4000E+01  5.8333E-01  8.7860E-01  1.0000E+02  0.0000E+00  0.0000E+00  0.0000E+00  0.0000E+00  0.0000E+00  7.1827E-02  1.6991E+00  1.0629E+00  1.7034E-01  1.5175E+00  1.0000E+00  7.1827E-02  0.0000E+00 -1.0000E+00  8.7860E-01  7.1827E-02  8.0678E-01  0.0000E+00
  1.0000E+00  1.5000E+01  6.2500E-01  5.8944E-01  1.0000E+02  0.0000E+00  0.0000E+00  0.0000E+00  0.0000E+00  0.0000E+00  6.7190E-02  1.5876E+00  9.9248E-01  1.5905E-01  1.5870E+00  1.0000E+00  6.7190E-02  0.0000E+00 -1.0000E+00  5.8944E-01  6.7190E-02  5.2225E-01  0.0000E+00
  1.0000E+00  1.6000E+01  6.6667E-01  2.0027E-01  1.0000E+02  0.0000E+00  0.0000E+00  0.0000E+00  0.0000E+00  0.0000E+00  6.3149E-02  1.4905E+00  9.3123E-01  1.4922E-01  1.6521E+00  1.0000E+00  6.3149E-02  0.0000E+00 -1.0000E+00  2.0027E-01  6.3149E-02  1.3712E-01  0.0000E+00
  1.0000E+00  1.7000E+01  7.0833E-01  4.7571E-01  1.0000E+02  0.0000E+00  0.0000E+00  0.0000E+00  0.0000E+00  0.0000E+00  5.9606E-02  1.4055E+00  8.7766E-01  1.4063E-01  1.7134E+00  1.0000E+00  5.9606E-02  0.0000E+00 -1.0000E+00  4.7571E-01  5.9606E-02  4.1610E-01  0.0000E+00
  1.0000E+00  1.8000E+01  7.5000E-01  8.6527E-02  1.0000E+02  0.0000E+00  0.0000E+00  0.0000E+00  0.0000E+00  0.0000E+00  5.6480E-02  1.3306E+00  8.3050E-01  1.3306E-01  1.7715E+00  1.0000E+00  5.6480E-02  0.0000E+00 -1.0000E+00  8.6527E-02  5.6480E-02  3.0047E-02  0.0000E+00
  1.0000E+00  1.9000E+01  7.9167E-01 -9.5637E-02  1.0000E+02  0.0000E+00  0.0000E+00  0.0000E+00  0.0000E+00  0.0000E+00  5.3705E-02  1.2642E+00  7.8873E-01  1.2636E-01  1.8265E+00  1.0000E+00  5.3705E-02  0.0000E+00 -1.0000E+00 -9.5637E-02  5.3705E-02 -1.4934E-01  0.0000E+00
  1.0000E+00  2.0000E+01  8.3333E-01  4.0090E-01  1.0000E+02  0.0000E+00  0.0000E+00  0.0000E+00  0.0000E+00  0.0000E+00  5.1223E-02  1.2049E+00  7.5147E-01  1.2039E-01  1.8790E+00  1.0000E+00  5.1223E-02  0.0000E+00 -1.0000E+00  4.0090E-01  5.1223E-02  3.4967E-01  0.0000E+00
  1.0000E+00  2.1000E+01  8.7500E-01 -1.0692E+00  1.0000E+02  0.0000E+00  0.0000E+00  0.0000E+00  0.0000E+00  0.0000E+00  4.8990E-02  1.1517E+00  7.1803E-01  1.1502E-01  1.9290E+00  1.0000E+00  4.8990E-02  0.0000E+00 -1.0000E+00 -1.0692E+00  4.8990E-02 -1.1182E+00  0.0000E+00
  1.0000E+00  2.2000E+01  9.1667E-01 -1.0086E+00  1.0000E+02  0.0000E+00  0.0000E+00  0.0000E+00  0.0000E+00  0.0000E+00  4.6967E-02  1.1035E+00  6.8780E-01  1.1018E-01  1.9770E+00  1.0000E+00  4.6967E-02  0.0000E+00 -1.0000E+00 -1.0086E+00  4.6967E-02 -1.0555E+00  0.0000E+00
  1.0000E+00  2.3000E+01  9.5833E-01  1.1406E+00  1.0000E+02  0.0000E+00  0.0000E+00  0.0000E+00  0.0000E+00  0.0000E+00  4.5124E-02  1.0597E+00  6.6032E-01  1.0577E-01  2.0230E+00  1.0000E+00  4.5124E-02  0.0000E+00 -1.0000E+00  1.1406E+00  4.5124E-02  1.0955E+00  0.0000E+00
  1.0000E+00  2.4000E+01  1.0000E+00  4.1553E-01  1.0000E+02  0.0000E+00  0.0000E+00  0.0000E+00  0.0000E+00  0.0000E+00  4.3435E-02  1.0196E+00  6.3519E-01  1.0174E-01  2.0673E+00  1.0000E+00  4.3435E-02  0.0000E+00 -1.0000E+00  4.1553E-01  4.3435E-02  3.7210E-01  0.0000E+00
  1.0000E+00  2.5000E+01  1.0417E+00  4.6876E-01  1.0000E+02  0.0000E+00  0.0000E+00  0.0000E+00  0.0000E+00  0.0000E+00  9.6081E-02  2.0212E+00  1.1807E+00  1.8761E-01  2.1409E+00  1.0000E+00  9.6081E-02  0.0000E+00 -1.0000E+00  4.6876E-01  9.6081E-02  3.7268E-01  0.0000E+00
  1.0000E+00  2.6000E+01  1.0833E+00 -1.0392E-01  1.0000E+02  0.0000E+00  0.0000E+00  0.0000E+00  0.0000E+00  0.0000E+00  1.1585E-01  2.6200E+00  1.5877E+00  2.5330E-01  2.2487E+00  1.0000E+00  1.1585E-01  0.0000E+00 -1.0000E+00 -1.0392E-01  1.1585E-01 -2.1977E-01  0.0000E+00
  1.0000E+00  2.7000E+01  1.1250E+00  6.0488E-02  1.0000E+02  0.0000E+00  0.0000E+00  0.0000E+00  0.0000E+00  0.0000E+00  1.1970E-01  2.7790E+00  1.7144E+00  2.7419E-01  2.3673E+00  1.0000E+00  1.1970E-01  0.0000E+00 -1.0000E+00  6.0488E-02  1.1970E-01 -5.9210E-02  0.0000E+00
  1.0000E+00  2.8000E+01  1.1667E+00  2.9626E-01  1.0000E+02  0.0000E+00  0.0000E+00  0.0000E+00  0.0000E+00  0.0000E+00  1.1626E-01  2.7299E+00  1.6976E+00  2.7182E-01  2.4857E+00  1.0000E+00  1.1626E-01  0.0000E+00 -1.0000E+00  2.9626E-01  1.1626E-01  1.8000E-01  0.0000E+00
  1.0000E+00  2.9000E+01  1.2083E+00  2.3027E-01  1.0000E+02  0.0000E+00  0.0000E+00  0.0000E+00  0.0000E+00  0.0000E+00  1.0986E-01  2.5930E+00  1.6184E+00  2.5928E-01  2.5989E+00  1.0000E+00  1.0986E-01  0.0000E+00 -1.0000E+00  2.3027E-01  1.0986E-01  1.2041E-01  0.0000E+00
  1.0000E+00  3.0000E+01  1.2500E+00  4.6149E-01  1.0000E+02  0.0000E+00  0.0000E+00  0.0000E+00  0.0000E+00  0.0000E+00  1.0262E-01  2.4272E+00  1.5173E+00  2.4315E-01  2.7051E+00  1.0000E+00  1.0262E-01  0.0000E+00 -1.0000E+00  4.6149E-01  1.0262E-01  3.5886E-01  0.0000E+00
  1.0000E+00  3.1000E+01  1.2917E+00 -1.6434E-01  1.0000E+02  0.0000E+00  0.0000E+00  0.0000E+00  0.0000E+00  0.0000E+00  9.5528E-02  2.2605E+00  1.4139E+00  2.2659E-01  2.8042E+00  1.0000E+00  9.5528E-02  0.0000E+00 -1.0000E+00 -1.6434E-01  9.5528E-02 -2.5987E-01  0.0000E+00
  1.0000E+00  3.2000E+01  1.3333E+00  3.9305E-01  1.0000E+02  0.0000E+00  0.0000E+00  0.0000E+00  0.0000E+00  0.0000E+00  8.8984E-02  2.1049E+00  1.3165E+00  2.1099E-01  2.8964E+00  1.0000E+00  8.8984E-02  0.0000E+00 -1.0000E+00  3.9305E-01  8.8984E-02  3.0407E-01  0.0000E+00
  1.0000E+00  3.3000E+01  1.3750E+00  9.6972E-01  1.0000E+02  0.0000E+00  0.0000E+00  0.0000E+00  0.0000E+00  0.0000E+00  8.3121E-02  1.9648E+00  1.2285E+00  1.9687E-01  2.9824E+00  1.0000E+00  8.3121E-02  0.0000E+00 -1.0000E+00  9.6972E-01  8.3121E-02  8.8660E-01  0.0000E+00
  1.0000E+00  3.4000E+01  1.4167E+00  1.2078E+00  1.0000E+02  0.0000E+00  0.0000E+00  0.0000E+00  0.0000E+00  0.0000E+00  7.7940E-02  1.8406E+00  1.1503E+00  1.8434E-01  3.0629E+00  1.0000E+00  7.7940E-02  0.0000E+00 -1.0000E+00  1.2078E+00  7.7940E-02  1.1299E+00  0.0000E+00
  1.0000E+00  3.5000E+01  1.4583E+00 -3.5287E-01  1.0000E+02  0.0000E+00  0.0000E+00  0.0000E+00  0.0000E+00  0.0000E+00  7.3386E-02  1.7314E+00  1.0815E+00  1.7330E-01  3.1385E+00  1.0000E+00  7.3386E-02  0.0000E+00 -1.0000E+00 -3.5287E-01  7.3386E-02 -4.2625E-01  0.0000E+00
  1.0000E+00  3.6000E+01  1.5000E+00 -6.6945E-01  1.0000E+02  0.0000E+00  0.0000E+00  0.0000E+00  0.0000E+00  0.0000E+00  6.9383E-02  1.6354E+00  1.0210E+00  1.6359E-01  3.2098E+00  1.0000E+00  6.9383E-02  0.0000E+00 -1.0000E+00 -6.6945E-01  6.9383E-02 -7.3883E-01  0.0000E+00
  1.0000E+00  3.7000E+01  1.5417E+00  1.5785E+00  1.0000E+02  0.0000E+00  0.0000E+00  0.0000E+00  0.0000E+00  0.0000E+00  6.5854E-02  1.5508E+00  9.6776E-01  1.5505E-01  3.2774E+00  1.0000E+00  6.5854E-02  0.0000E+00 -1.0000E+00  1.5785E+00  6.5854E-02  1.5126E+00  0.0000E+00
  1.0000E+00  3.8000E+01  1.5833E+00  8.0044E-01  1.0000E+02  0.0000E+00  0.0000E+00  0.0000E+00  0.0000E+00  0.0000E+00  6.2731E-02  1.4760E+00  9.2069E-01  1.4750E-01  3.3417E+00  1.0000E+00  6.2731E-02  0.0000E+00 -1.0000E+00  8.0044E-01  6.2731E-02  7.3770E-01  0.0000E+00
  1.0000E+00  3.9000E+01  1.6250E+00  1.3483E-01  1.0000E+02  0.0000E+00  0.0000E+00  0.0000E+00  0.0000E+00  0.0000E+00  5.9950E-02  1.4096E+00  8.7888E-01  1.4080E-01  3.4030E+00  1.0000E+00  5.9950E-02  0.0000E+00 -1.0000E+00  1.3483E-01  5.9950E-02  7.4882E-02  0.0000E+00
  1.0000E+00  4.0000E+01  1.6667E+00  2.9313E-02  1.0000E+02  0.0000E+00  0.0000E+00  0.0000E+00  0.0000E+00  0.0000E+00  5.7461E-02  1.3501E+00  8.4152E-01  1.3480E-01  3.4617E+00  1.0000E+00  5.7461E-02  0.0000E+00 -1.0000E+00  2.9313E-02  5.7461E-02 -2.8148E-02  0.0000E+00
  1.0000E+00  4.1000E+01  1.7083E+00 -1.0344E+00  1.0000E+02  0.0000E+00  0.0000E+00  0.0000E+00  0.0000E+00  0.0000E+00  5.5217E-02  1.2967E+00  8.0794E-01  1.2942E-01  3.5180E+00  1.0000E+00  5.5217E-02  0.0000E+00 -1.0000E+00 -1.0344E+00  5.5217E-02 -1.0896E+00  0.0000E+00
  1.0000E+00  4.2000E+01  1.7500E+00 -2.3021E-01  1.0000E+02  0.0000E+00  0.0000E+00  0.0000E+00  0.0000E+00  0.0000E+00  5.3183E-02  1.2483E+00  7.7755E-01  1.2455E-01  3.5722E+00  1.0000E+00  5.3183E-02  0.0000E+00 -1.0000E+00 -2.3021E-01  5.3183E-02 -2.8339E-01  0.0000E+00
  1.0000E+00  4.3000E+01  1.7917E+00  5.8875E-02  1.0000E+02  0.0000E+00  0.0000E+00  0.0000E+00  0.0000E+00  0.0000E+00  5.1328E-02  1.2042E+00  7.4990E-01  1.2011E-01  3.6244E+00  1.0000E+00  5.1328E-02  0.0000E+00 -1.0000E+00  5.8875E-02  5.1328E-02  7.5471E-03  0.0000E+00
  1.0000E+00  4.4000E+01  1.8333E+00 -9.5363E-01  1.0000E+02  0.0000E+00  0.0000E+00  0.0000E+00  0.0000E+00  0.0000E+00  4.9627E-02  1.1638E+00  7.2459E-01  1.1606E-01  3.6749E+00  1.0000E+00  4.9627E-02  0.0000E+00 -1.0000E+00 -9.5363E-01  4.9627E-02 -1.0033E+00  0.0000E+00
  1.0000E+00  4.5000E+01  1.8750E+00 -7.6212E-01  1.0000E+02  0.0000E+00  0.0000E+00  0.0000E+00  0.0000E+00  0.0000E+00  4.8058E-02  1.1266E+00  7.0130E-01  1.1232E-01  3.7237E+00  1.0000E+00  4.8058E-02  0.0000E+00 -1.0000E+00 -7.6212E-01  4.8058E-02 -8.1018E-01  0.0000E+00
  1.0000E+00  4.6000E+01  1.9167E+00 -1.0888E+00  1.0000E+02  0.0000E+00  0.0000E+00  0.0000E+00  0.0000E+00  0.0000E+00  4.6604E-02  1.0922E+00  6.7975E-01  1.0887E-01  3.7710E+00  1.0000E+00  4.6604E-02  0.0000E+00 -1.0000E+00 -1.0888E+00  4.6604E-02 -1.1354E+00  0.0000E+00
  1.0000E+00  4.7000E+01  1.9583E+00 -1.4347E+00  1.0000E+02  0.0000E+00  0.0000E+00  0.0000E+00  0.0000E+00  0.0000E+00  4.5251E-02  1.0601E+00  6.5973E-01  1.0566E-01  3.8169E+00  1.0000E+00  4.5251E-02  0.0000E+00 -1.0000E+00 -1.4347E+00  4.5251E-02 -1.4800E+00  0.0000E+00
  1.0000E+00  4.8000E+01  2.0000E+00 -1.9096E-01  1.0000E+02  0.0000E+00  0.0000E+00  0.0000E+00  0.0000E+00  0.0000E+00  4.3987E-02  1.0303E+00  6.4105E-01  1.0267E-01  3.8616E+00  1.0000E+00  4.3987E-02  0.0000E+00 -1.0000E+00 -1.9096E-01  4.3987E-02 -2.3494E-01  0.0000E+00
  1.0000E+00  4.9000E+01  2.0417E+00 -3.0170E-01  1.0000E+02  0.0000E+00  0.0000E+00  0.0000E+00  0.0000E+00  0.0000E+00  9.7004E-02  2.0408E+00  1.1922E+00  1.8944E-01  3.9358E+00  1.0000E+00  9.7004E-02  0.0000E+00 -1.0000E+00 -3.0170E-01  9.7004E-02 -3.9871E-01  0.0000E+00
  1.0000E+00  5.0000E+01  2.0833E+00 -1.8782E+00  1.0000E+02  0.0000E+00  0.0000E+00  0.0000E+00  0.0000E+00  0.0000E+00  1.1710E-01  2.6473E+00  1.6041E+00  2.5591E-01  4.0448E+00  1.0000E+00  1.1710E-01  0.0000E+00 -1.0000E+00 -1.8782E+00  1.1710E-01 -1.9953E+00  0.0000E+00
  1.0000E+00  5.1000E+01  2.1250E+00 -8.5468E-01  1.0000E+02  0.0000E+00  0.0000E+00  0.0000E+00  0.0000E+00  0.0000E+00  1.2124E-01  2.8132E+00  1.7351E+00  2.7750E-01  4.1648E+00  1.0000E+00  1.2124E-01  0.0000E+00 -1.0000E+00 -8.5468E-01  1.2124E-01 -9.7591E-01  0.0000E+00
  1.0000E+00  5.2000E+01  2.1667E+00 -2.0668E+00  1.0000E+02  0.0000E+00  0.0000E+00  0.0000E+00  0.0000E+00  0.0000E+00  1.1805E-01  2.7704E+00  1.7222E+00  2.7576E-01  4.2848E+00  1.0000E+00  1.1805E-01  0.0000E+00 -1.0000E+00 -2.0668E+00  1.1805E-01 -2.1849E+00  0.0000E+00
  1.0000E+00  5.3000E+01  2.2083E+00 -1.5074E+00  1.0000E+02  0.0000E+00  0.0000E+00  0.0000E+00  0.0000E+00  0.0000E+00  1.1188E-01  2.6389E+00  1.6465E+00  2.6376E-01  4.3999E+00  1.0000E+00  1.1188E-01  0.0000E+00 -1.0000E+00 -1.5074E+00  1.1188E-01 -1.6193E+00  0.0000E+00
  1.0000E+00  5.4000E+01  2.2500E+00 -8.3063E-01  1.0000E+02  0.0000E+00  0.0000E+00  0.0000E+00  0.0000E+00  0.0000E+00  1.0486E-01  2.4781E+00  1.5485E+00  2.4813E-01  4.5083E+00  1.0000E+00  1.0486E-01  0.0000E+00 -1.0000E+00 -8.3063E-01  1.0486E-01 -9.3548E-01  0.0000E+00
  1.0000E+00  5.5000E+01  2.2917E+00  3.9422E-01  1.0000E+02  0.0000E+00  0.0000E+00  0.0000E+00  0.0000E+00  0.0000E+00  9.7950E-02  2.3159E+00  1.4479E+00  2.3203E-01  4.6097E+00  1.0000E+00  9.7950E-02  0.0000E+00 -1.0000E+00  3.9422E-01  9.7950E-02  2.9627E-01  0.0000E+00
  1.0000E+00  5.6000E+01  2.3333E+00 -8.3978E-02  1.0000E+02  0.0000E+00  0.0000E+00  0.0000E+00  0.0000E+00  0.0000E+00  9.1579E-02  2.1644E+00  1.3531E+00  2.1684E-01  4.7044E+00  1.0000E+00  9.1579E-02  0.0000E+00 -1.0000E+00 -8.3978E-02  9.1579E-02 -1.7556E-01  0.0000E+00
  1.0000E+00  5.7000E+01  2.3750E+00  3.1747E-01  1.0000E+02  0.0000E+00  0.0000E+00  0.0000E+00  0.0000E+00  0.0000E+00  8.5875E-02  2.0280E+00  1.2674E+00  2.0310E-01  4.7931E+00  1.0000E+00  8.5875E-02  0.0000E+00 -1.0000E+00  3.1747E-01  8.5875E-02  2.3159E-01  0.0000E+00
  1.0000E+00  5.8000E+01  2.4167E+00 -8.6184E-01  1.0000E+02  0.0000E+00  0.0000E+00  0.0000E+00  0.0000E+00  0.0000E+00  8.0841E-02  1.9074E+00  1.1914E+00  1.9091E-01  4.8764E+00  1.0000E+00  8.0841E-02  0.0000E+00 -1.0000E+00 -8.6184E-01  8.0841E-02 -9.4268E-01  0.0000E+00
  1.0000E+00  5.9000E+01  2.4583E+00  1.7600E+00  1.0000E+02  0.0000E+00  0.0000E+00  0.0000E+00  0.0000E+00  0.0000E+00  7.6422E-02  1.8013E+00  1.1246E+00  1.8020E-01  4.9550E+00  1.0000E+00  7.6422E-02  0.0000E+00 -1.0000E+00  1.7600E+00  7.6422E-02  1.6835E+00  0.0000E+00
  1.0000E+00  6.0000E+01  2.5000E+00  1.4269E+00  1.0000E+02  0.0000E+00  0.0000E+00  0.0000E+00  0.0000E+00  0.0000E+00  7.2545E-02  1.7083E+00  1.0660E+00  1.7079E-01  5.0294E+00  1.0000E+00  7.2545E-02  0.0000E+00 -1.0000E+00  1.4269E+00  7.2545E-02  1.3544E+00  0.0000E+00
  1.0000E+00  6.1000E+01  2.5417E+00  6.9461E-01  1.0000E+02  0.0000E+00  0.0000E+00  0.0000E+00  0.0000E+00  0.0000E+00  6.9135E-02  1.6265E+00  1.0145E+00  1.6253E-01  5.1002E+00  1.0000E+00  6.9135E-02  0.0000E+00 -1.0000E+00  6.9461E-01  6.9135E-02  6.2547E-01  0.0000E+00
  1.0000E+00  6.2000E+01  2.5833E+00  9.5504E-01  1.0000E+02  0.0000E+00  0.0000E+00  0.0000E+00  0.0000E+00  0.0000E+00  6.6122E-02  1.5544E+00  9.6907E-01  1.5524E-01  5.1678E+00  1.0000E+00  6.6122E-02  0.0000E+00 -1.0000E+00  9.5504E-01  6.6122E-02  8.8892E-01  0.0000E+00
  1.0000E+00  6.3000E+01  2.6250E+00  8.6736E-01  1.0000E+02  0.0000E+00  0.0000E+00  0.0000E+00  0.0000E+00  0.0000E+00  6.3445E-02  1.4903E+00  9.2879E-01  1.4878E-01  5.2326E+00  1.0000E+00  6.3445E-02  0.0000E+00 -1.0000E+00  8.6736E-01  6.3445E-02  8.0391E-01  0.0000E+00
  1.0000E+00  6.4000E+01  2.6667E+00 -1.7145E+00  1.0000E+02  0.0000E+00  0.0000E+00  0.0000E+00  0.0000E+00  0.0000E+00  6.1053E-02  1.4332E+00  8.9287E-01  1.4302E-01  5.2948E+00  1.0000E+00  6.1053E-02  0.0000E+00 -1.0000E+00 -1.7145E+00  6.1053E-02 -1.7755E+00  0.0000E+00
  1.0000E+00  6.5000E+01  2.7083E+00  1.7679E+00  1.0000E+02  0.0000E+00  0.0000E+00  0.0000E+00  0.0000E+00  0.0000E+00  5.8902E-02  1.3819E+00  8.6065E-01  1.3785E-01  5.3548E+00  1.0000E+00  5.8902E-02  0.0000E+00 -1.0000E+00  1.7679E+00  5.8902E-02  1.7090E+00  0.0000E+00
  1.0000E+00  6.6000E+01  2.7500E+00  2.2048E-01  1.0000E+02  0.0000E+00  0.0000E+00  0.0000E+00  0.0000E+00  0.0000E+00  5.6955E-02  1.3356E+00  8.3155E-01  1.3319E-01  5.4127E+00  1.0000E+00  5.6955E-02  0.0000E+00 -1.0000E+00  2.2048E-01  5.6955E-02  1.6352E-01  0.0000E+00
  1.0000E+00  6.7000E+01  2.7917E+00  5.4069E-01  1.0000E+02  0.0000E+00  0.0000E+00  0.0000E+00  0.0000E+00  0.0000E+00  5.5183E-02  1.2934E+00  8.0512E-01  1.2895E-01  5.4687E+00  1.0000E+00  5.5183E-02  0.0000E+00 -1.0000E+00  5.4069E-01  5.5183E-02  4.8551E-01  0.0000E+00
  1.0000E+00  6.8000E+01  2.8333E+00  9.8719E-01  1.0000E+02  0.0000E+00  0.0000E+00  0.0000E+00  0.0000E+00  0.0000E+00  5.3560E-02  1.2549E+00  7.8096E-01  1.2508E-01  5.5231E+00  1.0000E+00  5.3560E-02  0.0000E+00 -1.0000E+00  9.8719E-01  5.3560E-02  9.3363E-01  0.0000E+00
  1.0000E+00  6.9000E+01  2.8750E+00 -3.4487E-01  1.0000E+02  0.0000E+00  0.0000E+00  0.0000E+00  0.0000E+00  0.0000E+00  5.2066E-02  1.2194E+00  7.5876E-01  1.2152E-01  5.5759E+00  1.0000E+00  5.2066E-02  0.0000E+00 -1.0000E+00 -3.4487E-01  5.2066E-02 -3.9693E-01  0.0000E+00
  1.0000E+00  7.0000E+01  2.9167E+00 -6.3310E-01  1.0000E+02  0.0000E+00  0.0000E+00  0.0000E+00  0.0000E+00  0.0000E+00  5.0683E-02  1.1867E+00  7.3825E-01  1.1823E-01  5.6272E+00  1.0000E+00  5.0683E-02  0.0000E+00 -1.0000E+00 -6.3310E-01  5.0683E-02 -6.8378E-01  0.0000E+00
  1.0000E+00  7.1000E+01  2.9583E+00  1.3716E+00  1.0000E+02  0.0000E+00  0.0000E+00  0.0000E+00  0.0000E+00  0.0000E+00  4.9397E-02  1.1563E+00  7.1922E-01  1.1518E-01  5.6773E+00  1.0000E+00  4.9397E-02  0.0000E+00 -1.0000E+00  1.3716E+00  4.9397E-02  1.3222E+00  0.0000E+00
  1.0000E+00  7.2000E+01  3.0000E+00 -2.6290E-01  1.0000E+02  0.0000E+00  0.0000E+00  0.0000E+00  0.0000E+00  0.0000E+00  4.8197E-02  1.1279E+00  7.0148E-01  1.1234E-01  5.7261E+00  1.0000E+00  4.8197E-02  0.0000E+00 -1.0000E+00 -2.6290E-01  4.8197E-02 -3.1110E-01  0.0000E+00
  1.0000E+00  7.3000E+01  3.0417E+00  5.2416E-01  1.0000E+02  0.0000E+00  0.0000E+00  0.0000E+00  0.0000E+00  0.0000E+00  1.0128E-01  2.1398E+00  1.2535E+00  1.9925E-01  5.8046E+00  1.0000E+00  1.0128E-01  0.0000E+00 -1.0000E+00  5.2416E-01  1.0128E-01  4.2288E-01  0.0000E+00
  1.0000E+00  7.4000E+01  3.0833E+00  3.3647E-01  1.0000E+02  0.0000E+00  0.0000E+00  0.0000E+00  0.0000E+00  0.0000E+00  1.2143E-01  2.7478E+00  1.6663E+00  2.6587E-01  5.9178E+00  1.0000E+00  1.2143E-01  0.0000E+00 -1.0000E+00  3.3647E-01  1.2143E-01  2.1503E-01  0.0000E+00
  1.0000E+00  7.5000E+01  3.1250E+00 -8.8664E-01  1.0000E+02  0.0000E+00  0.0000E+00  0.0000E+00  0.0000E+00  0.0000E+00  1.2562E-01  2.9150E+00  1.7981E+00  2.8758E-01  6.0422E+00  1.0000E+00  1.2562E-01  0.0000E+00 -1.0000E+00 -8.8664E-01  1.2562E-01 -1.0123E+00  0.0000E+00
  1.0000E+00  7.6000E+01  3.1667E+00 -7.6361E-01  1.0000E+02  0.0000E+00  0.0000E+00  0.0000E+00  0.0000E+00  0.0000E+00  1.2249E-01  2.8734E+00  1.7860E+00  2.8596E-01  6.1667E+00  1.0000E+00  1.2249E-01  0.0000E+00 -1.0000E+00 -7.6361E-01  1.2249E-01 -8.8610E-01  0.0000E+00
  1.0000E+00  7.7000E+01  3.2083E+00  5.7048E-02  1.0000E+02  0.0000E+00  0.0000E+00  0.0000E+00  0.0000E+00  0.0000E+00  1.1637E-01  2.7431E+00  1.7110E+00  2.7409E-01  6.2862E+00  1.0000E+00  1.1637E-01  0.0000E+00 -1.0000E+00  5.7048E-02  1.1637E-01 -5.9324E-02  0.0000E+00
  1.0000E+00  7.8000E+01  3.2500E+00  5.9603E-01  1.0000E+02  0.0000E+00  0.0000E+00  0.0000E+00  0.0000E+00  0.0000E+00  1.0939E-01  2.5834E+00  1.6137E+00  2.5857E-01  6.3991E+00  1.0000E+00  1.0939E-01  0.0000E+00 -1.0000E+00  5.9603E-01  1.0939E-01  4.8664E-01  0.0000E+00
  1.0000E+00  7.9000E+01  3.2917E+00 -1.0262E+00  1.0000E+02  0.0000E+00  0.0000E+00  0.0000E+00  0.0000E+00  0.0000E+00  1.0253E-01  2.4223E+00  1.5138E+00  2.4257E-01  6.5051E+00  1.0000E+00  1.0253E-01  0.0000E+00 -1.0000E+00 -1.0262E+00  1.0253E-01 -1.1287E+00  0.0000E+00
  1.0000E+00  8.0000E+01  3.3333E+00 -1.6733E-01  1.0000E+02  0.0000E+00  0.0000E+00  0.0000E+00  0.0000E+00  0.0000E+00  9.6205E-02  2.2718E+00  1.4197E+00  2.2749E-01  6.6044E+00  1.0000E+00  9.6205E-02  0.0000E+00 -1.0000E+00 -1.6733E-01  9.6205E-02 -2.6353E-01  0.0000E+00
  1.0000E+00  8.1000E+01  3.3750E+00  9.2377E-01  1.0000E+02  0.0000E+00  0.0000E+00  0.0000E+00  0.0000E+00  0.0000E+00  9.0543E-02  2.1364E+00  1.3346E+00  2.1385E-01  6.6977E+00  1.0000E+00  9.0543E-02  0.0000E+00 -1.0000E+00  9.2377E-01  9.0543E-02  8.3323E-01  0.0000E+00
  1.0000E+00  8.2000E+01  3.4167E+00  2.9324E-01  1.0000E+02  0.0000E+00  0.0000E+00  0.0000E+00  0.0000E+00  0.0000E+00  8.5548E-02  2.0167E+00  1.2592E+00  2.0175E-01  6.7857E+00  1.0000E+00  8.5548E-02  0.0000E+00 -1.0000E+00  2.9324E-01  8.5548E-02  2.0769E-01  0.0000E+00
  1.0000E+00  8.3000E+01  3.4583E+00  7.8715E-01  1.0000E+02  0.0000E+00  0.0000E+00  0.0000E+00  0.0000E+00  0.0000E+00  8.1167E-02  1.9115E+00  1.1929E+00  1.9113E-01  6.8690E+00  1.0000E+00  8.1167E-02  0.0000E+00 -1.0000E+00  7.8715E-01  8.1167E-02  7.0598E-01  0.0000E+00
  1.0000E+00  8.4000E+01  3.5000E+00 -1.2865E+00  1.0000E+02  0.0000E+00  0.0000E+00  0.0000E+00  0.0000E+00  0.0000E+00  7.7326E-02  1.8193E+00  1.1348E+00  1.8181E-01  6.9482E+00  1.0000E+00  7.7326E-02  0.0000E+00 -1.0000E+00 -1.2865E+00  7.7326E-02 -1.3638E+00  0.0000E+00
  1.0000E+00  8.5000E+01  3.5417E+00 -1.0895E-01  1.0000E+02  0.0000E+00  0.0000E+00  0.0000E+00  0.0000E+00  0.0000E+00  7.3950E-02  1.7384E+00  1.0838E+00  1.7362E-01  7.0238E+00  1.0000E+00  7.3950E-02  0.0000E+00 -1.0000E+00 -1.0895E-01  7.3950E-02 -1.8290E-01  0.0000E+00
  1.0000E+00  8.6000E+01  3.5833E+00 -5.8936E-01  1.0000E+02  0.0000E+00  0.0000E+00  0.0000E+00  0.0000E+00  0.0000E+00  7.0970E-02  1.6670E+00  1.0389E+00  1.6641E-01  7.0962E+00  1.0000E+00  7.0970E-02  0.0000E+00 -1.0000E+00 -5.8936E-01  7.0970E-02 -6.6033E-01  0.0000E+00
  1.0000E+00  8.7000E+01  3.6250E+00  1.2673E+00  1.0000E+02  0.0000E+00  0.0000E+00  0.0000E+00  0.0000E+00  0.0000E+00  6.8325E-02  1.6037E+00  9.9905E-01  1.6003E-01  7.1659E+00  1.0000E+00  6.8325E-02  0.0000E+00 -1.0000E+00  1.2673E+00  6.8325E-02  1.1990E+00  0.0000E+00
  1.0000E+00  8.8000E+01  3.6667E+00 -9.7585E-01  1.0000E+02  0.0000E+00  0.0000E+00  0.0000E+00  0.0000E+00  0.0000E+00  6.5963E-02  1.5473E+00  9.6357E-01  1.5434E-01  7.2330E+00  1.0000E+00  6.5963E-02  0.0000E+00 -1.0000E+00 -9.7585E-01  6.5963E-02 -1.0418E+00  0.0000E+00
  1.0000E+00  8.9000E+01  3.7083E+00 -1.1511E+00  1.0000E+02  0.0000E+00  0.0000E+00  0.0000E+00  0.0000E+00  0.0000E+00  6.3840E-02  1.4967E+00  9.3176E-01  1.4924E-01  7.2979E+00  1.0000E+00  6.3840E-02  0.0000E+00 -1.0000E+00 -1.1511E+00  6.3840E-02 -1.2149E+00  0.0000E+00
  1.0000E+00  9.0000E+01  3.7500E+00 -9.1318E-01  1.0000E+02  0.0000E+00  0.0000E+00  0.0000E+00  0.0000E+00  0.0000E+00  6.1920E-02  1.4510E+00  9.0306E-01  1.4463E-01  7.3607E+00  1.0000E+00  6.1920E-02  0.0000E+00 -1.0000E+00 -9.1318E-01  6.1920E-02 -9.7510E-01  0.0000E+00
  1.0000E+00  9.1000E+01  3.7917E+00  6.8994E-01  1.0000E+02  0.0000E+00  0.0000E+00  0.0000E+00  0.0000E+00  0.0000E+00  6.0174E-02  1.4094E+00  8.7700E-01  1.4046E-01  7.4218E+00  1.0000E+00  6.0174E-02  0.0000E+00 -1.0000E+00  6.8994E-01  6.0174E-02  6.2977E-01  0.0000E+00
  1.0000E+00  9.2000E+01  3.8333E+00 -1.8328E+00  1.0000E+02  0.0000E+00  0.0000E+00  0.0000E+00  0.0000E+00  0.0000E+00  5.8575E-02  1.3715E+00  8.5321E-01  1.3664E-01  7.4811E+00  1.0000E+00  5.8575E-02  0.0000E+00 -1.0000E+00 -1.8328E+00  5.8575E-02 -1.8914E+00  0.0000E+00
  1.0000E+00  9.3000E+01  3.8750E+00  2.8986E-01  1.0000E+02  0.0000E+00  0.0000E+00  0.0000E+00  0.0000E+00  0.0000E+00  5.7104E-02  1.3366E+00  8.3135E-01  1.3314E-01  7.5390E+00  1.0000E+00  5.7104E-02  0.0000E+00 -1.0000E+00  2.8986E-01  5.7104E-02  2.3275E-01  0.0000E+00
  1.0000E+00  9.4000E+01  3.9167E+00  8.2908E-01  1.0000E+02  0.0000E+00  0.0000E+00  0.0000E+00  0.0000E+00  0.0000E+00  5.5743E-02  1.3043E+00  8.1117E-01  1.2990E-01  7.5954E+00  1.0000E+00  5.5743E-02  0.0000E+00 -1.0000E+00  8.2908E-01  5.5743E-02  7.7333E-01  0.0000E+00
  1.0000E+00  9.5000E+01  3.9583E+00  1.1025E+00  1.0000E+02  0.0000E+00  0.0000E+00  0.0000E+00  0.0000E+00  0.0000E+00  5.4479E-02  1.2744E+00  7.9244E-01  1.2690E-01  7.6505E+00  1.0000E+00  5.4479E-02  0.0000E+00 -1.0000E+00  1.1025E+00  5.4479E-02  1.0480E+00  0.0000E+00
  1.0000E+00  9.6000E+01  4.0000E+00 -2.5894E+00  1.0000E+02  0.0000E+00  0.0000E+00  0.0000E+00  0.0000E+00  0.0000E+00  5.3299E-02  1.2465E+00  7.7500E-01  1.2411E-01  7.7044E+00  1.0000E+00  5.3299E-02  0.0000E+00 -1.0000E+00 -2.5894E+00  5.3299E-02 -2.6427E+00  0.0000E+00
  1.0000E+00  9.7000E+01  4.0417E+00  3.6859E-01  1.0000E+02  0.0000E+00  0.0000E+00  0.0000E+00  0.0000E+00  0.0000E+00  1.0640E-01  2.2589E+00  1.3273E+00  2.1106E-01  7.7880E+00  1.0000E+00  1.0640E-01  0.0000E+00 -1.0000E+00  3.6859E-01  1.0640E-01  2.6219E-01  0.0000E+00
  1.0000E+00  9.8000E+01  4.0833E+00 -7.8671E-01  1.0000E+02  0.0000E+00  0.0000E+00  0.0000E+00  0.0000E+00  0.0000E+00  1.2657E-01  2.8672E+00  1.7403E+00  2.7772E-01  7.9063E+00  1.0000E+00  1.2657E-01  0.0000E+00 -1.0000E+00 -7.8671E-01  1.2657E-01 -9.1328E-01  0.0000E+00
  1.0000E+00  9.9000E+01  4.1250E+00  5.5274E-01  1.0000E+02  0.0000E+00  0.0000E+00  0.0000E+00  0.0000E+00  0.0000E+00  1.3078E-01  3.0349E+00  1.8724E+00  2.9948E-01  8.0359E+00  1.0000E+00  1.3078E-01  0.0000E+00 -1.0000E+00  5.5274E-01  1.3078E-01  4.2197E-01  0.0000E+00
  1.0000E+00  1.0000E+02  4.1667E+00  9.1100E-01  1.0000E+02  0.0000E+00  0.0000E+00  0.0000E+00  0.0000E+00  0.0000E+00  1.2766E-01  2.9936E+00  1.8606E+00  2.9790E-01  8.1655E+00  1.0000E+00  1.2766E-01  0.0000E+00 -1.0000E+00  9.1100E-01  1.2766E-01  7.8334E-01  0.0000E+00
  1.0000E+00  1.0100E+02  4.2083E+00  3.7613E-01  1.0000E+02  0.0000E+00  0.0000E+00  0.0000E+00  0.0000E+00  0.0000E+00  1.2156E-01  2.8637E+00  1.7857E+00  2.8606E-01  8.2902E+00  1.0000E+00  1.2156E-01  0.0000E+00 -1.0000E+00  3.7613E-01  1.2156E-01  2.5457E-01  0.0000E+00
  1.0000E+00  1.0200E+02  4.2500E+00  9.2222E-01  1.0000E+02  0.0000E+00  0.0000E+00  0.0000E+00  0.0000E+00  0.0000E+00  1.1459E-01  2.7044E+00  1.6887E+00  2.7058E-01  8.4083E+00  1.0000E+00  1.1459E-01  0.0000E+00 -1.0000E+00  9.2222E-01  1.1459E-01  8.0763E-01  0.0000E+00
  1.0000E+00  1.0300E+02  4.2917E+00 -5.8888E-01  1.0000E+02  0.0000E+00  0.0000E+00  0.0000E+00  0.0000E+00  0.0000E+00  1.0775E-01  2.5436E+00  1.5890E+00  2.5461E-01  8.5195E+00  1.0000E+00  1.0775E-01  0.0000E+00 -1.0000E+00 -5.8888E-01  1.0775E-01 -6.9663E-01  0.0000E+00
  1.0000E+00  1.0400E+02  4.3333E+00  4.4711E-02  1.0000E+02  0.0000E+00  0.0000E+00  0.0000E+00  0.0000E+00  0.0000E+00  1.0143E-01  2.3934E+00  1.4950E+00  2.3956E-01  8.6240E+00  1.0000E+00  1.0143E-01  0.0000E+00 -1.0000E+00  4.4711E-02  1.0143E-01 -5.6722E-02  0.0000E+00
  1.0000E+00  1.0500E+02  4.3750E+00 -2.4474E-01  1.0000E+02  0.0000E+00  0.0000E+00  0.0000E+00  0.0000E+00  0.0000E+00  9.5783E-02  2.2583E+00  1.4101E+00  2.2594E-01  8.7226E+00  1.0000E+00  9.5783E-02  0.0000E+00 -1.0000E+00 -2.4474E-01  9.5783E-02 -3.4053E-01  0.0000E+00
  1.0000E+00  1.0600E+02  4.4167E+00 -8.8745E-02  1.0000E+02  0.0000E+00  0.0000E+00  0.0000E+00  0.0000E+00  0.0000E+00  9.0800E-02  2.1388E+00  1.3349E+00  2.1388E-01  8.8158E+00  1.0000E+00  9.0800E-02  0.0000E+00 -1.0000E+00 -8.8745E-02  9.0800E-02 -1.7954E-01  0.0000E+00
  1.0000E+00  1.0700E+02  4.4583E+00  1.3011E+00  1.0000E+02  0.0000E+00  0.0000E+00  0.0000E+00  0.0000E+00  0.0000E+00  8.6430E-02  2.0339E+00  1.2688E+00  2.0327E-01  8.9044E+00  1.0000E+00  8.6430E-02  0.0000E+00 -1.0000E+00  1.3011E+00  8.6430E-02  1.2147E+00  0.0000E+00
  1.0000E+00  1.0800E+02  4.5000E+00  9.1699E-01  1.0000E+02  0.0000E+00  0.0000E+00  0.0000E+00  0.0000E+00  0.0000E+00  8.2599E-02  1.9420E+00  1.2109E+00  1.9398E-01  8.9888E+00  1.0000E+00  8.2599E-02  0.0000E+00 -1.0000E+00  9.1699E-01  8.2599E-02  8.3439E-01  0.0000E+00
  1.0000E+00  1.0900E+02  4.5417E+00 -1.7108E-02  1.0000E+02  0.0000E+00  0.0000E+00  0.0000E+00  0.0000E+00  0.0000E+00  7.9233E-02  1.8613E+00  1.1600E+00  1.8582E-01  9.0697E+00  1.0000E+00  7.9233E-02  0.0000E+00 -1.0000E+00 -1.7108E-02  7.9233E-02 -9.6341E-02  0.0000E+00
  1.0000E+00  1.1000E+02  4.5833E+00  8.0275E-01  1.0000E+02  0.0000E+00  0.0000E+00  0.0000E+00  0.0000E+00  0.0000E+00  7.6262E-02  1.7901E+00  1.1152E+00  1.7863E-01  9.1474E+00  1.0000E+00  7.6262E-02  0.0000E+00 -1.0000E+00  8.0275E-01  7.6262E-02  7.2649E-01  0.0000E+00
  1.0000E+00  1.1100E+02  4.6250E+00  8.1173E-01  1.0000E+02  0.0000E+00  0.0000E+00  0.0000E+00  0.0000E+00  0.0000E+00  7.3625E-02  1.7270E+00  1.0755E+00  1.7226E-01  9.2224E+00  1.0000E+00  7.3625E-02  0.0000E+00 -1.0000E+00  8.1173E-01  7.3625E-02  7.3811E-01  0.0000E+00
  1.0000E+00  1.1200E+02  4.6667E+00 -1.2218E+00  1.0000E+02  0.0000E+00  0.0000E+00  0.0000E+00  0.0000E+00  0.0000E+00  7.1271E-02  1.6708E+00  1.0401E+00  1.6659E-01  9.2948E+00  1.0000E+00  7.1271E-02  0.0000E+00 -1.0000E+00 -1.2218E+00  7.1271E-02 -1.2931E+00  0.0000E+00
  1.0000E+00  1.1300E+02  4.7083E+00  1.6006E+00  1.0000E+02  0.0000E+00  0.0000E+00  0.0000E+00  0.0000E+00  0.0000E+00  6.9156E-02  1.6203E+00  1.0084E+00  1.6151E-01  9.3650E+00  1.0000E+00  6.9156E-02  0.0000E+00 -1.0000E+00  1.6006E+00  6.9156E-02  1.5314E+00  0.0000E+00
  1.0000E+00  1.1400E+02  4.7500E+00  1.6074E+00  1.0000E+02  0.0000E+00  0.0000E+00  0.0000E+00  0.0000E+00  0.0000E+00  6.7243E-02  1.5748E+00  9.7984E-01  1.5692E-01  9.4332E+00  1.0000E+00  6.7243E-02  0.0000E+00 -1.0000E+00  1.6074E+00  6.7243E-02  1.5401E+00  0.0000E+00
  1.0000E+00  1.1500E+02  4.7917E+00 -1.4876E+00  1.0000E+02  0.0000E+00  0.0000E+00  0.0000E+00  0.0000E+00  0.0000E+00  6.5503E-02  1.5334E+00  9.5387E-01  1.5276E-01  9.4995E+00  1.0000E+00  6.5503E-02  0.0000E+00 -1.0000E+00 -1.4876E+00  6.5503E-02 -1.5531E+00  0.0000E+00
  1.0000E+00  1.1600E+02  4.8333E+00  4.6980E-01  1.0000E+02  0.0000E+00  0.0000E+00  0.0000E+00  0.0000E+00  0.0000E+00  6.3911E-02  1.4956E+00  9.3017E-01  1.4896E-01  9.5642E+00  1.0000E+00  6.3911E-02  0.0000E+00 -1.0000E+00  4.6980E-01  6.3911E-02  4.0589E-01  0.0000E+00
  1.0000E+00  1.1700E+02  4.8750E+00  8.7520E-01  1.0000E+02  0.0000E+00  0.0000E+00  0.0000E+00  0.0000E+00  0.0000E+00  6.2445E-02  1.4608E+00  9.0839E-01  1.4547E-01  9.6274E+00  1.0000E+00  6.2445E-02  0.0000E+00 -1.0000E+00  8.7520E-01  6.2445E-02  8.1275E-01  0.0000E+00
  1.0000E+00  1.1800E+02  4.9167E+00 -2.4584E+00  1.0000E+02  0.0000E+00  0.0000E+00  0.0000E+00  0.0000E+00  0.0000E+00  6.1090E-02  1.4287E+00  8.8829E-01  1.4225E-01  9.6891E+00  1.0000E+00  6.1090E-02  0.0000E+00 -1.0000E+00 -2.4584E+00  6.1090E-02 -2.5195E+00  0.0000E+00
  1.0000E+00  1.1900E+02  4.9583E+00 -6.2081E-01  1.0000E+02  0.0000E+00  0.0000E+00  0.0000E+00  0.0000E+00  0.0000E+00  5.9830E-02  1.3989E+00  8.6963E-01  1.3926E-01  9.7496E+00  1.0000E+00  5.9830E-02  0.0000E+00 -1.0000E+00 -6.2081E-01  5.9830E-02 -6.8064E-01  0.0000E+00
  1.0000E+00  1.2000E+02  5.0000E+00 -5.8490E-02  1.0000E+02  0.0000E+00  0.0000E+00  0.0000E+00  0.0000E+00  0.0000E+00  5.8654E-02  1.3711E+00  8.5225E-01  1.3647E-01  9.8088E+00  1.0000E+00  5.8654E-02  0.0000E+00 -1.0000E+00 -5.8490E-02  5.8654E-02 -1.1714E-01  0.0000E+00
  1.0000E+00  1.2100E+02  5.0417E+00 -1.2779E+00  1.0000E+02  0.0000E+00  0.0000E+00  0.0000E+00  0.0000E+00  0.0000E+00  1.1176E-01  2.3836E+00  1.4046E+00  2.2344E-01  9.8978E+00  1.0000E+00  1.1176E-01  0.0000E+00 -1.0000E+00 -1.2779E+00  1.1176E-01 -1.3897E+00  0.0000E+00
  1.0000E+00  1.2200E+02  5.0833E+00 -3.3039E-01  1.0000E+02  0.0000E+00  0.0000E+00  0.0000E+00  0.0000E+00  0.0000E+00  1.3193E-01  2.9920E+00  1.8177E+00  2.9011E-01  1.0022E+01  1.0000E+00  1.3193E-01  0.0000E+00 -1.0000E+00 -3.3039E-01  1.3193E-01 -4.6232E-01  0.0000E+00
  1.0000E+00  1.2300E+02  5.1250E+00  4.4251E-01  1.0000E+02  0.0000E+00  0.0000E+00  0.0000E+00  0.0000E+00  0.0000E+00  1.3614E-01  3.1597E+00  1.9499E+00  3.1187E-01  1.0156E+01  1.0000E+00  1.3614E-01  0.0000E+00 -1.0000E+00  4.4251E-01  1.3614E-01  3.0636E-01  0.0000E+00
  1.0000E+00  1.2400E+02  5.1667E+00  2.0228E+00  1.0000E+02  0.0000E+00  0.0000E+00  0.0000E+00  0.0000E+00  0.0000E+00  1.3303E-01  3.1185E+00  1.9380E+00  3.1030E-01  1.0291E+01  1.0000E+00  1.3303E-01  0.0000E+00 -1.0000E+00  2.0228E+00  1.3303E-01  1.8898E+00  0.0000E+00
  1.0000E+00  1.2500E+02  5.2083E+00 -2.6799E-01  1.0000E+02  0.0000E+00  0.0000E+00  0.0000E+00  0.0000E+00  0.0000E+00  1.2693E-01  2.9887E+00  1.8632E+00  2.9847E-01  1.0422E+01  1.0000E+00  1.2693E-01  0.0000E+00 -1.0000E+00 -2.6799E-01  1.2693E-01 -3.9492E-01  0.0000E+00
  1.0000E+00  1.2600E+02  5.2500E+00 -1.1534E-01  1.0000E+02  0.0000E+00  0.0000E+00  0.0000E+00  0.0000E+00  0.0000E+00  1.1997E-01  2.8294E+00  1.7663E+00  2.8299E-01  1.0545E+01  1.0000E+00  1.1997E-01  0.0000E+00 -1.0000E+00 -1.1534E-01  1.1997E-01 -2.3531E-01  0.0000E+00
  1.0000E+00  1.2700E+02  5.2917E+00  5.9514E-01  1.0000E+02  0.0000E+00  0.0000E+00  0.0000E+00  0.0000E+00  0.0000E+00  1.1312E-01  2.6687E+00  1.6665E+00  2.6703E-01  1.0662E+01  1.0000E+00  1.1312E-01  0.0000E+00 -1.0000E+00  5.9514E-01  1.1312E-01  4.8202E-01  0.0000E+00
  1.0000E+00  1.2800E+02  5.3333E+00  2.0188E-01  1.0000E+02  0.0000E+00  0.0000E+00  0.0000E+00  0.0000E+00  0.0000E+00  1.0681E-01  2.5186E+00  1.5726E+00  2.5198E-01  1.0771E+01  1.0000E+00  1.0681E-01  0.0000E+00 -1.0000E+00  2.0188E-01  1.0681E-01  9.5064E-02  0.0000E+00
  1.0000E+00  1.2900E+02  5.3750E+00  1.9704E-01  1.0000E+02  0.0000E+00  0.0000E+00  0.0000E+00  0.0000E+00  0.0000E+00  1.0116E-01  2.3835E+00  1.4878E+00  2.3837E-01  1.0875E+01  1.0000E+00  1.0116E-01  0.0000E+00 -1.0000E+00  1.9704E-01  1.0116E-01  9.5882E-02  0.0000E+00
  1.0000E+00  1.3000E+02  5.4167E+00 -3.9449E-01  1.0000E+02  0.0000E+00  0.0000E+00  0.0000E+00  0.0000E+00  0.0000E+00  9.6182E-02  2.2641E+00  1.4126E+00  2.2631E-01  1.0974E+01  1.0000E+00  9.6182E-02  0.0000E+00 -1.0000E+00 -3.9449E-01  9.6182E-02 -4.9067E-01  0.0000E+00
  1.0000E+00  1.3100E+02  5.4583E+00  1.5759E+00  1.0000E+02  0.0000E+00  0.0000E+00  0.0000E+00  0.0000E+00  0.0000E+00  9.1813E-02  2.1592E+00  1.3465E+00  2.1571E-01  1.1068E+01  1.0000E+00  9.1813E-02  0.0000E+00 -1.0000E+00  1.5759E+00  9.1813E-02  1.4841E+00  0.0000E+00
  1.0000E+00  1.3200E+02  5.5000E+00 -3.4243E-01  1.0000E+02  0.0000E+00  0.0000E+00  0.0000E+00  0.0000E+00  0.0000E+00  8.7983E-02  2.0673E+00  1.2885E+00  2.0641E-01  1.1158E+01  1.0000E+00  8.7983E-02  0.0000E+00 -1.0000E+00 -3.4243E-01  8.7983E-02 -4.3041E-01  0.0000E+00
  1.0000E+00  1.3300E+02  5.5417E+00 -3.8034E-01  1.0000E+02  0.0000E+00  0.0000E+00  0.0000E+00  0.0000E+00  0.0000E+00  8.4617E-02  1.9866E+00  1.2377E+00  1.9826E-01  1.1244E+01  1.0000E+00  8.4617E-02  0.0000E+00 -1.0000E+00 -3.8034E-01  8.4617E-02 -4.6496E-01  0.0000E+00
  1.0000E+00  1.3400E+02  5.5833E+00 -3.4671E-01  1.0000E+02  0.0000E+00  0.0000E+00  0.0000E+00  0.0000E+00  0.0000E+00  8.1647E-02  1.9154E+00  1.1929E+00  1.9107E-01  1.1327E+01  1.0000E+00  8.1647E-02  0.0000E+00 -1.0000E+00 -3.4671E-01  8.1647E-02 -4.2836E-01  0.0000E+00
  1.0000E+00  1.3500E+02  5.6250E+00  1.2855E-02  1.0000E+02  0.0000E+00  0.0000E+00  0.0000E+00  0.0000E+00  0.0000E+00  7.9010E-02  1.8523E+00  1.1532E+00  1.8470E-01  1.1407E+01  1.0000E+00  7.9010E-02  0.0000E+00 -1.0000E+00  1.2855E-02  7.9010E-02 -6.6155E-02  0.0000E+00
  1.0000E+00  1.3600E+02  5.6667E+00 -3.9970E-01  1.0000E+02  0.0000E+00  0.0000E+00  0.0000E+00  0.0000E+00  0.0000E+00  7.6656E-02  1.7961E+00  1.1178E+00  1.7903E-01  1.1485E+01  1.0000E+00  7.6656E-02  0.0000E+00 -1.0000E+00 -3.9970E-01  7.6656E-02 -4.7636E-01  0.0000E+00
  1.0000E+00  1.3700E+02  5.7083E+00 -3.3319E-01  1.0000E+02  0.0000E+00  0.0000E+00  0.0000E+00  0.0000E+00  0.0000E+00  7.4541E-02  1.7456E+00  1.0861E+00  1.7395E-01  1.1561E+01  1.0000E+00  7.4541E-02  0.0000E+00 -1.0000E+00 -3.3319E-01  7.4541E-02 -4.0773E-01  0.0000E+00
  1.0000E+00  1.3800E+02  5.7500E+00  9.5393E-01  1.0000E+02  0.0000E+00  0.0000E+00  0.0000E+00  0.0000E+00  0.0000E+00  7.2628E-02  1.7001E+00  1.0575E+00  1.6936E-01  1.1634E+01  1.0000E+00  7.2628E-02  0.0000E+00 -1.0000E+00  9.5393E-01  7.2628E-02  8.8131E-01  0.0000E+00
  1.0000E+00  1.3900E+02  5.7917E+00  5.2079E-01  1.0000E+02  0.0000E+00  0.0000E+00  0.0000E+00  0.0000E+00  0.0000E+00  7.0887E-02  1.6587E+00  1.0316E+00  1.6520E-01  1.1706E+01  1.0000E+00  7.0887E-02  0.0000E+00 -1.0000E+00  5.2079E-01  7.0887E-02  4.4990E-01  0.0000E+00
  1.0000E+00  1.4000E+02  5.8333E+00  1.4104E-01  1.0000E+02  0.0000E+00  0.0000E+00  0.0000E+00  0.0000E+00  0.0000E+00  6.9294E-02  1.6209E+00  1.0078E+00  1.6140E-01  1.1776E+01  1.0000E+00  6.9294E-02  0.0000E+00 -1.0000E+00  1.4104E-01  6.9294E-02  7.1742E-02  0.0000E+00
  1.0000E+00  1.4100E+02  5.8750E+00 -5.8257E-01  1.0000E+02  0.0000E+00  0.0000E+00  0.0000E+00  0.0000E+00  0.0000E+00  6.7827E-02  1.5861E+00  9.8606E-01  1.5790E-01  1.1845E+01  1.0000E+00  6.7827E-02  0.0000E+00 -1.0000E+00 -5.8257E-01  6.7827E-02 -6.5040E-01  0.0000E+00
  1.0000E+00  1.4200E+02  5.9167E+00 -2.6899E-01  1.0000E+02  0.0000E+00  0.0000E+00  0.0000E+00  0.0000E+00  0.0000E+00  6.6471E-02  1.5539E+00  9.6594E-01  1.5468E-01  1.1912E+01  1.0000E+00  6.6471E-02  0.0000E+00 -1.0000E+00 -2.6899E-01  6.6471E-02 -3.3546E-01  0.0000E+00
  1.0000E+00  1.4300E+02  5.9583E+00 -1.0782E+00  1.0000E+02  0.0000E+00  0.0000E+00  0.0000E+00  0.0000E+00  0.0000E+00  6.5210E-02  1.5241E+00  9.4727E-01  1.5169E-01  1.1978E+01  1.0000E+00  6.5210E-02  0.0000E+00 -1.0000E+00 -1.0782E+00  6.5210E-02 -1.1434E+00  0.0000E+00
  1.0000E+00  1.4400E+02  6.0000E+00 -2.1343E-01  1.0000E+02  0.0000E+00  0.0000E+00  0.0000E+00  0.0000E+00  0.0000E+00  6.4033E-02  1.4963E+00  9.2988E-01  1.4890E-01  1.2042E+01  1.0000E+00  6.4033E-02  0.0000E+00 -1.0000E+00 -2.1343E-01  6.4033E-02 -2.7746E-01  0.0000E+00
  1.0000E+00  1.4500E+02  6.0417E+00 -1.1116E+00  1.0000E+02  0.0000E+00  0.0000E+00  0.0000E+00  0.0000E+00  0.0000E+00  1.1713E-01  2.5087E+00  1.4822E+00  2.3586E-01  1.2137E+01  1.0000E+00  1.1713E-01  0.0000E+00 -1.0000E+00 -1.1116E+00  1.1713E-01 -1.2288E+00  0.0000E+00
  1.0000E+00  1.4600E+02  6.0833E+00 -1.0099E-01  1.0000E+02  0.0000E+00  0.0000E+00  0.0000E+00  0.0000E+00  0.0000E+00  1.3731E-01  3.1171E+00  1.8953E+00  3.0253E-01  1.2266E+01  1.0000E+00  1.3731E-01  0.0000E+00 -1.0000E+00 -1.0099E-01  1.3731E-01 -2.3830E-01  0.0000E+00
  1.0000E+00  1.4700E+02  6.1250E+00  1.5091E-01  1.0000E+02  0.0000E+00  0.0000E+00  0.0000E+00  0.0000E+00  0.0000E+00  1.4152E-01  3.2848E+00  2.0274E+00  3.2429E-01  1.2406E+01  1.0000E+00  1.4152E-01  0.0000E+00 -1.0000E+00  1.5091E-01  1.4152E-01  9.3966E-03  0.0000E+00
  1.0000E+00  1.4800E+02  6.1667E+00  7.0782E-01  1.0000E+02  0.0000E+00  0.0000E+00  0.0000E+00  0.0000E+00  0.0000E+00  1.3840E-01  3.2436E+00  2.0156E+00  3.2271E-01  1.2546E+01  1.0000E+00  1.3840E-01  0.0000E+00 -1.0000E+00  7.0782E-01  1.3840E-01  5.6942E-01  0.0000E+00
  1.0000E+00  1.4900E+02  6.2083E+00  1.8923E+00  1.0000E+02  0.0000E+00  0.0000E+00  0.0000E+00  0.0000E+00  0.0000E+00  1.3230E-01  3.1137E+00  1.9408E+00  3.1087E-01  1.2682E+01  1.0000E+00  1.3230E-01  0.0000E+00 -1.0000E+00  1.8923E+00  1.3230E-01  1.7600E+00  0.0000E+00
  1.0000E+00  1.5000E+02  6.2500E+00 -8.0989E-01  1.0000E+02  0.0000E+00  0.0000E+00  0.0000E+00  0.0000E+00  0.0000E+00  1.2534E-01  2.9544E+00  1.8438E+00  2.9539E-01  1.2811E+01  1.0000E+00  1.2534E-01  0.0000E+00 -1.0000E+00 -8.0989E-01  1.2534E-01 -9.3522E-01  0.0000E+00
  1.0000E+00  1.5100E+02  6.2917E+00 -1.5027E+00  1.0000E+02  0.0000E+00  0.0000E+00  0.0000E+00  0.0000E+00  0.0000E+00  1.1849E-01  2.7936E+00  1.7440E+00  2.7943E-01  1.2933E+01  1.0000E+00  1.1849E-01  0.0000E+00 -1.0000E+00 -1.5027E+00  1.1849E-01 -1.6212E+00  0.0000E+00
  1.0000E+00  1.5200E+02  6.3333E+00 -1.1919E-01  1.0000E+02  0.0000E+00  0.0000E+00  0.0000E+00  0.0000E+00  0.0000E+00  1.1218E-01  2.6434E+00  1.6501E+00  2.6437E-01  1.3048E+01  1.0000E+00  1.1218E-01  0.0000E+00 -1.0000E+00 -1.1919E-01  1.1218E-01 -2.3136E-01  0.0000E+00
  1.0000E+00  1.5300E+02  6.3750E+00 -7.8937E-01  1.0000E+02  0.0000E+00  0.0000E+00  0.0000E+00  0.0000E+00  0.0000E+00  1.0653E-01  2.5083E+00  1.5652E+00  2.5076E-01  1.3157E+01  1.0000E+00  1.0653E-01  0.0000E+00 -1.0000E+00 -7.8937E-01  1.0653E-01 -8.9589E-01  0.0000E+00
  1.0000E+00  1.5400E+02  6.4167E+00  2.2130E+00  1.0000E+02  0.0000E+00  0.0000E+00  0.0000E+00  0.0000E+00  0.0000E+00  1.0154E-01  2.3888E+00  1.4899E+00  2.3869E-01  1.3261E+01  1.0000E+00  1.0154E-01  0.0000E+00 -1.0000E+00  2.2130E+00  1.0154E-01  2.1114E+00  0.0000E+00
  1.0000E+00  1.5500E+02  6.4583E+00 -2.1550E-01  1.0000E+02  0.0000E+00  0.0000E+00  0.0000E+00  0.0000E+00  0.0000E+00  9.7170E-02  2.2839E+00  1.4238E+00  2.2808E-01  1.3361E+01  1.0000E+00  9.7170E-02  0.0000E+00 -1.0000E+00 -2.1550E-01  9.7170E-02 -3.1267E-01  0.0000E+00
  1.0000E+00  1.5600E+02  6.5000E+00 -8.5657E-01  1.0000E+02  0.0000E+00  0.0000E+00  0.0000E+00  0.0000E+00  0.0000E+00  9.3338E-02  2.1919E+00  1.3658E+00  2.1879E-01  1.3456E+01  1.0000E+00  9.3338E-02  0.0000E+00 -1.0000E+00 -8.5657E-01  9.3338E-02 -9.4991E-01  0.0000E+00
  1.0000E+00  1.5700E+02  6.5417E+00  1.6698E+00  1.0000E+02  0.0000E+00  0.0000E+00  0.0000E+00  0.0000E+00  0.0000E+00  8.9969E-02  2.1111E+00  1.3149E+00  2.1062E-01  1.3547E+01  1.0000E+00  8.9969E-02  0.0000E+00 -1.0000E+00  1.6698E+00  8.9969E-02  1.5798E+00  0.0000E+00
  1.0000E+00  1.5800E+02  6.5833E+00  1.6592E+00  1.0000E+02  0.0000E+00  0.0000E+00  0.0000E+00  0.0000E+00  0.0000E+00  8.6996E-02  2.0399E+00  1.2701E+00  2.0343E-01  1.3636E+01  1.0000E+00  8.6996E-02  0.0000E+00 -1.0000E+00  1.6592E+00  8.6996E-02  1.5722E+00  0.0000E+00
  1.0000E+00  1.5900E+02  6.6250E+00  1.4064E+00  1.0000E+02  0.0000E+00  0.0000E+00  0.0000E+00  0.0000E+00  0.0000E+00  8.4357E-02  1.9768E+00  1.2304E+00  1.9706E-01  1.3721E+01  1.0000E+00  8.4357E-02  0.0000E+00 -1.0000E+00  1.4064E+00  8.4357E-02  1.3221E+00  0.0000E+00
  1.0000E+00  1.6000E+02  6.6667E+00  9.2865E-01  1.0000E+02  0.0000E+00  0.0000E+00  0.0000E+00  0.0000E+00  0.0000E+00  8.2000E-02  1.9205E+00  1.1950E+00  1.9138E-01  1.3805E+01  1.0000E+00  8.2000E-02  0.0000E+00 -1.0000E+00  9.2865E-01  8.2000E-02  8.4665E-01  0.0000E+00
  1.0000E+00  1.6100E+02  6.7083E+00  2.1785E+00  1.0000E+02  0.0000E+00  0.0000E+00  0.0000E+00  0.0000E+00  0.0000E+00  7.9882E-02  1.8699E+00  1.1632E+00  1.8629E-01  1.3886E+01  1.0000E+00  7.9882E-02  0.0000E+00 -1.0000E+00  2.1785E+00  7.9882E-02  2.0986E+00  0.0000E+00
  1.0000E+00  1.6200E+02  6.7500E+00  8.2693E-02  1.0000E+02  0.0000E+00  0.0000E+00  0.0000E+00  0.0000E+00  0.0000E+00  7.7966E-02  1.8243E+00  1.1346E+00  1.8170E-01  1.3964E+01  1.0000E+00  7.7966E-02  0.0000E+00 -1.0000E+00  8.2693E-02  7.7966E-02  4.7276E-03  0.0000E+00
  1.0000E+00  1.6300E+02  6.7917E+00  8.1449E-01  1.0000E+02  0.0000E+00  0.0000E+00  0.0000E+00  0.0000E+00  0.0000E+00  7.6222E-02  1.7828E+00  1.1086E+00  1.7753E-01  1.4042E+01  1.0000E+00  7.6222E-02  0.0000E+00 -1.0000E+00  8.1449E-01  7.6222E-02  7.3827E-01  0.0000E+00
  1.0000E+00  1.6400E+02  6.8333E+00 -2.4169E-01  1.0000E+02  0.0000E+00  0.0000E+00  0.0000E+00  0.0000E+00  0.0000E+00  7.4626E-02  1.7449E+00  1.0848E+00  1.7372E-01  1.4117E+01  1.0000E+00  7.4626E-02  0.0000E+00 -1.0000E+00 -2.4169E-01  7.4626E-02 -3.1631E-01  0.0000E+00
  1.0000E+00  1.6500E+02  6.8750E+00  1.0747E+00  1.0000E+02  0.0000E+00  0.0000E+00  0.0000E+00  0.0000E+00  0.0000E+00  7.3156E-02  1.7101E+00  1.0630E+00  1.7022E-01  1.4191E+01  1.0000E+00  7.3156E-02  0.0000E+00 -1.0000E+00  1.0747E+00  7.3156E-02  1.0015E+00  0.0000E+00
  1.0000E+00  1.6600E+02  6.9167E+00 -4.7179E-01  1.0000E+02  0.0000E+00  0.0000E+00  0.0000E+00  0.0000E+00  0.0000E+00  7.1796E-02  1.6779E+00  1.0428E+00  1.6698E-01  1.4263E+01  1.0000E+00  7.1796E-02  0.0000E+00 -1.0000E+00 -4.7179E-01  7.1796E-02 -5.4359E-01  0.0000E+00
  1.0000E+00  1.6700E+02  6.9583E+00  4.8895E-01  1.0000E+02  0.0000E+00  0.0000E+00  0.0000E+00  0.0000E+00  0.0000E+00  7.0532E-02  1.6480E+00  1.0241E+00  1.6399E-01  1.4334E+01  1.0000E+00  7.0532E-02  0.0000E+00 -1.0000E+00  4.8895E-01  7.0532E-02  4.1842E-01  0.0000E+00
  1.0000E+00  1.6800E+02  7.0000E+00 -2.0035E-01  1.0000E+02  0.0000E+00  0.0000E+00  0.0000E+00  0.0000E+00  0.0000E+00  6.9352E-02  1.6201E+00  1.0066E+00  1.6119E-01  1.4404E+01  1.0000E+00  6.9352E-02  0.0000E+00 -1.0000E+00 -2.0035E-01  6.9352E-02 -2.6970E-01  0.0000E+00
  1.0000E+00  1.6900E+02  7.0417E+00  1.1423E+00  1.0000E+02  0.0000E+00  0.0000E+00  0.0000E+00  0.0000E+00  0.0000E+00  1.2245E-01  2.6324E+00  1.5590E+00  2.4815E-01  1.4504E+01  1.0000E+00  1.2245E-01  0.0000E+00 -1.0000E+00  1.1423E+00  1.2245E-01  1.0199E+00  0.0000E+00
  1.0000E+00  1.7000E+02  7.0833E+00  1.3706E+00  1.0000E+02  0.0000E+00  0.0000E+00  0.0000E+00  0.0000E+00  0.0000E+00  1.4262E-01  3.2408E+00  1.9719E+00  3.1480E-01  1.4639E+01  1.0000E+00  1.4262E-01  0.0000E+00 -1.0000E+00  1.3706E+00  1.4262E-01  1.2279E+00  0.0000E+00
  1.0000E+00  1.7100E+02  7.1250E+00  9.3709E-02  1.0000E+02  0.0000E+00  0.0000E+00  0.0000E+00  0.0000E+00  0.0000E+00  1.4683E-01  3.4084E+00  2.1040E+00  3.3655E-01  1.4784E+01  1.0000E+00  1.4683E-01  0.0000E+00 -1.0000E+00  9.3709E-02  1.4683E-01 -5.3118E-02  0.0000E+00
  1.0000E+00  1.7200E+02  7.1667E+00  2.4820E-01  1.0000E+02  0.0000E+00  0.0000E+00  0.0000E+00  0.0000E+00  0.0000E+00  1.4371E-01  3.3670E+00  2.0921E+00  3.3497E-01  1.4930E+01  1.0000E+00  1.4371E-01  0.0000E+00 -1.0000E+00  2.4820E-01  1.4371E-01  1.0450E-01  0.0000E+00
  1.0000E+00  1.7300E+02  7.2083E+00 -2.5479E+00  1.0000E+02  0.0000E+00  0.0000E+00  0.0000E+00  0.0000E+00  0.0000E+00  1.3760E-01  3.2371E+00  2.0173E+00  3.2312E-01  1.5071E+01  1.0000E+00  1.3760E-01  0.0000E+00 -1.0000E+00 -2.5479E+00  1.3760E-01 -2.6855E+00  0.0000E+00
  1.0000E+00  1.7400E+02  7.2500E+00  4.4288E-01  1.0000E+02  0.0000E+00  0.0000E+00  0.0000E+00  0.0000E+00  0.0000E+00  1.3064E-01  3.0777E+00  1.9202E+00  3.0764E-01  1.5205E+01  1.0000E+00  1.3064E-01  0.0000E+00 -1.0000E+00  4.4288E-01  1.3064E-01  3.1225E-01  0.0000E+00
  1.0000E+00  1.7500E+02  7.2917E+00 -2.8473E-01  1.0000E+02  0.0000E+00  0.0000E+00  0.0000E+00  0.0000E+00  0.0000E+00  1.2379E-01  2.9168E+00  1.8204E+00  2.9166E-01  1.5332E+01  1.0000E+00  1.2379E-01  0.0000E+00 -1.0000E+00 -2.8473E-01  1.2379E-01 -4.0851E-01  0.0000E+00
  1.0000E+00  1.7600E+02  7.3333E+00 -1.9699E-01  1.0000E+02  0.0000E+00  0.0000E+00  0.0000E+00  0.0000E+00  0.0000E+00  1.1747E-01  2.7666E+00  1.7264E+00  2.7660E-01  1.5452E+01  1.0000E+00  1.1747E-01  0.0000E+00 -1.0000E+00 -1.9699E-01  1.1747E-01 -3.1446E-01  0.0000E+00
  1.0000E+00  1.7700E+02  7.3750E+00 -5.6934E-02  1.0000E+02  0.0000E+00  0.0000E+00  0.0000E+00  0.0000E+00  0.0000E+00  1.1181E-01  2.6314E+00  1.6415E+00  2.6298E-01  1.5567E+01  1.0000E+00  1.1181E-01  0.0000E+00 -1.0000E+00 -5.6934E-02  1.1181E-01 -1.6875E-01  0.0000E+00
  1.0000E+00  1.7800E+02  7.4167E+00 -1.1978E+00  1.0000E+02  0.0000E+00  0.0000E+00  0.0000E+00  0.0000E+00  0.0000E+00  1.0683E-01  2.5118E+00  1.5662E+00  2.5090E-01  1.5676E+01  1.0000E+00  1.0683E-01  0.0000E+00 -1.0000E+00 -1.1978E+00  1.0683E-01 -1.3047E+00  0.0000E+00
  1.0000E+00  1.7900E+02  7.4583E+00  1.1603E+00  1.0000E+02  0.0000E+00  0.0000E+00  0.0000E+00  0.0000E+00  0.0000E+00  1.0245E-01  2.4068E+00  1.5000E+00  2.4028E-01  1.5781E+01  1.0000E+00  1.0245E-01  0.0000E+00 -1.0000E+00  1.1603E+00  1.0245E-01  1.0578E+00  0.0000E+00
  1.0000E+00  1.8000E+02  7.5000E+00  1.5648E-01  1.0000E+02  0.0000E+00  0.0000E+00  0.0000E+00  0.0000E+00  0.0000E+00  9.8614E-02  2.3147E+00  1.4420E+00  2.3098E-01  1.5881E+01  1.0000E+00  9.8614E-02  0.0000E+00 -1.0000E+00  1.5648E-01  9.8614E-02  5.7866E-02  0.0000E+00
  1.0000E+00  1.8100E+02  7.5417E+00 -7.2743E-01  1.0000E+02  0.0000E+00  0.0000E+00  0.0000E+00  0.0000E+00  0.0000E+00  9.5242E-02  2.2338E+00  1.3910E+00  2.2281E-01  1.5978E+01  1.0000E+00  9.5242E-02  0.0000E+00 -1.0000E+00 -7.2743E-01  9.5242E-02 -8.2267E-01  0.0000E+00
  1.0000E+00  1.8200E+02  7.5833E+00 -5.8246E-01  1.0000E+02  0.0000E+00  0.0000E+00  0.0000E+00  0.0000E+00  0.0000E+00  9.2265E-02  2.1625E+00  1.3461E+00  2.1560E-01  1.6072E+01  1.0000E+00  9.2265E-02  0.0000E+00 -1.0000E+00 -5.8246E-01  9.2265E-02 -6.7473E-01  0.0000E+00
  1.0000E+00  1.8300E+02  7.6250E+00  7.0248E-01  1.0000E+02  0.0000E+00  0.0000E+00  0.0000E+00  0.0000E+00  0.0000E+00  8.9622E-02  2.0993E+00  1.3064E+00  2.0922E-01  1.6163E+01  1.0000E+00  8.9622E-02  0.0000E+00 -1.0000E+00  7.0248E-01  8.9622E-02  6.1286E-01  0.0000E+00
  1.0000E+00  1.8400E+02  7.6667E+00 -1.7646E-01  1.0000E+02  0.0000E+00  0.0000E+00  0.0000E+00  0.0000E+00  0.0000E+00  8.7261E-02  2.0429E+00  1.2709E+00  2.0354E-01  1.6251E+01  1.0000E+00  8.7261E-02  0.0000E+00 -1.0000E+00 -1.7646E-01  8.7261E-02 -2.6372E-01  0.0000E+00
  1.0000E+00  1.8500E+02  7.7083E+00  2.0968E-01  1.0000E+02  0.0000E+00  0.0000E+00  0.0000E+00  0.0000E+00  0.0000E+00  8.5139E-02  1.9923E+00  1.2391E+00  1.9844E-01  1.6338E+01  1.0000E+00  8.5139E-02  0.0000E+00 -1.0000E+00  2.0968E-01  8.5139E-02  1.2454E-01  0.0000E+00
  1.0000E+00  1.8600E+02  7.7500E+00  8.6071E-01  1.0000E+02  0.0000E+00  0.0000E+00  0.0000E+00  0.0000E+00  0.0000E+00  8.3219E-02  1.9466E+00  1.2104E+00  1.9383E-01  1.6422E+01  1.0000E+00  8.3219E-02  0.0000E+00 -1.0000E+00  8.6071E-01  8.3219E-02  7.7749E-01  0.0000E+00
  1.0000E+00  1.8700E+02  7.7917E+00 -4.4305E-01  1.0000E+02  0.0000E+00  0.0000E+00  0.0000E+00  0.0000E+00  0.0000E+00  8.1472E-02  1.9050E+00  1.1843E+00  1.8966E-01  1.6504E+01  1.0000E+00  8.1472E-02  0.0000E+00 -1.0000E+00 -4.4305E-01  8.1472E-02 -5.2452E-01  0.0000E+00
  1.0000E+00  1.8800E+02  7.8333E+00  2.3766E-01  1.0000E+02  0.0000E+00  0.0000E+00  0.0000E+00  0.0000E+00  0.0000E+00  7.9871E-02  1.8670E+00  1.1605E+00  1.8584E-01  1.6585E+01  1.0000E+00  7.9871E-02  0.0000E+00 -1.0000E+00  2.3766E-01  7.9871E-02  1.5779E-01  0.0000E+00
  1.0000E+00  1.8900E+02  7.8750E+00  3.2795E-01  1.0000E+02  0.0000E+00  0.0000E+00  0.0000E+00  0.0000E+00  0.0000E+00  7.8398E-02  1.8321E+00  1.1386E+00  1.8233E-01  1.6664E+01  1.0000E+00  7.8398E-02  0.0000E+00 -1.0000E+00  3.2795E-01  7.8398E-02  2.4955E-01  0.0000E+00
  1.0000E+00  1.9000E+02  7.9167E+00 -3.4055E-01  1.0000E+02  0.0000E+00  0.0000E+00  0.0000E+00  0.0000E+00  0.0000E+00  7.7034E-02  1.7998E+00  1.1184E+00  1.7909E-01  1.6742E+01  1.0000E+00  7.7034E-02  0.0000E+00 -1.0000E+00 -3.4055E-01  7.7034E-02 -4.1759E-01  0.0000E+00
  1.0000E+00  1.9100E+02  7.9583E+00  8.8334E-01  1.0000E+02  0.0000E+00  0.0000E+00  0.0000E+00  0.0000E+00  0.0000E+00  7.5766E-02  1.7698E+00  1.0996E+00  1.7608E-01  1.6818E+01  1.0000E+00  7.5766E-02  0.0000E+00 -1.0000E+00  8.8334E-01  7.5766E-02  8.0757E-01  0.0000E+00
  1.0000E+00  1.9200E+02  8.0000E+00  5.9243E-01  1.0000E+02  0.0000E+00  0.0000E+00  0.0000E+00  0.0000E+00  0.0000E+00  7.4582E-02  1.7418E+00  1.0821E+00  1.7327E-01  1.6893E+01  1.0000E+00  7.4582E-02  0.0000E+00 -1.0000E+00  5.9243E-01  7.4582E-02  5.1785E-01  0.0000E+00
  1.0000E+00  1.9300E+02  8.0417E+00 -5.9172E-01  1.0000E+02  0.0000E+00  0.0000E+00  0.0000E+00  0.0000E+00  0.0000E+00  1.2767E-01  2.7541E+00  1.6344E+00  2.6022E-01  1.6998E+01  1.0000E+00  1.2767E-01  0.0000E+00 -1.0000E+00 -5.9172E-01  1.2767E-01 -7.1939E-01  0.0000E+00
  1.0000E+00  1.9400E+02  8.0833E+00  1.0090E+00  1.0000E+02  0.0000E+00  0.0000E+00  0.0000E+00  0.0000E+00  0.0000E+00  1.4784E-01  3.3623E+00  2.0473E+00  3.2687E-01  1.7138E+01  1.0000E+00  1.4784E-01  0.0000E+00 -1.0000E+00  1.0090E+00  1.4784E-01  8.6120E-01  0.0000E+00
  1.0000E+00  1.9500E+02  8.1250E+00 -1.0760E+00  1.0000E+02  0.0000E+00  0.0000E+00  0.0000E+00  0.0000E+00  0.0000E+00  1.5204E-01  3.5298E+00  2.1794E+00  3.4861E-01  1.7288E+01  1.0000E+00  1.5204E-01  0.0000E+00 -1.0000E+00 -1.0760E+00  1.5204E-01 -1.2280E+00  0.0000E+00
  1.0000E+00  1.9600E+02  8.1667E+00  8.0016E-02  1.0000E+02  0.0000E+00  0.0000E+00  0.0000E+00  0.0000E+00  0.0000E+00  1.4892E-01  3.4884E+00  2.1674E+00  3.4702E-01  1.7439E+01  1.0000E+00  1.4892E-01  0.0000E+00 -1.0000E+00  8.0016E-02  1.4892E-01 -6.8906E-02  0.0000E+00
  1.0000E+00  1.9700E+02  8.2083E+00  1.6707E+00  1.0000E+02  0.0000E+00  0.0000E+00  0.0000E+00  0.0000E+00  0.0000E+00  1.4281E-01  3.3583E+00  2.0925E+00  3.3516E-01  1.7585E+01  1.0000E+00  1.4281E-01  0.0000E+00 -1.0000E+00  1.6707E+00  1.4281E-01  1.5278E+00  0.0000E+00
  1.0000E+00  1.9800E+02  8.2500E+00  1.1689E-01  1.0000E+02  0.0000E+00  0.0000E+00  0.0000E+00  0.0000E+00  0.0000E+00  1.3584E-01  3.1988E+00  1.9954E+00  3.1966E-01  1.7725E+01  1.0000E+00  1.3584E-01  0.0000E+00 -1.0000E+00  1.1689E-01  1.3584E-01 -1.8949E-02  0.0000E+00
  1.0000E+00  1.9900E+02  8.2917E+00 -1.2151E-01  1.0000E+02  0.0000E+00  0.0000E+00  0.0000E+00  0.0000E+00  0.0000E+00  1.2899E-01  3.0379E+00  1.8955E+00  3.0368E-01  1.7857E+01  1.0000E+00  1.2899E-01  0.0000E+00 -1.0000E+00 -1.2151E-01  1.2899E-01 -2.5050E-01  0.0000E+00
  1.0000E+00  2.0000E+02  8.3333E+00 -1.8591E-01  1.0000E+02  0.0000E+00  0.0000E+00  0.0000E+00  0.0000E+00  0.0000E+00  1.2266E-01  2.8875E+00  1.8014E+00  2.8861E-01  1.7983E+01  1.0000E+00  1.2266E-01  0.0000E+00 -1.0000E+00 -1.8591E-01  1.2266E-01 -3.0857E-01  0.0000E+00
  1.0000E+00  2.0100E+02  8.3750E+00 -9.6007E-01  1.0000E+02  0.0000E+00  0.0000E+00  0.0000E+00  0.0000E+00  0.0000E+00  1.1701E-01  2.7522E+00  1.7164E+00  2.7498E-01  1.8103E+01  1.0000E+00  1.1701E-01  0.0000E+00 -1.0000E+00 -9.6007E-01  1.1701E-01 -1.0771E+00  0.0000E+00
  1.0000E+00  2.0200E+02  8.4167E+00 -2.6848E-01  1.0000E+02  0.0000E+00  0.0000E+00  0.0000E+00  0.0000E+00  0.0000E+00  1.1201E-01  2.6325E+00  1.6411E+00  2.6289E-01  1.8217E+01  1.0000E+00  1.1201E-01  0.0000E+00 -1.0000E+00 -2.6848E-01  1.1201E-01 -3.8050E-01  0.0000E+00
  1.0000E+00  2.0300E+02  8.4583E+00  5.4263E-01  1.0000E+02  0.0000E+00  0.0000E+00  0.0000E+00  0.0000E+00  0.0000E+00  1.0764E-01  2.5274E+00  1.5749E+00  2.5227E-01  1.8327E+01  1.0000E+00  1.0764E-01  0.0000E+00 -1.0000E+00  5.4263E-01  1.0764E-01  4.3499E-01  0.0000E+00
  1.0000E+00  2.0400E+02  8.5000E+00  3.0309E-01  1.0000E+02  0.0000E+00  0.0000E+00  0.0000E+00  0.0000E+00  0.0000E+00  1.0380E-01  2.4353E+00  1.5168E+00  2.4295E-01  1.8432E+01  1.0000E+00  1.0380E-01  0.0000E+00 -1.0000E+00  3.0309E-01  1.0380E-01  1.9929E-01  0.0000E+00
  1.0000E+00  2.0500E+02  8.5417E+00  1.1212E+00  1.0000E+02  0.0000E+00  0.0000E+00  0.0000E+00  0.0000E+00  0.0000E+00  1.0042E-01  2.3543E+00  1.4658E+00  2.3477E-01  1.8535E+01  1.0000E+00  1.0042E-01  0.0000E+00 -1.0000E+00  1.1212E+00  1.0042E-01  1.0208E+00  0.0000E+00
  1.0000E+00  2.0600E+02  8.5833E+00  4.0238E-01  1.0000E+02  0.0000E+00  0.0000E+00  0.0000E+00  0.0000E+00  0.0000E+00  9.7438E-02  2.2829E+00  1.4208E+00  2.2756E-01  1.8633E+01  1.0000E+00  9.7438E-02  0.0000E+00 -1.0000E+00  4.0238E-01  9.7438E-02  3.0494E-01  0.0000E+00
  1.0000E+00  2.0700E+02  8.6250E+00 -1.5000E+00  1.0000E+02  0.0000E+00  0.0000E+00  0.0000E+00  0.0000E+00  0.0000E+00  9.4791E-02  2.2196E+00  1.3810E+00  2.2117E-01  1.8730E+01  1.0000E+00  9.4791E-02  0.0000E+00 -1.0000E+00 -1.5000E+00  9.4791E-02 -1.5948E+00  0.0000E+00
  1.0000E+00  2.0800E+02  8.6667E+00 -5.7172E-02  1.0000E+02  0.0000E+00  0.0000E+00  0.0000E+00  0.0000E+00  0.0000E+00  9.2426E-02  2.1631E+00  1.3455E+00  2.1547E-01  1.8823E+01  1.0000E+00  9.2426E-02  0.0000E+00 -1.0000E+00 -5.7172E-02  9.2426E-02 -1.4960E-01  0.0000E+00
  1.0000E+00  2.0900E+02  8.7083E+00 -1.3555E+00  1.0000E+02  0.0000E+00  0.0000E+00  0.0000E+00  0.0000E+00  0.0000E+00  9.0300E-02  2.1124E+00  1.3136E+00  2.1036E-01  1.8914E+01  1.0000E+00  9.0300E-02  0.0000E+00 -1.0000E+00 -1.3555E+00  9.0300E-02 -1.4458E+00  0.0000E+00
  1.0000E+00  2.1000E+02  8.7500E+00 -1.7847E+00  1.0000E+02  0.0000E+00  0.0000E+00  0.0000E+00  0.0000E+00  0.0000E+00  8.8376E-02  2.0666E+00  1.2848E+00  2.0575E-01  1.9004E+01  1.0000E+00  8.8376E-02  0.0000E+00 -1.0000E+00 -1.7847E+00  8.8376E-02 -1.8731E+00  0.0000E+00
  1.0000E+00  2.1100E+02  8.7917E+00  5.1884E-01  1.0000E+02  0.0000E+00  0.0000E+00  0.0000E+00  0.0000E+00  0.0000E+00  8.6624E-02  2.0250E+00  1.2587E+00  2.0156E-01  1.9091E+01  1.0000E+00  8.6624E-02  0.0000E+00 -1.0000E+00  5.1884E-01  8.6624E-02  4.3222E-01  0.0000E+00
  1.0000E+00  2.1200E+02  8.8333E+00  2.8698E-01  1.0000E+02  0.0000E+00  0.0000E+00  0.0000E+00  0.0000E+00  0.0000E+00  8.5020E-02  1.9869E+00  1.2348E+00  1.9773E-01  1.9177E+01  1.0000E+00  8.5020E-02  0.0000E+00 -1.0000E+00  2.8698E-01  8.5020E-02  2.0196E-01  0.0000E+00
  1.0000E+00  2.1300E+02  8.8750E+00 -1.0538E+00  1.0000E+02  0.0000E+00  0.0000E+00  0.0000E+00  0.0000E+00  0.0000E+00  8.3542E-02  1.9518E+00  1.2129E+00  1.9422E-01  1.9261E+01  1.0000E+00  8.3542E-02  0.0000E+00 -1.0000E+00 -1.0538E+00  8.3542E-02 -1.1374E+00  0.0000E+00
  1.0000E+00  2.1400E+02  8.9167E+00 -3.2145E-01  1.0000E+02  0.0000E+00  0.0000E+00  0.0000E+00  0.0000E+00  0.0000E+00  8.2174E-02  1.9194E+00  1.1926E+00  1.9096E-01  1.9344E+01  1.0000E+00  8.2174E-02  0.0000E+00 -1.0000E+00 -3.2145E-01  8.2174E-02 -4.0363E-01  0.0000E+00
  1.0000E+00  2.1500E+02  8.9583E+00 -3.7878E-01  1.0000E+02  0.0000E+00  0.0000E+00  0.0000E+00  0.0000E+00  0.0000E+00  8.0902E-02  1.8893E+00  1.1738E+00  1.8795E-01  1.9426E+01  1.0000E+00  8.0902E-02  0.0000E+00 -1.0000E+00 -3.7878E-01  8.0902E-02 -4.5968E-01  0.0000E+00
  1.0000E+00  2.1600E+02  9.0000E+00  2.4506E+00  1.0000E+02  0.0000E+00  0.0000E+00  0.0000E+00  0.0000E+00  0.0000E+00  7.9714E-02  1.8612E+00  1.1562E+00  1.8513E-01  1.9506E+01  1.0000E+00  7.9714E-02  0.0000E+00 -1.0000E+00  2.4506E+00  7.9714E-02  2.3709E+00  0.0000E+00
  1.0000E+00  2.1700E+02  9.0417E+00 -6.0545E-01  1.0000E+02  0.0000E+00  0.0000E+00  0.0000E+00  0.0000E+00  0.0000E+00  1.3280E-01  2.8734E+00  1.7084E+00  2.7207E-01  1.9616E+01  1.0000E+00  1.3280E-01  0.0000E+00 -1.0000E+00 -6.0545E-01  1.3280E-01 -7.3825E-01  0.0000E+00
  1.0000E+00  2.1800E+02  9.0833E+00  4.9112E-01  1.0000E+02  0.0000E+00  0.0000E+00  0.0000E+00  0.0000E+00  0.0000E+00  1.5297E-01  3.4815E+00  2.1213E+00  3.3870E-01  1.9761E+01  1.0000E+00  1.5297E-01  0.0000E+00 -1.0000E+00  4.9112E-01  1.5297E-01  3.3815E-01  0.0000E+00
  1.0000E+00  2.1900E+02  9.1250E+00  1.9447E-01  1.0000E+02  0.0000E+00  0.0000E+00  0.0000E+00  0.0000E+00  0.0000E+00  1.5716E-01  3.6489E+00  2.2532E+00  3.6044E-01  1.9917E+01  1.0000E+00  1.5716E-01  0.0000E+00 -1.0000E+00  1.9447E-01  1.5716E-01  3.7305E-02  0.0000E+00
  1.0000E+00  2.2000E+02  9.1667E+00  1.9518E+00  1.0000E+02  0.0000E+00  0.0000E+00  0.0000E+00  0.0000E+00  0.0000E+00  1.5404E-01  3.6074E+00  2.2412E+00  3.5883E-01  2.0073E+01  1.0000E+00  1.5404E-01  0.0000E+00 -1.0000E+00  1.9518E+00  1.5404E-01  1.7978E+00  0.0000E+00
  1.0000E+00  2.2100E+02  9.2083E+00 -5.6761E-01  1.0000E+02  0.0000E+00  0.0000E+00  0.0000E+00  0.0000E+00  0.0000E+00  1.4793E-01  3.4773E+00  2.1662E+00  3.4697E-01  2.0224E+01  1.0000E+00  1.4793E-01  0.0000E+00 -1.0000E+00 -5.6761E-01  1.4793E-01 -7.1553E-01  0.0000E+00
  1.0000E+00  2.2200E+02  9.2500E+00  1.0801E+00  1.0000E+02  0.0000E+00  0.0000E+00  0.0000E+00  0.0000E+00  0.0000E+00  1.4095E-01  3.3177E+00  2.0691E+00  3.3146E-01  2.0368E+01  1.0000E+00  1.4095E-01  0.0000E+00 -1.0000E+00  1.0801E+00  1.4095E-01  9.3919E-01  0.0000E+00
  1.0000E+00  2.2300E+02  9.2917E+00 -8.3319E-01  1.0000E+02  0.0000E+00  0.0000E+00  0.0000E+00  0.0000E+00  0.0000E+00  1.3409E-01  3.1566E+00  1.9691E+00  3.1547E-01  2.0506E+01  1.0000E+00  1.3409E-01  0.0000E+00 -1.0000E+00 -8.3319E-01  1.3409E-01 -9.6728E-01  0.0000E+00
  1.0000E+00  2.2400E+02  9.3333E+00  7.8905E-01  1.0000E+02  0.0000E+00  0.0000E+00  0.0000E+00  0.0000E+00  0.0000E+00  1.2776E-01  3.0062E+00  1.8750E+00  3.0039E-01  2.0637E+01  1.0000E+00  1.2776E-01  0.0000E+00 -1.0000E+00  7.8905E-01  1.2776E-01  6.6129E-01  0.0000E+00
  1.0000E+00  2.2500E+02  9.3750E+00  1.6007E+00  1.0000E+02  0.0000E+00  0.0000E+00  0.0000E+00  0.0000E+00  0.0000E+00  1.2210E-01  2.8708E+00  1.7900E+00  2.8675E-01  2.0762E+01  1.0000E+00  1.2210E-01  0.0000E+00 -1.0000E+00  1.6007E+00  1.2210E-01  1.4786E+00  0.0000E+00
  1.0000E+00  2.2600E+02  9.4167E+00 -1.7074E-01  1.0000E+02  0.0000E+00  0.0000E+00  0.0000E+00  0.0000E+00  0.0000E+00  1.1710E-01  2.7510E+00  1.7145E+00  2.7465E-01  2.0881E+01  1.0000E+00  1.1710E-01  0.0000E+00 -1.0000E+00 -1.7074E-01  1.1710E-01 -2.8784E-01  0.0000E+00
  1.0000E+00  2.2700E+02  9.4583E+00  2.0309E+00  1.0000E+02  0.0000E+00  0.0000E+00  0.0000E+00  0.0000E+00  0.0000E+00  1.1272E-01  2.6458E+00  1.6483E+00  2.6402E-01  2.0996E+01  1.0000E+00  1.1272E-01  0.0000E+00 -1.0000E+00  2.0309E+00  1.1272E-01  1.9182E+00  0.0000E+00
  1.0000E+00  2.2800E+02  9.5000E+00 -1.5245E+00  1.0000E+02  0.0000E+00  0.0000E+00  0.0000E+00  0.0000E+00  0.0000E+00  1.0888E-01  2.5536E+00  1.5901E+00  2.5469E-01  2.1107E+01  1.0000E+00  1.0888E-01  0.0000E+00 -1.0000E+00 -1.5245E+00  1.0888E-01 -1.6334E+00  0.0000E+00
  1.0000E+00  2.2900E+02  9.5417E+00 -9.0050E-01  1.0000E+02  0.0000E+00  0.0000E+00  0.0000E+00  0.0000E+00  0.0000E+00  1.0550E-01  2.4725E+00  1.5391E+00  2.4650E-01  2.1214E+01  1.0000E+00  1.0550E-01  0.0000E+00 -1.0000E+00 -9.0050E-01  1.0550E-01 -1.0060E+00  0.0000E+00
  1.0000E+00  2.3000E+02  9.5833E+00 -3.7042E-01  1.0000E+02  0.0000E+00  0.0000E+00  0.0000E+00  0.0000E+00  0.0000E+00  1.0251E-01  2.4010E+00  1.4940E+00  2.3928E-01  2.1318E+01  1.0000E+00  1.0251E-01  0.0000E+00 -1.0000E+00 -3.7042E-01  1.0251E-01 -4.7294E-01  0.0000E+00
  1.0000E+00  2.3100E+02  9.6250E+00  7.4958E-01  1.0000E+02  0.0000E+00  0.0000E+00  0.0000E+00  0.0000E+00  0.0000E+00  9.9860E-02  2.3376E+00  1.4541E+00  2.3288E-01  2.1419E+01  1.0000E+00  9.9860E-02  0.0000E+00 -1.0000E+00  7.4958E-01  9.9860E-02  6.4972E-01  0.0000E+00
  1.0000E+00  2.3200E+02  9.6667E+00  5.1440E-01  1.0000E+02  0.0000E+00  0.0000E+00  0.0000E+00  0.0000E+00  0.0000E+00  9.7491E-02  2.2810E+00  1.4186E+00  2.2717E-01  2.1518E+01  1.0000E+00  9.7491E-02  0.0000E+00 -1.0000E+00  5.1440E-01  9.7491E-02  4.1691E-01  0.0000E+00
  1.0000E+00  2.3300E+02  9.7083E+00  2.4326E-01  1.0000E+02  0.0000E+00  0.0000E+00  0.0000E+00  0.0000E+00  0.0000E+00  9.5360E-02  2.2302E+00  1.3866E+00  2.2205E-01  2.1614E+01  1.0000E+00  9.5360E-02  0.0000E+00 -1.0000E+00  2.4326E-01  9.5360E-02  1.4790E-01  0.0000E+00
  1.0000E+00  2.3400E+02  9.7500E+00 -7.0938E-01  1.0000E+02  0.0000E+00  0.0000E+00  0.0000E+00  0.0000E+00  0.0000E+00  9.3432E-02  2.1843E+00  1.3578E+00  2.1743E-01  2.1708E+01  1.0000E+00  9.3432E-02  0.0000E+00 -1.0000E+00 -7.0938E-01  9.3432E-02 -8.0281E-01  0.0000E+00
  1.0000E+00  2.3500E+02  9.7917E+00  1.0823E+00  1.0000E+02  0.0000E+00  0.0000E+00  0.0000E+00  0.0000E+00  0.0000E+00  9.1676E-02  2.1425E+00  1.3316E+00  2.1323E-01  2.1801E+01  1.0000E+00  9.1676E-02  0.0000E+00 -1.0000E+00  1.0823E+00  9.1676E-02  9.9066E-01  0.0000E+00
  1.0000E+00  2.3600E+02  9.8333E+00 -1.5168E+00  1.0000E+02  0.0000E+00  0.0000E+00  0.0000E+00  0.0000E+00  0.0000E+00  9.0068E-02  2.1043E+00  1.3077E+00  2.0940E-01  2.1892E+01  1.0000E+00  9.0068E-02  0.0000E+00 -1.0000E+00 -1.5168E+00  9.0068E-02 -1.6069E+00  0.0000E+00
  1.0000E+00  2.3700E+02  9.8750E+00  5.7426E-01  1.0000E+02  0.0000E+00  0.0000E+00  0.0000E+00  0.0000E+00  0.0000E+00  8.8586E-02  2.0692E+00  1.2857E+00  2.0587E-01  2.1981E+01  1.0000E+00  8.8586E-02  0.0000E+00 -1.0000E+00  5.7426E-01  8.8586E-02  4.8568E-01  0.0000E+00
  1.0000E+00  2.3800E+02  9.9167E+00  8.1927E-01  1.0000E+02  0.0000E+00  0.0000E+00  0.0000E+00  0.0000E+00  0.0000E+00  8.7214E-02  2.0367E+00  1.2653E+00  2.0261E-01  2.2069E+01  1.0000E+00  8.7214E-02  0.0000E+00 -1.0000E+00  8.1927E-01  8.7214E-02  7.3206E-01  0.0000E+00
  1.0000E+00  2.3900E+02  9.9583E+00  5.7629E-01  1.0000E+02  0.0000E+00  0.0000E+00  0.0000E+00  0.0000E+00  0.0000E+00  8.5937E-02  2.0065E+00  1.2464E+00  1.9958E-01  2.2156E+01  1.0000E+00  8.5937E-02  0.0000E+00 -1.0000E+00  5.7629E-01  8.5937E-02  4.9035E-01  0.0000E+00
  1.0000E+00  2.4000E+02  1.0000E+01  2.3888E-01  1.0000E+02  0.0000E+00  0.0000E+00  0.0000E+00  0.0000E+00  0.0000E+00  8.4745E-02  1.9783E+00  1.2288E+00  1.9676E-01  2.2241E+01  1.0000E+00  8.4745E-02  0.0000E+00 -1.0000E+00  2.3888E-01  8.4745E-02  1.5413E-01  0.0000E+00
  1.0000E+00  2.4100E+02  1.0042E+01  2.3068E+00  1.0000E+02  0.0000E+00  0.0000E+00  0.0000E+00  0.0000E+00  0.0000E+00  1.3783E-01  2.9904E+00  1.7810E+00  2.8368E-01  2.2356E+01  1.0000E+00  1.3783E-01  0.0000E+00 -1.0000E+00  2.3068E+00  1.3783E-01  2.1690E+00  0.0000E+00
  1.0000E+00  2.4200E+02  1.0083E+01  1.9478E-01  1.0000E+02  0.0000E+00  0.0000E+00  0.0000E+00  0.0000E+00  0.0000E+00  1.5799E-01  3.5984E+00  2.1938E+00  3.5031E-01  2.2506E+01  1.0000E+00  1.5799E-01  0.0000E+00 -1.0000E+00  1.9478E-01  1.5799E-01  3.6794E-02  0.0000E+00
  1.0000E+00  2.4300E+02  1.0125E+01 -9.9069E-01  1.0000E+02  0.0000E+00  0.0000E+00  0.0000E+00  0.0000E+00  0.0000E+00  1.6218E-01  3.7657E+00  2.3257E+00  3.7204E-01  2.2667E+01  1.0000E+00  1.6218E-01  0.0000E+00 -1.0000E+00 -9.9069E-01  1.6218E-01 -1.1529E+00  0.0000E+00
  1.0000E+00  2.4400E+02  1.0167E+01  9.4534E-01  1.0000E+02  0.0000E+00  0.0000E+00  0.0000E+00  0.0000E+00  0.0000E+00  1.5905E-01  3.7242E+00  2.3136E+00  3.7042E-01  2.2828E+01  1.0000E+00  1.5905E-01  0.0000E+00 -1.0000E+00  9.4534E-01  1.5905E-01  7.8629E-01  0.0000E+00
  1.0000E+00  2.4500E+02  1.0208E+01 -1.0193E+00  1.0000E+02  0.0000E+00  0.0000E+00  0.0000E+00  0.0000E+00  0.0000E+00  1.5294E-01  3.5939E+00  2.2386E+00  3.5855E-01  2.2984E+01  1.0000E+00  1.5294E-01  0.0000E+00 -1.0000E+00 -1.0193E+00  1.5294E-01 -1.1722E+00  0.0000E+00
  1.0000E+00  2.4600E+02  1.0250E+01  1.0118E+00  1.0000E+02  0.0000E+00  0.0000E+00  0.0000E+00  0.0000E+00  0.0000E+00  1.4595E-01  3.4342E+00  2.1413E+00  3.4303E-01  2.3133E+01  1.0000E+00  1.4595E-01  0.0000E+00 -1.0000E+00  1.0118E+00  1.4595E-01  8.6586E-01  0.0000E+00
  1.0000E+00  2.4700E+02  1.0292E+01 -6.6966E-01  1.0000E+02  0.0000E+00  0.0000E+00  0.0000E+00  0.0000E+00  0.0000E+00  1.3909E-01  3.2730E+00  2.0413E+00  3.2703E-01  2.3276E+01  1.0000E+00  1.3909E-01  0.0000E+00 -1.0000E+00 -6.6966E-01  1.3909E-01 -8.0875E-01  0.0000E+00
  1.0000E+00  2.4800E+02  1.0333E+01  2.6461E+00  1.0000E+02  0.0000E+00  0.0000E+00  0.0000E+00  0.0000E+00  0.0000E+00  1.3276E-01  3.1225E+00  1.9472E+00  3.1194E-01  2.3412E+01  1.0000E+00  1.3276E-01  0.0000E+00 -1.0000E+00  2.6461E+00  1.3276E-01  2.5133E+00  0.0000E+00
  1.0000E+00  2.4900E+02  1.0375E+01 -1.4650E+00  1.0000E+02  0.0000E+00  0.0000E+00  0.0000E+00  0.0000E+00  0.0000E+00  1.2709E-01  2.9870E+00  1.8620E+00  2.9829E-01  2.3542E+01  1.0000E+00  1.2709E-01  0.0000E+00 -1.0000E+00 -1.4650E+00  1.2709E-01 -1.5921E+00  0.0000E+00
  1.0000E+00  2.5000E+02  1.0417E+01  6.3137E-01  1.0000E+02  0.0000E+00  0.0000E+00  0.0000E+00  0.0000E+00  0.0000E+00  1.2209E-01  2.8671E+00  1.7866E+00  2.8618E-01  2.3666E+01  1.0000E+00  1.2209E-01  0.0000E+00 -1.0000E+00  6.3137E-01  1.2209E-01  5.0928E-01  0.0000E+00
  1.0000E+00  2.5100E+02  1.0458E+01 -2.0368E-01  1.0000E+02  0.0000E+00  0.0000E+00  0.0000E+00  0.0000E+00  0.0000E+00  1.1771E-01  2.7618E+00  1.7202E+00  2.7554E-01  2.3786E+01  1.0000E+00  1.1771E-01  0.0000E+00 -1.0000E+00 -2.0368E-01  1.1771E-01 -3.2138E-01  0.0000E+00
  1.0000E+00  2.5200E+02  1.0500E+01 -1.2178E+00  1.0000E+02  0.0000E+00  0.0000E+00  0.0000E+00  0.0000E+00  0.0000E+00  1.1386E-01  2.6695E+00  1.6620E+00  2.6620E-01  2.3902E+01  1.0000E+00  1.1386E-01  0.0000E+00 -1.0000E+00 -1.2178E+00  1.1386E-01 -1.3316E+00  0.0000E+00
  1.0000E+00  2.5300E+02  1.0542E+01 -6.6954E-02  1.0000E+02  0.0000E+00  0.0000E+00  0.0000E+00  0.0000E+00  0.0000E+00  1.1047E-01  2.5883E+00  1.6109E+00  2.5800E-01  2.4014E+01  1.0000E+00  1.1047E-01  0.0000E+00 -1.0000E+00 -6.6954E-02  1.1047E-01 -1.7743E-01  0.0000E+00
  1.0000E+00  2.5400E+02  1.0583E+01 -1.2601E-01  1.0000E+02  0.0000E+00  0.0000E+00  0.0000E+00  0.0000E+00  0.0000E+00  1.0748E-01  2.5167E+00  1.5658E+00  2.5077E-01  2.4123E+01  1.0000E+00  1.0748E-01  0.0000E+00 -1.0000E+00 -1.2601E-01  1.0748E-01 -2.3350E-01  0.0000E+00
  1.0000E+00  2.5500E+02  1.0625E+01  6.7641E-01  1.0000E+02  0.0000E+00  0.0000E+00  0.0000E+00  0.0000E+00  0.0000E+00  1.0483E-01  2.4532E+00  1.5258E+00  2.4436E-01  2.4229E+01  1.0000E+00  1.0483E-01  0.0000E+00 -1.0000E+00  6.7641E-01  1.0483E-01  5.7158E-01  0.0000E+00
  1.0000E+00  2.5600E+02  1.0667E+01 -6.8080E-01  1.0000E+02  0.0000E+00  0.0000E+00  0.0000E+00  0.0000E+00  0.0000E+00  1.0245E-01  2.3965E+00  1.4902E+00  2.3864E-01  2.4333E+01  1.0000E+00  1.0245E-01  0.0000E+00 -1.0000E+00 -6.8080E-01  1.0245E-01 -7.8326E-01  0.0000E+00
  1.0000E+00  2.5700E+02  1.0708E+01  6.5889E-01  1.0000E+02  0.0000E+00  0.0000E+00  0.0000E+00  0.0000E+00  0.0000E+00  1.0032E-01  2.3456E+00  1.4582E+00  2.3352E-01  2.4434E+01  1.0000E+00  1.0032E-01  0.0000E+00 -1.0000E+00  6.5889E-01  1.0032E-01  5.5857E-01  0.0000E+00
  1.0000E+00  2.5800E+02  1.0750E+01  1.7889E+00  1.0000E+02  0.0000E+00  0.0000E+00  0.0000E+00  0.0000E+00  0.0000E+00  9.8388E-02  2.2996E+00  1.4294E+00  2.2889E-01  2.4533E+01  1.0000E+00  9.8388E-02  0.0000E+00 -1.0000E+00  1.7889E+00  9.8388E-02  1.6905E+00  0.0000E+00
  1.0000E+00  2.5900E+02  1.0792E+01  4.6818E-01  1.0000E+02  0.0000E+00  0.0000E+00  0.0000E+00  0.0000E+00  0.0000E+00  9.6628E-02  2.2578E+00  1.4031E+00  2.2468E-01  2.4631E+01  1.0000E+00  9.6628E-02  0.0000E+00 -1.0000E+00  4.6818E-01  9.6628E-02  3.7155E-01  0.0000E+00
  1.0000E+00  2.6000E+02  1.0833E+01  9.6380E-01  1.0000E+02  0.0000E+00  0.0000E+00  0.0000E+00  0.0000E+00  0.0000E+00  9.5015E-02  2.2195E+00  1.3791E+00  2.2083E-01  2.4727E+01  1.0000E+00  9.5015E-02  0.0000E+00 -1.0000E+00  9.6380E-01  9.5015E-02  8.6879E-01  0.0000E+00
  1.0000E+00  2.6100E+02  1.0875E+01  3.3269E+00  1.0000E+02  0.0000E+00  0.0000E+00  0.0000E+00  0.0000E+00  0.0000E+00  9.3529E-02  2.1843E+00  1.3570E+00  2.1729E-01  2.4821E+01  1.0000E+00  9.3529E-02  0.0000E+00 -1.0000E+00  3.3269E+00  9.3529E-02  3.2333E+00  0.0000E+00
  1.0000E+00  2.6200E+02  1.0917E+01  3.9286E-01  1.0000E+02  0.0000E+00  0.0000E+00  0.0000E+00  0.0000E+00  0.0000E+00  9.2153E-02  2.1517E+00  1.3366E+00  2.1402E-01  2.4914E+01  1.0000E+00  9.2153E-02  0.0000E+00 -1.0000E+00  3.9286E-01  9.2153E-02  3.0070E-01  0.0000E+00
  1.0000E+00  2.6300E+02  1.0958E+01  2.1291E-01  1.0000E+02  0.0000E+00  0.0000E+00  0.0000E+00  0.0000E+00  0.0000E+00  9.0873E-02  2.1214E+00  1.3177E+00  2.1099E-01  2.5005E+01  1.0000E+00  9.0873E-02  0.0000E+00 -1.0000E+00  2.1291E-01  9.0873E-02  1.2204E-01  0.0000E+00
  1.0000E+00  2.6400E+02  1.1000E+01  9.3302E-01  1.0000E+02  0.0000E+00  0.0000E+00  0.0000E+00  0.0000E+00  0.0000E+00  8.9676E-02  2.0931E+00  1.3000E+00  2.0815E-01  2.5095E+01  1.0000E+00  8.9676E-02  0.0000E+00 -1.0000E+00  9.3302E-01  8.9676E-02  8.4334E-01  0.0000E+00
  1.0000E+00  2.6500E+02  1.1042E+01  6.0395E-01  1.0000E+02  0.0000E+00  0.0000E+00  0.0000E+00  0.0000E+00  0.0000E+00  1.4276E-01  3.1051E+00  1.8521E+00  2.9507E-01  2.5216E+01  1.0000E+00  1.4276E-01  0.0000E+00 -1.0000E+00  6.0395E-01  1.4276E-01  4.6120E-01  0.0000E+00
  1.0000E+00  2.6600E+02  1.1083E+01 -1.0881E+00  1.0000E+02  0.0000E+00  0.0000E+00  0.0000E+00  0.0000E+00  0.0000E+00  1.6291E-01  3.7130E+00  2.2648E+00  3.6169E-01  2.5370E+01  1.0000E+00  1.6291E-01  0.0000E+00 -1.0000E+00 -1.0881E+00  1.6291E-01 -1.2510E+00  0.0000E+00
  1.0000E+00  2.6700E+02  1.1125E+01  3.7777E-01  1.0000E+02  0.0000E+00  0.0000E+00  0.0000E+00  0.0000E+00  0.0000E+00  1.6710E-01  3.8802E+00  2.3967E+00  3.8340E-01  2.5536E+01  1.0000E+00  1.6710E-01  0.0000E+00 -1.0000E+00  3.7777E-01  1.6710E-01  2.1067E-01  0.0000E+00
  1.0000E+00  2.6800E+02  1.1167E+01 -5.7836E-01  1.0000E+02  0.0000E+00  0.0000E+00  0.0000E+00  0.0000E+00  0.0000E+00  1.6397E-01  3.8385E+00  2.3845E+00  3.8178E-01  2.5702E+01  1.0000E+00  1.6397E-01  0.0000E+00 -1.0000E+00 -5.7836E-01  1.6397E-01 -7.4232E-01  0.0000E+00
  1.0000E+00  2.6900E+02  1.1208E+01  4.8076E-01  1.0000E+02  0.0000E+00  0.0000E+00  0.0000E+00  0.0000E+00  0.0000E+00  1.5785E-01  3.7082E+00  2.3094E+00  3.6990E-01  2.5863E+01  1.0000E+00  1.5785E-01  0.0000E+00 -1.0000E+00  4.8076E-01  1.5785E-01  3.2292E-01  0.0000E+00
  1.0000E+00  2.7000E+02  1.1250E+01 -3.7633E-01  1.0000E+02  0.0000E+00  0.0000E+00  0.0000E+00  0.0000E+00  0.0000E+00  1.5086E-01  3.5484E+00  2.2122E+00  3.5437E-01  2.6017E+01  1.0000E+00  1.5086E-01  0.0000E+00 -1.0000E+00 -3.7633E-01  1.5086E-01 -5.2719E-01  0.0000E+00
  1.0000E+00  2.7100E+02  1.1292E+01 -1.0808E+00  1.0000E+02  0.0000E+00  0.0000E+00  0.0000E+00  0.0000E+00  0.0000E+00  1.4399E-01  3.3871E+00  2.1121E+00  3.3836E-01  2.6165E+01  1.0000E+00  1.4399E-01  0.0000E+00 -1.0000E+00 -1.0808E+00  1.4399E-01 -1.2248E+00  0.0000E+00
  1.0000E+00  2.7200E+02  1.1333E+01  6.7617E-01  1.0000E+02  0.0000E+00  0.0000E+00  0.0000E+00  0.0000E+00  0.0000E+00  1.3766E-01  3.2365E+00  2.0179E+00  3.2326E-01  2.6306E+01  1.0000E+00  1.3766E-01  0.0000E+00 -1.0000E+00  6.7617E-01  1.3766E-01  5.3851E-01  0.0000E+00
  1.0000E+00  2.7300E+02  1.1375E+01  1.7179E+00  1.0000E+02  0.0000E+00  0.0000E+00  0.0000E+00  0.0000E+00  0.0000E+00  1.3199E-01  3.1009E+00  1.9327E+00  3.0959E-01  2.6440E+01  1.0000E+00  1.3199E-01  0.0000E+00 -1.0000E+00  1.7179E+00  1.3199E-01  1.5859E+00  0.0000E+00
  1.0000E+00  2.7400E+02  1.1417E+01  4.8769E-01  1.0000E+02  0.0000E+00  0.0000E+00  0.0000E+00  0.0000E+00  0.0000E+00  1.2698E-01  2.9809E+00  1.8571E+00  2.9748E-01  2.6570E+01  1.0000E+00  1.2698E-01  0.0000E+00 -1.0000E+00  4.8769E-01  1.2698E-01  3.6070E-01  0.0000E+00
  1.0000E+00  2.7500E+02  1.1458E+01 -9.4894E-01  1.0000E+02  0.0000E+00  0.0000E+00  0.0000E+00  0.0000E+00  0.0000E+00  1.2259E-01  2.8755E+00  1.7907E+00  2.8683E-01  2.6695E+01  1.0000E+00  1.2259E-01  0.0000E+00 -1.0000E+00 -9.4894E-01  1.2259E-01 -1.0715E+00  0.0000E+00
  1.0000E+00  2.7600E+02  1.1500E+01 -2.3823E-01  1.0000E+02  0.0000E+00  0.0000E+00  0.0000E+00  0.0000E+00  0.0000E+00  1.1874E-01  2.7831E+00  1.7325E+00  2.7748E-01  2.6815E+01  1.0000E+00  1.1874E-01  0.0000E+00 -1.0000E+00 -2.3823E-01  1.1874E-01 -3.5697E-01  0.0000E+00
  1.0000E+00  2.7700E+02  1.1542E+01  7.8018E-01  1.0000E+02  0.0000E+00  0.0000E+00  0.0000E+00  0.0000E+00  0.0000E+00  1.1535E-01  2.7019E+00  1.6813E+00  2.6927E-01  2.6932E+01  1.0000E+00  1.1535E-01  0.0000E+00 -1.0000E+00  7.8018E-01  1.1535E-01  6.6483E-01  0.0000E+00
  1.0000E+00  2.7800E+02  1.1583E+01  2.3521E+00  1.0000E+02  0.0000E+00  0.0000E+00  0.0000E+00  0.0000E+00  0.0000E+00  1.1236E-01  2.6302E+00  1.6362E+00  2.6203E-01  2.7046E+01  1.0000E+00  1.1236E-01  0.0000E+00 -1.0000E+00  2.3521E+00  1.1236E-01  2.2397E+00  0.0000E+00
  1.0000E+00  2.7900E+02  1.1625E+01  4.3053E-02  1.0000E+02  0.0000E+00  0.0000E+00  0.0000E+00  0.0000E+00  0.0000E+00  1.0970E-01  2.5665E+00  1.5961E+00  2.5561E-01  2.7157E+01  1.0000E+00  1.0970E-01  0.0000E+00 -1.0000E+00  4.3053E-02  1.0970E-01 -6.6645E-02  0.0000E+00
  1.0000E+00  2.8000E+02  1.1667E+01 -4.5956E-01  1.0000E+02  0.0000E+00  0.0000E+00  0.0000E+00  0.0000E+00  0.0000E+00  1.0732E-01  2.5098E+00  1.5604E+00  2.4989E-01  2.7265E+01  1.0000E+00  1.0732E-01  0.0000E+00 -1.0000E+00 -4.5956E-01  1.0732E-01 -5.6688E-01  0.0000E+00
  1.0000E+00  2.8100E+02  1.1708E+01  6.6661E-01  1.0000E+02  0.0000E+00  0.0000E+00  0.0000E+00  0.0000E+00  0.0000E+00  1.0518E-01  2.4588E+00  1.5284E+00  2.4475E-01  2.7372E+01  1.0000E+00  1.0518E-01  0.0000E+00 -1.0000E+00  6.6661E-01  1.0518E-01  5.6143E-01  0.0000E+00
  1.0000E+00  2.8200E+02  1.1750E+01  1.0683E+00  1.0000E+02  0.0000E+00  0.0000E+00  0.0000E+00  0.0000E+00  0.0000E+00  1.0324E-01  2.4127E+00  1.4995E+00  2.4011E-01  2.7476E+01  1.0000E+00  1.0324E-01  0.0000E+00 -1.0000E+00  1.0683E+00  1.0324E-01  9.6501E-01  0.0000E+00
  1.0000E+00  2.8300E+02  1.1792E+01 -5.4506E-01  1.0000E+02  0.0000E+00  0.0000E+00  0.0000E+00  0.0000E+00  0.0000E+00  1.0148E-01  2.3707E+00  1.4732E+00  2.3589E-01  2.7578E+01  1.0000E+00  1.0148E-01  0.0000E+00 -1.0000E+00 -5.4506E-01  1.0148E-01 -6.4654E-01  0.0000E+00
  1.0000E+00  2.8400E+02  1.1833E+01 -9.4559E-01  1.0000E+02  0.0000E+00  0.0000E+00  0.0000E+00  0.0000E+00  0.0000E+00  9.9864E-02  2.3323E+00  1.4491E+00  2.3203E-01  2.7679E+01  1.0000E+00  9.9864E-02  0.0000E+00 -1.0000E+00 -9.4559E-01  9.9864E-02 -1.0455E+00  0.0000E+00
  1.0000E+00  2.8500E+02  1.1875E+01  2.4751E+00  1.0000E+02  0.0000E+00  0.0000E+00  0.0000E+00  0.0000E+00  0.0000E+00  9.8374E-02  2.2970E+00  1.4270E+00  2.2849E-01  2.7778E+01  1.0000E+00  9.8374E-02  0.0000E+00 -1.0000E+00  2.4751E+00  9.8374E-02  2.3767E+00  0.0000E+00
  1.0000E+00  2.8600E+02  1.1917E+01  1.0137E+00  1.0000E+02  0.0000E+00  0.0000E+00  0.0000E+00  0.0000E+00  0.0000E+00  9.6994E-02  2.2643E+00  1.4065E+00  2.2521E-01  2.7876E+01  1.0000E+00  9.6994E-02  0.0000E+00 -1.0000E+00  1.0137E+00  9.6994E-02  9.1669E-01  0.0000E+00
  1.0000E+00  2.8700E+02  1.1958E+01 -2.1390E+00  1.0000E+02  0.0000E+00  0.0000E+00  0.0000E+00  0.0000E+00  0.0000E+00  9.5709E-02  2.2339E+00  1.3875E+00  2.2216E-01  2.7972E+01  1.0000E+00  9.5709E-02  0.0000E+00 -1.0000E+00 -2.1390E+00  9.5709E-02 -2.2347E+00  0.0000E+00
  1.0000E+00  2.8800E+02  1.2000E+01  5.3177E-02  1.0000E+02  0.0000E+00  0.0000E+00  0.0000E+00  0.0000E+00  0.0000E+00  9.4508E-02  2.2056E+00  1.3698E+00  2.1932E-01  2.8067E+01  1.0000E+00  9.4508E-02  0.0000E+00 -1.0000E+00  5.3177E-02  9.4508E-02 -4.1331E-02  0.0000E+00
  1.0000E+00  2.8900E+02  1.2042E+01 -5.3520E-01  1.0000E+02  0.0000E+00  0.0000E+00  0.0000E+00  0.0000E+00  0.0000E+00  1.4758E-01  3.2175E+00  1.9218E+00  3.0623E-01  2.8192E+01  1.0000E+00  1.4758E-01  0.0000E+00 -1.0000E+00 -5.3520E-01  1.4758E-01 -6.8279E-01  0.0000E+00
  1.0000E+00  2.9000E+02  1.2083E+01  8.0302E-03  1.0000E+02  0.0000E+00  0.0000E+00  0.0000E+00  0.0000E+00  0.0000E+00  1.6774E-01  3.8253E+00  2.3345E+00  3.7283E-01  2.8352E+01  1.0000E+00  1.6774E-01  0.0000E+00 -1.0000E+00  8.0302E-03  1.6774E-01 -1.5971E-01  0.0000E+00
  1.0000E+00  2.9100E+02  1.2125E+01 -3.3148E-01  1.0000E+02  0.0000E+00  0.0000E+00  0.0000E+00  0.0000E+00  0.0000E+00  1.7192E-01  3.9924E+00  2.4663E+00  3.9454E-01  2.8522E+01  1.0000E+00  1.7192E-01  0.0000E+00 -1.0000E+00 -3.3148E-01  1.7192E-01 -5.0340E-01  0.0000E+00
  1.0000E+00  2.9200E+02  1.2167E+01 -6.6095E-01  1.0000E+02  0.0000E+00  0.0000E+00  0.0000E+00  0.0000E+00  0.0000E+00  1.6878E-01  3.9506E+00  2.4541E+00  3.9291E-01  2.8693E+01  1.0000E+00  1.6878E-01  0.0000E+00 -1.0000E+00 -6.6095E-01  1.6878E-01 -8.2974E-01  0.0000E+00
  1.0000E+00  2.9300E+02  1.2208E+01  8.8100E-01  1.0000E+02  0.0000E+00  0.0000E+00  0.0000E+00  0.0000E+00  0.0000E+00  1.6266E-01  3.8202E+00  2.3789E+00  3.8101E-01  2.8859E+01  1.0000E+00  1.6266E-01  0.0000E+00 -1.0000E+00  8.8100E-01  1.6266E-01  7.1835E-01  0.0000E+00
  1.0000E+00  2.9400E+02  1.2250E+01 -1.4579E+00  1.0000E+02  0.0000E+00  0.0000E+00  0.0000E+00  0.0000E+00  0.0000E+00  1.5567E-01  3.6603E+00  2.2816E+00  3.6548E-01  2.9018E+01  1.0000E+00  1.5567E-01  0.0000E+00 -1.0000E+00 -1.4579E+00  1.5567E-01 -1.6136E+00  0.0000E+00
  1.0000E+00  2.9500E+02  1.2292E+01  7.8083E-01  1.0000E+02  0.0000E+00  0.0000E+00  0.0000E+00  0.0000E+00  0.0000E+00  1.4880E-01  3.4989E+00  2.1814E+00  3.4946E-01  2.9170E+01  1.0000E+00  1.4880E-01  0.0000E+00 -1.0000E+00  7.8083E-01  1.4880E-01  6.3203E-01  0.0000E+00
  1.0000E+00  2.9600E+02  1.2333E+01  2.1130E+00  1.0000E+02  0.0000E+00  0.0000E+00  0.0000E+00  0.0000E+00  0.0000E+00  1.4246E-01  3.3482E+00  2.0872E+00  3.3435E-01  2.9316E+01  1.0000E+00  1.4246E-01  0.0000E+00 -1.0000E+00  2.1130E+00  1.4246E-01  1.9705E+00  0.0000E+00
  1.0000E+00  2.9700E+02  1.2375E+01 -1.4603E+00  1.0000E+02  0.0000E+00  0.0000E+00  0.0000E+00  0.0000E+00  0.0000E+00  1.3678E-01  3.2125E+00  2.0019E+00  3.2068E-01  2.9455E+01  1.0000E+00  1.3678E-01  0.0000E+00 -1.0000E+00 -1.4603E+00  1.3678E-01 -1.5971E+00  0.0000E+00
  1.0000E+00  2.9800E+02  1.2417E+01 -4.7520E-01  1.0000E+02  0.0000E+00  0.0000E+00  0.0000E+00  0.0000E+00  0.0000E+00  1.3178E-01  3.0925E+00  1.9263E+00  3.0855E-01  2.9590E+01  1.0000E+00  1.3178E-01  0.0000E+00 -1.0000E+00 -4.7520E-01  1.3178E-01 -6.0698E-01  0.0000E+00
  1.0000E+00  2.9900E+02  1.2458E+01  5.4765E-02  1.0000E+02  0.0000E+00  0.0000E+00  0.0000E+00  0.0000E+00  0.0000E+00  1.2738E-01  2.9870E+00  1.8598E+00  2.9789E-01  2.9719E+01  1.0000E+00  1.2738E-01  0.0000E+00 -1.0000E+00  5.4765E-02  1.2738E-01 -7.2615E-02  0.0000E+00
  1.0000E+00  3.0000E+02  1.2500E+01  8.6085E-01  1.0000E+02  0.0000E+00  0.0000E+00  0.0000E+00  0.0000E+00  0.0000E+00  1.2352E-01  2.8944E+00  1.8015E+00  2.8853E-01  2.9845E+01  1.0000E+00  1.2352E-01  0.0000E+00 -1.0000E+00  8.6085E-01  1.2352E-01  7.3733E-01  0.0000E+00
  1.0000E+00  3.0100E+02  1.2542E+01  1.3519E+00  1.0000E+02  0.0000E+00  0.0000E+00  0.0000E+00  0.0000E+00  0.0000E+00  1.2013E-01  2.8131E+00  1.7503E+00  2.8032E-01  2.9966E+01  1.0000E+00  1.2013E-01  0.0000E+00 -1.0000E+00  1.3519E+00  1.2013E-01  1.2318E+00  0.0000E+00
  1.0000E+00  3.0200E+02  1.2583E+01 -3.9701E-01  1.0000E+02  0.0000E+00  0.0000E+00  0.0000E+00  0.0000E+00  0.0000E+00  1.1713E-01  2.7413E+00  1.7051E+00  2.7306E-01  3.0085E+01  1.0000E+00  1.1713E-01  0.0000E+00 -1.0000E+00 -3.9701E-01  1.1713E-01 -5.1414E-01  0.0000E+00
  1.0000E+00  3.0300E+02  1.2625E+01 -1.1365E+00  1.0000E+02  0.0000E+00  0.0000E+00  0.0000E+00  0.0000E+00  0.0000E+00  1.1447E-01  2.6776E+00  1.6650E+00  2.6664E-01  3.0201E+01  1.0000E+00  1.1447E-01  0.0000E+00 -1.0000E+00 -1.1365E+00  1.1447E-01 -1.2509E+00  0.0000E+00
  1.0000E+00  3.0400E+02  1.2667E+01  1.8263E-01  1.0000E+02  0.0000E+00  0.0000E+00  0.0000E+00  0.0000E+00  0.0000E+00  1.1209E-01  2.6207E+00  1.6293E+00  2.6090E-01  3.0314E+01  1.0000E+00  1.1209E-01  0.0000E+00 -1.0000E+00  1.8263E-01  1.1209E-01  7.0543E-02  0.0000E+00
  1.0000E+00  3.0500E+02  1.2708E+01  9.1265E-02  1.0000E+02  0.0000E+00  0.0000E+00  0.0000E+00  0.0000E+00  0.0000E+00  1.0995E-01  2.5697E+00  1.5972E+00  2.5576E-01  3.0425E+01  1.0000E+00  1.0995E-01  0.0000E+00 -1.0000E+00  9.1265E-02  1.0995E-01 -1.8680E-02  0.0000E+00
  1.0000E+00  3.0600E+02  1.2750E+01  4.7251E-01  1.0000E+02  0.0000E+00  0.0000E+00  0.0000E+00  0.0000E+00  0.0000E+00  1.0800E-01  2.5235E+00  1.5682E+00  2.5111E-01  3.0534E+01  1.0000E+00  1.0800E-01  0.0000E+00 -1.0000E+00  4.7251E-01  1.0800E-01  3.6451E-01  0.0000E+00
  1.0000E+00  3.0700E+02  1.2792E+01 -2.4402E+00  1.0000E+02  0.0000E+00  0.0000E+00  0.0000E+00  0.0000E+00  0.0000E+00  1.0624E-01  2.4814E+00  1.5418E+00  2.4688E-01  3.0641E+01  1.0000E+00  1.0624E-01  0.0000E+00 -1.0000E+00 -2.4402E+00  1.0624E-01 -2.5465E+00  0.0000E+00
  1.0000E+00  3.0800E+02  1.2833E+01 -3.2935E-01  1.0000E+02  0.0000E+00  0.0000E+00  0.0000E+00  0.0000E+00  0.0000E+00  1.0462E-01  2.4429E+00  1.5177E+00  2.4301E-01  3.0746E+01  1.0000E+00  1.0462E-01  0.0000E+00 -1.0000E+00 -3.2935E-01  1.0462E-01 -4.3397E-01  0.0000E+00
  1.0000E+00  3.0900E+02  1.2875E+01  5.5045E-01  1.0000E+02  0.0000E+00  0.0000E+00  0.0000E+00  0.0000E+00  0.0000E+00  1.0312E-01  2.4075E+00  1.4955E+00  2.3946E-01  3.0850E+01  1.0000E+00  1.0312E-01  0.0000E+00 -1.0000E+00  5.5045E-01  1.0312E-01  4.4733E-01  0.0000E+00
  1.0000E+00  3.1000E+02  1.2917E+01 -5.5021E-01  1.0000E+02  0.0000E+00  0.0000E+00  0.0000E+00  0.0000E+00  0.0000E+00  1.0174E-01  2.3747E+00  1.4750E+00  2.3617E-01  3.0953E+01  1.0000E+00  1.0174E-01  0.0000E+00 -1.0000E+00 -5.5021E-01  1.0174E-01 -6.5195E-01  0.0000E+00
  1.0000E+00  3.1100E+02  1.2958E+01  2.0318E-01  1.0000E+02  0.0000E+00  0.0000E+00  0.0000E+00  0.0000E+00  0.0000E+00  1.0045E-01  2.3443E+00  1.4559E+00  2.3311E-01  3.1054E+01  1.0000E+00  1.0045E-01  0.0000E+00 -1.0000E+00  2.0318E-01  1.0045E-01  1.0273E-01  0.0000E+00
  1.0000E+00  3.1200E+02  1.3000E+01  5.6199E-01  1.0000E+02  0.0000E+00  0.0000E+00  0.0000E+00  0.0000E+00  0.0000E+00  9.9244E-02  2.3158E+00  1.4381E+00  2.3026E-01  3.1154E+01  1.0000E+00  9.9244E-02  0.0000E+00 -1.0000E+00  5.6199E-01  9.9244E-02  4.6275E-01  0.0000E+00
  1.0000E+00  3.1300E+02  1.3042E+01  2.7953E-01  1.0000E+02  0.0000E+00  0.0000E+00  0.0000E+00  0.0000E+00  0.0000E+00  1.5232E-01  3.3276E+00  1.9901E+00  3.1716E-01  3.1283E+01  1.0000E+00  1.5232E-01  0.0000E+00 -1.0000E+00  2.7953E-01  1.5232E-01  1.2722E-01  0.0000E+00
  1.0000E+00  3.1400E+02  1.3083E+01 -1.2923E+00  1.0000E+02  0.0000E+00  0.0000E+00  0.0000E+00  0.0000E+00  0.0000E+00  1.7246E-01  3.9353E+00  2.4027E+00  3.8376E-01  3.1447E+01  1.0000E+00  1.7246E-01  0.0000E+00 -1.0000E+00 -1.2923E+00  1.7246E-01 -1.4648E+00  0.0000E+00
  1.0000E+00  3.1500E+02  1.3125E+01  7.3362E-01  1.0000E+02  0.0000E+00  0.0000E+00  0.0000E+00  0.0000E+00  0.0000E+00  1.7664E-01  4.1024E+00  2.5344E+00  4.0545E-01  3.1623E+01  1.0000E+00  1.7664E-01  0.0000E+00 -1.0000E+00  7.3362E-01  1.7664E-01  5.5698E-01  0.0000E+00
  1.0000E+00  3.1600E+02  1.3167E+01  6.4778E-01  1.0000E+02  0.0000E+00  0.0000E+00  0.0000E+00  0.0000E+00  0.0000E+00  1.7350E-01  4.0605E+00  2.5222E+00  4.0381E-01  3.1798E+01  1.0000E+00  1.7350E-01  0.0000E+00 -1.0000E+00  6.4778E-01  1.7350E-01  4.7428E-01  0.0000E+00
  1.0000E+00  3.1700E+02  1.3208E+01  4.4033E-01  1.0000E+02  0.0000E+00  0.0000E+00  0.0000E+00  0.0000E+00  0.0000E+00  1.6737E-01  3.9299E+00  2.4470E+00  3.9191E-01  3.1969E+01  1.0000E+00  1.6737E-01  0.0000E+00 -1.0000E+00  4.4033E-01  1.6737E-01  2.7295E-01  0.0000E+00
  1.0000E+00  3.1800E+02  1.3250E+01  4.8785E-01  1.0000E+02  0.0000E+00  0.0000E+00  0.0000E+00  0.0000E+00  0.0000E+00  1.6038E-01  3.7700E+00  2.3496E+00  3.7637E-01  3.2133E+01  1.0000E+00  1.6038E-01  0.0000E+00 -1.0000E+00  4.8785E-01  1.6038E-01  3.2747E-01  0.0000E+00
  1.0000E+00  3.1900E+02  1.3292E+01 -2.3133E-01  1.0000E+02  0.0000E+00  0.0000E+00  0.0000E+00  0.0000E+00  0.0000E+00  1.5351E-01  3.6085E+00  2.2494E+00  3.6033E-01  3.2290E+01  1.0000E+00  1.5351E-01  0.0000E+00 -1.0000E+00 -2.3133E-01  1.5351E-01 -3.8484E-01  0.0000E+00
  1.0000E+00  3.2000E+02  1.3333E+01  9.4367E-01  1.0000E+02  0.0000E+00  0.0000E+00  0.0000E+00  0.0000E+00  0.0000E+00  1.4716E-01  3.4577E+00  2.1551E+00  3.4522E-01  3.2440E+01  1.0000E+00  1.4716E-01  0.0000E+00 -1.0000E+00  9.4367E-01  1.4716E-01  7.9651E-01  0.0000E+00
  1.0000E+00  3.2100E+02  1.3375E+01  2.1515E+00  1.0000E+02  0.0000E+00  0.0000E+00  0.0000E+00  0.0000E+00  0.0000E+00  1.4148E-01  3.3219E+00  2.0697E+00  3.3154E-01  3.2584E+01  1.0000E+00  1.4148E-01  0.0000E+00 -1.0000E+00  2.1515E+00  1.4148E-01  2.0100E+00  0.0000E+00
  1.0000E+00  3.2200E+02  1.3417E+01 -9.7779E-01  1.0000E+02  0.0000E+00  0.0000E+00  0.0000E+00  0.0000E+00  0.0000E+00  1.3647E-01  3.2018E+00  1.9941E+00  3.1940E-01  3.2723E+01  1.0000E+00  1.3647E-01  0.0000E+00 -1.0000E+00 -9.7779E-01  1.3647E-01 -1.1143E+00  0.0000E+00
  1.0000E+00  3.2300E+02  1.3458E+01 -5.7518E-01  1.0000E+02  0.0000E+00  0.0000E+00  0.0000E+00  0.0000E+00  0.0000E+00  1.3207E-01  3.0962E+00  1.9276E+00  3.0873E-01  3.2857E+01  1.0000E+00  1.3207E-01  0.0000E+00 -1.0000E+00 -5.7518E-01  1.3207E-01 -7.0726E-01  0.0000E+00
  1.0000E+00  3.2400E+02  1.3500E+01  4.3953E-01  1.0000E+02  0.0000E+00  0.0000E+00  0.0000E+00  0.0000E+00  0.0000E+00  1.2821E-01  3.0036E+00  1.8692E+00  2.9937E-01  3.2988E+01  1.0000E+00  1.2821E-01  0.0000E+00 -1.0000E+00  4.3953E-01  1.2821E-01  3.1132E-01  0.0000E+00
  1.0000E+00  3.2500E+02  1.3542E+01  5.8752E-01  1.0000E+02  0.0000E+00  0.0000E+00  0.0000E+00  0.0000E+00  0.0000E+00  1.2481E-01  2.9221E+00  1.8179E+00  2.9114E-01  3.3114E+01  1.0000E+00  1.2481E-01  0.0000E+00 -1.0000E+00  5.8752E-01  1.2481E-01  4.6270E-01  0.0000E+00
  1.0000E+00  3.2600E+02  1.3583E+01 -1.1234E+00  1.0000E+02  0.0000E+00  0.0000E+00  0.0000E+00  0.0000E+00  0.0000E+00  1.2181E-01  2.8502E+00  1.7726E+00  2.8388E-01  3.3237E+01  1.0000E+00  1.2181E-01  0.0000E+00 -1.0000E+00 -1.1234E+00  1.2181E-01 -1.2452E+00  0.0000E+00
  1.0000E+00  3.2700E+02  1.3625E+01 -1.2541E-01  1.0000E+02  0.0000E+00  0.0000E+00  0.0000E+00  0.0000E+00  0.0000E+00  1.1915E-01  2.7864E+00  1.7325E+00  2.7744E-01  3.3358E+01  1.0000E+00  1.1915E-01  0.0000E+00 -1.0000E+00 -1.2541E-01  1.1915E-01 -2.4456E-01  0.0000E+00
  1.0000E+00  3.2800E+02  1.3667E+01 -5.0024E-01  1.0000E+02  0.0000E+00  0.0000E+00  0.0000E+00  0.0000E+00  0.0000E+00  1.1676E-01  2.7295E+00  1.6967E+00  2.7170E-01  3.3476E+01  1.0000E+00  1.1676E-01  0.0000E+00 -1.0000E+00 -5.0024E-01  1.1676E-01 -6.1700E-01  0.0000E+00
  1.0000E+00  3.2900E+02  1.3708E+01 -2.3567E-01  1.0000E+02  0.0000E+00  0.0000E+00  0.0000E+00  0.0000E+00  0.0000E+00  1.1461E-01  2.6783E+00  1.6645E+00  2.6654E-01  3.3591E+01  1.0000E+00  1.1461E-01  0.0000E+00 -1.0000E+00 -2.3567E-01  1.1461E-01 -3.5028E-01  0.0000E+00
  1.0000E+00  3.3000E+02  1.3750E+01  1.7130E-01  1.0000E+02  0.0000E+00  0.0000E+00  0.0000E+00  0.0000E+00  0.0000E+00  1.1267E-01  2.6320E+00  1.6355E+00  2.6188E-01  3.3705E+01  1.0000E+00  1.1267E-01  0.0000E+00 -1.0000E+00  1.7130E-01  1.1267E-01  5.8631E-02  0.0000E+00
  1.0000E+00  3.3100E+02  1.3792E+01  5.5032E-01  1.0000E+02  0.0000E+00  0.0000E+00  0.0000E+00  0.0000E+00  0.0000E+00  1.1090E-01  2.5899E+00  1.6091E+00  2.5765E-01  3.3817E+01  1.0000E+00  1.1090E-01  0.0000E+00 -1.0000E+00  5.5032E-01  1.1090E-01  4.3942E-01  0.0000E+00
  1.0000E+00  3.3200E+02  1.3833E+01  3.9083E-01  1.0000E+02  0.0000E+00  0.0000E+00  0.0000E+00  0.0000E+00  0.0000E+00  1.0927E-01  2.5513E+00  1.5849E+00  2.5377E-01  3.3927E+01  1.0000E+00  1.0927E-01  0.0000E+00 -1.0000E+00  3.9083E-01  1.0927E-01  2.8156E-01  0.0000E+00
  1.0000E+00  3.3300E+02  1.3875E+01 -9.7864E-01  1.0000E+02  0.0000E+00  0.0000E+00  0.0000E+00  0.0000E+00  0.0000E+00  1.0777E-01  2.5158E+00  1.5627E+00  2.5021E-01  3.4035E+01  1.0000E+00  1.0777E-01  0.0000E+00 -1.0000E+00 -9.7864E-01  1.0777E-01 -1.0864E+00  0.0000E+00
  1.0000E+00  3.3400E+02  1.3917E+01 -4.8587E-01  1.0000E+02  0.0000E+00  0.0000E+00  0.0000E+00  0.0000E+00  0.0000E+00  1.0639E-01  2.4829E+00  1.5421E+00  2.4691E-01  3.4142E+01  1.0000E+00  1.0639E-01  0.0000E+00 -1.0000E+00 -4.8587E-01  1.0639E-01 -5.9226E-01  0.0000E+00
  1.0000E+00  3.3500E+02  1.3958E+01  1.5780E+00  1.0000E+02  0.0000E+00  0.0000E+00  0.0000E+00  0.0000E+00  0.0000E+00  1.0509E-01  2.4524E+00  1.5230E+00  2.4385E-01  3.4248E+01  1.0000E+00  1.0509E-01  0.0000E+00 -1.0000E+00  1.5780E+00  1.0509E-01  1.4729E+00  0.0000E+00
  1.0000E+00  3.3600E+02  1.4000E+01  1.2495E+00  1.0000E+02  0.0000E+00  0.0000E+00  0.0000E+00  0.0000E+00  0.0000E+00  1.0388E-01  2.4238E+00  1.5051E+00  2.4098E-01  3.4353E+01  1.0000E+00  1.0388E-01  0.0000E+00 -1.0000E+00  1.2495E+00  1.0388E-01  1.1456E+00  0.0000E+00
  1.0000E+00  3.3700E+02  1.4042E+01 -8.1009E-01  1.0000E+02  0.0000E+00  0.0000E+00  0.0000E+00  0.0000E+00  0.0000E+00  1.5695E-01  3.4355E+00  2.0570E+00  3.2787E-01  3.4487E+01  1.0000E+00  1.5695E-01  0.0000E+00 -1.0000E+00 -8.1009E-01  1.5695E-01 -9.6704E-01  0.0000E+00
  1.0000E+00  3.3800E+02  1.4083E+01 -3.5257E-01  1.0000E+02  0.0000E+00  0.0000E+00  0.0000E+00  0.0000E+00  0.0000E+00  1.7710E-01  4.0432E+00  2.4696E+00  3.9446E-01  3.4656E+01  1.0000E+00  1.7710E-01  0.0000E+00 -1.0000E+00 -3.5257E-01  1.7710E-01 -5.2967E-01  0.0000E+00
  1.0000E+00  3.3900E+02  1.4125E+01  9.7320E-02  1.0000E+02  0.0000E+00  0.0000E+00  0.0000E+00  0.0000E+00  0.0000E+00  1.8127E-01  4.2101E+00  2.6013E+00  4.1615E-01  3.4836E+01  1.0000E+00  1.8127E-01  0.0000E+00 -1.0000E+00  9.7320E-02  1.8127E-01 -8.3953E-02  0.0000E+00
  1.0000E+00  3.4000E+02  1.4167E+01  6.7961E-01  1.0000E+02  0.0000E+00  0.0000E+00  0.0000E+00  0.0000E+00  0.0000E+00  1.7813E-01  4.1681E+00  2.5889E+00  4.1450E-01  3.5016E+01  1.0000E+00  1.7813E-01  0.0000E+00 -1.0000E+00  6.7961E-01  1.7813E-01  5.0148E-01  0.0000E+00
  1.0000E+00  3.4100E+02  1.4208E+01  1.5841E+00  1.0000E+02  0.0000E+00  0.0000E+00  0.0000E+00  0.0000E+00  0.0000E+00  1.7199E-01  4.0375E+00  2.5137E+00  4.0259E-01  3.5191E+01  1.0000E+00  1.7199E-01  0.0000E+00 -1.0000E+00  1.5841E+00  1.7199E-01  1.4121E+00  0.0000E+00
  1.0000E+00  3.4200E+02  1.4250E+01 -4.3261E-01  1.0000E+02  0.0000E+00  0.0000E+00  0.0000E+00  0.0000E+00  0.0000E+00  1.6500E-01  3.8774E+00  2.4162E+00  3.8703E-01  3.5360E+01  1.0000E+00  1.6500E-01  0.0000E+00 -1.0000E+00 -4.3261E-01  1.6500E-01 -5.9761E-01  0.0000E+00
  1.0000E+00  3.4300E+02  1.4292E+01  4.9341E-01  1.0000E+02  0.0000E+00  0.0000E+00  0.0000E+00  0.0000E+00  0.0000E+00  1.5812E-01  3.7159E+00  2.3160E+00  3.7099E-01  3.5521E+01  1.0000E+00  1.5812E-01  0.0000E+00 -1.0000E+00  4.9341E-01  1.5812E-01  3.3529E-01  0.0000E+00
  1.0000E+00  3.4400E+02  1.4333E+01  1.0007E+00  1.0000E+02  0.0000E+00  0.0000E+00  0.0000E+00  0.0000E+00  0.0000E+00  1.5177E-01  3.5650E+00  2.2216E+00  3.5587E-01  3.5676E+01  1.0000E+00  1.5177E-01  0.0000E+00 -1.0000E+00  1.0007E+00  1.5177E-01  8.4894E-01  0.0000E+00
  1.0000E+00  3.4500E+02  1.4375E+01  9.2316E-01  1.0000E+02  0.0000E+00  0.0000E+00  0.0000E+00  0.0000E+00  0.0000E+00  1.4609E-01  3.4291E+00  2.1362E+00  3.4218E-01  3.5825E+01  1.0000E+00  1.4609E-01  0.0000E+00 -1.0000E+00  9.2316E-01  1.4609E-01  7.7707E-01  0.0000E+00
  1.0000E+00  3.4600E+02  1.4417E+01 -1.6124E+00  1.0000E+02  0.0000E+00  0.0000E+00  0.0000E+00  0.0000E+00  0.0000E+00  1.4107E-01  3.3089E+00  2.0605E+00  3.3004E-01  3.5968E+01  1.0000E+00  1.4107E-01  0.0000E+00 -1.0000E+00 -1.6124E+00  1.4107E-01 -1.7534E+00  0.0000E+00
  1.0000E+00  3.4700E+02  1.4458E+01 -5.3395E-01  1.0000E+02  0.0000E+00  0.0000E+00  0.0000E+00  0.0000E+00  0.0000E+00  1.3667E-01  3.2032E+00  1.9939E+00  3.1936E-01  3.6107E+01  1.0000E+00  1.3667E-01  0.0000E+00 -1.0000E+00 -5.3395E-01  1.3667E-01 -6.7062E-01  0.0000E+00
  1.0000E+00  3.4800E+02  1.4500E+01 -5.6232E-01  1.0000E+02  0.0000E+00  0.0000E+00  0.0000E+00  0.0000E+00  0.0000E+00  1.3280E-01  3.1105E+00  1.9355E+00  3.0998E-01  3.6242E+01  1.0000E+00  1.3280E-01  0.0000E+00 -1.0000E+00 -5.6232E-01  1.3280E-01 -6.9513E-01  0.0000E+00
  1.0000E+00  3.4900E+02  1.4542E+01 -7.8005E-01  1.0000E+02  0.0000E+00  0.0000E+00  0.0000E+00  0.0000E+00  0.0000E+00  1.2940E-01  3.0290E+00  1.8842E+00  3.0174E-01  3.6373E+01  1.0000E+00  1.2940E-01  0.0000E+00 -1.0000E+00 -7.8005E-01  1.2940E-01 -9.0945E-01  0.0000E+00
  1.0000E+00  3.5000E+02  1.4583E+01 -9.3757E-01  1.0000E+02  0.0000E+00  0.0000E+00  0.0000E+00  0.0000E+00  0.0000E+00  1.2640E-01  2.9570E+00  1.8388E+00  2.9448E-01  3.6501E+01  1.0000E+00  1.2640E-01  0.0000E+00 -1.0000E+00 -9.3757E-01  1.2640E-01 -1.0640E+00  0.0000E+00
  1.0000E+00  3.5100E+02  1.4625E+01  7.4644E-01  1.0000E+02  0.0000E+00  0.0000E+00  0.0000E+00  0.0000E+00  0.0000E+00  1.2373E-01  2.8931E+00  1.7986E+00  2.8803E-01  3.6626E+01  1.0000E+00  1.2373E-01  0.0000E+00 -1.0000E+00  7.4644E-01  1.2373E-01  6.2271E-01  0.0000E+00
  1.0000E+00  3.5200E+02  1.4667E+01 -1.1551E+00  1.0000E+02  0.0000E+00  0.0000E+00  0.0000E+00  0.0000E+00  0.0000E+00  1.2134E-01  2.8360E+00  1.7628E+00  2.8228E-01  3.6748E+01  1.0000E+00  1.2134E-01  0.0000E+00 -1.0000E+00 -1.1551E+00  1.2134E-01 -1.2764E+00  0.0000E+00
  1.0000E+00  3.5300E+02  1.4708E+01  6.1889E-01  1.0000E+02  0.0000E+00  0.0000E+00  0.0000E+00  0.0000E+00  0.0000E+00  1.1919E-01  2.7848E+00  1.7306E+00  2.7711E-01  3.6869E+01  1.0000E+00  1.1919E-01  0.0000E+00 -1.0000E+00  6.1889E-01  1.1919E-01  4.9970E-01  0.0000E+00
  1.0000E+00  3.5400E+02  1.4750E+01  1.3516E+00  1.0000E+02  0.0000E+00  0.0000E+00  0.0000E+00  0.0000E+00  0.0000E+00  1.1724E-01  2.7384E+00  1.7015E+00  2.7245E-01  3.6987E+01  1.0000E+00  1.1724E-01  0.0000E+00 -1.0000E+00  1.3516E+00  1.1724E-01  1.2343E+00  0.0000E+00
  1.0000E+00  3.5500E+02  1.4792E+01 -8.9043E-03  1.0000E+02  0.0000E+00  0.0000E+00  0.0000E+00  0.0000E+00  0.0000E+00  1.1546E-01  2.6962E+00  1.6750E+00  2.6820E-01  3.7103E+01  1.0000E+00  1.1546E-01  0.0000E+00 -1.0000E+00 -8.9043E-03  1.1546E-01 -1.2437E-01  0.0000E+00
  1.0000E+00  3.5600E+02  1.4833E+01 -1.7470E-01  1.0000E+02  0.0000E+00  0.0000E+00  0.0000E+00  0.0000E+00  0.0000E+00  1.1384E-01  2.6575E+00  1.6508E+00  2.6432E-01  3.7218E+01  1.0000E+00  1.1384E-01  0.0000E+00 -1.0000E+00 -1.7470E-01  1.1384E-01 -2.8853E-01  0.0000E+00
  1.0000E+00  3.5700E+02  1.4875E+01 -8.1657E-01  1.0000E+02  0.0000E+00  0.0000E+00  0.0000E+00  0.0000E+00  0.0000E+00  1.1233E-01  2.6219E+00  1.6285E+00  2.6074E-01  3.7331E+01  1.0000E+00  1.1233E-01  0.0000E+00 -1.0000E+00 -8.1657E-01  1.1233E-01 -9.2890E-01  0.0000E+00
  1.0000E+00  3.5800E+02  1.4917E+01 -1.7308E+00  1.0000E+02  0.0000E+00  0.0000E+00  0.0000E+00  0.0000E+00  0.0000E+00  1.1094E-01  2.5890E+00  1.6078E+00  2.5744E-01  3.7443E+01  1.0000E+00  1.1094E-01  0.0000E+00 -1.0000E+00 -1.7308E+00  1.1094E-01 -1.8417E+00  0.0000E+00
  1.0000E+00  3.5900E+02  1.4958E+01 -1.9915E+00  1.0000E+02  0.0000E+00  0.0000E+00  0.0000E+00  0.0000E+00  0.0000E+00  1.0964E-01  2.5583E+00  1.5886E+00  2.5436E-01  3.7553E+01  1.0000E+00  1.0964E-01  0.0000E+00 -1.0000E+00 -1.9915E+00  1.0964E-01 -2.1012E+00  0.0000E+00
  1.0000E+00  3.6000E+02  1.5000E+01  1.2651E+00  1.0000E+02  0.0000E+00  0.0000E+00  0.0000E+00  0.0000E+00  0.0000E+00  1.0843E-01  2.5296E+00  1.5707E+00  2.5149E-01  3.7662E+01  1.0000E+00  1.0843E-01  0.0000E+00 -1.0000E+00  1.2651E+00  1.0843E-01  1.1567E+00  0.0000E+00
  1.0000E+00  3.6100E+02  1.5042E+01 -1.2785E+00  1.0000E+02  0.0000E+00  0.0000E+00  0.0000E+00  0.0000E+00  0.0000E+00  1.6150E-01  3.5413E+00  2.1226E+00  3.3837E-01  3.7801E+01  1.0000E+00  1.6150E-01  0.0000E+00 -1.0000E+00 -1.2785E+00  1.6150E-01 -1.4400E+00  0.0000E+00
  1.0000E+00  3.6200E+02  1.5083E+01 -9.3125E-02  1.0000E+02  0.0000E+00  0.0000E+00  0.0000E+00  0.0000E+00  0.0000E+00  1.8164E-01  4.1488E+00  2.5351E+00  4.0495E-01  3.7974E+01  1.0000E+00  1.8164E-01  0.0000E+00 -1.0000E+00 -9.3125E-02  1.8164E-01 -2.7476E-01  0.0000E+00
  1.0000E+00  3.6300E+02  1.5125E+01 -9.9985E-02  1.0000E+02  0.0000E+00  0.0000E+00  0.0000E+00  0.0000E+00  0.0000E+00  1.8581E-01  4.3157E+00  2.6667E+00  4.2663E-01  3.8159E+01  1.0000E+00  1.8581E-01  0.0000E+00 -1.0000E+00 -9.9985E-02  1.8581E-01 -2.8579E-01  0.0000E+00
  1.0000E+00  3.6400E+02  1.5167E+01  4.7181E-01  1.0000E+02  0.0000E+00  0.0000E+00  0.0000E+00  0.0000E+00  0.0000E+00  1.8266E-01  4.2736E+00  2.6544E+00  4.2497E-01  3.8343E+01  1.0000E+00  1.8266E-01  0.0000E+00 -1.0000E+00  4.7181E-01  1.8266E-01  2.8915E-01  0.0000E+00
  1.0000E+00  3.6500E+02  1.5208E+01  9.8320E-01  1.0000E+02  0.0000E+00  0.0000E+00  0.0000E+00  0.0000E+00  0.0000E+00  1.7652E-01  4.1429E+00  2.5790E+00  4.1305E-01  3.8523E+01  1.0000E+00  1.7652E-01  0.0000E+00 -1.0000E+00  9.8320E-01  1.7652E-01  8.0667E-01  0.0000E+00
  1.0000E+00  3.6600E+02  1.5250E+01  1.5192E-01  1.0000E+02  0.0000E+00  0.0000E+00  0.0000E+00  0.0000E+00  0.0000E+00  1.6952E-01  3.9827E+00  2.4815E+00  3.9749E-01  3.8696E+01  1.0000E+00  1.6952E-01  0.0000E+00 -1.0000E+00  1.5192E-01  1.6952E-01 -1.7604E-02  0.0000E+00
  1.0000E+00  3.6700E+02  1.5292E+01 -1.2893E+00  1.0000E+02  0.0000E+00  0.0000E+00  0.0000E+00  0.0000E+00  0.0000E+00  1.6264E-01  3.8211E+00  2.3812E+00  3.8144E-01  3.8862E+01  1.0000E+00  1.6264E-01  0.0000E+00 -1.0000E+00 -1.2893E+00  1.6264E-01 -1.4519E+00  0.0000E+00
  1.0000E+00  3.6800E+02  1.5333E+01 -1.3274E+00  1.0000E+02  0.0000E+00  0.0000E+00  0.0000E+00  0.0000E+00  0.0000E+00  1.5629E-01  3.6701E+00  2.2868E+00  3.6630E-01  3.9021E+01  1.0000E+00  1.5629E-01  0.0000E+00 -1.0000E+00 -1.3274E+00  1.5629E-01 -1.4837E+00  0.0000E+00
  1.0000E+00  3.6900E+02  1.5375E+01  1.3672E+00  1.0000E+02  0.0000E+00  0.0000E+00  0.0000E+00  0.0000E+00  0.0000E+00  1.5060E-01  3.5342E+00  2.2014E+00  3.5261E-01  3.9175E+01  1.0000E+00  1.5060E-01  0.0000E+00 -1.0000E+00  1.3672E+00  1.5060E-01  1.2166E+00  0.0000E+00
  1.0000E+00  3.7000E+02  1.5417E+01 -2.2572E-01  1.0000E+02  0.0000E+00  0.0000E+00  0.0000E+00  0.0000E+00  0.0000E+00  1.4558E-01  3.4138E+00  2.1256E+00  3.4046E-01  3.9323E+01  1.0000E+00  1.4558E-01  0.0000E+00 -1.0000E+00 -2.2572E-01  1.4558E-01 -3.7131E-01  0.0000E+00
  1.0000E+00  3.7100E+02  1.5458E+01  2.1097E+00  1.0000E+02  0.0000E+00  0.0000E+00  0.0000E+00  0.0000E+00  0.0000E+00  1.4118E-01  3.3081E+00  2.0590E+00  3.2977E-01  3.9466E+01  1.0000E+00  1.4118E-01  0.0000E+00 -1.0000E+00  2.1097E+00  1.4118E-01  1.9685E+00  0.0000E+00
  1.0000E+00  3.7200E+02  1.5500E+01 -5.2507E-01  1.0000E+02  0.0000E+00  0.0000E+00  0.0000E+00  0.0000E+00  0.0000E+00  1.3731E-01  3.2152E+00  2.0005E+00  3.2039E-01  3.9605E+01  1.0000E+00  1.3731E-01  0.0000E+00 -1.0000E+00 -5.2507E-01  1.3731E-01 -6.6238E-01  0.0000E+00
  1.0000E+00  3.7300E+02  1.5542E+01  1.8338E-02  1.0000E+02  0.0000E+00  0.0000E+00  0.0000E+00  0.0000E+00  0.0000E+00  1.3390E-01  3.1336E+00  1.9491E+00  3.1214E-01  3.9741E+01  1.0000E+00  1.3390E-01  0.0000E+00 -1.0000E+00  1.8338E-02  1.3390E-01 -1.1556E-01  0.0000E+00
  1.0000E+00  3.7400E+02  1.5583E+01  2.2785E-01  1.0000E+02  0.0000E+00  0.0000E+00  0.0000E+00  0.0000E+00  0.0000E+00  1.3089E-01  3.0616E+00  1.9037E+00  3.0486E-01  3.9873E+01  1.0000E+00  1.3089E-01  0.0000E+00 -1.0000E+00  2.2785E-01  1.3089E-01  9.6954E-02  0.0000E+00
  1.0000E+00  3.7500E+02  1.5625E+01  1.1545E+00  1.0000E+02  0.0000E+00  0.0000E+00  0.0000E+00  0.0000E+00  0.0000E+00  1.2822E-01  2.9976E+00  1.8635E+00  2.9841E-01  4.0003E+01  1.0000E+00  1.2822E-01  0.0000E+00 -1.0000E+00  1.1545E+00  1.2822E-01  1.0263E+00  0.0000E+00
  1.0000E+00  3.7600E+02  1.5667E+01  7.8496E-01  1.0000E+02  0.0000E+00  0.0000E+00  0.0000E+00  0.0000E+00  0.0000E+00  1.2582E-01  2.9405E+00  1.8275E+00  2.9265E-01  4.0130E+01  1.0000E+00  1.2582E-01  0.0000E+00 -1.0000E+00  7.8496E-01  1.2582E-01  6.5914E-01  0.0000E+00
  1.0000E+00  3.7700E+02  1.5708E+01  5.3946E-01  1.0000E+02  0.0000E+00  0.0000E+00  0.0000E+00  0.0000E+00  0.0000E+00  1.2367E-01  2.8891E+00  1.7953E+00  2.8747E-01  4.0255E+01  1.0000E+00  1.2367E-01  0.0000E+00 -1.0000E+00  5.3946E-01  1.2367E-01  4.1579E-01  0.0000E+00
  1.0000E+00  3.7800E+02  1.5750E+01 -8.4922E-01  1.0000E+02  0.0000E+00  0.0000E+00  0.0000E+00  0.0000E+00  0.0000E+00  1.2172E-01  2.8426E+00  1.7661E+00  2.8280E-01  4.0377E+01  1.0000E+00  1.2172E-01  0.0000E+00 -1.0000E+00 -8.4922E-01  1.2172E-01 -9.7094E-01  0.0000E+00
  1.0000E+00  3.7900E+02  1.5792E+01 -4.4376E-02  1.0000E+02  0.0000E+00  0.0000E+00  0.0000E+00  0.0000E+00  0.0000E+00  1.1994E-01  2.8003E+00  1.7396E+00  2.7854E-01  4.0498E+01  1.0000E+00  1.1994E-01  0.0000E+00 -1.0000E+00 -4.4376E-02  1.1994E-01 -1.6432E-01  0.0000E+00
  1.0000E+00  3.8000E+02  1.5833E+01 -1.6575E+00  1.0000E+02  0.0000E+00  0.0000E+00  0.0000E+00  0.0000E+00  0.0000E+00  1.1831E-01  2.7616E+00  1.7153E+00  2.7465E-01  4.0617E+01  1.0000E+00  1.1831E-01  0.0000E+00 -1.0000E+00 -1.6575E+00  1.1831E-01 -1.7758E+00  0.0000E+00
  1.0000E+00  3.8100E+02  1.5875E+01 -5.7241E-01  1.0000E+02  0.0000E+00  0.0000E+00  0.0000E+00  0.0000E+00  0.0000E+00  1.1680E-01  2.7259E+00  1.6929E+00  2.7107E-01  4.0735E+01  1.0000E+00  1.1680E-01  0.0000E+00 -1.0000E+00 -5.7241E-01  1.1680E-01 -6.8921E-01  0.0000E+00
  1.0000E+00  3.8200E+02  1.5917E+01 -1.2598E+00  1.0000E+02  0.0000E+00  0.0000E+00  0.0000E+00  0.0000E+00  0.0000E+00  1.1541E-01  2.6928E+00  1.6723E+00  2.6775E-01  4.0851E+01  1.0000E+00  1.1541E-01  0.0000E+00 -1.0000E+00 -1.2598E+00  1.1541E-01 -1.3752E+00  0.0000E+00
  1.0000E+00  3.8300E+02  1.5958E+01  1.8141E+00  1.0000E+02  0.0000E+00  0.0000E+00  0.0000E+00  0.0000E+00  0.0000E+00  1.1410E-01  2.6621E+00  1.6530E+00  2.6467E-01  4.0966E+01  1.0000E+00  1.1410E-01  0.0000E+00 -1.0000E+00  1.8141E+00  1.1410E-01  1.7000E+00  0.0000E+00
  1.0000E+00  3.8400E+02  1.6000E+01  7.9655E-02  1.0000E+02  0.0000E+00  0.0000E+00  0.0000E+00  0.0000E+00  0.0000E+00  1.1289E-01  2.6334E+00  1.6351E+00  2.6179E-01  4.1079E+01  1.0000E+00  1.1289E-01  0.0000E+00 -1.0000E+00  7.9655E-02  1.1289E-01 -3.3233E-02  0.0000E+00
  1.0000E+00  3.8500E+02  1.6042E+01 -2.4080E+00  1.0000E+02  0.0000E+00  0.0000E+00  0.0000E+00  0.0000E+00  0.0000E+00  1.6595E-01  3.6449E+00  2.1869E+00  3.4866E-01  4.1222E+01  1.0000E+00  1.6595E-01  0.0000E+00 -1.0000E+00 -2.4080E+00  1.6595E-01 -2.5740E+00  0.0000E+00
  1.0000E+00  3.8600E+02  1.6083E+01  2.5194E-01  1.0000E+02  0.0000E+00  0.0000E+00  0.0000E+00  0.0000E+00  0.0000E+00  1.8609E-01  4.2524E+00  2.5993E+00  4.1523E-01  4.1400E+01  1.0000E+00  1.8609E-01  0.0000E+00 -1.0000E+00  2.5194E-01  1.8609E-01  6.5857E-02  0.0000E+00
  1.0000E+00  3.8700E+02  1.6125E+01  1.0515E+00  1.0000E+02  0.0000E+00  0.0000E+00  0.0000E+00  0.0000E+00  0.0000E+00  1.9025E-01  4.4191E+00  2.7309E+00  4.3690E-01  4.1589E+01  1.0000E+00  1.9025E-01  0.0000E+00 -1.0000E+00  1.0515E+00  1.9025E-01  8.6129E-01  0.0000E+00
  1.0000E+00  3.8800E+02  1.6167E+01 -2.3490E-02  1.0000E+02  0.0000E+00  0.0000E+00  0.0000E+00  0.0000E+00  0.0000E+00  1.8710E-01  4.3770E+00  2.7185E+00  4.3523E-01  4.1778E+01  1.0000E+00  1.8710E-01  0.0000E+00 -1.0000E+00 -2.3490E-02  1.8710E-01 -2.1059E-01  0.0000E+00
  1.0000E+00  3.8900E+02  1.6208E+01 -1.0188E+00  1.0000E+02  0.0000E+00  0.0000E+00  0.0000E+00  0.0000E+00  0.0000E+00  1.8096E-01  4.2462E+00  2.6431E+00  4.2331E-01  4.1962E+01  1.0000E+00  1.8096E-01  0.0000E+00 -1.0000E+00 -1.0188E+00  1.8096E-01 -1.1997E+00  0.0000E+00
  1.0000E+00  3.9000E+02  1.6250E+01 -1.1676E+00  1.0000E+02  0.0000E+00  0.0000E+00  0.0000E+00  0.0000E+00  0.0000E+00  1.7396E-01  4.0859E+00  2.5455E+00  4.0774E-01  4.2140E+01  1.0000E+00  1.7396E-01  0.0000E+00 -1.0000E+00 -1.1676E+00  1.7396E-01 -1.3415E+00  0.0000E+00
  1.0000E+00  3.9100E+02  1.6292E+01 -2.3704E-01  1.0000E+02  0.0000E+00  0.0000E+00  0.0000E+00  0.0000E+00  0.0000E+00  1.6707E-01  3.9242E+00  2.4452E+00  3.9168E-01  4.2310E+01  1.0000E+00  1.6707E-01  0.0000E+00 -1.0000E+00 -2.3704E-01  1.6707E-01 -4.0411E-01  0.0000E+00
  1.0000E+00  3.9200E+02  1.6333E+01  1.7507E+00  1.0000E+02  0.0000E+00  0.0000E+00  0.0000E+00  0.0000E+00  0.0000E+00  1.6072E-01  3.7731E+00  2.3507E+00  3.7653E-01  4.2474E+01  1.0000E+00  1.6072E-01  0.0000E+00 -1.0000E+00  1.7507E+00  1.6072E-01  1.5900E+00  0.0000E+00
  1.0000E+00  3.9300E+02  1.6375E+01  1.3923E+00  1.0000E+02  0.0000E+00  0.0000E+00  0.0000E+00  0.0000E+00  0.0000E+00  1.5503E-01  3.6371E+00  2.2652E+00  3.6283E-01  4.2632E+01  1.0000E+00  1.5503E-01  0.0000E+00 -1.0000E+00  1.3923E+00  1.5503E-01  1.2372E+00  0.0000E+00
  1.0000E+00  3.9400E+02  1.6417E+01 -1.0212E+00  1.0000E+02  0.0000E+00  0.0000E+00  0.0000E+00  0.0000E+00  0.0000E+00  1.5000E-01  3.5167E+00  2.1894E+00  3.5067E-01  4.2785E+01  1.0000E+00  1.5000E-01  0.0000E+00 -1.0000E+00 -1.0212E+00  1.5000E-01 -1.1712E+00  0.0000E+00
  1.0000E+00  3.9500E+02  1.6458E+01 -7.6469E-01  1.0000E+02  0.0000E+00  0.0000E+00  0.0000E+00  0.0000E+00  0.0000E+00  1.4559E-01  3.4108E+00  2.1227E+00  3.3997E-01  4.2932E+01  1.0000E+00  1.4559E-01  0.0000E+00 -1.0000E+00 -7.6469E-01  1.4559E-01 -9.1028E-01  0.0000E+00
  1.0000E+00  3.9600E+02  1.6500E+01 -1.0531E+00  1.0000E+02  0.0000E+00  0.0000E+00  0.0000E+00  0.0000E+00  0.0000E+00  1.4172E-01  3.3179E+00  2.0642E+00  3.3058E-01  4.3076E+01  1.0000E+00  1.4172E-01  0.0000E+00 -1.0000E+00 -1.0531E+00  1.4172E-01 -1.1948E+00  0.0000E+00
  1.0000E+00  3.9700E+02  1.6542E+01 -8.3085E-01  1.0000E+02  0.0000E+00  0.0000E+00  0.0000E+00  0.0000E+00  0.0000E+00  1.3831E-01  3.2362E+00  2.0127E+00  3.2232E-01  4.3216E+01  1.0000E+00  1.3831E-01  0.0000E+00 -1.0000E+00 -8.3085E-01  1.3831E-01 -9.6916E-01  0.0000E+00
  1.0000E+00  3.9800E+02  1.6583E+01 -2.6381E+00  1.0000E+02  0.0000E+00  0.0000E+00  0.0000E+00  0.0000E+00  0.0000E+00  1.3530E-01  3.1641E+00  1.9673E+00  3.1504E-01  4.3353E+01  1.0000E+00  1.3530E-01  0.0000E+00 -1.0000E+00 -2.6381E+00  1.3530E-01 -2.7734E+00  0.0000E+00
  1.0000E+00  3.9900E+02  1.6625E+01  7.5332E-01  1.0000E+02  0.0000E+00  0.0000E+00  0.0000E+00  0.0000E+00  0.0000E+00  1.3262E-01  3.1000E+00  1.9270E+00  3.0857E-01  4.3487E+01  1.0000E+00  1.3262E-01  0.0000E+00 -1.0000E+00  7.5332E-01  1.3262E-01  6.2070E-01  0.0000E+00
  1.0000E+00  4.0000E+02  1.6667E+01  4.8812E-01  1.0000E+02  0.0000E+00  0.0000E+00  0.0000E+00  0.0000E+00  0.0000E+00  1.3022E-01  3.0428E+00  1.8910E+00  3.0280E-01  4.3618E+01  1.0000E+00  1.3022E-01  0.0000E+00 -1.0000E+00  4.8812E-01  1.3022E-01  3.5789E-01  0.0000E+00
  1.0000E+00  4.0100E+02  1.6708E+01  9.9129E-01  1.0000E+02  0.0000E+00  0.0000E+00  0.0000E+00  0.0000E+00  0.0000E+00  1.2806E-01  2.9914E+00  1.8587E+00  2.9762E-01  4.3747E+01  1.0000E+00  1.2806E-01  0.0000E+00 -1.0000E+00  9.9129E-01  1.2806E-01  8.6323E-01  0.0000E+00
  1.0000E+00  4.0200E+02  1.6750E+01  2.6238E-01  1.0000E+02  0.0000E+00  0.0000E+00  0.0000E+00  0.0000E+00  0.0000E+00  1.2611E-01  2.9448E+00  1.8295E+00  2.9294E-01  4.3874E+01  1.0000E+00  1.2611E-01  0.0000E+00 -1.0000E+00  2.6238E-01  1.2611E-01  1.3628E-01  0.0000E+00
  1.0000E+00  4.0300E+02  1.6792E+01  2.1198E-01  1.0000E+02  0.0000E+00  0.0000E+00  0.0000E+00  0.0000E+00  0.0000E+00  1.2432E-01  2.9024E+00  1.8029E+00  2.8868E-01  4.3999E+01  1.0000E+00  1.2432E-01  0.0000E+00 -1.0000E+00  2.1198E-01  1.2432E-01  8.7652E-02  0.0000E+00
  1.0000E+00  4.0400E+02  1.6833E+01  5.0862E-01  1.0000E+02  0.0000E+00  0.0000E+00  0.0000E+00  0.0000E+00  0.0000E+00  1.2269E-01  2.8636E+00  1.7785E+00  2.8477E-01  4.4123E+01  1.0000E+00  1.2269E-01  0.0000E+00 -1.0000E+00  5.0862E-01  1.2269E-01  3.8593E-01  0.0000E+00
  1.0000E+00  4.0500E+02  1.6875E+01  1.0696E+00  1.0000E+02  0.0000E+00  0.0000E+00  0.0000E+00  0.0000E+00  0.0000E+00  1.2118E-01  2.8278E+00  1.7561E+00  2.8118E-01  4.4245E+01  1.0000E+00  1.2118E-01  0.0000E+00 -1.0000E+00  1.0696E+00  1.2118E-01  9.4846E-01  0.0000E+00
  1.0000E+00  4.0600E+02  1.6917E+01 -8.5867E-01  1.0000E+02  0.0000E+00  0.0000E+00  0.0000E+00  0.0000E+00  0.0000E+00  1.1978E-01  2.7947E+00  1.7354E+00  2.7786E-01  4.4365E+01  1.0000E+00  1.1978E-01  0.0000E+00 -1.0000E+00 -8.5867E-01  1.1978E-01 -9.7845E-01  0.0000E+00
  1.0000E+00  4.0700E+02  1.6958E+01  1.7769E+00  1.0000E+02  0.0000E+00  0.0000E+00  0.0000E+00  0.0000E+00  0.0000E+00  1.1848E-01  2.7638E+00  1.7161E+00  2.7477E-01  4.4484E+01  1.0000E+00  1.1848E-01  0.0000E+00 -1.0000E+00  1.7769E+00  1.1848E-01  1.6584E+00  0.0000E+00
  1.0000E+00  4.0800E+02  1.7000E+01  1.9381E-01  1.0000E+02  0.0000E+00  0.0000E+00  0.0000E+00  0.0000E+00  0.0000E+00  1.1726E-01  2.7350E+00  1.6981E+00  2.7188E-01  4.4602E+01  1.0000E+00  1.1726E-01  0.0000E+00 -1.0000E+00  1.9381E-01  1.1726E-01  7.6556E-02  0.0000E+00
  1.0000E+00  4.0900E+02  1.7042E+01  8.8680E-01  1.0000E+02  0.0000E+00  0.0000E+00  0.0000E+00  0.0000E+00  0.0000E+00  1.7031E-01  3.7464E+00  2.2498E+00  3.5874E-01  4.4750E+01  1.0000E+00  1.7031E-01  0.0000E+00 -1.0000E+00  8.8680E-01  1.7031E-01  7.1649E-01  0.0000E+00
  1.0000E+00  4.1000E+02  1.7083E+01 -1.0506E+00  1.0000E+02  0.0000E+00  0.0000E+00  0.0000E+00  0.0000E+00  0.0000E+00  1.9045E-01  4.3538E+00  2.6622E+00  4.2531E-01  4.4932E+01  1.0000E+00  1.9045E-01  0.0000E+00 -1.0000E+00 -1.0506E+00  1.9045E-01 -1.2411E+00  0.0000E+00
  1.0000E+00  4.1100E+02  1.7125E+01  1.1680E-01  1.0000E+02  0.0000E+00  0.0000E+00  0.0000E+00  0.0000E+00  0.0000E+00  1.9461E-01  4.5205E+00  2.7938E+00  4.4697E-01  4.5125E+01  1.0000E+00  1.9461E-01  0.0000E+00 -1.0000E+00  1.1680E-01  1.9461E-01 -7.7810E-02  0.0000E+00
  1.0000E+00  4.1200E+02  1.7167E+01  5.3094E-02  1.0000E+02  0.0000E+00  0.0000E+00  0.0000E+00  0.0000E+00  0.0000E+00  1.9145E-01  4.4783E+00  2.7813E+00  4.4529E-01  4.5319E+01  1.0000E+00  1.9145E-01  0.0000E+00 -1.0000E+00  5.3094E-02  1.9145E-01 -1.3836E-01  0.0000E+00
  1.0000E+00  4.1300E+02  1.7208E+01 -3.5544E-01  1.0000E+02  0.0000E+00  0.0000E+00  0.0000E+00  0.0000E+00  0.0000E+00  1.8531E-01  4.3474E+00  2.7059E+00  4.3336E-01  4.5507E+01  1.0000E+00  1.8531E-01  0.0000E+00 -1.0000E+00 -3.5544E-01  1.8531E-01 -5.4075E-01  0.0000E+00
  1.0000E+00  4.1400E+02  1.7250E+01  1.3727E-01  1.0000E+02  0.0000E+00  0.0000E+00  0.0000E+00  0.0000E+00  0.0000E+00  1.7830E-01  4.1870E+00  2.6082E+00  4.1778E-01  4.5689E+01  1.0000E+00  1.7830E-01  0.0000E+00 -1.0000E+00  1.3727E-01  1.7830E-01 -4.1027E-02  0.0000E+00
  1.0000E+00  4.1500E+02  1.7292E+01  2.0233E-01  1.0000E+02  0.0000E+00  0.0000E+00  0.0000E+00  0.0000E+00  0.0000E+00  1.7141E-01  4.0252E+00  2.5078E+00  4.0171E-01  4.5864E+01  1.0000E+00  1.7141E-01  0.0000E+00 -1.0000E+00  2.0233E-01  1.7141E-01  3.0916E-02  0.0000E+00
  1.0000E+00  4.1600E+02  1.7333E+01 -6.9750E-01  1.0000E+02  0.0000E+00  0.0000E+00  0.0000E+00  0.0000E+00  0.0000E+00  1.6505E-01  3.8741E+00  2.4133E+00  3.8656E-01  4.6032E+01  1.0000E+00  1.6505E-01  0.0000E+00 -1.0000E+00 -6.9750E-01  1.6505E-01 -8.6255E-01  0.0000E+00
  1.0000E+00  4.1700E+02  1.7375E+01  1.0639E+00  1.0000E+02  0.0000E+00  0.0000E+00  0.0000E+00  0.0000E+00  0.0000E+00  1.5936E-01  3.7380E+00  2.3278E+00  3.7284E-01  4.6194E+01  1.0000E+00  1.5936E-01  0.0000E+00 -1.0000E+00  1.0639E+00  1.5936E-01  9.0450E-01  0.0000E+00
  1.0000E+00  4.1800E+02  1.7417E+01  1.0961E-01  1.0000E+02  0.0000E+00  0.0000E+00  0.0000E+00  0.0000E+00  0.0000E+00  1.5433E-01  3.6175E+00  2.2519E+00  3.6067E-01  4.6351E+01  1.0000E+00  1.5433E-01  0.0000E+00 -1.0000E+00  1.0961E-01  1.5433E-01 -4.4727E-02  0.0000E+00
  1.0000E+00  4.1900E+02  1.7458E+01 -9.0652E-02  1.0000E+02  0.0000E+00  0.0000E+00  0.0000E+00  0.0000E+00  0.0000E+00  1.4992E-01  3.5115E+00  2.1851E+00  3.4997E-01  4.6503E+01  1.0000E+00  1.4992E-01  0.0000E+00 -1.0000E+00 -9.0652E-02  1.4992E-01 -2.4057E-01  0.0000E+00
  1.0000E+00  4.2000E+02  1.7500E+01 -2.0377E-01  1.0000E+02  0.0000E+00  0.0000E+00  0.0000E+00  0.0000E+00  0.0000E+00  1.4604E-01  3.4185E+00  2.1266E+00  3.4057E-01  4.6651E+01  1.0000E+00  1.4604E-01  0.0000E+00 -1.0000E+00 -2.0377E-01  1.4604E-01 -3.4981E-01  0.0000E+00
  1.0000E+00  4.2100E+02  1.7542E+01 -1.2986E-01  1.0000E+02  0.0000E+00  0.0000E+00  0.0000E+00  0.0000E+00  0.0000E+00  1.4263E-01  3.3368E+00  2.0750E+00  3.3230E-01  4.6795E+01  1.0000E+00  1.4263E-01  0.0000E+00 -1.0000E+00 -1.2986E-01  1.4263E-01 -2.7249E-01  0.0000E+00
  1.0000E+00  4.2200E+02  1.7583E+01  2.3956E-01  1.0000E+02  0.0000E+00  0.0000E+00  0.0000E+00  0.0000E+00  0.0000E+00  1.3961E-01  3.2645E+00  2.0296E+00  3.2501E-01  4.6937E+01  1.0000E+00  1.3961E-01  0.0000E+00 -1.0000E+00  2.3956E-01  1.3961E-01  9.9947E-02  0.0000E+00
  1.0000E+00  4.2300E+02  1.7625E+01 -6.0355E-01  1.0000E+02  0.0000E+00  0.0000E+00  0.0000E+00  0.0000E+00  0.0000E+00  1.3693E-01  3.2004E+00  1.9892E+00  3.1854E-01  4.7075E+01  1.0000E+00  1.3693E-01  0.0000E+00 -1.0000E+00 -6.0355E-01  1.3693E-01 -7.4048E-01  0.0000E+00
  1.0000E+00  4.2400E+02  1.7667E+01 -4.4231E-01  1.0000E+02  0.0000E+00  0.0000E+00  0.0000E+00  0.0000E+00  0.0000E+00  1.3453E-01  3.1431E+00  1.9532E+00  3.1276E-01  4.7211E+01  1.0000E+00  1.3453E-01  0.0000E+00 -1.0000E+00 -4.4231E-01  1.3453E-01 -5.7684E-01  0.0000E+00
  1.0000E+00  4.2500E+02  1.7708E+01  3.0913E-01  1.0000E+02  0.0000E+00  0.0000E+00  0.0000E+00  0.0000E+00  0.0000E+00  1.3237E-01  3.0915E+00  1.9208E+00  3.0757E-01  4.7344E+01  1.0000E+00  1.3237E-01  0.0000E+00 -1.0000E+00  3.0913E-01  1.3237E-01  1.7677E-01  0.0000E+00
  1.0000E+00  4.2600E+02  1.7750E+01 -6.3925E-03  1.0000E+02  0.0000E+00  0.0000E+00  0.0000E+00  0.0000E+00  0.0000E+00  1.3041E-01  3.0449E+00  1.8916E+00  3.0288E-01  4.7475E+01  1.0000E+00  1.3041E-01  0.0000E+00 -1.0000E+00 -6.3925E-03  1.3041E-01 -1.3680E-01  0.0000E+00
  1.0000E+00  4.2700E+02  1.7792E+01  6.0999E-01  1.0000E+02  0.0000E+00  0.0000E+00  0.0000E+00  0.0000E+00  0.0000E+00  1.2862E-01  3.0024E+00  1.8649E+00  2.9861E-01  4.7605E+01  1.0000E+00  1.2862E-01  0.0000E+00 -1.0000E+00  6.0999E-01  1.2862E-01  4.8137E-01  0.0000E+00
  1.0000E+00  4.2800E+02  1.7833E+01  1.1417E+00  1.0000E+02  0.0000E+00  0.0000E+00  0.0000E+00  0.0000E+00  0.0000E+00  1.2698E-01  2.9635E+00  1.8405E+00  2.9470E-01  4.7733E+01  1.0000E+00  1.2698E-01  0.0000E+00 -1.0000E+00  1.1417E+00  1.2698E-01  1.0147E+00  0.0000E+00
  1.0000E+00  4.2900E+02  1.7875E+01  2.6775E-01  1.0000E+02  0.0000E+00  0.0000E+00  0.0000E+00  0.0000E+00  0.0000E+00  1.2547E-01  2.9277E+00  1.8181E+00  2.9110E-01  4.7859E+01  1.0000E+00  1.2547E-01  0.0000E+00 -1.0000E+00  2.6775E-01  1.2547E-01  1.4228E-01  0.0000E+00
  1.0000E+00  4.3000E+02  1.7917E+01 -4.4190E-01  1.0000E+02  0.0000E+00  0.0000E+00  0.0000E+00  0.0000E+00  0.0000E+00  1.2407E-01  2.8944E+00  1.7973E+00  2.8776E-01  4.7984E+01  1.0000E+00  1.2407E-01  0.0000E+00 -1.0000E+00 -4.4190E-01  1.2407E-01 -5.6597E-01  0.0000E+00
  1.0000E+00  4.3100E+02  1.7958E+01  6.4932E-01  1.0000E+02  0.0000E+00  0.0000E+00  0.0000E+00  0.0000E+00  0.0000E+00  1.2276E-01  2.8635E+00  1.7779E+00  2.8467E-01  4.8107E+01  1.0000E+00  1.2276E-01  0.0000E+00 -1.0000E+00  6.4932E-01  1.2276E-01  5.2656E-01  0.0000E+00
  1.0000E+00  4.3200E+02  1.8000E+01 -5.4339E-01  1.0000E+02  0.0000E+00  0.0000E+00  0.0000E+00  0.0000E+00  0.0000E+00  1.2154E-01  2.8346E+00  1.7599E+00  2.8177E-01  4.8229E+01  1.0000E+00  1.2154E-01  0.0000E+00 -1.0000E+00 -5.4339E-01  1.2154E-01 -6.6492E-01  0.0000E+00
  1.0000E+00  4.3300E+02  1.8042E+01 -3.7517E-01  1.0000E+02  0.0000E+00  0.0000E+00  0.0000E+00  0.0000E+00  0.0000E+00  1.7459E-01  3.8460E+00  2.3116E+00  3.6862E-01  4.8381E+01  1.0000E+00  1.7459E-01  0.0000E+00 -1.0000E+00 -3.7517E-01  1.7459E-01 -5.4976E-01  0.0000E+00
  1.0000E+00  4.3400E+02  1.8083E+01  1.9566E-01  1.0000E+02  0.0000E+00  0.0000E+00  0.0000E+00  0.0000E+00  0.0000E+00  1.9472E-01  4.4533E+00  2.7239E+00  4.3518E-01  4.8568E+01  1.0000E+00  1.9472E-01  0.0000E+00 -1.0000E+00  1.9566E-01  1.9472E-01  9.4648E-04  0.0000E+00
  1.0000E+00  4.3500E+02  1.8125E+01  3.8672E-01  1.0000E+02  0.0000E+00  0.0000E+00  0.0000E+00  0.0000E+00  0.0000E+00  1.9888E-01  4.6199E+00  2.8554E+00  4.5683E-01  4.8765E+01  1.0000E+00  1.9888E-01  0.0000E+00 -1.0000E+00  3.8672E-01  1.9888E-01  1.8784E-01  0.0000E+00
  1.0000E+00  4.3600E+02  1.8167E+01 -3.3111E-01  1.0000E+02  0.0000E+00  0.0000E+00  0.0000E+00  0.0000E+00  0.0000E+00  1.9572E-01  4.5775E+00  2.8428E+00  4.5515E-01  4.8963E+01  1.0000E+00  1.9572E-01  0.0000E+00 -1.0000E+00 -3.3111E-01  1.9572E-01 -5.2682E-01  0.0000E+00
  1.0000E+00  4.3700E+02  1.8208E+01  1.5887E+00  1.0000E+02  0.0000E+00  0.0000E+00  0.0000E+00  0.0000E+00  0.0000E+00  1.8957E-01  4.4466E+00  2.7674E+00  4.4320E-01  4.9156E+01  1.0000E+00  1.8957E-01  0.0000E+00 -1.0000E+00  1.5887E+00  1.8957E-01  1.3991E+00  0.0000E+00
  1.0000E+00  4.3800E+02  1.8250E+01  5.1136E-01  1.0000E+02  0.0000E+00  0.0000E+00  0.0000E+00  0.0000E+00  0.0000E+00  1.8256E-01  4.2861E+00  2.6697E+00  4.2761E-01  4.9342E+01  1.0000E+00  1.8256E-01  0.0000E+00 -1.0000E+00  5.1136E-01  1.8256E-01  3.2880E-01  0.0000E+00
  1.0000E+00  4.3900E+02  1.8292E+01  1.3931E+00  1.0000E+02  0.0000E+00  0.0000E+00  0.0000E+00  0.0000E+00  0.0000E+00  1.7567E-01  4.1243E+00  2.5693E+00  4.1154E-01  4.9521E+01  1.0000E+00  1.7567E-01  0.0000E+00 -1.0000E+00  1.3931E+00  1.7567E-01  1.2175E+00  0.0000E+00
  1.0000E+00  4.4000E+02  1.8333E+01 -6.8746E-01  1.0000E+02  0.0000E+00  0.0000E+00  0.0000E+00  0.0000E+00  0.0000E+00  1.6930E-01  3.9730E+00  2.4746E+00  3.9638E-01  4.9693E+01  1.0000E+00  1.6930E-01  0.0000E+00 -1.0000E+00 -6.8746E-01  1.6930E-01 -8.5676E-01  0.0000E+00
  1.0000E+00  4.4100E+02  1.8375E+01  2.4276E+00  1.0000E+02  0.0000E+00  0.0000E+00  0.0000E+00  0.0000E+00  0.0000E+00  1.6361E-01  3.8368E+00  2.3891E+00  3.8266E-01  4.9860E+01  1.0000E+00  1.6361E-01  0.0000E+00 -1.0000E+00  2.4276E+00  1.6361E-01  2.2640E+00  0.0000E+00
  1.0000E+00  4.4200E+02  1.8417E+01 -5.1319E-02  1.0000E+02  0.0000E+00  0.0000E+00  0.0000E+00  0.0000E+00  0.0000E+00  1.5858E-01  3.7162E+00  2.3131E+00  3.7048E-01  5.0021E+01  1.0000E+00  1.5858E-01  0.0000E+00 -1.0000E+00 -5.1319E-02  1.5858E-01 -2.0989E-01  0.0000E+00
  1.0000E+00  4.4300E+02  1.8458E+01  1.9735E+00  1.0000E+02  0.0000E+00  0.0000E+00  0.0000E+00  0.0000E+00  0.0000E+00  1.5416E-01  3.6102E+00  2.2463E+00  3.5976E-01  5.0177E+01  1.0000E+00  1.5416E-01  0.0000E+00 -1.0000E+00  1.9735E+00  1.5416E-01  1.8193E+00  0.0000E+00
  1.0000E+00  4.4400E+02  1.8500E+01 -1.7760E+00  1.0000E+02  0.0000E+00  0.0000E+00  0.0000E+00  0.0000E+00  0.0000E+00  1.5028E-01  3.5171E+00  2.1877E+00  3.5036E-01  5.0329E+01  1.0000E+00  1.5028E-01  0.0000E+00 -1.0000E+00 -1.7760E+00  1.5028E-01 -1.9262E+00  0.0000E+00
  1.0000E+00  4.4500E+02  1.8542E+01 -6.3752E-02  1.0000E+02  0.0000E+00  0.0000E+00  0.0000E+00  0.0000E+00  0.0000E+00  1.4686E-01  3.4353E+00  2.1361E+00  3.4208E-01  5.0478E+01  1.0000E+00  1.4686E-01  0.0000E+00 -1.0000E+00 -6.3752E-02  1.4686E-01 -2.1061E-01  0.0000E+00
  1.0000E+00  4.4600E+02  1.8583E+01 -2.8992E-02  1.0000E+02  0.0000E+00  0.0000E+00  0.0000E+00  0.0000E+00  0.0000E+00  1.4384E-01  3.3630E+00  2.0906E+00  3.3478E-01  5.0623E+01  1.0000E+00  1.4384E-01  0.0000E+00 -1.0000E+00 -2.8992E-02  1.4384E-01 -1.7283E-01  0.0000E+00
  1.0000E+00  4.4700E+02  1.8625E+01  3.9595E-01  1.0000E+02  0.0000E+00  0.0000E+00  0.0000E+00  0.0000E+00  0.0000E+00  1.4116E-01  3.2987E+00  2.0502E+00  3.2830E-01  5.0766E+01  1.0000E+00  1.4116E-01  0.0000E+00 -1.0000E+00  3.9595E-01  1.4116E-01  2.5480E-01  0.0000E+00
  1.0000E+00  4.4800E+02  1.8667E+01 -2.0769E+00  1.0000E+02  0.0000E+00  0.0000E+00  0.0000E+00  0.0000E+00  0.0000E+00  1.3875E-01  3.2413E+00  2.0141E+00  3.2252E-01  5.0905E+01  1.0000E+00  1.3875E-01  0.0000E+00 -1.0000E+00 -2.0769E+00  1.3875E-01 -2.2157E+00  0.0000E+00
  1.0000E+00  4.4900E+02  1.8708E+01  1.4078E+00  1.0000E+02  0.0000E+00  0.0000E+00  0.0000E+00  0.0000E+00  0.0000E+00  1.3659E-01  3.1897E+00  1.9817E+00  3.1732E-01  5.1043E+01  1.0000E+00  1.3659E-01  0.0000E+00 -1.0000E+00  1.4078E+00  1.3659E-01  1.2712E+00  0.0000E+00
  1.0000E+00  4.5000E+02  1.8750E+01 -9.8241E-01  1.0000E+02  0.0000E+00  0.0000E+00  0.0000E+00  0.0000E+00  0.0000E+00  1.3462E-01  3.1430E+00  1.9524E+00  3.1262E-01  5.1179E+01  1.0000E+00  1.3462E-01  0.0000E+00 -1.0000E+00 -9.8241E-01  1.3462E-01 -1.1170E+00  0.0000E+00
  1.0000E+00  4.5100E+02  1.8792E+01 -2.3780E-01  1.0000E+02  0.0000E+00  0.0000E+00  0.0000E+00  0.0000E+00  0.0000E+00  1.3283E-01  3.1004E+00  1.9257E+00  3.0834E-01  5.1312E+01  1.0000E+00  1.3283E-01  0.0000E+00 -1.0000E+00 -2.3780E-01  1.3283E-01 -3.7064E-01  0.0000E+00
  1.0000E+00  4.5200E+02  1.8833E+01 -1.7984E+00  1.0000E+02  0.0000E+00  0.0000E+00  0.0000E+00  0.0000E+00  0.0000E+00  1.3119E-01  3.0614E+00  1.9013E+00  3.0442E-01  5.1444E+01  1.0000E+00  1.3119E-01  0.0000E+00 -1.0000E+00 -1.7984E+00  1.3119E-01 -1.9296E+00  0.0000E+00
  1.0000E+00  4.5300E+02  1.8875E+01  1.0708E+00  1.0000E+02  0.0000E+00  0.0000E+00  0.0000E+00  0.0000E+00  0.0000E+00  1.2967E-01  3.0255E+00  1.8788E+00  3.0081E-01  5.1575E+01  1.0000E+00  1.2967E-01  0.0000E+00 -1.0000E+00  1.0708E+00  1.2967E-01  9.4118E-01  0.0000E+00
  1.0000E+00  4.5400E+02  1.8917E+01 -1.7590E+00  1.0000E+02  0.0000E+00  0.0000E+00  0.0000E+00  0.0000E+00  0.0000E+00  1.2827E-01  2.9922E+00  1.8579E+00  2.9747E-01  5.1704E+01  1.0000E+00  1.2827E-01  0.0000E+00 -1.0000E+00 -1.7590E+00  1.2827E-01 -1.8873E+00  0.0000E+00
  1.0000E+00  4.5500E+02  1.8958E+01 -2.1335E+00  1.0000E+02  0.0000E+00  0.0000E+00  0.0000E+00  0.0000E+00  0.0000E+00  1.2696E-01  2.9612E+00  1.8385E+00  2.9436E-01  5.1831E+01  1.0000E+00  1.2696E-01  0.0000E+00 -1.0000E+00 -2.1335E+00  1.2696E-01 -2.2605E+00  0.0000E+00
  1.0000E+00  4.5600E+02  1.9000E+01  1.4362E-01  1.0000E+02  0.0000E+00  0.0000E+00  0.0000E+00  0.0000E+00  0.0000E+00  1.2573E-01  2.9322E+00  1.8204E+00  2.9146E-01  5.1958E+01  1.0000E+00  1.2573E-01  0.0000E+00 -1.0000E+00  1.4362E-01  1.2573E-01  1.7888E-02  0.0000E+00
  1.0000E+00  4.5700E+02  1.9042E+01 -1.0164E+00  1.0000E+02  0.0000E+00  0.0000E+00  0.0000E+00  0.0000E+00  0.0000E+00  1.7878E-01  3.9435E+00  2.3720E+00  3.7831E-01  5.2114E+01  1.0000E+00  1.7878E-01  0.0000E+00 -1.0000E+00 -1.0164E+00  1.7878E-01 -1.1952E+00  0.0000E+00
  1.0000E+00  4.5800E+02  1.9083E+01  7.6582E-01  1.0000E+02  0.0000E+00  0.0000E+00  0.0000E+00  0.0000E+00  0.0000E+00  1.9890E-01  4.5507E+00  2.7843E+00  4.4485E-01  5.2304E+01  1.0000E+00  1.9890E-01  0.0000E+00 -1.0000E+00  7.6582E-01  1.9890E-01  5.6692E-01  0.0000E+00
  1.0000E+00  4.5900E+02  1.9125E+01  2.2973E+00  1.0000E+02  0.0000E+00  0.0000E+00  0.0000E+00  0.0000E+00  0.0000E+00  2.0306E-01  4.7172E+00  2.9158E+00  4.6650E-01  5.2506E+01  1.0000E+00  2.0306E-01  0.0000E+00 -1.0000E+00  2.2973E+00  2.0306E-01  2.0943E+00  0.0000E+00
  1.0000E+00  4.6000E+02  1.9167E+01  2.9554E+00  1.0000E+02  0.0000E+00  0.0000E+00  0.0000E+00  0.0000E+00  0.0000E+00  1.9990E-01  4.6748E+00  2.9032E+00  4.6480E-01  5.2708E+01  1.0000E+00  1.9990E-01  0.0000E+00 -1.0000E+00  2.9554E+00  1.9990E-01  2.7555E+00  0.0000E+00
  1.0000E+00  4.6100E+02  1.9208E+01 -8.6166E-01  1.0000E+02  0.0000E+00  0.0000E+00  0.0000E+00  0.0000E+00  0.0000E+00  1.9375E-01  4.5438E+00  2.8276E+00  4.5285E-01  5.2905E+01  1.0000E+00  1.9375E-01  0.0000E+00 -1.0000E+00 -8.6166E-01  1.9375E-01 -1.0554E+00  0.0000E+00
  1.0000E+00  4.6200E+02  1.9250E+01 -6.8466E-01  1.0000E+02  0.0000E+00  0.0000E+00  0.0000E+00  0.0000E+00  0.0000E+00  1.8673E-01  4.3833E+00  2.7299E+00  4.3726E-01  5.3095E+01  1.0000E+00  1.8673E-01  0.0000E+00 -1.0000E+00 -6.8466E-01  1.8673E-01 -8.7139E-01  0.0000E+00
  1.0000E+00  4.6300E+02  1.9292E+01  8.4719E-01  1.0000E+02  0.0000E+00  0.0000E+00  0.0000E+00  0.0000E+00  0.0000E+00  1.7983E-01  4.2213E+00  2.6294E+00  4.2117E-01  5.3279E+01  1.0000E+00  1.7983E-01  0.0000E+00 -1.0000E+00  8.4719E-01  1.7983E-01  6.6736E-01  0.0000E+00
  1.0000E+00  4.6400E+02  1.9333E+01  2.3839E+00  1.0000E+02  0.0000E+00  0.0000E+00  0.0000E+00  0.0000E+00  0.0000E+00  1.7347E-01  4.0700E+00  2.5348E+00  4.0600E-01  5.3455E+01  1.0000E+00  1.7347E-01  0.0000E+00 -1.0000E+00  2.3839E+00  1.7347E-01  2.2104E+00  0.0000E+00
  1.0000E+00  4.6500E+02  1.9375E+01  1.0142E+00  1.0000E+02  0.0000E+00  0.0000E+00  0.0000E+00  0.0000E+00  0.0000E+00  1.6777E-01  3.9337E+00  2.4491E+00  3.9227E-01  5.3626E+01  1.0000E+00  1.6777E-01  0.0000E+00 -1.0000E+00  1.0142E+00  1.6777E-01  8.4640E-01  0.0000E+00
  1.0000E+00  4.6600E+02  1.9417E+01 -1.0720E+00  1.0000E+02  0.0000E+00  0.0000E+00  0.0000E+00  0.0000E+00  0.0000E+00  1.6273E-01  3.8130E+00  2.3732E+00  3.8009E-01  5.3791E+01  1.0000E+00  1.6273E-01  0.0000E+00 -1.0000E+00 -1.0720E+00  1.6273E-01 -1.2347E+00  0.0000E+00
  1.0000E+00  4.6700E+02  1.9458E+01  1.5701E+00  1.0000E+02  0.0000E+00  0.0000E+00  0.0000E+00  0.0000E+00  0.0000E+00  1.5831E-01  3.7069E+00  2.3063E+00  3.6936E-01  5.3952E+01  1.0000E+00  1.5831E-01  0.0000E+00 -1.0000E+00  1.5701E+00  1.5831E-01  1.4118E+00  0.0000E+00
  1.0000E+00  4.6800E+02  1.9500E+01 -1.8469E+00  1.0000E+02  0.0000E+00  0.0000E+00  0.0000E+00  0.0000E+00  0.0000E+00  1.5443E-01  3.6138E+00  2.2476E+00  3.5995E-01  5.4108E+01  1.0000E+00  1.5443E-01  0.0000E+00 -1.0000E+00 -1.8469E+00  1.5443E-01 -2.0013E+00  0.0000E+00
  1.0000E+00  4.6900E+02  1.9542E+01 -1.0491E+00  1.0000E+02  0.0000E+00  0.0000E+00  0.0000E+00  0.0000E+00  0.0000E+00  1.5101E-01  3.5318E+00  2.1960E+00  3.5167E-01  5.4261E+01  1.0000E+00  1.5101E-01  0.0000E+00 -1.0000E+00 -1.0491E+00  1.5101E-01 -1.2001E+00  0.0000E+00
  1.0000E+00  4.7000E+02  1.9583E+01  1.9812E+00  1.0000E+02  0.0000E+00  0.0000E+00  0.0000E+00  0.0000E+00  0.0000E+00  1.4799E-01  3.4594E+00  2.1504E+00  3.4436E-01  5.4410E+01  1.0000E+00  1.4799E-01  0.0000E+00 -1.0000E+00  1.9812E+00  1.4799E-01  1.8332E+00  0.0000E+00
  1.0000E+00  4.7100E+02  1.9625E+01  9.5940E-01  1.0000E+02  0.0000E+00  0.0000E+00  0.0000E+00  0.0000E+00  0.0000E+00  1.4530E-01  3.3951E+00  2.1100E+00  3.3787E-01  5.4557E+01  1.0000E+00  1.4530E-01  0.0000E+00 -1.0000E+00  9.5940E-01  1.4530E-01  8.1411E-01  0.0000E+00
  1.0000E+00  4.7200E+02  1.9667E+01  8.8966E-01  1.0000E+02  0.0000E+00  0.0000E+00  0.0000E+00  0.0000E+00  0.0000E+00  1.4289E-01  3.3376E+00  2.0739E+00  3.3208E-01  5.4701E+01  1.0000E+00  1.4289E-01  0.0000E+00 -1.0000E+00  8.8966E-01  1.4289E-01  7.4677E-01  0.0000E+00
  1.0000E+00  4.7300E+02  1.9708E+01 -1.9437E-01  1.0000E+02  0.0000E+00  0.0000E+00  0.0000E+00  0.0000E+00  0.0000E+00  1.4072E-01  3.2859E+00  2.0414E+00  3.2687E-01  5.4842E+01  1.0000E+00  1.4072E-01  0.0000E+00 -1.0000E+00 -1.9437E-01  1.4072E-01 -3.3509E-01  0.0000E+00
  1.0000E+00  4.7400E+02  1.9750E+01  1.8936E+00  1.0000E+02  0.0000E+00  0.0000E+00  0.0000E+00  0.0000E+00  0.0000E+00  1.3875E-01  3.2391E+00  2.0120E+00  3.2216E-01  5.4982E+01  1.0000E+00  1.3875E-01  0.0000E+00 -1.0000E+00  1.8936E+00  1.3875E-01  1.7549E+00  0.0000E+00
  1.0000E+00  4.7500E+02  1.9792E+01 -2.5769E-01  1.0000E+02  0.0000E+00  0.0000E+00  0.0000E+00  0.0000E+00  0.0000E+00  1.3696E-01  3.1965E+00  1.9853E+00  3.1787E-01  5.5120E+01  1.0000E+00  1.3696E-01  0.0000E+00 -1.0000E+00 -2.5769E-01  1.3696E-01 -3.9465E-01  0.0000E+00
  1.0000E+00  4.7600E+02  1.9833E+01  1.6286E+00  1.0000E+02  0.0000E+00  0.0000E+00  0.0000E+00  0.0000E+00  0.0000E+00  1.3531E-01  3.1574E+00  1.9608E+00  3.1395E-01  5.5256E+01  1.0000E+00  1.3531E-01  0.0000E+00 -1.0000E+00  1.6286E+00  1.3531E-01  1.4932E+00  0.0000E+00
  1.0000E+00  4.7700E+02  1.9875E+01 -1.3393E-02  1.0000E+02  0.0000E+00  0.0000E+00  0.0000E+00  0.0000E+00  0.0000E+00  1.3379E-01  3.1214E+00  1.9382E+00  3.1033E-01  5.5391E+01  1.0000E+00  1.3379E-01  0.0000E+00 -1.0000E+00 -1.3393E-02  1.3379E-01 -1.4719E-01  0.0000E+00
  1.0000E+00  4.7800E+02  1.9917E+01  6.8812E-01  1.0000E+02  0.0000E+00  0.0000E+00  0.0000E+00  0.0000E+00  0.0000E+00  1.3238E-01  3.0880E+00  1.9173E+00  3.0698E-01  5.5524E+01  1.0000E+00  1.3238E-01  0.0000E+00 -1.0000E+00  6.8812E-01  1.3238E-01  5.5573E-01  0.0000E+00
  1.0000E+00  4.7900E+02  1.9958E+01 -1.0814E+00  1.0000E+02  0.0000E+00  0.0000E+00  0.0000E+00  0.0000E+00  0.0000E+00  1.3107E-01  3.0569E+00  1.8979E+00  3.0387E-01  5.5656E+01  1.0000E+00  1.3107E-01  0.0000E+00 -1.0000E+00 -1.0814E+00  1.3107E-01 -1.2125E+00  0.0000E+00
  1.0000E+00  4.8000E+02  2.0000E+01 -2.2700E-01  1.0000E+02  0.0000E+00  0.0000E+00  0.0000E+00  0.0000E+00  0.0000E+00  1.2984E-01  3.0278E+00  1.8797E+00  3.0095E-01  5.5786E+01  1.0000E+00  1.2984E-01  0.0000E+00 -1.0000E+00 -2.2700E-01  1.2984E-01 -3.5684E-01  0.0000E+00
  1.0000E+00  4.8100E+02  2.0042E+01  1.0499E+00  1.0000E+02  0.0000E+00  0.0000E+00  0.0000E+00  0.0000E+00  0.0000E+00  1.8288E-01  4.0390E+00  2.4313E+00  3.8779E-01  5.5946E+01  1.0000E+00  1.8288E-01  0.0000E+00 -1.0000E+00  1.0499E+00  1.8288E-01  8.6704E-01  0.0000E+00
  1.0000E+00  4.8200E+02  2.0083E+01  7.0238E-01  1.0000E+02  0.0000E+00  0.0000E+00  0.0000E+00  0.0000E+00  0.0000E+00  2.0301E-01  4.6462E+00  2.8436E+00  4.5433E-01  5.6141E+01  1.0000E+00  2.0301E-01  0.0000E+00 -1.0000E+00  7.0238E-01  2.0301E-01  4.9937E-01  0.0000E+00
  1.0000E+00  4.8300E+02  2.0125E+01 -7.8566E-03  1.0000E+02  0.0000E+00  0.0000E+00  0.0000E+00  0.0000E+00  0.0000E+00  2.0716E-01  4.8126E+00  2.9749E+00  4.7597E-01  5.6347E+01  1.0000E+00  2.0716E-01  0.0000E+00 -1.0000E+00 -7.8566E-03  2.0716E-01 -2.1502E-01  0.0000E+00
  1.0000E+00  4.8400E+02  2.0167E+01  1.5313E-01  1.0000E+02  0.0000E+00  0.0000E+00  0.0000E+00  0.0000E+00  0.0000E+00  2.0399E-01  4.7701E+00  2.9623E+00  4.7427E-01  5.6553E+01  1.0000E+00  2.0399E-01  0.0000E+00 -1.0000E+00  1.5313E-01  2.0399E-01 -5.0860E-02  0.0000E+00
  1.0000E+00  4.8500E+02  2.0208E+01  1.7500E-01  1.0000E+02  0.0000E+00  0.0000E+00  0.0000E+00  0.0000E+00  0.0000E+00  1.9784E-01  4.6390E+00  2.8867E+00  4.6231E-01  5.6754E+01  1.0000E+00  1.9784E-01  0.0000E+00 -1.0000E+00  1.7500E-01  1.9784E-01 -2.2840E-02  0.0000E+00
  1.0000E+00  4.8600E+02  2.0250E+01 -1.3336E-01  1.0000E+02  0.0000E+00  0.0000E+00  0.0000E+00  0.0000E+00  0.0000E+00  1.9082E-01  4.4784E+00  2.7889E+00  4.4670E-01  5.6948E+01  1.0000E+00  1.9082E-01  0.0000E+00 -1.0000E+00 -1.3336E-01  1.9082E-01 -3.2418E-01  0.0000E+00
  1.0000E+00  4.8700E+02  2.0292E+01  9.8237E-01  1.0000E+02  0.0000E+00  0.0000E+00  0.0000E+00  0.0000E+00  0.0000E+00  1.8392E-01  4.3164E+00  2.6884E+00  4.3061E-01  5.7136E+01  1.0000E+00  1.8392E-01  0.0000E+00 -1.0000E+00  9.8237E-01  1.8392E-01  7.9845E-01  0.0000E+00
  1.0000E+00  4.8800E+02  2.0333E+01  6.5615E-01  1.0000E+02  0.0000E+00  0.0000E+00  0.0000E+00  0.0000E+00  0.0000E+00  1.7755E-01  4.1650E+00  2.5937E+00  4.1543E-01  5.7316E+01  1.0000E+00  1.7755E-01  0.0000E+00 -1.0000E+00  6.5615E-01  1.7755E-01  4.7860E-01  0.0000E+00
  1.0000E+00  4.8900E+02  2.0375E+01 -2.1539E-01  1.0000E+02  0.0000E+00  0.0000E+00  0.0000E+00  0.0000E+00  0.0000E+00  1.7185E-01  4.0286E+00  2.5080E+00  4.0170E-01  5.7491E+01  1.0000E+00  1.7185E-01  0.0000E+00 -1.0000E+00 -2.1539E-01  1.7185E-01 -3.8724E-01  0.0000E+00
  1.0000E+00  4.9000E+02  2.0417E+01  1.6092E+00  1.0000E+02  0.0000E+00  0.0000E+00  0.0000E+00  0.0000E+00  0.0000E+00  1.6681E-01  3.9078E+00  2.4320E+00  3.8950E-01  5.7660E+01  1.0000E+00  1.6681E-01  0.0000E+00 -1.0000E+00  1.6092E+00  1.6681E-01  1.4424E+00  0.0000E+00
  1.0000E+00  4.9100E+02  2.0458E+01  3.0450E-01  1.0000E+02  0.0000E+00  0.0000E+00  0.0000E+00  0.0000E+00  0.0000E+00  1.6238E-01  3.8017E+00  2.3651E+00  3.7877E-01  5.7825E+01  1.0000E+00  1.6238E-01  0.0000E+00 -1.0000E+00  3.0450E-01  1.6238E-01  1.4211E-01  0.0000E+00
  1.0000E+00  4.9200E+02  2.0500E+01 -1.1694E+00  1.0000E+02  0.0000E+00  0.0000E+00  0.0000E+00  0.0000E+00  0.0000E+00  1.5850E-01  3.7084E+00  2.3063E+00  3.6935E-01  5.7985E+01  1.0000E+00  1.5850E-01  0.0000E+00 -1.0000E+00 -1.1694E+00  1.5850E-01 -1.3279E+00  0.0000E+00
  1.0000E+00  4.9300E+02  2.0542E+01 -8.5845E-01  1.0000E+02  0.0000E+00  0.0000E+00  0.0000E+00  0.0000E+00  0.0000E+00  1.5507E-01  3.6264E+00  2.2547E+00  3.6106E-01  5.8142E+01  1.0000E+00  1.5507E-01  0.0000E+00 -1.0000E+00 -8.5845E-01  1.5507E-01 -1.0135E+00  0.0000E+00
  1.0000E+00  4.9400E+02  2.0583E+01 -9.6035E-01  1.0000E+02  0.0000E+00  0.0000E+00  0.0000E+00  0.0000E+00  0.0000E+00  1.5205E-01  3.5539E+00  2.2091E+00  3.5374E-01  5.8295E+01  1.0000E+00  1.5205E-01  0.0000E+00 -1.0000E+00 -9.6035E-01  1.5205E-01 -1.1124E+00  0.0000E+00
  1.0000E+00  4.9500E+02  2.0625E+01 -2.2523E+00  1.0000E+02  0.0000E+00  0.0000E+00  0.0000E+00  0.0000E+00  0.0000E+00  1.4935E-01  3.4895E+00  2.1685E+00  3.4725E-01  5.8446E+01  1.0000E+00  1.4935E-01  0.0000E+00 -1.0000E+00 -2.2523E+00  1.4935E-01 -2.4016E+00  0.0000E+00
  1.0000E+00  4.9600E+02  2.0667E+01  6.6038E-02  1.0000E+02  0.0000E+00  0.0000E+00  0.0000E+00  0.0000E+00  0.0000E+00  1.4694E-01  3.4320E+00  2.1324E+00  3.4144E-01  5.8594E+01  1.0000E+00  1.4694E-01  0.0000E+00 -1.0000E+00  6.6038E-02  1.4694E-01 -8.0906E-02  0.0000E+00
  1.0000E+00  4.9700E+02  2.0708E+01 -7.4496E-01  1.0000E+02  0.0000E+00  0.0000E+00  0.0000E+00  0.0000E+00  0.0000E+00  1.4477E-01  3.3802E+00  2.0999E+00  3.3623E-01  5.8740E+01  1.0000E+00  1.4477E-01  0.0000E+00 -1.0000E+00 -7.4496E-01  1.4477E-01 -8.8973E-01  0.0000E+00
  1.0000E+00  4.9800E+02  2.0750E+01  1.7991E+00  1.0000E+02  0.0000E+00  0.0000E+00  0.0000E+00  0.0000E+00  0.0000E+00  1.4280E-01  3.3333E+00  2.0704E+00  3.3151E-01  5.8884E+01  1.0000E+00  1.4280E-01  0.0000E+00 -1.0000E+00  1.7991E+00  1.4280E-01  1.6563E+00  0.0000E+00
  1.0000E+00  4.9900E+02  2.0792E+01  1.0595E+00  1.0000E+02  0.0000E+00  0.0000E+00  0.0000E+00  0.0000E+00  0.0000E+00  1.4100E-01  3.2906E+00  2.0436E+00  3.2722E-01  5.9026E+01  1.0000E+00  1.4100E-01  0.0000E+00 -1.0000E+00  1.0595E+00  1.4100E-01  9.1846E-01  0.0000E+00
  1.0000E+00  5.0000E+02  2.0833E+01 -7.8416E-01  1.0000E+02  0.0000E+00  0.0000E+00  0.0000E+00  0.0000E+00  0.0000E+00  1.3935E-01  3.2515E+00  2.0191E+00  3.2328E-01  5.9166E+01  1.0000E+00  1.3935E-01  0.0000E+00 -1.0000E+00 -7.8416E-01  1.3935E-01 -9.2351E-01  0.0000E+00
  1.0000E+00  5.0100E+02  2.0875E+01  3.8944E-01  1.0000E+02  0.0000E+00  0.0000E+00  0.0000E+00  0.0000E+00  0.0000E+00  1.3783E-01  3.2154E+00  1.9965E+00  3.1966E-01  5.9304E+01  1.0000E+00  1.3783E-01  0.0000E+00 -1.0000E+00  3.8944E-01  1.3783E-01  2.5161E-01  0.0000E+00
  1.0000E+00  5.0200E+02  2.0917E+01  2.0307E-01  1.0000E+02  0.0000E+00  0.0000E+00  0.0000E+00  0.0000E+00  0.0000E+00  1.3642E-01  3.1819E+00  1.9756E+00  3.1630E-01  5.9442E+01  1.0000E+00  1.3642E-01  0.0000E+00 -1.0000E+00  2.0307E-01  1.3642E-01  6.6649E-02  0.0000E+00
  1.0000E+00  5.0300E+02  2.0958E+01  2.1372E+00  1.0000E+02  0.0000E+00  0.0000E+00  0.0000E+00  0.0000E+00  0.0000E+00  1.3510E-01  3.1507E+00  1.9561E+00  3.1318E-01  5.9577E+01  1.0000E+00  1.3510E-01  0.0000E+00 -1.0000E+00  2.1372E+00  1.3510E-01  2.0021E+00  0.0000E+00
  1.0000E+00  5.0400E+02  2.1000E+01 -6.5733E-01  1.0000E+02  0.0000E+00  0.0000E+00  0.0000E+00  0.0000E+00  0.0000E+00  1.3387E-01  3.1216E+00  1.9378E+00  3.1026E-01  5.9712E+01  1.0000E+00  1.3387E-01  0.0000E+00 -1.0000E+00 -6.5733E-01  1.3387E-01 -7.9120E-01  0.0000E+00
  1.0000E+00  5.0500E+02  2.1042E+01  1.2395E+00  1.0000E+02  0.0000E+00  0.0000E+00  0.0000E+00  0.0000E+00  0.0000E+00  1.8691E-01  4.1327E+00  2.4894E+00  3.9709E-01  5.9876E+01  1.0000E+00  1.8691E-01  0.0000E+00 -1.0000E+00  1.2395E+00  1.8691E-01  1.0526E+00  0.0000E+00
  1.0000E+00  5.0600E+02  2.1083E+01 -5.0821E-01  1.0000E+02  0.0000E+00  0.0000E+00  0.0000E+00  0.0000E+00  0.0000E+00  2.0703E-01  4.7398E+00  2.9016E+00  4.6362E-01  6.0075E+01  1.0000E+00  2.0703E-01  0.0000E+00 -1.0000E+00 -5.0821E-01  2.0703E-01 -7.1524E-01  0.0000E+00
  1.0000E+00  5.0700E+02  2.1125E+01 -1.4435E+00  1.0000E+02  0.0000E+00  0.0000E+00  0.0000E+00  0.0000E+00  0.0000E+00  2.1118E-01  4.9061E+00  3.0329E+00  4.8525E-01  6.0285E+01  1.0000E+00  2.1118E-01  0.0000E+00 -1.0000E+00 -1.4435E+00  2.1118E-01 -1.6546E+00  0.0000E+00
  1.0000E+00  5.0800E+02  2.1167E+01  8.4386E-01  1.0000E+02  0.0000E+00  0.0000E+00  0.0000E+00  0.0000E+00  0.0000E+00  2.0801E-01  4.8636E+00  3.0202E+00  4.8354E-01  6.0495E+01  1.0000E+00  2.0801E-01  0.0000E+00 -1.0000E+00  8.4386E-01  2.0801E-01  6.3586E-01  0.0000E+00
  1.0000E+00  5.0900E+02  2.1208E+01  5.3080E-02  1.0000E+02  0.0000E+00  0.0000E+00  0.0000E+00  0.0000E+00  0.0000E+00  2.0185E-01  4.7323E+00  2.9446E+00  4.7157E-01  6.0700E+01  1.0000E+00  2.0185E-01  0.0000E+00 -1.0000E+00  5.3080E-02  2.0185E-01 -1.4877E-01  0.0000E+00
  1.0000E+00  5.1000E+02  2.1250E+01 -7.4073E-01  1.0000E+02  0.0000E+00  0.0000E+00  0.0000E+00  0.0000E+00  0.0000E+00  1.9483E-01  4.5717E+00  2.8468E+00  4.5596E-01  6.0898E+01  1.0000E+00  1.9483E-01  0.0000E+00 -1.0000E+00 -7.4073E-01  1.9483E-01 -9.3556E-01  0.0000E+00
  1.0000E+00  5.1100E+02  2.1292E+01  1.3733E-01  1.0000E+02  0.0000E+00  0.0000E+00  0.0000E+00  0.0000E+00  0.0000E+00  1.8792E-01  4.4095E+00  2.7462E+00  4.3986E-01  6.1090E+01  1.0000E+00  1.8792E-01  0.0000E+00 -1.0000E+00  1.3733E-01  1.8792E-01 -5.0592E-02  0.0000E+00
  1.0000E+00  5.1200E+02  2.1333E+01 -1.3248E+00  1.0000E+02  0.0000E+00  0.0000E+00  0.0000E+00  0.0000E+00  0.0000E+00  1.8155E-01  4.2581E+00  2.6514E+00  4.2468E-01  6.1274E+01  1.0000E+00  1.8155E-01  0.0000E+00 -1.0000E+00 -1.3248E+00  1.8155E-01 -1.5064E+00  0.0000E+00
  1.0000E+00  5.1300E+02  2.1375E+01 -1.0286E+00  1.0000E+02  0.0000E+00  0.0000E+00  0.0000E+00  0.0000E+00  0.0000E+00  1.7584E-01  4.1216E+00  2.5657E+00  4.1093E-01  6.1453E+01  1.0000E+00  1.7584E-01  0.0000E+00 -1.0000E+00 -1.0286E+00  1.7584E-01 -1.2045E+00  0.0000E+00
  1.0000E+00  5.1400E+02  2.1417E+01  1.1328E+00  1.0000E+02  0.0000E+00  0.0000E+00  0.0000E+00  0.0000E+00  0.0000E+00  1.7080E-01  4.0008E+00  2.4896E+00  3.9873E-01  6.1626E+01  1.0000E+00  1.7080E-01  0.0000E+00 -1.0000E+00  1.1328E+00  1.7080E-01  9.6198E-01  0.0000E+00
  1.0000E+00  5.1500E+02  2.1458E+01  4.6366E-01  1.0000E+02  0.0000E+00  0.0000E+00  0.0000E+00  0.0000E+00  0.0000E+00  1.6637E-01  3.8945E+00  2.4227E+00  3.8799E-01  6.1795E+01  1.0000E+00  1.6637E-01  0.0000E+00 -1.0000E+00  4.6366E-01  1.6637E-01  2.9729E-01  0.0000E+00
  1.0000E+00  5.1600E+02  2.1500E+01  2.3149E-01  1.0000E+02  0.0000E+00  0.0000E+00  0.0000E+00  0.0000E+00  0.0000E+00  1.6248E-01  3.8012E+00  2.3639E+00  3.7856E-01  6.1959E+01  1.0000E+00  1.6248E-01  0.0000E+00 -1.0000E+00  2.3149E-01  1.6248E-01  6.9007E-02  0.0000E+00
  1.0000E+00  5.1700E+02  2.1542E+01 -6.7207E-01  1.0000E+02  0.0000E+00  0.0000E+00  0.0000E+00  0.0000E+00  0.0000E+00  1.5906E-01  3.7191E+00  2.3122E+00  3.7027E-01  6.2120E+01  1.0000E+00  1.5906E-01  0.0000E+00 -1.0000E+00 -6.7207E-01  1.5906E-01 -8.3113E-01  0.0000E+00
  1.0000E+00  5.1800E+02  2.1583E+01  5.6724E-01  1.0000E+02  0.0000E+00  0.0000E+00  0.0000E+00  0.0000E+00  0.0000E+00  1.5603E-01  3.6466E+00  2.2665E+00  3.6294E-01  6.2277E+01  1.0000E+00  1.5603E-01  0.0000E+00 -1.0000E+00  5.6724E-01  1.5603E-01  4.1121E-01  0.0000E+00
  1.0000E+00  5.1900E+02  2.1625E+01  1.7747E+00  1.0000E+02  0.0000E+00  0.0000E+00  0.0000E+00  0.0000E+00  0.0000E+00  1.5333E-01  3.5821E+00  2.2259E+00  3.5643E-01  6.2432E+01  1.0000E+00  1.5333E-01  0.0000E+00 -1.0000E+00  1.7747E+00  1.5333E-01  1.6214E+00  0.0000E+00
  1.0000E+00  5.2000E+02  2.1667E+01 -2.6167E-01  1.0000E+02  0.0000E+00  0.0000E+00  0.0000E+00  0.0000E+00  0.0000E+00  1.5092E-01  3.5245E+00  2.1897E+00  3.5062E-01  6.2584E+01  1.0000E+00  1.5092E-01  0.0000E+00 -1.0000E+00 -2.6167E-01  1.5092E-01 -4.1258E-01  0.0000E+00
  1.0000E+00  5.2100E+02  2.1708E+01  1.6863E+00  1.0000E+02  0.0000E+00  0.0000E+00  0.0000E+00  0.0000E+00  0.0000E+00  1.4874E-01  3.4726E+00  2.1572E+00  3.4540E-01  6.2734E+01  1.0000E+00  1.4874E-01  0.0000E+00 -1.0000E+00  1.6863E+00  1.4874E-01  1.5376E+00  0.0000E+00
  1.0000E+00  5.2200E+02  2.1750E+01  6.7216E-01  1.0000E+02  0.0000E+00  0.0000E+00  0.0000E+00  0.0000E+00  0.0000E+00  1.4677E-01  3.4257E+00  2.1277E+00  3.4068E-01  6.2882E+01  1.0000E+00  1.4677E-01  0.0000E+00 -1.0000E+00  6.7216E-01  1.4677E-01  5.2540E-01  0.0000E+00
  1.0000E+00  5.2300E+02  2.1792E+01 -3.0918E+00  1.0000E+02  0.0000E+00  0.0000E+00  0.0000E+00  0.0000E+00  0.0000E+00  1.4497E-01  3.3829E+00  2.1008E+00  3.3637E-01  6.3027E+01  1.0000E+00  1.4497E-01  0.0000E+00 -1.0000E+00 -3.0918E+00  1.4497E-01 -3.2368E+00  0.0000E+00
  1.0000E+00  5.2400E+02  2.1833E+01 -5.3847E-01  1.0000E+02  0.0000E+00  0.0000E+00  0.0000E+00  0.0000E+00  0.0000E+00  1.4331E-01  3.3436E+00  2.0763E+00  3.3243E-01  6.3172E+01  1.0000E+00  1.4331E-01  0.0000E+00 -1.0000E+00 -5.3847E-01  1.4331E-01 -6.8178E-01  0.0000E+00
  1.0000E+00  5.2500E+02  2.1875E+01 -1.7869E-01  1.0000E+02  0.0000E+00  0.0000E+00  0.0000E+00  0.0000E+00  0.0000E+00  1.4179E-01  3.3074E+00  2.0536E+00  3.2880E-01  6.3314E+01  1.0000E+00  1.4179E-01  0.0000E+00 -1.0000E+00 -1.7869E-01  1.4179E-01 -3.2048E-01  0.0000E+00
  1.0000E+00  5.2600E+02  2.1917E+01 -1.5592E-02  1.0000E+02  0.0000E+00  0.0000E+00  0.0000E+00  0.0000E+00  0.0000E+00  1.4037E-01  3.2739E+00  2.0326E+00  3.2544E-01  6.3455E+01  1.0000E+00  1.4037E-01  0.0000E+00 -1.0000E+00 -1.5592E-02  1.4037E-01 -1.5596E-01  0.0000E+00
  1.0000E+00  5.2700E+02  2.1958E+01 -2.6082E-01  1.0000E+02  0.0000E+00  0.0000E+00  0.0000E+00  0.0000E+00  0.0000E+00  1.3905E-01  3.2427E+00  2.0131E+00  3.2231E-01  6.3595E+01  1.0000E+00  1.3905E-01  0.0000E+00 -1.0000E+00 -2.6082E-01  1.3905E-01 -3.9987E-01  0.0000E+00
  1.0000E+00  5.2800E+02  2.2000E+01  7.6880E-01  1.0000E+02  0.0000E+00  0.0000E+00  0.0000E+00  0.0000E+00  0.0000E+00  1.3781E-01  3.2134E+00  1.9948E+00  3.1938E-01  6.3733E+01  1.0000E+00  1.3781E-01  0.0000E+00 -1.0000E+00  7.6880E-01  1.3781E-01  6.3099E-01  0.0000E+00
  1.0000E+00  5.2900E+02  2.2042E+01  8.7018E-01  1.0000E+02  0.0000E+00  0.0000E+00  0.0000E+00  0.0000E+00  0.0000E+00  1.9085E-01  4.2245E+00  2.5463E+00  4.0620E-01  6.3901E+01  1.0000E+00  1.9085E-01  0.0000E+00 -1.0000E+00  8.7018E-01  1.9085E-01  6.7933E-01  0.0000E+00
  1.0000E+00  5.3000E+02  2.2083E+01 -1.8828E+00  1.0000E+02  0.0000E+00  0.0000E+00  0.0000E+00  0.0000E+00  0.0000E+00  2.1097E-01  4.8315E+00  2.9585E+00  4.7273E-01  6.4104E+01  1.0000E+00  2.1097E-01  0.0000E+00 -1.0000E+00 -1.8828E+00  2.1097E-01 -2.0938E+00  0.0000E+00
  1.0000E+00  5.3100E+02  2.2125E+01 -6.0397E-01  1.0000E+02  0.0000E+00  0.0000E+00  0.0000E+00  0.0000E+00  0.0000E+00  2.1511E-01  4.9977E+00  3.0897E+00  4.9435E-01  6.4318E+01  1.0000E+00  2.1511E-01  0.0000E+00 -1.0000E+00 -6.0397E-01  2.1511E-01 -8.1909E-01  0.0000E+00
  1.0000E+00  5.3200E+02  2.2167E+01  1.5601E+00  1.0000E+02  0.0000E+00  0.0000E+00  0.0000E+00  0.0000E+00  0.0000E+00  2.1194E-01  4.9551E+00  3.0770E+00  4.9263E-01  6.4532E+01  1.0000E+00  2.1194E-01  0.0000E+00 -1.0000E+00  1.5601E+00  2.1194E-01  1.3482E+00  0.0000E+00
  1.0000E+00  5.3300E+02  2.2208E+01  1.1393E+00  1.0000E+02  0.0000E+00  0.0000E+00  0.0000E+00  0.0000E+00  0.0000E+00  2.0578E-01  4.8238E+00  3.0013E+00  4.8065E-01  6.4741E+01  1.0000E+00  2.0578E-01  0.0000E+00 -1.0000E+00  1.1393E+00  2.0578E-01  9.3355E-01  0.0000E+00
  1.0000E+00  5.3400E+02  2.2250E+01  3.3678E-01  1.0000E+02  0.0000E+00  0.0000E+00  0.0000E+00  0.0000E+00  0.0000E+00  1.9875E-01  4.6631E+00  2.9034E+00  4.6503E-01  6.4943E+01  1.0000E+00  1.9875E-01  0.0000E+00 -1.0000E+00  3.3678E-01  1.9875E-01  1.3803E-01  0.0000E+00
  1.0000E+00  5.3500E+02  2.2292E+01  9.8913E-02  1.0000E+02  0.0000E+00  0.0000E+00  0.0000E+00  0.0000E+00  0.0000E+00  1.9185E-01  4.5008E+00  2.8028E+00  4.4893E-01  6.5139E+01  1.0000E+00  1.9185E-01  0.0000E+00 -1.0000E+00  9.8913E-02  1.9185E-01 -9.2933E-02  0.0000E+00
  1.0000E+00  5.3600E+02  2.2333E+01 -1.9794E+00  1.0000E+02  0.0000E+00  0.0000E+00  0.0000E+00  0.0000E+00  0.0000E+00  1.8547E-01  4.3493E+00  2.7080E+00  4.3373E-01  6.5327E+01  1.0000E+00  1.8547E-01  0.0000E+00 -1.0000E+00 -1.9794E+00  1.8547E-01 -2.1649E+00  0.0000E+00
  1.0000E+00  5.3700E+02  2.2375E+01 -7.9338E-01  1.0000E+02  0.0000E+00  0.0000E+00  0.0000E+00  0.0000E+00  0.0000E+00  1.7976E-01  4.2128E+00  2.6222E+00  4.1998E-01  6.5510E+01  1.0000E+00  1.7976E-01  0.0000E+00 -1.0000E+00 -7.9338E-01  1.7976E-01 -9.7314E-01  0.0000E+00
  1.0000E+00  5.3800E+02  2.2417E+01  1.5074E+00  1.0000E+02  0.0000E+00  0.0000E+00  0.0000E+00  0.0000E+00  0.0000E+00  1.7471E-01  4.0919E+00  2.5461E+00  4.0777E-01  6.5687E+01  1.0000E+00  1.7471E-01  0.0000E+00 -1.0000E+00  1.5074E+00  1.7471E-01  1.3327E+00  0.0000E+00
  1.0000E+00  5.3900E+02  2.2458E+01 -1.0182E-01  1.0000E+02  0.0000E+00  0.0000E+00  0.0000E+00  0.0000E+00  0.0000E+00  1.7028E-01  3.9855E+00  2.4791E+00  3.9703E-01  6.5859E+01  1.0000E+00  1.7028E-01  0.0000E+00 -1.0000E+00 -1.0182E-01  1.7028E-01 -2.7211E-01  0.0000E+00
  1.0000E+00  5.4000E+02  2.2500E+01 -1.0851E-01  1.0000E+02  0.0000E+00  0.0000E+00  0.0000E+00  0.0000E+00  0.0000E+00  1.6639E-01  3.8921E+00  2.4203E+00  3.8759E-01  6.6028E+01  1.0000E+00  1.6639E-01  0.0000E+00 -1.0000E+00 -1.0851E-01  1.6639E-01 -2.7490E-01  0.0000E+00
  1.0000E+00  5.4100E+02  2.2542E+01  9.1707E-01  1.0000E+02  0.0000E+00  0.0000E+00  0.0000E+00  0.0000E+00  0.0000E+00  1.6296E-01  3.8100E+00  2.3685E+00  3.7928E-01  6.6192E+01  1.0000E+00  1.6296E-01  0.0000E+00 -1.0000E+00  9.1707E-01  1.6296E-01  7.5410E-01  0.0000E+00
  1.0000E+00  5.4200E+02  2.2583E+01 -7.4638E-02  1.0000E+02  0.0000E+00  0.0000E+00  0.0000E+00  0.0000E+00  0.0000E+00  1.5993E-01  3.7373E+00  2.3228E+00  3.7195E-01  6.6354E+01  1.0000E+00  1.5993E-01  0.0000E+00 -1.0000E+00 -7.4638E-02  1.5993E-01 -2.3457E-01  0.0000E+00
  1.0000E+00  5.4300E+02  2.2625E+01 -2.0676E-01  1.0000E+02  0.0000E+00  0.0000E+00  0.0000E+00  0.0000E+00  0.0000E+00  1.5723E-01  3.6728E+00  2.2822E+00  3.6544E-01  6.6512E+01  1.0000E+00  1.5723E-01  0.0000E+00 -1.0000E+00 -2.0676E-01  1.5723E-01 -3.6399E-01  0.0000E+00
  1.0000E+00  5.4400E+02  2.2667E+01 -1.1284E+00  1.0000E+02  0.0000E+00  0.0000E+00  0.0000E+00  0.0000E+00  0.0000E+00  1.5481E-01  3.6151E+00  2.2459E+00  3.5962E-01  6.6668E+01  1.0000E+00  1.5481E-01  0.0000E+00 -1.0000E+00 -1.1284E+00  1.5481E-01 -1.2833E+00  0.0000E+00
  1.0000E+00  5.4500E+02  2.2708E+01 -1.6470E-01  1.0000E+02  0.0000E+00  0.0000E+00  0.0000E+00  0.0000E+00  0.0000E+00  1.5263E-01  3.5632E+00  2.2133E+00  3.5439E-01  6.6822E+01  1.0000E+00  1.5263E-01  0.0000E+00 -1.0000E+00 -1.6470E-01  1.5263E-01 -3.1733E-01  0.0000E+00
  1.0000E+00  5.4600E+02  2.2750E+01  7.3798E-01  1.0000E+02  0.0000E+00  0.0000E+00  0.0000E+00  0.0000E+00  0.0000E+00  1.5065E-01  3.5161E+00  2.1838E+00  3.4966E-01  6.6974E+01  1.0000E+00  1.5065E-01  0.0000E+00 -1.0000E+00  7.3798E-01  1.5065E-01  5.8732E-01  0.0000E+00
  1.0000E+00  5.4700E+02  2.2792E+01  3.3770E-02  1.0000E+02  0.0000E+00  0.0000E+00  0.0000E+00  0.0000E+00  0.0000E+00  1.4885E-01  3.4732E+00  2.1569E+00  3.4535E-01  6.7123E+01  1.0000E+00  1.4885E-01  0.0000E+00 -1.0000E+00  3.3770E-02  1.4885E-01 -1.1508E-01  0.0000E+00
  1.0000E+00  5.4800E+02  2.2833E+01 -1.5693E-01  1.0000E+02  0.0000E+00  0.0000E+00  0.0000E+00  0.0000E+00  0.0000E+00  1.4719E-01  3.4339E+00  2.1323E+00  3.4140E-01  6.7271E+01  1.0000E+00  1.4719E-01  0.0000E+00 -1.0000E+00 -1.5693E-01  1.4719E-01 -3.0412E-01  0.0000E+00
  1.0000E+00  5.4900E+02  2.2875E+01 -7.4630E-01  1.0000E+02  0.0000E+00  0.0000E+00  0.0000E+00  0.0000E+00  0.0000E+00  1.4566E-01  3.3977E+00  2.1096E+00  3.3776E-01  6.7418E+01  1.0000E+00  1.4566E-01  0.0000E+00 -1.0000E+00 -7.4630E-01  1.4566E-01 -8.9196E-01  0.0000E+00
  1.0000E+00  5.5000E+02  2.2917E+01  1.8254E+00  1.0000E+02  0.0000E+00  0.0000E+00  0.0000E+00  0.0000E+00  0.0000E+00  1.4424E-01  3.3641E+00  2.0885E+00  3.3439E-01  6.7563E+01  1.0000E+00  1.4424E-01  0.0000E+00 -1.0000E+00  1.8254E+00  1.4424E-01  1.6812E+00  0.0000E+00
  1.0000E+00  5.5100E+02  2.2958E+01 -1.2062E+00  1.0000E+02  0.0000E+00  0.0000E+00  0.0000E+00  0.0000E+00  0.0000E+00  1.4292E-01  3.3327E+00  2.0689E+00  3.3125E-01  6.7706E+01  1.0000E+00  1.4292E-01  0.0000E+00 -1.0000E+00 -1.2062E+00  1.4292E-01 -1.3491E+00  0.0000E+00
  1.0000E+00  5.5200E+02  2.3000E+01  1.3877E+00  1.0000E+02  0.0000E+00  0.0000E+00  0.0000E+00  0.0000E+00  0.0000E+00  1.4168E-01  3.3034E+00  2.0506E+00  3.2831E-01  6.7849E+01  1.0000E+00  1.4168E-01  0.0000E+00 -1.0000E+00  1.3877E+00  1.4168E-01  1.2460E+00  0.0000E+00
  1.0000E+00  5.5300E+02  2.3042E+01  6.7618E-01  1.0000E+02  0.0000E+00  0.0000E+00  0.0000E+00  0.0000E+00  0.0000E+00  1.9471E-01  4.3144E+00  2.6021E+00  4.1513E-01  6.8021E+01  1.0000E+00  1.9471E-01  0.0000E+00 -1.0000E+00  6.7618E-01  1.9471E-01  4.8146E-01  0.0000E+00
  1.0000E+00  5.5400E+02  2.3083E+01  2.5217E-01  1.0000E+02  0.0000E+00  0.0000E+00  0.0000E+00  0.0000E+00  0.0000E+00  2.1483E-01  4.9213E+00  3.0142E+00  4.8165E-01  6.8227E+01  1.0000E+00  2.1483E-01  0.0000E+00 -1.0000E+00  2.5217E-01  2.1483E-01  3.7343E-02  0.0000E+00
  1.0000E+00  5.5500E+02  2.3125E+01  7.7117E-01  1.0000E+02  0.0000E+00  0.0000E+00  0.0000E+00  0.0000E+00  0.0000E+00  2.1897E-01  5.0875E+00  3.1454E+00  5.0326E-01  6.8445E+01  1.0000E+00  2.1897E-01  0.0000E+00 -1.0000E+00  7.7117E-01  2.1897E-01  5.5220E-01  0.0000E+00
  1.0000E+00  5.5600E+02  2.3167E+01 -4.3855E-01  1.0000E+02  0.0000E+00  0.0000E+00  0.0000E+00  0.0000E+00  0.0000E+00  2.1579E-01  5.0448E+00  3.1326E+00  5.0153E-01  6.8663E+01  1.0000E+00  2.1579E-01  0.0000E+00 -1.0000E+00 -4.3855E-01  2.1579E-01 -6.5434E-01  0.0000E+00
  1.0000E+00  5.5700E+02  2.3208E+01  1.1860E+00  1.0000E+02  0.0000E+00  0.0000E+00  0.0000E+00  0.0000E+00  0.0000E+00  2.0963E-01  4.9134E+00  3.0569E+00  4.8955E-01  6.8876E+01  1.0000E+00  2.0963E-01  0.0000E+00 -1.0000E+00  1.1860E+00  2.0963E-01  9.7642E-01  0.0000E+00
  1.0000E+00  5.5800E+02  2.3250E+01  7.6358E-01  1.0000E+02  0.0000E+00  0.0000E+00  0.0000E+00  0.0000E+00  0.0000E+00  2.0260E-01  4.7526E+00  2.9590E+00  4.7392E-01  6.9082E+01  1.0000E+00  2.0260E-01  0.0000E+00 -1.0000E+00  7.6358E-01  2.0260E-01  5.6097E-01  0.0000E+00
  1.0000E+00  5.5900E+02  2.3292E+01  7.6228E-01  1.0000E+02  0.0000E+00  0.0000E+00  0.0000E+00  0.0000E+00  0.0000E+00  1.9569E-01  4.5903E+00  2.8583E+00  4.5781E-01  6.9281E+01  1.0000E+00  1.9569E-01  0.0000E+00 -1.0000E+00  7.6228E-01  1.9569E-01  5.6659E-01  0.0000E+00
  1.0000E+00  5.6000E+02  2.3333E+01  5.5097E-02  1.0000E+02  0.0000E+00  0.0000E+00  0.0000E+00  0.0000E+00  0.0000E+00  1.8931E-01  4.4387E+00  2.7634E+00  4.4261E-01  6.9473E+01  1.0000E+00  1.8931E-01  0.0000E+00 -1.0000E+00  5.5097E-02  1.8931E-01 -1.3421E-01  0.0000E+00
  1.0000E+00  5.6100E+02  2.3375E+01  5.8969E-01  1.0000E+02  0.0000E+00  0.0000E+00  0.0000E+00  0.0000E+00  0.0000E+00  1.8360E-01  4.3021E+00  2.6776E+00  4.2885E-01  6.9660E+01  1.0000E+00  1.8360E-01  0.0000E+00 -1.0000E+00  5.8969E-01  1.8360E-01  4.0610E-01  0.0000E+00
  1.0000E+00  5.6200E+02  2.3417E+01  2.1541E-01  1.0000E+02  0.0000E+00  0.0000E+00  0.0000E+00  0.0000E+00  0.0000E+00  1.7855E-01  4.1811E+00  2.6015E+00  4.1663E-01  6.9841E+01  1.0000E+00  1.7855E-01  0.0000E+00 -1.0000E+00  2.1541E-01  1.7855E-01  3.6865E-02  0.0000E+00
  1.0000E+00  5.6300E+02  2.3458E+01 -7.2941E-01  1.0000E+02  0.0000E+00  0.0000E+00  0.0000E+00  0.0000E+00  0.0000E+00  1.7411E-01  4.0747E+00  2.5344E+00  4.0588E-01  7.0017E+01  1.0000E+00  1.7411E-01  0.0000E+00 -1.0000E+00 -7.2941E-01  1.7411E-01 -9.0352E-01  0.0000E+00
  1.0000E+00  5.6400E+02  2.3500E+01 -3.2808E-01  1.0000E+02  0.0000E+00  0.0000E+00  0.0000E+00  0.0000E+00  0.0000E+00  1.7022E-01  3.9812E+00  2.4755E+00  3.9643E-01  7.0189E+01  1.0000E+00  1.7022E-01  0.0000E+00 -1.0000E+00 -3.2808E-01  1.7022E-01 -4.9830E-01  0.0000E+00
  1.0000E+00  5.6500E+02  2.3542E+01  2.3165E+00  1.0000E+02  0.0000E+00  0.0000E+00  0.0000E+00  0.0000E+00  0.0000E+00  1.6679E-01  3.8990E+00  2.4237E+00  3.8812E-01  7.0358E+01  1.0000E+00  1.6679E-01  0.0000E+00 -1.0000E+00  2.3165E+00  1.6679E-01  2.1497E+00  0.0000E+00
  1.0000E+00  5.6600E+02  2.3583E+01 -1.3591E-02  1.0000E+02  0.0000E+00  0.0000E+00  0.0000E+00  0.0000E+00  0.0000E+00  1.6375E-01  3.8263E+00  2.3780E+00  3.8078E-01  7.0523E+01  1.0000E+00  1.6375E-01  0.0000E+00 -1.0000E+00 -1.3591E-02  1.6375E-01 -1.7734E-01  0.0000E+00
  1.0000E+00  5.6700E+02  2.3625E+01 -1.0722E-02  1.0000E+02  0.0000E+00  0.0000E+00  0.0000E+00  0.0000E+00  0.0000E+00  1.6105E-01  3.7617E+00  2.3373E+00  3.7426E-01  7.0685E+01  1.0000E+00  1.6105E-01  0.0000E+00 -1.0000E+00 -1.0722E-02  1.6105E-01 -1.7177E-01  0.0000E+00
  1.0000E+00  5.6800E+02  2.3667E+01  5.3250E-01  1.0000E+02  0.0000E+00  0.0000E+00  0.0000E+00  0.0000E+00  0.0000E+00  1.5863E-01  3.7039E+00  2.3010E+00  3.6844E-01  7.0845E+01  1.0000E+00  1.5863E-01  0.0000E+00 -1.0000E+00  5.3250E-01  1.5863E-01  3.7388E-01  0.0000E+00
  1.0000E+00  5.6900E+02  2.3708E+01 -2.7606E+00  1.0000E+02  0.0000E+00  0.0000E+00  0.0000E+00  0.0000E+00  0.0000E+00  1.5644E-01  3.6519E+00  2.2683E+00  3.6320E-01  7.1003E+01  1.0000E+00  1.5644E-01  0.0000E+00 -1.0000E+00 -2.7606E+00  1.5644E-01 -2.9171E+00  0.0000E+00
  1.0000E+00  5.7000E+02  2.3750E+01  5.4888E-01  1.0000E+02  0.0000E+00  0.0000E+00  0.0000E+00  0.0000E+00  0.0000E+00  1.5446E-01  3.6048E+00  2.2388E+00  3.5846E-01  7.1158E+01  1.0000E+00  1.5446E-01  0.0000E+00 -1.0000E+00  5.4888E-01  1.5446E-01  3.9441E-01  0.0000E+00
  1.0000E+00  5.7100E+02  2.3792E+01 -4.0267E-01  1.0000E+02  0.0000E+00  0.0000E+00  0.0000E+00  0.0000E+00  0.0000E+00  1.5266E-01  3.5618E+00  2.2118E+00  3.5414E-01  7.1312E+01  1.0000E+00  1.5266E-01  0.0000E+00 -1.0000E+00 -4.0267E-01  1.5266E-01 -5.5532E-01  0.0000E+00
  1.0000E+00  5.7200E+02  2.3833E+01 -3.8384E-01  1.0000E+02  0.0000E+00  0.0000E+00  0.0000E+00  0.0000E+00  0.0000E+00  1.5100E-01  3.5224E+00  2.1871E+00  3.5019E-01  7.1463E+01  1.0000E+00  1.5100E-01  0.0000E+00 -1.0000E+00 -3.8384E-01  1.5100E-01 -5.3484E-01  0.0000E+00
  1.0000E+00  5.7300E+02  2.3875E+01 -5.9342E-01  1.0000E+02  0.0000E+00  0.0000E+00  0.0000E+00  0.0000E+00  0.0000E+00  1.4946E-01  3.4861E+00  2.1644E+00  3.4654E-01  7.1614E+01  1.0000E+00  1.4946E-01  0.0000E+00 -1.0000E+00 -5.9342E-01  1.4946E-01 -7.4288E-01  0.0000E+00
  1.0000E+00  5.7400E+02  2.3917E+01  7.5712E-01  1.0000E+02  0.0000E+00  0.0000E+00  0.0000E+00  0.0000E+00  0.0000E+00  1.4804E-01  3.4524E+00  2.1433E+00  3.4316E-01  7.1762E+01  1.0000E+00  1.4804E-01  0.0000E+00 -1.0000E+00  7.5712E-01  1.4804E-01  6.0908E-01  0.0000E+00
  1.0000E+00  5.7500E+02  2.3958E+01 -6.9945E-01  1.0000E+02  0.0000E+00  0.0000E+00  0.0000E+00  0.0000E+00  0.0000E+00  1.4671E-01  3.4210E+00  2.1237E+00  3.4001E-01  7.1910E+01  1.0000E+00  1.4671E-01  0.0000E+00 -1.0000E+00 -6.9945E-01  1.4671E-01 -8.4616E-01  0.0000E+00
  1.0000E+00  5.7600E+02  2.4000E+01 -1.3139E+00  1.0000E+02  0.0000E+00  0.0000E+00  0.0000E+00  0.0000E+00  0.0000E+00  1.4547E-01  3.3916E+00  2.1053E+00  3.3707E-01  7.2056E+01  1.0000E+00  1.4547E-01  0.0000E+00 -1.0000E+00 -1.3139E+00  1.4547E-01 -1.4594E+00  0.0000E+00
  1.0000E+00  5.7700E+02  2.4042E+01  3.4221E-01  1.0000E+02  0.0000E+00  0.0000E+00  0.0000E+00  0.0000E+00  0.0000E+00  1.9850E-01  4.4025E+00  2.6567E+00  4.2388E-01  7.2232E+01  1.0000E+00  1.9850E-01  0.0000E+00 -1.0000E+00  3.4221E-01  1.9850E-01  1.4371E-01  0.0000E+00
  1.0000E+00  5.7800E+02  2.4083E+01  1.1216E-01  1.0000E+02  0.0000E+00  0.0000E+00  0.0000E+00  0.0000E+00  0.0000E+00  2.1861E-01  5.0094E+00  3.0688E+00  4.9039E-01  7.2442E+01  1.0000E+00  2.1861E-01  0.0000E+00 -1.0000E+00  1.1216E-01  2.1861E-01 -1.0645E-01  0.0000E+00
  1.0000E+00  5.7900E+02  2.4125E+01 -1.8395E+00  1.0000E+02  0.0000E+00  0.0000E+00  0.0000E+00  0.0000E+00  0.0000E+00  2.2275E-01  5.1755E+00  3.2000E+00  5.1199E-01  7.2664E+01  1.0000E+00  2.2275E-01  0.0000E+00 -1.0000E+00 -1.8395E+00  2.2275E-01 -2.0622E+00  0.0000E+00
  1.0000E+00  5.8000E+02  2.4167E+01 -2.6588E-01  1.0000E+02  0.0000E+00  0.0000E+00  0.0000E+00  0.0000E+00  0.0000E+00  2.1957E-01  5.1327E+00  3.1871E+00  5.1026E-01  7.2885E+01  1.0000E+00  2.1957E-01  0.0000E+00 -1.0000E+00 -2.6588E-01  2.1957E-01 -4.8544E-01  0.0000E+00
  1.0000E+00  5.8100E+02  2.4208E+01 -7.2051E-02  1.0000E+02  0.0000E+00  0.0000E+00  0.0000E+00  0.0000E+00  0.0000E+00  2.1340E-01  5.0012E+00  3.1114E+00  4.9827E-01  7.3102E+01  1.0000E+00  2.1340E-01  0.0000E+00 -1.0000E+00 -7.2051E-02  2.1340E-01 -2.8545E-01  0.0000E+00
  1.0000E+00  5.8200E+02  2.4250E+01  7.2767E-01  1.0000E+02  0.0000E+00  0.0000E+00  0.0000E+00  0.0000E+00  0.0000E+00  2.0637E-01  4.8404E+00  3.0134E+00  4.8264E-01  7.3312E+01  1.0000E+00  2.0637E-01  0.0000E+00 -1.0000E+00  7.2767E-01  2.0637E-01  5.2130E-01  0.0000E+00
  1.0000E+00  5.8300E+02  2.4292E+01  4.2115E-01  1.0000E+02  0.0000E+00  0.0000E+00  0.0000E+00  0.0000E+00  0.0000E+00  1.9946E-01  4.6780E+00  2.9127E+00  4.6652E-01  7.3514E+01  1.0000E+00  1.9946E-01  0.0000E+00 -1.0000E+00  4.2115E-01  1.9946E-01  2.2169E-01  0.0000E+00
  1.0000E+00  5.8400E+02  2.4333E+01  5.6254E-01  1.0000E+02  0.0000E+00  0.0000E+00  0.0000E+00  0.0000E+00  0.0000E+00  1.9308E-01  4.5263E+00  2.8178E+00  4.5131E-01  7.3711E+01  1.0000E+00  1.9308E-01  0.0000E+00 -1.0000E+00  5.6254E-01  1.9308E-01  3.6947E-01  0.0000E+00
  1.0000E+00  5.8500E+02  2.4375E+01 -7.0967E-01  1.0000E+02  0.0000E+00  0.0000E+00  0.0000E+00  0.0000E+00  0.0000E+00  1.8736E-01  4.3896E+00  2.7319E+00  4.3754E-01  7.3901E+01  1.0000E+00  1.8736E-01  0.0000E+00 -1.0000E+00 -7.0967E-01  1.8736E-01 -8.9703E-01  0.0000E+00
  1.0000E+00  5.8600E+02  2.4417E+01  3.8071E-01  1.0000E+02  0.0000E+00  0.0000E+00  0.0000E+00  0.0000E+00  0.0000E+00  1.8231E-01  4.2686E+00  2.6557E+00  4.2532E-01  7.4086E+01  1.0000E+00  1.8231E-01  0.0000E+00 -1.0000E+00  3.8071E-01  1.8231E-01  1.9841E-01  0.0000E+00
  1.0000E+00  5.8700E+02  2.4458E+01 -9.6172E-01  1.0000E+02  0.0000E+00  0.0000E+00  0.0000E+00  0.0000E+00  0.0000E+00  1.7787E-01  4.1621E+00  2.5886E+00  4.1455E-01  7.4266E+01  1.0000E+00  1.7787E-01  0.0000E+00 -1.0000E+00 -9.6172E-01  1.7787E-01 -1.1396E+00  0.0000E+00
  1.0000E+00  5.8800E+02  2.4500E+01  3.5993E-02  1.0000E+02  0.0000E+00  0.0000E+00  0.0000E+00  0.0000E+00  0.0000E+00  1.7397E-01  4.0686E+00  2.5297E+00  4.0510E-01  7.4442E+01  1.0000E+00  1.7397E-01  0.0000E+00 -1.0000E+00  3.5993E-02  1.7397E-01 -1.3798E-01  0.0000E+00
  1.0000E+00  5.8900E+02  2.4542E+01 -7.9903E-04  1.0000E+02  0.0000E+00  0.0000E+00  0.0000E+00  0.0000E+00  0.0000E+00  1.7053E-01  3.9862E+00  2.4778E+00  3.9678E-01  7.4614E+01  1.0000E+00  1.7053E-01  0.0000E+00 -1.0000E+00 -7.9903E-04  1.7053E-01 -1.7133E-01  0.0000E+00
  1.0000E+00  5.9000E+02  2.4583E+01  4.3102E-01  1.0000E+02  0.0000E+00  0.0000E+00  0.0000E+00  0.0000E+00  0.0000E+00  1.6749E-01  3.9134E+00  2.4320E+00  3.8943E-01  7.4783E+01  1.0000E+00  1.6749E-01  0.0000E+00 -1.0000E+00  4.3102E-01  1.6749E-01  2.6352E-01  0.0000E+00
  1.0000E+00  5.9100E+02  2.4625E+01 -9.6619E-02  1.0000E+02  0.0000E+00  0.0000E+00  0.0000E+00  0.0000E+00  0.0000E+00  1.6479E-01  3.8488E+00  2.3913E+00  3.8291E-01  7.4949E+01  1.0000E+00  1.6479E-01  0.0000E+00 -1.0000E+00 -9.6619E-02  1.6479E-01 -2.6141E-01  0.0000E+00
  1.0000E+00  5.9200E+02  2.4667E+01  3.9662E-01  1.0000E+02  0.0000E+00  0.0000E+00  0.0000E+00  0.0000E+00  0.0000E+00  1.6236E-01  3.7909E+00  2.3550E+00  3.7708E-01  7.5112E+01  1.0000E+00  1.6236E-01  0.0000E+00 -1.0000E+00  3.9662E-01  1.6236E-01  2.3425E-01  0.0000E+00
  1.0000E+00  5.9300E+02  2.4708E+01  6.9295E-01  1.0000E+02  0.0000E+00  0.0000E+00  0.0000E+00  0.0000E+00  0.0000E+00  1.6018E-01  3.7388E+00  2.3222E+00  3.7183E-01  7.5274E+01  1.0000E+00  1.6018E-01  0.0000E+00 -1.0000E+00  6.9295E-01  1.6018E-01  5.3277E-01  0.0000E+00
  1.0000E+00  5.9400E+02  2.4750E+01  7.4286E-01  1.0000E+02  0.0000E+00  0.0000E+00  0.0000E+00  0.0000E+00  0.0000E+00  1.5820E-01  3.6916E+00  2.2926E+00  3.6708E-01  7.5433E+01  1.0000E+00  1.5820E-01  0.0000E+00 -1.0000E+00  7.4286E-01  1.5820E-01  5.8467E-01  0.0000E+00
  1.0000E+00  5.9500E+02  2.4792E+01  8.3676E-01  1.0000E+02  0.0000E+00  0.0000E+00  0.0000E+00  0.0000E+00  0.0000E+00  1.5639E-01  3.6486E+00  2.2657E+00  3.6276E-01  7.5590E+01  1.0000E+00  1.5639E-01  0.0000E+00 -1.0000E+00  8.3676E-01  1.5639E-01  6.8037E-01  0.0000E+00
  1.0000E+00  5.9600E+02  2.4833E+01 -2.4948E-01  1.0000E+02  0.0000E+00  0.0000E+00  0.0000E+00  0.0000E+00  0.0000E+00  1.5472E-01  3.6092E+00  2.2409E+00  3.5880E-01  7.5746E+01  1.0000E+00  1.5472E-01  0.0000E+00 -1.0000E+00 -2.4948E-01  1.5472E-01 -4.0420E-01  0.0000E+00
  1.0000E+00  5.9700E+02  2.4875E+01  5.9181E-01  1.0000E+02  0.0000E+00  0.0000E+00  0.0000E+00  0.0000E+00  0.0000E+00  1.5319E-01  3.5727E+00  2.2181E+00  3.5514E-01  7.5900E+01  1.0000E+00  1.5319E-01  0.0000E+00 -1.0000E+00  5.9181E-01  1.5319E-01  4.3863E-01  0.0000E+00
  1.0000E+00  5.9800E+02  2.4917E+01 -6.1868E-01  1.0000E+02  0.0000E+00  0.0000E+00  0.0000E+00  0.0000E+00  0.0000E+00  1.5176E-01  3.5390E+00  2.1970E+00  3.5176E-01  7.6052E+01  1.0000E+00  1.5176E-01  0.0000E+00 -1.0000E+00 -6.1868E-01  1.5176E-01 -7.7043E-01  0.0000E+00
  1.0000E+00  5.9900E+02  2.4958E+01 -2.0283E+00  1.0000E+02  0.0000E+00  0.0000E+00  0.0000E+00  0.0000E+00  0.0000E+00  1.5043E-01  3.5075E+00  2.1773E+00  3.4860E-01  7.6203E+01  1.0000E+00  1.5043E-01  0.0000E+00 -1.0000E+00 -2.0283E+00  1.5043E-01 -2.1788E+00  0.0000E+00
  1.0000E+00  6.0000E+02  2.5000E+01  8.2997E-01  1.0000E+02  0.0000E+00  0.0000E+00  0.0000E+00  0.0000E+00  0.0000E+00  1.4918E-01  3.4781E+00  2.1589E+00  3.4565E-01  7.6353E+01  1.0000E+00  1.4918E-01  0.0000E+00 -1.0000E+00  8.2997E-01  1.4918E-01  6.8078E-01  0.0000E+00
  1.0000E+00  6.0100E+02  2.5042E+01  1.6373E+00  1.0000E+02  0.0000E+00  0.0000E+00  0.0000E+00  0.0000E+00  0.0000E+00  2.0221E-01  4.4889E+00  2.7103E+00  4.3245E-01  7.6532E+01  1.0000E+00  2.0221E-01  0.0000E+00 -1.0000E+00  1.6373E+00  2.0221E-01  1.4351E+00  0.0000E+00
  1.0000E+00  6.0200E+02  2.5083E+01  9.3441E-02  1.0000E+02  0.0000E+00  0.0000E+00  0.0000E+00  0.0000E+00  0.0000E+00  2.2232E-01  5.0957E+00  3.1223E+00  4.9895E-01  7.6747E+01  1.0000E+00  2.2232E-01  0.0000E+00 -1.0000E+00  9.3441E-02  2.2232E-01 -1.2888E-01  0.0000E+00
  1.0000E+00  6.0300E+02  2.5125E+01 -7.5527E-01  1.0000E+02  0.0000E+00  0.0000E+00  0.0000E+00  0.0000E+00  0.0000E+00  2.2646E-01  5.2617E+00  3.2534E+00  5.2055E-01  7.6972E+01  1.0000E+00  2.2646E-01  0.0000E+00 -1.0000E+00 -7.5527E-01  2.2646E-01 -9.8173E-01  0.0000E+00
  1.0000E+00  6.0400E+02  2.5167E+01 -8.9839E-01  1.0000E+02  0.0000E+00  0.0000E+00  0.0000E+00  0.0000E+00  0.0000E+00  2.2327E-01  5.2188E+00  3.2406E+00  5.1881E-01  7.7197E+01  1.0000E+00  2.2327E-01  0.0000E+00 -1.0000E+00 -8.9839E-01  2.2327E-01 -1.1217E+00  0.0000E+00
  1.0000E+00  6.0500E+02  2.5208E+01  1.0830E+00  1.0000E+02  0.0000E+00  0.0000E+00  0.0000E+00  0.0000E+00  0.0000E+00  2.1710E-01  5.0873E+00  3.1647E+00  5.0682E-01  7.7417E+01  1.0000E+00  2.1710E-01  0.0000E+00 -1.0000E+00  1.0830E+00  2.1710E-01  8.6585E-01  0.0000E+00
  1.0000E+00  6.0600E+02  2.5250E+01  1.3136E-01  1.0000E+02  0.0000E+00  0.0000E+00  0.0000E+00  0.0000E+00  0.0000E+00  2.1007E-01  4.9264E+00  3.0667E+00  4.9117E-01  7.7631E+01  1.0000E+00  2.1007E-01  0.0000E+00 -1.0000E+00  1.3136E-01  2.1007E-01 -7.8701E-02  0.0000E+00
  1.0000E+00  6.0700E+02  2.5292E+01 -1.2441E+00  1.0000E+02  0.0000E+00  0.0000E+00  0.0000E+00  0.0000E+00  0.0000E+00  2.0315E-01  4.7639E+00  2.9660E+00  4.7505E-01  7.7838E+01  1.0000E+00  2.0315E-01  0.0000E+00 -1.0000E+00 -1.2441E+00  2.0315E-01 -1.4472E+00  0.0000E+00
  1.0000E+00  6.0800E+02  2.5333E+01 -7.7594E-01  1.0000E+02  0.0000E+00  0.0000E+00  0.0000E+00  0.0000E+00  0.0000E+00  1.9676E-01  4.6122E+00  2.8710E+00  4.5983E-01  7.8037E+01  1.0000E+00  1.9676E-01  0.0000E+00 -1.0000E+00 -7.7594E-01  1.9676E-01 -9.7270E-01  0.0000E+00
  1.0000E+00  6.0900E+02  2.5375E+01 -4.2251E-01  1.0000E+02  0.0000E+00  0.0000E+00  0.0000E+00  0.0000E+00  0.0000E+00  1.9104E-01  4.4754E+00  2.7851E+00  4.4605E-01  7.8231E+01  1.0000E+00  1.9104E-01  0.0000E+00 -1.0000E+00 -4.2251E-01  1.9104E-01 -6.1355E-01  0.0000E+00
  1.0000E+00  6.1000E+02  2.5417E+01  1.5045E+00  1.0000E+02  0.0000E+00  0.0000E+00  0.0000E+00  0.0000E+00  0.0000E+00  1.8599E-01  4.3543E+00  2.7088E+00  4.3382E-01  7.8420E+01  1.0000E+00  1.8599E-01  0.0000E+00 -1.0000E+00  1.5045E+00  1.8599E-01  1.3185E+00  0.0000E+00
  1.0000E+00  6.1100E+02  2.5458E+01  1.0586E-01  1.0000E+02  0.0000E+00  0.0000E+00  0.0000E+00  0.0000E+00  0.0000E+00  1.8155E-01  4.2477E+00  2.6417E+00  4.2306E-01  7.8604E+01  1.0000E+00  1.8155E-01  0.0000E+00 -1.0000E+00  1.0586E-01  1.8155E-01 -7.5684E-02  0.0000E+00
  1.0000E+00  6.1200E+02  2.5500E+01 -1.1005E-01  1.0000E+02  0.0000E+00  0.0000E+00  0.0000E+00  0.0000E+00  0.0000E+00  1.7765E-01  4.1541E+00  2.5827E+00  4.1360E-01  7.8783E+01  1.0000E+00  1.7765E-01  0.0000E+00 -1.0000E+00 -1.1005E-01  1.7765E-01 -2.8769E-01  0.0000E+00
  1.0000E+00  6.1300E+02  2.5542E+01 -8.0474E-02  1.0000E+02  0.0000E+00  0.0000E+00  0.0000E+00  0.0000E+00  0.0000E+00  1.7421E-01  4.0717E+00  2.5308E+00  4.0527E-01  7.8959E+01  1.0000E+00  1.7421E-01  0.0000E+00 -1.0000E+00 -8.0474E-02  1.7421E-01 -2.5468E-01  0.0000E+00
  1.0000E+00  6.1400E+02  2.5583E+01  1.1356E+00  1.0000E+02  0.0000E+00  0.0000E+00  0.0000E+00  0.0000E+00  0.0000E+00  1.7116E-01  3.9989E+00  2.4850E+00  3.9791E-01  7.9132E+01  1.0000E+00  1.7116E-01  0.0000E+00 -1.0000E+00  1.1356E+00  1.7116E-01  9.6439E-01  0.0000E+00
  1.0000E+00  6.1500E+02  2.5625E+01  2.3244E-01  1.0000E+02  0.0000E+00  0.0000E+00  0.0000E+00  0.0000E+00  0.0000E+00  1.6845E-01  3.9341E+00  2.4442E+00  3.9138E-01  7.9301E+01  1.0000E+00  1.6845E-01  0.0000E+00 -1.0000E+00  2.3244E-01  1.6845E-01  6.3982E-02  0.0000E+00
  1.0000E+00  6.1600E+02  2.5667E+01  1.5962E+00  1.0000E+02  0.0000E+00  0.0000E+00  0.0000E+00  0.0000E+00  0.0000E+00  1.6603E-01  3.8762E+00  2.4078E+00  3.8554E-01  7.9469E+01  1.0000E+00  1.6603E-01  0.0000E+00 -1.0000E+00  1.5962E+00  1.6603E-01  1.4302E+00  0.0000E+00
  1.0000E+00  6.1700E+02  2.5708E+01 -8.5688E-01  1.0000E+02  0.0000E+00  0.0000E+00  0.0000E+00  0.0000E+00  0.0000E+00  1.6384E-01  3.8240E+00  2.3751E+00  3.8029E-01  7.9634E+01  1.0000E+00  1.6384E-01  0.0000E+00 -1.0000E+00 -8.5688E-01  1.6384E-01 -1.0207E+00  0.0000E+00
  1.0000E+00  6.1800E+02  2.5750E+01  3.9822E-02  1.0000E+02  0.0000E+00  0.0000E+00  0.0000E+00  0.0000E+00  0.0000E+00  1.6185E-01  3.7768E+00  2.3454E+00  3.7554E-01  7.9796E+01  1.0000E+00  1.6185E-01  0.0000E+00 -1.0000E+00  3.9822E-02  1.6185E-01 -1.2203E-01  0.0000E+00
  1.0000E+00  6.1900E+02  2.5792E+01  2.4830E-02  1.0000E+02  0.0000E+00  0.0000E+00  0.0000E+00  0.0000E+00  0.0000E+00  1.6004E-01  3.7337E+00  2.3184E+00  3.7120E-01  7.9957E+01  1.0000E+00  1.6004E-01  0.0000E+00 -1.0000E+00  2.4830E-02  1.6004E-01 -1.3521E-01  0.0000E+00
  1.0000E+00  6.2000E+02  2.5833E+01 -8.4365E-02  1.0000E+02  0.0000E+00  0.0000E+00  0.0000E+00  0.0000E+00  0.0000E+00  1.5837E-01  3.6941E+00  2.2936E+00  3.6723E-01  8.0116E+01  1.0000E+00  1.5837E-01  0.0000E+00 -1.0000E+00 -8.4365E-02  1.5837E-01 -2.4274E-01  0.0000E+00
  1.0000E+00  6.2100E+02  2.5875E+01  4.7321E-01  1.0000E+02  0.0000E+00  0.0000E+00  0.0000E+00  0.0000E+00  0.0000E+00  1.5683E-01  3.6577E+00  2.2708E+00  3.6357E-01  8.0274E+01  1.0000E+00  1.5683E-01  0.0000E+00 -1.0000E+00  4.7321E-01  1.5683E-01  3.1638E-01  0.0000E+00
  1.0000E+00  6.2200E+02  2.5917E+01  3.6655E-01  1.0000E+02  0.0000E+00  0.0000E+00  0.0000E+00  0.0000E+00  0.0000E+00  1.5540E-01  3.6238E+00  2.2496E+00  3.6018E-01  8.0430E+01  1.0000E+00  1.5540E-01  0.0000E+00 -1.0000E+00  3.6655E-01  1.5540E-01  2.1114E-01  0.0000E+00
  1.0000E+00  6.2300E+02  2.5958E+01 -6.8165E-01  1.0000E+02  0.0000E+00  0.0000E+00  0.0000E+00  0.0000E+00  0.0000E+00  1.5407E-01  3.5923E+00  2.2299E+00  3.5702E-01  8.0585E+01  1.0000E+00  1.5407E-01  0.0000E+00 -1.0000E+00 -6.8165E-01  1.5407E-01 -8.3572E-01  0.0000E+00
  1.0000E+00  6.2400E+02  2.6000E+01 -4.4513E-01  1.0000E+02  0.0000E+00  0.0000E+00  0.0000E+00  0.0000E+00  0.0000E+00  1.5282E-01  3.5628E+00  2.2114E+00  3.5406E-01  8.0738E+01  1.0000E+00  1.5282E-01  0.0000E+00 -1.0000E+00 -4.4513E-01  1.5282E-01 -5.9795E-01  0.0000E+00
  1.0000E+00  6.2500E+02  2.6042E+01  1.3984E+00  1.0000E+02  0.0000E+00  0.0000E+00  0.0000E+00  0.0000E+00  0.0000E+00  2.0585E-01  4.5735E+00  2.7628E+00  4.4086E-01  8.0921E+01  1.0000E+00  2.0585E-01  0.0000E+00 -1.0000E+00  1.3984E+00  2.0585E-01  1.1926E+00  0.0000E+00
  1.0000E+00  6.2600E+02  2.6083E+01 -2.8700E+00  1.0000E+02  0.0000E+00  0.0000E+00  0.0000E+00  0.0000E+00  0.0000E+00  2.2595E-01  5.1802E+00  3.1747E+00  5.0735E-01  8.1139E+01  1.0000E+00  2.2595E-01  0.0000E+00 -1.0000E+00 -2.8700E+00  2.2595E-01 -3.0960E+00  0.0000E+00
  1.0000E+00  6.2700E+02  2.6125E+01  4.0228E-01  1.0000E+02  0.0000E+00  0.0000E+00  0.0000E+00  0.0000E+00  0.0000E+00  2.3009E-01  5.3462E+00  3.3058E+00  5.2894E-01  8.1368E+01  1.0000E+00  2.3009E-01  0.0000E+00 -1.0000E+00  4.0228E-01  2.3009E-01  1.7220E-01  0.0000E+00
  1.0000E+00  6.2800E+02  2.6167E+01  2.7283E-01  1.0000E+02  0.0000E+00  0.0000E+00  0.0000E+00  0.0000E+00  0.0000E+00  2.2690E-01  5.3032E+00  3.2929E+00  5.2719E-01  8.1597E+01  1.0000E+00  2.2690E-01  0.0000E+00 -1.0000E+00  2.7283E-01  2.2690E-01  4.5928E-02  0.0000E+00
  1.0000E+00  6.2900E+02  2.6208E+01  2.2315E-01  1.0000E+02  0.0000E+00  0.0000E+00  0.0000E+00  0.0000E+00  0.0000E+00  2.2072E-01  5.1717E+00  3.2171E+00  5.1519E-01  8.1821E+01  1.0000E+00  2.2072E-01  0.0000E+00 -1.0000E+00  2.2315E-01  2.2072E-01  2.4229E-03  0.0000E+00
  1.0000E+00  6.3000E+02  2.6250E+01 -9.2334E-01  1.0000E+02  0.0000E+00  0.0000E+00  0.0000E+00  0.0000E+00  0.0000E+00  2.1369E-01  5.0106E+00  3.1190E+00  4.9954E-01  8.2038E+01  1.0000E+00  2.1369E-01  0.0000E+00 -1.0000E+00 -9.2334E-01  2.1369E-01 -1.1370E+00  0.0000E+00
  1.0000E+00  6.3100E+02  2.6292E+01  3.6014E-01  1.0000E+02  0.0000E+00  0.0000E+00  0.0000E+00  0.0000E+00  0.0000E+00  2.0677E-01  4.8481E+00  3.0182E+00  4.8340E-01  8.2248E+01  1.0000E+00  2.0677E-01  0.0000E+00 -1.0000E+00  3.6014E-01  2.0677E-01  1.5337E-01  0.0000E+00
  1.0000E+00  6.3200E+02  2.6333E+01 -4.4973E-01  1.0000E+02  0.0000E+00  0.0000E+00  0.0000E+00  0.0000E+00  0.0000E+00  2.0038E-01  4.6963E+00  2.9232E+00  4.6818E-01  8.2452E+01  1.0000E+00  2.0038E-01  0.0000E+00 -1.0000E+00 -4.4973E-01  2.0038E-01 -6.5010E-01  0.0000E+00
  1.0000E+00  6.3300E+02  2.6375E+01 -3.0648E-01  1.0000E+02  0.0000E+00  0.0000E+00  0.0000E+00  0.0000E+00  0.0000E+00  1.9465E-01  4.5595E+00  2.8372E+00  4.5440E-01  8.2649E+01  1.0000E+00  1.9465E-01  0.0000E+00 -1.0000E+00 -3.0648E-01  1.9465E-01 -5.0113E-01  0.0000E+00
  1.0000E+00  6.3400E+02  2.6417E+01  7.2054E-01  1.0000E+02  0.0000E+00  0.0000E+00  0.0000E+00  0.0000E+00  0.0000E+00  1.8960E-01  4.4383E+00  2.7609E+00  4.4216E-01  8.2841E+01  1.0000E+00  1.8960E-01  0.0000E+00 -1.0000E+00  7.2054E-01  1.8960E-01  5.3094E-01  0.0000E+00
  1.0000E+00  6.3500E+02  2.6458E+01 -5.4693E-01  1.0000E+02  0.0000E+00  0.0000E+00  0.0000E+00  0.0000E+00  0.0000E+00  1.8515E-01  4.3316E+00  2.6938E+00  4.3139E-01  8.3029E+01  1.0000E+00  1.8515E-01  0.0000E+00 -1.0000E+00 -5.4693E-01  1.8515E-01 -7.3208E-01  0.0000E+00
  1.0000E+00  6.3600E+02  2.6500E+01  1.4212E+00  1.0000E+02  0.0000E+00  0.0000E+00  0.0000E+00  0.0000E+00  0.0000E+00  1.8125E-01  4.2380E+00  2.6347E+00  4.2192E-01  8.3212E+01  1.0000E+00  1.8125E-01  0.0000E+00 -1.0000E+00  1.4212E+00  1.8125E-01  1.2400E+00  0.0000E+00
  1.0000E+00  6.3700E+02  2.6542E+01  2.8856E-01  1.0000E+02  0.0000E+00  0.0000E+00  0.0000E+00  0.0000E+00  0.0000E+00  1.7781E-01  4.1555E+00  2.5828E+00  4.1359E-01  8.3391E+01  1.0000E+00  1.7781E-01  0.0000E+00 -1.0000E+00  2.8856E-01  1.7781E-01  1.1075E-01  0.0000E+00
  1.0000E+00  6.3800E+02  2.6583E+01 -1.2072E+00  1.0000E+02  0.0000E+00  0.0000E+00  0.0000E+00  0.0000E+00  0.0000E+00  1.7476E-01  4.0826E+00  2.5369E+00  4.0622E-01  8.3568E+01  1.0000E+00  1.7476E-01  0.0000E+00 -1.0000E+00 -1.2072E+00  1.7476E-01 -1.3820E+00  0.0000E+00
  1.0000E+00  6.3900E+02  2.6625E+01  1.1450E+00  1.0000E+02  0.0000E+00  0.0000E+00  0.0000E+00  0.0000E+00  0.0000E+00  1.7205E-01  4.0177E+00  2.4961E+00  3.9968E-01  8.3741E+01  1.0000E+00  1.7205E-01  0.0000E+00 -1.0000E+00  1.1450E+00  1.7205E-01  9.7300E-01  0.0000E+00
  1.0000E+00  6.4000E+02  2.6667E+01  5.0932E-01  1.0000E+02  0.0000E+00  0.0000E+00  0.0000E+00  0.0000E+00  0.0000E+00  1.6962E-01  3.9597E+00  2.4597E+00  3.9384E-01  8.3912E+01  1.0000E+00  1.6962E-01  0.0000E+00 -1.0000E+00  5.0932E-01  1.6962E-01  3.3970E-01  0.0000E+00
  1.0000E+00  6.4100E+02  2.6708E+01  1.7730E+00  1.0000E+02  0.0000E+00  0.0000E+00  0.0000E+00  0.0000E+00  0.0000E+00  1.6743E-01  3.9075E+00  2.4269E+00  3.8858E-01  8.4080E+01  1.0000E+00  1.6743E-01  0.0000E+00 -1.0000E+00  1.7730E+00  1.6743E-01  1.6056E+00  0.0000E+00
  1.0000E+00  6.4200E+02  2.6750E+01 -3.1764E-01  1.0000E+02  0.0000E+00  0.0000E+00  0.0000E+00  0.0000E+00  0.0000E+00  1.6544E-01  3.8602E+00  2.3972E+00  3.8382E-01  8.4247E+01  1.0000E+00  1.6544E-01  0.0000E+00 -1.0000E+00 -3.1764E-01  1.6544E-01 -4.8308E-01  0.0000E+00
  1.0000E+00  6.4300E+02  2.6792E+01  9.1458E-01  1.0000E+02  0.0000E+00  0.0000E+00  0.0000E+00  0.0000E+00  0.0000E+00  1.6362E-01  3.8170E+00  2.3701E+00  3.7948E-01  8.4411E+01  1.0000E+00  1.6362E-01  0.0000E+00 -1.0000E+00  9.1458E-01  1.6362E-01  7.5096E-01  0.0000E+00
  1.0000E+00  6.4400E+02  2.6833E+01  1.0179E+00  1.0000E+02  0.0000E+00  0.0000E+00  0.0000E+00  0.0000E+00  0.0000E+00  1.6195E-01  3.7774E+00  2.3453E+00  3.7550E-01  8.4574E+01  1.0000E+00  1.6195E-01  0.0000E+00 -1.0000E+00  1.0179E+00  1.6195E-01  8.5594E-01  0.0000E+00
  1.0000E+00  6.4500E+02  2.6875E+01 -5.5778E-01  1.0000E+02  0.0000E+00  0.0000E+00  0.0000E+00  0.0000E+00  0.0000E+00  1.6041E-01  3.7409E+00  2.3224E+00  3.7183E-01  8.4735E+01  1.0000E+00  1.6041E-01  0.0000E+00 -1.0000E+00 -5.5778E-01  1.6041E-01 -7.1819E-01  0.0000E+00
  1.0000E+00  6.4600E+02  2.6917E+01 -1.0669E+00  1.0000E+02  0.0000E+00  0.0000E+00  0.0000E+00  0.0000E+00  0.0000E+00  1.5898E-01  3.7070E+00  2.3012E+00  3.6843E-01  8.4895E+01  1.0000E+00  1.5898E-01  0.0000E+00 -1.0000E+00 -1.0669E+00  1.5898E-01 -1.2259E+00  0.0000E+00
  1.0000E+00  6.4700E+02  2.6958E+01 -1.1198E+00  1.0000E+02  0.0000E+00  0.0000E+00  0.0000E+00  0.0000E+00  0.0000E+00  1.5764E-01  3.6753E+00  2.2814E+00  3.6526E-01  8.5053E+01  1.0000E+00  1.5764E-01  0.0000E+00 -1.0000E+00 -1.1198E+00  1.5764E-01 -1.2775E+00  0.0000E+00
  1.0000E+00  6.4800E+02  2.7000E+01  2.0914E+00  1.0000E+02  0.0000E+00  0.0000E+00  0.0000E+00  0.0000E+00  0.0000E+00  1.5639E-01  3.6458E+00  2.2629E+00  3.6230E-01  8.5210E+01  1.0000E+00  1.5639E-01  0.0000E+00 -1.0000E+00  2.0914E+00  1.5639E-01  1.9351E+00  0.0000E+00
  1.0000E+00  6.4900E+02  2.7042E+01 -1.6054E+00  1.0000E+02  0.0000E+00  0.0000E+00  0.0000E+00  0.0000E+00  0.0000E+00  2.0941E-01  4.6564E+00  2.8142E+00  4.4909E-01  8.5397E+01  1.0000E+00  2.0941E-01  0.0000E+00 -1.0000E+00 -1.6054E+00  2.0941E-01 -1.8148E+00  0.0000E+00
  1.0000E+00  6.5000E+02  2.7083E+01  4.0100E-01  1.0000E+02  0.0000E+00  0.0000E+00  0.0000E+00  0.0000E+00  0.0000E+00  2.2951E-01  5.2631E+00  3.2261E+00  5.1558E-01  8.5618E+01  1.0000E+00  2.2951E-01  0.0000E+00 -1.0000E+00  4.0100E-01  2.2951E-01  1.7149E-01  0.0000E+00
  1.0000E+00  6.5100E+02  2.7125E+01 -6.5259E-01  1.0000E+02  0.0000E+00  0.0000E+00  0.0000E+00  0.0000E+00  0.0000E+00  2.3364E-01  5.4290E+00  3.3572E+00  5.3716E-01  8.5851E+01  1.0000E+00  2.3364E-01  0.0000E+00 -1.0000E+00 -6.5259E-01  2.3364E-01 -8.8623E-01  0.0000E+00
  1.0000E+00  6.5200E+02  2.7167E+01 -1.1621E+00  1.0000E+02  0.0000E+00  0.0000E+00  0.0000E+00  0.0000E+00  0.0000E+00  2.3045E-01  5.3860E+00  3.3442E+00  5.3541E-01  8.6083E+01  1.0000E+00  2.3045E-01  0.0000E+00 -1.0000E+00 -1.1621E+00  2.3045E-01 -1.3926E+00  0.0000E+00
  1.0000E+00  6.5300E+02  2.7208E+01  1.0897E+00  1.0000E+02  0.0000E+00  0.0000E+00  0.0000E+00  0.0000E+00  0.0000E+00  2.2428E-01  5.2543E+00  3.2683E+00  5.2340E-01  8.6311E+01  1.0000E+00  2.2428E-01  0.0000E+00 -1.0000E+00  1.0897E+00  2.2428E-01  8.6543E-01  0.0000E+00
  1.0000E+00  6.5400E+02  2.7250E+01  9.7375E-01  1.0000E+02  0.0000E+00  0.0000E+00  0.0000E+00  0.0000E+00  0.0000E+00  2.1723E-01  5.0932E+00  3.1702E+00  5.0774E-01  8.6531E+01  1.0000E+00  2.1723E-01  0.0000E+00 -1.0000E+00  9.7375E-01  2.1723E-01  7.5652E-01  0.0000E+00
  1.0000E+00  6.5500E+02  2.7292E+01  2.9444E-01  1.0000E+02  0.0000E+00  0.0000E+00  0.0000E+00  0.0000E+00  0.0000E+00  2.1031E-01  4.9306E+00  3.0693E+00  4.9160E-01  8.6745E+01  1.0000E+00  2.1031E-01  0.0000E+00 -1.0000E+00  2.9444E-01  2.1031E-01  8.4131E-02  0.0000E+00
  1.0000E+00  6.5600E+02  2.7333E+01  1.9149E+00  1.0000E+02  0.0000E+00  0.0000E+00  0.0000E+00  0.0000E+00  0.0000E+00  2.0392E-01  4.7787E+00  2.9743E+00  4.7637E-01  8.6952E+01  1.0000E+00  2.0392E-01  0.0000E+00 -1.0000E+00  1.9149E+00  2.0392E-01  1.7110E+00  0.0000E+00
  1.0000E+00  6.5700E+02  2.7375E+01  2.5744E-01  1.0000E+02  0.0000E+00  0.0000E+00  0.0000E+00  0.0000E+00  0.0000E+00  1.9819E-01  4.6418E+00  2.8883E+00  4.6258E-01  8.7153E+01  1.0000E+00  1.9819E-01  0.0000E+00 -1.0000E+00  2.5744E-01  1.9819E-01  5.9250E-02  0.0000E+00
  1.0000E+00  6.5800E+02  2.7417E+01 -1.1154E+00  1.0000E+02  0.0000E+00  0.0000E+00  0.0000E+00  0.0000E+00  0.0000E+00  1.9313E-01  4.5206E+00  2.8120E+00  4.5033E-01  8.7349E+01  1.0000E+00  1.9313E-01  0.0000E+00 -1.0000E+00 -1.1154E+00  1.9313E-01 -1.3085E+00  0.0000E+00
  1.0000E+00  6.5900E+02  2.7458E+01  4.9442E-01  1.0000E+02  0.0000E+00  0.0000E+00  0.0000E+00  0.0000E+00  0.0000E+00  1.8869E-01  4.4139E+00  2.7448E+00  4.3955E-01  8.7540E+01  1.0000E+00  1.8869E-01  0.0000E+00 -1.0000E+00  4.9442E-01  1.8869E-01  3.0573E-01  0.0000E+00
  1.0000E+00  6.6000E+02  2.7500E+01  1.3922E+00  1.0000E+02  0.0000E+00  0.0000E+00  0.0000E+00  0.0000E+00  0.0000E+00  1.8478E-01  4.3201E+00  2.6857E+00  4.3008E-01  8.7726E+01  1.0000E+00  1.8478E-01  0.0000E+00 -1.0000E+00  1.3922E+00  1.8478E-01  1.2074E+00  0.0000E+00
  1.0000E+00  6.6100E+02  2.7542E+01 -1.1658E+00  1.0000E+02  0.0000E+00  0.0000E+00  0.0000E+00  0.0000E+00  0.0000E+00  1.8133E-01  4.2376E+00  2.6337E+00  4.2174E-01  8.7909E+01  1.0000E+00  1.8133E-01  0.0000E+00 -1.0000E+00 -1.1658E+00  1.8133E-01 -1.3471E+00  0.0000E+00
  1.0000E+00  6.6200E+02  2.7583E+01  4.9364E-01  1.0000E+02  0.0000E+00  0.0000E+00  0.0000E+00  0.0000E+00  0.0000E+00  1.7828E-01  4.1646E+00  2.5878E+00  4.1437E-01  8.8089E+01  1.0000E+00  1.7828E-01  0.0000E+00 -1.0000E+00  4.9364E-01  1.7828E-01  3.1536E-01  0.0000E+00
  1.0000E+00  6.6300E+02  2.7625E+01  7.9726E-01  1.0000E+02  0.0000E+00  0.0000E+00  0.0000E+00  0.0000E+00  0.0000E+00  1.7557E-01  4.0997E+00  2.5469E+00  4.0782E-01  8.8266E+01  1.0000E+00  1.7557E-01  0.0000E+00 -1.0000E+00  7.9726E-01  1.7557E-01  6.2169E-01  0.0000E+00
  1.0000E+00  6.6400E+02  2.7667E+01  1.4744E+00  1.0000E+02  0.0000E+00  0.0000E+00  0.0000E+00  0.0000E+00  0.0000E+00  1.7314E-01  4.0416E+00  2.5104E+00  4.0197E-01  8.8440E+01  1.0000E+00  1.7314E-01  0.0000E+00 -1.0000E+00  1.4744E+00  1.7314E-01  1.3013E+00  0.0000E+00
  1.0000E+00  6.6500E+02  2.7708E+01  1.6395E+00  1.0000E+02  0.0000E+00  0.0000E+00  0.0000E+00  0.0000E+00  0.0000E+00  1.7094E-01  3.9893E+00  2.4776E+00  3.9670E-01  8.8612E+01  1.0000E+00  1.7094E-01  0.0000E+00 -1.0000E+00  1.6395E+00  1.7094E-01  1.4686E+00  0.0000E+00
  1.0000E+00  6.6600E+02  2.7750E+01 -8.8390E-01  1.0000E+02  0.0000E+00  0.0000E+00  0.0000E+00  0.0000E+00  0.0000E+00  1.6895E-01  3.9419E+00  2.4479E+00  3.9193E-01  8.8782E+01  1.0000E+00  1.6895E-01  0.0000E+00 -1.0000E+00 -8.8390E-01  1.6895E-01 -1.0529E+00  0.0000E+00
  1.0000E+00  6.6700E+02  2.7792E+01  1.0323E+00  1.0000E+02  0.0000E+00  0.0000E+00  0.0000E+00  0.0000E+00  0.0000E+00  1.6713E-01  3.8987E+00  2.4208E+00  3.8759E-01  8.8950E+01  1.0000E+00  1.6713E-01  0.0000E+00 -1.0000E+00  1.0323E+00  1.6713E-01  8.6514E-01  0.0000E+00
  1.0000E+00  6.6800E+02  2.7833E+01 -5.9607E-01  1.0000E+02  0.0000E+00  0.0000E+00  0.0000E+00  0.0000E+00  0.0000E+00  1.6546E-01  3.8590E+00  2.3959E+00  3.8360E-01  8.9117E+01  1.0000E+00  1.6546E-01  0.0000E+00 -1.0000E+00 -5.9607E-01  1.6546E-01 -7.6153E-01  0.0000E+00
  1.0000E+00  6.6900E+02  2.7875E+01  1.2057E+00  1.0000E+02  0.0000E+00  0.0000E+00  0.0000E+00  0.0000E+00  0.0000E+00  1.6391E-01  3.8224E+00  2.3730E+00  3.7993E-01  8.9281E+01  1.0000E+00  1.6391E-01  0.0000E+00 -1.0000E+00  1.2057E+00  1.6391E-01  1.0418E+00  0.0000E+00
  1.0000E+00  6.7000E+02  2.7917E+01  7.9244E-01  1.0000E+02  0.0000E+00  0.0000E+00  0.0000E+00  0.0000E+00  0.0000E+00  1.6248E-01  3.7884E+00  2.3517E+00  3.7652E-01  8.9445E+01  1.0000E+00  1.6248E-01  0.0000E+00 -1.0000E+00  7.9244E-01  1.6248E-01  6.2996E-01  0.0000E+00
  1.0000E+00  6.7100E+02  2.7958E+01  3.8625E-01  1.0000E+02  0.0000E+00  0.0000E+00  0.0000E+00  0.0000E+00  0.0000E+00  1.6114E-01  3.7568E+00  2.3319E+00  3.7335E-01  8.9606E+01  1.0000E+00  1.6114E-01  0.0000E+00 -1.0000E+00  3.8625E-01  1.6114E-01  2.2511E-01  0.0000E+00
  1.0000E+00  6.7200E+02  2.8000E+01  3.5765E-01  1.0000E+02  0.0000E+00  0.0000E+00  0.0000E+00  0.0000E+00  0.0000E+00  1.5988E-01  3.7271E+00  2.3134E+00  3.7038E-01  8.9767E+01  1.0000E+00  1.5988E-01  0.0000E+00 -1.0000E+00  3.5765E-01  1.5988E-01  1.9777E-01  0.0000E+00
  1.0000E+00  6.7300E+02  2.8042E+01 -2.3156E-01  1.0000E+02  0.0000E+00  0.0000E+00  0.0000E+00  0.0000E+00  0.0000E+00  2.1290E-01  4.7377E+00  2.8646E+00  4.5716E-01  8.9957E+01  1.0000E+00  2.1290E-01  0.0000E+00 -1.0000E+00 -2.3156E-01  2.1290E-01 -4.4446E-01  0.0000E+00
  1.0000E+00  6.7400E+02  2.8083E+01 -7.3186E-01  1.0000E+02  0.0000E+00  0.0000E+00  0.0000E+00  0.0000E+00  0.0000E+00  2.3300E-01  5.3443E+00  3.2765E+00  5.2364E-01  9.0182E+01  1.0000E+00  2.3300E-01  0.0000E+00 -1.0000E+00 -7.3186E-01  2.3300E-01 -9.6486E-01  0.0000E+00
  1.0000E+00  6.7500E+02  2.8125E+01  1.7899E+00  1.0000E+02  0.0000E+00  0.0000E+00  0.0000E+00  0.0000E+00  0.0000E+00  2.3713E-01  5.5101E+00  3.4075E+00  5.4521E-01  9.0418E+01  1.0000E+00  2.3713E-01  0.0000E+00 -1.0000E+00  1.7899E+00  2.3713E-01  1.5527E+00  0.0000E+00
  1.0000E+00  6.7600E+02  2.8167E+01 -6.8574E-01  1.0000E+02  0.0000E+00  0.0000E+00  0.0000E+00  0.0000E+00  0.0000E+00  2.3393E-01  5.4670E+00  3.3945E+00  5.4345E-01  9.0654E+01  1.0000E+00  2.3393E-01  0.0000E+00 -1.0000E+00 -6.8574E-01  2.3393E-01 -9.1967E-01  0.0000E+00
  1.0000E+00  6.7700E+02  2.8208E+01 -1.3954E+00  1.0000E+02  0.0000E+00  0.0000E+00  0.0000E+00  0.0000E+00  0.0000E+00  2.2776E-01  5.3353E+00  3.3185E+00  5.3144E-01  9.0885E+01  1.0000E+00  2.2776E-01  0.0000E+00 -1.0000E+00 -1.3954E+00  2.2776E-01 -1.6232E+00  0.0000E+00
  1.0000E+00  6.7800E+02  2.8250E+01  1.4946E+00  1.0000E+02  0.0000E+00  0.0000E+00  0.0000E+00  0.0000E+00  0.0000E+00  2.2071E-01  5.1741E+00  3.2204E+00  5.1577E-01  9.1109E+01  1.0000E+00  2.2071E-01  0.0000E+00 -1.0000E+00  1.4946E+00  2.2071E-01  1.2739E+00  0.0000E+00
  1.0000E+00  6.7900E+02  2.8292E+01 -1.2149E+00  1.0000E+02  0.0000E+00  0.0000E+00  0.0000E+00  0.0000E+00  0.0000E+00  2.1379E-01  5.0115E+00  3.1195E+00  4.9962E-01  9.1326E+01  1.0000E+00  2.1379E-01  0.0000E+00 -1.0000E+00 -1.2149E+00  2.1379E-01 -1.4287E+00  0.0000E+00
  1.0000E+00  6.8000E+02  2.8333E+01  1.3164E+00  1.0000E+02  0.0000E+00  0.0000E+00  0.0000E+00  0.0000E+00  0.0000E+00  2.0739E-01  4.8595E+00  3.0244E+00  4.8439E-01  9.1537E+01  1.0000E+00  2.0739E-01  0.0000E+00 -1.0000E+00  1.3164E+00  2.0739E-01  1.1090E+00  0.0000E+00
  1.0000E+00  6.8100E+02  2.8375E+01  4.4299E-01  1.0000E+02  0.0000E+00  0.0000E+00  0.0000E+00  0.0000E+00  0.0000E+00  2.0166E-01  4.7226E+00  2.9384E+00  4.7059E-01  9.1741E+01  1.0000E+00  2.0166E-01  0.0000E+00 -1.0000E+00  4.4299E-01  2.0166E-01  2.4132E-01  0.0000E+00
  1.0000E+00  6.8200E+02  2.8417E+01  2.4787E-01  1.0000E+02  0.0000E+00  0.0000E+00  0.0000E+00  0.0000E+00  0.0000E+00  1.9660E-01  4.6012E+00  2.8620E+00  4.5834E-01  9.1940E+01  1.0000E+00  1.9660E-01  0.0000E+00 -1.0000E+00  2.4787E-01  1.9660E-01  5.1272E-02  0.0000E+00
  1.0000E+00  6.8300E+02  2.8458E+01  9.0876E-01  1.0000E+02  0.0000E+00  0.0000E+00  0.0000E+00  0.0000E+00  0.0000E+00  1.9215E-01  4.4944E+00  2.7947E+00  4.4755E-01  9.2135E+01  1.0000E+00  1.9215E-01  0.0000E+00 -1.0000E+00  9.0876E-01  1.9215E-01  7.1661E-01  0.0000E+00
  1.0000E+00  6.8400E+02  2.8500E+01  3.6862E-01  1.0000E+02  0.0000E+00  0.0000E+00  0.0000E+00  0.0000E+00  0.0000E+00  1.8824E-01  4.4006E+00  2.7356E+00  4.3807E-01  9.2325E+01  1.0000E+00  1.8824E-01  0.0000E+00 -1.0000E+00  3.6862E-01  1.8824E-01  1.8038E-01  0.0000E+00
  1.0000E+00  6.8500E+02  2.8542E+01 -1.7836E+00  1.0000E+02  0.0000E+00  0.0000E+00  0.0000E+00  0.0000E+00  0.0000E+00  1.8479E-01  4.3180E+00  2.6836E+00  4.2972E-01  9.2511E+01  1.0000E+00  1.8479E-01  0.0000E+00 -1.0000E+00 -1.7836E+00  1.8479E-01 -1.9684E+00  0.0000E+00
  1.0000E+00  6.8600E+02  2.8583E+01 -1.5946E-01  1.0000E+02  0.0000E+00  0.0000E+00  0.0000E+00  0.0000E+00  0.0000E+00  1.8174E-01  4.2450E+00  2.6376E+00  4.2235E-01  9.2694E+01  1.0000E+00  1.8174E-01  0.0000E+00 -1.0000E+00 -1.5946E-01  1.8174E-01 -3.4120E-01  0.0000E+00
  1.0000E+00  6.8700E+02  2.8625E+01  4.5295E-01  1.0000E+02  0.0000E+00  0.0000E+00  0.0000E+00  0.0000E+00  0.0000E+00  1.7902E-01  4.1800E+00  2.5967E+00  4.1579E-01  9.2875E+01  1.0000E+00  1.7902E-01  0.0000E+00 -1.0000E+00  4.5295E-01  1.7902E-01  2.7393E-01  0.0000E+00
  1.0000E+00  6.8800E+02  2.8667E+01 -1.7635E+00  1.0000E+02  0.0000E+00  0.0000E+00  0.0000E+00  0.0000E+00  0.0000E+00  1.7658E-01  4.1219E+00  2.5602E+00  4.0993E-01  9.3053E+01  1.0000E+00  1.7658E-01  0.0000E+00 -1.0000E+00 -1.7635E+00  1.7658E-01 -1.9400E+00  0.0000E+00
  1.0000E+00  6.8900E+02  2.8708E+01  4.7164E-01  1.0000E+02  0.0000E+00  0.0000E+00  0.0000E+00  0.0000E+00  0.0000E+00  1.7439E-01  4.0695E+00  2.5273E+00  4.0466E-01  9.3228E+01  1.0000E+00  1.7439E-01  0.0000E+00 -1.0000E+00  4.7164E-01  1.7439E-01  2.9726E-01  0.0000E+00
  1.0000E+00  6.9000E+02  2.8750E+01 -1.3840E+00  1.0000E+02  0.0000E+00  0.0000E+00  0.0000E+00  0.0000E+00  0.0000E+00  1.7239E-01  4.0220E+00  2.4975E+00  3.9989E-01  9.3401E+01  1.0000E+00  1.7239E-01  0.0000E+00 -1.0000E+00 -1.3840E+00  1.7239E-01 -1.5564E+00  0.0000E+00
  1.0000E+00  6.9100E+02  2.8792E+01 -6.6147E-01  1.0000E+02  0.0000E+00  0.0000E+00  0.0000E+00  0.0000E+00  0.0000E+00  1.7057E-01  3.9787E+00  2.4704E+00  3.9553E-01  9.3573E+01  1.0000E+00  1.7057E-01  0.0000E+00 -1.0000E+00 -6.6147E-01  1.7057E-01 -8.3204E-01  0.0000E+00
  1.0000E+00  6.9200E+02  2.8833E+01  2.9042E-02  1.0000E+02  0.0000E+00  0.0000E+00  0.0000E+00  0.0000E+00  0.0000E+00  1.6889E-01  3.9390E+00  2.4455E+00  3.9154E-01  9.3743E+01  1.0000E+00  1.6889E-01  0.0000E+00 -1.0000E+00  2.9042E-02  1.6889E-01 -1.3985E-01  0.0000E+00
  1.0000E+00  6.9300E+02  2.8875E+01  6.9924E-01  1.0000E+02  0.0000E+00  0.0000E+00  0.0000E+00  0.0000E+00  0.0000E+00  1.6735E-01  3.9023E+00  2.4225E+00  3.8786E-01  9.3911E+01  1.0000E+00  1.6735E-01  0.0000E+00 -1.0000E+00  6.9924E-01  1.6735E-01  5.3189E-01  0.0000E+00
  1.0000E+00  6.9400E+02  2.8917E+01  5.5524E-01  1.0000E+02  0.0000E+00  0.0000E+00  0.0000E+00  0.0000E+00  0.0000E+00  1.6591E-01  3.8683E+00  2.4012E+00  3.8445E-01  9.4077E+01  1.0000E+00  1.6591E-01  0.0000E+00 -1.0000E+00  5.5524E-01  1.6591E-01  3.8933E-01  0.0000E+00
  1.0000E+00  6.9500E+02  2.8958E+01  3.8970E-01  1.0000E+02  0.0000E+00  0.0000E+00  0.0000E+00  0.0000E+00  0.0000E+00  1.6456E-01  3.8365E+00  2.3814E+00  3.8127E-01  9.4243E+01  1.0000E+00  1.6456E-01  0.0000E+00 -1.0000E+00  3.8970E-01  1.6456E-01  2.2514E-01  0.0000E+00
  1.0000E+00  6.9600E+02  2.9000E+01  1.2223E+00  1.0000E+02  0.0000E+00  0.0000E+00  0.0000E+00  0.0000E+00  0.0000E+00  1.6331E-01  3.8068E+00  2.3628E+00  3.7829E-01  9.4406E+01  1.0000E+00  1.6331E-01  0.0000E+00 -1.0000E+00  1.2223E+00  1.6331E-01  1.0590E+00  0.0000E+00
  1.0000E+00  6.9700E+02  2.9042E+01  1.6058E+00  1.0000E+02  0.0000E+00  0.0000E+00  0.0000E+00  0.0000E+00  0.0000E+00  2.1632E-01  4.8173E+00  2.9140E+00  4.6506E-01  9.4600E+01  1.0000E+00  2.1632E-01  0.0000E+00 -1.0000E+00  1.6058E+00  2.1632E-01  1.3895E+00  0.0000E+00
  1.0000E+00  6.9800E+02  2.9083E+01  8.1410E-01  1.0000E+02  0.0000E+00  0.0000E+00  0.0000E+00  0.0000E+00  0.0000E+00  2.3642E-01  5.4238E+00  3.3258E+00  5.3154E-01  9.4828E+01  1.0000E+00  2.3642E-01  0.0000E+00 -1.0000E+00  8.1410E-01  2.3642E-01  5.7768E-01  0.0000E+00
  1.0000E+00  6.9900E+02  2.9125E+01  2.8620E-01  1.0000E+02  0.0000E+00  0.0000E+00  0.0000E+00  0.0000E+00  0.0000E+00  2.4054E-01  5.5896E+00  3.4568E+00  5.5311E-01  9.5068E+01  1.0000E+00  2.4054E-01  0.0000E+00 -1.0000E+00  2.8620E-01  2.4054E-01  4.5660E-02  0.0000E+00
  1.0000E+00  7.0000E+02  2.9167E+01  8.6010E-01  1.0000E+02  0.0000E+00  0.0000E+00  0.0000E+00  0.0000E+00  0.0000E+00  2.3735E-01  5.5465E+00  3.4437E+00  5.5134E-01  9.5307E+01  1.0000E+00  2.3735E-01  0.0000E+00 -1.0000E+00  8.6010E-01  2.3735E-01  6.2276E-01  0.0000E+00
  1.0000E+00  7.0100E+02  2.9208E+01 -1.2098E-01  1.0000E+02  0.0000E+00  0.0000E+00  0.0000E+00  0.0000E+00  0.0000E+00  2.3117E-01  5.4147E+00  3.3678E+00  5.3932E-01  9.5541E+01  1.0000E+00  2.3117E-01  0.0000E+00 -1.0000E+00 -1.2098E-01  2.3117E-01 -3.5215E-01  0.0000E+00
  1.0000E+00  7.0200E+02  2.9250E+01 -4.0215E-01  1.0000E+02  0.0000E+00  0.0000E+00  0.0000E+00  0.0000E+00  0.0000E+00  2.2412E-01  5.2534E+00  3.2696E+00  5.2365E-01  9.5769E+01  1.0000E+00  2.2412E-01  0.0000E+00 -1.0000E+00 -4.0215E-01  2.2412E-01 -6.2627E-01  0.0000E+00
  1.0000E+00  7.0300E+02  2.9292E+01 -6.0785E-01  1.0000E+02  0.0000E+00  0.0000E+00  0.0000E+00  0.0000E+00  0.0000E+00  2.1719E-01  5.0907E+00  3.1686E+00  5.0749E-01  9.5990E+01  1.0000E+00  2.1719E-01  0.0000E+00 -1.0000E+00 -6.0785E-01  2.1719E-01 -8.2504E-01  0.0000E+00
  1.0000E+00  7.0400E+02  2.9333E+01  4.7941E-01  1.0000E+02  0.0000E+00  0.0000E+00  0.0000E+00  0.0000E+00  0.0000E+00  2.1079E-01  4.9387E+00  3.0735E+00  4.9225E-01  9.6204E+01  1.0000E+00  2.1079E-01  0.0000E+00 -1.0000E+00  4.7941E-01  2.1079E-01  2.6862E-01  0.0000E+00
  1.0000E+00  7.0500E+02  2.9375E+01 -1.0595E+00  1.0000E+02  0.0000E+00  0.0000E+00  0.0000E+00  0.0000E+00  0.0000E+00  2.0506E-01  4.8017E+00  2.9874E+00  4.7844E-01  9.6411E+01  1.0000E+00  2.0506E-01  0.0000E+00 -1.0000E+00 -1.0595E+00  2.0506E-01 -1.2645E+00  0.0000E+00
  1.0000E+00  7.0600E+02  2.9417E+01  1.4404E+00  1.0000E+02  0.0000E+00  0.0000E+00  0.0000E+00  0.0000E+00  0.0000E+00  1.9999E-01  4.6802E+00  2.9110E+00  4.6619E-01  9.6614E+01  1.0000E+00  1.9999E-01  0.0000E+00 -1.0000E+00  1.4404E+00  1.9999E-01  1.2404E+00  0.0000E+00
  1.0000E+00  7.0700E+02  2.9458E+01 -1.1919E+00  1.0000E+02  0.0000E+00  0.0000E+00  0.0000E+00  0.0000E+00  0.0000E+00  1.9554E-01  4.5734E+00  2.8437E+00  4.5539E-01  9.6812E+01  1.0000E+00  1.9554E-01  0.0000E+00 -1.0000E+00 -1.1919E+00  1.9554E-01 -1.3874E+00  0.0000E+00
  1.0000E+00  7.0800E+02  2.9500E+01  7.3712E-01  1.0000E+02  0.0000E+00  0.0000E+00  0.0000E+00  0.0000E+00  0.0000E+00  1.9163E-01  4.4795E+00  2.7846E+00  4.4590E-01  9.7005E+01  1.0000E+00  1.9163E-01  0.0000E+00 -1.0000E+00  7.3712E-01  1.9163E-01  5.4550E-01  0.0000E+00
  1.0000E+00  7.0900E+02  2.9542E+01  1.4360E+00  1.0000E+02  0.0000E+00  0.0000E+00  0.0000E+00  0.0000E+00  0.0000E+00  1.8818E-01  4.3969E+00  2.7325E+00  4.3755E-01  9.7195E+01  1.0000E+00  1.8818E-01  0.0000E+00 -1.0000E+00  1.4360E+00  1.8818E-01  1.2478E+00  0.0000E+00
  1.0000E+00  7.1000E+02  2.9583E+01  1.1720E+00  1.0000E+02  0.0000E+00  0.0000E+00  0.0000E+00  0.0000E+00  0.0000E+00  1.8512E-01  4.3237E+00  2.6865E+00  4.3017E-01  9.7382E+01  1.0000E+00  1.8512E-01  0.0000E+00 -1.0000E+00  1.1720E+00  1.8512E-01  9.8692E-01  0.0000E+00
  1.0000E+00  7.1100E+02  2.9625E+01  8.4264E-01  1.0000E+02  0.0000E+00  0.0000E+00  0.0000E+00  0.0000E+00  0.0000E+00  1.8240E-01  4.2587E+00  2.6455E+00  4.2361E-01  9.7565E+01  1.0000E+00  1.8240E-01  0.0000E+00 -1.0000E+00  8.4264E-01  1.8240E-01  6.6024E-01  0.0000E+00
  1.0000E+00  7.1200E+02  2.9667E+01 -2.0642E-01  1.0000E+02  0.0000E+00  0.0000E+00  0.0000E+00  0.0000E+00  0.0000E+00  1.7996E-01  4.2005E+00  2.6090E+00  4.1774E-01  9.7747E+01  1.0000E+00  1.7996E-01  0.0000E+00 -1.0000E+00 -2.0642E-01  1.7996E-01 -3.8638E-01  0.0000E+00
  1.0000E+00  7.1300E+02  2.9708E+01  2.2781E+00  1.0000E+02  0.0000E+00  0.0000E+00  0.0000E+00  0.0000E+00  0.0000E+00  1.7776E-01  4.1481E+00  2.5760E+00  4.1246E-01  9.7925E+01  1.0000E+00  1.7776E-01  0.0000E+00 -1.0000E+00  2.2781E+00  1.7776E-01  2.1003E+00  0.0000E+00
  1.0000E+00  7.1400E+02  2.9750E+01  1.5102E+00  1.0000E+02  0.0000E+00  0.0000E+00  0.0000E+00  0.0000E+00  0.0000E+00  1.7576E-01  4.1005E+00  2.5462E+00  4.0768E-01  9.8102E+01  1.0000E+00  1.7576E-01  0.0000E+00 -1.0000E+00  1.5102E+00  1.7576E-01  1.3345E+00  0.0000E+00
  1.0000E+00  7.1500E+02  2.9792E+01 -6.8221E-01  1.0000E+02  0.0000E+00  0.0000E+00  0.0000E+00  0.0000E+00  0.0000E+00  1.7394E-01  4.0572E+00  2.5190E+00  4.0332E-01  9.8277E+01  1.0000E+00  1.7394E-01  0.0000E+00 -1.0000E+00 -6.8221E-01  1.7394E-01 -8.5615E-01  0.0000E+00
  1.0000E+00  7.1600E+02  2.9833E+01 -2.4895E-02  1.0000E+02  0.0000E+00  0.0000E+00  0.0000E+00  0.0000E+00  0.0000E+00  1.7226E-01  4.0174E+00  2.4941E+00  3.9932E-01  9.8450E+01  1.0000E+00  1.7226E-01  0.0000E+00 -1.0000E+00 -2.4895E-02  1.7226E-01 -1.9716E-01  0.0000E+00
  1.0000E+00  7.1700E+02  2.9875E+01  4.7186E-01  1.0000E+02  0.0000E+00  0.0000E+00  0.0000E+00  0.0000E+00  0.0000E+00  1.7071E-01  3.9806E+00  2.4711E+00  3.9563E-01  9.8622E+01  1.0000E+00  1.7071E-01  0.0000E+00 -1.0000E+00  4.7186E-01  1.7071E-01  3.0115E-01  0.0000E+00
  1.0000E+00  7.1800E+02  2.9917E+01  7.2677E-01  1.0000E+02  0.0000E+00  0.0000E+00  0.0000E+00  0.0000E+00  0.0000E+00  1.6927E-01  3.9465E+00  2.4497E+00  3.9221E-01  9.8792E+01  1.0000E+00  1.6927E-01  0.0000E+00 -1.0000E+00  7.2677E-01  1.6927E-01  5.5750E-01  0.0000E+00
  1.0000E+00  7.1900E+02  2.9958E+01  4.8994E-01  1.0000E+02  0.0000E+00  0.0000E+00  0.0000E+00  0.0000E+00  0.0000E+00  1.6792E-01  3.9147E+00  2.4299E+00  3.8903E-01  9.8960E+01  1.0000E+00  1.6792E-01  0.0000E+00 -1.0000E+00  4.8994E-01  1.6792E-01  3.2201E-01  0.0000E+00
  1.0000E+00  7.2000E+02  3.0000E+01 -3.5889E-01  1.0000E+02  0.0000E+00  0.0000E+00  0.0000E+00  0.0000E+00  0.0000E+00  1.6666E-01  3.8849E+00  2.4112E+00  3.8604E-01  9.9127E+01  1.0000E+00  1.6666E-01  0.0000E+00 -1.0000E+00 -3.5889E-01  1.6666E-01 -5.2555E-01  0.0000E+00
  1.0000E+00  7.2100E+02  3.0042E+01  2.2406E+00  1.0000E+02  0.0000E+00  0.0000E+00  0.0000E+00  0.0000E+00  0.0000E+00  2.1968E-01  4.8954E+00  2.9624E+00  4.7281E-01  9.9324E+01  1.0000E+00  2.1968E-01  0.0000E+00 -1.0000E+00  2.2406E+00  2.1968E-01  2.0209E+00  0.0000E+00
  1.0000E+00  7.2200E+02  3.0083E+01  1.5718E+00  1.0000E+02  0.0000E+00  0.0000E+00  0.0000E+00  0.0000E+00  0.0000E+00  2.3977E-01  5.5018E+00  3.3742E+00  5.3928E-01  9.9556E+01  1.0000E+00  2.3977E-01  0.0000E+00 -1.0000E+00  1.5718E+00  2.3977E-01  1.3320E+00  0.0000E+00
  1.0000E+00  7.2300E+02  3.0125E+01  2.2838E-01  1.0000E+02  0.0000E+00  0.0000E+00  0.0000E+00  0.0000E+00  0.0000E+00  2.4389E-01  5.6675E+00  3.5051E+00  5.6084E-01  9.9799E+01  1.0000E+00  2.4389E-01  0.0000E+00 -1.0000E+00  2.2838E-01  2.4389E-01 -1.5509E-02  0.0000E+00
  1.0000E+00  7.2400E+02  3.0167E+01 -1.6911E-01  1.0000E+02  0.0000E+00  0.0000E+00  0.0000E+00  0.0000E+00  0.0000E+00  2.4069E-01  5.6243E+00  3.4920E+00  5.5907E-01  1.0004E+02  1.0000E+00  2.4069E-01  0.0000E+00 -1.0000E+00 -1.6911E-01  2.4069E-01 -4.0980E-01  0.0000E+00
  1.0000E+00  7.2500E+02  3.0208E+01  1.0769E+00  1.0000E+02  0.0000E+00  0.0000E+00  0.0000E+00  0.0000E+00  0.0000E+00  2.3451E-01  5.4924E+00  3.4160E+00  5.4704E-01  1.0028E+02  1.0000E+00  2.3451E-01  0.0000E+00 -1.0000E+00  1.0769E+00  2.3451E-01  8.4238E-01  0.0000E+00
  1.0000E+00  7.2600E+02  3.0250E+01  4.6200E-01  1.0000E+02  0.0000E+00  0.0000E+00  0.0000E+00  0.0000E+00  0.0000E+00  2.2746E-01  5.3311E+00  3.3178E+00  5.3136E-01  1.0051E+02  1.0000E+00  2.2746E-01  0.0000E+00 -1.0000E+00  4.6200E-01  2.2746E-01  2.3454E-01  0.0000E+00
  1.0000E+00  7.2700E+02  3.0292E+01 -7.4296E-01  1.0000E+02  0.0000E+00  0.0000E+00  0.0000E+00  0.0000E+00  0.0000E+00  2.2053E-01  5.1684E+00  3.2168E+00  5.1520E-01  1.0073E+02  1.0000E+00  2.2053E-01  0.0000E+00 -1.0000E+00 -7.4296E-01  2.2053E-01 -9.6348E-01  0.0000E+00
  1.0000E+00  7.2800E+02  3.0333E+01  1.2470E+00  1.0000E+02  0.0000E+00  0.0000E+00  0.0000E+00  0.0000E+00  0.0000E+00  2.1413E-01  5.0163E+00  3.1216E+00  4.9995E-01  1.0095E+02  1.0000E+00  2.1413E-01  0.0000E+00 -1.0000E+00  1.2470E+00  2.1413E-01  1.0329E+00  0.0000E+00
  1.0000E+00  7.2900E+02  3.0375E+01 -1.1317E+00  1.0000E+02  0.0000E+00  0.0000E+00  0.0000E+00  0.0000E+00  0.0000E+00  2.0839E-01  4.8792E+00  3.0355E+00  4.8614E-01  1.0116E+02  1.0000E+00  2.0839E-01  0.0000E+00 -1.0000E+00 -1.1317E+00  2.0839E-01 -1.3401E+00  0.0000E+00
  1.0000E+00  7.3000E+02  3.0417E+01  1.9038E+00  1.0000E+02  0.0000E+00  0.0000E+00  0.0000E+00  0.0000E+00  0.0000E+00  2.0332E-01  4.7577E+00  2.9590E+00  4.7387E-01  1.0137E+02  1.0000E+00  2.0332E-01  0.0000E+00 -1.0000E+00  1.9038E+00  2.0332E-01  1.7005E+00  0.0000E+00
  1.0000E+00  7.3100E+02  3.0458E+01  4.1969E-01  1.0000E+02  0.0000E+00  0.0000E+00  0.0000E+00  0.0000E+00  0.0000E+00  1.9887E-01  4.6508E+00  2.8917E+00  4.6307E-01  1.0157E+02  1.0000E+00  1.9887E-01  0.0000E+00 -1.0000E+00  4.1969E-01  1.9887E-01  2.2082E-01  0.0000E+00
  1.0000E+00  7.3200E+02  3.0500E+01  9.2806E-01  1.0000E+02  0.0000E+00  0.0000E+00  0.0000E+00  0.0000E+00  0.0000E+00  1.9495E-01  4.5568E+00  2.8325E+00  4.5358E-01  1.0177E+02  1.0000E+00  1.9495E-01  0.0000E+00 -1.0000E+00  9.2806E-01  1.9495E-01  7.3311E-01  0.0000E+00
  1.0000E+00  7.3300E+02  3.0542E+01 -6.6668E-01  1.0000E+02  0.0000E+00  0.0000E+00  0.0000E+00  0.0000E+00  0.0000E+00  1.9150E-01  4.4741E+00  2.7804E+00  4.4522E-01  1.0196E+02  1.0000E+00  1.9150E-01  0.0000E+00 -1.0000E+00 -6.6668E-01  1.9150E-01 -8.5817E-01  0.0000E+00
  1.0000E+00  7.3400E+02  3.0583E+01  7.6429E-01  1.0000E+02  0.0000E+00  0.0000E+00  0.0000E+00  0.0000E+00  0.0000E+00  1.8844E-01  4.4009E+00  2.7343E+00  4.3783E-01  1.0215E+02  1.0000E+00  1.8844E-01  0.0000E+00 -1.0000E+00  7.6429E-01  1.8844E-01  5.7586E-01  0.0000E+00
  1.0000E+00  7.3500E+02  3.0625E+01  1.4747E-03  1.0000E+02  0.0000E+00  0.0000E+00  0.0000E+00  0.0000E+00  0.0000E+00  1.8571E-01  4.3358E+00  2.6934E+00  4.3126E-01  1.0234E+02  1.0000E+00  1.8571E-01  0.0000E+00 -1.0000E+00  1.4747E-03  1.8571E-01 -1.8424E-01  0.0000E+00
  1.0000E+00  7.3600E+02  3.0667E+01 -1.7098E+00  1.0000E+02  0.0000E+00  0.0000E+00  0.0000E+00  0.0000E+00  0.0000E+00  1.8327E-01  4.2775E+00  2.6568E+00  4.2539E-01  1.0252E+02  1.0000E+00  1.8327E-01  0.0000E+00 -1.0000E+00 -1.7098E+00  1.8327E-01 -1.8931E+00  0.0000E+00
  1.0000E+00  7.3700E+02  3.0708E+01  1.4332E+00  1.0000E+02  0.0000E+00  0.0000E+00  0.0000E+00  0.0000E+00  0.0000E+00  1.8107E-01  4.2250E+00  2.6238E+00  4.2010E-01  1.0270E+02  1.0000E+00  1.8107E-01  0.0000E+00 -1.0000E+00  1.4332E+00  1.8107E-01  1.2521E+00  0.0000E+00
  1.0000E+00  7.3800E+02  3.0750E+01 -2.6730E+00  1.0000E+02  0.0000E+00  0.0000E+00  0.0000E+00  0.0000E+00  0.0000E+00  1.7907E-01  4.1775E+00  2.5939E+00  4.1532E-01  1.0288E+02  1.0000E+00  1.7907E-01  0.0000E+00 -1.0000E+00 -2.6730E+00  1.7907E-01 -2.8521E+00  0.0000E+00
  1.0000E+00  7.3900E+02  3.0792E+01 -2.0779E-01  1.0000E+02  0.0000E+00  0.0000E+00  0.0000E+00  0.0000E+00  0.0000E+00  1.7724E-01  4.1340E+00  2.5667E+00  4.1095E-01  1.0306E+02  1.0000E+00  1.7724E-01  0.0000E+00 -1.0000E+00 -2.0779E-01  1.7724E-01 -3.8503E-01  0.0000E+00
  1.0000E+00  7.4000E+02  3.0833E+01 -5.4418E-03  1.0000E+02  0.0000E+00  0.0000E+00  0.0000E+00  0.0000E+00  0.0000E+00  1.7556E-01  4.0942E+00  2.5417E+00  4.0695E-01  1.0324E+02  1.0000E+00  1.7556E-01  0.0000E+00 -1.0000E+00 -5.4418E-03  1.7556E-01 -1.8100E-01  0.0000E+00
  1.0000E+00  7.4100E+02  3.0875E+01 -1.9614E-01  1.0000E+02  0.0000E+00  0.0000E+00  0.0000E+00  0.0000E+00  0.0000E+00  1.7401E-01  4.0573E+00  2.5187E+00  4.0325E-01  1.0341E+02  1.0000E+00  1.7401E-01  0.0000E+00 -1.0000E+00 -1.9614E-01  1.7401E-01 -3.7014E-01  0.0000E+00
  1.0000E+00  7.4200E+02  3.0917E+01 -4.2557E-01  1.0000E+02  0.0000E+00  0.0000E+00  0.0000E+00  0.0000E+00  0.0000E+00  1.7256E-01  4.0232E+00  2.4973E+00  3.9983E-01  1.0359E+02  1.0000E+00  1.7256E-01  0.0000E+00 -1.0000E+00 -4.2557E-01  1.7256E-01 -5.9813E-01  0.0000E+00
  1.0000E+00  7.4300E+02  3.0958E+01 -4.3638E-02  1.0000E+02  0.0000E+00  0.0000E+00  0.0000E+00  0.0000E+00  0.0000E+00  1.7121E-01  3.9913E+00  2.4774E+00  3.9663E-01  1.0376E+02  1.0000E+00  1.7121E-01  0.0000E+00 -1.0000E+00 -4.3638E-02  1.7121E-01 -2.1485E-01  0.0000E+00
  1.0000E+00  7.4400E+02  3.1000E+01  7.9052E-01  1.0000E+02  0.0000E+00  0.0000E+00  0.0000E+00  0.0000E+00  0.0000E+00  1.6995E-01  3.9614E+00  2.4587E+00  3.9364E-01  1.0393E+02  1.0000E+00  1.6995E-01  0.0000E+00 -1.0000E+00  7.9052E-01  1.6995E-01  6.2057E-01  0.0000E+00
  1.0000E+00  7.4500E+02  3.1042E+01  1.1414E+00  1.0000E+02  0.0000E+00  0.0000E+00  0.0000E+00  0.0000E+00  0.0000E+00  2.2296E-01  4.9718E+00  3.0098E+00  4.8040E-01  1.0413E+02  1.0000E+00  2.2296E-01  0.0000E+00 -1.0000E+00  1.1414E+00  2.2296E-01  9.1846E-01  0.0000E+00
  1.0000E+00  7.4600E+02  3.1083E+01  1.1144E+00  1.0000E+02  0.0000E+00  0.0000E+00  0.0000E+00  0.0000E+00  0.0000E+00  2.4305E-01  5.5782E+00  3.4216E+00  5.4686E-01  1.0436E+02  1.0000E+00  2.4305E-01  0.0000E+00 -1.0000E+00  1.1144E+00  2.4305E-01  8.7137E-01  0.0000E+00
  1.0000E+00  7.4700E+02  3.1125E+01  6.1546E-01  1.0000E+02  0.0000E+00  0.0000E+00  0.0000E+00  0.0000E+00  0.0000E+00  2.4717E-01  5.7438E+00  3.5524E+00  5.6842E-01  1.0461E+02  1.0000E+00  2.4717E-01  0.0000E+00 -1.0000E+00  6.1546E-01  2.4717E-01  3.6829E-01  0.0000E+00
  1.0000E+00  7.4800E+02  3.1167E+01 -1.4216E+00  1.0000E+02  0.0000E+00  0.0000E+00  0.0000E+00  0.0000E+00  0.0000E+00  2.4397E-01  5.7006E+00  3.5393E+00  5.6664E-01  1.0486E+02  1.0000E+00  2.4397E-01  0.0000E+00 -1.0000E+00 -1.4216E+00  2.4397E-01 -1.6655E+00  0.0000E+00
  1.0000E+00  7.4900E+02  3.1208E+01 -1.1636E+00  1.0000E+02  0.0000E+00  0.0000E+00  0.0000E+00  0.0000E+00  0.0000E+00  2.3778E-01  5.5686E+00  3.4633E+00  5.5460E-01  1.0510E+02  1.0000E+00  2.3778E-01  0.0000E+00 -1.0000E+00 -1.1636E+00  2.3778E-01 -1.4013E+00  0.0000E+00
  1.0000E+00  7.5000E+02  3.1250E+01  3.1856E-01  1.0000E+02  0.0000E+00  0.0000E+00  0.0000E+00  0.0000E+00  0.0000E+00  2.3073E-01  5.4073E+00  3.3650E+00  5.3892E-01  1.0533E+02  1.0000E+00  2.3073E-01  0.0000E+00 -1.0000E+00  3.1856E-01  2.3073E-01  8.7835E-02  0.0000E+00
  1.0000E+00  7.5100E+02  3.1292E+01 -5.6391E-01  1.0000E+02  0.0000E+00  0.0000E+00  0.0000E+00  0.0000E+00  0.0000E+00  2.2380E-01  5.2444E+00  3.2640E+00  5.2275E-01  1.0556E+02  1.0000E+00  2.2380E-01  0.0000E+00 -1.0000E+00 -5.6391E-01  2.2380E-01 -7.8771E-01  0.0000E+00
  1.0000E+00  7.5200E+02  3.1333E+01  5.5641E-01  1.0000E+02  0.0000E+00  0.0000E+00  0.0000E+00  0.0000E+00  0.0000E+00  2.1739E-01  5.0923E+00  3.1688E+00  5.0750E-01  1.0578E+02  1.0000E+00  2.1739E-01  0.0000E+00 -1.0000E+00  5.5641E-01  2.1739E-01  3.3901E-01  0.0000E+00
  1.0000E+00  7.5300E+02  3.1375E+01  2.9096E-01  1.0000E+02  0.0000E+00  0.0000E+00  0.0000E+00  0.0000E+00  0.0000E+00  2.1165E-01  4.9551E+00  3.0826E+00  4.9368E-01  1.0599E+02  1.0000E+00  2.1165E-01  0.0000E+00 -1.0000E+00  2.9096E-01  2.1165E-01  7.9305E-02  0.0000E+00
  1.0000E+00  7.5400E+02  3.1417E+01  1.5782E+00  1.0000E+02  0.0000E+00  0.0000E+00  0.0000E+00  0.0000E+00  0.0000E+00  2.0658E-01  4.8336E+00  3.0061E+00  4.8141E-01  1.0620E+02  1.0000E+00  2.0658E-01  0.0000E+00 -1.0000E+00  1.5782E+00  2.0658E-01  1.3717E+00  0.0000E+00
  1.0000E+00  7.5500E+02  3.1458E+01  4.6941E-01  1.0000E+02  0.0000E+00  0.0000E+00  0.0000E+00  0.0000E+00  0.0000E+00  2.0212E-01  4.7266E+00  2.9387E+00  4.7060E-01  1.0641E+02  1.0000E+00  2.0212E-01  0.0000E+00 -1.0000E+00  4.6941E-01  2.0212E-01  2.6729E-01  0.0000E+00
  1.0000E+00  7.5600E+02  3.1500E+01  1.3730E+00  1.0000E+02  0.0000E+00  0.0000E+00  0.0000E+00  0.0000E+00  0.0000E+00  1.9820E-01  4.6326E+00  2.8795E+00  4.6110E-01  1.0661E+02  1.0000E+00  1.9820E-01  0.0000E+00 -1.0000E+00  1.3730E+00  1.9820E-01  1.1747E+00  0.0000E+00
  1.0000E+00  7.5700E+02  3.1542E+01 -9.0130E-01  1.0000E+02  0.0000E+00  0.0000E+00  0.0000E+00  0.0000E+00  0.0000E+00  1.9475E-01  4.5498E+00  2.8273E+00  4.5274E-01  1.0680E+02  1.0000E+00  1.9475E-01  0.0000E+00 -1.0000E+00 -9.0130E-01  1.9475E-01 -1.0960E+00  0.0000E+00
  1.0000E+00  7.5800E+02  3.1583E+01  8.9623E-01  1.0000E+02  0.0000E+00  0.0000E+00  0.0000E+00  0.0000E+00  0.0000E+00  1.9169E-01  4.4765E+00  2.7812E+00  4.4534E-01  1.0700E+02  1.0000E+00  1.9169E-01  0.0000E+00 -1.0000E+00  8.9623E-01  1.9169E-01  7.0454E-01  0.0000E+00
  1.0000E+00  7.5900E+02  3.1625E+01 -1.0732E+00  1.0000E+02  0.0000E+00  0.0000E+00  0.0000E+00  0.0000E+00  0.0000E+00  1.8896E-01  4.4114E+00  2.7402E+00  4.3877E-01  1.0719E+02  1.0000E+00  1.8896E-01  0.0000E+00 -1.0000E+00 -1.0732E+00  1.8896E-01 -1.2622E+00  0.0000E+00
  1.0000E+00  7.6000E+02  3.1667E+01  5.6846E-01  1.0000E+02  0.0000E+00  0.0000E+00  0.0000E+00  0.0000E+00  0.0000E+00  1.8652E-01  4.3530E+00  2.7036E+00  4.3289E-01  1.0737E+02  1.0000E+00  1.8652E-01  0.0000E+00 -1.0000E+00  5.6846E-01  1.8652E-01  3.8194E-01  0.0000E+00
  1.0000E+00  7.6100E+02  3.1708E+01 -1.2446E+00  1.0000E+02  0.0000E+00  0.0000E+00  0.0000E+00  0.0000E+00  0.0000E+00  1.8431E-01  4.3005E+00  2.6706E+00  4.2760E-01  1.0756E+02  1.0000E+00  1.8431E-01  0.0000E+00 -1.0000E+00 -1.2446E+00  1.8431E-01 -1.4289E+00  0.0000E+00
  1.0000E+00  7.6200E+02  3.1750E+01  1.0031E+00  1.0000E+02  0.0000E+00  0.0000E+00  0.0000E+00  0.0000E+00  0.0000E+00  1.8231E-01  4.2528E+00  2.6407E+00  4.2280E-01  1.0774E+02  1.0000E+00  1.8231E-01  0.0000E+00 -1.0000E+00  1.0031E+00  1.8231E-01  8.2074E-01  0.0000E+00
  1.0000E+00  7.6300E+02  3.1792E+01  6.2416E-01  1.0000E+02  0.0000E+00  0.0000E+00  0.0000E+00  0.0000E+00  0.0000E+00  1.8048E-01  4.2093E+00  2.6134E+00  4.1843E-01  1.0792E+02  1.0000E+00  1.8048E-01  0.0000E+00 -1.0000E+00  6.2416E-01  1.8048E-01  4.4368E-01  0.0000E+00
  1.0000E+00  7.6400E+02  3.1833E+01  2.8725E-01  1.0000E+02  0.0000E+00  0.0000E+00  0.0000E+00  0.0000E+00  0.0000E+00  1.7879E-01  4.1694E+00  2.5884E+00  4.1442E-01  1.0810E+02  1.0000E+00  1.7879E-01  0.0000E+00 -1.0000E+00  2.8725E-01  1.7879E-01  1.0846E-01  0.0000E+00
  1.0000E+00  7.6500E+02  3.1875E+01 -2.5979E-01  1.0000E+02  0.0000E+00  0.0000E+00  0.0000E+00  0.0000E+00  0.0000E+00  1.7724E-01  4.1325E+00  2.5653E+00  4.1072E-01  1.0828E+02  1.0000E+00  1.7724E-01  0.0000E+00 -1.0000E+00 -2.5979E-01  1.7724E-01 -4.3702E-01  0.0000E+00
  1.0000E+00  7.6600E+02  3.1917E+01  1.3459E+00  1.0000E+02  0.0000E+00  0.0000E+00  0.0000E+00  0.0000E+00  0.0000E+00  1.7579E-01  4.0983E+00  2.5439E+00  4.0728E-01  1.0846E+02  1.0000E+00  1.7579E-01  0.0000E+00 -1.0000E+00  1.3459E+00  1.7579E-01  1.1701E+00  0.0000E+00
  1.0000E+00  7.6700E+02  3.1958E+01 -2.5479E-01  1.0000E+02  0.0000E+00  0.0000E+00  0.0000E+00  0.0000E+00  0.0000E+00  1.7444E-01  4.0664E+00  2.5239E+00  4.0408E-01  1.0863E+02  1.0000E+00  1.7444E-01  0.0000E+00 -1.0000E+00 -2.5479E-01  1.7444E-01 -4.2923E-01  0.0000E+00
  1.0000E+00  7.6800E+02  3.2000E+01 -1.8227E-01  1.0000E+02  0.0000E+00  0.0000E+00  0.0000E+00  0.0000E+00  0.0000E+00  1.7317E-01  4.0364E+00  2.5052E+00  4.0109E-01  1.0881E+02  1.0000E+00  1.7317E-01  0.0000E+00 -1.0000E+00 -1.8227E-01  1.7317E-01 -3.5544E-01  0.0000E+00
  1.0000E+00  7.6900E+02  3.2042E+01  1.8562E+00  1.0000E+02  0.0000E+00  0.0000E+00  0.0000E+00  0.0000E+00  0.0000E+00  2.2618E-01  5.0468E+00  3.0563E+00  4.8784E-01  1.0901E+02  1.0000E+00  2.2618E-01  0.0000E+00 -1.0000E+00  1.8562E+00  2.2618E-01  1.6301E+00  0.0000E+00
  1.0000E+00  7.7000E+02  3.2083E+01 -5.7688E-01  1.0000E+02  0.0000E+00  0.0000E+00  0.0000E+00  0.0000E+00  0.0000E+00  2.4627E-01  5.6531E+00  3.4680E+00  5.5430E-01  1.0925E+02  1.0000E+00  2.4627E-01  0.0000E+00 -1.0000E+00 -5.7688E-01  2.4627E-01 -8.2315E-01  0.0000E+00
  1.0000E+00  7.7100E+02  3.2125E+01 -7.4198E-01  1.0000E+02  0.0000E+00  0.0000E+00  0.0000E+00  0.0000E+00  0.0000E+00  2.5039E-01  5.8186E+00  3.5988E+00  5.7585E-01  1.0950E+02  1.0000E+00  2.5039E-01  0.0000E+00 -1.0000E+00 -7.4198E-01  2.5039E-01 -9.9236E-01  0.0000E+00
  1.0000E+00  7.7200E+02  3.2167E+01  3.9792E-01  1.0000E+02  0.0000E+00  0.0000E+00  0.0000E+00  0.0000E+00  0.0000E+00  2.4718E-01  5.7753E+00  3.5857E+00  5.7406E-01  1.0975E+02  1.0000E+00  2.4718E-01  0.0000E+00 -1.0000E+00  3.9792E-01  2.4718E-01  1.5074E-01  0.0000E+00
  1.0000E+00  7.7300E+02  3.2208E+01 -6.9560E-01  1.0000E+02  0.0000E+00  0.0000E+00  0.0000E+00  0.0000E+00  0.0000E+00  2.4099E-01  5.6433E+00  3.5096E+00  5.6202E-01  1.0999E+02  1.0000E+00  2.4099E-01  0.0000E+00 -1.0000E+00 -6.9560E-01  2.4099E-01 -9.3660E-01  0.0000E+00
  1.0000E+00  7.7400E+02  3.2250E+01 -5.0960E-01  1.0000E+02  0.0000E+00  0.0000E+00  0.0000E+00  0.0000E+00  0.0000E+00  2.3394E-01  5.4819E+00  3.4113E+00  5.4633E-01  1.1023E+02  1.0000E+00  2.3394E-01  0.0000E+00 -1.0000E+00 -5.0960E-01  2.3394E-01 -7.4353E-01  0.0000E+00
  1.0000E+00  7.7500E+02  3.2292E+01  3.3358E-01  1.0000E+02  0.0000E+00  0.0000E+00  0.0000E+00  0.0000E+00  0.0000E+00  2.2700E-01  5.3190E+00  3.3102E+00  5.3015E-01  1.1046E+02  1.0000E+00  2.2700E-01  0.0000E+00 -1.0000E+00  3.3358E-01  2.2700E-01  1.0658E-01  0.0000E+00
  1.0000E+00  7.7600E+02  3.2333E+01  1.5588E+00  1.0000E+02  0.0000E+00  0.0000E+00  0.0000E+00  0.0000E+00  0.0000E+00  2.2059E-01  5.1668E+00  3.2150E+00  5.1489E-01  1.1068E+02  1.0000E+00  2.2059E-01  0.0000E+00 -1.0000E+00  1.5588E+00  2.2059E-01  1.3382E+00  0.0000E+00
  1.0000E+00  7.7700E+02  3.2375E+01  1.6061E-01  1.0000E+02  0.0000E+00  0.0000E+00  0.0000E+00  0.0000E+00  0.0000E+00  2.1485E-01  5.0296E+00  3.1288E+00  5.0107E-01  1.1090E+02  1.0000E+00  2.1485E-01  0.0000E+00 -1.0000E+00  1.6061E-01  2.1485E-01 -5.4245E-02  0.0000E+00
  1.0000E+00  7.7800E+02  3.2417E+01 -8.1680E-01  1.0000E+02  0.0000E+00  0.0000E+00  0.0000E+00  0.0000E+00  0.0000E+00  2.0978E-01  4.9079E+00  3.0522E+00  4.8879E-01  1.1111E+02  1.0000E+00  2.0978E-01  0.0000E+00 -1.0000E+00 -8.1680E-01  2.0978E-01 -1.0266E+00  0.0000E+00
  1.0000E+00  7.7900E+02  3.2458E+01 -3.1788E-01  1.0000E+02  0.0000E+00  0.0000E+00  0.0000E+00  0.0000E+00  0.0000E+00  2.0532E-01  4.8009E+00  2.9848E+00  4.7798E-01  1.1132E+02  1.0000E+00  2.0532E-01  0.0000E+00 -1.0000E+00 -3.1788E-01  2.0532E-01 -5.2319E-01  0.0000E+00
  1.0000E+00  7.8000E+02  3.2500E+01 -4.3536E-01  1.0000E+02  0.0000E+00  0.0000E+00  0.0000E+00  0.0000E+00  0.0000E+00  2.0139E-01  4.7069E+00  2.9255E+00  4.6847E-01  1.1152E+02  1.0000E+00  2.0139E-01  0.0000E+00 -1.0000E+00 -4.3536E-01  2.0139E-01 -6.3675E-01  0.0000E+00
  1.0000E+00  7.8100E+02  3.2542E+01 -4.4581E-01  1.0000E+02  0.0000E+00  0.0000E+00  0.0000E+00  0.0000E+00  0.0000E+00  1.9794E-01  4.6240E+00  2.8733E+00  4.6010E-01  1.1172E+02  1.0000E+00  1.9794E-01  0.0000E+00 -1.0000E+00 -4.4581E-01  1.9794E-01 -6.4374E-01  0.0000E+00
  1.0000E+00  7.8200E+02  3.2583E+01  1.5287E+00  1.0000E+02  0.0000E+00  0.0000E+00  0.0000E+00  0.0000E+00  0.0000E+00  1.9487E-01  4.5507E+00  2.8272E+00  4.5270E-01  1.1192E+02  1.0000E+00  1.9487E-01  0.0000E+00 -1.0000E+00  1.5287E+00  1.9487E-01  1.3338E+00  0.0000E+00
  1.0000E+00  7.8300E+02  3.2625E+01  1.9720E+00  1.0000E+02  0.0000E+00  0.0000E+00  0.0000E+00  0.0000E+00  0.0000E+00  1.9214E-01  4.4854E+00  2.7862E+00  4.4612E-01  1.1211E+02  1.0000E+00  1.9214E-01  0.0000E+00 -1.0000E+00  1.9720E+00  1.9214E-01  1.7798E+00  0.0000E+00
  1.0000E+00  7.8400E+02  3.2667E+01  3.9382E-01  1.0000E+02  0.0000E+00  0.0000E+00  0.0000E+00  0.0000E+00  0.0000E+00  1.8970E-01  4.4270E+00  2.7495E+00  4.4023E-01  1.1230E+02  1.0000E+00  1.8970E-01  0.0000E+00 -1.0000E+00  3.9382E-01  1.8970E-01  2.0413E-01  0.0000E+00
  1.0000E+00  7.8500E+02  3.2708E+01  5.8374E-01  1.0000E+02  0.0000E+00  0.0000E+00  0.0000E+00  0.0000E+00  0.0000E+00  1.8749E-01  4.3744E+00  2.7164E+00  4.3494E-01  1.1249E+02  1.0000E+00  1.8749E-01  0.0000E+00 -1.0000E+00  5.8374E-01  1.8749E-01  3.9625E-01  0.0000E+00
  1.0000E+00  7.8600E+02  3.2750E+01 -1.3085E+00  1.0000E+02  0.0000E+00  0.0000E+00  0.0000E+00  0.0000E+00  0.0000E+00  1.8548E-01  4.3267E+00  2.6865E+00  4.3013E-01  1.1268E+02  1.0000E+00  1.8548E-01  0.0000E+00 -1.0000E+00 -1.3085E+00  1.8548E-01 -1.4939E+00  0.0000E+00
  1.0000E+00  7.8700E+02  3.2792E+01  7.4991E-02  1.0000E+02  0.0000E+00  0.0000E+00  0.0000E+00  0.0000E+00  0.0000E+00  1.8365E-01  4.2832E+00  2.6592E+00  4.2576E-01  1.1286E+02  1.0000E+00  1.8365E-01  0.0000E+00 -1.0000E+00  7.4991E-02  1.8365E-01 -1.0866E-01  0.0000E+00
  1.0000E+00  7.8800E+02  3.2833E+01 -3.3255E-02  1.0000E+02  0.0000E+00  0.0000E+00  0.0000E+00  0.0000E+00  0.0000E+00  1.8196E-01  4.2432E+00  2.6341E+00  4.2174E-01  1.1305E+02  1.0000E+00  1.8196E-01  0.0000E+00 -1.0000E+00 -3.3255E-02  1.8196E-01 -2.1522E-01  0.0000E+00
  1.0000E+00  7.8900E+02  3.2875E+01 -2.6882E-01  1.0000E+02  0.0000E+00  0.0000E+00  0.0000E+00  0.0000E+00  0.0000E+00  1.8040E-01  4.2062E+00  2.6110E+00  4.1803E-01  1.1323E+02  1.0000E+00  1.8040E-01  0.0000E+00 -1.0000E+00 -2.6882E-01  1.8040E-01 -4.4922E-01  0.0000E+00
  1.0000E+00  7.9000E+02  3.2917E+01 -1.7978E+00  1.0000E+02  0.0000E+00  0.0000E+00  0.0000E+00  0.0000E+00  0.0000E+00  1.7895E-01  4.1719E+00  2.5895E+00  4.1459E-01  1.1341E+02  1.0000E+00  1.7895E-01  0.0000E+00 -1.0000E+00 -1.7978E+00  1.7895E-01 -1.9768E+00  0.0000E+00
  1.0000E+00  7.9100E+02  3.2958E+01  3.9878E-01  1.0000E+02  0.0000E+00  0.0000E+00  0.0000E+00  0.0000E+00  0.0000E+00  1.7760E-01  4.1399E+00  2.5695E+00  4.1139E-01  1.1359E+02  1.0000E+00  1.7760E-01  0.0000E+00 -1.0000E+00  3.9878E-01  1.7760E-01  2.2118E-01  0.0000E+00
  1.0000E+00  7.9200E+02  3.3000E+01 -1.5406E+00  1.0000E+02  0.0000E+00  0.0000E+00  0.0000E+00  0.0000E+00  0.0000E+00  1.7633E-01  4.1099E+00  2.5508E+00  4.0838E-01  1.1376E+02  1.0000E+00  1.7633E-01  0.0000E+00 -1.0000E+00 -1.5406E+00  1.7633E-01 -1.7169E+00  0.0000E+00
  1.0000E+00  7.9300E+02  3.3042E+01 -3.8196E-01  1.0000E+02  0.0000E+00  0.0000E+00  0.0000E+00  0.0000E+00  0.0000E+00  2.2934E-01  5.1202E+00  3.1018E+00  4.9513E-01  1.1397E+02  1.0000E+00  2.2934E-01  0.0000E+00 -1.0000E+00 -3.8196E-01  2.2934E-01 -6.1130E-01  0.0000E+00
  1.0000E+00  7.9400E+02  3.3083E+01 -4.0027E-02  1.0000E+02  0.0000E+00  0.0000E+00  0.0000E+00  0.0000E+00  0.0000E+00  2.4942E-01  5.7265E+00  3.5135E+00  5.6158E-01  1.1421E+02  1.0000E+00  2.4942E-01  0.0000E+00 -1.0000E+00 -4.0027E-02  2.4942E-01 -2.8945E-01  0.0000E+00
  1.0000E+00  7.9500E+02  3.3125E+01 -1.2099E+00  1.0000E+02  0.0000E+00  0.0000E+00  0.0000E+00  0.0000E+00  0.0000E+00  2.5354E-01  5.8920E+00  3.6443E+00  5.8313E-01  1.1446E+02  1.0000E+00  2.5354E-01  0.0000E+00 -1.0000E+00 -1.2099E+00  2.5354E-01 -1.4635E+00  0.0000E+00
  1.0000E+00  7.9600E+02  3.3167E+01  1.5690E-01  1.0000E+02  0.0000E+00  0.0000E+00  0.0000E+00  0.0000E+00  0.0000E+00  2.5033E-01  5.8486E+00  3.6311E+00  5.8133E-01  1.1471E+02  1.0000E+00  2.5033E-01  0.0000E+00 -1.0000E+00  1.5690E-01  2.5033E-01 -9.3425E-02  0.0000E+00
  1.0000E+00  7.9700E+02  3.3208E+01  3.0153E-01  1.0000E+02  0.0000E+00  0.0000E+00  0.0000E+00  0.0000E+00  0.0000E+00  2.4413E-01  5.7165E+00  3.5550E+00  5.6928E-01  1.1496E+02  1.0000E+00  2.4413E-01  0.0000E+00 -1.0000E+00  3.0153E-01  2.4413E-01  5.7396E-02  0.0000E+00
  1.0000E+00  7.9800E+02  3.3250E+01  1.0442E+00  1.0000E+02  0.0000E+00  0.0000E+00  0.0000E+00  0.0000E+00  0.0000E+00  2.3708E-01  5.5550E+00  3.4566E+00  5.5359E-01  1.1520E+02  1.0000E+00  2.3708E-01  0.0000E+00 -1.0000E+00  1.0442E+00  2.3708E-01  8.0710E-01  0.0000E+00
  1.0000E+00  7.9900E+02  3.3292E+01 -1.8577E-01  1.0000E+02  0.0000E+00  0.0000E+00  0.0000E+00  0.0000E+00  0.0000E+00  2.3014E-01  5.3921E+00  3.3555E+00  5.3741E-01  1.1544E+02  1.0000E+00  2.3014E-01  0.0000E+00 -1.0000E+00 -1.8577E-01  2.3014E-01 -4.1591E-01  0.0000E+00
  1.0000E+00  8.0000E+02  3.3333E+01  3.9158E-01  1.0000E+02  0.0000E+00  0.0000E+00  0.0000E+00  0.0000E+00  0.0000E+00  2.2373E-01  5.2398E+00  3.2602E+00  5.2214E-01  1.1566E+02  1.0000E+00  2.2373E-01  0.0000E+00 -1.0000E+00  3.9158E-01  2.2373E-01  1.6785E-01  0.0000E+00
  1.0000E+00  8.0100E+02  3.3375E+01 -1.0001E+00  1.0000E+02  0.0000E+00  0.0000E+00  0.0000E+00  0.0000E+00  0.0000E+00  2.1799E-01  5.1025E+00  3.1740E+00  5.0831E-01  1.1588E+02  1.0000E+00  2.1799E-01  0.0000E+00 -1.0000E+00 -1.0001E+00  2.1799E-01 -1.2181E+00  0.0000E+00
  1.0000E+00  8.0200E+02  3.3417E+01  1.0802E+00  1.0000E+02  0.0000E+00  0.0000E+00  0.0000E+00  0.0000E+00  0.0000E+00  2.1291E-01  4.9808E+00  3.0974E+00  4.9603E-01  1.1610E+02  1.0000E+00  2.1291E-01  0.0000E+00 -1.0000E+00  1.0802E+00  2.1291E-01  8.6733E-01  0.0000E+00
  1.0000E+00  8.0300E+02  3.3458E+01 -1.1112E+00  1.0000E+02  0.0000E+00  0.0000E+00  0.0000E+00  0.0000E+00  0.0000E+00  2.0845E-01  4.8737E+00  3.0300E+00  4.8521E-01  1.1631E+02  1.0000E+00  2.0845E-01  0.0000E+00 -1.0000E+00 -1.1112E+00  2.0845E-01 -1.3196E+00  0.0000E+00
  1.0000E+00  8.0400E+02  3.3500E+01 -1.0376E-01  1.0000E+02  0.0000E+00  0.0000E+00  0.0000E+00  0.0000E+00  0.0000E+00  2.0452E-01  4.7796E+00  2.9707E+00  4.7570E-01  1.1652E+02  1.0000E+00  2.0452E-01  0.0000E+00 -1.0000E+00 -1.0376E-01  2.0452E-01 -3.0828E-01  0.0000E+00
  1.0000E+00  8.0500E+02  3.3542E+01  1.0109E+00  1.0000E+02  0.0000E+00  0.0000E+00  0.0000E+00  0.0000E+00  0.0000E+00  2.0106E-01  4.6967E+00  2.9184E+00  4.6732E-01  1.1672E+02  1.0000E+00  2.0106E-01  0.0000E+00 -1.0000E+00  1.0109E+00  2.0106E-01  8.0983E-01  0.0000E+00
  1.0000E+00  8.0600E+02  3.3583E+01 -9.5645E-01  1.0000E+02  0.0000E+00  0.0000E+00  0.0000E+00  0.0000E+00  0.0000E+00  1.9799E-01  4.6233E+00  2.8722E+00  4.5991E-01  1.1692E+02  1.0000E+00  1.9799E-01  0.0000E+00 -1.0000E+00 -9.5645E-01  1.9799E-01 -1.1544E+00  0.0000E+00
  1.0000E+00  8.0700E+02  3.3625E+01  1.9708E+00  1.0000E+02  0.0000E+00  0.0000E+00  0.0000E+00  0.0000E+00  0.0000E+00  1.9526E-01  4.5580E+00  2.8312E+00  4.5332E-01  1.1712E+02  1.0000E+00  1.9526E-01  0.0000E+00 -1.0000E+00  1.9708E+00  1.9526E-01  1.7756E+00  0.0000E+00
  1.0000E+00  8.0800E+02  3.3667E+01 -1.4018E-01  1.0000E+02  0.0000E+00  0.0000E+00  0.0000E+00  0.0000E+00  0.0000E+00  1.9281E-01  4.4996E+00  2.7944E+00  4.4743E-01  1.1731E+02  1.0000E+00  1.9281E-01  0.0000E+00 -1.0000E+00 -1.4018E-01  1.9281E-01 -3.3300E-01  0.0000E+00
  1.0000E+00  8.0900E+02  3.3708E+01  6.0125E-02  1.0000E+02  0.0000E+00  0.0000E+00  0.0000E+00  0.0000E+00  0.0000E+00  1.9060E-01  4.4469E+00  2.7614E+00  4.4213E-01  1.1750E+02  1.0000E+00  1.9060E-01  0.0000E+00 -1.0000E+00  6.0125E-02  1.9060E-01 -1.3048E-01  0.0000E+00
  1.0000E+00  8.1000E+02  3.3750E+01  1.0982E+00  1.0000E+02  0.0000E+00  0.0000E+00  0.0000E+00  0.0000E+00  0.0000E+00  1.8859E-01  4.3991E+00  2.7314E+00  4.3732E-01  1.1769E+02  1.0000E+00  1.8859E-01  0.0000E+00 -1.0000E+00  1.0982E+00  1.8859E-01  9.0958E-01  0.0000E+00
  1.0000E+00  8.1100E+02  3.3792E+01  3.6557E-01  1.0000E+02  0.0000E+00  0.0000E+00  0.0000E+00  0.0000E+00  0.0000E+00  1.8676E-01  4.3555E+00  2.7040E+00  4.3294E-01  1.1788E+02  1.0000E+00  1.8676E-01  0.0000E+00 -1.0000E+00  3.6557E-01  1.8676E-01  1.7881E-01  0.0000E+00
  1.0000E+00  8.1200E+02  3.3833E+01  6.3189E-01  1.0000E+02  0.0000E+00  0.0000E+00  0.0000E+00  0.0000E+00  0.0000E+00  1.8507E-01  4.3154E+00  2.6789E+00  4.2891E-01  1.1806E+02  1.0000E+00  1.8507E-01  0.0000E+00 -1.0000E+00  6.3189E-01  1.8507E-01  4.4682E-01  0.0000E+00
  1.0000E+00  8.1300E+02  3.3875E+01 -5.0765E-01  1.0000E+02  0.0000E+00  0.0000E+00  0.0000E+00  0.0000E+00  0.0000E+00  1.8351E-01  4.2784E+00  2.6558E+00  4.2520E-01  1.1825E+02  1.0000E+00  1.8351E-01  0.0000E+00 -1.0000E+00 -5.0765E-01  1.8351E-01 -6.9115E-01  0.0000E+00
  1.0000E+00  8.1400E+02  3.3917E+01 -1.3255E+00  1.0000E+02  0.0000E+00  0.0000E+00  0.0000E+00  0.0000E+00  0.0000E+00  1.8205E-01  4.2441E+00  2.6343E+00  4.2176E-01  1.1843E+02  1.0000E+00  1.8205E-01  0.0000E+00 -1.0000E+00 -1.3255E+00  1.8205E-01 -1.5076E+00  0.0000E+00
  1.0000E+00  8.1500E+02  3.3958E+01  1.2807E-01  1.0000E+02  0.0000E+00  0.0000E+00  0.0000E+00  0.0000E+00  0.0000E+00  1.8070E-01  4.2120E+00  2.6142E+00  4.1854E-01  1.1861E+02  1.0000E+00  1.8070E-01  0.0000E+00 -1.0000E+00  1.2807E-01  1.8070E-01 -5.2623E-02  0.0000E+00
  1.0000E+00  8.1600E+02  3.4000E+01  1.6231E+00  1.0000E+02  0.0000E+00  0.0000E+00  0.0000E+00  0.0000E+00  0.0000E+00  1.7942E-01  4.1819E+00  2.5955E+00  4.1553E-01  1.1879E+02  1.0000E+00  1.7942E-01  0.0000E+00 -1.0000E+00  1.6231E+00  1.7942E-01  1.4437E+00  0.0000E+00
  1.0000E+00  8.1700E+02  3.4042E+01  1.3404E+00  1.0000E+02  0.0000E+00  0.0000E+00  0.0000E+00  0.0000E+00  0.0000E+00  2.3243E-01  5.1922E+00  3.1464E+00  5.0228E-01  1.1900E+02  1.0000E+00  2.3243E-01  0.0000E+00 -1.0000E+00  1.3404E+00  2.3243E-01  1.1080E+00  0.0000E+00
  1.0000E+00  8.1800E+02  3.4083E+01  3.4670E-01  1.0000E+02  0.0000E+00  0.0000E+00  0.0000E+00  0.0000E+00  0.0000E+00  2.5251E-01  5.7984E+00  3.5581E+00  5.6872E-01  1.1925E+02  1.0000E+00  2.5251E-01  0.0000E+00 -1.0000E+00  3.4670E-01  2.5251E-01  9.4187E-02  0.0000E+00
  1.0000E+00  8.1900E+02  3.4125E+01  6.1680E-01  1.0000E+02  0.0000E+00  0.0000E+00  0.0000E+00  0.0000E+00  0.0000E+00  2.5662E-01  5.9638E+00  3.6889E+00  5.9026E-01  1.1950E+02  1.0000E+00  2.5662E-01  0.0000E+00 -1.0000E+00  6.1680E-01  2.5662E-01  3.6018E-01  0.0000E+00
  1.0000E+00  8.2000E+02  3.4167E+01 -1.1987E-02  1.0000E+02  0.0000E+00  0.0000E+00  0.0000E+00  0.0000E+00  0.0000E+00  2.5341E-01  5.9204E+00  3.6756E+00  5.8846E-01  1.1976E+02  1.0000E+00  2.5341E-01  0.0000E+00 -1.0000E+00 -1.1987E-02  2.5341E-01 -2.6540E-01  0.0000E+00
  1.0000E+00  8.2100E+02  3.4208E+01  9.1309E-01  1.0000E+02  0.0000E+00  0.0000E+00  0.0000E+00  0.0000E+00  0.0000E+00  2.4722E-01  5.7882E+00  3.5994E+00  5.7640E-01  1.2001E+02  1.0000E+00  2.4722E-01  0.0000E+00 -1.0000E+00  9.1309E-01  2.4722E-01  6.6588E-01  0.0000E+00
  1.0000E+00  8.2200E+02  3.4250E+01  1.3966E+00  1.0000E+02  0.0000E+00  0.0000E+00  0.0000E+00  0.0000E+00  0.0000E+00  2.4016E-01  5.6267E+00  3.5011E+00  5.6070E-01  1.2025E+02  1.0000E+00  2.4016E-01  0.0000E+00 -1.0000E+00  1.3966E+00  2.4016E-01  1.1565E+00  0.0000E+00
  1.0000E+00  8.2300E+02  3.4292E+01  7.2874E-01  1.0000E+02  0.0000E+00  0.0000E+00  0.0000E+00  0.0000E+00  0.0000E+00  2.3321E-01  5.4637E+00  3.3999E+00  5.4452E-01  1.2049E+02  1.0000E+00  2.3321E-01  0.0000E+00 -1.0000E+00  7.2874E-01  2.3321E-01  4.9552E-01  0.0000E+00
  1.0000E+00  8.2400E+02  3.4333E+01  1.4083E+00  1.0000E+02  0.0000E+00  0.0000E+00  0.0000E+00  0.0000E+00  0.0000E+00  2.2680E-01  5.3113E+00  3.3046E+00  5.2924E-01  1.2072E+02  1.0000E+00  2.2680E-01  0.0000E+00 -1.0000E+00  1.4083E+00  2.2680E-01  1.1815E+00  0.0000E+00
  1.0000E+00  8.2500E+02  3.4375E+01 -1.3799E+00  1.0000E+02  0.0000E+00  0.0000E+00  0.0000E+00  0.0000E+00  0.0000E+00  2.2106E-01  5.1740E+00  3.2183E+00  5.1541E-01  1.2094E+02  1.0000E+00  2.2106E-01  0.0000E+00 -1.0000E+00 -1.3799E+00  2.2106E-01 -1.6010E+00  0.0000E+00
  1.0000E+00  8.2600E+02  3.4417E+01  2.2038E-01  1.0000E+02  0.0000E+00  0.0000E+00  0.0000E+00  0.0000E+00  0.0000E+00  2.1598E-01  5.0522E+00  3.1417E+00  5.0312E-01  1.2116E+02  1.0000E+00  2.1598E-01  0.0000E+00 -1.0000E+00  2.2038E-01  2.1598E-01  4.4052E-03  0.0000E+00
  1.0000E+00  8.2700E+02  3.4458E+01 -3.1286E-01  1.0000E+02  0.0000E+00  0.0000E+00  0.0000E+00  0.0000E+00  0.0000E+00  2.1151E-01  4.9451E+00  3.0742E+00  4.9229E-01  1.2137E+02  1.0000E+00  2.1151E-01  0.0000E+00 -1.0000E+00 -3.1286E-01  2.1151E-01 -5.2437E-01  0.0000E+00
  1.0000E+00  8.2800E+02  3.4500E+01 -6.3680E-01  1.0000E+02  0.0000E+00  0.0000E+00  0.0000E+00  0.0000E+00  0.0000E+00  2.0758E-01  4.8509E+00  3.0149E+00  4.8277E-01  1.2158E+02  1.0000E+00  2.0758E-01  0.0000E+00 -1.0000E+00 -6.3680E-01  2.0758E-01 -8.4438E-01  0.0000E+00
  1.0000E+00  8.2900E+02  3.4542E+01  5.7861E-01  1.0000E+02  0.0000E+00  0.0000E+00  0.0000E+00  0.0000E+00  0.0000E+00  2.0412E-01  4.7679E+00  2.9626E+00  4.7439E-01  1.2179E+02  1.0000E+00  2.0412E-01  0.0000E+00 -1.0000E+00  5.7861E-01  2.0412E-01  3.7449E-01  0.0000E+00
  1.0000E+00  8.3000E+02  3.4583E+01 -2.8886E+00  1.0000E+02  0.0000E+00  0.0000E+00  0.0000E+00  0.0000E+00  0.0000E+00  2.0105E-01  4.6945E+00  2.9164E+00  4.6698E-01  1.2199E+02  1.0000E+00  2.0105E-01  0.0000E+00 -1.0000E+00 -2.8886E+00  2.0105E-01 -3.0897E+00  0.0000E+00
  1.0000E+00  8.3100E+02  3.4625E+01  3.5902E-01  1.0000E+02  0.0000E+00  0.0000E+00  0.0000E+00  0.0000E+00  0.0000E+00  1.9832E-01  4.6291E+00  2.8753E+00  4.6038E-01  1.2219E+02  1.0000E+00  1.9832E-01  0.0000E+00 -1.0000E+00  3.5902E-01  1.9832E-01  1.6070E-01  0.0000E+00
  1.0000E+00  8.3200E+02  3.4667E+01  7.2878E-01  1.0000E+02  0.0000E+00  0.0000E+00  0.0000E+00  0.0000E+00  0.0000E+00  1.9586E-01  4.5706E+00  2.8385E+00  4.5449E-01  1.2239E+02  1.0000E+00  1.9586E-01  0.0000E+00 -1.0000E+00  7.2878E-01  1.9586E-01  5.3291E-01  0.0000E+00
  1.0000E+00  8.3300E+02  3.4708E+01  1.2278E+00  1.0000E+02  0.0000E+00  0.0000E+00  0.0000E+00  0.0000E+00  0.0000E+00  1.9365E-01  4.5179E+00  2.8054E+00  4.4918E-01  1.2258E+02  1.0000E+00  1.9365E-01  0.0000E+00 -1.0000E+00  1.2278E+00  1.9365E-01  1.0342E+00  0.0000E+00
  1.0000E+00  8.3400E+02  3.4750E+01  9.5143E-01  1.0000E+02  0.0000E+00  0.0000E+00  0.0000E+00  0.0000E+00  0.0000E+00  1.9164E-01  4.4700E+00  2.7754E+00  4.4436E-01  1.2278E+02  1.0000E+00  1.9164E-01  0.0000E+00 -1.0000E+00  9.5143E-01  1.9164E-01  7.5979E-01  0.0000E+00
  1.0000E+00  8.3500E+02  3.4792E+01  5.7845E-01  1.0000E+02  0.0000E+00  0.0000E+00  0.0000E+00  0.0000E+00  0.0000E+00  1.8980E-01  4.4264E+00  2.7480E+00  4.3997E-01  1.2297E+02  1.0000E+00  1.8980E-01  0.0000E+00 -1.0000E+00  5.7845E-01  1.8980E-01  3.8865E-01  0.0000E+00
  1.0000E+00  8.3600E+02  3.4833E+01 -1.5285E-01  1.0000E+02  0.0000E+00  0.0000E+00  0.0000E+00  0.0000E+00  0.0000E+00  1.8811E-01  4.3862E+00  2.7229E+00  4.3595E-01  1.2316E+02  1.0000E+00  1.8811E-01  0.0000E+00 -1.0000E+00 -1.5285E-01  1.8811E-01 -3.4096E-01  0.0000E+00
  1.0000E+00  8.3700E+02  3.4875E+01  5.4725E-01  1.0000E+02  0.0000E+00  0.0000E+00  0.0000E+00  0.0000E+00  0.0000E+00  1.8655E-01  4.3492E+00  2.6997E+00  4.3223E-01  1.2334E+02  1.0000E+00  1.8655E-01  0.0000E+00 -1.0000E+00  5.4725E-01  1.8655E-01  3.6070E-01  0.0000E+00
  1.0000E+00  8.3800E+02  3.4917E+01 -2.1326E+00  1.0000E+02  0.0000E+00  0.0000E+00  0.0000E+00  0.0000E+00  0.0000E+00  1.8509E-01  4.3148E+00  2.6781E+00  4.2878E-01  1.2353E+02  1.0000E+00  1.8509E-01  0.0000E+00 -1.0000E+00 -2.1326E+00  1.8509E-01 -2.3177E+00  0.0000E+00
  1.0000E+00  8.3900E+02  3.4958E+01  1.1165E+00  1.0000E+02  0.0000E+00  0.0000E+00  0.0000E+00  0.0000E+00  0.0000E+00  1.8373E-01  4.2826E+00  2.6580E+00  4.2556E-01  1.2371E+02  1.0000E+00  1.8373E-01  0.0000E+00 -1.0000E+00  1.1165E+00  1.8373E-01  9.3275E-01  0.0000E+00
  1.0000E+00  8.4000E+02  3.5000E+01 -4.8359E-01  1.0000E+02  0.0000E+00  0.0000E+00  0.0000E+00  0.0000E+00  0.0000E+00  1.8246E-01  4.2525E+00  2.6392E+00  4.2254E-01  1.2390E+02  1.0000E+00  1.8246E-01  0.0000E+00 -1.0000E+00 -4.8359E-01  1.8246E-01 -6.6605E-01  0.0000E+00
  1.0000E+00  8.4100E+02  3.5042E+01  1.4421E+00  1.0000E+02  0.0000E+00  0.0000E+00  0.0000E+00  0.0000E+00  0.0000E+00  2.3546E-01  5.2627E+00  3.1902E+00  5.0928E-01  1.2411E+02  1.0000E+00  2.3546E-01  0.0000E+00 -1.0000E+00  1.4421E+00  2.3546E-01  1.2066E+00  0.0000E+00
  1.0000E+00  8.4200E+02  3.5083E+01  2.6619E-01  1.0000E+02  0.0000E+00  0.0000E+00  0.0000E+00  0.0000E+00  0.0000E+00  2.5554E-01  5.8688E+00  3.6018E+00  5.7571E-01  1.2436E+02  1.0000E+00  2.5554E-01  0.0000E+00 -1.0000E+00  2.6619E-01  2.5554E-01  1.0658E-02  0.0000E+00
  1.0000E+00  8.4300E+02  3.5125E+01  1.4647E+00  1.0000E+02  0.0000E+00  0.0000E+00  0.0000E+00  0.0000E+00  0.0000E+00  2.5965E-01  6.0342E+00  3.7325E+00  5.9725E-01  1.2462E+02  1.0000E+00  2.5965E-01  0.0000E+00 -1.0000E+00  1.4647E+00  2.5965E-01  1.2051E+00  0.0000E+00
  1.0000E+00  8.4400E+02  3.5167E+01 -1.3918E+00  1.0000E+02  0.0000E+00  0.0000E+00  0.0000E+00  0.0000E+00  0.0000E+00  2.5643E-01  5.9907E+00  3.7192E+00  5.9544E-01  1.2487E+02  1.0000E+00  2.5643E-01  0.0000E+00 -1.0000E+00 -1.3918E+00  2.5643E-01 -1.6482E+00  0.0000E+00
  1.0000E+00  8.4500E+02  3.5208E+01 -3.5985E-01  1.0000E+02  0.0000E+00  0.0000E+00  0.0000E+00  0.0000E+00  0.0000E+00  2.5024E-01  5.8585E+00  3.6430E+00  5.8338E-01  1.2513E+02  1.0000E+00  2.5024E-01  0.0000E+00 -1.0000E+00 -3.5985E-01  2.5024E-01 -6.1009E-01  0.0000E+00
  1.0000E+00  8.4600E+02  3.5250E+01  5.7744E-01  1.0000E+02  0.0000E+00  0.0000E+00  0.0000E+00  0.0000E+00  0.0000E+00  2.4317E-01  5.6969E+00  3.5446E+00  5.6768E-01  1.2537E+02  1.0000E+00  2.4317E-01  0.0000E+00 -1.0000E+00  5.7744E-01  2.4317E-01  3.3426E-01  0.0000E+00
  1.0000E+00  8.4700E+02  3.5292E+01  3.6734E-01  1.0000E+02  0.0000E+00  0.0000E+00  0.0000E+00  0.0000E+00  0.0000E+00  2.3623E-01  5.5338E+00  3.4434E+00  5.5148E-01  1.2561E+02  1.0000E+00  2.3623E-01  0.0000E+00 -1.0000E+00  3.6734E-01  2.3623E-01  1.3111E-01  0.0000E+00
  1.0000E+00  8.4800E+02  3.5333E+01  1.2020E-01  1.0000E+02  0.0000E+00  0.0000E+00  0.0000E+00  0.0000E+00  0.0000E+00  2.2982E-01  5.3814E+00  3.3481E+00  5.3620E-01  1.2585E+02  1.0000E+00  2.2982E-01  0.0000E+00 -1.0000E+00  1.2020E-01  2.2982E-01 -1.0962E-01  0.0000E+00
  1.0000E+00  8.4900E+02  3.5375E+01  2.8237E-01  1.0000E+02  0.0000E+00  0.0000E+00  0.0000E+00  0.0000E+00  0.0000E+00  2.2407E-01  5.2440E+00  3.2618E+00  5.2236E-01  1.2607E+02  1.0000E+00  2.2407E-01  0.0000E+00 -1.0000E+00  2.8237E-01  2.2407E-01  5.8308E-02  0.0000E+00
  1.0000E+00  8.5000E+02  3.5417E+01 -1.0596E+00  1.0000E+02  0.0000E+00  0.0000E+00  0.0000E+00  0.0000E+00  0.0000E+00  2.1898E-01  5.1222E+00  3.1851E+00  5.1007E-01  1.2629E+02  1.0000E+00  2.1898E-01  0.0000E+00 -1.0000E+00 -1.0596E+00  2.1898E-01 -1.2785E+00  0.0000E+00
  1.0000E+00  8.5100E+02  3.5458E+01  7.6036E-01  1.0000E+02  0.0000E+00  0.0000E+00  0.0000E+00  0.0000E+00  0.0000E+00  2.1452E-01  5.0150E+00  3.1176E+00  4.9923E-01  1.2651E+02  1.0000E+00  2.1452E-01  0.0000E+00 -1.0000E+00  7.6036E-01  2.1452E-01  5.4584E-01  0.0000E+00
  1.0000E+00  8.5200E+02  3.5500E+01 -6.5127E-01  1.0000E+02  0.0000E+00  0.0000E+00  0.0000E+00  0.0000E+00  0.0000E+00  2.1059E-01  4.9208E+00  3.0582E+00  4.8971E-01  1.2672E+02  1.0000E+00  2.1059E-01  0.0000E+00 -1.0000E+00 -6.5127E-01  2.1059E-01 -8.6186E-01  0.0000E+00
  1.0000E+00  8.5300E+02  3.5542E+01  1.7030E+00  1.0000E+02  0.0000E+00  0.0000E+00  0.0000E+00  0.0000E+00  0.0000E+00  2.0712E-01  4.8377E+00  3.0059E+00  4.8132E-01  1.2693E+02  1.0000E+00  2.0712E-01  0.0000E+00 -1.0000E+00  1.7030E+00  2.0712E-01  1.4959E+00  0.0000E+00
  1.0000E+00  8.5400E+02  3.5583E+01  1.7470E-02  1.0000E+02  0.0000E+00  0.0000E+00  0.0000E+00  0.0000E+00  0.0000E+00  2.0405E-01  4.7642E+00  2.9596E+00  4.7390E-01  1.2714E+02  1.0000E+00  2.0405E-01  0.0000E+00 -1.0000E+00  1.7470E-02  2.0405E-01 -1.8658E-01  0.0000E+00
  1.0000E+00  8.5500E+02  3.5625E+01 -6.2806E-02  1.0000E+02  0.0000E+00  0.0000E+00  0.0000E+00  0.0000E+00  0.0000E+00  2.0131E-01  4.6988E+00  2.9185E+00  4.6730E-01  1.2734E+02  1.0000E+00  2.0131E-01  0.0000E+00 -1.0000E+00 -6.2806E-02  2.0131E-01 -2.6412E-01  0.0000E+00
  1.0000E+00  8.5600E+02  3.5667E+01  1.0589E+00  1.0000E+02  0.0000E+00  0.0000E+00  0.0000E+00  0.0000E+00  0.0000E+00  1.9886E-01  4.6402E+00  2.8817E+00  4.6140E-01  1.2754E+02  1.0000E+00  1.9886E-01  0.0000E+00 -1.0000E+00  1.0589E+00  1.9886E-01  8.6005E-01  0.0000E+00
  1.0000E+00  8.5700E+02  3.5708E+01 -3.1330E+00  1.0000E+02  0.0000E+00  0.0000E+00  0.0000E+00  0.0000E+00  0.0000E+00  1.9664E-01  4.5874E+00  2.8485E+00  4.5608E-01  1.2774E+02  1.0000E+00  1.9664E-01  0.0000E+00 -1.0000E+00 -3.1330E+00  1.9664E-01 -3.3296E+00  0.0000E+00
  1.0000E+00  8.5800E+02  3.5750E+01  9.4109E-01  1.0000E+02  0.0000E+00  0.0000E+00  0.0000E+00  0.0000E+00  0.0000E+00  1.9463E-01  4.5395E+00  2.8185E+00  4.5127E-01  1.2793E+02  1.0000E+00  1.9463E-01  0.0000E+00 -1.0000E+00  9.4109E-01  1.9463E-01  7.4646E-01  0.0000E+00
  1.0000E+00  8.5900E+02  3.5792E+01 -6.5647E-01  1.0000E+02  0.0000E+00  0.0000E+00  0.0000E+00  0.0000E+00  0.0000E+00  1.9279E-01  4.4958E+00  2.7911E+00  4.4687E-01  1.2813E+02  1.0000E+00  1.9279E-01  0.0000E+00 -1.0000E+00 -6.5647E-01  1.9279E-01 -8.4926E-01  0.0000E+00
  1.0000E+00  8.6000E+02  3.5833E+01 -1.4616E+00  1.0000E+02  0.0000E+00  0.0000E+00  0.0000E+00  0.0000E+00  0.0000E+00  1.9109E-01  4.4556E+00  2.7659E+00  4.4283E-01  1.2832E+02  1.0000E+00  1.9109E-01  0.0000E+00 -1.0000E+00 -1.4616E+00  1.9109E-01 -1.6527E+00  0.0000E+00
  1.0000E+00  8.6100E+02  3.5875E+01 -3.4235E-01  1.0000E+02  0.0000E+00  0.0000E+00  0.0000E+00  0.0000E+00  0.0000E+00  1.8952E-01  4.4185E+00  2.7427E+00  4.3911E-01  1.2851E+02  1.0000E+00  1.8952E-01  0.0000E+00 -1.0000E+00 -3.4235E-01  1.8952E-01 -5.3188E-01  0.0000E+00
  1.0000E+00  8.6200E+02  3.5917E+01  1.8472E+00  1.0000E+02  0.0000E+00  0.0000E+00  0.0000E+00  0.0000E+00  0.0000E+00  1.8807E-01  4.3840E+00  2.7211E+00  4.3565E-01  1.2870E+02  1.0000E+00  1.8807E-01  0.0000E+00 -1.0000E+00  1.8472E+00  1.8807E-01  1.6591E+00  0.0000E+00
  1.0000E+00  8.6300E+02  3.5958E+01  1.9995E+00  1.0000E+02  0.0000E+00  0.0000E+00  0.0000E+00  0.0000E+00  0.0000E+00  1.8671E-01  4.3519E+00  2.7010E+00  4.3243E-01  1.2889E+02  1.0000E+00  1.8671E-01  0.0000E+00 -1.0000E+00  1.9995E+00  1.8671E-01  1.8127E+00  0.0000E+00
  1.0000E+00  8.6400E+02  3.6000E+01  6.1866E-01  1.0000E+02  0.0000E+00  0.0000E+00  0.0000E+00  0.0000E+00  0.0000E+00  1.8543E-01  4.3217E+00  2.6821E+00  4.2941E-01  1.2907E+02  1.0000E+00  1.8543E-01  0.0000E+00 -1.0000E+00  6.1866E-01  1.8543E-01  4.3323E-01  0.0000E+00
  1.0000E+00  8.6500E+02  3.6042E+01  1.8626E+00  1.0000E+02  0.0000E+00  0.0000E+00  0.0000E+00  0.0000E+00  0.0000E+00  2.3843E-01  5.3318E+00  3.2330E+00  5.1614E-01  1.2929E+02  1.0000E+00  2.3843E-01  0.0000E+00 -1.0000E+00  1.8626E+00  2.3843E-01  1.6242E+00  0.0000E+00
  1.0000E+00  8.6600E+02  3.6083E+01 -2.3343E-01  1.0000E+02  0.0000E+00  0.0000E+00  0.0000E+00  0.0000E+00  0.0000E+00  2.5850E-01  5.9379E+00  3.6446E+00  5.8257E-01  1.2954E+02  1.0000E+00  2.5850E-01  0.0000E+00 -1.0000E+00 -2.3343E-01  2.5850E-01 -4.9193E-01  0.0000E+00
  1.0000E+00  8.6700E+02  3.6125E+01  9.0396E-01  1.0000E+02  0.0000E+00  0.0000E+00  0.0000E+00  0.0000E+00  0.0000E+00  2.6261E-01  6.1032E+00  3.7753E+00  6.0410E-01  1.2980E+02  1.0000E+00  2.6261E-01  0.0000E+00 -1.0000E+00  9.0396E-01  2.6261E-01  6.4135E-01  0.0000E+00
  1.0000E+00  8.6800E+02  3.6167E+01 -8.3019E-01  1.0000E+02  0.0000E+00  0.0000E+00  0.0000E+00  0.0000E+00  0.0000E+00  2.5939E-01  6.0596E+00  3.7620E+00  6.0229E-01  1.3006E+02  1.0000E+00  2.5939E-01  0.0000E+00 -1.0000E+00 -8.3019E-01  2.5939E-01 -1.0896E+00  0.0000E+00
  1.0000E+00  8.6900E+02  3.6208E+01 -1.0508E+00  1.0000E+02  0.0000E+00  0.0000E+00  0.0000E+00  0.0000E+00  0.0000E+00  2.5320E-01  5.9274E+00  3.6857E+00  5.9022E-01  1.3032E+02  1.0000E+00  2.5320E-01  0.0000E+00 -1.0000E+00 -1.0508E+00  2.5320E-01 -1.3040E+00  0.0000E+00
  1.0000E+00  8.7000E+02  3.6250E+01  3.2562E-01  1.0000E+02  0.0000E+00  0.0000E+00  0.0000E+00  0.0000E+00  0.0000E+00  2.4613E-01  5.7657E+00  3.5873E+00  5.7451E-01  1.3057E+02  1.0000E+00  2.4613E-01  0.0000E+00 -1.0000E+00  3.2562E-01  2.4613E-01  7.9489E-02  0.0000E+00
  1.0000E+00  8.7100E+02  3.6292E+01  1.9626E+00  1.0000E+02  0.0000E+00  0.0000E+00  0.0000E+00  0.0000E+00  0.0000E+00  2.3918E-01  5.6026E+00  3.4861E+00  5.5831E-01  1.3081E+02  1.0000E+00  2.3918E-01  0.0000E+00 -1.0000E+00  1.9626E+00  2.3918E-01  1.7234E+00  0.0000E+00
  1.0000E+00  8.7200E+02  3.6333E+01  1.4384E+00  1.0000E+02  0.0000E+00  0.0000E+00  0.0000E+00  0.0000E+00  0.0000E+00  2.3277E-01  5.4501E+00  3.3907E+00  5.4302E-01  1.3105E+02  1.0000E+00  2.3277E-01  0.0000E+00 -1.0000E+00  1.4384E+00  2.3277E-01  1.2057E+00  0.0000E+00
  1.0000E+00  8.7300E+02  3.6375E+01  3.5193E-01  1.0000E+02  0.0000E+00  0.0000E+00  0.0000E+00  0.0000E+00  0.0000E+00  2.2702E-01  5.3127E+00  3.3043E+00  5.2918E-01  1.3128E+02  1.0000E+00  2.2702E-01  0.0000E+00 -1.0000E+00  3.5193E-01  2.2702E-01  1.2492E-01  0.0000E+00
  1.0000E+00  8.7400E+02  3.6417E+01 -2.9118E-01  1.0000E+02  0.0000E+00  0.0000E+00  0.0000E+00  0.0000E+00  0.0000E+00  2.2193E-01  5.1908E+00  3.2276E+00  5.1688E-01  1.3150E+02  1.0000E+00  2.2193E-01  0.0000E+00 -1.0000E+00 -2.9118E-01  2.2193E-01 -5.1311E-01  0.0000E+00
  1.0000E+00  8.7500E+02  3.6458E+01 -4.2232E-01  1.0000E+02  0.0000E+00  0.0000E+00  0.0000E+00  0.0000E+00  0.0000E+00  2.1746E-01  5.0835E+00  3.1601E+00  5.0604E-01  1.3172E+02  1.0000E+00  2.1746E-01  0.0000E+00 -1.0000E+00 -4.2232E-01  2.1746E-01 -6.3978E-01  0.0000E+00
  1.0000E+00  8.7600E+02  3.6500E+01 -3.3233E-01  1.0000E+02  0.0000E+00  0.0000E+00  0.0000E+00  0.0000E+00  0.0000E+00  2.1353E-01  4.9892E+00  3.1007E+00  4.9651E-01  1.3194E+02  1.0000E+00  2.1353E-01  0.0000E+00 -1.0000E+00 -3.3233E-01  2.1353E-01 -5.4586E-01  0.0000E+00
  1.0000E+00  8.7700E+02  3.6542E+01 -3.6691E-01  1.0000E+02  0.0000E+00  0.0000E+00  0.0000E+00  0.0000E+00  0.0000E+00  2.1006E-01  4.9061E+00  3.0483E+00  4.8811E-01  1.3215E+02  1.0000E+00  2.1006E-01  0.0000E+00 -1.0000E+00 -3.6691E-01  2.1006E-01 -5.7697E-01  0.0000E+00
  1.0000E+00  8.7800E+02  3.6583E+01  3.1976E-01  1.0000E+02  0.0000E+00  0.0000E+00  0.0000E+00  0.0000E+00  0.0000E+00  2.0698E-01  4.8326E+00  3.0020E+00  4.8069E-01  1.3236E+02  1.0000E+00  2.0698E-01  0.0000E+00 -1.0000E+00  3.1976E-01  2.0698E-01  1.1277E-01  0.0000E+00
  1.0000E+00  8.7900E+02  3.6625E+01  1.2336E+00  1.0000E+02  0.0000E+00  0.0000E+00  0.0000E+00  0.0000E+00  0.0000E+00  2.0425E-01  4.7671E+00  2.9609E+00  4.7408E-01  1.3256E+02  1.0000E+00  2.0425E-01  0.0000E+00 -1.0000E+00  1.2336E+00  2.0425E-01  1.0294E+00  0.0000E+00
  1.0000E+00  8.8000E+02  3.6667E+01  3.9453E-01  1.0000E+02  0.0000E+00  0.0000E+00  0.0000E+00  0.0000E+00  0.0000E+00  2.0179E-01  4.7085E+00  2.9240E+00  4.6817E-01  1.3276E+02  1.0000E+00  2.0179E-01  0.0000E+00 -1.0000E+00  3.9453E-01  2.0179E-01  1.9275E-01  0.0000E+00
  1.0000E+00  8.8100E+02  3.6708E+01 -6.5954E-01  1.0000E+02  0.0000E+00  0.0000E+00  0.0000E+00  0.0000E+00  0.0000E+00  1.9957E-01  4.6556E+00  2.8908E+00  4.6285E-01  1.3297E+02  1.0000E+00  1.9957E-01  0.0000E+00 -1.0000E+00 -6.5954E-01  1.9957E-01 -8.5911E-01  0.0000E+00
  1.0000E+00  8.8200E+02  3.6750E+01  6.2786E-01  1.0000E+02  0.0000E+00  0.0000E+00  0.0000E+00  0.0000E+00  0.0000E+00  1.9755E-01  4.6077E+00  2.8607E+00  4.5803E-01  1.3316E+02  1.0000E+00  1.9755E-01  0.0000E+00 -1.0000E+00  6.2786E-01  1.9755E-01  4.3031E-01  0.0000E+00
  1.0000E+00  8.8300E+02  3.6792E+01  7.6284E-01  1.0000E+02  0.0000E+00  0.0000E+00  0.0000E+00  0.0000E+00  0.0000E+00  1.9571E-01  4.5639E+00  2.8333E+00  4.5363E-01  1.3336E+02  1.0000E+00  1.9571E-01  0.0000E+00 -1.0000E+00  7.6284E-01  1.9571E-01  5.6713E-01  0.0000E+00
  1.0000E+00  8.8400E+02  3.6833E+01  1.5490E+00  1.0000E+02  0.0000E+00  0.0000E+00  0.0000E+00  0.0000E+00  0.0000E+00  1.9401E-01  4.5236E+00  2.8081E+00  4.4959E-01  1.3356E+02  1.0000E+00  1.9401E-01  0.0000E+00 -1.0000E+00  1.5490E+00  1.9401E-01  1.3550E+00  0.0000E+00
  1.0000E+00  8.8500E+02  3.6875E+01  1.1685E+00  1.0000E+02  0.0000E+00  0.0000E+00  0.0000E+00  0.0000E+00  0.0000E+00  1.9244E-01  4.4865E+00  2.7848E+00  4.4586E-01  1.3375E+02  1.0000E+00  1.9244E-01  0.0000E+00 -1.0000E+00  1.1685E+00  1.9244E-01  9.7606E-01  0.0000E+00
  1.0000E+00  8.8600E+02  3.6917E+01  1.3891E+00  1.0000E+02  0.0000E+00  0.0000E+00  0.0000E+00  0.0000E+00  0.0000E+00  1.9098E-01  4.4519E+00  2.7632E+00  4.4239E-01  1.3394E+02  1.0000E+00  1.9098E-01  0.0000E+00 -1.0000E+00  1.3891E+00  1.9098E-01  1.1981E+00  0.0000E+00
  1.0000E+00  8.8700E+02  3.6958E+01 -5.4901E-01  1.0000E+02  0.0000E+00  0.0000E+00  0.0000E+00  0.0000E+00  0.0000E+00  1.8962E-01  4.4197E+00  2.7430E+00  4.3916E-01  1.3413E+02  1.0000E+00  1.8962E-01  0.0000E+00 -1.0000E+00 -5.4901E-01  1.8962E-01 -7.3863E-01  0.0000E+00
  1.0000E+00  8.8800E+02  3.7000E+01  8.5546E-01  1.0000E+02  0.0000E+00  0.0000E+00  0.0000E+00  0.0000E+00  0.0000E+00  1.8834E-01  4.3895E+00  2.7242E+00  4.3614E-01  1.3432E+02  1.0000E+00  1.8834E-01  0.0000E+00 -1.0000E+00  8.5546E-01  1.8834E-01  6.6712E-01  0.0000E+00
  1.0000E+00  8.8900E+02  3.7042E+01  4.4142E-02  1.0000E+02  0.0000E+00  0.0000E+00  0.0000E+00  0.0000E+00  0.0000E+00  2.4134E-01  5.3995E+00  3.2750E+00  5.2286E-01  1.3454E+02  1.0000E+00  2.4134E-01  0.0000E+00 -1.0000E+00  4.4142E-02  2.4134E-01 -1.9720E-01  0.0000E+00
  1.0000E+00  8.9000E+02  3.7083E+01  2.1334E+00  1.0000E+02  0.0000E+00  0.0000E+00  0.0000E+00  0.0000E+00  0.0000E+00  2.6141E-01  6.0055E+00  3.6866E+00  5.8929E-01  1.3479E+02  1.0000E+00  2.6141E-01  0.0000E+00 -1.0000E+00  2.1334E+00  2.6141E-01  1.8720E+00  0.0000E+00
  1.0000E+00  8.9100E+02  3.7125E+01  1.0887E+00  1.0000E+02  0.0000E+00  0.0000E+00  0.0000E+00  0.0000E+00  0.0000E+00  2.6552E-01  6.1708E+00  3.8172E+00  6.1081E-01  1.3506E+02  1.0000E+00  2.6552E-01  0.0000E+00 -1.0000E+00  1.0887E+00  2.6552E-01  8.2323E-01  0.0000E+00
  1.0000E+00  8.9200E+02  3.7167E+01  1.6699E+00  1.0000E+02  0.0000E+00  0.0000E+00  0.0000E+00  0.0000E+00  0.0000E+00  2.6230E-01  6.1272E+00  3.8039E+00  6.0899E-01  1.3532E+02  1.0000E+00  2.6230E-01  0.0000E+00 -1.0000E+00  1.6699E+00  2.6230E-01  1.4076E+00  0.0000E+00
  1.0000E+00  8.9300E+02  3.7208E+01  5.3700E-01  1.0000E+02  0.0000E+00  0.0000E+00  0.0000E+00  0.0000E+00  0.0000E+00  2.5609E-01  5.9949E+00  3.7276E+00  5.9692E-01  1.3558E+02  1.0000E+00  2.5609E-01  0.0000E+00 -1.0000E+00  5.3700E-01  2.5609E-01  2.8091E-01  0.0000E+00
  1.0000E+00  8.9400E+02  3.7250E+01 -7.9183E-01  1.0000E+02  0.0000E+00  0.0000E+00  0.0000E+00  0.0000E+00  0.0000E+00  2.4903E-01  5.8332E+00  3.6291E+00  5.8120E-01  1.3583E+02  1.0000E+00  2.4903E-01  0.0000E+00 -1.0000E+00 -7.9183E-01  2.4903E-01 -1.0409E+00  0.0000E+00
  1.0000E+00  8.9500E+02  3.7292E+01  3.8852E-01  1.0000E+02  0.0000E+00  0.0000E+00  0.0000E+00  0.0000E+00  0.0000E+00  2.4208E-01  5.6700E+00  3.5279E+00  5.6500E-01  1.3608E+02  1.0000E+00  2.4208E-01  0.0000E+00 -1.0000E+00  3.8852E-01  2.4208E-01  1.4644E-01  0.0000E+00
  1.0000E+00  8.9600E+02  3.7333E+01  1.6129E+00  1.0000E+02  0.0000E+00  0.0000E+00  0.0000E+00  0.0000E+00  0.0000E+00  2.3566E-01  5.5174E+00  3.4324E+00  5.4971E-01  1.3632E+02  1.0000E+00  2.3566E-01  0.0000E+00 -1.0000E+00  1.6129E+00  2.3566E-01  1.3772E+00  0.0000E+00
  1.0000E+00  8.9700E+02  3.7375E+01 -1.2124E+00  1.0000E+02  0.0000E+00  0.0000E+00  0.0000E+00  0.0000E+00  0.0000E+00  2.2991E-01  5.3799E+00  3.3460E+00  5.3585E-01  1.3655E+02  1.0000E+00  2.2991E-01  0.0000E+00 -1.0000E+00 -1.2124E+00  2.2991E-01 -1.4423E+00  0.0000E+00
  1.0000E+00  8.9800E+02  3.7417E+01  3.0721E-01  1.0000E+02  0.0000E+00  0.0000E+00  0.0000E+00  0.0000E+00  0.0000E+00  2.2482E-01  5.2580E+00  3.2693E+00  5.2355E-01  1.3678E+02  1.0000E+00  2.2482E-01  0.0000E+00 -1.0000E+00  3.0721E-01  2.2482E-01  8.2387E-02  0.0000E+00
  1.0000E+00  8.9900E+02  3.7458E+01  6.4359E-01  1.0000E+02  0.0000E+00  0.0000E+00  0.0000E+00  0.0000E+00  0.0000E+00  2.2034E-01  5.1507E+00  3.2017E+00  5.1270E-01  1.3700E+02  1.0000E+00  2.2034E-01  0.0000E+00 -1.0000E+00  6.4359E-01  2.2034E-01  4.2324E-01  0.0000E+00
  1.0000E+00  9.0000E+02  3.7500E+01 -5.7491E-02  1.0000E+02  0.0000E+00  0.0000E+00  0.0000E+00  0.0000E+00  0.0000E+00  2.1641E-01  5.0563E+00  3.1423E+00  5.0317E-01  1.3722E+02  1.0000E+00  2.1641E-01  0.0000E+00 -1.0000E+00 -5.7491E-02  2.1641E-01 -2.7390E-01  0.0000E+00
  1.0000E+00  9.0100E+02  3.7542E+01 -3.1003E-01  1.0000E+02  0.0000E+00  0.0000E+00  0.0000E+00  0.0000E+00  0.0000E+00  2.1294E-01  4.9732E+00  3.0899E+00  4.9477E-01  1.3743E+02  1.0000E+00  2.1294E-01  0.0000E+00 -1.0000E+00 -3.1003E-01  2.1294E-01 -5.2296E-01  0.0000E+00
  1.0000E+00  9.0200E+02  3.7583E+01  2.1320E+00  1.0000E+02  0.0000E+00  0.0000E+00  0.0000E+00  0.0000E+00  0.0000E+00  2.0986E-01  4.8996E+00  3.0436E+00  4.8734E-01  1.3764E+02  1.0000E+00  2.0986E-01  0.0000E+00 -1.0000E+00  2.1320E+00  2.0986E-01  1.9222E+00  0.0000E+00
  1.0000E+00  9.0300E+02  3.7625E+01 -1.0678E+00  1.0000E+02  0.0000E+00  0.0000E+00  0.0000E+00  0.0000E+00  0.0000E+00  2.0712E-01  4.8340E+00  3.0024E+00  4.8073E-01  1.3785E+02  1.0000E+00  2.0712E-01  0.0000E+00 -1.0000E+00 -1.0678E+00  2.0712E-01 -1.2749E+00  0.0000E+00
  1.0000E+00  9.0400E+02  3.7667E+01  3.5585E-01  1.0000E+02  0.0000E+00  0.0000E+00  0.0000E+00  0.0000E+00  0.0000E+00  2.0466E-01  4.7753E+00  2.9655E+00  4.7481E-01  1.3806E+02  1.0000E+00  2.0466E-01  0.0000E+00 -1.0000E+00  3.5585E-01  2.0466E-01  1.5119E-01  0.0000E+00
  1.0000E+00  9.0500E+02  3.7708E+01  7.4043E-02  1.0000E+02  0.0000E+00  0.0000E+00  0.0000E+00  0.0000E+00  0.0000E+00  2.0244E-01  4.7224E+00  2.9323E+00  4.6949E-01  1.3826E+02  1.0000E+00  2.0244E-01  0.0000E+00 -1.0000E+00  7.4043E-02  2.0244E-01 -1.2840E-01  0.0000E+00
  1.0000E+00  9.0600E+02  3.7750E+01  9.4989E-02  1.0000E+02  0.0000E+00  0.0000E+00  0.0000E+00  0.0000E+00  0.0000E+00  2.0042E-01  4.6744E+00  2.9021E+00  4.6466E-01  1.3846E+02  1.0000E+00  2.0042E-01  0.0000E+00 -1.0000E+00  9.4989E-02  2.0042E-01 -1.0543E-01  0.0000E+00
  1.0000E+00  9.0700E+02  3.7792E+01 -6.3258E-01  1.0000E+02  0.0000E+00  0.0000E+00  0.0000E+00  0.0000E+00  0.0000E+00  1.9858E-01  4.6306E+00  2.8746E+00  4.6025E-01  1.3866E+02  1.0000E+00  1.9858E-01  0.0000E+00 -1.0000E+00 -6.3258E-01  1.9858E-01 -8.3115E-01  0.0000E+00
  1.0000E+00  9.0800E+02  3.7833E+01 -1.2922E+00  1.0000E+02  0.0000E+00  0.0000E+00  0.0000E+00  0.0000E+00  0.0000E+00  1.9688E-01  4.5903E+00  2.8494E+00  4.5620E-01  1.3886E+02  1.0000E+00  1.9688E-01  0.0000E+00 -1.0000E+00 -1.2922E+00  1.9688E-01 -1.4890E+00  0.0000E+00
  1.0000E+00  9.0900E+02  3.7875E+01 -1.3335E+00  1.0000E+02  0.0000E+00  0.0000E+00  0.0000E+00  0.0000E+00  0.0000E+00  1.9530E-01  4.5530E+00  2.8261E+00  4.5247E-01  1.3906E+02  1.0000E+00  1.9530E-01  0.0000E+00 -1.0000E+00 -1.3335E+00  1.9530E-01 -1.5288E+00  0.0000E+00
  1.0000E+00  9.1000E+02  3.7917E+01 -2.3560E-02  1.0000E+02  0.0000E+00  0.0000E+00  0.0000E+00  0.0000E+00  0.0000E+00  1.9384E-01  4.5185E+00  2.8045E+00  4.4900E-01  1.3925E+02  1.0000E+00  1.9384E-01  0.0000E+00 -1.0000E+00 -2.3560E-02  1.9384E-01 -2.1740E-01  0.0000E+00
  1.0000E+00  9.1100E+02  3.7958E+01  1.0880E+00  1.0000E+02  0.0000E+00  0.0000E+00  0.0000E+00  0.0000E+00  0.0000E+00  1.9248E-01  4.4862E+00  2.7843E+00  4.4576E-01  1.3944E+02  1.0000E+00  1.9248E-01  0.0000E+00 -1.0000E+00  1.0880E+00  1.9248E-01  8.9557E-01  0.0000E+00
  1.0000E+00  9.1200E+02  3.8000E+01 -8.4234E-01  1.0000E+02  0.0000E+00  0.0000E+00  0.0000E+00  0.0000E+00  0.0000E+00  1.9119E-01  4.4559E+00  2.7653E+00  4.4273E-01  1.3964E+02  1.0000E+00  1.9119E-01  0.0000E+00 -1.0000E+00 -8.4234E-01  1.9119E-01 -1.0335E+00  0.0000E+00
  1.0000E+00  9.1300E+02  3.8042E+01  9.4692E-01  1.0000E+02  0.0000E+00  0.0000E+00  0.0000E+00  0.0000E+00  0.0000E+00  2.4419E-01  5.4659E+00  3.3162E+00  5.2945E-01  1.3986E+02  1.0000E+00  2.4419E-01  0.0000E+00 -1.0000E+00  9.4692E-01  2.4419E-01  7.0273E-01  0.0000E+00
  1.0000E+00  9.1400E+02  3.8083E+01 -4.5470E-01  1.0000E+02  0.0000E+00  0.0000E+00  0.0000E+00  0.0000E+00  0.0000E+00  2.6426E-01  6.0718E+00  3.7277E+00  5.9587E-01  1.4011E+02  1.0000E+00  2.6426E-01  0.0000E+00 -1.0000E+00 -4.5470E-01  2.6426E-01 -7.1896E-01  0.0000E+00
  1.0000E+00  9.1500E+02  3.8125E+01 -5.9863E-01  1.0000E+02  0.0000E+00  0.0000E+00  0.0000E+00  0.0000E+00  0.0000E+00  2.6836E-01  6.2370E+00  3.8583E+00  6.1739E-01  1.4038E+02  1.0000E+00  2.6836E-01  0.0000E+00 -1.0000E+00 -5.9863E-01  2.6836E-01 -8.6699E-01  0.0000E+00
  1.0000E+00  9.1600E+02  3.8167E+01 -1.4058E+00  1.0000E+02  0.0000E+00  0.0000E+00  0.0000E+00  0.0000E+00  0.0000E+00  2.6514E-01  6.1934E+00  3.8449E+00  6.1556E-01  1.4065E+02  1.0000E+00  2.6514E-01  0.0000E+00 -1.0000E+00 -1.4058E+00  2.6514E-01 -1.6709E+00  0.0000E+00
  1.0000E+00  9.1700E+02  3.8208E+01  9.2623E-01  1.0000E+02  0.0000E+00  0.0000E+00  0.0000E+00  0.0000E+00  0.0000E+00  2.5894E-01  6.0610E+00  3.7686E+00  6.0349E-01  1.4091E+02  1.0000E+00  2.5894E-01  0.0000E+00 -1.0000E+00  9.2623E-01  2.5894E-01  6.6729E-01  0.0000E+00
  1.0000E+00  9.1800E+02  3.8250E+01  2.4780E-01  1.0000E+02  0.0000E+00  0.0000E+00  0.0000E+00  0.0000E+00  0.0000E+00  2.5187E-01  5.8992E+00  3.6701E+00  5.8776E-01  1.4116E+02  1.0000E+00  2.5187E-01  0.0000E+00 -1.0000E+00  2.4780E-01  2.5187E-01 -4.0633E-03  0.0000E+00
  1.0000E+00  9.1900E+02  3.8292E+01  1.1993E+00  1.0000E+02  0.0000E+00  0.0000E+00  0.0000E+00  0.0000E+00  0.0000E+00  2.4491E-01  5.7360E+00  3.5688E+00  5.7155E-01  1.4141E+02  1.0000E+00  2.4491E-01  0.0000E+00 -1.0000E+00  1.1993E+00  2.4491E-01  9.5435E-01  0.0000E+00
  1.0000E+00  9.2000E+02  3.8333E+01 -2.1337E+00  1.0000E+02  0.0000E+00  0.0000E+00  0.0000E+00  0.0000E+00  0.0000E+00  2.3849E-01  5.5834E+00  3.4733E+00  5.5626E-01  1.4165E+02  1.0000E+00  2.3849E-01  0.0000E+00 -1.0000E+00 -2.1337E+00  2.3849E-01 -2.3722E+00  0.0000E+00
  1.0000E+00  9.2100E+02  3.8375E+01 -1.1455E+00  1.0000E+02  0.0000E+00  0.0000E+00  0.0000E+00  0.0000E+00  0.0000E+00  2.3274E-01  5.4458E+00  3.3869E+00  5.4240E-01  1.4189E+02  1.0000E+00  2.3274E-01  0.0000E+00 -1.0000E+00 -1.1455E+00  2.3274E-01 -1.3783E+00  0.0000E+00
  1.0000E+00  9.2200E+02  3.8417E+01  7.0407E-01  1.0000E+02  0.0000E+00  0.0000E+00  0.0000E+00  0.0000E+00  0.0000E+00  2.2765E-01  5.3239E+00  3.3102E+00  5.3009E-01  1.4212E+02  1.0000E+00  2.2765E-01  0.0000E+00 -1.0000E+00  7.0407E-01  2.2765E-01  4.7642E-01  0.0000E+00
  1.0000E+00  9.2300E+02  3.8458E+01  6.6838E-01  1.0000E+02  0.0000E+00  0.0000E+00  0.0000E+00  0.0000E+00  0.0000E+00  2.2317E-01  5.2165E+00  3.2425E+00  5.1924E-01  1.4235E+02  1.0000E+00  2.2317E-01  0.0000E+00 -1.0000E+00  6.6838E-01  2.2317E-01  4.4521E-01  0.0000E+00
  1.0000E+00  9.2400E+02  3.8500E+01 -8.9188E-01  1.0000E+02  0.0000E+00  0.0000E+00  0.0000E+00  0.0000E+00  0.0000E+00  2.1923E-01  5.1221E+00  3.1830E+00  5.0970E-01  1.4257E+02  1.0000E+00  2.1923E-01  0.0000E+00 -1.0000E+00 -8.9188E-01  2.1923E-01 -1.1111E+00  0.0000E+00
  1.0000E+00  9.2500E+02  3.8542E+01 -5.0212E-01  1.0000E+02  0.0000E+00  0.0000E+00  0.0000E+00  0.0000E+00  0.0000E+00  2.1576E-01  5.0389E+00  3.1306E+00  5.0129E-01  1.4278E+02  1.0000E+00  2.1576E-01  0.0000E+00 -1.0000E+00 -5.0212E-01  2.1576E-01 -7.1788E-01  0.0000E+00
  1.0000E+00  9.2600E+02  3.8583E+01  2.2816E+00  1.0000E+02  0.0000E+00  0.0000E+00  0.0000E+00  0.0000E+00  0.0000E+00  2.1268E-01  4.9652E+00  3.0843E+00  4.9385E-01  1.4300E+02  1.0000E+00  2.1268E-01  0.0000E+00 -1.0000E+00  2.2816E+00  2.1268E-01  2.0689E+00  0.0000E+00
  1.0000E+00  9.2700E+02  3.8625E+01  3.4257E-02  1.0000E+02  0.0000E+00  0.0000E+00  0.0000E+00  0.0000E+00  0.0000E+00  2.0994E-01  4.8996E+00  3.0430E+00  4.8724E-01  1.4321E+02  1.0000E+00  2.0994E-01  0.0000E+00 -1.0000E+00  3.4257E-02  2.0994E-01 -1.7568E-01  0.0000E+00
  1.0000E+00  9.2800E+02  3.8667E+01  1.1740E+00  1.0000E+02  0.0000E+00  0.0000E+00  0.0000E+00  0.0000E+00  0.0000E+00  2.0748E-01  4.8409E+00  3.0061E+00  4.8132E-01  1.4342E+02  1.0000E+00  2.0748E-01  0.0000E+00 -1.0000E+00  1.1740E+00  2.0748E-01  9.6650E-01  0.0000E+00
  1.0000E+00  9.2900E+02  3.8708E+01 -2.4183E+00  1.0000E+02  0.0000E+00  0.0000E+00  0.0000E+00  0.0000E+00  0.0000E+00  2.0525E-01  4.7879E+00  2.9729E+00  4.7598E-01  1.4362E+02  1.0000E+00  2.0525E-01  0.0000E+00 -1.0000E+00 -2.4183E+00  2.0525E-01 -2.6236E+00  0.0000E+00
  1.0000E+00  9.3000E+02  3.8750E+01  1.7014E-01  1.0000E+02  0.0000E+00  0.0000E+00  0.0000E+00  0.0000E+00  0.0000E+00  2.0323E-01  4.7398E+00  2.9427E+00  4.7115E-01  1.4383E+02  1.0000E+00  2.0323E-01  0.0000E+00 -1.0000E+00  1.7014E-01  2.0323E-01 -3.3092E-02  0.0000E+00
  1.0000E+00  9.3100E+02  3.8792E+01  9.9761E-01  1.0000E+02  0.0000E+00  0.0000E+00  0.0000E+00  0.0000E+00  0.0000E+00  2.0138E-01  4.6959E+00  2.9152E+00  4.6674E-01  1.4403E+02  1.0000E+00  2.0138E-01  0.0000E+00 -1.0000E+00  9.9761E-01  2.0138E-01  7.9623E-01  0.0000E+00
  1.0000E+00  9.3200E+02  3.8833E+01  1.0394E+00  1.0000E+02  0.0000E+00  0.0000E+00  0.0000E+00  0.0000E+00  0.0000E+00  1.9968E-01  4.6556E+00  2.8899E+00  4.6269E-01  1.4423E+02  1.0000E+00  1.9968E-01  0.0000E+00 -1.0000E+00  1.0394E+00  1.9968E-01  8.3972E-01  0.0000E+00
  1.0000E+00  9.3300E+02  3.8875E+01 -4.4120E-01  1.0000E+02  0.0000E+00  0.0000E+00  0.0000E+00  0.0000E+00  0.0000E+00  1.9811E-01  4.6183E+00  2.8666E+00  4.5894E-01  1.4443E+02  1.0000E+00  1.9811E-01  0.0000E+00 -1.0000E+00 -4.4120E-01  1.9811E-01 -6.3930E-01  0.0000E+00
  1.0000E+00  9.3400E+02  3.8917E+01 -9.3032E-02  1.0000E+02  0.0000E+00  0.0000E+00  0.0000E+00  0.0000E+00  0.0000E+00  1.9664E-01  4.5836E+00  2.8449E+00  4.5547E-01  1.4463E+02  1.0000E+00  1.9664E-01  0.0000E+00 -1.0000E+00 -9.3032E-02  1.9664E-01 -2.8968E-01  0.0000E+00
  1.0000E+00  9.3500E+02  3.8958E+01 -6.6020E-02  1.0000E+02  0.0000E+00  0.0000E+00  0.0000E+00  0.0000E+00  0.0000E+00  1.9528E-01  4.5513E+00  2.8247E+00  4.5223E-01  1.4482E+02  1.0000E+00  1.9528E-01  0.0000E+00 -1.0000E+00 -6.6020E-02  1.9528E-01 -2.6129E-01  0.0000E+00
  1.0000E+00  9.3600E+02  3.9000E+01 -1.4822E+00  1.0000E+02  0.0000E+00  0.0000E+00  0.0000E+00  0.0000E+00  0.0000E+00  1.9399E-01  4.5210E+00  2.8057E+00  4.4919E-01  1.4502E+02  1.0000E+00  1.9399E-01  0.0000E+00 -1.0000E+00 -1.4822E+00  1.9399E-01 -1.6761E+00  0.0000E+00
  1.0000E+00  9.3700E+02  3.9042E+01  1.2641E+00  1.0000E+02  0.0000E+00  0.0000E+00  0.0000E+00  0.0000E+00  0.0000E+00  2.4698E-01  5.5309E+00  3.3565E+00  5.3591E-01  1.4524E+02  1.0000E+00  2.4698E-01  0.0000E+00 -1.0000E+00  1.2641E+00  2.4698E-01  1.0171E+00  0.0000E+00
  1.0000E+00  9.3800E+02  3.9083E+01 -1.3441E+00  1.0000E+02  0.0000E+00  0.0000E+00  0.0000E+00  0.0000E+00  0.0000E+00  2.6705E-01  6.1368E+00  3.7680E+00  6.0232E-01  1.4550E+02  1.0000E+00  2.6705E-01  0.0000E+00 -1.0000E+00 -1.3441E+00  2.6705E-01 -1.6111E+00  0.0000E+00
  1.0000E+00  9.3900E+02  3.9125E+01 -9.1777E-01  1.0000E+02  0.0000E+00  0.0000E+00  0.0000E+00  0.0000E+00  0.0000E+00  2.7115E-01  6.3020E+00  3.8986E+00  6.2383E-01  1.4577E+02  1.0000E+00  2.7115E-01  0.0000E+00 -1.0000E+00 -9.1777E-01  2.7115E-01 -1.1889E+00  0.0000E+00
  1.0000E+00  9.4000E+02  3.9167E+01 -9.7697E-01  1.0000E+02  0.0000E+00  0.0000E+00  0.0000E+00  0.0000E+00  0.0000E+00  2.6793E-01  6.2582E+00  3.8852E+00  6.2200E-01  1.4604E+02  1.0000E+00  2.6793E-01  0.0000E+00 -1.0000E+00 -9.7697E-01  2.6793E-01 -1.2449E+00  0.0000E+00
  1.0000E+00  9.4100E+02  3.9208E+01 -1.8820E-01  1.0000E+02  0.0000E+00  0.0000E+00  0.0000E+00  0.0000E+00  0.0000E+00  2.6172E-01  6.1258E+00  3.8088E+00  6.0992E-01  1.4631E+02  1.0000E+00  2.6172E-01  0.0000E+00 -1.0000E+00 -1.8820E-01  2.6172E-01 -4.4992E-01  0.0000E+00
  1.0000E+00  9.4200E+02  3.9250E+01 -5.3090E-02  1.0000E+02  0.0000E+00  0.0000E+00  0.0000E+00  0.0000E+00  0.0000E+00  2.5465E-01  5.9640E+00  3.7102E+00  5.9419E-01  1.4656E+02  1.0000E+00  2.5465E-01  0.0000E+00 -1.0000E+00 -5.3090E-02  2.5465E-01 -3.0774E-01  0.0000E+00
  1.0000E+00  9.4300E+02  3.9292E+01  9.4902E-01  1.0000E+02  0.0000E+00  0.0000E+00  0.0000E+00  0.0000E+00  0.0000E+00  2.4769E-01  5.8007E+00  3.6089E+00  5.7798E-01  1.4682E+02  1.0000E+00  2.4769E-01  0.0000E+00 -1.0000E+00  9.4902E-01  2.4769E-01  7.0132E-01  0.0000E+00
  1.0000E+00  9.4400E+02  3.9333E+01 -5.0957E-01  1.0000E+02  0.0000E+00  0.0000E+00  0.0000E+00  0.0000E+00  0.0000E+00  2.4127E-01  5.6480E+00  3.5134E+00  5.6267E-01  1.4706E+02  1.0000E+00  2.4127E-01  0.0000E+00 -1.0000E+00 -5.0957E-01  2.4127E-01 -7.5084E-01  0.0000E+00
  1.0000E+00  9.4500E+02  3.9375E+01  4.0018E-01  1.0000E+02  0.0000E+00  0.0000E+00  0.0000E+00  0.0000E+00  0.0000E+00  2.3551E-01  5.5104E+00  3.4270E+00  5.4881E-01  1.4730E+02  1.0000E+00  2.3551E-01  0.0000E+00 -1.0000E+00  4.0018E-01  2.3551E-01  1.6466E-01  0.0000E+00
  1.0000E+00  9.4600E+02  3.9417E+01 -4.0827E-01  1.0000E+02  0.0000E+00  0.0000E+00  0.0000E+00  0.0000E+00  0.0000E+00  2.3042E-01  5.3884E+00  3.3502E+00  5.3649E-01  1.4753E+02  1.0000E+00  2.3042E-01  0.0000E+00 -1.0000E+00 -4.0827E-01  2.3042E-01 -6.3869E-01  0.0000E+00
  1.0000E+00  9.4700E+02  3.9458E+01  1.2913E+00  1.0000E+02  0.0000E+00  0.0000E+00  0.0000E+00  0.0000E+00  0.0000E+00  2.2594E-01  5.2810E+00  3.2825E+00  5.2564E-01  1.4776E+02  1.0000E+00  2.2594E-01  0.0000E+00 -1.0000E+00  1.2913E+00  2.2594E-01  1.0654E+00  0.0000E+00
  1.0000E+00  9.4800E+02  3.9500E+01  1.5033E-01  1.0000E+02  0.0000E+00  0.0000E+00  0.0000E+00  0.0000E+00  0.0000E+00  2.2200E-01  5.1865E+00  3.2230E+00  5.1609E-01  1.4798E+02  1.0000E+00  2.2200E-01  0.0000E+00 -1.0000E+00  1.5033E-01  2.2200E-01 -7.1671E-02  0.0000E+00
  1.0000E+00  9.4900E+02  3.9542E+01  1.4398E+00  1.0000E+02  0.0000E+00  0.0000E+00  0.0000E+00  0.0000E+00  0.0000E+00  2.1853E-01  5.1032E+00  3.1706E+00  5.0768E-01  1.4820E+02  1.0000E+00  2.1853E-01  0.0000E+00 -1.0000E+00  1.4398E+00  2.1853E-01  1.2212E+00  0.0000E+00
  1.0000E+00  9.5000E+02  3.9583E+01  6.4827E-01  1.0000E+02  0.0000E+00  0.0000E+00  0.0000E+00  0.0000E+00  0.0000E+00  2.1545E-01  5.0295E+00  3.1242E+00  5.0024E-01  1.4842E+02  1.0000E+00  2.1545E-01  0.0000E+00 -1.0000E+00  6.4827E-01  2.1545E-01  4.3282E-01  0.0000E+00
  1.0000E+00  9.5100E+02  3.9625E+01 -6.5991E-01  1.0000E+02  0.0000E+00  0.0000E+00  0.0000E+00  0.0000E+00  0.0000E+00  2.1270E-01  4.9639E+00  3.0829E+00  4.9362E-01  1.4864E+02  1.0000E+00  2.1270E-01  0.0000E+00 -1.0000E+00 -6.5991E-01  2.1270E-01 -8.7261E-01  0.0000E+00
  1.0000E+00  9.5200E+02  3.9667E+01  5.0481E-02  1.0000E+02  0.0000E+00  0.0000E+00  0.0000E+00  0.0000E+00  0.0000E+00  2.1024E-01  4.9051E+00  3.0459E+00  4.8769E-01  1.4885E+02  1.0000E+00  2.1024E-01  0.0000E+00 -1.0000E+00  5.0481E-02  2.1024E-01 -1.5975E-01  0.0000E+00
  1.0000E+00  9.5300E+02  3.9708E+01  6.4203E-01  1.0000E+02  0.0000E+00  0.0000E+00  0.0000E+00  0.0000E+00  0.0000E+00  2.0801E-01  4.8521E+00  3.0126E+00  4.8235E-01  1.4906E+02  1.0000E+00  2.0801E-01  0.0000E+00 -1.0000E+00  6.4203E-01  2.0801E-01  4.3402E-01  0.0000E+00
  1.0000E+00  9.5400E+02  3.9750E+01  3.5420E-01  1.0000E+02  0.0000E+00  0.0000E+00  0.0000E+00  0.0000E+00  0.0000E+00  2.0599E-01  4.8039E+00  2.9825E+00  4.7751E-01  1.4926E+02  1.0000E+00  2.0599E-01  0.0000E+00 -1.0000E+00  3.5420E-01  2.0599E-01  1.4822E-01  0.0000E+00
  1.0000E+00  9.5500E+02  3.9792E+01  4.4772E-01  1.0000E+02  0.0000E+00  0.0000E+00  0.0000E+00  0.0000E+00  0.0000E+00  2.0414E-01  4.7600E+00  2.9549E+00  4.7310E-01  1.4947E+02  1.0000E+00  2.0414E-01  0.0000E+00 -1.0000E+00  4.4772E-01  2.0414E-01  2.4359E-01  0.0000E+00
  1.0000E+00  9.5600E+02  3.9833E+01  1.3898E+00  1.0000E+02  0.0000E+00  0.0000E+00  0.0000E+00  0.0000E+00  0.0000E+00  2.0243E-01  4.7196E+00  2.9296E+00  4.6904E-01  1.4967E+02  1.0000E+00  2.0243E-01  0.0000E+00 -1.0000E+00  1.3898E+00  2.0243E-01  1.1874E+00  0.0000E+00
  1.0000E+00  9.5700E+02  3.9875E+01  7.2540E-01  1.0000E+02  0.0000E+00  0.0000E+00  0.0000E+00  0.0000E+00  0.0000E+00  2.0086E-01  4.6822E+00  2.9062E+00  4.6529E-01  1.4987E+02  1.0000E+00  2.0086E-01  0.0000E+00 -1.0000E+00  7.2540E-01  2.0086E-01  5.2455E-01  0.0000E+00
  1.0000E+00  9.5800E+02  3.9917E+01  1.8354E+00  1.0000E+02  0.0000E+00  0.0000E+00  0.0000E+00  0.0000E+00  0.0000E+00  1.9939E-01  4.6475E+00  2.8845E+00  4.6181E-01  1.5007E+02  1.0000E+00  1.9939E-01  0.0000E+00 -1.0000E+00  1.8354E+00  1.9939E-01  1.6360E+00  0.0000E+00
  1.0000E+00  9.5900E+02  3.9958E+01  4.2723E-01  1.0000E+02  0.0000E+00  0.0000E+00  0.0000E+00  0.0000E+00  0.0000E+00  1.9802E-01  4.6151E+00  2.8642E+00  4.5857E-01  1.5027E+02  1.0000E+00  1.9802E-01  0.0000E+00 -1.0000E+00  4.2723E-01  1.9802E-01  2.2921E-01  0.0000E+00
  1.0000E+00  9.6000E+02  4.0000E+01  5.6174E-02  1.0000E+02  0.0000E+00  0.0000E+00  0.0000E+00  0.0000E+00  0.0000E+00  1.9673E-01  4.5847E+00  2.8453E+00  4.5552E-01  1.5047E+02  1.0000E+00  1.9673E-01  0.0000E+00 -1.0000E+00  5.6174E-02  1.9673E-01 -1.4056E-01  0.0000E+00
  1.0000E+00  9.6100E+02  4.0042E+01  4.1715E-02  1.0000E+02  0.0000E+00  0.0000E+00  0.0000E+00  0.0000E+00  0.0000E+00  2.4972E-01  5.5946E+00  3.3960E+00  5.4223E-01  1.5070E+02  1.0000E+00  2.4972E-01  0.0000E+00 -1.0000E+00  4.1715E-02  2.4972E-01 -2.0800E-01  0.0000E+00
  1.0000E+00  9.6200E+02  4.0083E+01 -1.5401E+00  1.0000E+02  0.0000E+00  0.0000E+00  0.0000E+00  0.0000E+00  0.0000E+00  2.6979E-01  6.2005E+00  3.8075E+00  6.0864E-01  1.5096E+02  1.0000E+00  2.6979E-01  0.0000E+00 -1.0000E+00 -1.5401E+00  2.6979E-01 -1.8099E+00  0.0000E+00
  1.0000E+00  9.6300E+02  4.0125E+01  1.2387E+00  1.0000E+02  0.0000E+00  0.0000E+00  0.0000E+00  0.0000E+00  0.0000E+00  2.7388E-01  6.3656E+00  3.9380E+00  6.3015E-01  1.5123E+02  1.0000E+00  2.7388E-01  0.0000E+00 -1.0000E+00  1.2387E+00  2.7388E-01  9.6485E-01  0.0000E+00
  1.0000E+00  9.6400E+02  4.0167E+01 -1.1569E-01  1.0000E+02  0.0000E+00  0.0000E+00  0.0000E+00  0.0000E+00  0.0000E+00  2.7066E-01  6.3218E+00  3.9246E+00  6.2832E-01  1.5150E+02  1.0000E+00  2.7066E-01  0.0000E+00 -1.0000E+00 -1.1569E-01  2.7066E-01 -3.8634E-01  0.0000E+00
  1.0000E+00  9.6500E+02  4.0208E+01  1.2355E+00  1.0000E+02  0.0000E+00  0.0000E+00  0.0000E+00  0.0000E+00  0.0000E+00  2.6445E-01  6.1893E+00  3.8482E+00  6.1623E-01  1.5177E+02  1.0000E+00  2.6445E-01  0.0000E+00 -1.0000E+00  1.2355E+00  2.6445E-01  9.7107E-01  0.0000E+00
  1.0000E+00  9.6600E+02  4.0250E+01 -2.7243E-01  1.0000E+02  0.0000E+00  0.0000E+00  0.0000E+00  0.0000E+00  0.0000E+00  2.5737E-01  6.0274E+00  3.7496E+00  6.0049E-01  1.5203E+02  1.0000E+00  2.5737E-01  0.0000E+00 -1.0000E+00 -2.7243E-01  2.5737E-01 -5.2980E-01  0.0000E+00
  1.0000E+00  9.6700E+02  4.0292E+01 -3.3633E-01  1.0000E+02  0.0000E+00  0.0000E+00  0.0000E+00  0.0000E+00  0.0000E+00  2.5042E-01  5.8641E+00  3.6483E+00  5.8427E-01  1.5229E+02  1.0000E+00  2.5042E-01  0.0000E+00 -1.0000E+00 -3.3633E-01  2.5042E-01 -5.8675E-01  0.0000E+00
  1.0000E+00  9.6800E+02  4.0333E+01  7.6958E-01  1.0000E+02  0.0000E+00  0.0000E+00  0.0000E+00  0.0000E+00  0.0000E+00  2.4399E-01  5.7114E+00  3.5527E+00  5.6896E-01  1.5253E+02  1.0000E+00  2.4399E-01  0.0000E+00 -1.0000E+00  7.6958E-01  2.4399E-01  5.2559E-01  0.0000E+00
  1.0000E+00  9.6900E+02  4.0375E+01 -1.5033E+00  1.0000E+02  0.0000E+00  0.0000E+00  0.0000E+00  0.0000E+00  0.0000E+00  2.3823E-01  5.5737E+00  3.4662E+00  5.5509E-01  1.5277E+02  1.0000E+00  2.3823E-01  0.0000E+00 -1.0000E+00 -1.5033E+00  2.3823E-01 -1.7416E+00  0.0000E+00
  1.0000E+00  9.7000E+02  4.0417E+01  5.1421E-01  1.0000E+02  0.0000E+00  0.0000E+00  0.0000E+00  0.0000E+00  0.0000E+00  2.3314E-01  5.4516E+00  3.3894E+00  5.4277E-01  1.5301E+02  1.0000E+00  2.3314E-01  0.0000E+00 -1.0000E+00  5.1421E-01  2.3314E-01  2.8107E-01  0.0000E+00
  1.0000E+00  9.7100E+02  4.0458E+01  1.7328E+00  1.0000E+02  0.0000E+00  0.0000E+00  0.0000E+00  0.0000E+00  0.0000E+00  2.2866E-01  5.3442E+00  3.3217E+00  5.3191E-01  1.5324E+02  1.0000E+00  2.2866E-01  0.0000E+00 -1.0000E+00  1.7328E+00  2.2866E-01  1.5042E+00  0.0000E+00
  1.0000E+00  9.7200E+02  4.0500E+01 -3.9385E-01  1.0000E+02  0.0000E+00  0.0000E+00  0.0000E+00  0.0000E+00  0.0000E+00  2.2471E-01  5.2496E+00  3.2622E+00  5.2236E-01  1.5347E+02  1.0000E+00  2.2471E-01  0.0000E+00 -1.0000E+00 -3.9385E-01  2.2471E-01 -6.1856E-01  0.0000E+00
  1.0000E+00  9.7300E+02  4.0542E+01  1.4111E+00  1.0000E+02  0.0000E+00  0.0000E+00  0.0000E+00  0.0000E+00  0.0000E+00  2.2124E-01  5.1663E+00  3.2097E+00  5.1394E-01  1.5369E+02  1.0000E+00  2.2124E-01  0.0000E+00 -1.0000E+00  1.4111E+00  2.2124E-01  1.1899E+00  0.0000E+00
  1.0000E+00  9.7400E+02  4.0583E+01  9.2739E-01  1.0000E+02  0.0000E+00  0.0000E+00  0.0000E+00  0.0000E+00  0.0000E+00  2.1815E-01  5.0925E+00  3.1633E+00  5.0650E-01  1.5391E+02  1.0000E+00  2.1815E-01  0.0000E+00 -1.0000E+00  9.2739E-01  2.1815E-01  7.0923E-01  0.0000E+00
  1.0000E+00  9.7500E+02  4.0625E+01  3.2015E-01  1.0000E+02  0.0000E+00  0.0000E+00  0.0000E+00  0.0000E+00  0.0000E+00  2.1541E-01  5.0268E+00  3.1219E+00  4.9987E-01  1.5413E+02  1.0000E+00  2.1541E-01  0.0000E+00 -1.0000E+00  3.2015E-01  2.1541E-01  1.0475E-01  0.0000E+00
  1.0000E+00  9.7600E+02  4.0667E+01  5.6056E-01  1.0000E+02  0.0000E+00  0.0000E+00  0.0000E+00  0.0000E+00  0.0000E+00  2.1294E-01  4.9680E+00  3.0850E+00  4.9394E-01  1.5434E+02  1.0000E+00  2.1294E-01  0.0000E+00 -1.0000E+00  5.6056E-01  2.1294E-01  3.4762E-01  0.0000E+00
  1.0000E+00  9.7700E+02  4.0708E+01 -2.4875E-01  1.0000E+02  0.0000E+00  0.0000E+00  0.0000E+00  0.0000E+00  0.0000E+00  2.1071E-01  4.9149E+00  3.0516E+00  4.8860E-01  1.5455E+02  1.0000E+00  2.1071E-01  0.0000E+00 -1.0000E+00 -2.4875E-01  2.1071E-01 -4.5946E-01  0.0000E+00
  1.0000E+00  9.7800E+02  4.0750E+01  1.4925E-01  1.0000E+02  0.0000E+00  0.0000E+00  0.0000E+00  0.0000E+00  0.0000E+00  2.0869E-01  4.8667E+00  3.0214E+00  4.8375E-01  1.5476E+02  1.0000E+00  2.0869E-01  0.0000E+00 -1.0000E+00  1.4925E-01  2.0869E-01 -5.9437E-02  0.0000E+00
  1.0000E+00  9.7900E+02  4.0792E+01  9.7569E-01  1.0000E+02  0.0000E+00  0.0000E+00  0.0000E+00  0.0000E+00  0.0000E+00  2.0683E-01  4.8227E+00  2.9938E+00  4.7933E-01  1.5497E+02  1.0000E+00  2.0683E-01  0.0000E+00 -1.0000E+00  9.7569E-01  2.0683E-01  7.6885E-01  0.0000E+00
  1.0000E+00  9.8000E+02  4.0833E+01  2.0914E+00  1.0000E+02  0.0000E+00  0.0000E+00  0.0000E+00  0.0000E+00  0.0000E+00  2.0513E-01  4.7823E+00  2.9685E+00  4.7526E-01  1.5518E+02  1.0000E+00  2.0513E-01  0.0000E+00 -1.0000E+00  2.0914E+00  2.0513E-01  1.8863E+00  0.0000E+00
  1.0000E+00  9.8100E+02  4.0875E+01  5.7587E-01  1.0000E+02  0.0000E+00  0.0000E+00  0.0000E+00  0.0000E+00  0.0000E+00  2.0355E-01  4.7449E+00  2.9451E+00  4.7151E-01  1.5538E+02  1.0000E+00  2.0355E-01  0.0000E+00 -1.0000E+00  5.7587E-01  2.0355E-01  3.7232E-01  0.0000E+00
  1.0000E+00  9.8200E+02  4.0917E+01 -1.2900E+00  1.0000E+02  0.0000E+00  0.0000E+00  0.0000E+00  0.0000E+00  0.0000E+00  2.0208E-01  4.7101E+00  2.9233E+00  4.6803E-01  1.5558E+02  1.0000E+00  2.0208E-01  0.0000E+00 -1.0000E+00 -1.2900E+00  2.0208E-01 -1.4921E+00  0.0000E+00
  1.0000E+00  9.8300E+02  4.0958E+01  1.4962E+00  1.0000E+02  0.0000E+00  0.0000E+00  0.0000E+00  0.0000E+00  0.0000E+00  2.0071E-01  4.6777E+00  2.9030E+00  4.6478E-01  1.5578E+02  1.0000E+00  2.0071E-01  0.0000E+00 -1.0000E+00  1.4962E+00  2.0071E-01  1.2955E+00  0.0000E+00
  1.0000E+00  9.8400E+02  4.1000E+01 -2.2930E-01  1.0000E+02  0.0000E+00  0.0000E+00  0.0000E+00  0.0000E+00  0.0000E+00  1.9942E-01  4.6472E+00  2.8840E+00  4.6173E-01  1.5598E+02  1.0000E+00  1.9942E-01  0.0000E+00 -1.0000E+00 -2.2930E-01  1.9942E-01 -4.2872E-01  0.0000E+00
  1.0000E+00  9.8500E+02  4.1042E+01  5.8953E-01  1.0000E+02  0.0000E+00  0.0000E+00  0.0000E+00  0.0000E+00  0.0000E+00  2.5240E-01  5.6571E+00  3.4348E+00  5.4843E-01  1.5621E+02  1.0000E+00  2.5240E-01  0.0000E+00 -1.0000E+00  5.8953E-01  2.5240E-01  3.3713E-01  0.0000E+00
  1.0000E+00  9.8600E+02  4.1083E+01  1.2055E+00  1.0000E+02  0.0000E+00  0.0000E+00  0.0000E+00  0.0000E+00  0.0000E+00  2.7247E-01  6.2629E+00  3.8462E+00  6.1484E-01  1.5648E+02  1.0000E+00  2.7247E-01  0.0000E+00 -1.0000E+00  1.2055E+00  2.7247E-01  9.3300E-01  0.0000E+00
  1.0000E+00  9.8700E+02  4.1125E+01  2.7688E-01  1.0000E+02  0.0000E+00  0.0000E+00  0.0000E+00  0.0000E+00  0.0000E+00  2.7656E-01  6.4279E+00  3.9767E+00  6.3634E-01  1.5675E+02  1.0000E+00  2.7656E-01  0.0000E+00 -1.0000E+00  2.7688E-01  2.7656E-01  3.1398E-04  0.0000E+00
  1.0000E+00  9.8800E+02  4.1167E+01  1.4510E+00  1.0000E+02  0.0000E+00  0.0000E+00  0.0000E+00  0.0000E+00  0.0000E+00  2.7334E-01  6.3841E+00  3.9632E+00  6.3450E-01  1.5703E+02  1.0000E+00  2.7334E-01  0.0000E+00 -1.0000E+00  1.4510E+00  2.7334E-01  1.1777E+00  0.0000E+00
  1.0000E+00  9.8900E+02  4.1208E+01  8.2641E-01  1.0000E+02  0.0000E+00  0.0000E+00  0.0000E+00  0.0000E+00  0.0000E+00  2.6712E-01  6.2516E+00  3.8868E+00  6.2240E-01  1.5730E+02  1.0000E+00  2.6712E-01  0.0000E+00 -1.0000E+00  8.2641E-01  2.6712E-01  5.5928E-01  0.0000E+00
  1.0000E+00  9.9000E+02  4.1250E+01 -3.4266E-01  1.0000E+02  0.0000E+00  0.0000E+00  0.0000E+00  0.0000E+00  0.0000E+00  2.6005E-01  6.0896E+00  3.7882E+00  6.0666E-01  1.5756E+02  1.0000E+00  2.6005E-01  0.0000E+00 -1.0000E+00 -3.4266E-01  2.6005E-01 -6.0270E-01  0.0000E+00
  1.0000E+00  9.9100E+02  4.1292E+01  3.0036E-01  1.0000E+02  0.0000E+00  0.0000E+00  0.0000E+00  0.0000E+00  0.0000E+00  2.5309E-01  5.9262E+00  3.6868E+00  5.9044E-01  1.5782E+02  1.0000E+00  2.5309E-01  0.0000E+00 -1.0000E+00  3.0036E-01  2.5309E-01  4.7272E-02  0.0000E+00
  1.0000E+00  9.9200E+02  4.1333E+01 -8.7084E-01  1.0000E+02  0.0000E+00  0.0000E+00  0.0000E+00  0.0000E+00  0.0000E+00  2.4666E-01  5.7735E+00  3.5912E+00  5.7513E-01  1.5807E+02  1.0000E+00  2.4666E-01  0.0000E+00 -1.0000E+00 -8.7084E-01  2.4666E-01 -1.1175E+00  0.0000E+00
  1.0000E+00  9.9300E+02  4.1375E+01 -8.6075E-01  1.0000E+02  0.0000E+00  0.0000E+00  0.0000E+00  0.0000E+00  0.0000E+00  2.4090E-01  5.6357E+00  3.5047E+00  5.6125E-01  1.5831E+02  1.0000E+00  2.4090E-01  0.0000E+00 -1.0000E+00 -8.6075E-01  2.4090E-01 -1.1016E+00  0.0000E+00
  1.0000E+00  9.9400E+02  4.1417E+01 -5.0426E-01  1.0000E+02  0.0000E+00  0.0000E+00  0.0000E+00  0.0000E+00  0.0000E+00  2.3580E-01  5.5136E+00  3.4278E+00  5.4892E-01  1.5855E+02  1.0000E+00  2.3580E-01  0.0000E+00 -1.0000E+00 -5.0426E-01  2.3580E-01 -7.4007E-01  0.0000E+00
  1.0000E+00  9.9500E+02  4.1458E+01  1.2883E-01  1.0000E+02  0.0000E+00  0.0000E+00  0.0000E+00  0.0000E+00  0.0000E+00  2.3132E-01  5.4061E+00  3.3601E+00  5.3806E-01  1.5878E+02  1.0000E+00  2.3132E-01  0.0000E+00 -1.0000E+00  1.2883E-01  2.3132E-01 -1.0249E-01  0.0000E+00
  1.0000E+00  9.9600E+02  4.1500E+01 -1.0708E-01  1.0000E+02  0.0000E+00  0.0000E+00  0.0000E+00  0.0000E+00  0.0000E+00  2.2737E-01  5.3115E+00  3.3005E+00  5.2850E-01  1.5901E+02  1.0000E+00  2.2737E-01  0.0000E+00 -1.0000E+00 -1.0708E-01  2.2737E-01 -3.3445E-01  0.0000E+00
  1.0000E+00  9.9700E+02  4.1542E+01 -9.0873E-02  1.0000E+02  0.0000E+00  0.0000E+00  0.0000E+00  0.0000E+00  0.0000E+00  2.2389E-01  5.2281E+00  3.2480E+00  5.2008E-01  1.5924E+02  1.0000E+00  2.2389E-01  0.0000E+00 -1.0000E+00 -9.0873E-02  2.2389E-01 -3.1477E-01  0.0000E+00
  1.0000E+00  9.9800E+02  4.1583E+01  6.0199E-01  1.0000E+02  0.0000E+00  0.0000E+00  0.0000E+00  0.0000E+00  0.0000E+00  2.2081E-01  5.1543E+00  3.2016E+00  5.1263E-01  1.5946E+02  1.0000E+00  2.2081E-01  0.0000E+00 -1.0000E+00  6.0199E-01  2.2081E-01  3.8118E-01  0.0000E+00
  1.0000E+00  9.9900E+02  4.1625E+01 -6.6434E-01  1.0000E+02  0.0000E+00  0.0000E+00  0.0000E+00  0.0000E+00  0.0000E+00  2.1806E-01  5.0886E+00  3.1602E+00  5.0600E-01  1.5968E+02  1.0000E+00  2.1806E-01  0.0000E+00 -1.0000E+00 -6.6434E-01  2.1806E-01 -8.8240E-01  0.0000E+00
  1.0000E+00  1.0000E+03  4.1667E+01  6.1004E-01  1.0000E+02  0.0000E+00  0.0000E+00  0.0000E+00  0.0000E+00  0.0000E+00  2.1559E-01  5.0297E+00  3.1232E+00  5.0006E-01  1.5990E+02  1.0000E+00  2.1559E-01  0.0000E+00 -1.0000E+00  6.1004E-01  2.1559E-01  3.9445E-01  0.0000E+00
  1.0000E+00  1.0010E+03  4.1708E+01  7.5807E-01  1.0000E+02  0.0000E+00  0.0000E+00  0.0000E+00  0.0000E+00  0.0000E+00  2.1336E-01  4.9765E+00  3.0898E+00  4.9471E-01  1.6011E+02  1.0000E+00  2.1336E-01  0.0000E+00 -1.0000E+00  7.5807E-01  2.1336E-01  5.4471E-01  0.0000E+00
  1.0000E+00  1.0020E+03  4.1750E+01 -3.9546E-01  1.0000E+02  0.0000E+00  0.0000E+00  0.0000E+00  0.0000E+00  0.0000E+00  2.1133E-01  4.9283E+00  3.0596E+00  4.8986E-01  1.6032E+02  1.0000E+00  2.1133E-01  0.0000E+00 -1.0000E+00 -3.9546E-01  2.1133E-01 -6.0679E-01  0.0000E+00
  1.0000E+00  1.0030E+03  4.1792E+01 -1.5568E-01  1.0000E+02  0.0000E+00  0.0000E+00  0.0000E+00  0.0000E+00  0.0000E+00  2.0947E-01  4.8842E+00  3.0320E+00  4.8543E-01  1.6053E+02  1.0000E+00  2.0947E-01  0.0000E+00 -1.0000E+00 -1.5568E-01  2.0947E-01 -3.6515E-01  0.0000E+00
  1.0000E+00  1.0040E+03  4.1833E+01  9.8524E-01  1.0000E+02  0.0000E+00  0.0000E+00  0.0000E+00  0.0000E+00  0.0000E+00  2.0777E-01  4.8437E+00  3.0066E+00  4.8137E-01  1.6074E+02  1.0000E+00  2.0777E-01  0.0000E+00 -1.0000E+00  9.8524E-01  2.0777E-01  7.7748E-01  0.0000E+00
  1.0000E+00  1.0050E+03  4.1875E+01  2.2713E-01  1.0000E+02  0.0000E+00  0.0000E+00  0.0000E+00  0.0000E+00  0.0000E+00  2.0619E-01  4.8063E+00  2.9831E+00  4.7761E-01  1.6095E+02  1.0000E+00  2.0619E-01  0.0000E+00 -1.0000E+00  2.2713E-01  2.0619E-01  2.0945E-02  0.0000E+00
  1.0000E+00  1.0060E+03  4.1917E+01 -9.9361E-01  1.0000E+02  0.0000E+00  0.0000E+00  0.0000E+00  0.0000E+00  0.0000E+00  2.0471E-01  4.7715E+00  2.9614E+00  4.7412E-01  1.6116E+02  1.0000E+00  2.0471E-01  0.0000E+00 -1.0000E+00 -9.9361E-01  2.0471E-01 -1.1983E+00  0.0000E+00
  1.0000E+00  1.0070E+03  4.1958E+01  1.9808E-01  1.0000E+02  0.0000E+00  0.0000E+00  0.0000E+00  0.0000E+00  0.0000E+00  2.0334E-01  4.7390E+00  2.9411E+00  4.7086E-01  1.6136E+02  1.0000E+00  2.0334E-01  0.0000E+00 -1.0000E+00  1.9808E-01  2.0334E-01 -5.2573E-03  0.0000E+00
  1.0000E+00  1.0080E+03  4.2000E+01  9.5849E-01  1.0000E+02  0.0000E+00  0.0000E+00  0.0000E+00  0.0000E+00  0.0000E+00  2.0205E-01  4.7085E+00  2.9220E+00  4.6781E-01  1.6156E+02  1.0000E+00  2.0205E-01  0.0000E+00 -1.0000E+00  9.5849E-01  2.0205E-01  7.5644E-01  0.0000E+00
  1.0000E+00  1.0090E+03  4.2042E+01  1.3985E+00  1.0000E+02  0.0000E+00  0.0000E+00  0.0000E+00  0.0000E+00  0.0000E+00  2.5503E-01  5.7183E+00  3.4727E+00  5.5451E-01  1.6180E+02  1.0000E+00  2.5503E-01  0.0000E+00 -1.0000E+00  1.3985E+00  2.5503E-01  1.1435E+00  0.0000E+00
  1.0000E+00  1.0100E+03  4.2083E+01  9.6682E-01  1.0000E+02  0.0000E+00  0.0000E+00  0.0000E+00  0.0000E+00  0.0000E+00  2.7509E-01  6.3240E+00  3.8841E+00  6.2091E-01  1.6206E+02  1.0000E+00  2.7509E-01  0.0000E+00 -1.0000E+00  9.6682E-01  2.7509E-01  6.9172E-01  0.0000E+00
  1.0000E+00  1.0110E+03  4.2125E+01  4.6856E-01  1.0000E+02  0.0000E+00  0.0000E+00  0.0000E+00  0.0000E+00  0.0000E+00  2.7919E-01  6.4890E+00  4.0146E+00  6.4240E-01  1.6234E+02  1.0000E+00  2.7919E-01  0.0000E+00 -1.0000E+00  4.6856E-01  2.7919E-01  1.8937E-01  0.0000E+00
  1.0000E+00  1.0120E+03  4.2167E+01  1.4439E+00  1.0000E+02  0.0000E+00  0.0000E+00  0.0000E+00  0.0000E+00  0.0000E+00  2.7596E-01  6.4451E+00  4.0011E+00  6.4056E-01  1.6262E+02  1.0000E+00  2.7596E-01  0.0000E+00 -1.0000E+00  1.4439E+00  2.7596E-01  1.1680E+00  0.0000E+00
  1.0000E+00  1.0130E+03  4.2208E+01  4.6391E-01  1.0000E+02  0.0000E+00  0.0000E+00  0.0000E+00  0.0000E+00  0.0000E+00  2.6974E-01  6.3126E+00  3.9246E+00  6.2846E-01  1.6289E+02  1.0000E+00  2.6974E-01  0.0000E+00 -1.0000E+00  4.6391E-01  2.6974E-01  1.9416E-01  0.0000E+00
  1.0000E+00  1.0140E+03  4.2250E+01  4.2826E-02  1.0000E+02  0.0000E+00  0.0000E+00  0.0000E+00  0.0000E+00  0.0000E+00  2.6266E-01  6.1506E+00  3.8260E+00  6.1271E-01  1.6316E+02  1.0000E+00  2.6266E-01  0.0000E+00 -1.0000E+00  4.2826E-02  2.6266E-01 -2.1984E-01  0.0000E+00
  1.0000E+00  1.0150E+03  4.2292E+01  1.4158E+00  1.0000E+02  0.0000E+00  0.0000E+00  0.0000E+00  0.0000E+00  0.0000E+00  2.5570E-01  5.9871E+00  3.7245E+00  5.9648E-01  1.6342E+02  1.0000E+00  2.5570E-01  0.0000E+00 -1.0000E+00  1.4158E+00  2.5570E-01  1.1601E+00  0.0000E+00
  1.0000E+00  1.0160E+03  4.2333E+01 -7.7918E-01  1.0000E+02  0.0000E+00  0.0000E+00  0.0000E+00  0.0000E+00  0.0000E+00  2.4927E-01  5.8343E+00  3.6290E+00  5.8117E-01  1.6367E+02  1.0000E+00  2.4927E-01  0.0000E+00 -1.0000E+00 -7.7918E-01  2.4927E-01 -1.0285E+00  0.0000E+00
  1.0000E+00  1.0170E+03  4.2375E+01  2.2805E-01  1.0000E+02  0.0000E+00  0.0000E+00  0.0000E+00  0.0000E+00  0.0000E+00  2.4351E-01  5.6965E+00  3.5424E+00  5.6729E-01  1.6392E+02  1.0000E+00  2.4351E-01  0.0000E+00 -1.0000E+00  2.2805E-01  2.4351E-01 -1.5458E-02  0.0000E+00
  1.0000E+00  1.0180E+03  4.2417E+01  5.8561E-01  1.0000E+02  0.0000E+00  0.0000E+00  0.0000E+00  0.0000E+00  0.0000E+00  2.3841E-01  5.5743E+00  3.4655E+00  5.5495E-01  1.6416E+02  1.0000E+00  2.3841E-01  0.0000E+00 -1.0000E+00  5.8561E-01  2.3841E-01  3.4720E-01  0.0000E+00
  1.0000E+00  1.0190E+03  4.2458E+01  3.9662E-01  1.0000E+02  0.0000E+00  0.0000E+00  0.0000E+00  0.0000E+00  0.0000E+00  2.3392E-01  5.4668E+00  3.3977E+00  5.4408E-01  1.6439E+02  1.0000E+00  2.3392E-01  0.0000E+00 -1.0000E+00  3.9662E-01  2.3392E-01  1.6270E-01  0.0000E+00
  1.0000E+00  1.0200E+03  4.2500E+01  1.8119E-01  1.0000E+02  0.0000E+00  0.0000E+00  0.0000E+00  0.0000E+00  0.0000E+00  2.2998E-01  5.3721E+00  3.3381E+00  5.3452E-01  1.6462E+02  1.0000E+00  2.2998E-01  0.0000E+00 -1.0000E+00  1.8119E-01  2.2998E-01 -4.8786E-02  0.0000E+00
  1.0000E+00  1.0210E+03  4.2542E+01  2.7756E+00  1.0000E+02  0.0000E+00  0.0000E+00  0.0000E+00  0.0000E+00  0.0000E+00  2.2650E-01  5.2887E+00  3.2856E+00  5.2609E-01  1.6485E+02  1.0000E+00  2.2650E-01  0.0000E+00 -1.0000E+00  2.7756E+00  2.2650E-01  2.5491E+00  0.0000E+00
  1.0000E+00  1.0220E+03  4.2583E+01  9.8469E-01  1.0000E+02  0.0000E+00  0.0000E+00  0.0000E+00  0.0000E+00  0.0000E+00  2.2341E-01  5.2148E+00  3.2391E+00  5.1864E-01  1.6508E+02  1.0000E+00  2.2341E-01  0.0000E+00 -1.0000E+00  9.8469E-01  2.2341E-01  7.6128E-01  0.0000E+00
  1.0000E+00  1.0230E+03  4.2625E+01  1.2539E+00  1.0000E+02  0.0000E+00  0.0000E+00  0.0000E+00  0.0000E+00  0.0000E+00  2.2065E-01  5.1490E+00  3.1977E+00  5.1200E-01  1.6530E+02  1.0000E+00  2.2065E-01  0.0000E+00 -1.0000E+00  1.2539E+00  2.2065E-01  1.0332E+00  0.0000E+00
  1.0000E+00  1.0240E+03  4.2667E+01 -4.7319E-01  1.0000E+02  0.0000E+00  0.0000E+00  0.0000E+00  0.0000E+00  0.0000E+00  2.1818E-01  5.0901E+00  3.1607E+00  5.0606E-01  1.6552E+02  1.0000E+00  2.1818E-01  0.0000E+00 -1.0000E+00 -4.7319E-01  2.1818E-01 -6.9137E-01  0.0000E+00
  1.0000E+00  1.0250E+03  4.2708E+01 -8.0420E-01  1.0000E+02  0.0000E+00  0.0000E+00  0.0000E+00  0.0000E+00  0.0000E+00  2.1595E-01  5.0369E+00  3.1273E+00  5.0071E-01  1.6574E+02  1.0000E+00  2.1595E-01  0.0000E+00 -1.0000E+00 -8.0420E-01  2.1595E-01 -1.0202E+00  0.0000E+00
  1.0000E+00  1.0260E+03  4.2750E+01  1.7259E+00  1.0000E+02  0.0000E+00  0.0000E+00  0.0000E+00  0.0000E+00  0.0000E+00  2.1392E-01  4.9886E+00  3.0970E+00  4.9585E-01  1.6595E+02  1.0000E+00  2.1392E-01  0.0000E+00 -1.0000E+00  1.7259E+00  2.1392E-01  1.5120E+00  0.0000E+00
  1.0000E+00  1.0270E+03  4.2792E+01  3.4821E-01  1.0000E+02  0.0000E+00  0.0000E+00  0.0000E+00  0.0000E+00  0.0000E+00  2.1206E-01  4.9445E+00  3.0693E+00  4.9142E-01  1.6616E+02  1.0000E+00  2.1206E-01  0.0000E+00 -1.0000E+00  3.4821E-01  2.1206E-01  1.3615E-01  0.0000E+00
  1.0000E+00  1.0280E+03  4.2833E+01 -1.3755E+00  1.0000E+02  0.0000E+00  0.0000E+00  0.0000E+00  0.0000E+00  0.0000E+00  2.1035E-01  4.9040E+00  3.0439E+00  4.8734E-01  1.6637E+02  1.0000E+00  2.1035E-01  0.0000E+00 -1.0000E+00 -1.3755E+00  2.1035E-01 -1.5858E+00  0.0000E+00
  1.0000E+00  1.0290E+03  4.2875E+01 -6.0137E-01  1.0000E+02  0.0000E+00  0.0000E+00  0.0000E+00  0.0000E+00  0.0000E+00  2.0877E-01  4.8665E+00  3.0205E+00  4.8358E-01  1.6658E+02  1.0000E+00  2.0877E-01  0.0000E+00 -1.0000E+00 -6.0137E-01  2.0877E-01 -8.1014E-01  0.0000E+00
  1.0000E+00  1.0300E+03  4.2917E+01  1.2494E+00  1.0000E+02  0.0000E+00  0.0000E+00  0.0000E+00  0.0000E+00  0.0000E+00  2.0730E-01  4.8316E+00  2.9987E+00  4.8009E-01  1.6679E+02  1.0000E+00  2.0730E-01  0.0000E+00 -1.0000E+00  1.2494E+00  2.0730E-01  1.0421E+00  0.0000E+00
  1.0000E+00  1.0310E+03  4.2958E+01 -1.9970E-01  1.0000E+02  0.0000E+00  0.0000E+00  0.0000E+00  0.0000E+00  0.0000E+00  2.0592E-01  4.7990E+00  2.9783E+00  4.7683E-01  1.6700E+02  1.0000E+00  2.0592E-01  0.0000E+00 -1.0000E+00 -1.9970E-01  2.0592E-01 -4.0562E-01  0.0000E+00
  1.0000E+00  1.0320E+03  4.3000E+01 -1.0315E+00  1.0000E+02  0.0000E+00  0.0000E+00  0.0000E+00  0.0000E+00  0.0000E+00  2.0463E-01  4.7685E+00  2.9592E+00  4.7377E-01  1.6720E+02  1.0000E+00  2.0463E-01  0.0000E+00 -1.0000E+00 -1.0315E+00  2.0463E-01 -1.2361E+00  0.0000E+00
  1.0000E+00  1.0330E+03  4.3042E+01  2.5106E-01  1.0000E+02  0.0000E+00  0.0000E+00  0.0000E+00  0.0000E+00  0.0000E+00  2.5761E-01  5.7782E+00  3.5099E+00  5.6046E-01  1.6744E+02  1.0000E+00  2.5761E-01  0.0000E+00 -1.0000E+00  2.5106E-01  2.5761E-01 -6.5440E-03  0.0000E+00
  1.0000E+00  1.0340E+03  4.3083E+01 -6.8339E-01  1.0000E+02  0.0000E+00  0.0000E+00  0.0000E+00  0.0000E+00  0.0000E+00  2.7767E-01  6.3839E+00  3.9212E+00  6.2685E-01  1.6771E+02  1.0000E+00  2.7767E-01  0.0000E+00 -1.0000E+00 -6.8339E-01  2.7767E-01 -9.6106E-01  0.0000E+00
  1.0000E+00  1.0350E+03  4.3125E+01 -3.4506E-02  1.0000E+02  0.0000E+00  0.0000E+00  0.0000E+00  0.0000E+00  0.0000E+00  2.8176E-01  6.5489E+00  4.0517E+00  6.4835E-01  1.6799E+02  1.0000E+00  2.8176E-01  0.0000E+00 -1.0000E+00 -3.4506E-02  2.8176E-01 -3.1627E-01  0.0000E+00
  1.0000E+00  1.0360E+03  4.3167E+01  1.0365E+00  1.0000E+02  0.0000E+00  0.0000E+00  0.0000E+00  0.0000E+00  0.0000E+00  2.7853E-01  6.5049E+00  4.0382E+00  6.4650E-01  1.6827E+02  1.0000E+00  2.7853E-01  0.0000E+00 -1.0000E+00  1.0365E+00  2.7853E-01  7.5802E-01  0.0000E+00
  1.0000E+00  1.0370E+03  4.3208E+01  2.1530E-01  1.0000E+02  0.0000E+00  0.0000E+00  0.0000E+00  0.0000E+00  0.0000E+00  2.7231E-01  6.3723E+00  3.9617E+00  6.3439E-01  1.6855E+02  1.0000E+00  2.7231E-01  0.0000E+00 -1.0000E+00  2.1530E-01  2.7231E-01 -5.7012E-02  0.0000E+00
  1.0000E+00  1.0380E+03  4.3250E+01  1.1151E+00  1.0000E+02  0.0000E+00  0.0000E+00  0.0000E+00  0.0000E+00  0.0000E+00  2.6523E-01  6.2103E+00  3.8630E+00  6.1864E-01  1.6881E+02  1.0000E+00  2.6523E-01  0.0000E+00 -1.0000E+00  1.1151E+00  2.6523E-01  8.4992E-01  0.0000E+00
  1.0000E+00  1.0390E+03  4.3292E+01  8.1753E-01  1.0000E+02  0.0000E+00  0.0000E+00  0.0000E+00  0.0000E+00  0.0000E+00  2.5827E-01  6.0468E+00  3.7615E+00  6.0241E-01  1.6908E+02  1.0000E+00  2.5827E-01  0.0000E+00 -1.0000E+00  8.1753E-01  2.5827E-01  5.5926E-01  0.0000E+00
  1.0000E+00  1.0400E+03  4.3333E+01  4.2167E-02  1.0000E+02  0.0000E+00  0.0000E+00  0.0000E+00  0.0000E+00  0.0000E+00  2.5183E-01  5.8939E+00  3.6659E+00  5.8708E-01  1.6933E+02  1.0000E+00  2.5183E-01  0.0000E+00 -1.0000E+00  4.2167E-02  2.5183E-01 -2.0967E-01  0.0000E+00
  1.0000E+00  1.0410E+03  4.3375E+01 -9.4217E-01  1.0000E+02  0.0000E+00  0.0000E+00  0.0000E+00  0.0000E+00  0.0000E+00  2.4607E-01  5.7561E+00  3.5793E+00  5.7320E-01  1.6958E+02  1.0000E+00  2.4607E-01  0.0000E+00 -1.0000E+00 -9.4217E-01  2.4607E-01 -1.1882E+00  0.0000E+00
  1.0000E+00  1.0420E+03  4.3417E+01  1.6029E+00  1.0000E+02  0.0000E+00  0.0000E+00  0.0000E+00  0.0000E+00  0.0000E+00  2.4097E-01  5.6339E+00  3.5024E+00  5.6086E-01  1.6982E+02  1.0000E+00  2.4097E-01  0.0000E+00 -1.0000E+00  1.6029E+00  2.4097E-01  1.3619E+00  0.0000E+00
  1.0000E+00  1.0430E+03  4.3458E+01 -3.0693E-01  1.0000E+02  0.0000E+00  0.0000E+00  0.0000E+00  0.0000E+00  0.0000E+00  2.3648E-01  5.5262E+00  3.4346E+00  5.4999E-01  1.7006E+02  1.0000E+00  2.3648E-01  0.0000E+00 -1.0000E+00 -3.0693E-01  2.3648E-01 -5.4341E-01  0.0000E+00
  1.0000E+00  1.0440E+03  4.3500E+01  2.9544E+00  1.0000E+02  0.0000E+00  0.0000E+00  0.0000E+00  0.0000E+00  0.0000E+00  2.3253E-01  5.4315E+00  3.3750E+00  5.4042E-01  1.7030E+02  1.0000E+00  2.3253E-01  0.0000E+00 -1.0000E+00  2.9544E+00  2.3253E-01  2.7219E+00  0.0000E+00
  1.0000E+00  1.0450E+03  4.3542E+01  2.7685E-02  1.0000E+02  0.0000E+00  0.0000E+00  0.0000E+00  0.0000E+00  0.0000E+00  2.2905E-01  5.3481E+00  3.3224E+00  5.3199E-01  1.7053E+02  1.0000E+00  2.2905E-01  0.0000E+00 -1.0000E+00  2.7685E-02  2.2905E-01 -2.0136E-01  0.0000E+00
  1.0000E+00  1.0460E+03  4.3583E+01  6.4775E-01  1.0000E+02  0.0000E+00  0.0000E+00  0.0000E+00  0.0000E+00  0.0000E+00  2.2596E-01  5.2741E+00  3.2759E+00  5.2452E-01  1.7075E+02  1.0000E+00  2.2596E-01  0.0000E+00 -1.0000E+00  6.4775E-01  2.2596E-01  4.2179E-01  0.0000E+00
  1.0000E+00  1.0470E+03  4.3625E+01 -2.4823E-01  1.0000E+02  0.0000E+00  0.0000E+00  0.0000E+00  0.0000E+00  0.0000E+00  2.2320E-01  5.2083E+00  3.2345E+00  5.1788E-01  1.7098E+02  1.0000E+00  2.2320E-01  0.0000E+00 -1.0000E+00 -2.4823E-01  2.2320E-01 -4.7143E-01  0.0000E+00
  1.0000E+00  1.0480E+03  4.3667E+01  1.1367E+00  1.0000E+02  0.0000E+00  0.0000E+00  0.0000E+00  0.0000E+00  0.0000E+00  2.2073E-01  5.1493E+00  3.1974E+00  5.1194E-01  1.7120E+02  1.0000E+00  2.2073E-01  0.0000E+00 -1.0000E+00  1.1367E+00  2.2073E-01  9.1593E-01  0.0000E+00
  1.0000E+00  1.0490E+03  4.3708E+01 -7.1098E-01  1.0000E+02  0.0000E+00  0.0000E+00  0.0000E+00  0.0000E+00  0.0000E+00  2.1849E-01  5.0961E+00  3.1640E+00  5.0658E-01  1.7142E+02  1.0000E+00  2.1849E-01  0.0000E+00 -1.0000E+00 -7.1098E-01  2.1849E-01 -9.2947E-01  0.0000E+00
  1.0000E+00  1.0500E+03  4.3750E+01 -4.6975E-01  1.0000E+02  0.0000E+00  0.0000E+00  0.0000E+00  0.0000E+00  0.0000E+00  2.1646E-01  5.0477E+00  3.1337E+00  5.0172E-01  1.7164E+02  1.0000E+00  2.1646E-01  0.0000E+00 -1.0000E+00 -4.6975E-01  2.1646E-01 -6.8621E-01  0.0000E+00
  1.0000E+00  1.0510E+03  4.3792E+01 -1.2694E+00  1.0000E+02  0.0000E+00  0.0000E+00  0.0000E+00  0.0000E+00  0.0000E+00  2.1460E-01  5.0036E+00  3.1060E+00  4.9728E-01  1.7185E+02  1.0000E+00  2.1460E-01  0.0000E+00 -1.0000E+00 -1.2694E+00  2.1460E-01 -1.4840E+00  0.0000E+00
  1.0000E+00  1.0520E+03  4.3833E+01  1.7301E+00  1.0000E+02  0.0000E+00  0.0000E+00  0.0000E+00  0.0000E+00  0.0000E+00  2.1289E-01  4.9630E+00  3.0805E+00  4.9320E-01  1.7207E+02  1.0000E+00  2.1289E-01  0.0000E+00 -1.0000E+00  1.7301E+00  2.1289E-01  1.5172E+00  0.0000E+00
  1.0000E+00  1.0530E+03  4.3875E+01 -3.1084E-01  1.0000E+02  0.0000E+00  0.0000E+00  0.0000E+00  0.0000E+00  0.0000E+00  2.1130E-01  4.9254E+00  3.0570E+00  4.8944E-01  1.7228E+02  1.0000E+00  2.1130E-01  0.0000E+00 -1.0000E+00 -3.1084E-01  2.1130E-01 -5.2215E-01  0.0000E+00
  1.0000E+00  1.0540E+03  4.3917E+01 -3.0958E-01  1.0000E+02  0.0000E+00  0.0000E+00  0.0000E+00  0.0000E+00  0.0000E+00  2.0983E-01  4.8905E+00  3.0352E+00  4.8594E-01  1.7249E+02  1.0000E+00  2.0983E-01  0.0000E+00 -1.0000E+00 -3.0958E-01  2.0983E-01 -5.1940E-01  0.0000E+00
  1.0000E+00  1.0550E+03  4.3958E+01  4.9686E-01  1.0000E+02  0.0000E+00  0.0000E+00  0.0000E+00  0.0000E+00  0.0000E+00  2.0845E-01  4.8579E+00  3.0148E+00  4.8267E-01  1.7270E+02  1.0000E+00  2.0845E-01  0.0000E+00 -1.0000E+00  4.9686E-01  2.0845E-01  2.8841E-01  0.0000E+00
  1.0000E+00  1.0560E+03  4.4000E+01  1.4957E+00  1.0000E+02  0.0000E+00  0.0000E+00  0.0000E+00  0.0000E+00  0.0000E+00  2.0715E-01  4.8273E+00  2.9957E+00  4.7961E-01  1.7291E+02  1.0000E+00  2.0715E-01  0.0000E+00 -1.0000E+00  1.4957E+00  2.0715E-01  1.2885E+00  0.0000E+00
  1.0000E+00  1.0570E+03  4.4042E+01  2.1512E+00  1.0000E+02  0.0000E+00  0.0000E+00  0.0000E+00  0.0000E+00  0.0000E+00  2.6013E-01  5.8370E+00  3.5463E+00  5.6630E-01  1.7314E+02  1.0000E+00  2.6013E-01  0.0000E+00 -1.0000E+00  2.1512E+00  2.6013E-01  1.8911E+00  0.0000E+00
  1.0000E+00  1.0580E+03  4.4083E+01 -1.8507E+00  1.0000E+02  0.0000E+00  0.0000E+00  0.0000E+00  0.0000E+00  0.0000E+00  2.8019E-01  6.4426E+00  3.9577E+00  6.3268E-01  1.7342E+02  1.0000E+00  2.8019E-01  0.0000E+00 -1.0000E+00 -1.8507E+00  2.8019E-01 -2.1309E+00  0.0000E+00
  1.0000E+00  1.0590E+03  4.4125E+01  1.7727E-01  1.0000E+02  0.0000E+00  0.0000E+00  0.0000E+00  0.0000E+00  0.0000E+00  2.8428E-01  6.6075E+00  4.0881E+00  6.5417E-01  1.7370E+02  1.0000E+00  2.8428E-01  0.0000E+00 -1.0000E+00  1.7727E-01  2.8428E-01 -1.0701E-01  0.0000E+00
  1.0000E+00  1.0600E+03  4.4167E+01  6.3471E-01  1.0000E+02  0.0000E+00  0.0000E+00  0.0000E+00  0.0000E+00  0.0000E+00  2.8105E-01  6.5635E+00  4.0745E+00  6.5232E-01  1.7398E+02  1.0000E+00  2.8105E-01  0.0000E+00 -1.0000E+00  6.3471E-01  2.8105E-01  3.5367E-01  0.0000E+00
  1.0000E+00  1.0610E+03  4.4208E+01 -1.2086E+00  1.0000E+02  0.0000E+00  0.0000E+00  0.0000E+00  0.0000E+00  0.0000E+00  2.7483E-01  6.4309E+00  3.9980E+00  6.4021E-01  1.7426E+02  1.0000E+00  2.7483E-01  0.0000E+00 -1.0000E+00 -1.2086E+00  2.7483E-01 -1.4835E+00  0.0000E+00
  1.0000E+00  1.0620E+03  4.4250E+01 -1.4277E+00  1.0000E+02  0.0000E+00  0.0000E+00  0.0000E+00  0.0000E+00  0.0000E+00  2.6774E-01  6.2688E+00  3.8993E+00  6.2445E-01  1.7453E+02  1.0000E+00  2.6774E-01  0.0000E+00 -1.0000E+00 -1.4277E+00  2.6774E-01 -1.6955E+00  0.0000E+00
  1.0000E+00  1.0630E+03  4.4292E+01 -9.5534E-01  1.0000E+02  0.0000E+00  0.0000E+00  0.0000E+00  0.0000E+00  0.0000E+00  2.6078E-01  6.1052E+00  3.7978E+00  6.0821E-01  1.7480E+02  1.0000E+00  2.6078E-01  0.0000E+00 -1.0000E+00 -9.5534E-01  2.6078E-01 -1.2161E+00  0.0000E+00
  1.0000E+00  1.0640E+03  4.4333E+01 -9.4963E-01  1.0000E+02  0.0000E+00  0.0000E+00  0.0000E+00  0.0000E+00  0.0000E+00  2.5434E-01  5.9523E+00  3.7022E+00  5.9288E-01  1.7505E+02  1.0000E+00  2.5434E-01  0.0000E+00 -1.0000E+00 -9.4963E-01  2.5434E-01 -1.2040E+00  0.0000E+00
  1.0000E+00  1.0650E+03  4.4375E+01 -1.3561E-01  1.0000E+02  0.0000E+00  0.0000E+00  0.0000E+00  0.0000E+00  0.0000E+00  2.4858E-01  5.8144E+00  3.6155E+00  5.7900E-01  1.7530E+02  1.0000E+00  2.4858E-01  0.0000E+00 -1.0000E+00 -1.3561E-01  2.4858E-01 -3.8418E-01  0.0000E+00
  1.0000E+00  1.0660E+03  4.4417E+01  7.9389E-01  1.0000E+02  0.0000E+00  0.0000E+00  0.0000E+00  0.0000E+00  0.0000E+00  2.4347E-01  5.6922E+00  3.5386E+00  5.6665E-01  1.7555E+02  1.0000E+00  2.4347E-01  0.0000E+00 -1.0000E+00  7.9389E-01  2.4347E-01  5.5042E-01  0.0000E+00
  1.0000E+00  1.0670E+03  4.4458E+01  1.3591E-01  1.0000E+02  0.0000E+00  0.0000E+00  0.0000E+00  0.0000E+00  0.0000E+00  2.3898E-01  5.5845E+00  3.4708E+00  5.5577E-01  1.7579E+02  1.0000E+00  2.3898E-01  0.0000E+00 -1.0000E+00  1.3591E-01  2.3898E-01 -1.0308E-01  0.0000E+00
  1.0000E+00  1.0680E+03  4.4500E+01  3.5856E-01  1.0000E+02  0.0000E+00  0.0000E+00  0.0000E+00  0.0000E+00  0.0000E+00  2.3503E-01  5.4898E+00  3.4111E+00  5.4620E-01  1.7603E+02  1.0000E+00  2.3503E-01  0.0000E+00 -1.0000E+00  3.5856E-01  2.3503E-01  1.2353E-01  0.0000E+00
  1.0000E+00  1.0690E+03  4.4542E+01 -4.2096E-02  1.0000E+02  0.0000E+00  0.0000E+00  0.0000E+00  0.0000E+00  0.0000E+00  2.3155E-01  5.4062E+00  3.3585E+00  5.3776E-01  1.7626E+02  1.0000E+00  2.3155E-01  0.0000E+00 -1.0000E+00 -4.2096E-02  2.3155E-01 -2.7364E-01  0.0000E+00
  1.0000E+00  1.0700E+03  4.4583E+01  7.2511E-01  1.0000E+02  0.0000E+00  0.0000E+00  0.0000E+00  0.0000E+00  0.0000E+00  2.2845E-01  5.3323E+00  3.3119E+00  5.3030E-01  1.7649E+02  1.0000E+00  2.2845E-01  0.0000E+00 -1.0000E+00  7.2511E-01  2.2845E-01  4.9665E-01  0.0000E+00
  1.0000E+00  1.0710E+03  4.4625E+01  2.4840E-01  1.0000E+02  0.0000E+00  0.0000E+00  0.0000E+00  0.0000E+00  0.0000E+00  2.2570E-01  5.2664E+00  3.2705E+00  5.2365E-01  1.7672E+02  1.0000E+00  2.2570E-01  0.0000E+00 -1.0000E+00  2.4840E-01  2.2570E-01  2.2704E-02  0.0000E+00
  1.0000E+00  1.0720E+03  4.4667E+01 -1.1464E-01  1.0000E+02  0.0000E+00  0.0000E+00  0.0000E+00  0.0000E+00  0.0000E+00  2.2322E-01  5.2073E+00  3.2334E+00  5.1770E-01  1.7694E+02  1.0000E+00  2.2322E-01  0.0000E+00 -1.0000E+00 -1.1464E-01  2.2322E-01 -3.3786E-01  0.0000E+00
  1.0000E+00  1.0730E+03  4.4708E+01  2.4215E+00  1.0000E+02  0.0000E+00  0.0000E+00  0.0000E+00  0.0000E+00  0.0000E+00  2.2098E-01  5.1540E+00  3.1999E+00  5.1234E-01  1.7717E+02  1.0000E+00  2.2098E-01  0.0000E+00 -1.0000E+00  2.4215E+00  2.2098E-01  2.2006E+00  0.0000E+00
  1.0000E+00  1.0740E+03  4.4750E+01  1.9491E+00  1.0000E+02  0.0000E+00  0.0000E+00  0.0000E+00  0.0000E+00  0.0000E+00  2.1895E-01  5.1057E+00  3.1696E+00  5.0747E-01  1.7739E+02  1.0000E+00  2.1895E-01  0.0000E+00 -1.0000E+00  1.9491E+00  2.1895E-01  1.7302E+00  0.0000E+00
  1.0000E+00  1.0750E+03  4.4792E+01  1.3046E+00  1.0000E+02  0.0000E+00  0.0000E+00  0.0000E+00  0.0000E+00  0.0000E+00  2.1709E-01  5.0614E+00  3.1419E+00  5.0303E-01  1.7760E+02  1.0000E+00  2.1709E-01  0.0000E+00 -1.0000E+00  1.3046E+00  2.1709E-01  1.0875E+00  0.0000E+00
  1.0000E+00  1.0760E+03  4.4833E+01  8.2795E-01  1.0000E+02  0.0000E+00  0.0000E+00  0.0000E+00  0.0000E+00  0.0000E+00  2.1537E-01  5.0208E+00  3.1164E+00  4.9894E-01  1.7782E+02  1.0000E+00  2.1537E-01  0.0000E+00 -1.0000E+00  8.2795E-01  2.1537E-01  6.1257E-01  0.0000E+00
  1.0000E+00  1.0770E+03  4.4875E+01  1.0055E+00  1.0000E+02  0.0000E+00  0.0000E+00  0.0000E+00  0.0000E+00  0.0000E+00  2.1379E-01  4.9832E+00  3.0929E+00  4.9517E-01  1.7803E+02  1.0000E+00  2.1379E-01  0.0000E+00 -1.0000E+00  1.0055E+00  2.1379E-01  7.9170E-01  0.0000E+00
  1.0000E+00  1.0780E+03  4.4917E+01  8.4275E-01  1.0000E+02  0.0000E+00  0.0000E+00  0.0000E+00  0.0000E+00  0.0000E+00  2.1231E-01  4.9482E+00  3.0710E+00  4.9167E-01  1.7825E+02  1.0000E+00  2.1231E-01  0.0000E+00 -1.0000E+00  8.4275E-01  2.1231E-01  6.3044E-01  0.0000E+00
  1.0000E+00  1.0790E+03  4.4958E+01 -2.0412E-02  1.0000E+02  0.0000E+00  0.0000E+00  0.0000E+00  0.0000E+00  0.0000E+00  2.1093E-01  4.9156E+00  3.0506E+00  4.8840E-01  1.7846E+02  1.0000E+00  2.1093E-01  0.0000E+00 -1.0000E+00 -2.0412E-02  2.1093E-01 -2.3134E-01  0.0000E+00
  1.0000E+00  1.0800E+03  4.5000E+01 -2.3158E-01  1.0000E+02  0.0000E+00  0.0000E+00  0.0000E+00  0.0000E+00  0.0000E+00  2.0963E-01  4.8849E+00  3.0314E+00  4.8533E-01  1.7867E+02  1.0000E+00  2.0963E-01  0.0000E+00 -1.0000E+00 -2.3158E-01  2.0963E-01 -4.4121E-01  0.0000E+00
  1.0000E+00  1.0810E+03  4.5042E+01  9.2082E-01  1.0000E+02  0.0000E+00  0.0000E+00  0.0000E+00  0.0000E+00  0.0000E+00  2.6261E-01  5.8946E+00  3.5820E+00  5.7201E-01  1.7891E+02  1.0000E+00  2.6261E-01  0.0000E+00 -1.0000E+00  9.2082E-01  2.6261E-01  6.5822E-01  0.0000E+00
  1.0000E+00  1.0820E+03  4.5083E+01  1.7749E+00  1.0000E+02  0.0000E+00  0.0000E+00  0.0000E+00  0.0000E+00  0.0000E+00  2.8266E-01  6.5002E+00  3.9933E+00  6.3840E-01  1.7918E+02  1.0000E+00  2.8266E-01  0.0000E+00 -1.0000E+00  1.7749E+00  2.8266E-01  1.4922E+00  0.0000E+00
  1.0000E+00  1.0830E+03  4.5125E+01  1.0186E+00  1.0000E+02  0.0000E+00  0.0000E+00  0.0000E+00  0.0000E+00  0.0000E+00  2.8675E-01  6.6650E+00  4.1237E+00  6.5988E-01  1.7947E+02  1.0000E+00  2.8675E-01  0.0000E+00 -1.0000E+00  1.0186E+00  2.8675E-01  7.3190E-01  0.0000E+00
  1.0000E+00  1.0840E+03  4.5167E+01  1.8474E+00  1.0000E+02  0.0000E+00  0.0000E+00  0.0000E+00  0.0000E+00  0.0000E+00  2.8351E-01  6.6210E+00  4.1101E+00  6.5802E-01  1.7976E+02  1.0000E+00  2.8351E-01  0.0000E+00 -1.0000E+00  1.8474E+00  2.8351E-01  1.5639E+00  0.0000E+00
  1.0000E+00  1.0850E+03  4.5208E+01 -1.8046E-01  1.0000E+02  0.0000E+00  0.0000E+00  0.0000E+00  0.0000E+00  0.0000E+00  2.7729E-01  6.4883E+00  4.0336E+00  6.4590E-01  1.8004E+02  1.0000E+00  2.7729E-01  0.0000E+00 -1.0000E+00 -1.8046E-01  2.7729E-01 -4.5775E-01  0.0000E+00
  1.0000E+00  1.0860E+03  4.5250E+01 -3.2458E-02  1.0000E+02  0.0000E+00  0.0000E+00  0.0000E+00  0.0000E+00  0.0000E+00  2.7021E-01  6.3261E+00  3.9348E+00  6.3014E-01  1.8031E+02  1.0000E+00  2.7021E-01  0.0000E+00 -1.0000E+00 -3.2458E-02  2.7021E-01 -3.0267E-01  0.0000E+00
  1.0000E+00  1.0870E+03  4.5292E+01 -6.9975E-01  1.0000E+02  0.0000E+00  0.0000E+00  0.0000E+00  0.0000E+00  0.0000E+00  2.6324E-01  6.1625E+00  3.8333E+00  6.1390E-01  1.8058E+02  1.0000E+00  2.6324E-01  0.0000E+00 -1.0000E+00 -6.9975E-01  2.6324E-01 -9.6299E-01  0.0000E+00
  1.0000E+00  1.0880E+03  4.5333E+01  8.2097E-01  1.0000E+02  0.0000E+00  0.0000E+00  0.0000E+00  0.0000E+00  0.0000E+00  2.5680E-01  6.0096E+00  3.7377E+00  5.9857E-01  1.8084E+02  1.0000E+00  2.5680E-01  0.0000E+00 -1.0000E+00  8.2097E-01  2.5680E-01  5.6417E-01  0.0000E+00
  1.0000E+00  1.0890E+03  4.5375E+01  1.3551E-01  1.0000E+02  0.0000E+00  0.0000E+00  0.0000E+00  0.0000E+00  0.0000E+00  2.5103E-01  5.8716E+00  3.6510E+00  5.8467E-01  1.8109E+02  1.0000E+00  2.5103E-01  0.0000E+00 -1.0000E+00  1.3551E-01  2.5103E-01 -1.1553E-01  0.0000E+00
  1.0000E+00  1.0900E+03  4.5417E+01  8.5580E-01  1.0000E+02  0.0000E+00  0.0000E+00  0.0000E+00  0.0000E+00  0.0000E+00  2.4593E-01  5.7493E+00  3.5740E+00  5.7233E-01  1.8134E+02  1.0000E+00  2.4593E-01  0.0000E+00 -1.0000E+00  8.5580E-01  2.4593E-01  6.0987E-01  0.0000E+00
  1.0000E+00  1.0910E+03  4.5458E+01  1.3553E+00  1.0000E+02  0.0000E+00  0.0000E+00  0.0000E+00  0.0000E+00  0.0000E+00  2.4144E-01  5.6416E+00  3.5062E+00  5.6144E-01  1.8158E+02  1.0000E+00  2.4144E-01  0.0000E+00 -1.0000E+00  1.3553E+00  2.4144E-01  1.1139E+00  0.0000E+00
  1.0000E+00  1.0920E+03  4.5500E+01  1.5496E+00  1.0000E+02  0.0000E+00  0.0000E+00  0.0000E+00  0.0000E+00  0.0000E+00  2.3748E-01  5.5468E+00  3.4465E+00  5.5186E-01  1.8182E+02  1.0000E+00  2.3748E-01  0.0000E+00 -1.0000E+00  1.5496E+00  2.3748E-01  1.3122E+00  0.0000E+00
  1.0000E+00  1.0930E+03  4.5542E+01  4.5221E-01  1.0000E+02  0.0000E+00  0.0000E+00  0.0000E+00  0.0000E+00  0.0000E+00  2.3399E-01  5.4632E+00  3.3938E+00  5.4342E-01  1.8206E+02  1.0000E+00  2.3399E-01  0.0000E+00 -1.0000E+00  4.5221E-01  2.3399E-01  2.1821E-01  0.0000E+00
  1.0000E+00  1.0940E+03  4.5583E+01  9.8843E-01  1.0000E+02  0.0000E+00  0.0000E+00  0.0000E+00  0.0000E+00  0.0000E+00  2.3090E-01  5.3892E+00  3.3472E+00  5.3595E-01  1.8229E+02  1.0000E+00  2.3090E-01  0.0000E+00 -1.0000E+00  9.8843E-01  2.3090E-01  7.5753E-01  0.0000E+00
  1.0000E+00  1.0950E+03  4.5625E+01  4.8201E-01  1.0000E+02  0.0000E+00  0.0000E+00  0.0000E+00  0.0000E+00  0.0000E+00  2.2814E-01  5.3233E+00  3.3058E+00  5.2930E-01  1.8252E+02  1.0000E+00  2.2814E-01  0.0000E+00 -1.0000E+00  4.8201E-01  2.2814E-01  2.5387E-01  0.0000E+00
  1.0000E+00  1.0960E+03  4.5667E+01  1.9423E+00  1.0000E+02  0.0000E+00  0.0000E+00  0.0000E+00  0.0000E+00  0.0000E+00  2.2566E-01  5.2642E+00  3.2686E+00  5.2334E-01  1.8275E+02  1.0000E+00  2.2566E-01  0.0000E+00 -1.0000E+00  1.9423E+00  2.2566E-01  1.7166E+00  0.0000E+00
  1.0000E+00  1.0970E+03  4.5708E+01  2.2754E-01  1.0000E+02  0.0000E+00  0.0000E+00  0.0000E+00  0.0000E+00  0.0000E+00  2.2343E-01  5.2108E+00  3.2352E+00  5.1798E-01  1.8297E+02  1.0000E+00  2.2343E-01  0.0000E+00 -1.0000E+00  2.2754E-01  2.2343E-01  4.1174E-03  0.0000E+00
  1.0000E+00  1.0980E+03  4.5750E+01  9.9431E-01  1.0000E+02  0.0000E+00  0.0000E+00  0.0000E+00  0.0000E+00  0.0000E+00  2.2139E-01  5.1624E+00  3.2048E+00  5.1310E-01  1.8319E+02  1.0000E+00  2.2139E-01  0.0000E+00 -1.0000E+00  9.9431E-01  2.2139E-01  7.7292E-01  0.0000E+00
  1.0000E+00  1.0990E+03  4.5792E+01  1.6691E+00  1.0000E+02  0.0000E+00  0.0000E+00  0.0000E+00  0.0000E+00  0.0000E+00  2.1953E-01  5.1182E+00  3.1770E+00  5.0866E-01  1.8341E+02  1.0000E+00  2.1953E-01  0.0000E+00 -1.0000E+00  1.6691E+00  2.1953E-01  1.4496E+00  0.0000E+00
  1.0000E+00  1.1000E+03  4.5833E+01  1.0408E+00  1.0000E+02  0.0000E+00  0.0000E+00  0.0000E+00  0.0000E+00  0.0000E+00  2.1781E-01  5.0775E+00  3.1515E+00  5.0457E-01  1.8363E+02  1.0000E+00  2.1781E-01  0.0000E+00 -1.0000E+00  1.0408E+00  2.1781E-01  8.2302E-01  0.0000E+00
  1.0000E+00  1.1010E+03  4.5875E+01  5.8247E-01  1.0000E+02  0.0000E+00  0.0000E+00  0.0000E+00  0.0000E+00  0.0000E+00  2.1622E-01  5.0398E+00  3.1280E+00  5.0079E-01  1.8385E+02  1.0000E+00  2.1622E-01  0.0000E+00 -1.0000E+00  5.8247E-01  2.1622E-01  3.6625E-01  0.0000E+00
  1.0000E+00  1.1020E+03  4.5917E+01 -9.8893E-01  1.0000E+02  0.0000E+00  0.0000E+00  0.0000E+00  0.0000E+00  0.0000E+00  2.1474E-01  5.0048E+00  3.1061E+00  4.9728E-01  1.8406E+02  1.0000E+00  2.1474E-01  0.0000E+00 -1.0000E+00 -9.8893E-01  2.1474E-01 -1.2037E+00  0.0000E+00
  1.0000E+00  1.1030E+03  4.5958E+01 -8.4331E-01  1.0000E+02  0.0000E+00  0.0000E+00  0.0000E+00  0.0000E+00  0.0000E+00  2.1336E-01  4.9721E+00  3.0856E+00  4.9401E-01  1.8428E+02  1.0000E+00  2.1336E-01  0.0000E+00 -1.0000E+00 -8.4331E-01  2.1336E-01 -1.0567E+00  0.0000E+00
  1.0000E+00  1.1040E+03  4.6000E+01  1.0827E+00  1.0000E+02  0.0000E+00  0.0000E+00  0.0000E+00  0.0000E+00  0.0000E+00  2.1206E-01  4.9414E+00  3.0665E+00  4.9094E-01  1.8449E+02  1.0000E+00  2.1206E-01  0.0000E+00 -1.0000E+00  1.0827E+00  2.1206E-01  8.7069E-01  0.0000E+00
  1.0000E+00  1.1050E+03  4.6042E+01  1.9211E-01  1.0000E+02  0.0000E+00  0.0000E+00  0.0000E+00  0.0000E+00  0.0000E+00  2.6503E-01  5.9510E+00  3.6170E+00  5.7761E-01  1.8473E+02  1.0000E+00  2.6503E-01  0.0000E+00 -1.0000E+00  1.9211E-01  2.6503E-01 -7.2917E-02  0.0000E+00
  1.0000E+00  1.1060E+03  4.6083E+01  9.1960E-01  1.0000E+02  0.0000E+00  0.0000E+00  0.0000E+00  0.0000E+00  0.0000E+00  2.8509E-01  6.5565E+00  4.0283E+00  6.4399E-01  1.8501E+02  1.0000E+00  2.8509E-01  0.0000E+00 -1.0000E+00  9.1960E-01  2.8509E-01  6.3451E-01  0.0000E+00
  1.0000E+00  1.1070E+03  4.6125E+01  5.9489E-01  1.0000E+02  0.0000E+00  0.0000E+00  0.0000E+00  0.0000E+00  0.0000E+00  2.8917E-01  6.7213E+00  4.1587E+00  6.6547E-01  1.8530E+02  1.0000E+00  2.8917E-01  0.0000E+00 -1.0000E+00  5.9489E-01  2.8917E-01  3.0572E-01  0.0000E+00
  1.0000E+00  1.1080E+03  4.6167E+01  4.1997E-01  1.0000E+02  0.0000E+00  0.0000E+00  0.0000E+00  0.0000E+00  0.0000E+00  2.8593E-01  6.6773E+00  4.1450E+00  6.6361E-01  1.8559E+02  1.0000E+00  2.8593E-01  0.0000E+00 -1.0000E+00  4.1997E-01  2.8593E-01  1.3404E-01  0.0000E+00
  1.0000E+00  1.1090E+03  4.6208E+01 -7.0209E-01  1.0000E+02  0.0000E+00  0.0000E+00  0.0000E+00  0.0000E+00  0.0000E+00  2.7971E-01  6.5445E+00  4.0685E+00  6.5149E-01  1.8587E+02  1.0000E+00  2.7971E-01  0.0000E+00 -1.0000E+00 -7.0209E-01  2.7971E-01 -9.8180E-01  0.0000E+00
  1.0000E+00  1.1100E+03  4.6250E+01  9.3954E-01  1.0000E+02  0.0000E+00  0.0000E+00  0.0000E+00  0.0000E+00  0.0000E+00  2.7262E-01  6.3823E+00  3.9697E+00  6.3572E-01  1.8615E+02  1.0000E+00  2.7262E-01  0.0000E+00 -1.0000E+00  9.3954E-01  2.7262E-01  6.6692E-01  0.0000E+00
  1.0000E+00  1.1110E+03  4.6292E+01  5.0847E-01  1.0000E+02  0.0000E+00  0.0000E+00  0.0000E+00  0.0000E+00  0.0000E+00  2.6565E-01  6.2187E+00  3.8682E+00  6.1947E-01  1.8641E+02  1.0000E+00  2.6565E-01  0.0000E+00 -1.0000E+00  5.0847E-01  2.6565E-01  2.4282E-01  0.0000E+00
  1.0000E+00  1.1120E+03  4.6333E+01 -1.1922E+00  1.0000E+02  0.0000E+00  0.0000E+00  0.0000E+00  0.0000E+00  0.0000E+00  2.5921E-01  6.0657E+00  3.7724E+00  6.0414E-01  1.8668E+02  1.0000E+00  2.5921E-01  0.0000E+00 -1.0000E+00 -1.1922E+00  2.5921E-01 -1.4514E+00  0.0000E+00
  1.0000E+00  1.1130E+03  4.6375E+01  2.2381E+00  1.0000E+02  0.0000E+00  0.0000E+00  0.0000E+00  0.0000E+00  0.0000E+00  2.5344E-01  5.9277E+00  3.6858E+00  5.9024E-01  1.8693E+02  1.0000E+00  2.5344E-01  0.0000E+00 -1.0000E+00  2.2381E+00  2.5344E-01  1.9847E+00  0.0000E+00
  1.0000E+00  1.1140E+03  4.6417E+01 -5.4323E-01  1.0000E+02  0.0000E+00  0.0000E+00  0.0000E+00  0.0000E+00  0.0000E+00  2.4833E-01  5.8053E+00  3.6087E+00  5.7789E-01  1.8718E+02  1.0000E+00  2.4833E-01  0.0000E+00 -1.0000E+00 -5.4323E-01  2.4833E-01 -7.9157E-01  0.0000E+00
  1.0000E+00  1.1150E+03  4.6458E+01 -1.0136E-01  1.0000E+02  0.0000E+00  0.0000E+00  0.0000E+00  0.0000E+00  0.0000E+00  2.4384E-01  5.6975E+00  3.5409E+00  5.6700E-01  1.8743E+02  1.0000E+00  2.4384E-01  0.0000E+00 -1.0000E+00 -1.0136E-01  2.4384E-01 -3.4520E-01  0.0000E+00
  1.0000E+00  1.1160E+03  4.6500E+01  5.7267E-01  1.0000E+02  0.0000E+00  0.0000E+00  0.0000E+00  0.0000E+00  0.0000E+00  2.3989E-01  5.6027E+00  3.4811E+00  5.5741E-01  1.8767E+02  1.0000E+00  2.3989E-01  0.0000E+00 -1.0000E+00  5.7267E-01  2.3989E-01  3.3278E-01  0.0000E+00
  1.0000E+00  1.1170E+03  4.6542E+01 -1.6845E+00  1.0000E+02  0.0000E+00  0.0000E+00  0.0000E+00  0.0000E+00  0.0000E+00  2.3639E-01  5.5191E+00  3.4285E+00  5.4897E-01  1.8791E+02  1.0000E+00  2.3639E-01  0.0000E+00 -1.0000E+00 -1.6845E+00  2.3639E-01 -1.9209E+00  0.0000E+00
  1.0000E+00  1.1180E+03  4.6583E+01  7.2995E-01  1.0000E+02  0.0000E+00  0.0000E+00  0.0000E+00  0.0000E+00  0.0000E+00  2.3330E-01  5.4450E+00  3.3819E+00  5.4149E-01  1.8814E+02  1.0000E+00  2.3330E-01  0.0000E+00 -1.0000E+00  7.2995E-01  2.3330E-01  4.9665E-01  0.0000E+00
  1.0000E+00  1.1190E+03  4.6625E+01 -2.0003E+00  1.0000E+02  0.0000E+00  0.0000E+00  0.0000E+00  0.0000E+00  0.0000E+00  2.3054E-01  5.3790E+00  3.3404E+00  5.3484E-01  1.8838E+02  1.0000E+00  2.3054E-01  0.0000E+00 -1.0000E+00 -2.0003E+00  2.3054E-01 -2.2309E+00  0.0000E+00
  1.0000E+00  1.1200E+03  4.6667E+01  1.8014E+00  1.0000E+02  0.0000E+00  0.0000E+00  0.0000E+00  0.0000E+00  0.0000E+00  2.2806E-01  5.3199E+00  3.3032E+00  5.2888E-01  1.8861E+02  1.0000E+00  2.2806E-01  0.0000E+00 -1.0000E+00  1.8014E+00  2.2806E-01  1.5733E+00  0.0000E+00
  1.0000E+00  1.1210E+03  4.6708E+01 -1.1855E+00  1.0000E+02  0.0000E+00  0.0000E+00  0.0000E+00  0.0000E+00  0.0000E+00  2.2582E-01  5.2665E+00  3.2697E+00  5.2350E-01  1.8883E+02  1.0000E+00  2.2582E-01  0.0000E+00 -1.0000E+00 -1.1855E+00  2.2582E-01 -1.4113E+00  0.0000E+00
  1.0000E+00  1.1220E+03  4.6750E+01 -5.0957E-01  1.0000E+02  0.0000E+00  0.0000E+00  0.0000E+00  0.0000E+00  0.0000E+00  2.2378E-01  5.2180E+00  3.2393E+00  5.1863E-01  1.8906E+02  1.0000E+00  2.2378E-01  0.0000E+00 -1.0000E+00 -5.0957E-01  2.2378E-01 -7.3334E-01  0.0000E+00
  1.0000E+00  1.1230E+03  4.6792E+01  4.7619E-01  1.0000E+02  0.0000E+00  0.0000E+00  0.0000E+00  0.0000E+00  0.0000E+00  2.2191E-01  5.1737E+00  3.2115E+00  5.1417E-01  1.8928E+02  1.0000E+00  2.2191E-01  0.0000E+00 -1.0000E+00  4.7619E-01  2.2191E-01  2.5428E-01  0.0000E+00
  1.0000E+00  1.1240E+03  4.6833E+01 -1.1769E+00  1.0000E+02  0.0000E+00  0.0000E+00  0.0000E+00  0.0000E+00  0.0000E+00  2.2019E-01  5.1330E+00  3.1860E+00  5.1008E-01  1.8950E+02  1.0000E+00  2.2019E-01  0.0000E+00 -1.0000E+00 -1.1769E+00  2.2019E-01 -1.3970E+00  0.0000E+00
  1.0000E+00  1.1250E+03  4.6875E+01  6.4214E-02  1.0000E+02  0.0000E+00  0.0000E+00  0.0000E+00  0.0000E+00  0.0000E+00  2.1860E-01  5.0953E+00  3.1624E+00  5.0630E-01  1.8972E+02  1.0000E+00  2.1860E-01  0.0000E+00 -1.0000E+00  6.4214E-02  2.1860E-01 -1.5439E-01  0.0000E+00
  1.0000E+00  1.1260E+03  4.6917E+01  6.4533E-01  1.0000E+02  0.0000E+00  0.0000E+00  0.0000E+00  0.0000E+00  0.0000E+00  2.1712E-01  5.0602E+00  3.1405E+00  5.0279E-01  1.8994E+02  1.0000E+00  2.1712E-01  0.0000E+00 -1.0000E+00  6.4533E-01  2.1712E-01  4.2821E-01  0.0000E+00
  1.0000E+00  1.1270E+03  4.6958E+01  8.9997E-01  1.0000E+02  0.0000E+00  0.0000E+00  0.0000E+00  0.0000E+00  0.0000E+00  2.1574E-01  5.0275E+00  3.1200E+00  4.9951E-01  1.9016E+02  1.0000E+00  2.1574E-01  0.0000E+00 -1.0000E+00  8.9997E-01  2.1574E-01  6.8423E-01  0.0000E+00
  1.0000E+00  1.1280E+03  4.7000E+01  1.4234E+00  1.0000E+02  0.0000E+00  0.0000E+00  0.0000E+00  0.0000E+00  0.0000E+00  2.1443E-01  4.9968E+00  3.1008E+00  4.9643E-01  1.9037E+02  1.0000E+00  2.1443E-01  0.0000E+00 -1.0000E+00  1.4234E+00  2.1443E-01  1.2089E+00  0.0000E+00
  1.0000E+00  1.1290E+03  4.7042E+01 -4.0997E-01  1.0000E+02  0.0000E+00  0.0000E+00  0.0000E+00  0.0000E+00  0.0000E+00  2.6741E-01  6.0063E+00  3.6513E+00  5.8310E-01  1.9062E+02  1.0000E+00  2.6741E-01  0.0000E+00 -1.0000E+00 -4.0997E-01  2.6741E-01 -6.7737E-01  0.0000E+00
  1.0000E+00  1.1300E+03  4.7083E+01 -3.5418E-01  1.0000E+02  0.0000E+00  0.0000E+00  0.0000E+00  0.0000E+00  0.0000E+00  2.8746E-01  6.6118E+00  4.0626E+00  6.4948E-01  1.9089E+02  1.0000E+00  2.8746E-01  0.0000E+00 -1.0000E+00 -3.5418E-01  2.8746E-01 -6.4164E-01  0.0000E+00
  1.0000E+00  1.1310E+03  4.7125E+01  8.8127E-01  1.0000E+02  0.0000E+00  0.0000E+00  0.0000E+00  0.0000E+00  0.0000E+00  2.9154E-01  6.7766E+00  4.1929E+00  6.7095E-01  1.9118E+02  1.0000E+00  2.9154E-01  0.0000E+00 -1.0000E+00  8.8127E-01  2.9154E-01  5.8972E-01  0.0000E+00
  1.0000E+00  1.1320E+03  4.7167E+01  5.0081E-02  1.0000E+02  0.0000E+00  0.0000E+00  0.0000E+00  0.0000E+00  0.0000E+00  2.8830E-01  6.7324E+00  4.1792E+00  6.6908E-01  1.9148E+02  1.0000E+00  2.8830E-01  0.0000E+00 -1.0000E+00  5.0081E-02  2.8830E-01 -2.3822E-01  0.0000E+00
  1.0000E+00  1.1330E+03  4.7208E+01 -3.8067E-01  1.0000E+02  0.0000E+00  0.0000E+00  0.0000E+00  0.0000E+00  0.0000E+00  2.8208E-01  6.5996E+00  4.1026E+00  6.5696E-01  1.9176E+02  1.0000E+00  2.8208E-01  0.0000E+00 -1.0000E+00 -3.8067E-01  2.8208E-01 -6.6275E-01  0.0000E+00
  1.0000E+00  1.1340E+03  4.7250E+01  8.5896E-01  1.0000E+02  0.0000E+00  0.0000E+00  0.0000E+00  0.0000E+00  0.0000E+00  2.7499E-01  6.4374E+00  4.0038E+00  6.4119E-01  1.9204E+02  1.0000E+00  2.7499E-01  0.0000E+00 -1.0000E+00  8.5896E-01  2.7499E-01  5.8397E-01  0.0000E+00
  1.0000E+00  1.1350E+03  4.7292E+01  1.2049E+00  1.0000E+02  0.0000E+00  0.0000E+00  0.0000E+00  0.0000E+00  0.0000E+00  2.6802E-01  6.2737E+00  3.9023E+00  6.2493E-01  1.9231E+02  1.0000E+00  2.6802E-01  0.0000E+00 -1.0000E+00  1.2049E+00  2.6802E-01  9.3690E-01  0.0000E+00
  1.0000E+00  1.1360E+03  4.7333E+01 -9.0453E-01  1.0000E+02  0.0000E+00  0.0000E+00  0.0000E+00  0.0000E+00  0.0000E+00  2.6158E-01  6.1206E+00  3.8065E+00  6.0959E-01  1.9258E+02  1.0000E+00  2.6158E-01  0.0000E+00 -1.0000E+00 -9.0453E-01  2.6158E-01 -1.1661E+00  0.0000E+00
  1.0000E+00  1.1370E+03  4.7375E+01 -1.5643E+00  1.0000E+02  0.0000E+00  0.0000E+00  0.0000E+00  0.0000E+00  0.0000E+00  2.5580E-01  5.9826E+00  3.7198E+00  5.9569E-01  1.9283E+02  1.0000E+00  2.5580E-01  0.0000E+00 -1.0000E+00 -1.5643E+00  2.5580E-01 -1.8201E+00  0.0000E+00
  1.0000E+00  1.1380E+03  4.7417E+01  2.4037E+00  1.0000E+02  0.0000E+00  0.0000E+00  0.0000E+00  0.0000E+00  0.0000E+00  2.5069E-01  5.8602E+00  3.6428E+00  5.8333E-01  1.9309E+02  1.0000E+00  2.5069E-01  0.0000E+00 -1.0000E+00  2.4037E+00  2.5069E-01  2.1531E+00  0.0000E+00
  1.0000E+00  1.1390E+03  4.7458E+01 -4.2774E-01  1.0000E+02  0.0000E+00  0.0000E+00  0.0000E+00  0.0000E+00  0.0000E+00  2.4620E-01  5.7524E+00  3.5749E+00  5.7244E-01  1.9334E+02  1.0000E+00  2.4620E-01  0.0000E+00 -1.0000E+00 -4.2774E-01  2.4620E-01 -6.7394E-01  0.0000E+00
  1.0000E+00  1.1400E+03  4.7500E+01  4.3667E-01  1.0000E+02  0.0000E+00  0.0000E+00  0.0000E+00  0.0000E+00  0.0000E+00  2.4224E-01  5.6575E+00  3.5151E+00  5.6285E-01  1.9358E+02  1.0000E+00  2.4224E-01  0.0000E+00 -1.0000E+00  4.3667E-01  2.4224E-01  1.9443E-01  0.0000E+00
  1.0000E+00  1.1410E+03  4.7542E+01 -5.2699E-01  1.0000E+02  0.0000E+00  0.0000E+00  0.0000E+00  0.0000E+00  0.0000E+00  2.3875E-01  5.5738E+00  3.4624E+00  5.5440E-01  1.9382E+02  1.0000E+00  2.3875E-01  0.0000E+00 -1.0000E+00 -5.2699E-01  2.3875E-01 -7.6574E-01  0.0000E+00
  1.0000E+00  1.1420E+03  4.7583E+01  9.9939E-01  1.0000E+02  0.0000E+00  0.0000E+00  0.0000E+00  0.0000E+00  0.0000E+00  2.3565E-01  5.4997E+00  3.4158E+00  5.4692E-01  1.9406E+02  1.0000E+00  2.3565E-01  0.0000E+00 -1.0000E+00  9.9939E-01  2.3565E-01  7.6374E-01  0.0000E+00
  1.0000E+00  1.1430E+03  4.7625E+01  1.0219E+00  1.0000E+02  0.0000E+00  0.0000E+00  0.0000E+00  0.0000E+00  0.0000E+00  2.3289E-01  5.4337E+00  3.3743E+00  5.4026E-01  1.9429E+02  1.0000E+00  2.3289E-01  0.0000E+00 -1.0000E+00  1.0219E+00  2.3289E-01  7.8899E-01  0.0000E+00
  1.0000E+00  1.1440E+03  4.7667E+01  7.8952E-01  1.0000E+02  0.0000E+00  0.0000E+00  0.0000E+00  0.0000E+00  0.0000E+00  2.3040E-01  5.3745E+00  3.3371E+00  5.3430E-01  1.9452E+02  1.0000E+00  2.3040E-01  0.0000E+00 -1.0000E+00  7.8952E-01  2.3040E-01  5.5911E-01  0.0000E+00
  1.0000E+00  1.1450E+03  4.7708E+01  2.4464E-01  1.0000E+02  0.0000E+00  0.0000E+00  0.0000E+00  0.0000E+00  0.0000E+00  2.2816E-01  5.3211E+00  3.3035E+00  5.2892E-01  1.9475E+02  1.0000E+00  2.2816E-01  0.0000E+00 -1.0000E+00  2.4464E-01  2.2816E-01  1.6475E-02  0.0000E+00
  1.0000E+00  1.1460E+03  4.7750E+01 -7.0944E-01  1.0000E+02  0.0000E+00  0.0000E+00  0.0000E+00  0.0000E+00  0.0000E+00  2.2612E-01  5.2726E+00  3.2731E+00  5.2404E-01  1.9498E+02  1.0000E+00  2.2612E-01  0.0000E+00 -1.0000E+00 -7.0944E-01  2.2612E-01 -9.3556E-01  0.0000E+00
  1.0000E+00  1.1470E+03  4.7792E+01  4.5052E-01  1.0000E+02  0.0000E+00  0.0000E+00  0.0000E+00  0.0000E+00  0.0000E+00  2.2425E-01  5.2282E+00  3.2453E+00  5.1958E-01  1.9520E+02  1.0000E+00  2.2425E-01  0.0000E+00 -1.0000E+00  4.5052E-01  2.2425E-01  2.2627E-01  0.0000E+00
  1.0000E+00  1.1480E+03  4.7833E+01  1.5561E+00  1.0000E+02  0.0000E+00  0.0000E+00  0.0000E+00  0.0000E+00  0.0000E+00  2.2253E-01  5.1874E+00  3.2197E+00  5.1549E-01  1.9543E+02  1.0000E+00  2.2253E-01  0.0000E+00 -1.0000E+00  1.5561E+00  2.2253E-01  1.3335E+00  0.0000E+00
  1.0000E+00  1.1490E+03  4.7875E+01 -6.3062E-01  1.0000E+02  0.0000E+00  0.0000E+00  0.0000E+00  0.0000E+00  0.0000E+00  2.2094E-01  5.1497E+00  3.1961E+00  5.1170E-01  1.9565E+02  1.0000E+00  2.2094E-01  0.0000E+00 -1.0000E+00 -6.3062E-01  2.2094E-01 -8.5156E-01  0.0000E+00
  1.0000E+00  1.1500E+03  4.7917E+01  8.2239E-01  1.0000E+02  0.0000E+00  0.0000E+00  0.0000E+00  0.0000E+00  0.0000E+00  2.1946E-01  5.1146E+00  3.1742E+00  5.0818E-01  1.9587E+02  1.0000E+00  2.1946E-01  0.0000E+00 -1.0000E+00  8.2239E-01  2.1946E-01  6.0293E-01  0.0000E+00
  1.0000E+00  1.1510E+03  4.7958E+01  1.7452E+00  1.0000E+02  0.0000E+00  0.0000E+00  0.0000E+00  0.0000E+00  0.0000E+00  2.1807E-01  5.0818E+00  3.1537E+00  5.0490E-01  1.9609E+02  1.0000E+00  2.1807E-01  0.0000E+00 -1.0000E+00  1.7452E+00  2.1807E-01  1.5271E+00  0.0000E+00
  1.0000E+00  1.1520E+03  4.8000E+01  8.5779E-01  1.0000E+02  0.0000E+00  0.0000E+00  0.0000E+00  0.0000E+00  0.0000E+00  2.1676E-01  5.0510E+00  3.1344E+00  5.0181E-01  1.9631E+02  1.0000E+00  2.1676E-01  0.0000E+00 -1.0000E+00  8.5779E-01  2.1676E-01  6.4103E-01  0.0000E+00
  1.0000E+00  1.1530E+03  4.8042E+01  2.5668E-01  1.0000E+02  0.0000E+00  0.0000E+00  0.0000E+00  0.0000E+00  0.0000E+00  2.6974E-01  6.0605E+00  3.6849E+00  5.8848E-01  1.9655E+02  1.0000E+00  2.6974E-01  0.0000E+00 -1.0000E+00  2.5668E-01  2.6974E-01 -1.3059E-02  0.0000E+00
  1.0000E+00  1.1540E+03  4.8083E+01  1.1538E+00  1.0000E+02  0.0000E+00  0.0000E+00  0.0000E+00  0.0000E+00  0.0000E+00  2.8979E-01  6.6659E+00  4.0961E+00  6.5485E-01  1.9683E+02  1.0000E+00  2.8979E-01  0.0000E+00 -1.0000E+00  1.1538E+00  2.8979E-01  8.6405E-01  0.0000E+00
  1.0000E+00  1.1550E+03  4.8125E+01 -6.1432E-01  1.0000E+02  0.0000E+00  0.0000E+00  0.0000E+00  0.0000E+00  0.0000E+00  2.9387E-01  6.8306E+00  4.2265E+00  6.7632E-01  1.9713E+02  1.0000E+00  2.9387E-01  0.0000E+00 -1.0000E+00 -6.1432E-01  2.9387E-01 -9.0818E-01  0.0000E+00
  1.0000E+00  1.1560E+03  4.8167E+01 -2.3459E-01  1.0000E+02  0.0000E+00  0.0000E+00  0.0000E+00  0.0000E+00  0.0000E+00  2.9062E-01  6.7865E+00  4.2128E+00  6.7445E-01  1.9742E+02  1.0000E+00  2.9062E-01  0.0000E+00 -1.0000E+00 -2.3459E-01  2.9062E-01 -5.2521E-01  0.0000E+00
  1.0000E+00  1.1570E+03  4.8208E+01 -4.9407E-01  1.0000E+02  0.0000E+00  0.0000E+00  0.0000E+00  0.0000E+00  0.0000E+00  2.8440E-01  6.6536E+00  4.1361E+00  6.6232E-01  1.9771E+02  1.0000E+00  2.8440E-01  0.0000E+00 -1.0000E+00 -4.9407E-01  2.8440E-01 -7.7847E-01  0.0000E+00
  1.0000E+00  1.1580E+03  4.8250E+01  4.0243E-01  1.0000E+02  0.0000E+00  0.0000E+00  0.0000E+00  0.0000E+00  0.0000E+00  2.7731E-01  6.4913E+00  4.0373E+00  6.4655E-01  1.9799E+02  1.0000E+00  2.7731E-01  0.0000E+00 -1.0000E+00  4.0243E-01  2.7731E-01  1.2513E-01  0.0000E+00
  1.0000E+00  1.1590E+03  4.8292E+01 -7.7705E-01  1.0000E+02  0.0000E+00  0.0000E+00  0.0000E+00  0.0000E+00  0.0000E+00  2.7033E-01  6.3276E+00  3.9357E+00  6.3029E-01  1.9826E+02  1.0000E+00  2.7033E-01  0.0000E+00 -1.0000E+00 -7.7705E-01  2.7033E-01 -1.0474E+00  0.0000E+00
  1.0000E+00  1.1600E+03  4.8333E+01 -2.0383E-02  1.0000E+02  0.0000E+00  0.0000E+00  0.0000E+00  0.0000E+00  0.0000E+00  2.6389E-01  6.1745E+00  3.8399E+00  6.1494E-01  1.9853E+02  1.0000E+00  2.6389E-01  0.0000E+00 -1.0000E+00 -2.0383E-02  2.6389E-01 -2.8427E-01  0.0000E+00
  1.0000E+00  1.1610E+03  4.8375E+01  1.5135E+00  1.0000E+02  0.0000E+00  0.0000E+00  0.0000E+00  0.0000E+00  0.0000E+00  2.5811E-01  6.0364E+00  3.7532E+00  6.0103E-01  1.9879E+02  1.0000E+00  2.5811E-01  0.0000E+00 -1.0000E+00  1.5135E+00  2.5811E-01  1.2554E+00  0.0000E+00
  1.0000E+00  1.1620E+03  4.8417E+01 -5.7785E-01  1.0000E+02  0.0000E+00  0.0000E+00  0.0000E+00  0.0000E+00  0.0000E+00  2.5300E-01  5.9140E+00  3.6761E+00  5.8867E-01  1.9905E+02  1.0000E+00  2.5300E-01  0.0000E+00 -1.0000E+00 -5.7785E-01  2.5300E-01 -8.3085E-01  0.0000E+00
  1.0000E+00  1.1630E+03  4.8458E+01  1.4139E-01  1.0000E+02  0.0000E+00  0.0000E+00  0.0000E+00  0.0000E+00  0.0000E+00  2.4850E-01  5.8061E+00  3.6082E+00  5.7777E-01  1.9930E+02  1.0000E+00  2.4850E-01  0.0000E+00 -1.0000E+00  1.4139E-01  2.4850E-01 -1.0712E-01  0.0000E+00
  1.0000E+00  1.1640E+03  4.8500E+01 -6.4839E-01  1.0000E+02  0.0000E+00  0.0000E+00  0.0000E+00  0.0000E+00  0.0000E+00  2.4455E-01  5.7112E+00  3.5484E+00  5.6818E-01  1.9954E+02  1.0000E+00  2.4455E-01  0.0000E+00 -1.0000E+00 -6.4839E-01  2.4455E-01 -8.9294E-01  0.0000E+00
  1.0000E+00  1.1650E+03  4.8542E+01 -2.3411E-01  1.0000E+02  0.0000E+00  0.0000E+00  0.0000E+00  0.0000E+00  0.0000E+00  2.4105E-01  5.6275E+00  3.4957E+00  5.5973E-01  1.9979E+02  1.0000E+00  2.4105E-01  0.0000E+00 -1.0000E+00 -2.3411E-01  2.4105E-01 -4.7516E-01  0.0000E+00
  1.0000E+00  1.1660E+03  4.8583E+01  5.4449E-01  1.0000E+02  0.0000E+00  0.0000E+00  0.0000E+00  0.0000E+00  0.0000E+00  2.3795E-01  5.5533E+00  3.4490E+00  5.5224E-01  2.0003E+02  1.0000E+00  2.3795E-01  0.0000E+00 -1.0000E+00  5.4449E-01  2.3795E-01  3.0654E-01  0.0000E+00
  1.0000E+00  1.1670E+03  4.8625E+01 -1.8955E-01  1.0000E+02  0.0000E+00  0.0000E+00  0.0000E+00  0.0000E+00  0.0000E+00  2.3519E-01  5.4872E+00  3.4075E+00  5.4558E-01  2.0026E+02  1.0000E+00  2.3519E-01  0.0000E+00 -1.0000E+00 -1.8955E-01  2.3519E-01 -4.2474E-01  0.0000E+00
  1.0000E+00  1.1680E+03  4.8667E+01  6.6425E-01  1.0000E+02  0.0000E+00  0.0000E+00  0.0000E+00  0.0000E+00  0.0000E+00  2.3270E-01  5.4280E+00  3.3702E+00  5.3961E-01  2.0050E+02  1.0000E+00  2.3270E-01  0.0000E+00 -1.0000E+00  6.6425E-01  2.3270E-01  4.3155E-01  0.0000E+00
  1.0000E+00  1.1690E+03  4.8708E+01 -8.6821E-01  1.0000E+02  0.0000E+00  0.0000E+00  0.0000E+00  0.0000E+00  0.0000E+00  2.3046E-01  5.3745E+00  3.3367E+00  5.3423E-01  2.0073E+02  1.0000E+00  2.3046E-01  0.0000E+00 -1.0000E+00 -8.6821E-01  2.3046E-01 -1.0987E+00  0.0000E+00
  1.0000E+00  1.1700E+03  4.8750E+01  1.0579E+00  1.0000E+02  0.0000E+00  0.0000E+00  0.0000E+00  0.0000E+00  0.0000E+00  2.2842E-01  5.3260E+00  3.3062E+00  5.2934E-01  2.0096E+02  1.0000E+00  2.2842E-01  0.0000E+00 -1.0000E+00  1.0579E+00  2.2842E-01  8.2948E-01  0.0000E+00
  1.0000E+00  1.1710E+03  4.8792E+01 -1.7673E+00  1.0000E+02  0.0000E+00  0.0000E+00  0.0000E+00  0.0000E+00  0.0000E+00  2.2655E-01  5.2816E+00  3.2784E+00  5.2488E-01  2.0118E+02  1.0000E+00  2.2655E-01  0.0000E+00 -1.0000E+00 -1.7673E+00  2.2655E-01 -1.9939E+00  0.0000E+00
  1.0000E+00  1.1720E+03  4.8833E+01  1.3165E+00  1.0000E+02  0.0000E+00  0.0000E+00  0.0000E+00  0.0000E+00  0.0000E+00  2.2482E-01  5.2407E+00  3.2528E+00  5.2078E-01  2.0141E+02  1.0000E+00  2.2482E-01  0.0000E+00 -1.0000E+00  1.3165E+00  2.2482E-01  1.0917E+00  0.0000E+00
  1.0000E+00  1.1730E+03  4.8875E+01  1.2862E-01  1.0000E+02  0.0000E+00  0.0000E+00  0.0000E+00  0.0000E+00  0.0000E+00  2.2323E-01  5.2029E+00  3.2291E+00  5.1699E-01  2.0163E+02  1.0000E+00  2.2323E-01  0.0000E+00 -1.0000E+00  1.2862E-01  2.2323E-01 -9.4607E-02  0.0000E+00
  1.0000E+00  1.1740E+03  4.8917E+01 -1.4485E+00  1.0000E+02  0.0000E+00  0.0000E+00  0.0000E+00  0.0000E+00  0.0000E+00  2.2174E-01  5.1678E+00  3.2072E+00  5.1347E-01  2.0186E+02  1.0000E+00  2.2174E-01  0.0000E+00 -1.0000E+00 -1.4485E+00  2.2174E-01 -1.6702E+00  0.0000E+00
  1.0000E+00  1.1750E+03  4.8958E+01  1.9642E-01  1.0000E+02  0.0000E+00  0.0000E+00  0.0000E+00  0.0000E+00  0.0000E+00  2.2035E-01  5.1350E+00  3.1866E+00  5.1018E-01  2.0208E+02  1.0000E+00  2.2035E-01  0.0000E+00 -1.0000E+00  1.9642E-01  2.2035E-01 -2.3933E-02  0.0000E+00
  1.0000E+00  1.1760E+03  4.9000E+01 -3.4123E-01  1.0000E+02  0.0000E+00  0.0000E+00  0.0000E+00  0.0000E+00  0.0000E+00  2.1905E-01  5.1041E+00  3.1674E+00  5.0709E-01  2.0230E+02  1.0000E+00  2.1905E-01  0.0000E+00 -1.0000E+00 -3.4123E-01  2.1905E-01 -5.6028E-01  0.0000E+00
  1.0000E+00  1.1770E+03  4.9042E+01 -4.1032E-01  1.0000E+02  0.0000E+00  0.0000E+00  0.0000E+00  0.0000E+00  0.0000E+00  2.7202E-01  6.1136E+00  3.7179E+00  5.9376E-01  2.0255E+02  1.0000E+00  2.7202E-01  0.0000E+00 -1.0000E+00 -4.1032E-01  2.7202E-01 -6.8233E-01  0.0000E+00
  1.0000E+00  1.1780E+03  4.9083E+01  8.0470E-01  1.0000E+02  0.0000E+00  0.0000E+00  0.0000E+00  0.0000E+00  0.0000E+00  2.9207E-01  6.7190E+00  4.1290E+00  6.6012E-01  2.0283E+02  1.0000E+00  2.9207E-01  0.0000E+00 -1.0000E+00  8.0470E-01  2.9207E-01  5.1263E-01  0.0000E+00
  1.0000E+00  1.1790E+03  4.9125E+01  9.9558E-01  1.0000E+02  0.0000E+00  0.0000E+00  0.0000E+00  0.0000E+00  0.0000E+00  2.9614E-01  6.8837E+00  4.2593E+00  6.8158E-01  2.0313E+02  1.0000E+00  2.9614E-01  0.0000E+00 -1.0000E+00  9.9558E-01  2.9614E-01  6.9943E-01  0.0000E+00
  1.0000E+00  1.1800E+03  4.9167E+01  3.8517E-01  1.0000E+02  0.0000E+00  0.0000E+00  0.0000E+00  0.0000E+00  0.0000E+00  2.9290E-01  6.8394E+00  4.2456E+00  6.7971E-01  2.0342E+02  1.0000E+00  2.9290E-01  0.0000E+00 -1.0000E+00  3.8517E-01  2.9290E-01  9.2275E-02  0.0000E+00
  1.0000E+00  1.1810E+03  4.9208E+01  7.7759E-01  1.0000E+02  0.0000E+00  0.0000E+00  0.0000E+00  0.0000E+00  0.0000E+00  2.8667E-01  6.7065E+00  4.1690E+00  6.6757E-01  2.0371E+02  1.0000E+00  2.8667E-01  0.0000E+00 -1.0000E+00  7.7759E-01  2.8667E-01  4.9092E-01  0.0000E+00
  1.0000E+00  1.1820E+03  4.9250E+01  1.5310E-01  1.0000E+02  0.0000E+00  0.0000E+00  0.0000E+00  0.0000E+00  0.0000E+00  2.7958E-01  6.5442E+00  4.0701E+00  6.5180E-01  2.0399E+02  1.0000E+00  2.7958E-01  0.0000E+00 -1.0000E+00  1.5310E-01  2.7958E-01 -1.2648E-01  0.0000E+00
  1.0000E+00  1.1830E+03  4.9292E+01  1.0256E+00  1.0000E+02  0.0000E+00  0.0000E+00  0.0000E+00  0.0000E+00  0.0000E+00  2.7260E-01  6.3804E+00  3.9685E+00  6.3553E-01  2.0427E+02  1.0000E+00  2.7260E-01  0.0000E+00 -1.0000E+00  1.0256E+00  2.7260E-01  7.5300E-01  0.0000E+00
  1.0000E+00  1.1840E+03  4.9333E+01  1.7734E+00  1.0000E+02  0.0000E+00  0.0000E+00  0.0000E+00  0.0000E+00  0.0000E+00  2.6616E-01  6.2273E+00  3.8727E+00  6.2018E-01  2.0454E+02  1.0000E+00  2.6616E-01  0.0000E+00 -1.0000E+00  1.7734E+00  2.6616E-01  1.5072E+00  0.0000E+00
  1.0000E+00  1.1850E+03  4.9375E+01  1.5776E+00  1.0000E+02  0.0000E+00  0.0000E+00  0.0000E+00  0.0000E+00  0.0000E+00  2.6038E-01  6.0892E+00  3.7859E+00  6.0627E-01  2.0480E+02  1.0000E+00  2.6038E-01  0.0000E+00 -1.0000E+00  1.5776E+00  2.6038E-01  1.3172E+00  0.0000E+00
  1.0000E+00  1.1860E+03  4.9417E+01 -3.0529E-01  1.0000E+02  0.0000E+00  0.0000E+00  0.0000E+00  0.0000E+00  0.0000E+00  2.5527E-01  5.9667E+00  3.7088E+00  5.9391E-01  2.0506E+02  1.0000E+00  2.5527E-01  0.0000E+00 -1.0000E+00 -3.0529E-01  2.5527E-01 -5.6055E-01  0.0000E+00
  1.0000E+00  1.1870E+03  4.9458E+01  1.8271E-01  1.0000E+02  0.0000E+00  0.0000E+00  0.0000E+00  0.0000E+00  0.0000E+00  2.5077E-01  5.8588E+00  3.6408E+00  5.8300E-01  2.0531E+02  1.0000E+00  2.5077E-01  0.0000E+00 -1.0000E+00  1.8271E-01  2.5077E-01 -6.8056E-02  0.0000E+00
  1.0000E+00  1.1880E+03  4.9500E+01  3.4529E-02  1.0000E+02  0.0000E+00  0.0000E+00  0.0000E+00  0.0000E+00  0.0000E+00  2.4681E-01  5.7638E+00  3.5810E+00  5.7341E-01  2.0556E+02  1.0000E+00  2.4681E-01  0.0000E+00 -1.0000E+00  3.4529E-02  2.4681E-01 -2.1228E-01  0.0000E+00
  1.0000E+00  1.1890E+03  4.9542E+01 -4.2826E-01  1.0000E+02  0.0000E+00  0.0000E+00  0.0000E+00  0.0000E+00  0.0000E+00  2.4331E-01  5.6800E+00  3.5283E+00  5.6495E-01  2.0581E+02  1.0000E+00  2.4331E-01  0.0000E+00 -1.0000E+00 -4.2826E-01  2.4331E-01 -6.7157E-01  0.0000E+00
  1.0000E+00  1.1900E+03  4.9583E+01 -9.6576E-01  1.0000E+02  0.0000E+00  0.0000E+00  0.0000E+00  0.0000E+00  0.0000E+00  2.4021E-01  5.6058E+00  3.4816E+00  5.5746E-01  2.0605E+02  1.0000E+00  2.4021E-01  0.0000E+00 -1.0000E+00 -9.6576E-01  2.4021E-01 -1.2060E+00  0.0000E+00
  1.0000E+00  1.1910E+03  4.9625E+01  5.7794E-01  1.0000E+02  0.0000E+00  0.0000E+00  0.0000E+00  0.0000E+00  0.0000E+00  2.3744E-01  5.5397E+00  3.4400E+00  5.5079E-01  2.0629E+02  1.0000E+00  2.3744E-01  0.0000E+00 -1.0000E+00  5.7794E-01  2.3744E-01  3.4050E-01  0.0000E+00
  1.0000E+00  1.1920E+03  4.9667E+01  1.1274E+00  1.0000E+02  0.0000E+00  0.0000E+00  0.0000E+00  0.0000E+00  0.0000E+00  2.3496E-01  5.4804E+00  3.4028E+00  5.4481E-01  2.0652E+02  1.0000E+00  2.3496E-01  0.0000E+00 -1.0000E+00  1.1274E+00  2.3496E-01  8.9248E-01  0.0000E+00
  1.0000E+00  1.1930E+03  4.9708E+01  1.1115E-01  1.0000E+02  0.0000E+00  0.0000E+00  0.0000E+00  0.0000E+00  0.0000E+00  2.3271E-01  5.4269E+00  3.3692E+00  5.3943E-01  2.0676E+02  1.0000E+00  2.3271E-01  0.0000E+00 -1.0000E+00  1.1115E-01  2.3271E-01 -1.2155E-01  0.0000E+00
  1.0000E+00  1.1940E+03  4.9750E+01  5.3218E-01  1.0000E+02  0.0000E+00  0.0000E+00  0.0000E+00  0.0000E+00  0.0000E+00  2.3066E-01  5.3783E+00  3.3387E+00  5.3454E-01  2.0699E+02  1.0000E+00  2.3066E-01  0.0000E+00 -1.0000E+00  5.3218E-01  2.3066E-01  3.0151E-01  0.0000E+00
  1.0000E+00  1.1950E+03  4.9792E+01 -8.6161E-02  1.0000E+02  0.0000E+00  0.0000E+00  0.0000E+00  0.0000E+00  0.0000E+00  2.2879E-01  5.3339E+00  3.3108E+00  5.3007E-01  2.0722E+02  1.0000E+00  2.2879E-01  0.0000E+00 -1.0000E+00 -8.6161E-02  2.2879E-01 -3.1495E-01  0.0000E+00
  1.0000E+00  1.1960E+03  4.9833E+01  4.8415E-01  1.0000E+02  0.0000E+00  0.0000E+00  0.0000E+00  0.0000E+00  0.0000E+00  2.2707E-01  5.2930E+00  3.2852E+00  5.2597E-01  2.0745E+02  1.0000E+00  2.2707E-01  0.0000E+00 -1.0000E+00  4.8415E-01  2.2707E-01  2.5708E-01  0.0000E+00
  1.0000E+00  1.1970E+03  4.9875E+01  1.3174E+00  1.0000E+02  0.0000E+00  0.0000E+00  0.0000E+00  0.0000E+00  0.0000E+00  2.2547E-01  5.2552E+00  3.2615E+00  5.2217E-01  2.0767E+02  1.0000E+00  2.2547E-01  0.0000E+00 -1.0000E+00  1.3174E+00  2.2547E-01  1.0919E+00  0.0000E+00
  1.0000E+00  1.1980E+03  4.9917E+01 -5.2339E-01  1.0000E+02  0.0000E+00  0.0000E+00  0.0000E+00  0.0000E+00  0.0000E+00  2.2398E-01  5.2200E+00  3.2395E+00  5.1865E-01  2.0790E+02  1.0000E+00  2.2398E-01  0.0000E+00 -1.0000E+00 -5.2339E-01  2.2398E-01 -7.4737E-01  0.0000E+00
  1.0000E+00  1.1990E+03  4.9958E+01  7.1010E-01  1.0000E+02  0.0000E+00  0.0000E+00  0.0000E+00  0.0000E+00  0.0000E+00  2.2259E-01  5.1871E+00  3.2190E+00  5.1535E-01  2.0812E+02  1.0000E+00  2.2259E-01  0.0000E+00 -1.0000E+00  7.1010E-01  2.2259E-01  4.8751E-01  0.0000E+00
  1.0000E+00  1.2000E+03  5.0000E+01  1.6859E+00  1.0000E+02  0.0000E+00  0.0000E+00  0.0000E+00  0.0000E+00  0.0000E+00  2.2128E-01  5.1562E+00  3.1997E+00  5.1226E-01  2.0834E+02  1.0000E+00  2.2128E-01  0.0000E+00 -1.0000E+00  1.6859E+00  2.2128E-01  1.4646E+00  0.0000E+00
  1.0000E+00  1.2010E+03  5.0042E+01  1.4119E+00  1.0000E+02  0.0000E+00  0.0000E+00  0.0000E+00  0.0000E+00  0.0000E+00  2.7425E-01  6.1656E+00  3.7501E+00  5.9892E-01  2.0859E+02  1.0000E+00  2.7425E-01  0.0000E+00 -1.0000E+00  1.4119E+00  2.7425E-01  1.1376E+00  0.0000E+00
  1.0000E+00  1.2020E+03  5.0083E+01  2.4156E-01  1.0000E+02  0.0000E+00  0.0000E+00  0.0000E+00  0.0000E+00  0.0000E+00  2.9430E-01  6.7710E+00  4.1613E+00  6.6528E-01  2.0888E+02  1.0000E+00  2.9430E-01  0.0000E+00 -1.0000E+00  2.4156E-01  2.9430E-01 -5.2735E-02  0.0000E+00
  1.0000E+00  1.2030E+03  5.0125E+01 -2.0261E-01  1.0000E+02  0.0000E+00  0.0000E+00  0.0000E+00  0.0000E+00  0.0000E+00  2.9838E-01  6.9356E+00  4.2915E+00  6.8674E-01  2.0918E+02  1.0000E+00  2.9838E-01  0.0000E+00 -1.0000E+00 -2.0261E-01  2.9838E-01 -5.0099E-01  0.0000E+00
  1.0000E+00  1.2040E+03  5.0167E+01  1.0605E+00  1.0000E+02  0.0000E+00  0.0000E+00  0.0000E+00  0.0000E+00  0.0000E+00  2.9513E-01  6.8913E+00  4.2778E+00  6.8486E-01  2.0947E+02  1.0000E+00  2.9513E-01  0.0000E+00 -1.0000E+00  1.0605E+00  2.9513E-01  7.6535E-01  0.0000E+00
  1.0000E+00  1.2050E+03  5.0208E+01  5.5310E-01  1.0000E+02  0.0000E+00  0.0000E+00  0.0000E+00  0.0000E+00  0.0000E+00  2.8890E-01  6.7584E+00  4.2011E+00  6.7272E-01  2.0977E+02  1.0000E+00  2.8890E-01  0.0000E+00 -1.0000E+00  5.5310E-01  2.8890E-01  2.6420E-01  0.0000E+00
  1.0000E+00  1.2060E+03  5.0250E+01  1.1892E+00  1.0000E+02  0.0000E+00  0.0000E+00  0.0000E+00  0.0000E+00  0.0000E+00  2.8180E-01  6.5960E+00  4.1022E+00  6.5694E-01  2.1005E+02  1.0000E+00  2.8180E-01  0.0000E+00 -1.0000E+00  1.1892E+00  2.8180E-01  9.0742E-01  0.0000E+00
  1.0000E+00  1.2070E+03  5.0292E+01 -2.4990E-01  1.0000E+02  0.0000E+00  0.0000E+00  0.0000E+00  0.0000E+00  0.0000E+00  2.7483E-01  6.4322E+00  4.0006E+00  6.4067E-01  2.1033E+02  1.0000E+00  2.7483E-01  0.0000E+00 -1.0000E+00 -2.4990E-01  2.7483E-01 -5.2473E-01  0.0000E+00
  1.0000E+00  1.2080E+03  5.0333E+01  4.2190E-01  1.0000E+02  0.0000E+00  0.0000E+00  0.0000E+00  0.0000E+00  0.0000E+00  2.6838E-01  6.2790E+00  3.9048E+00  6.2532E-01  2.1060E+02  1.0000E+00  2.6838E-01  0.0000E+00 -1.0000E+00  4.2190E-01  2.6838E-01  1.5352E-01  0.0000E+00
  1.0000E+00  1.2090E+03  5.0375E+01  4.0955E-01  1.0000E+02  0.0000E+00  0.0000E+00  0.0000E+00  0.0000E+00  0.0000E+00  2.6260E-01  6.1409E+00  3.8180E+00  6.1140E-01  2.1087E+02  1.0000E+00  2.6260E-01  0.0000E+00 -1.0000E+00  4.0955E-01  2.6260E-01  1.4695E-01  0.0000E+00
  1.0000E+00  1.2100E+03  5.0417E+01 -7.6662E-01  1.0000E+02  0.0000E+00  0.0000E+00  0.0000E+00  0.0000E+00  0.0000E+00  2.5749E-01  6.0183E+00  3.7408E+00  5.9903E-01  2.1113E+02  1.0000E+00  2.5749E-01  0.0000E+00 -1.0000E+00 -7.6662E-01  2.5749E-01 -1.0241E+00  0.0000E+00
  1.0000E+00  1.2110E+03  5.0458E+01 -1.2793E+00  1.0000E+02  0.0000E+00  0.0000E+00  0.0000E+00  0.0000E+00  0.0000E+00  2.5298E-01  5.9104E+00  3.6728E+00  5.8812E-01  2.1138E+02  1.0000E+00  2.5298E-01  0.0000E+00 -1.0000E+00 -1.2793E+00  2.5298E-01 -1.5323E+00  0.0000E+00
  1.0000E+00  1.2120E+03  5.0500E+01  6.5963E-01  1.0000E+02  0.0000E+00  0.0000E+00  0.0000E+00  0.0000E+00  0.0000E+00  2.4902E-01  5.8154E+00  3.6130E+00  5.7853E-01  2.1163E+02  1.0000E+00  2.4902E-01  0.0000E+00 -1.0000E+00  6.5963E-01  2.4902E-01  4.1061E-01  0.0000E+00
  1.0000E+00  1.2130E+03  5.0542E+01 -8.9526E-02  1.0000E+02  0.0000E+00  0.0000E+00  0.0000E+00  0.0000E+00  0.0000E+00  2.4552E-01  5.7316E+00  3.5602E+00  5.7006E-01  2.1188E+02  1.0000E+00  2.4552E-01  0.0000E+00 -1.0000E+00 -8.9526E-02  2.4552E-01 -3.3505E-01  0.0000E+00
  1.0000E+00  1.2140E+03  5.0583E+01  1.1804E+00  1.0000E+02  0.0000E+00  0.0000E+00  0.0000E+00  0.0000E+00  0.0000E+00  2.4242E-01  5.6573E+00  3.5135E+00  5.6257E-01  2.1212E+02  1.0000E+00  2.4242E-01  0.0000E+00 -1.0000E+00  1.1804E+00  2.4242E-01  9.3793E-01  0.0000E+00
  1.0000E+00  1.2150E+03  5.0625E+01 -1.3952E+00  1.0000E+02  0.0000E+00  0.0000E+00  0.0000E+00  0.0000E+00  0.0000E+00  2.3965E-01  5.5911E+00  3.4719E+00  5.5589E-01  2.1237E+02  1.0000E+00  2.3965E-01  0.0000E+00 -1.0000E+00 -1.3952E+00  2.3965E-01 -1.6349E+00  0.0000E+00
  1.0000E+00  1.2160E+03  5.0667E+01 -1.0918E-02  1.0000E+02  0.0000E+00  0.0000E+00  0.0000E+00  0.0000E+00  0.0000E+00  2.3716E-01  5.5318E+00  3.4346E+00  5.4992E-01  2.1260E+02  1.0000E+00  2.3716E-01  0.0000E+00 -1.0000E+00 -1.0918E-02  2.3716E-01 -2.4808E-01  0.0000E+00
  1.0000E+00  1.2170E+03  5.0708E+01  1.5359E+00  1.0000E+02  0.0000E+00  0.0000E+00  0.0000E+00  0.0000E+00  0.0000E+00  2.3491E-01  5.4783E+00  3.4010E+00  5.4452E-01  2.1284E+02  1.0000E+00  2.3491E-01  0.0000E+00 -1.0000E+00  1.5359E+00  2.3491E-01  1.3009E+00  0.0000E+00
  1.0000E+00  1.2180E+03  5.0750E+01  1.2034E-01  1.0000E+02  0.0000E+00  0.0000E+00  0.0000E+00  0.0000E+00  0.0000E+00  2.3287E-01  5.4296E+00  3.3705E+00  5.3963E-01  2.1307E+02  1.0000E+00  2.3287E-01  0.0000E+00 -1.0000E+00  1.2034E-01  2.3287E-01 -1.1253E-01  0.0000E+00
  1.0000E+00  1.2190E+03  5.0792E+01 -8.8590E-02  1.0000E+02  0.0000E+00  0.0000E+00  0.0000E+00  0.0000E+00  0.0000E+00  2.3100E-01  5.3851E+00  3.3426E+00  5.3516E-01  2.1331E+02  1.0000E+00  2.3100E-01  0.0000E+00 -1.0000E+00 -8.8590E-02  2.3100E-01 -3.1959E-01  0.0000E+00
  1.0000E+00  1.2200E+03  5.0833E+01  1.2607E+00  1.0000E+02  0.0000E+00  0.0000E+00  0.0000E+00  0.0000E+00  0.0000E+00  2.2927E-01  5.3442E+00  3.3170E+00  5.3105E-01  2.1354E+02  1.0000E+00  2.2927E-01  0.0000E+00 -1.0000E+00  1.2607E+00  2.2927E-01  1.0314E+00  0.0000E+00
  1.0000E+00  1.2210E+03  5.0875E+01  1.4675E+00  1.0000E+02  0.0000E+00  0.0000E+00  0.0000E+00  0.0000E+00  0.0000E+00  2.2767E-01  5.3063E+00  3.2933E+00  5.2725E-01  2.1376E+02  1.0000E+00  2.2767E-01  0.0000E+00 -1.0000E+00  1.4675E+00  2.2767E-01  1.2398E+00  0.0000E+00
  1.0000E+00  1.2220E+03  5.0917E+01  1.1969E+00  1.0000E+02  0.0000E+00  0.0000E+00  0.0000E+00  0.0000E+00  0.0000E+00  2.2618E-01  5.2711E+00  3.2712E+00  5.2372E-01  2.1399E+02  1.0000E+00  2.2618E-01  0.0000E+00 -1.0000E+00  1.1969E+00  2.2618E-01  9.7071E-01  0.0000E+00
  1.0000E+00  1.2230E+03  5.0958E+01 -1.3834E-01  1.0000E+02  0.0000E+00  0.0000E+00  0.0000E+00  0.0000E+00  0.0000E+00  2.2479E-01  5.2382E+00  3.2506E+00  5.2042E-01  2.1422E+02  1.0000E+00  2.2479E-01  0.0000E+00 -1.0000E+00 -1.3834E-01  2.2479E-01 -3.6313E-01  0.0000E+00
  1.0000E+00  1.2240E+03  5.1000E+01 -1.4133E-02  1.0000E+02  0.0000E+00  0.0000E+00  0.0000E+00  0.0000E+00  0.0000E+00  2.2348E-01  5.2073E+00  3.2313E+00  5.1733E-01  2.1444E+02  1.0000E+00  2.2348E-01  0.0000E+00 -1.0000E+00 -1.4133E-02  2.2348E-01 -2.3761E-01  0.0000E+00
  1.0000E+00  1.2250E+03  5.1042E+01 -6.8102E-01  1.0000E+02  0.0000E+00  0.0000E+00  0.0000E+00  0.0000E+00  0.0000E+00  2.7644E-01  6.2166E+00  3.7818E+00  6.0398E-01  2.1469E+02  1.0000E+00  2.7644E-01  0.0000E+00 -1.0000E+00 -6.8102E-01  2.7644E-01 -9.5747E-01  0.0000E+00
  1.0000E+00  1.2260E+03  5.1083E+01  1.3792E+00  1.0000E+02  0.0000E+00  0.0000E+00  0.0000E+00  0.0000E+00  0.0000E+00  2.9649E-01  6.8219E+00  4.1929E+00  6.7034E-01  2.1498E+02  1.0000E+00  2.9649E-01  0.0000E+00 -1.0000E+00  1.3792E+00  2.9649E-01  1.0827E+00  0.0000E+00
  1.0000E+00  1.2270E+03  5.1125E+01  2.0309E+00  1.0000E+02  0.0000E+00  0.0000E+00  0.0000E+00  0.0000E+00  0.0000E+00  3.0056E-01  6.9865E+00  4.3231E+00  6.9180E-01  2.1528E+02  1.0000E+00  3.0056E-01  0.0000E+00 -1.0000E+00  2.0309E+00  3.0056E-01  1.7304E+00  0.0000E+00
  1.0000E+00  1.2280E+03  5.1167E+01 -8.4829E-01  1.0000E+02  0.0000E+00  0.0000E+00  0.0000E+00  0.0000E+00  0.0000E+00  2.9732E-01  6.9422E+00  4.3093E+00  6.8991E-01  2.1558E+02  1.0000E+00  2.9732E-01  0.0000E+00 -1.0000E+00 -8.4829E-01  2.9732E-01 -1.1456E+00  0.0000E+00
  1.0000E+00  1.2290E+03  5.1208E+01  1.7138E-01  1.0000E+02  0.0000E+00  0.0000E+00  0.0000E+00  0.0000E+00  0.0000E+00  2.9108E-01  6.8092E+00  4.2326E+00  6.7777E-01  2.1588E+02  1.0000E+00  2.9108E-01  0.0000E+00 -1.0000E+00  1.7138E-01  2.9108E-01 -1.1971E-01  0.0000E+00
  1.0000E+00  1.2300E+03  5.1250E+01  2.6335E+00  1.0000E+02  0.0000E+00  0.0000E+00  0.0000E+00  0.0000E+00  0.0000E+00  2.8399E-01  6.6468E+00  4.1337E+00  6.6198E-01  2.1616E+02  1.0000E+00  2.8399E-01  0.0000E+00 -1.0000E+00  2.6335E+00  2.8399E-01  2.3495E+00  0.0000E+00
  1.0000E+00  1.2310E+03  5.1292E+01  1.7777E-01  1.0000E+02  0.0000E+00  0.0000E+00  0.0000E+00  0.0000E+00  0.0000E+00  2.7701E-01  6.4829E+00  4.0320E+00  6.4571E-01  2.1644E+02  1.0000E+00  2.7701E-01  0.0000E+00 -1.0000E+00  1.7777E-01  2.7701E-01 -9.9240E-02  0.0000E+00
  1.0000E+00  1.2320E+03  5.1333E+01  8.6571E-01  1.0000E+02  0.0000E+00  0.0000E+00  0.0000E+00  0.0000E+00  0.0000E+00  2.7056E-01  6.3297E+00  3.9362E+00  6.3035E-01  2.1672E+02  1.0000E+00  2.7056E-01  0.0000E+00 -1.0000E+00  8.6571E-01  2.7056E-01  5.9515E-01  0.0000E+00
  1.0000E+00  1.2330E+03  5.1375E+01 -2.0341E+00  1.0000E+02  0.0000E+00  0.0000E+00  0.0000E+00  0.0000E+00  0.0000E+00  2.6478E-01  6.1915E+00  3.8494E+00  6.1643E-01  2.1699E+02  1.0000E+00  2.6478E-01  0.0000E+00 -1.0000E+00 -2.0341E+00  2.6478E-01 -2.2989E+00  0.0000E+00
  1.0000E+00  1.2340E+03  5.1417E+01 -1.1001E+00  1.0000E+02  0.0000E+00  0.0000E+00  0.0000E+00  0.0000E+00  0.0000E+00  2.5966E-01  6.0689E+00  3.7722E+00  6.0406E-01  2.1725E+02  1.0000E+00  2.5966E-01  0.0000E+00 -1.0000E+00 -1.1001E+00  2.5966E-01 -1.3597E+00  0.0000E+00
  1.0000E+00  1.2350E+03  5.1458E+01  1.3838E+00  1.0000E+02  0.0000E+00  0.0000E+00  0.0000E+00  0.0000E+00  0.0000E+00  2.5516E-01  5.9609E+00  3.7042E+00  5.9314E-01  2.1750E+02  1.0000E+00  2.5516E-01  0.0000E+00 -1.0000E+00  1.3838E+00  2.5516E-01  1.1287E+00  0.0000E+00
  1.0000E+00  1.2360E+03  5.1500E+01  5.5462E-01  1.0000E+02  0.0000E+00  0.0000E+00  0.0000E+00  0.0000E+00  0.0000E+00  2.5119E-01  5.8659E+00  3.6443E+00  5.8354E-01  2.1776E+02  1.0000E+00  2.5119E-01  0.0000E+00 -1.0000E+00  5.5462E-01  2.5119E-01  3.0343E-01  0.0000E+00
  1.0000E+00  1.2370E+03  5.1542E+01 -4.9579E-01  1.0000E+02  0.0000E+00  0.0000E+00  0.0000E+00  0.0000E+00  0.0000E+00  2.4769E-01  5.7820E+00  3.5915E+00  5.7507E-01  2.1801E+02  1.0000E+00  2.4769E-01  0.0000E+00 -1.0000E+00 -4.9579E-01  2.4769E-01 -7.4348E-01  0.0000E+00
  1.0000E+00  1.2380E+03  5.1583E+01  1.7518E+00  1.0000E+02  0.0000E+00  0.0000E+00  0.0000E+00  0.0000E+00  0.0000E+00  2.4459E-01  5.7077E+00  3.5448E+00  5.6757E-01  2.1825E+02  1.0000E+00  2.4459E-01  0.0000E+00 -1.0000E+00  1.7518E+00  2.4459E-01  1.5073E+00  0.0000E+00
  1.0000E+00  1.2390E+03  5.1625E+01  1.2497E+00  1.0000E+02  0.0000E+00  0.0000E+00  0.0000E+00  0.0000E+00  0.0000E+00  2.4182E-01  5.6415E+00  3.5032E+00  5.6090E-01  2.1850E+02  1.0000E+00  2.4182E-01  0.0000E+00 -1.0000E+00  1.2497E+00  2.4182E-01  1.0079E+00  0.0000E+00
  1.0000E+00  1.2400E+03  5.1667E+01  1.6475E+00  1.0000E+02  0.0000E+00  0.0000E+00  0.0000E+00  0.0000E+00  0.0000E+00  2.3933E-01  5.5822E+00  3.4658E+00  5.5491E-01  2.1874E+02  1.0000E+00  2.3933E-01  0.0000E+00 -1.0000E+00  1.6475E+00  2.3933E-01  1.4082E+00  0.0000E+00
  1.0000E+00  1.2410E+03  5.1708E+01  7.2692E-01  1.0000E+02  0.0000E+00  0.0000E+00  0.0000E+00  0.0000E+00  0.0000E+00  2.3708E-01  5.5286E+00  3.4322E+00  5.4952E-01  2.1898E+02  1.0000E+00  2.3708E-01  0.0000E+00 -1.0000E+00  7.2692E-01  2.3708E-01  4.8985E-01  0.0000E+00
  1.0000E+00  1.2420E+03  5.1750E+01 -4.4788E-01  1.0000E+02  0.0000E+00  0.0000E+00  0.0000E+00  0.0000E+00  0.0000E+00  2.3503E-01  5.4799E+00  3.4017E+00  5.4462E-01  2.1921E+02  1.0000E+00  2.3503E-01  0.0000E+00 -1.0000E+00 -4.4788E-01  2.3503E-01 -6.8290E-01  0.0000E+00
  1.0000E+00  1.2430E+03  5.1792E+01  1.2989E+00  1.0000E+02  0.0000E+00  0.0000E+00  0.0000E+00  0.0000E+00  0.0000E+00  2.3315E-01  5.4353E+00  3.3737E+00  5.4015E-01  2.1945E+02  1.0000E+00  2.3315E-01  0.0000E+00 -1.0000E+00  1.2989E+00  2.3315E-01  1.0658E+00  0.0000E+00
  1.0000E+00  1.2440E+03  5.1833E+01  2.3688E+00  1.0000E+02  0.0000E+00  0.0000E+00  0.0000E+00  0.0000E+00  0.0000E+00  2.3143E-01  5.3944E+00  3.3481E+00  5.3603E-01  2.1968E+02  1.0000E+00  2.3143E-01  0.0000E+00 -1.0000E+00  2.3688E+00  2.3143E-01  2.1374E+00  0.0000E+00
  1.0000E+00  1.2450E+03  5.1875E+01  1.7623E+00  1.0000E+02  0.0000E+00  0.0000E+00  0.0000E+00  0.0000E+00  0.0000E+00  2.2982E-01  5.3565E+00  3.3244E+00  5.3223E-01  2.1991E+02  1.0000E+00  2.2982E-01  0.0000E+00 -1.0000E+00  1.7623E+00  2.2982E-01  1.5325E+00  0.0000E+00
  1.0000E+00  1.2460E+03  5.1917E+01  6.1387E-01  1.0000E+02  0.0000E+00  0.0000E+00  0.0000E+00  0.0000E+00  0.0000E+00  2.2833E-01  5.3212E+00  3.3023E+00  5.2870E-01  2.2014E+02  1.0000E+00  2.2833E-01  0.0000E+00 -1.0000E+00  6.1387E-01  2.2833E-01  3.8553E-01  0.0000E+00
  1.0000E+00  1.2470E+03  5.1958E+01 -9.6636E-01  1.0000E+02  0.0000E+00  0.0000E+00  0.0000E+00  0.0000E+00  0.0000E+00  2.2694E-01  5.2882E+00  3.2817E+00  5.2539E-01  2.2037E+02  1.0000E+00  2.2694E-01  0.0000E+00 -1.0000E+00 -9.6636E-01  2.2694E-01 -1.1933E+00  0.0000E+00
  1.0000E+00  1.2480E+03  5.2000E+01  3.1239E-01  1.0000E+02  0.0000E+00  0.0000E+00  0.0000E+00  0.0000E+00  0.0000E+00  2.2563E-01  5.2573E+00  3.2623E+00  5.2229E-01  2.2059E+02  1.0000E+00  2.2563E-01  0.0000E+00 -1.0000E+00  3.1239E-01  2.2563E-01  8.6760E-02  0.0000E+00
  1.0000E+00  1.2490E+03  5.2042E+01  3.8293E-01  1.0000E+02  0.0000E+00  0.0000E+00  0.0000E+00  0.0000E+00  0.0000E+00  2.7859E-01  6.2666E+00  3.8128E+00  6.0895E-01  2.2085E+02  1.0000E+00  2.7859E-01  0.0000E+00 -1.0000E+00  3.8293E-01  2.7859E-01  1.0434E-01  0.0000E+00
  1.0000E+00  1.2500E+03  5.2083E+01  1.6657E+00  1.0000E+02  0.0000E+00  0.0000E+00  0.0000E+00  0.0000E+00  0.0000E+00  2.9863E-01  6.8719E+00  4.2239E+00  6.7530E-01  2.2114E+02  1.0000E+00  2.9863E-01  0.0000E+00 -1.0000E+00  1.6657E+00  2.9863E-01  1.3671E+00  0.0000E+00
  1.0000E+00  1.2510E+03  5.2125E+01  9.2949E-01  1.0000E+02  0.0000E+00  0.0000E+00  0.0000E+00  0.0000E+00  0.0000E+00  3.0271E-01  7.0364E+00  4.3541E+00  6.9675E-01  2.2144E+02  1.0000E+00  3.0271E-01  0.0000E+00 -1.0000E+00  9.2949E-01  3.0271E-01  6.2678E-01  0.0000E+00
  1.0000E+00  1.2520E+03  5.2167E+01 -9.6524E-02  1.0000E+02  0.0000E+00  0.0000E+00  0.0000E+00  0.0000E+00  0.0000E+00  2.9946E-01  6.9920E+00  4.3403E+00  6.9486E-01  2.2174E+02  1.0000E+00  2.9946E-01  0.0000E+00 -1.0000E+00 -9.6524E-02  2.9946E-01 -3.9598E-01  0.0000E+00
  1.0000E+00  1.2530E+03  5.2208E+01 -4.9800E-02  1.0000E+02  0.0000E+00  0.0000E+00  0.0000E+00  0.0000E+00  0.0000E+00  2.9322E-01  6.8590E+00  4.2635E+00  6.8271E-01  2.2204E+02  1.0000E+00  2.9322E-01  0.0000E+00 -1.0000E+00 -4.9800E-02  2.9322E-01 -3.4302E-01  0.0000E+00
  1.0000E+00  1.2540E+03  5.2250E+01  2.5061E-01  1.0000E+02  0.0000E+00  0.0000E+00  0.0000E+00  0.0000E+00  0.0000E+00  2.8612E-01  6.6966E+00  4.1646E+00  6.6692E-01  2.2233E+02  1.0000E+00  2.8612E-01  0.0000E+00 -1.0000E+00  2.5061E-01  2.8612E-01 -3.5516E-02  0.0000E+00
  1.0000E+00  1.2550E+03  5.2292E+01  7.5224E-01  1.0000E+02  0.0000E+00  0.0000E+00  0.0000E+00  0.0000E+00  0.0000E+00  2.7914E-01  6.5326E+00  4.0629E+00  6.5065E-01  2.2261E+02  1.0000E+00  2.7914E-01  0.0000E+00 -1.0000E+00  7.5224E-01  2.7914E-01  4.7309E-01  0.0000E+00
  1.0000E+00  1.2560E+03  5.2333E+01 -1.2519E+00  1.0000E+02  0.0000E+00  0.0000E+00  0.0000E+00  0.0000E+00  0.0000E+00  2.7269E-01  6.3794E+00  3.9670E+00  6.3528E-01  2.2289E+02  1.0000E+00  2.7269E-01  0.0000E+00 -1.0000E+00 -1.2519E+00  2.7269E-01 -1.5246E+00  0.0000E+00
  1.0000E+00  1.2570E+03  5.2375E+01  1.6751E-01  1.0000E+02  0.0000E+00  0.0000E+00  0.0000E+00  0.0000E+00  0.0000E+00  2.6691E-01  6.2411E+00  3.8802E+00  6.2136E-01  2.2316E+02  1.0000E+00  2.6691E-01  0.0000E+00 -1.0000E+00  1.6751E-01  2.6691E-01 -9.9402E-02  0.0000E+00
  1.0000E+00  1.2580E+03  5.2417E+01 -6.3573E-01  1.0000E+02  0.0000E+00  0.0000E+00  0.0000E+00  0.0000E+00  0.0000E+00  2.6179E-01  6.1185E+00  3.8030E+00  6.0898E-01  2.2342E+02  1.0000E+00  2.6179E-01  0.0000E+00 -1.0000E+00 -6.3573E-01  2.6179E-01 -8.9752E-01  0.0000E+00
  1.0000E+00  1.2590E+03  5.2458E+01  5.5424E-01  1.0000E+02  0.0000E+00  0.0000E+00  0.0000E+00  0.0000E+00  0.0000E+00  2.5729E-01  6.0105E+00  3.7349E+00  5.9806E-01  2.2368E+02  1.0000E+00  2.5729E-01  0.0000E+00 -1.0000E+00  5.5424E-01  2.5729E-01  2.9695E-01  0.0000E+00
  1.0000E+00  1.2600E+03  5.2500E+01  1.3061E+00  1.0000E+02  0.0000E+00  0.0000E+00  0.0000E+00  0.0000E+00  0.0000E+00  2.5332E-01  5.9154E+00  3.6750E+00  5.8846E-01  2.2393E+02  1.0000E+00  2.5332E-01  0.0000E+00 -1.0000E+00  1.3061E+00  2.5332E-01  1.0528E+00  0.0000E+00
  1.0000E+00  1.2610E+03  5.2542E+01  1.5050E+00  1.0000E+02  0.0000E+00  0.0000E+00  0.0000E+00  0.0000E+00  0.0000E+00  2.4982E-01  5.8315E+00  3.6222E+00  5.7998E-01  2.2419E+02  1.0000E+00  2.4982E-01  0.0000E+00 -1.0000E+00  1.5050E+00  2.4982E-01  1.2551E+00  0.0000E+00
  1.0000E+00  1.2620E+03  5.2583E+01  7.1320E-01  1.0000E+02  0.0000E+00  0.0000E+00  0.0000E+00  0.0000E+00  0.0000E+00  2.4671E-01  5.7572E+00  3.5754E+00  5.7248E-01  2.2443E+02  1.0000E+00  2.4671E-01  0.0000E+00 -1.0000E+00  7.1320E-01  2.4671E-01  4.6649E-01  0.0000E+00
  1.0000E+00  1.2630E+03  5.2625E+01 -1.8969E-01  1.0000E+02  0.0000E+00  0.0000E+00  0.0000E+00  0.0000E+00  0.0000E+00  2.4394E-01  5.6909E+00  3.5338E+00  5.6580E-01  2.2468E+02  1.0000E+00  2.4394E-01  0.0000E+00 -1.0000E+00 -1.8969E-01  2.4394E-01 -4.3363E-01  0.0000E+00
  1.0000E+00  1.2640E+03  5.2667E+01  7.8341E-02  1.0000E+02  0.0000E+00  0.0000E+00  0.0000E+00  0.0000E+00  0.0000E+00  2.4145E-01  5.6315E+00  3.4964E+00  5.5981E-01  2.2492E+02  1.0000E+00  2.4145E-01  0.0000E+00 -1.0000E+00  7.8341E-02  2.4145E-01 -1.6311E-01  0.0000E+00
  1.0000E+00  1.2650E+03  5.2708E+01 -2.1448E-01  1.0000E+02  0.0000E+00  0.0000E+00  0.0000E+00  0.0000E+00  0.0000E+00  2.3919E-01  5.5779E+00  3.4628E+00  5.5441E-01  2.2516E+02  1.0000E+00  2.3919E-01  0.0000E+00 -1.0000E+00 -2.1448E-01  2.3919E-01 -4.5367E-01  0.0000E+00
  1.0000E+00  1.2660E+03  5.2750E+01  1.4047E-01  1.0000E+02  0.0000E+00  0.0000E+00  0.0000E+00  0.0000E+00  0.0000E+00  2.3714E-01  5.5291E+00  3.4322E+00  5.4951E-01  2.2540E+02  1.0000E+00  2.3714E-01  0.0000E+00 -1.0000E+00  1.4047E-01  2.3714E-01 -9.6674E-02  0.0000E+00
  1.0000E+00  1.2670E+03  5.2792E+01  4.9345E-01  1.0000E+02  0.0000E+00  0.0000E+00  0.0000E+00  0.0000E+00  0.0000E+00  2.3527E-01  5.4846E+00  3.4043E+00  5.4503E-01  2.2564E+02  1.0000E+00  2.3527E-01  0.0000E+00 -1.0000E+00  4.9345E-01  2.3527E-01  2.5818E-01  0.0000E+00
  1.0000E+00  1.2680E+03  5.2833E+01 -6.5651E-01  1.0000E+02  0.0000E+00  0.0000E+00  0.0000E+00  0.0000E+00  0.0000E+00  2.3354E-01  5.4436E+00  3.3786E+00  5.4092E-01  2.2587E+02  1.0000E+00  2.3354E-01  0.0000E+00 -1.0000E+00 -6.5651E-01  2.3354E-01 -8.9004E-01  0.0000E+00
  1.0000E+00  1.2690E+03  5.2875E+01  1.7074E+00  1.0000E+02  0.0000E+00  0.0000E+00  0.0000E+00  0.0000E+00  0.0000E+00  2.3194E-01  5.4056E+00  3.3548E+00  5.3711E-01  2.2610E+02  1.0000E+00  2.3194E-01  0.0000E+00 -1.0000E+00  1.7074E+00  2.3194E-01  1.4754E+00  0.0000E+00
  1.0000E+00  1.2700E+03  5.2917E+01  8.0213E-01  1.0000E+02  0.0000E+00  0.0000E+00  0.0000E+00  0.0000E+00  0.0000E+00  2.3044E-01  5.3703E+00  3.3327E+00  5.3357E-01  2.2633E+02  1.0000E+00  2.3044E-01  0.0000E+00 -1.0000E+00  8.0213E-01  2.3044E-01  5.7169E-01  0.0000E+00
  1.0000E+00  1.2710E+03  5.2958E+01  4.8011E-01  1.0000E+02  0.0000E+00  0.0000E+00  0.0000E+00  0.0000E+00  0.0000E+00  2.2904E-01  5.3373E+00  3.3121E+00  5.3026E-01  2.2656E+02  1.0000E+00  2.2904E-01  0.0000E+00 -1.0000E+00  4.8011E-01  2.2904E-01  2.5106E-01  0.0000E+00
  1.0000E+00  1.2720E+03  5.3000E+01  1.4454E-02  1.0000E+02  0.0000E+00  0.0000E+00  0.0000E+00  0.0000E+00  0.0000E+00  2.2773E-01  5.3063E+00  3.2927E+00  5.2716E-01  2.2679E+02  1.0000E+00  2.2773E-01  0.0000E+00 -1.0000E+00  1.4454E-02  2.2773E-01 -2.1328E-01  0.0000E+00
  1.0000E+00  1.2730E+03  5.3042E+01 -3.8706E-02  1.0000E+02  0.0000E+00  0.0000E+00  0.0000E+00  0.0000E+00  0.0000E+00  2.8069E-01  6.3155E+00  3.8431E+00  6.1381E-01  2.2705E+02  1.0000E+00  2.8069E-01  0.0000E+00 -1.0000E+00 -3.8706E-02  2.8069E-01 -3.1940E-01  0.0000E+00
  1.0000E+00  1.2740E+03  5.3083E+01 -9.3428E-01  1.0000E+02  0.0000E+00  0.0000E+00  0.0000E+00  0.0000E+00  0.0000E+00  3.0074E-01  6.9208E+00  4.2542E+00  6.8015E-01  2.2734E+02  1.0000E+00  3.0074E-01  0.0000E+00 -1.0000E+00 -9.3428E-01  3.0074E-01 -1.2350E+00  0.0000E+00
  1.0000E+00  1.2750E+03  5.3125E+01 -7.3657E-01  1.0000E+02  0.0000E+00  0.0000E+00  0.0000E+00  0.0000E+00  0.0000E+00  3.0481E-01  7.0853E+00  4.3844E+00  7.0160E-01  2.2765E+02  1.0000E+00  3.0481E-01  0.0000E+00 -1.0000E+00 -7.3657E-01  3.0481E-01 -1.0414E+00  0.0000E+00
  1.0000E+00  1.2760E+03  5.3167E+01  9.9802E-01  1.0000E+02  0.0000E+00  0.0000E+00  0.0000E+00  0.0000E+00  0.0000E+00  3.0156E-01  7.0409E+00  4.3705E+00  6.9971E-01  2.2795E+02  1.0000E+00  3.0156E-01  0.0000E+00 -1.0000E+00  9.9802E-01  3.0156E-01  6.9646E-01  0.0000E+00
  1.0000E+00  1.2770E+03  5.3208E+01  2.7422E+00  1.0000E+02  0.0000E+00  0.0000E+00  0.0000E+00  0.0000E+00  0.0000E+00  2.9532E-01  6.9078E+00  4.2938E+00  6.8756E-01  2.2825E+02  1.0000E+00  2.9532E-01  0.0000E+00 -1.0000E+00  2.7422E+00  2.9532E-01  2.4469E+00  0.0000E+00
  1.0000E+00  1.2780E+03  5.3250E+01  6.9808E-01  1.0000E+02  0.0000E+00  0.0000E+00  0.0000E+00  0.0000E+00  0.0000E+00  2.8822E-01  6.7453E+00  4.1948E+00  6.7176E-01  2.2854E+02  1.0000E+00  2.8822E-01  0.0000E+00 -1.0000E+00  6.9808E-01  2.8822E-01  4.0986E-01  0.0000E+00
  1.0000E+00  1.2790E+03  5.3292E+01  9.0407E-01  1.0000E+02  0.0000E+00  0.0000E+00  0.0000E+00  0.0000E+00  0.0000E+00  2.8124E-01  6.5814E+00  4.0931E+00  6.5548E-01  2.2883E+02  1.0000E+00  2.8124E-01  0.0000E+00 -1.0000E+00  9.0407E-01  2.8124E-01  6.2284E-01  0.0000E+00
  1.0000E+00  1.2800E+03  5.3333E+01  2.6011E-01  1.0000E+02  0.0000E+00  0.0000E+00  0.0000E+00  0.0000E+00  0.0000E+00  2.7479E-01  6.4281E+00  3.9972E+00  6.4012E-01  2.2910E+02  1.0000E+00  2.7479E-01  0.0000E+00 -1.0000E+00  2.6011E-01  2.7479E-01 -1.4674E-02  0.0000E+00
  1.0000E+00  1.2810E+03  5.3375E+01  2.9807E-01  1.0000E+02  0.0000E+00  0.0000E+00  0.0000E+00  0.0000E+00  0.0000E+00  2.6900E-01  6.2898E+00  3.9103E+00  6.2619E-01  2.2938E+02  1.0000E+00  2.6900E-01  0.0000E+00 -1.0000E+00  2.9807E-01  2.6900E-01  2.9068E-02  0.0000E+00
  1.0000E+00  1.2820E+03  5.3417E+01 -4.7787E-01  1.0000E+02  0.0000E+00  0.0000E+00  0.0000E+00  0.0000E+00  0.0000E+00  2.6388E-01  6.1671E+00  3.8331E+00  6.1380E-01  2.2964E+02  1.0000E+00  2.6388E-01  0.0000E+00 -1.0000E+00 -4.7787E-01  2.6388E-01 -7.4175E-01  0.0000E+00
  1.0000E+00  1.2830E+03  5.3458E+01 -5.0981E-01  1.0000E+02  0.0000E+00  0.0000E+00  0.0000E+00  0.0000E+00  0.0000E+00  2.5937E-01  6.0590E+00  3.7650E+00  6.0288E-01  2.2990E+02  1.0000E+00  2.5937E-01  0.0000E+00 -1.0000E+00 -5.0981E-01  2.5937E-01 -7.6918E-01  0.0000E+00
  1.0000E+00  1.2840E+03  5.3500E+01  3.7494E-02  1.0000E+02  0.0000E+00  0.0000E+00  0.0000E+00  0.0000E+00  0.0000E+00  2.5540E-01  5.9639E+00  3.7051E+00  5.9327E-01  2.3016E+02  1.0000E+00  2.5540E-01  0.0000E+00 -1.0000E+00  3.7494E-02  2.5540E-01 -2.1791E-01  0.0000E+00
  1.0000E+00  1.2850E+03  5.3542E+01 -2.3203E-01  1.0000E+02  0.0000E+00  0.0000E+00  0.0000E+00  0.0000E+00  0.0000E+00  2.5190E-01  5.8800E+00  3.6523E+00  5.8480E-01  2.3041E+02  1.0000E+00  2.5190E-01  0.0000E+00 -1.0000E+00 -2.3203E-01  2.5190E-01 -4.8393E-01  0.0000E+00
  1.0000E+00  1.2860E+03  5.3583E+01 -2.2501E-01  1.0000E+02  0.0000E+00  0.0000E+00  0.0000E+00  0.0000E+00  0.0000E+00  2.4879E-01  5.8056E+00  3.6055E+00  5.7729E-01  2.3066E+02  1.0000E+00  2.4879E-01  0.0000E+00 -1.0000E+00 -2.2501E-01  2.4879E-01 -4.7380E-01  0.0000E+00
  1.0000E+00  1.2870E+03  5.3625E+01  7.8006E-01  1.0000E+02  0.0000E+00  0.0000E+00  0.0000E+00  0.0000E+00  0.0000E+00  2.4602E-01  5.7393E+00  3.5638E+00  5.7060E-01  2.3091E+02  1.0000E+00  2.4602E-01  0.0000E+00 -1.0000E+00  7.8006E-01  2.4602E-01  5.3404E-01  0.0000E+00
  1.0000E+00  1.2880E+03  5.3667E+01 -4.8367E-01  1.0000E+02  0.0000E+00  0.0000E+00  0.0000E+00  0.0000E+00  0.0000E+00  2.4352E-01  5.6799E+00  3.5264E+00  5.6461E-01  2.3116E+02  1.0000E+00  2.4352E-01  0.0000E+00 -1.0000E+00 -4.8367E-01  2.4352E-01 -7.2720E-01  0.0000E+00
  1.0000E+00  1.2890E+03  5.3708E+01 -1.6735E+00  1.0000E+02  0.0000E+00  0.0000E+00  0.0000E+00  0.0000E+00  0.0000E+00  2.4127E-01  5.6262E+00  3.4927E+00  5.5921E-01  2.3140E+02  1.0000E+00  2.4127E-01  0.0000E+00 -1.0000E+00 -1.6735E+00  2.4127E-01 -1.9148E+00  0.0000E+00
  1.0000E+00  1.2900E+03  5.3750E+01 -4.4836E-01  1.0000E+02  0.0000E+00  0.0000E+00  0.0000E+00  0.0000E+00  0.0000E+00  2.3922E-01  5.5774E+00  3.4621E+00  5.5430E-01  2.3164E+02  1.0000E+00  2.3922E-01  0.0000E+00 -1.0000E+00 -4.4836E-01  2.3922E-01 -6.8758E-01  0.0000E+00
  1.0000E+00  1.2910E+03  5.3792E+01  2.4385E+00  1.0000E+02  0.0000E+00  0.0000E+00  0.0000E+00  0.0000E+00  0.0000E+00  2.3734E-01  5.5328E+00  3.4342E+00  5.4982E-01  2.3188E+02  1.0000E+00  2.3734E-01  0.0000E+00 -1.0000E+00  2.4385E+00  2.3734E-01  2.2011E+00  0.0000E+00
  1.0000E+00  1.2920E+03  5.3833E+01 -4.8328E-01  1.0000E+02  0.0000E+00  0.0000E+00  0.0000E+00  0.0000E+00  0.0000E+00  2.3561E-01  5.4917E+00  3.4085E+00  5.4570E-01  2.3211E+02  1.0000E+00  2.3561E-01  0.0000E+00 -1.0000E+00 -4.8328E-01  2.3561E-01 -7.1888E-01  0.0000E+00
  1.0000E+00  1.2930E+03  5.3875E+01  3.4318E-01  1.0000E+02  0.0000E+00  0.0000E+00  0.0000E+00  0.0000E+00  0.0000E+00  2.3400E-01  5.4537E+00  3.3847E+00  5.4189E-01  2.3235E+02  1.0000E+00  2.3400E-01  0.0000E+00 -1.0000E+00  3.4318E-01  2.3400E-01  1.0918E-01  0.0000E+00
  1.0000E+00  1.2940E+03  5.3917E+01 -1.6941E+00  1.0000E+02  0.0000E+00  0.0000E+00  0.0000E+00  0.0000E+00  0.0000E+00  2.3251E-01  5.4184E+00  3.3626E+00  5.3834E-01  2.3258E+02  1.0000E+00  2.3251E-01  0.0000E+00 -1.0000E+00 -1.6941E+00  2.3251E-01 -1.9266E+00  0.0000E+00
  1.0000E+00  1.2950E+03  5.3958E+01 -1.4544E+00  1.0000E+02  0.0000E+00  0.0000E+00  0.0000E+00  0.0000E+00  0.0000E+00  2.3111E-01  5.3853E+00  3.3419E+00  5.3503E-01  2.3281E+02  1.0000E+00  2.3111E-01  0.0000E+00 -1.0000E+00 -1.4544E+00  2.3111E-01 -1.6855E+00  0.0000E+00
  1.0000E+00  1.2960E+03  5.4000E+01 -1.2685E+00  1.0000E+02  0.0000E+00  0.0000E+00  0.0000E+00  0.0000E+00  0.0000E+00  2.2979E-01  5.3543E+00  3.3225E+00  5.3193E-01  2.3304E+02  1.0000E+00  2.2979E-01  0.0000E+00 -1.0000E+00 -1.2685E+00  2.2979E-01 -1.4983E+00  0.0000E+00
  1.0000E+00  1.2970E+03  5.4042E+01  7.6645E-01  1.0000E+02  0.0000E+00  0.0000E+00  0.0000E+00  0.0000E+00  0.0000E+00  2.8276E-01  6.3635E+00  3.8729E+00  6.1857E-01  2.3330E+02  1.0000E+00  2.8276E-01  0.0000E+00 -1.0000E+00  7.6645E-01  2.8276E-01  4.8369E-01  0.0000E+00
  1.0000E+00  1.2980E+03  5.4083E+01 -9.3530E-01  1.0000E+02  0.0000E+00  0.0000E+00  0.0000E+00  0.0000E+00  0.0000E+00  3.0280E-01  6.9687E+00  4.2839E+00  6.8491E-01  2.3360E+02  1.0000E+00  3.0280E-01  0.0000E+00 -1.0000E+00 -9.3530E-01  3.0280E-01 -1.2381E+00  0.0000E+00
  1.0000E+00  1.2990E+03  5.4125E+01  1.3719E-01  1.0000E+02  0.0000E+00  0.0000E+00  0.0000E+00  0.0000E+00  0.0000E+00  3.0687E-01  7.1332E+00  4.4141E+00  7.0636E-01  2.3391E+02  1.0000E+00  3.0687E-01  0.0000E+00 -1.0000E+00  1.3719E-01  3.0687E-01 -1.6967E-01  0.0000E+00
  1.0000E+00  1.3000E+03  5.4167E+01  1.9432E+00  1.0000E+02  0.0000E+00  0.0000E+00  0.0000E+00  0.0000E+00  0.0000E+00  3.0361E-01  7.0888E+00  4.4002E+00  7.0446E-01  2.3421E+02  1.0000E+00  3.0361E-01  0.0000E+00 -1.0000E+00  1.9432E+00  3.0361E-01  1.6396E+00  0.0000E+00
  1.0000E+00  1.3010E+03  5.4208E+01  4.1852E-01  1.0000E+02  0.0000E+00  0.0000E+00  0.0000E+00  0.0000E+00  0.0000E+00  2.9737E-01  6.9556E+00  4.3234E+00  6.9231E-01  2.3451E+02  1.0000E+00  2.9737E-01  0.0000E+00 -1.0000E+00  4.1852E-01  2.9737E-01  1.2114E-01  0.0000E+00
  1.0000E+00  1.3020E+03  5.4250E+01 -1.5840E+00  1.0000E+02  0.0000E+00  0.0000E+00  0.0000E+00  0.0000E+00  0.0000E+00  2.9027E-01  6.7931E+00  4.2245E+00  6.7651E-01  2.3481E+02  1.0000E+00  2.9027E-01  0.0000E+00 -1.0000E+00 -1.5840E+00  2.9027E-01 -1.8743E+00  0.0000E+00
  1.0000E+00  1.3030E+03  5.4292E+01 -2.2122E-02  1.0000E+02  0.0000E+00  0.0000E+00  0.0000E+00  0.0000E+00  0.0000E+00  2.8329E-01  6.6291E+00  4.1227E+00  6.6022E-01  2.3509E+02  1.0000E+00  2.8329E-01  0.0000E+00 -1.0000E+00 -2.2122E-02  2.8329E-01 -3.0541E-01  0.0000E+00
  1.0000E+00  1.3040E+03  5.4333E+01  7.5913E-01  1.0000E+02  0.0000E+00  0.0000E+00  0.0000E+00  0.0000E+00  0.0000E+00  2.7683E-01  6.4758E+00  4.0268E+00  6.4485E-01  2.3537E+02  1.0000E+00  2.7683E-01  0.0000E+00 -1.0000E+00  7.5913E-01  2.7683E-01  4.8230E-01  0.0000E+00
  1.0000E+00  1.3050E+03  5.4375E+01  2.3581E-01  1.0000E+02  0.0000E+00  0.0000E+00  0.0000E+00  0.0000E+00  0.0000E+00  2.7105E-01  6.3374E+00  3.9399E+00  6.3092E-01  2.3565E+02  1.0000E+00  2.7105E-01  0.0000E+00 -1.0000E+00  2.3581E-01  2.7105E-01 -3.5232E-02  0.0000E+00
  1.0000E+00  1.3060E+03  5.4417E+01  2.7556E-01  1.0000E+02  0.0000E+00  0.0000E+00  0.0000E+00  0.0000E+00  0.0000E+00  2.6592E-01  6.2147E+00  3.8627E+00  6.1853E-01  2.3591E+02  1.0000E+00  2.6592E-01  0.0000E+00 -1.0000E+00  2.7556E-01  2.6592E-01  9.6343E-03  0.0000E+00
  1.0000E+00  1.3070E+03  5.4458E+01  9.3078E-01  1.0000E+02  0.0000E+00  0.0000E+00  0.0000E+00  0.0000E+00  0.0000E+00  2.6142E-01  6.1066E+00  3.7946E+00  6.0761E-01  2.3618E+02  1.0000E+00  2.6142E-01  0.0000E+00 -1.0000E+00  9.3078E-01  2.6142E-01  6.6936E-01  0.0000E+00
  1.0000E+00  1.3080E+03  5.4500E+01  1.7648E+00  1.0000E+02  0.0000E+00  0.0000E+00  0.0000E+00  0.0000E+00  0.0000E+00  2.5745E-01  6.0114E+00  3.7346E+00  5.9799E-01  2.3644E+02  1.0000E+00  2.5745E-01  0.0000E+00 -1.0000E+00  1.7648E+00  2.5745E-01  1.5074E+00  0.0000E+00
  1.0000E+00  1.3090E+03  5.4542E+01 -2.4926E-01  1.0000E+02  0.0000E+00  0.0000E+00  0.0000E+00  0.0000E+00  0.0000E+00  2.5394E-01  5.9275E+00  3.6817E+00  5.8951E-01  2.3669E+02  1.0000E+00  2.5394E-01  0.0000E+00 -1.0000E+00 -2.4926E-01  2.5394E-01 -5.0320E-01  0.0000E+00
  1.0000E+00  1.3100E+03  5.4583E+01 -6.5499E-02  1.0000E+02  0.0000E+00  0.0000E+00  0.0000E+00  0.0000E+00  0.0000E+00  2.5083E-01  5.8531E+00  3.6349E+00  5.8200E-01  2.3695E+02  1.0000E+00  2.5083E-01  0.0000E+00 -1.0000E+00 -6.5499E-02  2.5083E-01 -3.1633E-01  0.0000E+00
  1.0000E+00  1.3110E+03  5.4625E+01  2.2819E+00  1.0000E+02  0.0000E+00  0.0000E+00  0.0000E+00  0.0000E+00  0.0000E+00  2.4805E-01  5.7867E+00  3.5932E+00  5.7531E-01  2.3719E+02  1.0000E+00  2.4805E-01  0.0000E+00 -1.0000E+00  2.2819E+00  2.4805E-01  2.0339E+00  0.0000E+00
  1.0000E+00  1.3120E+03  5.4667E+01  1.3856E+00  1.0000E+02  0.0000E+00  0.0000E+00  0.0000E+00  0.0000E+00  0.0000E+00  2.4556E-01  5.7272E+00  3.5558E+00  5.6932E-01  2.3744E+02  1.0000E+00  2.4556E-01  0.0000E+00 -1.0000E+00  1.3856E+00  2.4556E-01  1.1401E+00  0.0000E+00
  1.0000E+00  1.3130E+03  5.4708E+01 -2.3182E-01  1.0000E+02  0.0000E+00  0.0000E+00  0.0000E+00  0.0000E+00  0.0000E+00  2.4330E-01  5.6735E+00  3.5221E+00  5.6391E-01  2.3769E+02  1.0000E+00  2.4330E-01  0.0000E+00 -1.0000E+00 -2.3182E-01  2.4330E-01 -4.7512E-01  0.0000E+00
  1.0000E+00  1.3140E+03  5.4750E+01  2.1369E+00  1.0000E+02  0.0000E+00  0.0000E+00  0.0000E+00  0.0000E+00  0.0000E+00  2.4125E-01  5.6247E+00  3.4915E+00  5.5900E-01  2.3793E+02  1.0000E+00  2.4125E-01  0.0000E+00 -1.0000E+00  2.1369E+00  2.4125E-01  1.8956E+00  0.0000E+00
  1.0000E+00  1.3150E+03  5.4792E+01  2.0191E+00  1.0000E+02  0.0000E+00  0.0000E+00  0.0000E+00  0.0000E+00  0.0000E+00  2.3937E-01  5.5801E+00  3.4635E+00  5.5451E-01  2.3817E+02  1.0000E+00  2.3937E-01  0.0000E+00 -1.0000E+00  2.0191E+00  2.3937E-01  1.7797E+00  0.0000E+00
  1.0000E+00  1.3160E+03  5.4833E+01 -1.1427E+00  1.0000E+02  0.0000E+00  0.0000E+00  0.0000E+00  0.0000E+00  0.0000E+00  2.3764E-01  5.5390E+00  3.4377E+00  5.5039E-01  2.3841E+02  1.0000E+00  2.3764E-01  0.0000E+00 -1.0000E+00 -1.1427E+00  2.3764E-01 -1.3804E+00  0.0000E+00
  1.0000E+00  1.3170E+03  5.4875E+01  2.8105E-01  1.0000E+02  0.0000E+00  0.0000E+00  0.0000E+00  0.0000E+00  0.0000E+00  2.3603E-01  5.5009E+00  3.4139E+00  5.4657E-01  2.3864E+02  1.0000E+00  2.3603E-01  0.0000E+00 -1.0000E+00  2.8105E-01  2.3603E-01  4.5018E-02  0.0000E+00
  1.0000E+00  1.3180E+03  5.4917E+01  1.6500E+00  1.0000E+02  0.0000E+00  0.0000E+00  0.0000E+00  0.0000E+00  0.0000E+00  2.3453E-01  5.4655E+00  3.3918E+00  5.4303E-01  2.3888E+02  1.0000E+00  2.3453E-01  0.0000E+00 -1.0000E+00  1.6500E+00  2.3453E-01  1.4154E+00  0.0000E+00
  1.0000E+00  1.3190E+03  5.4958E+01 -1.5806E+00  1.0000E+02  0.0000E+00  0.0000E+00  0.0000E+00  0.0000E+00  0.0000E+00  2.3313E-01  5.4324E+00  3.3711E+00  5.3971E-01  2.3911E+02  1.0000E+00  2.3313E-01  0.0000E+00 -1.0000E+00 -1.5806E+00  2.3313E-01 -1.8138E+00  0.0000E+00
  1.0000E+00  1.3200E+03  5.5000E+01  1.9219E+00  1.0000E+02  0.0000E+00  0.0000E+00  0.0000E+00  0.0000E+00  0.0000E+00  2.3182E-01  5.4014E+00  3.3517E+00  5.3660E-01  2.3935E+02  1.0000E+00  2.3182E-01  0.0000E+00 -1.0000E+00  1.9219E+00  2.3182E-01  1.6901E+00  0.0000E+00
  1.0000E+00  1.3210E+03  5.5042E+01 -3.8368E-01  1.0000E+02  0.0000E+00  0.0000E+00  0.0000E+00  0.0000E+00  0.0000E+00  2.8478E-01  6.4106E+00  3.9020E+00  6.2324E-01  2.3961E+02  1.0000E+00  2.8478E-01  0.0000E+00 -1.0000E+00 -3.8368E-01  2.8478E-01 -6.6846E-01  0.0000E+00
  1.0000E+00  1.3220E+03  5.5083E+01 -1.2524E-01  1.0000E+02  0.0000E+00  0.0000E+00  0.0000E+00  0.0000E+00  0.0000E+00  3.0481E-01  7.0157E+00  4.3131E+00  6.8958E-01  2.3990E+02  1.0000E+00  3.0481E-01  0.0000E+00 -1.0000E+00 -1.2524E-01  3.0481E-01 -4.3005E-01  0.0000E+00
  1.0000E+00  1.3230E+03  5.5125E+01  2.0215E+00  1.0000E+02  0.0000E+00  0.0000E+00  0.0000E+00  0.0000E+00  0.0000E+00  3.0888E-01  7.1801E+00  4.4432E+00  7.1102E-01  2.4021E+02  1.0000E+00  3.0888E-01  0.0000E+00 -1.0000E+00  2.0215E+00  3.0888E-01  1.7126E+00  0.0000E+00
  1.0000E+00  1.3240E+03  5.5167E+01  2.1338E+00  1.0000E+02  0.0000E+00  0.0000E+00  0.0000E+00  0.0000E+00  0.0000E+00  3.0563E-01  7.1357E+00  4.4293E+00  7.0912E-01  2.4052E+02  1.0000E+00  3.0563E-01  0.0000E+00 -1.0000E+00  2.1338E+00  3.0563E-01  1.8282E+00  0.0000E+00
  1.0000E+00  1.3250E+03  5.5208E+01 -7.4126E-01  1.0000E+02  0.0000E+00  0.0000E+00  0.0000E+00  0.0000E+00  0.0000E+00  2.9939E-01  7.0025E+00  4.3525E+00  6.9696E-01  2.4082E+02  1.0000E+00  2.9939E-01  0.0000E+00 -1.0000E+00 -7.4126E-01  2.9939E-01 -1.0406E+00  0.0000E+00
  1.0000E+00  1.3260E+03  5.5250E+01  1.9297E-01  1.0000E+02  0.0000E+00  0.0000E+00  0.0000E+00  0.0000E+00  0.0000E+00  2.9228E-01  6.8399E+00  4.2535E+00  6.8116E-01  2.4112E+02  1.0000E+00  2.9228E-01  0.0000E+00 -1.0000E+00  1.9297E-01  2.9228E-01 -9.9314E-02  0.0000E+00
  1.0000E+00  1.3270E+03  5.5292E+01 -3.8906E-01  1.0000E+02  0.0000E+00  0.0000E+00  0.0000E+00  0.0000E+00  0.0000E+00  2.8530E-01  6.6759E+00  4.1517E+00  6.6487E-01  2.4141E+02  1.0000E+00  2.8530E-01  0.0000E+00 -1.0000E+00 -3.8906E-01  2.8530E-01 -6.7436E-01  0.0000E+00
  1.0000E+00  1.3280E+03  5.5333E+01 -1.0358E-01  1.0000E+02  0.0000E+00  0.0000E+00  0.0000E+00  0.0000E+00  0.0000E+00  2.7884E-01  6.5225E+00  4.0558E+00  6.4949E-01  2.4169E+02  1.0000E+00  2.7884E-01  0.0000E+00 -1.0000E+00 -1.0358E-01  2.7884E-01 -3.8242E-01  0.0000E+00
  1.0000E+00  1.3290E+03  5.5375E+01  1.0657E+00  1.0000E+02  0.0000E+00  0.0000E+00  0.0000E+00  0.0000E+00  0.0000E+00  2.7305E-01  6.3842E+00  3.9689E+00  6.3556E-01  2.4196E+02  1.0000E+00  2.7305E-01  0.0000E+00 -1.0000E+00  1.0657E+00  2.7305E-01  7.9268E-01  0.0000E+00
  1.0000E+00  1.3300E+03  5.5417E+01  1.5265E+00  1.0000E+02  0.0000E+00  0.0000E+00  0.0000E+00  0.0000E+00  0.0000E+00  2.6793E-01  6.2614E+00  3.8916E+00  6.2317E-01  2.4224E+02  1.0000E+00  2.6793E-01  0.0000E+00 -1.0000E+00  1.5265E+00  2.6793E-01  1.2586E+00  0.0000E+00
  1.0000E+00  1.3310E+03  5.5458E+01  7.4839E-01  1.0000E+02  0.0000E+00  0.0000E+00  0.0000E+00  0.0000E+00  0.0000E+00  2.6342E-01  6.1532E+00  3.8235E+00  6.1224E-01  2.4250E+02  1.0000E+00  2.6342E-01  0.0000E+00 -1.0000E+00  7.4839E-01  2.6342E-01  4.8497E-01  0.0000E+00
  1.0000E+00  1.3320E+03  5.5500E+01 -9.0387E-01  1.0000E+02  0.0000E+00  0.0000E+00  0.0000E+00  0.0000E+00  0.0000E+00  2.5945E-01  6.0580E+00  3.7635E+00  6.0262E-01  2.4276E+02  1.0000E+00  2.5945E-01  0.0000E+00 -1.0000E+00 -9.0387E-01  2.5945E-01 -1.1633E+00  0.0000E+00
  1.0000E+00  1.3330E+03  5.5542E+01  1.0380E-01  1.0000E+02  0.0000E+00  0.0000E+00  0.0000E+00  0.0000E+00  0.0000E+00  2.5594E-01  5.9740E+00  3.7106E+00  5.9413E-01  2.4302E+02  1.0000E+00  2.5594E-01  0.0000E+00 -1.0000E+00  1.0380E-01  2.5594E-01 -1.5214E-01  0.0000E+00
  1.0000E+00  1.3340E+03  5.5583E+01  4.6171E-02  1.0000E+02  0.0000E+00  0.0000E+00  0.0000E+00  0.0000E+00  0.0000E+00  2.5283E-01  5.8996E+00  3.6637E+00  5.8662E-01  2.4327E+02  1.0000E+00  2.5283E-01  0.0000E+00 -1.0000E+00  4.6171E-02  2.5283E-01 -2.0666E-01  0.0000E+00
  1.0000E+00  1.3350E+03  5.5625E+01  2.1255E+00  1.0000E+02  0.0000E+00  0.0000E+00  0.0000E+00  0.0000E+00  0.0000E+00  2.5005E-01  5.8332E+00  3.6220E+00  5.7992E-01  2.4353E+02  1.0000E+00  2.5005E-01  0.0000E+00 -1.0000E+00  2.1255E+00  2.5005E-01  1.8755E+00  0.0000E+00
  1.0000E+00  1.3360E+03  5.5667E+01 -1.3918E+00  1.0000E+02  0.0000E+00  0.0000E+00  0.0000E+00  0.0000E+00  0.0000E+00  2.4755E-01  5.7737E+00  3.5846E+00  5.7393E-01  2.4377E+02  1.0000E+00  2.4755E-01  0.0000E+00 -1.0000E+00 -1.3918E+00  2.4755E-01 -1.6393E+00  0.0000E+00
  1.0000E+00  1.3370E+03  5.5708E+01  9.9064E-01  1.0000E+02  0.0000E+00  0.0000E+00  0.0000E+00  0.0000E+00  0.0000E+00  2.4530E-01  5.7199E+00  3.5509E+00  5.6852E-01  2.4402E+02  1.0000E+00  2.4530E-01  0.0000E+00 -1.0000E+00  9.9064E-01  2.4530E-01  7.4534E-01  0.0000E+00
  1.0000E+00  1.3380E+03  5.5750E+01  1.9954E+00  1.0000E+02  0.0000E+00  0.0000E+00  0.0000E+00  0.0000E+00  0.0000E+00  2.4324E-01  5.6711E+00  3.5202E+00  5.6360E-01  2.4426E+02  1.0000E+00  2.4324E-01  0.0000E+00 -1.0000E+00  1.9954E+00  2.4324E-01  1.7521E+00  0.0000E+00
  1.0000E+00  1.3390E+03  5.5792E+01  3.0709E-01  1.0000E+02  0.0000E+00  0.0000E+00  0.0000E+00  0.0000E+00  0.0000E+00  2.4136E-01  5.6264E+00  3.4922E+00  5.5911E-01  2.4451E+02  1.0000E+00  2.4136E-01  0.0000E+00 -1.0000E+00  3.0709E-01  2.4136E-01  6.5727E-02  0.0000E+00
  1.0000E+00  1.3400E+03  5.5833E+01  7.6965E-01  1.0000E+02  0.0000E+00  0.0000E+00  0.0000E+00  0.0000E+00  0.0000E+00  2.3963E-01  5.5852E+00  3.4664E+00  5.5498E-01  2.4475E+02  1.0000E+00  2.3963E-01  0.0000E+00 -1.0000E+00  7.6965E-01  2.3963E-01  5.3003E-01  0.0000E+00
  1.0000E+00  1.3410E+03  5.5875E+01 -1.1113E+00  1.0000E+02  0.0000E+00  0.0000E+00  0.0000E+00  0.0000E+00  0.0000E+00  2.3802E-01  5.5472E+00  3.4426E+00  5.5116E-01  2.4499E+02  1.0000E+00  2.3802E-01  0.0000E+00 -1.0000E+00 -1.1113E+00  2.3802E-01 -1.3493E+00  0.0000E+00
  1.0000E+00  1.3420E+03  5.5917E+01  2.6200E+00  1.0000E+02  0.0000E+00  0.0000E+00  0.0000E+00  0.0000E+00  0.0000E+00  2.3652E-01  5.5117E+00  3.4205E+00  5.4761E-01  2.4522E+02  1.0000E+00  2.3652E-01  0.0000E+00 -1.0000E+00  2.6200E+00  2.3652E-01  2.3835E+00  0.0000E+00
  1.0000E+00  1.3430E+03  5.5958E+01 -1.6455E+00  1.0000E+02  0.0000E+00  0.0000E+00  0.0000E+00  0.0000E+00  0.0000E+00  2.3512E-01  5.4786E+00  3.3997E+00  5.4429E-01  2.4546E+02  1.0000E+00  2.3512E-01  0.0000E+00 -1.0000E+00 -1.6455E+00  2.3512E-01 -1.8806E+00  0.0000E+00
  1.0000E+00  1.3440E+03  5.6000E+01 -1.2600E+00  1.0000E+02  0.0000E+00  0.0000E+00  0.0000E+00  0.0000E+00  0.0000E+00  2.3380E-01  5.4475E+00  3.3803E+00  5.4118E-01  2.4569E+02  1.0000E+00  2.3380E-01  0.0000E+00 -1.0000E+00 -1.2600E+00  2.3380E-01 -1.4938E+00  0.0000E+00
  1.0000E+00  1.3450E+03  5.6042E+01  8.6369E-01  1.0000E+02  0.0000E+00  0.0000E+00  0.0000E+00  0.0000E+00  0.0000E+00  2.8676E-01  6.4566E+00  3.9306E+00  6.2781E-01  2.4596E+02  1.0000E+00  2.8676E-01  0.0000E+00 -1.0000E+00  8.6369E-01  2.8676E-01  5.7693E-01  0.0000E+00
  1.0000E+00  1.3460E+03  5.6083E+01 -2.7045E-01  1.0000E+02  0.0000E+00  0.0000E+00  0.0000E+00  0.0000E+00  0.0000E+00  3.0679E-01  7.0618E+00  4.3416E+00  6.9415E-01  2.4626E+02  1.0000E+00  3.0679E-01  0.0000E+00 -1.0000E+00 -2.7045E-01  3.0679E-01 -5.7724E-01  0.0000E+00
  1.0000E+00  1.3470E+03  5.6125E+01 -8.6305E-01  1.0000E+02  0.0000E+00  0.0000E+00  0.0000E+00  0.0000E+00  0.0000E+00  3.1086E-01  7.2261E+00  4.4717E+00  7.1558E-01  2.4657E+02  1.0000E+00  3.1086E-01  0.0000E+00 -1.0000E+00 -8.6305E-01  3.1086E-01 -1.1739E+00  0.0000E+00
  1.0000E+00  1.3480E+03  5.6167E+01  1.1934E+00  1.0000E+02  0.0000E+00  0.0000E+00  0.0000E+00  0.0000E+00  0.0000E+00  3.0760E-01  7.1816E+00  4.4578E+00  7.1368E-01  2.4688E+02  1.0000E+00  3.0760E-01  0.0000E+00 -1.0000E+00  1.1934E+00  3.0760E-01  8.8580E-01  0.0000E+00
  1.0000E+00  1.3490E+03  5.6208E+01  1.3158E+00  1.0000E+02  0.0000E+00  0.0000E+00  0.0000E+00  0.0000E+00  0.0000E+00  3.0136E-01  7.0484E+00  4.3810E+00  7.0152E-01  2.4718E+02  1.0000E+00  3.0136E-01  0.0000E+00 -1.0000E+00  1.3158E+00  3.0136E-01  1.0145E+00  0.0000E+00
  1.0000E+00  1.3500E+03  5.6250E+01 -6.6538E-01  1.0000E+02  0.0000E+00  0.0000E+00  0.0000E+00  0.0000E+00  0.0000E+00  2.9426E-01  6.8858E+00  4.2819E+00  6.8571E-01  2.4748E+02  1.0000E+00  2.9426E-01  0.0000E+00 -1.0000E+00 -6.6538E-01  2.9426E-01 -9.5964E-01  0.0000E+00
  1.0000E+00  1.3510E+03  5.6292E+01  7.1945E-01  1.0000E+02  0.0000E+00  0.0000E+00  0.0000E+00  0.0000E+00  0.0000E+00  2.8727E-01  6.7217E+00  4.1801E+00  6.6942E-01  2.4777E+02  1.0000E+00  2.8727E-01  0.0000E+00 -1.0000E+00  7.1945E-01  2.8727E-01  4.3219E-01  0.0000E+00
  1.0000E+00  1.3520E+03  5.6333E+01 -1.0779E+00  1.0000E+02  0.0000E+00  0.0000E+00  0.0000E+00  0.0000E+00  0.0000E+00  2.8081E-01  6.5683E+00  4.0842E+00  6.5404E-01  2.4805E+02  1.0000E+00  2.8081E-01  0.0000E+00 -1.0000E+00 -1.0779E+00  2.8081E-01 -1.3587E+00  0.0000E+00
  1.0000E+00  1.3530E+03  5.6375E+01 -3.3093E-01  1.0000E+02  0.0000E+00  0.0000E+00  0.0000E+00  0.0000E+00  0.0000E+00  2.7502E-01  6.4299E+00  3.9972E+00  6.4010E-01  2.4833E+02  1.0000E+00  2.7502E-01  0.0000E+00 -1.0000E+00 -3.3093E-01  2.7502E-01 -6.0595E-01  0.0000E+00
  1.0000E+00  1.3540E+03  5.6417E+01  8.6374E-01  1.0000E+02  0.0000E+00  0.0000E+00  0.0000E+00  0.0000E+00  0.0000E+00  2.6989E-01  6.3071E+00  3.9200E+00  6.2771E-01  2.4860E+02  1.0000E+00  2.6989E-01  0.0000E+00 -1.0000E+00  8.6374E-01  2.6989E-01  5.9384E-01  0.0000E+00
  1.0000E+00  1.3550E+03  5.6458E+01  1.8595E+00  1.0000E+02  0.0000E+00  0.0000E+00  0.0000E+00  0.0000E+00  0.0000E+00  2.6538E-01  6.1989E+00  3.8518E+00  6.1677E-01  2.4887E+02  1.0000E+00  2.6538E-01  0.0000E+00 -1.0000E+00  1.8595E+00  2.6538E-01  1.5941E+00  0.0000E+00
  1.0000E+00  1.3560E+03  5.6500E+01  1.4476E+00  1.0000E+02  0.0000E+00  0.0000E+00  0.0000E+00  0.0000E+00  0.0000E+00  2.6141E-01  6.1037E+00  3.7918E+00  6.0715E-01  2.4913E+02  1.0000E+00  2.6141E-01  0.0000E+00 -1.0000E+00  1.4476E+00  2.6141E-01  1.1862E+00  0.0000E+00
  1.0000E+00  1.3570E+03  5.6542E+01  1.3376E+00  1.0000E+02  0.0000E+00  0.0000E+00  0.0000E+00  0.0000E+00  0.0000E+00  2.5790E-01  6.0196E+00  3.7389E+00  5.9866E-01  2.4939E+02  1.0000E+00  2.5790E-01  0.0000E+00 -1.0000E+00  1.3376E+00  2.5790E-01  1.0797E+00  0.0000E+00
  1.0000E+00  1.3580E+03  5.6583E+01  2.1757E-01  1.0000E+02  0.0000E+00  0.0000E+00  0.0000E+00  0.0000E+00  0.0000E+00  2.5479E-01  5.9451E+00  3.6920E+00  5.9114E-01  2.4965E+02  1.0000E+00  2.5479E-01  0.0000E+00 -1.0000E+00  2.1757E-01  2.5479E-01 -3.7214E-02  0.0000E+00
  1.0000E+00  1.3590E+03  5.6625E+01  5.8551E-01  1.0000E+02  0.0000E+00  0.0000E+00  0.0000E+00  0.0000E+00  0.0000E+00  2.5201E-01  5.8787E+00  3.6503E+00  5.8445E-01  2.4990E+02  1.0000E+00  2.5201E-01  0.0000E+00 -1.0000E+00  5.8551E-01  2.5201E-01  3.3350E-01  0.0000E+00
  1.0000E+00  1.3600E+03  5.6667E+01 -4.2038E-02  1.0000E+02  0.0000E+00  0.0000E+00  0.0000E+00  0.0000E+00  0.0000E+00  2.4951E-01  5.8192E+00  3.6128E+00  5.7844E-01  2.5015E+02  1.0000E+00  2.4951E-01  0.0000E+00 -1.0000E+00 -4.2038E-02  2.4951E-01 -2.9155E-01  0.0000E+00
  1.0000E+00  1.3610E+03  5.6708E+01  1.2456E+00  1.0000E+02  0.0000E+00  0.0000E+00  0.0000E+00  0.0000E+00  0.0000E+00  2.4725E-01  5.7654E+00  3.5791E+00  5.7303E-01  2.5040E+02  1.0000E+00  2.4725E-01  0.0000E+00 -1.0000E+00  1.2456E+00  2.4725E-01  9.9838E-01  0.0000E+00
  1.0000E+00  1.3620E+03  5.6750E+01 -7.8090E-01  1.0000E+02  0.0000E+00  0.0000E+00  0.0000E+00  0.0000E+00  0.0000E+00  2.4519E-01  5.7165E+00  3.5484E+00  5.6811E-01  2.5065E+02  1.0000E+00  2.4519E-01  0.0000E+00 -1.0000E+00 -7.8090E-01  2.4519E-01 -1.0261E+00  0.0000E+00
  1.0000E+00  1.3630E+03  5.6792E+01 -1.3000E+00  1.0000E+02  0.0000E+00  0.0000E+00  0.0000E+00  0.0000E+00  0.0000E+00  2.4331E-01  5.6717E+00  3.5204E+00  5.6362E-01  2.5089E+02  1.0000E+00  2.4331E-01  0.0000E+00 -1.0000E+00 -1.3000E+00  2.4331E-01 -1.5433E+00  0.0000E+00
  1.0000E+00  1.3640E+03  5.6833E+01  9.0119E-01  1.0000E+02  0.0000E+00  0.0000E+00  0.0000E+00  0.0000E+00  0.0000E+00  2.4157E-01  5.6306E+00  3.4946E+00  5.5948E-01  2.5114E+02  1.0000E+00  2.4157E-01  0.0000E+00 -1.0000E+00  9.0119E-01  2.4157E-01  6.5961E-01  0.0000E+00
  1.0000E+00  1.3650E+03  5.6875E+01 -5.6421E-01  1.0000E+02  0.0000E+00  0.0000E+00  0.0000E+00  0.0000E+00  0.0000E+00  2.3996E-01  5.5925E+00  3.4707E+00  5.5566E-01  2.5138E+02  1.0000E+00  2.3996E-01  0.0000E+00 -1.0000E+00 -5.6421E-01  2.3996E-01 -8.0417E-01  0.0000E+00
  1.0000E+00  1.3660E+03  5.6917E+01 -1.4793E-01  1.0000E+02  0.0000E+00  0.0000E+00  0.0000E+00  0.0000E+00  0.0000E+00  2.3846E-01  5.5570E+00  3.4485E+00  5.5211E-01  2.5162E+02  1.0000E+00  2.3846E-01  0.0000E+00 -1.0000E+00 -1.4793E-01  2.3846E-01 -3.8639E-01  0.0000E+00
  1.0000E+00  1.3670E+03  5.6958E+01 -7.7170E-01  1.0000E+02  0.0000E+00  0.0000E+00  0.0000E+00  0.0000E+00  0.0000E+00  2.3706E-01  5.5238E+00  3.4278E+00  5.4878E-01  2.5185E+02  1.0000E+00  2.3706E-01  0.0000E+00 -1.0000E+00 -7.7170E-01  2.3706E-01 -1.0088E+00  0.0000E+00
  1.0000E+00  1.3680E+03  5.7000E+01 -1.5399E+00  1.0000E+02  0.0000E+00  0.0000E+00  0.0000E+00  0.0000E+00  0.0000E+00  2.3574E-01  5.4927E+00  3.4083E+00  5.4566E-01  2.5209E+02  1.0000E+00  2.3574E-01  0.0000E+00 -1.0000E+00 -1.5399E+00  2.3574E-01 -1.7757E+00  0.0000E+00
  1.0000E+00  1.3690E+03  5.7042E+01 -9.7520E-01  1.0000E+02  0.0000E+00  0.0000E+00  0.0000E+00  0.0000E+00  0.0000E+00  2.8870E-01  6.5018E+00  3.9586E+00  6.3230E-01  2.5236E+02  1.0000E+00  2.8870E-01  0.0000E+00 -1.0000E+00 -9.7520E-01  2.8870E-01 -1.2639E+00  0.0000E+00
  1.0000E+00  1.3700E+03  5.7083E+01  4.1018E-01  1.0000E+02  0.0000E+00  0.0000E+00  0.0000E+00  0.0000E+00  0.0000E+00  3.0873E-01  7.1069E+00  4.3696E+00  6.9863E-01  2.5266E+02  1.0000E+00  3.0873E-01  0.0000E+00 -1.0000E+00  4.1018E-01  3.0873E-01  1.0145E-01  0.0000E+00
  1.0000E+00  1.3710E+03  5.7125E+01 -8.5058E-01  1.0000E+02  0.0000E+00  0.0000E+00  0.0000E+00  0.0000E+00  0.0000E+00  3.1280E-01  7.2712E+00  4.4997E+00  7.2006E-01  2.5297E+02  1.0000E+00  3.1280E-01  0.0000E+00 -1.0000E+00 -8.5058E-01  3.1280E-01 -1.1634E+00  0.0000E+00
  1.0000E+00  1.3720E+03  5.7167E+01  2.5663E-01  1.0000E+02  0.0000E+00  0.0000E+00  0.0000E+00  0.0000E+00  0.0000E+00  3.0954E-01  7.2267E+00  4.4858E+00  7.1815E-01  2.5328E+02  1.0000E+00  3.0954E-01  0.0000E+00 -1.0000E+00  2.5663E-01  3.0954E-01 -5.2910E-02  0.0000E+00
  1.0000E+00  1.3730E+03  5.7208E+01 -3.6923E-01  1.0000E+02  0.0000E+00  0.0000E+00  0.0000E+00  0.0000E+00  0.0000E+00  3.0329E-01  7.0934E+00  4.4089E+00  7.0599E-01  2.5359E+02  1.0000E+00  3.0329E-01  0.0000E+00 -1.0000E+00 -3.6923E-01  3.0329E-01 -6.7253E-01  0.0000E+00
  1.0000E+00  1.3740E+03  5.7250E+01 -2.6897E-01  1.0000E+02  0.0000E+00  0.0000E+00  0.0000E+00  0.0000E+00  0.0000E+00  2.9619E-01  6.9308E+00  4.3098E+00  6.9018E-01  2.5389E+02  1.0000E+00  2.9619E-01  0.0000E+00 -1.0000E+00 -2.6897E-01  2.9619E-01 -5.6516E-01  0.0000E+00
  1.0000E+00  1.3750E+03  5.7292E+01  5.4509E-01  1.0000E+02  0.0000E+00  0.0000E+00  0.0000E+00  0.0000E+00  0.0000E+00  2.8920E-01  6.7667E+00  4.2080E+00  6.7388E-01  2.5418E+02  1.0000E+00  2.8920E-01  0.0000E+00 -1.0000E+00  5.4509E-01  2.8920E-01  2.5589E-01  0.0000E+00
  1.0000E+00  1.3760E+03  5.7333E+01 -2.2831E-01  1.0000E+02  0.0000E+00  0.0000E+00  0.0000E+00  0.0000E+00  0.0000E+00  2.8274E-01  6.6132E+00  4.1120E+00  6.5850E-01  2.5446E+02  1.0000E+00  2.8274E-01  0.0000E+00 -1.0000E+00 -2.2831E-01  2.8274E-01 -5.1105E-01  0.0000E+00
  1.0000E+00  1.3770E+03  5.7375E+01  9.4469E-01  1.0000E+02  0.0000E+00  0.0000E+00  0.0000E+00  0.0000E+00  0.0000E+00  2.7695E-01  6.4748E+00  4.0251E+00  6.4455E-01  2.5474E+02  1.0000E+00  2.7695E-01  0.0000E+00 -1.0000E+00  9.4469E-01  2.7695E-01  6.6774E-01  0.0000E+00
  1.0000E+00  1.3780E+03  5.7417E+01 -4.4197E-02  1.0000E+02  0.0000E+00  0.0000E+00  0.0000E+00  0.0000E+00  0.0000E+00  2.7182E-01  6.3519E+00  3.9477E+00  6.3215E-01  2.5502E+02  1.0000E+00  2.7182E-01  0.0000E+00 -1.0000E+00 -4.4197E-02  2.7182E-01 -3.1602E-01  0.0000E+00
  1.0000E+00  1.3790E+03  5.7458E+01  1.7553E+00  1.0000E+02  0.0000E+00  0.0000E+00  0.0000E+00  0.0000E+00  0.0000E+00  2.6731E-01  6.2437E+00  3.8796E+00  6.2122E-01  2.5529E+02  1.0000E+00  2.6731E-01  0.0000E+00 -1.0000E+00  1.7553E+00  2.6731E-01  1.4880E+00  0.0000E+00
  1.0000E+00  1.3800E+03  5.7500E+01  1.5377E+00  1.0000E+02  0.0000E+00  0.0000E+00  0.0000E+00  0.0000E+00  0.0000E+00  2.6333E-01  6.1484E+00  3.8196E+00  6.1159E-01  2.5555E+02  1.0000E+00  2.6333E-01  0.0000E+00 -1.0000E+00  1.5377E+00  2.6333E-01  1.2744E+00  0.0000E+00
  1.0000E+00  1.3810E+03  5.7542E+01 -7.6976E-01  1.0000E+02  0.0000E+00  0.0000E+00  0.0000E+00  0.0000E+00  0.0000E+00  2.5982E-01  6.0643E+00  3.7666E+00  6.0310E-01  2.5581E+02  1.0000E+00  2.5982E-01  0.0000E+00 -1.0000E+00 -7.6976E-01  2.5982E-01 -1.0296E+00  0.0000E+00
  1.0000E+00  1.3820E+03  5.7583E+01  1.4473E+00  1.0000E+02  0.0000E+00  0.0000E+00  0.0000E+00  0.0000E+00  0.0000E+00  2.5671E-01  5.9898E+00  3.7197E+00  5.9558E-01  2.5607E+02  1.0000E+00  2.5671E-01  0.0000E+00 -1.0000E+00  1.4473E+00  2.5671E-01  1.1906E+00  0.0000E+00
  1.0000E+00  1.3830E+03  5.7625E+01  9.0135E-01  1.0000E+02  0.0000E+00  0.0000E+00  0.0000E+00  0.0000E+00  0.0000E+00  2.5392E-01  5.9234E+00  3.6779E+00  5.8888E-01  2.5633E+02  1.0000E+00  2.5392E-01  0.0000E+00 -1.0000E+00  9.0135E-01  2.5392E-01  6.4742E-01  0.0000E+00
  1.0000E+00  1.3840E+03  5.7667E+01 -1.9613E-01  1.0000E+02  0.0000E+00  0.0000E+00  0.0000E+00  0.0000E+00  0.0000E+00  2.5142E-01  5.8637E+00  3.6405E+00  5.8287E-01  2.5658E+02  1.0000E+00  2.5142E-01  0.0000E+00 -1.0000E+00 -1.9613E-01  2.5142E-01 -4.4756E-01  0.0000E+00
  1.0000E+00  1.3850E+03  5.7708E+01  6.1803E-01  1.0000E+02  0.0000E+00  0.0000E+00  0.0000E+00  0.0000E+00  0.0000E+00  2.4916E-01  5.8099E+00  3.6067E+00  5.7745E-01  2.5683E+02  1.0000E+00  2.4916E-01  0.0000E+00 -1.0000E+00  6.1803E-01  2.4916E-01  3.6887E-01  0.0000E+00
  1.0000E+00  1.3860E+03  5.7750E+01  1.0350E+00  1.0000E+02  0.0000E+00  0.0000E+00  0.0000E+00  0.0000E+00  0.0000E+00  2.4711E-01  5.7610E+00  3.5760E+00  5.7253E-01  2.5708E+02  1.0000E+00  2.4711E-01  0.0000E+00 -1.0000E+00  1.0350E+00  2.4711E-01  7.8787E-01  0.0000E+00
  1.0000E+00  1.3870E+03  5.7792E+01  1.4470E+00  1.0000E+02  0.0000E+00  0.0000E+00  0.0000E+00  0.0000E+00  0.0000E+00  2.4522E-01  5.7162E+00  3.5479E+00  5.6803E-01  2.5733E+02  1.0000E+00  2.4522E-01  0.0000E+00 -1.0000E+00  1.4470E+00  2.4522E-01  1.2017E+00  0.0000E+00
  1.0000E+00  1.3880E+03  5.7833E+01  1.3107E+00  1.0000E+02  0.0000E+00  0.0000E+00  0.0000E+00  0.0000E+00  0.0000E+00  2.4348E-01  5.6750E+00  3.5221E+00  5.6390E-01  2.5757E+02  1.0000E+00  2.4348E-01  0.0000E+00 -1.0000E+00  1.3107E+00  2.4348E-01  1.0672E+00  0.0000E+00
  1.0000E+00  1.3890E+03  5.7875E+01 -1.4467E+00  1.0000E+02  0.0000E+00  0.0000E+00  0.0000E+00  0.0000E+00  0.0000E+00  2.4187E-01  5.6369E+00  3.4983E+00  5.6007E-01  2.5781E+02  1.0000E+00  2.4187E-01  0.0000E+00 -1.0000E+00 -1.4467E+00  2.4187E-01 -1.6885E+00  0.0000E+00
  1.0000E+00  1.3900E+03  5.7917E+01  1.5950E-01  1.0000E+02  0.0000E+00  0.0000E+00  0.0000E+00  0.0000E+00  0.0000E+00  2.4037E-01  5.6014E+00  3.4760E+00  5.5651E-01  2.5805E+02  1.0000E+00  2.4037E-01  0.0000E+00 -1.0000E+00  1.5950E-01  2.4037E-01 -8.0871E-02  0.0000E+00
  1.0000E+00  1.3910E+03  5.7958E+01 -1.4488E+00  1.0000E+02  0.0000E+00  0.0000E+00  0.0000E+00  0.0000E+00  0.0000E+00  2.3896E-01  5.5682E+00  3.4553E+00  5.5318E-01  2.5829E+02  1.0000E+00  2.3896E-01  0.0000E+00 -1.0000E+00 -1.4488E+00  2.3896E-01 -1.6878E+00  0.0000E+00
  1.0000E+00  1.3920E+03  5.8000E+01  4.6184E-01  1.0000E+02  0.0000E+00  0.0000E+00  0.0000E+00  0.0000E+00  0.0000E+00  2.3764E-01  5.5370E+00  3.4358E+00  5.5006E-01  2.5853E+02  1.0000E+00  2.3764E-01  0.0000E+00 -1.0000E+00  4.6184E-01  2.3764E-01  2.2420E-01  0.0000E+00
  1.0000E+00  1.3930E+03  5.8042E+01  1.3141E+00  1.0000E+02  0.0000E+00  0.0000E+00  0.0000E+00  0.0000E+00  0.0000E+00  2.9060E-01  6.5460E+00  3.9861E+00  6.3669E-01  2.5880E+02  1.0000E+00  2.9060E-01  0.0000E+00 -1.0000E+00  1.3141E+00  2.9060E-01  1.0235E+00  0.0000E+00
  1.0000E+00  1.3940E+03  5.8083E+01 -2.3643E-01  1.0000E+02  0.0000E+00  0.0000E+00  0.0000E+00  0.0000E+00  0.0000E+00  3.1063E-01  7.1511E+00  4.3970E+00  7.0302E-01  2.5910E+02  1.0000E+00  3.1063E-01  0.0000E+00 -1.0000E+00 -2.3643E-01  3.1063E-01 -5.4706E-01  0.0000E+00
  1.0000E+00  1.3950E+03  5.8125E+01  9.4231E-01  1.0000E+02  0.0000E+00  0.0000E+00  0.0000E+00  0.0000E+00  0.0000E+00  3.1469E-01  7.3154E+00  4.5271E+00  7.2445E-01  2.5942E+02  1.0000E+00  3.1469E-01  0.0000E+00 -1.0000E+00  9.4231E-01  3.1469E-01  6.2762E-01  0.0000E+00
  1.0000E+00  1.3960E+03  5.8167E+01  2.3140E-01  1.0000E+02  0.0000E+00  0.0000E+00  0.0000E+00  0.0000E+00  0.0000E+00  3.1143E-01  7.2708E+00  4.5131E+00  7.2253E-01  2.5973E+02  1.0000E+00  3.1143E-01  0.0000E+00 -1.0000E+00  2.3140E-01  3.1143E-01 -8.0031E-02  0.0000E+00
  1.0000E+00  1.3970E+03  5.8208E+01  2.6624E+00  1.0000E+02  0.0000E+00  0.0000E+00  0.0000E+00  0.0000E+00  0.0000E+00  3.0519E-01  7.1375E+00  4.4362E+00  7.1036E-01  2.6004E+02  1.0000E+00  3.0519E-01  0.0000E+00 -1.0000E+00  2.6624E+00  3.0519E-01  2.3572E+00  0.0000E+00
  1.0000E+00  1.3980E+03  5.8250E+01  2.1382E+00  1.0000E+02  0.0000E+00  0.0000E+00  0.0000E+00  0.0000E+00  0.0000E+00  2.9808E-01  6.9749E+00  4.3372E+00  6.9455E-01  2.6034E+02  1.0000E+00  2.9808E-01  0.0000E+00 -1.0000E+00  2.1382E+00  2.9808E-01  1.8401E+00  0.0000E+00
  1.0000E+00  1.3990E+03  5.8292E+01  1.7377E-01  1.0000E+02  0.0000E+00  0.0000E+00  0.0000E+00  0.0000E+00  0.0000E+00  2.9109E-01  6.8107E+00  4.2353E+00  6.7825E-01  2.6063E+02  1.0000E+00  2.9109E-01  0.0000E+00 -1.0000E+00  1.7377E-01  2.9109E-01 -1.1732E-01  0.0000E+00
  1.0000E+00  1.4000E+03  5.8333E+01 -3.8642E-01  1.0000E+02  0.0000E+00  0.0000E+00  0.0000E+00  0.0000E+00  0.0000E+00  2.8463E-01  6.6572E+00  4.1393E+00  6.6286E-01  2.6092E+02  1.0000E+00  2.8463E-01  0.0000E+00 -1.0000E+00 -3.8642E-01  2.8463E-01 -6.7105E-01  0.0000E+00
  1.0000E+00  1.4010E+03  5.8375E+01  9.5351E-01  1.0000E+02  0.0000E+00  0.0000E+00  0.0000E+00  0.0000E+00  0.0000E+00  2.7884E-01  6.5187E+00  4.0523E+00  6.4892E-01  2.6120E+02  1.0000E+00  2.7884E-01  0.0000E+00 -1.0000E+00  9.5351E-01  2.7884E-01  6.7467E-01  0.0000E+00
  1.0000E+00  1.4020E+03  5.8417E+01  1.2670E+00  1.0000E+02  0.0000E+00  0.0000E+00  0.0000E+00  0.0000E+00  0.0000E+00  2.7371E-01  6.3959E+00  3.9750E+00  6.3651E-01  2.6148E+02  1.0000E+00  2.7371E-01  0.0000E+00 -1.0000E+00  1.2670E+00  2.7371E-01  9.9333E-01  0.0000E+00
  1.0000E+00  1.4030E+03  5.8458E+01  6.3201E-01  1.0000E+02  0.0000E+00  0.0000E+00  0.0000E+00  0.0000E+00  0.0000E+00  2.6919E-01  6.2876E+00  3.9068E+00  6.2558E-01  2.6175E+02  1.0000E+00  2.6919E-01  0.0000E+00 -1.0000E+00  6.3201E-01  2.6919E-01  3.6282E-01  0.0000E+00
  1.0000E+00  1.4040E+03  5.8500E+01  1.9648E-01  1.0000E+02  0.0000E+00  0.0000E+00  0.0000E+00  0.0000E+00  0.0000E+00  2.6522E-01  6.1923E+00  3.8467E+00  6.1594E-01  2.6202E+02  1.0000E+00  2.6522E-01  0.0000E+00 -1.0000E+00  1.9648E-01  2.6522E-01 -6.8739E-02  0.0000E+00
  1.0000E+00  1.4050E+03  5.8542E+01  1.6965E-02  1.0000E+02  0.0000E+00  0.0000E+00  0.0000E+00  0.0000E+00  0.0000E+00  2.6170E-01  6.1081E+00  3.7938E+00  6.0745E-01  2.6228E+02  1.0000E+00  2.6170E-01  0.0000E+00 -1.0000E+00  1.6965E-02  2.6170E-01 -2.4474E-01  0.0000E+00
  1.0000E+00  1.4060E+03  5.8583E+01  1.2349E+00  1.0000E+02  0.0000E+00  0.0000E+00  0.0000E+00  0.0000E+00  0.0000E+00  2.5859E-01  6.0336E+00  3.7469E+00  5.9992E-01  2.6254E+02  1.0000E+00  2.5859E-01  0.0000E+00 -1.0000E+00  1.2349E+00  2.5859E-01  9.7627E-01  0.0000E+00
  1.0000E+00  1.4070E+03  5.8625E+01  4.4588E-01  1.0000E+02  0.0000E+00  0.0000E+00  0.0000E+00  0.0000E+00  0.0000E+00  2.5580E-01  5.9671E+00  3.7051E+00  5.9322E-01  2.6280E+02  1.0000E+00  2.5580E-01  0.0000E+00 -1.0000E+00  4.4588E-01  2.5580E-01  1.9007E-01  0.0000E+00
  1.0000E+00  1.4080E+03  5.8667E+01  4.1100E-01  1.0000E+02  0.0000E+00  0.0000E+00  0.0000E+00  0.0000E+00  0.0000E+00  2.5330E-01  5.9074E+00  3.6676E+00  5.8721E-01  2.6305E+02  1.0000E+00  2.5330E-01  0.0000E+00 -1.0000E+00  4.1100E-01  2.5330E-01  1.5770E-01  0.0000E+00
  1.0000E+00  1.4090E+03  5.8708E+01 -6.8561E-01  1.0000E+02  0.0000E+00  0.0000E+00  0.0000E+00  0.0000E+00  0.0000E+00  2.5104E-01  5.8536E+00  3.6338E+00  5.8179E-01  2.6331E+02  1.0000E+00  2.5104E-01  0.0000E+00 -1.0000E+00 -6.8561E-01  2.5104E-01 -9.3665E-01  0.0000E+00
  1.0000E+00  1.4100E+03  5.8750E+01  1.9134E+00  1.0000E+02  0.0000E+00  0.0000E+00  0.0000E+00  0.0000E+00  0.0000E+00  2.4898E-01  5.8046E+00  3.6030E+00  5.7686E-01  2.6356E+02  1.0000E+00  2.4898E-01  0.0000E+00 -1.0000E+00  1.9134E+00  2.4898E-01  1.6644E+00  0.0000E+00
  1.0000E+00  1.4110E+03  5.8792E+01  9.1803E-02  1.0000E+02  0.0000E+00  0.0000E+00  0.0000E+00  0.0000E+00  0.0000E+00  2.4709E-01  5.7598E+00  3.5750E+00  5.7236E-01  2.6380E+02  1.0000E+00  2.4709E-01  0.0000E+00 -1.0000E+00  9.1803E-02  2.4709E-01 -1.5529E-01  0.0000E+00
  1.0000E+00  1.4120E+03  5.8833E+01  7.3176E-01  1.0000E+02  0.0000E+00  0.0000E+00  0.0000E+00  0.0000E+00  0.0000E+00  2.4535E-01  5.7186E+00  3.5491E+00  5.6822E-01  2.6405E+02  1.0000E+00  2.4535E-01  0.0000E+00 -1.0000E+00  7.3176E-01  2.4535E-01  4.8640E-01  0.0000E+00
  1.0000E+00  1.4130E+03  5.8875E+01  1.3325E+00  1.0000E+02  0.0000E+00  0.0000E+00  0.0000E+00  0.0000E+00  0.0000E+00  2.4374E-01  5.6804E+00  3.5252E+00  5.6439E-01  2.6429E+02  1.0000E+00  2.4374E-01  0.0000E+00 -1.0000E+00  1.3325E+00  2.4374E-01  1.0887E+00  0.0000E+00
  1.0000E+00  1.4140E+03  5.8917E+01  1.1605E+00  1.0000E+02  0.0000E+00  0.0000E+00  0.0000E+00  0.0000E+00  0.0000E+00  2.4224E-01  5.6448E+00  3.5030E+00  5.6083E-01  2.6454E+02  1.0000E+00  2.4224E-01  0.0000E+00 -1.0000E+00  1.1605E+00  2.4224E-01  9.1829E-01  0.0000E+00
  1.0000E+00  1.4150E+03  5.8958E+01  1.3908E+00  1.0000E+02  0.0000E+00  0.0000E+00  0.0000E+00  0.0000E+00  0.0000E+00  2.4083E-01  5.6116E+00  3.4822E+00  5.5750E-01  2.6478E+02  1.0000E+00  2.4083E-01  0.0000E+00 -1.0000E+00  1.3908E+00  2.4083E-01  1.1499E+00  0.0000E+00
  1.0000E+00  1.4160E+03  5.9000E+01 -1.3909E-02  1.0000E+02  0.0000E+00  0.0000E+00  0.0000E+00  0.0000E+00  0.0000E+00  2.3951E-01  5.5804E+00  3.4627E+00  5.5437E-01  2.6502E+02  1.0000E+00  2.3951E-01  0.0000E+00 -1.0000E+00 -1.3909E-02  2.3951E-01 -2.5342E-01  0.0000E+00
  1.0000E+00  1.4170E+03  5.9042E+01  4.2948E-02  1.0000E+02  0.0000E+00  0.0000E+00  0.0000E+00  0.0000E+00  0.0000E+00  2.9246E-01  6.5894E+00  4.0130E+00  6.4100E-01  2.6529E+02  1.0000E+00  2.9246E-01  0.0000E+00 -1.0000E+00  4.2948E-02  2.9246E-01 -2.4951E-01  0.0000E+00
  1.0000E+00  1.4180E+03  5.9083E+01  4.6568E-01  1.0000E+02  0.0000E+00  0.0000E+00  0.0000E+00  0.0000E+00  0.0000E+00  3.1249E-01  7.1944E+00  4.4239E+00  7.0732E-01  2.6559E+02  1.0000E+00  3.1249E-01  0.0000E+00 -1.0000E+00  4.6568E-01  3.1249E-01  1.5319E-01  0.0000E+00
  1.0000E+00  1.4190E+03  5.9125E+01  2.2222E+00  1.0000E+02  0.0000E+00  0.0000E+00  0.0000E+00  0.0000E+00  0.0000E+00  3.1655E-01  7.3587E+00  4.5539E+00  7.2874E-01  2.6591E+02  1.0000E+00  3.1655E-01  0.0000E+00 -1.0000E+00  2.2222E+00  3.1655E-01  1.9057E+00  0.0000E+00
  1.0000E+00  1.4200E+03  5.9167E+01 -5.5162E-01  1.0000E+02  0.0000E+00  0.0000E+00  0.0000E+00  0.0000E+00  0.0000E+00  3.1329E-01  7.3140E+00  4.5400E+00  7.2683E-01  2.6622E+02  1.0000E+00  3.1329E-01  0.0000E+00 -1.0000E+00 -5.5162E-01  3.1329E-01 -8.6492E-01  0.0000E+00
  1.0000E+00  1.4210E+03  5.9208E+01 -9.4889E-01  1.0000E+02  0.0000E+00  0.0000E+00  0.0000E+00  0.0000E+00  0.0000E+00  3.0705E-01  7.1808E+00  4.4630E+00  7.1465E-01  2.6653E+02  1.0000E+00  3.0705E-01  0.0000E+00 -1.0000E+00 -9.4889E-01  3.0705E-01 -1.2559E+00  0.0000E+00
  1.0000E+00  1.4220E+03  5.9250E+01 -2.7860E-03  1.0000E+02  0.0000E+00  0.0000E+00  0.0000E+00  0.0000E+00  0.0000E+00  2.9994E-01  7.0180E+00  4.3639E+00  6.9884E-01  2.6684E+02  1.0000E+00  2.9994E-01  0.0000E+00 -1.0000E+00 -2.7860E-03  2.9994E-01 -3.0272E-01  0.0000E+00
  1.0000E+00  1.4230E+03  5.9292E+01  5.0309E-01  1.0000E+02  0.0000E+00  0.0000E+00  0.0000E+00  0.0000E+00  0.0000E+00  2.9294E-01  6.8538E+00  4.2621E+00  6.8253E-01  2.6713E+02  1.0000E+00  2.9294E-01  0.0000E+00 -1.0000E+00  5.0309E-01  2.9294E-01  2.1015E-01  0.0000E+00
  1.0000E+00  1.4240E+03  5.9333E+01  1.3161E+00  1.0000E+02  0.0000E+00  0.0000E+00  0.0000E+00  0.0000E+00  0.0000E+00  2.8648E-01  6.7003E+00  4.1660E+00  6.6714E-01  2.6742E+02  1.0000E+00  2.8648E-01  0.0000E+00 -1.0000E+00  1.3161E+00  2.8648E-01  1.0296E+00  0.0000E+00
  1.0000E+00  1.4250E+03  5.9375E+01  4.0434E-01  1.0000E+02  0.0000E+00  0.0000E+00  0.0000E+00  0.0000E+00  0.0000E+00  2.8069E-01  6.5618E+00  4.0790E+00  6.5319E-01  2.6771E+02  1.0000E+00  2.8069E-01  0.0000E+00 -1.0000E+00  4.0434E-01  2.8069E-01  1.2366E-01  0.0000E+00
  1.0000E+00  1.4260E+03  5.9417E+01  1.3579E+00  1.0000E+02  0.0000E+00  0.0000E+00  0.0000E+00  0.0000E+00  0.0000E+00  2.7556E-01  6.4389E+00  4.0017E+00  6.4079E-01  2.6799E+02  1.0000E+00  2.7556E-01  0.0000E+00 -1.0000E+00  1.3579E+00  2.7556E-01  1.0824E+00  0.0000E+00
  1.0000E+00  1.4270E+03  5.9458E+01  1.5655E-01  1.0000E+02  0.0000E+00  0.0000E+00  0.0000E+00  0.0000E+00  0.0000E+00  2.7104E-01  6.3306E+00  3.9335E+00  6.2984E-01  2.6826E+02  1.0000E+00  2.7104E-01  0.0000E+00 -1.0000E+00  1.5655E-01  2.7104E-01 -1.1448E-01  0.0000E+00
  1.0000E+00  1.4280E+03  5.9500E+01 -1.3230E+00  1.0000E+02  0.0000E+00  0.0000E+00  0.0000E+00  0.0000E+00  0.0000E+00  2.6706E-01  6.2352E+00  3.8734E+00  6.2021E-01  2.6853E+02  1.0000E+00  2.6706E-01  0.0000E+00 -1.0000E+00 -1.3230E+00  2.6706E-01 -1.5901E+00  0.0000E+00
  1.0000E+00  1.4290E+03  5.9542E+01 -2.2176E-01  1.0000E+02  0.0000E+00  0.0000E+00  0.0000E+00  0.0000E+00  0.0000E+00  2.6355E-01  6.1511E+00  3.8204E+00  6.1171E-01  2.6879E+02  1.0000E+00  2.6355E-01  0.0000E+00 -1.0000E+00 -2.2176E-01  2.6355E-01 -4.8530E-01  0.0000E+00
  1.0000E+00  1.4300E+03  5.9583E+01 -2.9679E-01  1.0000E+02  0.0000E+00  0.0000E+00  0.0000E+00  0.0000E+00  0.0000E+00  2.6043E-01  6.0765E+00  3.7735E+00  6.0418E-01  2.6905E+02  1.0000E+00  2.6043E-01  0.0000E+00 -1.0000E+00 -2.9679E-01  2.6043E-01 -5.5722E-01  0.0000E+00
  1.0000E+00  1.4310E+03  5.9625E+01  2.0826E+00  1.0000E+02  0.0000E+00  0.0000E+00  0.0000E+00  0.0000E+00  0.0000E+00  2.5764E-01  6.0099E+00  3.7316E+00  5.9747E-01  2.6931E+02  1.0000E+00  2.5764E-01  0.0000E+00 -1.0000E+00  2.0826E+00  2.5764E-01  1.8249E+00  0.0000E+00
  1.0000E+00  1.4320E+03  5.9667E+01 -4.5855E-01  1.0000E+02  0.0000E+00  0.0000E+00  0.0000E+00  0.0000E+00  0.0000E+00  2.5514E-01  5.9503E+00  3.6941E+00  5.9146E-01  2.6957E+02  1.0000E+00  2.5514E-01  0.0000E+00 -1.0000E+00 -4.5855E-01  2.5514E-01 -7.1369E-01  0.0000E+00
  1.0000E+00  1.4330E+03  5.9708E+01  3.9235E-01  1.0000E+02  0.0000E+00  0.0000E+00  0.0000E+00  0.0000E+00  0.0000E+00  2.5288E-01  5.8964E+00  3.6603E+00  5.8603E-01  2.6982E+02  1.0000E+00  2.5288E-01  0.0000E+00 -1.0000E+00  3.9235E-01  2.5288E-01  1.3947E-01  0.0000E+00
  1.0000E+00  1.4340E+03  5.9750E+01 -1.0570E-01  1.0000E+02  0.0000E+00  0.0000E+00  0.0000E+00  0.0000E+00  0.0000E+00  2.5082E-01  5.8473E+00  3.6296E+00  5.8110E-01  2.7008E+02  1.0000E+00  2.5082E-01  0.0000E+00 -1.0000E+00 -1.0570E-01  2.5082E-01 -3.5652E-01  0.0000E+00
  1.0000E+00  1.4350E+03  5.9792E+01 -1.6784E+00  1.0000E+02  0.0000E+00  0.0000E+00  0.0000E+00  0.0000E+00  0.0000E+00  2.4893E-01  5.8025E+00  3.6014E+00  5.7660E-01  2.7033E+02  1.0000E+00  2.4893E-01  0.0000E+00 -1.0000E+00 -1.6784E+00  2.4893E-01 -1.9273E+00  0.0000E+00
  1.0000E+00  1.4360E+03  5.9833E+01 -1.5178E+00  1.0000E+02  0.0000E+00  0.0000E+00  0.0000E+00  0.0000E+00  0.0000E+00  2.4719E-01  5.7612E+00  3.5756E+00  5.7246E-01  2.7057E+02  1.0000E+00  2.4719E-01  0.0000E+00 -1.0000E+00 -1.5178E+00  2.4719E-01 -1.7650E+00  0.0000E+00
  1.0000E+00  1.4370E+03  5.9875E+01  6.2205E-01  1.0000E+02  0.0000E+00  0.0000E+00  0.0000E+00  0.0000E+00  0.0000E+00  2.4557E-01  5.7230E+00  3.5517E+00  5.6862E-01  2.7082E+02  1.0000E+00  2.4557E-01  0.0000E+00 -1.0000E+00  6.2205E-01  2.4557E-01  3.7648E-01  0.0000E+00
  1.0000E+00  1.4380E+03  5.9917E+01  3.9865E-01  1.0000E+02  0.0000E+00  0.0000E+00  0.0000E+00  0.0000E+00  0.0000E+00  2.4407E-01  5.6874E+00  3.5294E+00  5.6506E-01  2.7106E+02  1.0000E+00  2.4407E-01  0.0000E+00 -1.0000E+00  3.9865E-01  2.4407E-01  1.5458E-01  0.0000E+00
  1.0000E+00  1.4390E+03  5.9958E+01 -4.9132E-01  1.0000E+02  0.0000E+00  0.0000E+00  0.0000E+00  0.0000E+00  0.0000E+00  2.4266E-01  5.6541E+00  3.5086E+00  5.6172E-01  2.7131E+02  1.0000E+00  2.4266E-01  0.0000E+00 -1.0000E+00 -4.9132E-01  2.4266E-01 -7.3398E-01  0.0000E+00
  1.0000E+00  1.4400E+03  6.0000E+01 -4.6561E-01  1.0000E+02  0.0000E+00  0.0000E+00  0.0000E+00  0.0000E+00  0.0000E+00  2.4133E-01  5.6229E+00  3.4891E+00  5.5859E-01  2.7155E+02  1.0000E+00  2.4133E-01  0.0000E+00 -1.0000E+00 -4.6561E-01  2.4133E-01 -7.0694E-01  0.0000E+00
  1.0000E+00  1.4410E+03  6.0042E+01 -5.8629E-01  1.0000E+02  0.0000E+00  0.0000E+00  0.0000E+00  0.0000E+00  0.0000E+00  2.9429E-01  6.6319E+00  4.0393E+00  6.4521E-01  2.7182E+02  1.0000E+00  2.9429E-01  0.0000E+00 -1.0000E+00 -5.8629E-01  2.9429E-01 -8.8058E-01  0.0000E+00
  1.0000E+00  1.4420E+03  6.0083E+01  9.2627E-01  1.0000E+02  0.0000E+00  0.0000E+00  0.0000E+00  0.0000E+00  0.0000E+00  3.1432E-01  7.2369E+00  4.4502E+00  7.1153E-01  2.7213E+02  1.0000E+00  3.1432E-01  0.0000E+00 -1.0000E+00  9.2627E-01  3.1432E-01  6.1195E-01  0.0000E+00
  1.0000E+00  1.4430E+03  6.0125E+01  3.6979E-01  1.0000E+02  0.0000E+00  0.0000E+00  0.0000E+00  0.0000E+00  0.0000E+00  3.1838E-01  7.4011E+00  4.5802E+00  7.3295E-01  2.7245E+02  1.0000E+00  3.1838E-01  0.0000E+00 -1.0000E+00  3.6979E-01  3.1838E-01  5.1416E-02  0.0000E+00
  1.0000E+00  1.4440E+03  6.0167E+01  1.0024E+00  1.0000E+02  0.0000E+00  0.0000E+00  0.0000E+00  0.0000E+00  0.0000E+00  3.1511E-01  7.3564E+00  4.5662E+00  7.3104E-01  2.7276E+02  1.0000E+00  3.1511E-01  0.0000E+00 -1.0000E+00  1.0024E+00  3.1511E-01  6.8727E-01  0.0000E+00
  1.0000E+00  1.4450E+03  6.0208E+01 -3.6076E-01  1.0000E+02  0.0000E+00  0.0000E+00  0.0000E+00  0.0000E+00  0.0000E+00  3.0887E-01  7.2231E+00  4.4893E+00  7.1886E-01  2.7307E+02  1.0000E+00  3.0887E-01  0.0000E+00 -1.0000E+00 -3.6076E-01  3.0887E-01 -6.6962E-01  0.0000E+00
  1.0000E+00  1.4460E+03  6.0250E+01 -7.5965E-02  1.0000E+02  0.0000E+00  0.0000E+00  0.0000E+00  0.0000E+00  0.0000E+00  3.0175E-01  7.0603E+00  4.3902E+00  7.0304E-01  2.7338E+02  1.0000E+00  3.0175E-01  0.0000E+00 -1.0000E+00 -7.5965E-02  3.0175E-01 -3.7772E-01  0.0000E+00
  1.0000E+00  1.4470E+03  6.0292E+01 -4.8718E-01  1.0000E+02  0.0000E+00  0.0000E+00  0.0000E+00  0.0000E+00  0.0000E+00  2.9476E-01  6.8961E+00  4.2883E+00  6.8673E-01  2.7368E+02  1.0000E+00  2.9476E-01  0.0000E+00 -1.0000E+00 -4.8718E-01  2.9476E-01 -7.8194E-01  0.0000E+00
  1.0000E+00  1.4480E+03  6.0333E+01 -6.9921E-01  1.0000E+02  0.0000E+00  0.0000E+00  0.0000E+00  0.0000E+00  0.0000E+00  2.8830E-01  6.7426E+00  4.1922E+00  6.7134E-01  2.7397E+02  1.0000E+00  2.8830E-01  0.0000E+00 -1.0000E+00 -6.9921E-01  2.8830E-01 -9.8751E-01  0.0000E+00
  1.0000E+00  1.4490E+03  6.0375E+01  2.8576E-01  1.0000E+02  0.0000E+00  0.0000E+00  0.0000E+00  0.0000E+00  0.0000E+00  2.8250E-01  6.6040E+00  4.1052E+00  6.5738E-01  2.7425E+02  1.0000E+00  2.8250E-01  0.0000E+00 -1.0000E+00  2.8576E-01  2.8250E-01  3.2628E-03  0.0000E+00
  1.0000E+00  1.4500E+03  6.0417E+01  2.6984E-01  1.0000E+02  0.0000E+00  0.0000E+00  0.0000E+00  0.0000E+00  0.0000E+00  2.7737E-01  6.4811E+00  4.0278E+00  6.4497E-01  2.7453E+02  1.0000E+00  2.7737E-01  0.0000E+00 -1.0000E+00  2.6984E-01  2.7737E-01 -7.5236E-03  0.0000E+00
  1.0000E+00  1.4510E+03  6.0458E+01  6.8282E-01  1.0000E+02  0.0000E+00  0.0000E+00  0.0000E+00  0.0000E+00  0.0000E+00  2.7285E-01  6.3727E+00  3.9596E+00  6.3403E-01  2.7481E+02  1.0000E+00  2.7285E-01  0.0000E+00 -1.0000E+00  6.8282E-01  2.7285E-01  4.0997E-01  0.0000E+00
  1.0000E+00  1.4520E+03  6.0500E+01  2.6656E-01  1.0000E+02  0.0000E+00  0.0000E+00  0.0000E+00  0.0000E+00  0.0000E+00  2.6887E-01  6.2773E+00  3.8995E+00  6.2439E-01  2.7508E+02  1.0000E+00  2.6887E-01  0.0000E+00 -1.0000E+00  2.6656E-01  2.6887E-01 -2.3053E-03  0.0000E+00
  1.0000E+00  1.4530E+03  6.0542E+01  2.6788E-02  1.0000E+02  0.0000E+00  0.0000E+00  0.0000E+00  0.0000E+00  0.0000E+00  2.6535E-01  6.1931E+00  3.8465E+00  6.1589E-01  2.7535E+02  1.0000E+00  2.6535E-01  0.0000E+00 -1.0000E+00  2.6788E-02  2.6535E-01 -2.3857E-01  0.0000E+00
  1.0000E+00  1.4540E+03  6.0583E+01  9.0357E-01  1.0000E+02  0.0000E+00  0.0000E+00  0.0000E+00  0.0000E+00  0.0000E+00  2.6223E-01  6.1185E+00  3.7995E+00  6.0835E-01  2.7561E+02  1.0000E+00  2.6223E-01  0.0000E+00 -1.0000E+00  9.0357E-01  2.6223E-01  6.4133E-01  0.0000E+00
  1.0000E+00  1.4550E+03  6.0625E+01  2.7959E-01  1.0000E+02  0.0000E+00  0.0000E+00  0.0000E+00  0.0000E+00  0.0000E+00  2.5945E-01  6.0519E+00  3.7577E+00  6.0164E-01  2.7587E+02  1.0000E+00  2.5945E-01  0.0000E+00 -1.0000E+00  2.7959E-01  2.5945E-01  2.0143E-02  0.0000E+00
  1.0000E+00  1.4560E+03  6.0667E+01  1.6196E+00  1.0000E+02  0.0000E+00  0.0000E+00  0.0000E+00  0.0000E+00  0.0000E+00  2.5694E-01  5.9922E+00  3.7202E+00  5.9562E-01  2.7613E+02  1.0000E+00  2.5694E-01  0.0000E+00 -1.0000E+00  1.6196E+00  2.5694E-01  1.3627E+00  0.0000E+00
  1.0000E+00  1.4570E+03  6.0708E+01  1.0912E+00  1.0000E+02  0.0000E+00  0.0000E+00  0.0000E+00  0.0000E+00  0.0000E+00  2.5468E-01  5.9383E+00  3.6863E+00  5.9019E-01  2.7639E+02  1.0000E+00  2.5468E-01  0.0000E+00 -1.0000E+00  1.0912E+00  2.5468E-01  8.3648E-01  0.0000E+00
  1.0000E+00  1.4580E+03  6.0750E+01 -4.8603E-01  1.0000E+02  0.0000E+00  0.0000E+00  0.0000E+00  0.0000E+00  0.0000E+00  2.5262E-01  5.8892E+00  3.6555E+00  5.8526E-01  2.7664E+02  1.0000E+00  2.5262E-01  0.0000E+00 -1.0000E+00 -4.8603E-01  2.5262E-01 -7.3864E-01  0.0000E+00
  1.0000E+00  1.4590E+03  6.0792E+01  6.7068E-01  1.0000E+02  0.0000E+00  0.0000E+00  0.0000E+00  0.0000E+00  0.0000E+00  2.5073E-01  5.8444E+00  3.6274E+00  5.8075E-01  2.7689E+02  1.0000E+00  2.5073E-01  0.0000E+00 -1.0000E+00  6.7068E-01  2.5073E-01  4.1996E-01  0.0000E+00
  1.0000E+00  1.4600E+03  6.0833E+01  9.9078E-01  1.0000E+02  0.0000E+00  0.0000E+00  0.0000E+00  0.0000E+00  0.0000E+00  2.4898E-01  5.8030E+00  3.6015E+00  5.7661E-01  2.7714E+02  1.0000E+00  2.4898E-01  0.0000E+00 -1.0000E+00  9.9078E-01  2.4898E-01  7.4179E-01  0.0000E+00
  1.0000E+00  1.4610E+03  6.0875E+01  9.2899E-02  1.0000E+02  0.0000E+00  0.0000E+00  0.0000E+00  0.0000E+00  0.0000E+00  2.4737E-01  5.7648E+00  3.5776E+00  5.7277E-01  2.7739E+02  1.0000E+00  2.4737E-01  0.0000E+00 -1.0000E+00  9.2899E-02  2.4737E-01 -1.5447E-01  0.0000E+00
  1.0000E+00  1.4620E+03  6.0917E+01  1.3987E-01  1.0000E+02  0.0000E+00  0.0000E+00  0.0000E+00  0.0000E+00  0.0000E+00  2.4586E-01  5.7292E+00  3.5553E+00  5.6920E-01  2.7764E+02  1.0000E+00  2.4586E-01  0.0000E+00 -1.0000E+00  1.3987E-01  2.4586E-01 -1.0599E-01  0.0000E+00
  1.0000E+00  1.4630E+03  6.0958E+01 -5.2151E-01  1.0000E+02  0.0000E+00  0.0000E+00  0.0000E+00  0.0000E+00  0.0000E+00  2.4445E-01  5.6959E+00  3.5345E+00  5.6586E-01  2.7788E+02  1.0000E+00  2.4445E-01  0.0000E+00 -1.0000E+00 -5.2151E-01  2.4445E-01 -7.6596E-01  0.0000E+00
  1.0000E+00  1.4640E+03  6.1000E+01 -3.7245E-01  1.0000E+02  0.0000E+00  0.0000E+00  0.0000E+00  0.0000E+00  0.0000E+00  2.4313E-01  5.6646E+00  3.5149E+00  5.6273E-01  2.7813E+02  1.0000E+00  2.4313E-01  0.0000E+00 -1.0000E+00 -3.7245E-01  2.4313E-01 -6.1558E-01  0.0000E+00
  1.0000E+00  1.4650E+03  6.1042E+01 -7.6274E-01  1.0000E+02  0.0000E+00  0.0000E+00  0.0000E+00  0.0000E+00  0.0000E+00  2.9608E-01  6.6735E+00  4.0651E+00  6.4935E-01  2.7840E+02  1.0000E+00  2.9608E-01  0.0000E+00 -1.0000E+00 -7.6274E-01  2.9608E-01 -1.0588E+00  0.0000E+00
  1.0000E+00  1.4660E+03  6.1083E+01 -5.0227E-01  1.0000E+02  0.0000E+00  0.0000E+00  0.0000E+00  0.0000E+00  0.0000E+00  3.1610E-01  7.2785E+00  4.4760E+00  7.1567E-01  2.7871E+02  1.0000E+00  3.1610E-01  0.0000E+00 -1.0000E+00 -5.0227E-01  3.1610E-01 -8.1838E-01  0.0000E+00
  1.0000E+00  1.4670E+03  6.1125E+01  2.1353E+00  1.0000E+02  0.0000E+00  0.0000E+00  0.0000E+00  0.0000E+00  0.0000E+00  3.2016E-01  7.4427E+00  4.6060E+00  7.3708E-01  2.7903E+02  1.0000E+00  3.2016E-01  0.0000E+00 -1.0000E+00  2.1353E+00  3.2016E-01  1.8151E+00  0.0000E+00
  1.0000E+00  1.4680E+03  6.1167E+01 -5.7501E-01  1.0000E+02  0.0000E+00  0.0000E+00  0.0000E+00  0.0000E+00  0.0000E+00  3.1690E-01  7.3980E+00  4.5920E+00  7.3516E-01  2.7934E+02  1.0000E+00  3.1690E-01  0.0000E+00 -1.0000E+00 -5.7501E-01  3.1690E-01 -8.9191E-01  0.0000E+00
  1.0000E+00  1.4690E+03  6.1208E+01  1.4196E+00  1.0000E+02  0.0000E+00  0.0000E+00  0.0000E+00  0.0000E+00  0.0000E+00  3.1065E-01  7.2646E+00  4.5150E+00  7.2298E-01  2.7966E+02  1.0000E+00  3.1065E-01  0.0000E+00 -1.0000E+00  1.4196E+00  3.1065E-01  1.1089E+00  0.0000E+00
  1.0000E+00  1.4700E+03  6.1250E+01  8.8840E-01  1.0000E+02  0.0000E+00  0.0000E+00  0.0000E+00  0.0000E+00  0.0000E+00  3.0354E-01  7.1018E+00  4.4159E+00  7.0715E-01  2.7997E+02  1.0000E+00  3.0354E-01  0.0000E+00 -1.0000E+00  8.8840E-01  3.0354E-01  5.8486E-01  0.0000E+00
  1.0000E+00  1.4710E+03  6.1292E+01  1.3201E+00  1.0000E+02  0.0000E+00  0.0000E+00  0.0000E+00  0.0000E+00  0.0000E+00  2.9654E-01  6.9375E+00  4.3140E+00  6.9084E-01  2.8027E+02  1.0000E+00  2.9654E-01  0.0000E+00 -1.0000E+00  1.3201E+00  2.9654E-01  1.0236E+00  0.0000E+00
  1.0000E+00  1.4720E+03  6.1333E+01  8.1508E-01  1.0000E+02  0.0000E+00  0.0000E+00  0.0000E+00  0.0000E+00  0.0000E+00  2.9008E-01  6.7839E+00  4.2179E+00  6.7545E-01  2.8056E+02  1.0000E+00  2.9008E-01  0.0000E+00 -1.0000E+00  8.1508E-01  2.9008E-01  5.2501E-01  0.0000E+00
  1.0000E+00  1.4730E+03  6.1375E+01 -1.3395E-02  1.0000E+02  0.0000E+00  0.0000E+00  0.0000E+00  0.0000E+00  0.0000E+00  2.8428E-01  6.6454E+00  4.1308E+00  6.6149E-01  2.8085E+02  1.0000E+00  2.8428E-01  0.0000E+00 -1.0000E+00 -1.3395E-02  2.8428E-01 -2.9767E-01  0.0000E+00
  1.0000E+00  1.4740E+03  6.1417E+01  2.7834E+00  1.0000E+02  0.0000E+00  0.0000E+00  0.0000E+00  0.0000E+00  0.0000E+00  2.7914E-01  6.5224E+00  4.0535E+00  6.4908E-01  2.8113E+02  1.0000E+00  2.7914E-01  0.0000E+00 -1.0000E+00  2.7834E+00  2.7914E-01  2.5042E+00  0.0000E+00
  1.0000E+00  1.4750E+03  6.1458E+01  9.4486E-01  1.0000E+02  0.0000E+00  0.0000E+00  0.0000E+00  0.0000E+00  0.0000E+00  2.7462E-01  6.4140E+00  3.9852E+00  6.3813E-01  2.8140E+02  1.0000E+00  2.7462E-01  0.0000E+00 -1.0000E+00  9.4486E-01  2.7462E-01  6.7024E-01  0.0000E+00
  1.0000E+00  1.4760E+03  6.1500E+01 -6.4180E-01  1.0000E+02  0.0000E+00  0.0000E+00  0.0000E+00  0.0000E+00  0.0000E+00  2.7064E-01  6.3186E+00  3.9251E+00  6.2848E-01  2.8168E+02  1.0000E+00  2.7064E-01  0.0000E+00 -1.0000E+00 -6.4180E-01  2.7064E-01 -9.1244E-01  0.0000E+00
  1.0000E+00  1.4770E+03  6.1542E+01  1.9420E-01  1.0000E+02  0.0000E+00  0.0000E+00  0.0000E+00  0.0000E+00  0.0000E+00  2.6713E-01  6.2343E+00  3.8721E+00  6.1998E-01  2.8195E+02  1.0000E+00  2.6713E-01  0.0000E+00 -1.0000E+00  1.9420E-01  2.6713E-01 -7.2928E-02  0.0000E+00
  1.0000E+00  1.4780E+03  6.1583E+01 -3.6260E-01  1.0000E+02  0.0000E+00  0.0000E+00  0.0000E+00  0.0000E+00  0.0000E+00  2.6400E-01  6.1597E+00  3.8251E+00  6.1244E-01  2.8221E+02  1.0000E+00  2.6400E-01  0.0000E+00 -1.0000E+00 -3.6260E-01  2.6400E-01 -6.2660E-01  0.0000E+00
  1.0000E+00  1.4790E+03  6.1625E+01 -1.6738E-01  1.0000E+02  0.0000E+00  0.0000E+00  0.0000E+00  0.0000E+00  0.0000E+00  2.6122E-01  6.0931E+00  3.7832E+00  6.0573E-01  2.8247E+02  1.0000E+00  2.6122E-01  0.0000E+00 -1.0000E+00 -1.6738E-01  2.6122E-01 -4.2860E-01  0.0000E+00
  1.0000E+00  1.4800E+03  6.1667E+01 -9.6861E-01  1.0000E+02  0.0000E+00  0.0000E+00  0.0000E+00  0.0000E+00  0.0000E+00  2.5871E-01  6.0333E+00  3.7456E+00  5.9971E-01  2.8273E+02  1.0000E+00  2.5871E-01  0.0000E+00 -1.0000E+00 -9.6861E-01  2.5871E-01 -1.2273E+00  0.0000E+00
  1.0000E+00  1.4810E+03  6.1708E+01 -1.4583E+00  1.0000E+02  0.0000E+00  0.0000E+00  0.0000E+00  0.0000E+00  0.0000E+00  2.5644E-01  5.9794E+00  3.7118E+00  5.9427E-01  2.8299E+02  1.0000E+00  2.5644E-01  0.0000E+00 -1.0000E+00 -1.4583E+00  2.5644E-01 -1.7148E+00  0.0000E+00
  1.0000E+00  1.4820E+03  6.1750E+01  7.4362E-01  1.0000E+02  0.0000E+00  0.0000E+00  0.0000E+00  0.0000E+00  0.0000E+00  2.5438E-01  5.9303E+00  3.6810E+00  5.8934E-01  2.8325E+02  1.0000E+00  2.5438E-01  0.0000E+00 -1.0000E+00  7.4362E-01  2.5438E-01  4.8924E-01  0.0000E+00
  1.0000E+00  1.4830E+03  6.1792E+01  2.4852E-01  1.0000E+02  0.0000E+00  0.0000E+00  0.0000E+00  0.0000E+00  0.0000E+00  2.5249E-01  5.8854E+00  3.6528E+00  5.8483E-01  2.8350E+02  1.0000E+00  2.5249E-01  0.0000E+00 -1.0000E+00  2.4852E-01  2.5249E-01 -3.9667E-03  0.0000E+00
  1.0000E+00  1.4840E+03  6.1833E+01  1.1250E+00  1.0000E+02  0.0000E+00  0.0000E+00  0.0000E+00  0.0000E+00  0.0000E+00  2.5074E-01  5.8440E+00  3.6269E+00  5.8068E-01  2.8375E+02  1.0000E+00  2.5074E-01  0.0000E+00 -1.0000E+00  1.1250E+00  2.5074E-01  8.7423E-01  0.0000E+00
  1.0000E+00  1.4850E+03  6.1875E+01  4.6694E-01  1.0000E+02  0.0000E+00  0.0000E+00  0.0000E+00  0.0000E+00  0.0000E+00  2.4913E-01  5.8057E+00  3.6030E+00  5.7683E-01  2.8400E+02  1.0000E+00  2.4913E-01  0.0000E+00 -1.0000E+00  4.6694E-01  2.4913E-01  2.1781E-01  0.0000E+00
  1.0000E+00  1.4860E+03  6.1917E+01 -2.4961E-01  1.0000E+02  0.0000E+00  0.0000E+00  0.0000E+00  0.0000E+00  0.0000E+00  2.4762E-01  5.7701E+00  3.5807E+00  5.7326E-01  2.8425E+02  1.0000E+00  2.4762E-01  0.0000E+00 -1.0000E+00 -2.4961E-01  2.4762E-01 -4.9723E-01  0.0000E+00
  1.0000E+00  1.4870E+03  6.1958E+01  2.0967E+00  1.0000E+02  0.0000E+00  0.0000E+00  0.0000E+00  0.0000E+00  0.0000E+00  2.4621E-01  5.7367E+00  3.5598E+00  5.6992E-01  2.8450E+02  1.0000E+00  2.4621E-01  0.0000E+00 -1.0000E+00  2.0967E+00  2.4621E-01  1.8505E+00  0.0000E+00
  1.0000E+00  1.4880E+03  6.2000E+01  1.2252E+00  1.0000E+02  0.0000E+00  0.0000E+00  0.0000E+00  0.0000E+00  0.0000E+00  2.4488E-01  5.7054E+00  3.5403E+00  5.6678E-01  2.8474E+02  1.0000E+00  2.4488E-01  0.0000E+00 -1.0000E+00  1.2252E+00  2.4488E-01  9.8028E-01  0.0000E+00
  1.0000E+00  1.4890E+03  6.2042E+01 -5.8877E-01  1.0000E+02  0.0000E+00  0.0000E+00  0.0000E+00  0.0000E+00  0.0000E+00  2.9783E-01  6.7143E+00  4.0904E+00  6.5340E-01  2.8502E+02  1.0000E+00  2.9783E-01  0.0000E+00 -1.0000E+00 -5.8877E-01  2.9783E-01 -8.8660E-01  0.0000E+00
  1.0000E+00  1.4900E+03  6.2083E+01  7.0914E-01  1.0000E+02  0.0000E+00  0.0000E+00  0.0000E+00  0.0000E+00  0.0000E+00  3.1786E-01  7.3192E+00  4.5013E+00  7.1971E-01  2.8533E+02  1.0000E+00  3.1786E-01  0.0000E+00 -1.0000E+00  7.0914E-01  3.1786E-01  3.9129E-01  0.0000E+00
  1.0000E+00  1.4910E+03  6.2125E+01  2.6612E+00  1.0000E+02  0.0000E+00  0.0000E+00  0.0000E+00  0.0000E+00  0.0000E+00  3.2191E-01  7.4834E+00  4.6313E+00  7.4113E-01  2.8565E+02  1.0000E+00  3.2191E-01  0.0000E+00 -1.0000E+00  2.6612E+00  3.2191E-01  2.3393E+00  0.0000E+00
  1.0000E+00  1.4920E+03  6.2167E+01  2.3095E+00  1.0000E+02  0.0000E+00  0.0000E+00  0.0000E+00  0.0000E+00  0.0000E+00  3.1865E-01  7.4387E+00  4.6172E+00  7.3920E-01  2.8597E+02  1.0000E+00  3.1865E-01  0.0000E+00 -1.0000E+00  2.3095E+00  3.1865E-01  1.9909E+00  0.0000E+00
  1.0000E+00  1.4930E+03  6.2208E+01  1.0097E+00  1.0000E+02  0.0000E+00  0.0000E+00  0.0000E+00  0.0000E+00  0.0000E+00  3.1240E-01  7.3053E+00  4.5403E+00  7.2702E-01  2.8628E+02  1.0000E+00  3.1240E-01  0.0000E+00 -1.0000E+00  1.0097E+00  3.1240E-01  6.9735E-01  0.0000E+00
  1.0000E+00  1.4940E+03  6.2250E+01  8.3400E-01  1.0000E+02  0.0000E+00  0.0000E+00  0.0000E+00  0.0000E+00  0.0000E+00  3.0528E-01  7.1424E+00  4.4411E+00  7.1119E-01  2.8659E+02  1.0000E+00  3.0528E-01  0.0000E+00 -1.0000E+00  8.3400E-01  3.0528E-01  5.2872E-01  0.0000E+00
  1.0000E+00  1.4950E+03  6.2292E+01 -2.6898E-01  1.0000E+02  0.0000E+00  0.0000E+00  0.0000E+00  0.0000E+00  0.0000E+00  2.9828E-01  6.9781E+00  4.3392E+00  6.9487E-01  2.8690E+02  1.0000E+00  2.9828E-01  0.0000E+00 -1.0000E+00 -2.6898E-01  2.9828E-01 -5.6726E-01  0.0000E+00
  1.0000E+00  1.4960E+03  6.2333E+01  1.3279E+00  1.0000E+02  0.0000E+00  0.0000E+00  0.0000E+00  0.0000E+00  0.0000E+00  2.9182E-01  6.8245E+00  4.2431E+00  6.7947E-01  2.8719E+02  1.0000E+00  2.9182E-01  0.0000E+00 -1.0000E+00  1.3279E+00  2.9182E-01  1.0361E+00  0.0000E+00
  1.0000E+00  1.4970E+03  6.2375E+01  2.2355E+00  1.0000E+02  0.0000E+00  0.0000E+00  0.0000E+00  0.0000E+00  0.0000E+00  2.8602E-01  6.6859E+00  4.1560E+00  6.6551E-01  2.8748E+02  1.0000E+00  2.8602E-01  0.0000E+00 -1.0000E+00  2.2355E+00  2.8602E-01  1.9495E+00  0.0000E+00
  1.0000E+00  1.4980E+03  6.2417E+01  1.5402E+00  1.0000E+02  0.0000E+00  0.0000E+00  0.0000E+00  0.0000E+00  0.0000E+00  2.8088E-01  6.5629E+00  4.0786E+00  6.5310E-01  2.8776E+02  1.0000E+00  2.8088E-01  0.0000E+00 -1.0000E+00  1.5402E+00  2.8088E-01  1.2593E+00  0.0000E+00
  1.0000E+00  1.4990E+03  6.2458E+01 -6.2639E-02  1.0000E+02  0.0000E+00  0.0000E+00  0.0000E+00  0.0000E+00  0.0000E+00  2.7636E-01  6.4545E+00  4.0103E+00  6.4214E-01  2.8804E+02  1.0000E+00  2.7636E-01  0.0000E+00 -1.0000E+00 -6.2639E-02  2.7636E-01 -3.3900E-01  0.0000E+00
  1.0000E+00  1.5000E+03  6.2500E+01  1.2155E+00  1.0000E+02  0.0000E+00  0.0000E+00  0.0000E+00  0.0000E+00  0.0000E+00  2.7238E-01  6.3590E+00  3.9502E+00  6.3250E-01  2.8832E+02  1.0000E+00  2.7238E-01  0.0000E+00 -1.0000E+00  1.2155E+00  2.7238E-01  9.4308E-01  0.0000E+00
  1.0000E+00  1.5010E+03  6.2542E+01 -6.0877E-02  1.0000E+02  0.0000E+00  0.0000E+00  0.0000E+00  0.0000E+00  0.0000E+00  2.6886E-01  6.2747E+00  3.8971E+00  6.2399E-01  2.8859E+02  1.0000E+00  2.6886E-01  0.0000E+00 -1.0000E+00 -6.0877E-02  2.6886E-01 -3.2974E-01  0.0000E+00
  1.0000E+00  1.5020E+03  6.2583E+01  3.3660E-01  1.0000E+02  0.0000E+00  0.0000E+00  0.0000E+00  0.0000E+00  0.0000E+00  2.6574E-01  6.2000E+00  3.8501E+00  6.1645E-01  2.8885E+02  1.0000E+00  2.6574E-01  0.0000E+00 -1.0000E+00  3.3660E-01  2.6574E-01  7.0867E-02  0.0000E+00
  1.0000E+00  1.5030E+03  6.2625E+01  1.3266E+00  1.0000E+02  0.0000E+00  0.0000E+00  0.0000E+00  0.0000E+00  0.0000E+00  2.6295E-01  6.1334E+00  3.8082E+00  6.0973E-01  2.8912E+02  1.0000E+00  2.6295E-01  0.0000E+00 -1.0000E+00  1.3266E+00  2.6295E-01  1.0636E+00  0.0000E+00
  1.0000E+00  1.5040E+03  6.2667E+01  6.4810E-01  1.0000E+02  0.0000E+00  0.0000E+00  0.0000E+00  0.0000E+00  0.0000E+00  2.6044E-01  6.0736E+00  3.7706E+00  6.0371E-01  2.8938E+02  1.0000E+00  2.6044E-01  0.0000E+00 -1.0000E+00  6.4810E-01  2.6044E-01  3.8766E-01  0.0000E+00
  1.0000E+00  1.5050E+03  6.2708E+01  7.1168E-02  1.0000E+02  0.0000E+00  0.0000E+00  0.0000E+00  0.0000E+00  0.0000E+00  2.5817E-01  6.0196E+00  3.7367E+00  5.9827E-01  2.8964E+02  1.0000E+00  2.5817E-01  0.0000E+00 -1.0000E+00  7.1168E-02  2.5817E-01 -1.8701E-01  0.0000E+00
  1.0000E+00  1.5060E+03  6.2750E+01 -2.8667E-01  1.0000E+02  0.0000E+00  0.0000E+00  0.0000E+00  0.0000E+00  0.0000E+00  2.5611E-01  5.9705E+00  3.7059E+00  5.9333E-01  2.8990E+02  1.0000E+00  2.5611E-01  0.0000E+00 -1.0000E+00 -2.8667E-01  2.5611E-01 -5.4278E-01  0.0000E+00
  1.0000E+00  1.5070E+03  6.2792E+01 -1.2502E+00  1.0000E+02  0.0000E+00  0.0000E+00  0.0000E+00  0.0000E+00  0.0000E+00  2.5422E-01  5.9256E+00  3.6778E+00  5.8882E-01  2.9015E+02  1.0000E+00  2.5422E-01  0.0000E+00 -1.0000E+00 -1.2502E+00  2.5422E-01 -1.5044E+00  0.0000E+00
  1.0000E+00  1.5080E+03  6.2833E+01  2.3618E+00  1.0000E+02  0.0000E+00  0.0000E+00  0.0000E+00  0.0000E+00  0.0000E+00  2.5247E-01  5.8842E+00  3.6518E+00  5.8466E-01  2.9040E+02  1.0000E+00  2.5247E-01  0.0000E+00 -1.0000E+00  2.3618E+00  2.5247E-01  2.1094E+00  0.0000E+00
  1.0000E+00  1.5090E+03  6.2875E+01 -4.2046E-01  1.0000E+02  0.0000E+00  0.0000E+00  0.0000E+00  0.0000E+00  0.0000E+00  2.5085E-01  5.8459E+00  3.6279E+00  5.8082E-01  2.9066E+02  1.0000E+00  2.5085E-01  0.0000E+00 -1.0000E+00 -4.2046E-01  2.5085E-01 -6.7131E-01  0.0000E+00
  1.0000E+00  1.5100E+03  6.2917E+01  5.1274E-01  1.0000E+02  0.0000E+00  0.0000E+00  0.0000E+00  0.0000E+00  0.0000E+00  2.4934E-01  5.8102E+00  3.6055E+00  5.7724E-01  2.9091E+02  1.0000E+00  2.4934E-01  0.0000E+00 -1.0000E+00  5.1274E-01  2.4934E-01  2.6340E-01  0.0000E+00
  1.0000E+00  1.5110E+03  6.2958E+01 -4.6601E-01  1.0000E+02  0.0000E+00  0.0000E+00  0.0000E+00  0.0000E+00  0.0000E+00  2.4793E-01  5.7768E+00  3.5847E+00  5.7390E-01  2.9115E+02  1.0000E+00  2.4793E-01  0.0000E+00 -1.0000E+00 -4.6601E-01  2.4793E-01 -7.1394E-01  0.0000E+00
  1.0000E+00  1.5120E+03  6.3000E+01 -8.8012E-01  1.0000E+02  0.0000E+00  0.0000E+00  0.0000E+00  0.0000E+00  0.0000E+00  2.4660E-01  5.7454E+00  3.5651E+00  5.7076E-01  2.9140E+02  1.0000E+00  2.4660E-01  0.0000E+00 -1.0000E+00 -8.8012E-01  2.4660E-01 -1.1267E+00  0.0000E+00
  1.0000E+00  1.5130E+03  6.3042E+01 -1.6574E-01  1.0000E+02  0.0000E+00  0.0000E+00  0.0000E+00  0.0000E+00  0.0000E+00  2.9955E-01  6.7543E+00  4.1152E+00  6.5737E-01  2.9168E+02  1.0000E+00  2.9955E-01  0.0000E+00 -1.0000E+00 -1.6574E-01  2.9955E-01 -4.6529E-01  0.0000E+00
  1.0000E+00  1.5140E+03  6.3083E+01 -1.2318E+00  1.0000E+02  0.0000E+00  0.0000E+00  0.0000E+00  0.0000E+00  0.0000E+00  3.1957E-01  7.3592E+00  4.5261E+00  7.2368E-01  2.9199E+02  1.0000E+00  3.1957E-01  0.0000E+00 -1.0000E+00 -1.2318E+00  3.1957E-01 -1.5514E+00  0.0000E+00
  1.0000E+00  1.5150E+03  6.3125E+01  6.9908E-01  1.0000E+02  0.0000E+00  0.0000E+00  0.0000E+00  0.0000E+00  0.0000E+00  3.2363E-01  7.5233E+00  4.6560E+00  7.4509E-01  2.9231E+02  1.0000E+00  3.2363E-01  0.0000E+00 -1.0000E+00  6.9908E-01  3.2363E-01  3.7546E-01  0.0000E+00
  1.0000E+00  1.5160E+03  6.3167E+01  3.5009E-01  1.0000E+02  0.0000E+00  0.0000E+00  0.0000E+00  0.0000E+00  0.0000E+00  3.2036E-01  7.4785E+00  4.6420E+00  7.4316E-01  2.9263E+02  1.0000E+00  3.2036E-01  0.0000E+00 -1.0000E+00  3.5009E-01  3.2036E-01  2.9733E-02  0.0000E+00
  1.0000E+00  1.5170E+03  6.3208E+01 -8.9885E-01  1.0000E+02  0.0000E+00  0.0000E+00  0.0000E+00  0.0000E+00  0.0000E+00  3.1411E-01  7.3451E+00  4.5650E+00  7.3097E-01  2.9295E+02  1.0000E+00  3.1411E-01  0.0000E+00 -1.0000E+00 -8.9885E-01  3.1411E-01 -1.2130E+00  0.0000E+00
  1.0000E+00  1.5180E+03  6.3250E+01  1.0665E+00  1.0000E+02  0.0000E+00  0.0000E+00  0.0000E+00  0.0000E+00  0.0000E+00  3.0699E-01  7.1823E+00  4.4658E+00  7.1514E-01  2.9326E+02  1.0000E+00  3.0699E-01  0.0000E+00 -1.0000E+00  1.0665E+00  3.0699E-01  7.5953E-01  0.0000E+00
  1.0000E+00  1.5190E+03  6.3292E+01  1.5715E-02  1.0000E+02  0.0000E+00  0.0000E+00  0.0000E+00  0.0000E+00  0.0000E+00  2.9999E-01  7.0179E+00  4.3638E+00  6.9882E-01  2.9357E+02  1.0000E+00  2.9999E-01  0.0000E+00 -1.0000E+00  1.5715E-02  2.9999E-01 -2.8428E-01  0.0000E+00
  1.0000E+00  1.5200E+03  6.3333E+01  1.0402E+00  1.0000E+02  0.0000E+00  0.0000E+00  0.0000E+00  0.0000E+00  0.0000E+00  2.9353E-01  6.8643E+00  4.2677E+00  6.8342E-01  2.9386E+02  1.0000E+00  2.9353E-01  0.0000E+00 -1.0000E+00  1.0402E+00  2.9353E-01  7.4663E-01  0.0000E+00
  1.0000E+00  1.5210E+03  6.3375E+01  3.6443E-01  1.0000E+02  0.0000E+00  0.0000E+00  0.0000E+00  0.0000E+00  0.0000E+00  2.8772E-01  6.7256E+00  4.1806E+00  6.6946E-01  2.9415E+02  1.0000E+00  2.8772E-01  0.0000E+00 -1.0000E+00  3.6443E-01  2.8772E-01  7.6709E-02  0.0000E+00
  1.0000E+00  1.5220E+03  6.3417E+01 -2.5314E-01  1.0000E+02  0.0000E+00  0.0000E+00  0.0000E+00  0.0000E+00  0.0000E+00  2.8259E-01  6.6026E+00  4.1032E+00  6.5704E-01  2.9444E+02  1.0000E+00  2.8259E-01  0.0000E+00 -1.0000E+00 -2.5314E-01  2.8259E-01 -5.3572E-01  0.0000E+00
  1.0000E+00  1.5230E+03  6.3458E+01  2.8091E-01  1.0000E+02  0.0000E+00  0.0000E+00  0.0000E+00  0.0000E+00  0.0000E+00  2.7807E-01  6.4941E+00  4.0349E+00  6.4608E-01  2.9472E+02  1.0000E+00  2.7807E-01  0.0000E+00 -1.0000E+00  2.8091E-01  2.7807E-01  2.8404E-03  0.0000E+00
  1.0000E+00  1.5240E+03  6.3500E+01  2.5793E+00  1.0000E+02  0.0000E+00  0.0000E+00  0.0000E+00  0.0000E+00  0.0000E+00  2.7408E-01  6.3986E+00  3.9747E+00  6.3643E-01  2.9499E+02  1.0000E+00  2.7408E-01  0.0000E+00 -1.0000E+00  2.5793E+00  2.7408E-01  2.3053E+00  0.0000E+00
  1.0000E+00  1.5250E+03  6.3542E+01 -1.2615E+00  1.0000E+02  0.0000E+00  0.0000E+00  0.0000E+00  0.0000E+00  0.0000E+00  2.7056E-01  6.3143E+00  3.9216E+00  6.2792E-01  2.9527E+02  1.0000E+00  2.7056E-01  0.0000E+00 -1.0000E+00 -1.2615E+00  2.7056E-01 -1.5321E+00  0.0000E+00
  1.0000E+00  1.5260E+03  6.3583E+01 -2.9874E-02  1.0000E+02  0.0000E+00  0.0000E+00  0.0000E+00  0.0000E+00  0.0000E+00  2.6744E-01  6.2396E+00  3.8746E+00  6.2037E-01  2.9554E+02  1.0000E+00  2.6744E-01  0.0000E+00 -1.0000E+00 -2.9874E-02  2.6744E-01 -2.9731E-01  0.0000E+00
  1.0000E+00  1.5270E+03  6.3625E+01 -2.6224E-01  1.0000E+02  0.0000E+00  0.0000E+00  0.0000E+00  0.0000E+00  0.0000E+00  2.6465E-01  6.1729E+00  3.8327E+00  6.1365E-01  2.9580E+02  1.0000E+00  2.6465E-01  0.0000E+00 -1.0000E+00 -2.6224E-01  2.6465E-01 -5.2688E-01  0.0000E+00
  1.0000E+00  1.5280E+03  6.3667E+01 -7.2312E-01  1.0000E+02  0.0000E+00  0.0000E+00  0.0000E+00  0.0000E+00  0.0000E+00  2.6214E-01  6.1131E+00  3.7951E+00  6.0763E-01  2.9607E+02  1.0000E+00  2.6214E-01  0.0000E+00 -1.0000E+00 -7.2312E-01  2.6214E-01 -9.8526E-01  0.0000E+00
  1.0000E+00  1.5290E+03  6.3708E+01 -1.9515E-01  1.0000E+02  0.0000E+00  0.0000E+00  0.0000E+00  0.0000E+00  0.0000E+00  2.5987E-01  6.0591E+00  3.7612E+00  6.0219E-01  2.9633E+02  1.0000E+00  2.5987E-01  0.0000E+00 -1.0000E+00 -1.9515E-01  2.5987E-01 -4.5502E-01  0.0000E+00
  1.0000E+00  1.5300E+03  6.3750E+01  2.5181E+00  1.0000E+02  0.0000E+00  0.0000E+00  0.0000E+00  0.0000E+00  0.0000E+00  2.5780E-01  6.0099E+00  3.7304E+00  5.9724E-01  2.9659E+02  1.0000E+00  2.5780E-01  0.0000E+00 -1.0000E+00  2.5181E+00  2.5780E-01  2.2603E+00  0.0000E+00
  1.0000E+00  1.5310E+03  6.3792E+01  1.2266E+00  1.0000E+02  0.0000E+00  0.0000E+00  0.0000E+00  0.0000E+00  0.0000E+00  2.5591E-01  5.9649E+00  3.7022E+00  5.9273E-01  2.9684E+02  1.0000E+00  2.5591E-01  0.0000E+00 -1.0000E+00  1.2266E+00  2.5591E-01  9.7073E-01  0.0000E+00
  1.0000E+00  1.5320E+03  6.3833E+01  4.0774E-01  1.0000E+02  0.0000E+00  0.0000E+00  0.0000E+00  0.0000E+00  0.0000E+00  2.5416E-01  5.9235E+00  3.6762E+00  5.8857E-01  2.9710E+02  1.0000E+00  2.5416E-01  0.0000E+00 -1.0000E+00  4.0774E-01  2.5416E-01  1.5358E-01  0.0000E+00
  1.0000E+00  1.5330E+03  6.3875E+01 -1.5499E+00  1.0000E+02  0.0000E+00  0.0000E+00  0.0000E+00  0.0000E+00  0.0000E+00  2.5254E-01  5.8852E+00  3.6522E+00  5.8472E-01  2.9735E+02  1.0000E+00  2.5254E-01  0.0000E+00 -1.0000E+00 -1.5499E+00  2.5254E-01 -1.8025E+00  0.0000E+00
  1.0000E+00  1.5340E+03  6.3917E+01 -1.8971E+00  1.0000E+02  0.0000E+00  0.0000E+00  0.0000E+00  0.0000E+00  0.0000E+00  2.5103E-01  5.8495E+00  3.6299E+00  5.8114E-01  2.9760E+02  1.0000E+00  2.5103E-01  0.0000E+00 -1.0000E+00 -1.8971E+00  2.5103E-01 -2.1481E+00  0.0000E+00
  1.0000E+00  1.5350E+03  6.3958E+01 -1.1591E-01  1.0000E+02  0.0000E+00  0.0000E+00  0.0000E+00  0.0000E+00  0.0000E+00  2.4962E-01  5.8160E+00  3.6090E+00  5.7779E-01  2.9785E+02  1.0000E+00  2.4962E-01  0.0000E+00 -1.0000E+00 -1.1591E-01  2.4962E-01 -3.6552E-01  0.0000E+00
  1.0000E+00  1.5360E+03  6.4000E+01  1.3021E-01  1.0000E+02  0.0000E+00  0.0000E+00  0.0000E+00  0.0000E+00  0.0000E+00  2.4828E-01  5.7846E+00  3.5894E+00  5.7465E-01  2.9810E+02  1.0000E+00  2.4828E-01  0.0000E+00 -1.0000E+00  1.3021E-01  2.4828E-01 -1.1808E-01  0.0000E+00
  1.0000E+00  1.5370E+03  6.4042E+01  1.3015E+00  1.0000E+02  0.0000E+00  0.0000E+00  0.0000E+00  0.0000E+00  0.0000E+00  3.0123E-01  6.7935E+00  4.1395E+00  6.6126E-01  2.9838E+02  1.0000E+00  3.0123E-01  0.0000E+00 -1.0000E+00  1.3015E+00  3.0123E-01  1.0003E+00  0.0000E+00
  1.0000E+00  1.5380E+03  6.4083E+01  1.0924E+00  1.0000E+02  0.0000E+00  0.0000E+00  0.0000E+00  0.0000E+00  0.0000E+00  3.2125E-01  7.3983E+00  4.5504E+00  7.2757E-01  2.9869E+02  1.0000E+00  3.2125E-01  0.0000E+00 -1.0000E+00  1.0924E+00  3.2125E-01  7.7113E-01  0.0000E+00
  1.0000E+00  1.5390E+03  6.4125E+01  3.7277E-01  1.0000E+02  0.0000E+00  0.0000E+00  0.0000E+00  0.0000E+00  0.0000E+00  3.2531E-01  7.5624E+00  4.6803E+00  7.4897E-01  2.9902E+02  1.0000E+00  3.2531E-01  0.0000E+00 -1.0000E+00  3.7277E-01  3.2531E-01  4.7458E-02  0.0000E+00
  1.0000E+00  1.5400E+03  6.4167E+01  1.1452E-01  1.0000E+02  0.0000E+00  0.0000E+00  0.0000E+00  0.0000E+00  0.0000E+00  3.2204E-01  7.5176E+00  4.6662E+00  7.4704E-01  2.9934E+02  1.0000E+00  3.2204E-01  0.0000E+00 -1.0000E+00  1.1452E-01  3.2204E-01 -2.0752E-01  0.0000E+00
  1.0000E+00  1.5410E+03  6.4208E+01 -1.0049E+00  1.0000E+02  0.0000E+00  0.0000E+00  0.0000E+00  0.0000E+00  0.0000E+00  3.1579E-01  7.3842E+00  4.5892E+00  7.3485E-01  2.9966E+02  1.0000E+00  3.1579E-01  0.0000E+00 -1.0000E+00 -1.0049E+00  3.1579E-01 -1.3207E+00  0.0000E+00
  1.0000E+00  1.5420E+03  6.4250E+01  1.9250E+00  1.0000E+02  0.0000E+00  0.0000E+00  0.0000E+00  0.0000E+00  0.0000E+00  3.0867E-01  7.2213E+00  4.4900E+00  7.1902E-01  2.9997E+02  1.0000E+00  3.0867E-01  0.0000E+00 -1.0000E+00  1.9250E+00  3.0867E-01  1.6164E+00  0.0000E+00
  1.0000E+00  1.5430E+03  6.4292E+01 -5.1461E-01  1.0000E+02  0.0000E+00  0.0000E+00  0.0000E+00  0.0000E+00  0.0000E+00  3.0167E-01  7.0569E+00  4.3880E+00  7.0269E-01  3.0028E+02  1.0000E+00  3.0167E-01  0.0000E+00 -1.0000E+00 -5.1461E-01  3.0167E-01 -8.1627E-01  0.0000E+00
  1.0000E+00  1.5440E+03  6.4333E+01  1.0659E+00  1.0000E+02  0.0000E+00  0.0000E+00  0.0000E+00  0.0000E+00  0.0000E+00  2.9520E-01  6.9032E+00  4.2919E+00  6.8729E-01  3.0058E+02  1.0000E+00  2.9520E-01  0.0000E+00 -1.0000E+00  1.0659E+00  2.9520E-01  7.7072E-01  0.0000E+00
  1.0000E+00  1.5450E+03  6.4375E+01  5.4085E-01  1.0000E+02  0.0000E+00  0.0000E+00  0.0000E+00  0.0000E+00  0.0000E+00  2.8940E-01  6.7645E+00  4.2047E+00  6.7332E-01  3.0087E+02  1.0000E+00  2.8940E-01  0.0000E+00 -1.0000E+00  5.4085E-01  2.8940E-01  2.5146E-01  0.0000E+00
  1.0000E+00  1.5460E+03  6.4417E+01 -1.1160E+00  1.0000E+02  0.0000E+00  0.0000E+00  0.0000E+00  0.0000E+00  0.0000E+00  2.8426E-01  6.6414E+00  4.1273E+00  6.6090E-01  3.0116E+02  1.0000E+00  2.8426E-01  0.0000E+00 -1.0000E+00 -1.1160E+00  2.8426E-01 -1.4002E+00  0.0000E+00
  1.0000E+00  1.5470E+03  6.4458E+01  1.6511E+00  1.0000E+02  0.0000E+00  0.0000E+00  0.0000E+00  0.0000E+00  0.0000E+00  2.7973E-01  6.5330E+00  4.0590E+00  6.4994E-01  3.0144E+02  1.0000E+00  2.7973E-01  0.0000E+00 -1.0000E+00  1.6511E+00  2.7973E-01  1.3714E+00  0.0000E+00
  1.0000E+00  1.5480E+03  6.4500E+01  1.4336E+00  1.0000E+02  0.0000E+00  0.0000E+00  0.0000E+00  0.0000E+00  0.0000E+00  2.7575E-01  6.4374E+00  3.9988E+00  6.4029E-01  3.0171E+02  1.0000E+00  2.7575E-01  0.0000E+00 -1.0000E+00  1.4336E+00  2.7575E-01  1.1579E+00  0.0000E+00
  1.0000E+00  1.5490E+03  6.4542E+01  1.7257E+00  1.0000E+02  0.0000E+00  0.0000E+00  0.0000E+00  0.0000E+00  0.0000E+00  2.7223E-01  6.3531E+00  3.9457E+00  6.3177E-01  3.0199E+02  1.0000E+00  2.7223E-01  0.0000E+00 -1.0000E+00  1.7257E+00  2.7223E-01  1.4535E+00  0.0000E+00
  1.0000E+00  1.5500E+03  6.4583E+01 -8.5150E-01  1.0000E+02  0.0000E+00  0.0000E+00  0.0000E+00  0.0000E+00  0.0000E+00  2.6910E-01  6.2783E+00  3.8987E+00  6.2422E-01  3.0226E+02  1.0000E+00  2.6910E-01  0.0000E+00 -1.0000E+00 -8.5150E-01  2.6910E-01 -1.1206E+00  0.0000E+00
  1.0000E+00  1.5510E+03  6.4625E+01  7.8382E-02  1.0000E+02  0.0000E+00  0.0000E+00  0.0000E+00  0.0000E+00  0.0000E+00  2.6631E-01  6.2116E+00  3.8567E+00  6.1750E-01  3.0253E+02  1.0000E+00  2.6631E-01  0.0000E+00 -1.0000E+00  7.8382E-02  2.6631E-01 -1.8793E-01  0.0000E+00
  1.0000E+00  1.5520E+03  6.4667E+01  1.2189E+00  1.0000E+02  0.0000E+00  0.0000E+00  0.0000E+00  0.0000E+00  0.0000E+00  2.6380E-01  6.1518E+00  3.8191E+00  6.1147E-01  3.0279E+02  1.0000E+00  2.6380E-01  0.0000E+00 -1.0000E+00  1.2189E+00  2.6380E-01  9.5510E-01  0.0000E+00
  1.0000E+00  1.5530E+03  6.4708E+01  1.6708E+00  1.0000E+02  0.0000E+00  0.0000E+00  0.0000E+00  0.0000E+00  0.0000E+00  2.6153E-01  6.0977E+00  3.7852E+00  6.0602E-01  3.0305E+02  1.0000E+00  2.6153E-01  0.0000E+00 -1.0000E+00  1.6708E+00  2.6153E-01  1.4093E+00  0.0000E+00
  1.0000E+00  1.5540E+03  6.4750E+01  8.3912E-01  1.0000E+02  0.0000E+00  0.0000E+00  0.0000E+00  0.0000E+00  0.0000E+00  2.5946E-01  6.0485E+00  3.7543E+00  6.0108E-01  3.0332E+02  1.0000E+00  2.5946E-01  0.0000E+00 -1.0000E+00  8.3912E-01  2.5946E-01  5.7966E-01  0.0000E+00
  1.0000E+00  1.5550E+03  6.4792E+01  4.7954E-02  1.0000E+02  0.0000E+00  0.0000E+00  0.0000E+00  0.0000E+00  0.0000E+00  2.5757E-01  6.0035E+00  3.7261E+00  5.9656E-01  3.0357E+02  1.0000E+00  2.5757E-01  0.0000E+00 -1.0000E+00  4.7954E-02  2.5757E-01 -2.0961E-01  0.0000E+00
  1.0000E+00  1.5560E+03  6.4833E+01  5.0051E-01  1.0000E+02  0.0000E+00  0.0000E+00  0.0000E+00  0.0000E+00  0.0000E+00  2.5582E-01  5.9621E+00  3.7002E+00  5.9240E-01  3.0383E+02  1.0000E+00  2.5582E-01  0.0000E+00 -1.0000E+00  5.0051E-01  2.5582E-01  2.4469E-01  0.0000E+00
  1.0000E+00  1.5570E+03  6.4875E+01  8.0606E-01  1.0000E+02  0.0000E+00  0.0000E+00  0.0000E+00  0.0000E+00  0.0000E+00  2.5420E-01  5.9237E+00  3.6761E+00  5.8855E-01  3.0409E+02  1.0000E+00  2.5420E-01  0.0000E+00 -1.0000E+00  8.0606E-01  2.5420E-01  5.5187E-01  0.0000E+00
  1.0000E+00  1.5580E+03  6.4917E+01 -1.3069E+00  1.0000E+02  0.0000E+00  0.0000E+00  0.0000E+00  0.0000E+00  0.0000E+00  2.5268E-01  5.8879E+00  3.6538E+00  5.8496E-01  3.0434E+02  1.0000E+00  2.5268E-01  0.0000E+00 -1.0000E+00 -1.3069E+00  2.5268E-01 -1.5596E+00  0.0000E+00
  1.0000E+00  1.5590E+03  6.4958E+01  9.6007E-01  1.0000E+02  0.0000E+00  0.0000E+00  0.0000E+00  0.0000E+00  0.0000E+00  2.5127E-01  5.8545E+00  3.6329E+00  5.8161E-01  3.0459E+02  1.0000E+00  2.5127E-01  0.0000E+00 -1.0000E+00  9.6007E-01  2.5127E-01  7.0880E-01  0.0000E+00
  1.0000E+00  1.5600E+03  6.5000E+01 -3.1962E-02  1.0000E+02  0.0000E+00  0.0000E+00  0.0000E+00  0.0000E+00  0.0000E+00  2.4994E-01  5.8231E+00  3.6132E+00  5.7847E-01  3.0484E+02  1.0000E+00  2.4994E-01  0.0000E+00 -1.0000E+00 -3.1962E-02  2.4994E-01 -2.8190E-01  0.0000E+00
  1.0000E+00  1.5610E+03  6.5042E+01 -7.0418E-01  1.0000E+02  0.0000E+00  0.0000E+00  0.0000E+00  0.0000E+00  0.0000E+00  3.0288E-01  6.8319E+00  4.1634E+00  6.6507E-01  3.0512E+02  1.0000E+00  3.0288E-01  0.0000E+00 -1.0000E+00 -7.0418E-01  3.0288E-01 -1.0071E+00  0.0000E+00
  1.0000E+00  1.5620E+03  6.5083E+01 -9.0247E-01  1.0000E+02  0.0000E+00  0.0000E+00  0.0000E+00  0.0000E+00  0.0000E+00  3.2290E-01  7.4367E+00  4.5742E+00  7.3138E-01  3.0544E+02  1.0000E+00  3.2290E-01  0.0000E+00 -1.0000E+00 -9.0247E-01  3.2290E-01 -1.2254E+00  0.0000E+00
  1.0000E+00  1.5630E+03  6.5125E+01 -3.2287E-01  1.0000E+02  0.0000E+00  0.0000E+00  0.0000E+00  0.0000E+00  0.0000E+00  3.2695E-01  7.6008E+00  4.7041E+00  7.5278E-01  3.0576E+02  1.0000E+00  3.2695E-01  0.0000E+00 -1.0000E+00 -3.2287E-01  3.2695E-01 -6.4982E-01  0.0000E+00
  1.0000E+00  1.5640E+03  6.5167E+01  1.0367E+00  1.0000E+02  0.0000E+00  0.0000E+00  0.0000E+00  0.0000E+00  0.0000E+00  3.2368E-01  7.5559E+00  4.6900E+00  7.5084E-01  3.0609E+02  1.0000E+00  3.2368E-01  0.0000E+00 -1.0000E+00  1.0367E+00  3.2368E-01  7.1298E-01  0.0000E+00
  1.0000E+00  1.5650E+03  6.5208E+01  1.7579E-01  1.0000E+02  0.0000E+00  0.0000E+00  0.0000E+00  0.0000E+00  0.0000E+00  3.1743E-01  7.4224E+00  4.6129E+00  7.3865E-01  3.0641E+02  1.0000E+00  3.1743E-01  0.0000E+00 -1.0000E+00  1.7579E-01  3.1743E-01 -1.4164E-01  0.0000E+00
  1.0000E+00  1.5660E+03  6.5250E+01 -3.0364E+00  1.0000E+02  0.0000E+00  0.0000E+00  0.0000E+00  0.0000E+00  0.0000E+00  3.1031E-01  7.2595E+00  4.5137E+00  7.2281E-01  3.0672E+02  1.0000E+00  3.1031E-01  0.0000E+00 -1.0000E+00 -3.0364E+00  3.1031E-01 -3.3468E+00  0.0000E+00
  1.0000E+00  1.5670E+03  6.5292E+01  1.2364E+00  1.0000E+02  0.0000E+00  0.0000E+00  0.0000E+00  0.0000E+00  0.0000E+00  3.0331E-01  7.0951E+00  4.4117E+00  7.0649E-01  3.0703E+02  1.0000E+00  3.0331E-01  0.0000E+00 -1.0000E+00  1.2364E+00  3.0331E-01  9.3310E-01  0.0000E+00
  1.0000E+00  1.5680E+03  6.5333E+01  4.5878E-01  1.0000E+02  0.0000E+00  0.0000E+00  0.0000E+00  0.0000E+00  0.0000E+00  2.9684E-01  6.9414E+00  4.3155E+00  6.9108E-01  3.0733E+02  1.0000E+00  2.9684E-01  0.0000E+00 -1.0000E+00  4.5878E-01  2.9684E-01  1.6194E-01  0.0000E+00
  1.0000E+00  1.5690E+03  6.5375E+01 -1.8013E+00  1.0000E+02  0.0000E+00  0.0000E+00  0.0000E+00  0.0000E+00  0.0000E+00  2.9103E-01  6.8027E+00  4.2284E+00  6.7711E-01  3.0762E+02  1.0000E+00  2.9103E-01  0.0000E+00 -1.0000E+00 -1.8013E+00  2.9103E-01 -2.0923E+00  0.0000E+00
  1.0000E+00  1.5700E+03  6.5417E+01  5.4716E-01  1.0000E+02  0.0000E+00  0.0000E+00  0.0000E+00  0.0000E+00  0.0000E+00  2.8590E-01  6.6796E+00  4.1509E+00  6.6468E-01  3.0791E+02  1.0000E+00  2.8590E-01  0.0000E+00 -1.0000E+00  5.4716E-01  2.8590E-01  2.6126E-01  0.0000E+00
  1.0000E+00  1.5710E+03  6.5458E+01  9.0734E-01  1.0000E+02  0.0000E+00  0.0000E+00  0.0000E+00  0.0000E+00  0.0000E+00  2.8137E-01  6.5710E+00  4.0826E+00  6.5372E-01  3.0820E+02  1.0000E+00  2.8137E-01  0.0000E+00 -1.0000E+00  9.0734E-01  2.8137E-01  6.2597E-01  0.0000E+00
  1.0000E+00  1.5720E+03  6.5500E+01 -6.4139E-01  1.0000E+02  0.0000E+00  0.0000E+00  0.0000E+00  0.0000E+00  0.0000E+00  2.7738E-01  6.4755E+00  4.0224E+00  6.4406E-01  3.0847E+02  1.0000E+00  2.7738E-01  0.0000E+00 -1.0000E+00 -6.4139E-01  2.7738E-01 -9.1878E-01  0.0000E+00
  1.0000E+00  1.5730E+03  6.5542E+01  1.0265E+00  1.0000E+02  0.0000E+00  0.0000E+00  0.0000E+00  0.0000E+00  0.0000E+00  2.7386E-01  6.3911E+00  3.9693E+00  6.3554E-01  3.0875E+02  1.0000E+00  2.7386E-01  0.0000E+00 -1.0000E+00  1.0265E+00  2.7386E-01  7.5264E-01  0.0000E+00
  1.0000E+00  1.5740E+03  6.5583E+01 -6.5080E-02  1.0000E+02  0.0000E+00  0.0000E+00  0.0000E+00  0.0000E+00  0.0000E+00  2.7073E-01  6.3163E+00  3.9222E+00  6.2799E-01  3.0902E+02  1.0000E+00  2.7073E-01  0.0000E+00 -1.0000E+00 -6.5080E-02  2.7073E-01 -3.3581E-01  0.0000E+00
  1.0000E+00  1.5750E+03  6.5625E+01  1.6148E+00  1.0000E+02  0.0000E+00  0.0000E+00  0.0000E+00  0.0000E+00  0.0000E+00  2.6794E-01  6.2496E+00  3.8803E+00  6.2126E-01  3.0929E+02  1.0000E+00  2.6794E-01  0.0000E+00 -1.0000E+00  1.6148E+00  2.6794E-01  1.3469E+00  0.0000E+00
  1.0000E+00  1.5760E+03  6.5667E+01 -2.8561E-01  1.0000E+02  0.0000E+00  0.0000E+00  0.0000E+00  0.0000E+00  0.0000E+00  2.6543E-01  6.1897E+00  3.8426E+00  6.1523E-01  3.0956E+02  1.0000E+00  2.6543E-01  0.0000E+00 -1.0000E+00 -2.8561E-01  2.6543E-01 -5.5104E-01  0.0000E+00
  1.0000E+00  1.5770E+03  6.5708E+01 -5.7847E-01  1.0000E+02  0.0000E+00  0.0000E+00  0.0000E+00  0.0000E+00  0.0000E+00  2.6316E-01  6.1356E+00  3.8087E+00  6.0979E-01  3.0982E+02  1.0000E+00  2.6316E-01  0.0000E+00 -1.0000E+00 -5.7847E-01  2.6316E-01 -8.4163E-01  0.0000E+00
  1.0000E+00  1.5780E+03  6.5750E+01  1.0339E+00  1.0000E+02  0.0000E+00  0.0000E+00  0.0000E+00  0.0000E+00  0.0000E+00  2.6109E-01  6.0864E+00  3.7778E+00  6.0484E-01  3.1008E+02  1.0000E+00  2.6109E-01  0.0000E+00 -1.0000E+00  1.0339E+00  2.6109E-01  7.7277E-01  0.0000E+00
  1.0000E+00  1.5790E+03  6.5792E+01  2.1697E+00  1.0000E+02  0.0000E+00  0.0000E+00  0.0000E+00  0.0000E+00  0.0000E+00  2.5919E-01  6.0414E+00  3.7496E+00  6.0031E-01  3.1034E+02  1.0000E+00  2.5919E-01  0.0000E+00 -1.0000E+00  2.1697E+00  2.5919E-01  1.9105E+00  0.0000E+00
  1.0000E+00  1.5800E+03  6.5833E+01  1.1820E+00  1.0000E+02  0.0000E+00  0.0000E+00  0.0000E+00  0.0000E+00  0.0000E+00  2.5744E-01  5.9999E+00  3.7236E+00  5.9615E-01  3.1060E+02  1.0000E+00  2.5744E-01  0.0000E+00 -1.0000E+00  1.1820E+00  2.5744E-01  9.2455E-01  0.0000E+00
  1.0000E+00  1.5810E+03  6.5875E+01 -9.5555E-01  1.0000E+02  0.0000E+00  0.0000E+00  0.0000E+00  0.0000E+00  0.0000E+00  2.5582E-01  5.9614E+00  3.6995E+00  5.9229E-01  3.1086E+02  1.0000E+00  2.5582E-01  0.0000E+00 -1.0000E+00 -9.5555E-01  2.5582E-01 -1.2114E+00  0.0000E+00
  1.0000E+00  1.5820E+03  6.5917E+01 -1.2869E+00  1.0000E+02  0.0000E+00  0.0000E+00  0.0000E+00  0.0000E+00  0.0000E+00  2.5430E-01  5.9257E+00  3.6772E+00  5.8871E-01  3.1111E+02  1.0000E+00  2.5430E-01  0.0000E+00 -1.0000E+00 -1.2869E+00  2.5430E-01 -1.5412E+00  0.0000E+00
  1.0000E+00  1.5830E+03  6.5958E+01  1.0409E+00  1.0000E+02  0.0000E+00  0.0000E+00  0.0000E+00  0.0000E+00  0.0000E+00  2.5289E-01  5.8922E+00  3.6562E+00  5.8535E-01  3.1137E+02  1.0000E+00  2.5289E-01  0.0000E+00 -1.0000E+00  1.0409E+00  2.5289E-01  7.8798E-01  0.0000E+00
  1.0000E+00  1.5840E+03  6.6000E+01  1.4615E+00  1.0000E+02  0.0000E+00  0.0000E+00  0.0000E+00  0.0000E+00  0.0000E+00  2.5155E-01  5.8607E+00  3.6366E+00  5.8220E-01  3.1162E+02  1.0000E+00  2.5155E-01  0.0000E+00 -1.0000E+00  1.4615E+00  2.5155E-01  1.2099E+00  0.0000E+00
  1.0000E+00  1.5850E+03  6.6042E+01 -1.6189E+00  1.0000E+02  0.0000E+00  0.0000E+00  0.0000E+00  0.0000E+00  0.0000E+00  3.0450E-01  6.8695E+00  4.1867E+00  6.6881E-01  3.1190E+02  1.0000E+00  3.0450E-01  0.0000E+00 -1.0000E+00 -1.6189E+00  3.0450E-01 -1.9234E+00  0.0000E+00
  1.0000E+00  1.5860E+03  6.6083E+01 -3.0678E-01  1.0000E+02  0.0000E+00  0.0000E+00  0.0000E+00  0.0000E+00  0.0000E+00  3.2452E-01  7.4743E+00  4.5975E+00  7.3511E-01  3.1222E+02  1.0000E+00  3.2452E-01  0.0000E+00 -1.0000E+00 -3.0678E-01  3.2452E-01 -6.3130E-01  0.0000E+00
  1.0000E+00  1.5870E+03  6.6125E+01  4.8575E-01  1.0000E+02  0.0000E+00  0.0000E+00  0.0000E+00  0.0000E+00  0.0000E+00  3.2857E-01  7.6383E+00  4.7274E+00  7.5651E-01  3.1255E+02  1.0000E+00  3.2857E-01  0.0000E+00 -1.0000E+00  4.8575E-01  3.2857E-01  1.5718E-01  0.0000E+00
  1.0000E+00  1.5880E+03  6.6167E+01  2.4777E-04  1.0000E+02  0.0000E+00  0.0000E+00  0.0000E+00  0.0000E+00  0.0000E+00  3.2530E-01  7.5935E+00  4.7132E+00  7.5457E-01  3.1287E+02  1.0000E+00  3.2530E-01  0.0000E+00 -1.0000E+00  2.4777E-04  3.2530E-01 -3.2505E-01  0.0000E+00
  1.0000E+00  1.5890E+03  6.6208E+01  6.5982E-01  1.0000E+02  0.0000E+00  0.0000E+00  0.0000E+00  0.0000E+00  0.0000E+00  3.1904E-01  7.4599E+00  4.6362E+00  7.4237E-01  3.1320E+02  1.0000E+00  3.1904E-01  0.0000E+00 -1.0000E+00  6.5982E-01  3.1904E-01  3.4078E-01  0.0000E+00
  1.0000E+00  1.5900E+03  6.6250E+01 -5.1060E-01  1.0000E+02  0.0000E+00  0.0000E+00  0.0000E+00  0.0000E+00  0.0000E+00  3.1192E-01  7.2970E+00  4.5369E+00  7.2653E-01  3.1351E+02  1.0000E+00  3.1192E-01  0.0000E+00 -1.0000E+00 -5.1060E-01  3.1192E-01 -8.2252E-01  0.0000E+00
  1.0000E+00  1.5910E+03  6.6292E+01 -2.5816E-01  1.0000E+02  0.0000E+00  0.0000E+00  0.0000E+00  0.0000E+00  0.0000E+00  3.0492E-01  7.1325E+00  4.4349E+00  7.1020E-01  3.1382E+02  1.0000E+00  3.0492E-01  0.0000E+00 -1.0000E+00 -2.5816E-01  3.0492E-01 -5.6308E-01  0.0000E+00
  1.0000E+00  1.5920E+03  6.6333E+01  4.7993E-01  1.0000E+02  0.0000E+00  0.0000E+00  0.0000E+00  0.0000E+00  0.0000E+00  2.9845E-01  6.9788E+00  4.3387E+00  6.9479E-01  3.1412E+02  1.0000E+00  2.9845E-01  0.0000E+00 -1.0000E+00  4.7993E-01  2.9845E-01  1.8148E-01  0.0000E+00
  1.0000E+00  1.5930E+03  6.6375E+01  2.3638E-01  1.0000E+02  0.0000E+00  0.0000E+00  0.0000E+00  0.0000E+00  0.0000E+00  2.9264E-01  6.8400E+00  4.2516E+00  6.8082E-01  3.1442E+02  1.0000E+00  2.9264E-01  0.0000E+00 -1.0000E+00  2.3638E-01  2.9264E-01 -5.6257E-02  0.0000E+00
  1.0000E+00  1.5940E+03  6.6417E+01 -1.3252E+00  1.0000E+02  0.0000E+00  0.0000E+00  0.0000E+00  0.0000E+00  0.0000E+00  2.8750E-01  6.7169E+00  4.1741E+00  6.6839E-01  3.1471E+02  1.0000E+00  2.8750E-01  0.0000E+00 -1.0000E+00 -1.3252E+00  2.8750E-01 -1.6127E+00  0.0000E+00
  1.0000E+00  1.5950E+03  6.6458E+01  3.8171E-01  1.0000E+02  0.0000E+00  0.0000E+00  0.0000E+00  0.0000E+00  0.0000E+00  2.8297E-01  6.6084E+00  4.1057E+00  6.5742E-01  3.1499E+02  1.0000E+00  2.8297E-01  0.0000E+00 -1.0000E+00  3.8171E-01  2.8297E-01  9.8735E-02  0.0000E+00
  1.0000E+00  1.5960E+03  6.6500E+01 -4.2890E-01  1.0000E+02  0.0000E+00  0.0000E+00  0.0000E+00  0.0000E+00  0.0000E+00  2.7899E-01  6.5128E+00  4.0455E+00  6.4776E-01  3.1527E+02  1.0000E+00  2.7899E-01  0.0000E+00 -1.0000E+00 -4.2890E-01  2.7899E-01 -7.0789E-01  0.0000E+00
  1.0000E+00  1.5970E+03  6.6542E+01  4.5802E-01  1.0000E+02  0.0000E+00  0.0000E+00  0.0000E+00  0.0000E+00  0.0000E+00  2.7546E-01  6.4284E+00  3.9924E+00  6.3924E-01  3.1555E+02  1.0000E+00  2.7546E-01  0.0000E+00 -1.0000E+00  4.5802E-01  2.7546E-01  1.8256E-01  0.0000E+00
  1.0000E+00  1.5980E+03  6.6583E+01 -3.7791E-01  1.0000E+02  0.0000E+00  0.0000E+00  0.0000E+00  0.0000E+00  0.0000E+00  2.7233E-01  6.3535E+00  3.9453E+00  6.3169E-01  3.1582E+02  1.0000E+00  2.7233E-01  0.0000E+00 -1.0000E+00 -3.7791E-01  2.7233E-01 -6.5025E-01  0.0000E+00
  1.0000E+00  1.5990E+03  6.6625E+01  1.7031E+00  1.0000E+02  0.0000E+00  0.0000E+00  0.0000E+00  0.0000E+00  0.0000E+00  2.6954E-01  6.2868E+00  3.9033E+00  6.2496E-01  3.1610E+02  1.0000E+00  2.6954E-01  0.0000E+00 -1.0000E+00  1.7031E+00  2.6954E-01  1.4335E+00  0.0000E+00
  1.0000E+00  1.6000E+03  6.6667E+01 -4.0063E-02  1.0000E+02  0.0000E+00  0.0000E+00  0.0000E+00  0.0000E+00  0.0000E+00  2.6703E-01  6.2269E+00  3.8657E+00  6.1892E-01  3.1636E+02  1.0000E+00  2.6703E-01  0.0000E+00 -1.0000E+00 -4.0063E-02  2.6703E-01 -3.0709E-01  0.0000E+00
  1.0000E+00  1.6010E+03  6.6708E+01 -4.2893E-01  1.0000E+02  0.0000E+00  0.0000E+00  0.0000E+00  0.0000E+00  0.0000E+00  2.6475E-01  6.1727E+00  3.8317E+00  6.1347E-01  3.1663E+02  1.0000E+00  2.6475E-01  0.0000E+00 -1.0000E+00 -4.2893E-01  2.6475E-01 -6.9368E-01  0.0000E+00
  1.0000E+00  1.6020E+03  6.6750E+01 -1.2722E+00  1.0000E+02  0.0000E+00  0.0000E+00  0.0000E+00  0.0000E+00  0.0000E+00  2.6268E-01  6.1235E+00  3.8008E+00  6.0852E-01  3.1689E+02  1.0000E+00  2.6268E-01  0.0000E+00 -1.0000E+00 -1.2722E+00  2.6268E-01 -1.5349E+00  0.0000E+00
  1.0000E+00  1.6030E+03  6.6792E+01  4.9458E-03  1.0000E+02  0.0000E+00  0.0000E+00  0.0000E+00  0.0000E+00  0.0000E+00  2.6078E-01  6.0784E+00  3.7726E+00  6.0399E-01  3.1715E+02  1.0000E+00  2.6078E-01  0.0000E+00 -1.0000E+00  4.9458E-03  2.6078E-01 -2.5584E-01  0.0000E+00
  1.0000E+00  1.6040E+03  6.6833E+01 -1.4965E-02  1.0000E+02  0.0000E+00  0.0000E+00  0.0000E+00  0.0000E+00  0.0000E+00  2.5903E-01  6.0369E+00  3.7466E+00  5.9982E-01  3.1741E+02  1.0000E+00  2.5903E-01  0.0000E+00 -1.0000E+00 -1.4965E-02  2.5903E-01 -2.7400E-01  0.0000E+00
  1.0000E+00  1.6050E+03  6.6875E+01  8.3756E-01  1.0000E+02  0.0000E+00  0.0000E+00  0.0000E+00  0.0000E+00  0.0000E+00  2.5741E-01  5.9984E+00  3.7225E+00  5.9597E-01  3.1767E+02  1.0000E+00  2.5741E-01  0.0000E+00 -1.0000E+00  8.3756E-01  2.5741E-01  5.8015E-01  0.0000E+00
  1.0000E+00  1.6060E+03  6.6917E+01 -2.7826E-01  1.0000E+02  0.0000E+00  0.0000E+00  0.0000E+00  0.0000E+00  0.0000E+00  2.5589E-01  5.9626E+00  3.7001E+00  5.9238E-01  3.1793E+02  1.0000E+00  2.5589E-01  0.0000E+00 -1.0000E+00 -2.7826E-01  2.5589E-01 -5.3415E-01  0.0000E+00
  1.0000E+00  1.6070E+03  6.6958E+01  7.5716E-01  1.0000E+02  0.0000E+00  0.0000E+00  0.0000E+00  0.0000E+00  0.0000E+00  2.5447E-01  5.9291E+00  3.6792E+00  5.8902E-01  3.1818E+02  1.0000E+00  2.5447E-01  0.0000E+00 -1.0000E+00  7.5716E-01  2.5447E-01  5.0269E-01  0.0000E+00
  1.0000E+00  1.6080E+03  6.7000E+01  1.7917E+00  1.0000E+02  0.0000E+00  0.0000E+00  0.0000E+00  0.0000E+00  0.0000E+00  2.5314E-01  5.8976E+00  3.6595E+00  5.8587E-01  3.1844E+02  1.0000E+00  2.5314E-01  0.0000E+00 -1.0000E+00  1.7917E+00  2.5314E-01  1.5386E+00  0.0000E+00
  1.0000E+00  1.6090E+03  6.7042E+01 -3.9313E-01  1.0000E+02  0.0000E+00  0.0000E+00  0.0000E+00  0.0000E+00  0.0000E+00  3.0608E-01  6.9064E+00  4.2096E+00  6.7247E-01  3.1872E+02  1.0000E+00  3.0608E-01  0.0000E+00 -1.0000E+00 -3.9313E-01  3.0608E-01 -6.9921E-01  0.0000E+00
  1.0000E+00  1.6100E+03  6.7083E+01  7.8424E-01  1.0000E+02  0.0000E+00  0.0000E+00  0.0000E+00  0.0000E+00  0.0000E+00  3.2610E-01  7.5111E+00  4.6203E+00  7.3877E-01  3.1904E+02  1.0000E+00  3.2610E-01  0.0000E+00 -1.0000E+00  7.8424E-01  3.2610E-01  4.5814E-01  0.0000E+00
  1.0000E+00  1.6110E+03  6.7125E+01  7.0107E-01  1.0000E+02  0.0000E+00  0.0000E+00  0.0000E+00  0.0000E+00  0.0000E+00  3.3015E-01  7.6751E+00  4.7502E+00  7.6016E-01  3.1937E+02  1.0000E+00  3.3015E-01  0.0000E+00 -1.0000E+00  7.0107E-01  3.3015E-01  3.7092E-01  0.0000E+00
  1.0000E+00  1.6120E+03  6.7167E+01 -2.0041E-01  1.0000E+02  0.0000E+00  0.0000E+00  0.0000E+00  0.0000E+00  0.0000E+00  3.2688E-01  7.6302E+00  4.7361E+00  7.5822E-01  3.1970E+02  1.0000E+00  3.2688E-01  0.0000E+00 -1.0000E+00 -2.0041E-01  3.2688E-01 -5.2729E-01  0.0000E+00
  1.0000E+00  1.6130E+03  6.7208E+01  7.5026E-01  1.0000E+02  0.0000E+00  0.0000E+00  0.0000E+00  0.0000E+00  0.0000E+00  3.2062E-01  7.4967E+00  4.6590E+00  7.4602E-01  3.2002E+02  1.0000E+00  3.2062E-01  0.0000E+00 -1.0000E+00  7.5026E-01  3.2062E-01  4.2964E-01  0.0000E+00
  1.0000E+00  1.6140E+03  6.7250E+01  1.0410E+00  1.0000E+02  0.0000E+00  0.0000E+00  0.0000E+00  0.0000E+00  0.0000E+00  3.1350E-01  7.3337E+00  4.5597E+00  7.3018E-01  3.2034E+02  1.0000E+00  3.1350E-01  0.0000E+00 -1.0000E+00  1.0410E+00  3.1350E-01  7.2749E-01  0.0000E+00
  1.0000E+00  1.6150E+03  6.7292E+01  3.5156E-01  1.0000E+02  0.0000E+00  0.0000E+00  0.0000E+00  0.0000E+00  0.0000E+00  3.0649E-01  7.1692E+00  4.4577E+00  7.1385E-01  3.2065E+02  1.0000E+00  3.0649E-01  0.0000E+00 -1.0000E+00  3.5156E-01  3.0649E-01  4.5064E-02  0.0000E+00
  1.0000E+00  1.6160E+03  6.7333E+01  1.7810E-02  1.0000E+02  0.0000E+00  0.0000E+00  0.0000E+00  0.0000E+00  0.0000E+00  3.0002E-01  7.0154E+00  4.3615E+00  6.9843E-01  3.2095E+02  1.0000E+00  3.0002E-01  0.0000E+00 -1.0000E+00  1.7810E-02  3.0002E-01 -2.8221E-01  0.0000E+00
  1.0000E+00  1.6170E+03  6.7375E+01  5.6445E-02  1.0000E+02  0.0000E+00  0.0000E+00  0.0000E+00  0.0000E+00  0.0000E+00  2.9421E-01  6.8767E+00  4.2743E+00  6.8445E-01  3.2125E+02  1.0000E+00  2.9421E-01  0.0000E+00 -1.0000E+00  5.6445E-02  2.9421E-01 -2.3777E-01  0.0000E+00
  1.0000E+00  1.6180E+03  6.7417E+01  5.2560E-01  1.0000E+02  0.0000E+00  0.0000E+00  0.0000E+00  0.0000E+00  0.0000E+00  2.8907E-01  6.7535E+00  4.1968E+00  6.7202E-01  3.2154E+02  1.0000E+00  2.8907E-01  0.0000E+00 -1.0000E+00  5.2560E-01  2.8907E-01  2.3653E-01  0.0000E+00
  1.0000E+00  1.6190E+03  6.7458E+01  1.8704E+00  1.0000E+02  0.0000E+00  0.0000E+00  0.0000E+00  0.0000E+00  0.0000E+00  2.8454E-01  6.6449E+00  4.1284E+00  6.6105E-01  3.2183E+02  1.0000E+00  2.8454E-01  0.0000E+00 -1.0000E+00  1.8704E+00  2.8454E-01  1.5859E+00  0.0000E+00
  1.0000E+00  1.6200E+03  6.7500E+01  1.6176E+00  1.0000E+02  0.0000E+00  0.0000E+00  0.0000E+00  0.0000E+00  0.0000E+00  2.8056E-01  6.5493E+00  4.0682E+00  6.5139E-01  3.2211E+02  1.0000E+00  2.8056E-01  0.0000E+00 -1.0000E+00  1.6176E+00  2.8056E-01  1.3370E+00  0.0000E+00
  1.0000E+00  1.6210E+03  6.7542E+01  2.1698E+00  1.0000E+02  0.0000E+00  0.0000E+00  0.0000E+00  0.0000E+00  0.0000E+00  2.7703E-01  6.4649E+00  4.0150E+00  6.4286E-01  3.2239E+02  1.0000E+00  2.7703E-01  0.0000E+00 -1.0000E+00  2.1698E+00  2.7703E-01  1.8927E+00  0.0000E+00
  1.0000E+00  1.6220E+03  6.7583E+01 -7.1351E-01  1.0000E+02  0.0000E+00  0.0000E+00  0.0000E+00  0.0000E+00  0.0000E+00  2.7390E-01  6.3900E+00  3.9679E+00  6.3531E-01  3.2266E+02  1.0000E+00  2.7390E-01  0.0000E+00 -1.0000E+00 -7.1351E-01  2.7390E-01 -9.8741E-01  0.0000E+00
  1.0000E+00  1.6230E+03  6.7625E+01  6.9207E-02  1.0000E+02  0.0000E+00  0.0000E+00  0.0000E+00  0.0000E+00  0.0000E+00  2.7110E-01  6.3232E+00  3.9259E+00  6.2857E-01  3.2294E+02  1.0000E+00  2.7110E-01  0.0000E+00 -1.0000E+00  6.9207E-02  2.7110E-01 -2.0190E-01  0.0000E+00
  1.0000E+00  1.6240E+03  6.7667E+01  1.0598E-01  1.0000E+02  0.0000E+00  0.0000E+00  0.0000E+00  0.0000E+00  0.0000E+00  2.6859E-01  6.2633E+00  3.8883E+00  6.2253E-01  3.2321E+02  1.0000E+00  2.6859E-01  0.0000E+00 -1.0000E+00  1.0598E-01  2.6859E-01 -1.6261E-01  0.0000E+00
  1.0000E+00  1.6250E+03  6.7708E+01  1.2729E+00  1.0000E+02  0.0000E+00  0.0000E+00  0.0000E+00  0.0000E+00  0.0000E+00  2.6632E-01  6.2091E+00  3.8542E+00  6.1708E-01  3.2347E+02  1.0000E+00  2.6632E-01  0.0000E+00 -1.0000E+00  1.2729E+00  2.6632E-01  1.0066E+00  0.0000E+00
  1.0000E+00  1.6260E+03  6.7750E+01  3.6647E-01  1.0000E+02  0.0000E+00  0.0000E+00  0.0000E+00  0.0000E+00  0.0000E+00  2.6424E-01  6.1598E+00  3.8233E+00  6.1213E-01  3.2374E+02  1.0000E+00  2.6424E-01  0.0000E+00 -1.0000E+00  3.6647E-01  2.6424E-01  1.0222E-01  0.0000E+00
  1.0000E+00  1.6270E+03  6.7792E+01  1.5265E+00  1.0000E+02  0.0000E+00  0.0000E+00  0.0000E+00  0.0000E+00  0.0000E+00  2.6234E-01  6.1147E+00  3.7951E+00  6.0760E-01  3.2400E+02  1.0000E+00  2.6234E-01  0.0000E+00 -1.0000E+00  1.5265E+00  2.6234E-01  1.2641E+00  0.0000E+00
  1.0000E+00  1.6280E+03  6.7833E+01  2.7039E+00  1.0000E+02  0.0000E+00  0.0000E+00  0.0000E+00  0.0000E+00  0.0000E+00  2.6059E-01  6.0732E+00  3.7691E+00  6.0343E-01  3.2426E+02  1.0000E+00  2.6059E-01  0.0000E+00 -1.0000E+00  2.7039E+00  2.6059E-01  2.4433E+00  0.0000E+00
  1.0000E+00  1.6290E+03  6.7875E+01 -4.3830E-01  1.0000E+02  0.0000E+00  0.0000E+00  0.0000E+00  0.0000E+00  0.0000E+00  2.5896E-01  6.0347E+00  3.7450E+00  5.9957E-01  3.2452E+02  1.0000E+00  2.5896E-01  0.0000E+00 -1.0000E+00 -4.3830E-01  2.5896E-01 -6.9726E-01  0.0000E+00
  1.0000E+00  1.6300E+03  6.7917E+01 -1.4857E+00  1.0000E+02  0.0000E+00  0.0000E+00  0.0000E+00  0.0000E+00  0.0000E+00  2.5745E-01  5.9989E+00  3.7226E+00  5.9597E-01  3.2478E+02  1.0000E+00  2.5745E-01  0.0000E+00 -1.0000E+00 -1.4857E+00  2.5745E-01 -1.7432E+00  0.0000E+00
  1.0000E+00  1.6310E+03  6.7958E+01 -1.2628E+00  1.0000E+02  0.0000E+00  0.0000E+00  0.0000E+00  0.0000E+00  0.0000E+00  2.5603E-01  5.9653E+00  3.7016E+00  5.9261E-01  3.2504E+02  1.0000E+00  2.5603E-01  0.0000E+00 -1.0000E+00 -1.2628E+00  2.5603E-01 -1.5188E+00  0.0000E+00
  1.0000E+00  1.6320E+03  6.8000E+01  5.5635E-02  1.0000E+02  0.0000E+00  0.0000E+00  0.0000E+00  0.0000E+00  0.0000E+00  2.5469E-01  5.9338E+00  3.6819E+00  5.8946E-01  3.2529E+02  1.0000E+00  2.5469E-01  0.0000E+00 -1.0000E+00  5.5635E-02  2.5469E-01 -1.9906E-01  0.0000E+00
  1.0000E+00  1.6330E+03  6.8042E+01 -2.2171E-02  1.0000E+02  0.0000E+00  0.0000E+00  0.0000E+00  0.0000E+00  0.0000E+00  3.0763E-01  6.9425E+00  4.2320E+00  6.7605E-01  3.2558E+02  1.0000E+00  3.0763E-01  0.0000E+00 -1.0000E+00 -2.2171E-02  3.0763E-01 -3.2980E-01  0.0000E+00
  1.0000E+00  1.6340E+03  6.8083E+01  1.1866E+00  1.0000E+02  0.0000E+00  0.0000E+00  0.0000E+00  0.0000E+00  0.0000E+00  3.2765E-01  7.5472E+00  4.6427E+00  7.4235E-01  3.2590E+02  1.0000E+00  3.2765E-01  0.0000E+00 -1.0000E+00  1.1866E+00  3.2765E-01  8.5893E-01  0.0000E+00
  1.0000E+00  1.6350E+03  6.8125E+01  2.7964E-01  1.0000E+02  0.0000E+00  0.0000E+00  0.0000E+00  0.0000E+00  0.0000E+00  3.3170E-01  7.7112E+00  4.7726E+00  7.6374E-01  3.2623E+02  1.0000E+00  3.3170E-01  0.0000E+00 -1.0000E+00  2.7964E-01  3.3170E-01 -5.2061E-02  0.0000E+00
  1.0000E+00  1.6360E+03  6.8167E+01  1.7870E+00  1.0000E+02  0.0000E+00  0.0000E+00  0.0000E+00  0.0000E+00  0.0000E+00  3.2843E-01  7.6663E+00  4.7584E+00  7.6180E-01  3.2656E+02  1.0000E+00  3.2843E-01  0.0000E+00 -1.0000E+00  1.7870E+00  3.2843E-01  1.4586E+00  0.0000E+00
  1.0000E+00  1.6370E+03  6.8208E+01 -1.2367E-01  1.0000E+02  0.0000E+00  0.0000E+00  0.0000E+00  0.0000E+00  0.0000E+00  3.2217E-01  7.5327E+00  4.6813E+00  7.4960E-01  3.2688E+02  1.0000E+00  3.2217E-01  0.0000E+00 -1.0000E+00 -1.2367E-01  3.2217E-01 -4.4583E-01  0.0000E+00
  1.0000E+00  1.6380E+03  6.8250E+01  1.2798E+00  1.0000E+02  0.0000E+00  0.0000E+00  0.0000E+00  0.0000E+00  0.0000E+00  3.1504E-01  7.3697E+00  4.5820E+00  7.3375E-01  3.2720E+02  1.0000E+00  3.1504E-01  0.0000E+00 -1.0000E+00  1.2798E+00  3.1504E-01  9.6473E-01  0.0000E+00
  1.0000E+00  1.6390E+03  6.8292E+01  1.7048E+00  1.0000E+02  0.0000E+00  0.0000E+00  0.0000E+00  0.0000E+00  0.0000E+00  3.0804E-01  7.2052E+00  4.4800E+00  7.1742E-01  3.2751E+02  1.0000E+00  3.0804E-01  0.0000E+00 -1.0000E+00  1.7048E+00  3.0804E-01  1.3967E+00  0.0000E+00
  1.0000E+00  1.6400E+03  6.8333E+01  2.5092E+00  1.0000E+02  0.0000E+00  0.0000E+00  0.0000E+00  0.0000E+00  0.0000E+00  3.0157E-01  7.0514E+00  4.3837E+00  7.0200E-01  3.2782E+02  1.0000E+00  3.0157E-01  0.0000E+00 -1.0000E+00  2.5092E+00  3.0157E-01  2.2076E+00  0.0000E+00
  1.0000E+00  1.6410E+03  6.8375E+01 -5.9006E-02  1.0000E+02  0.0000E+00  0.0000E+00  0.0000E+00  0.0000E+00  0.0000E+00  2.9576E-01  6.9125E+00  4.2965E+00  6.8802E-01  3.2812E+02  1.0000E+00  2.9576E-01  0.0000E+00 -1.0000E+00 -5.9006E-02  2.9576E-01 -3.5476E-01  0.0000E+00
  1.0000E+00  1.6420E+03  6.8417E+01  3.3302E-01  1.0000E+02  0.0000E+00  0.0000E+00  0.0000E+00  0.0000E+00  0.0000E+00  2.9061E-01  6.7894E+00  4.2190E+00  6.7558E-01  3.2841E+02  1.0000E+00  2.9061E-01  0.0000E+00 -1.0000E+00  3.3302E-01  2.9061E-01  4.2411E-02  0.0000E+00
  1.0000E+00  1.6430E+03  6.8458E+01  6.4082E-01  1.0000E+02  0.0000E+00  0.0000E+00  0.0000E+00  0.0000E+00  0.0000E+00  2.8608E-01  6.6807E+00  4.1506E+00  6.6461E-01  3.2870E+02  1.0000E+00  2.8608E-01  0.0000E+00 -1.0000E+00  6.4082E-01  2.8608E-01  3.5474E-01  0.0000E+00
  1.0000E+00  1.6440E+03  6.8500E+01  1.3685E+00  1.0000E+02  0.0000E+00  0.0000E+00  0.0000E+00  0.0000E+00  0.0000E+00  2.8209E-01  6.5851E+00  4.0904E+00  6.5494E-01  3.2898E+02  1.0000E+00  2.8209E-01  0.0000E+00 -1.0000E+00  1.3685E+00  2.8209E-01  1.0864E+00  0.0000E+00
  1.0000E+00  1.6450E+03  6.8542E+01 -1.1978E+00  1.0000E+02  0.0000E+00  0.0000E+00  0.0000E+00  0.0000E+00  0.0000E+00  2.7857E-01  6.5006E+00  4.0372E+00  6.4642E-01  3.2926E+02  1.0000E+00  2.7857E-01  0.0000E+00 -1.0000E+00 -1.1978E+00  2.7857E-01 -1.4764E+00  0.0000E+00
  1.0000E+00  1.6460E+03  6.8583E+01 -6.7269E-01  1.0000E+02  0.0000E+00  0.0000E+00  0.0000E+00  0.0000E+00  0.0000E+00  2.7544E-01  6.4257E+00  3.9901E+00  6.3886E-01  3.2954E+02  1.0000E+00  2.7544E-01  0.0000E+00 -1.0000E+00 -6.7269E-01  2.7544E-01 -9.4813E-01  0.0000E+00
  1.0000E+00  1.6470E+03  6.8625E+01 -1.2553E+00  1.0000E+02  0.0000E+00  0.0000E+00  0.0000E+00  0.0000E+00  0.0000E+00  2.7264E-01  6.3589E+00  3.9481E+00  6.3212E-01  3.2981E+02  1.0000E+00  2.7264E-01  0.0000E+00 -1.0000E+00 -1.2553E+00  2.7264E-01 -1.5279E+00  0.0000E+00
  1.0000E+00  1.6480E+03  6.8667E+01  1.1895E+00  1.0000E+02  0.0000E+00  0.0000E+00  0.0000E+00  0.0000E+00  0.0000E+00  2.7012E-01  6.2989E+00  3.9104E+00  6.2608E-01  3.3009E+02  1.0000E+00  2.7012E-01  0.0000E+00 -1.0000E+00  1.1895E+00  2.7012E-01  9.1940E-01  0.0000E+00
  1.0000E+00  1.6490E+03  6.8708E+01  9.3984E-01  1.0000E+02  0.0000E+00  0.0000E+00  0.0000E+00  0.0000E+00  0.0000E+00  2.6785E-01  6.2447E+00  3.8764E+00  6.2062E-01  3.3036E+02  1.0000E+00  2.6785E-01  0.0000E+00 -1.0000E+00  9.3984E-01  2.6785E-01  6.7199E-01  0.0000E+00
  1.0000E+00  1.6500E+03  6.8750E+01  1.7864E+00  1.0000E+02  0.0000E+00  0.0000E+00  0.0000E+00  0.0000E+00  0.0000E+00  2.6577E-01  6.1955E+00  3.8454E+00  6.1566E-01  3.3062E+02  1.0000E+00  2.6577E-01  0.0000E+00 -1.0000E+00  1.7864E+00  2.6577E-01  1.5206E+00  0.0000E+00
  1.0000E+00  1.6510E+03  6.8792E+01  2.4942E+00  1.0000E+02  0.0000E+00  0.0000E+00  0.0000E+00  0.0000E+00  0.0000E+00  2.6387E-01  6.1503E+00  3.8172E+00  6.1113E-01  3.3089E+02  1.0000E+00  2.6387E-01  0.0000E+00 -1.0000E+00  2.4942E+00  2.6387E-01  2.2303E+00  0.0000E+00
  1.0000E+00  1.6520E+03  6.8833E+01  1.0218E+00  1.0000E+02  0.0000E+00  0.0000E+00  0.0000E+00  0.0000E+00  0.0000E+00  2.6212E-01  6.1087E+00  3.7911E+00  6.0696E-01  3.3115E+02  1.0000E+00  2.6212E-01  0.0000E+00 -1.0000E+00  1.0218E+00  2.6212E-01  7.5967E-01  0.0000E+00
  1.0000E+00  1.6530E+03  6.8875E+01  1.3693E-01  1.0000E+02  0.0000E+00  0.0000E+00  0.0000E+00  0.0000E+00  0.0000E+00  2.6049E-01  6.0702E+00  3.7670E+00  6.0309E-01  3.3141E+02  1.0000E+00  2.6049E-01  0.0000E+00 -1.0000E+00  1.3693E-01  2.6049E-01 -1.2356E-01  0.0000E+00
  1.0000E+00  1.6540E+03  6.8917E+01 -7.2975E-01  1.0000E+02  0.0000E+00  0.0000E+00  0.0000E+00  0.0000E+00  0.0000E+00  2.5897E-01  6.0344E+00  3.7446E+00  5.9950E-01  3.3167E+02  1.0000E+00  2.5897E-01  0.0000E+00 -1.0000E+00 -7.2975E-01  2.5897E-01 -9.8872E-01  0.0000E+00
  1.0000E+00  1.6550E+03  6.8958E+01 -6.5639E-01  1.0000E+02  0.0000E+00  0.0000E+00  0.0000E+00  0.0000E+00  0.0000E+00  2.5755E-01  6.0008E+00  3.7236E+00  5.9614E-01  3.3193E+02  1.0000E+00  2.5755E-01  0.0000E+00 -1.0000E+00 -6.5639E-01  2.5755E-01 -9.1394E-01  0.0000E+00
  1.0000E+00  1.6560E+03  6.9000E+01 -1.9672E+00  1.0000E+02  0.0000E+00  0.0000E+00  0.0000E+00  0.0000E+00  0.0000E+00  2.5622E-01  5.9692E+00  3.7039E+00  5.9298E-01  3.3219E+02  1.0000E+00  2.5622E-01  0.0000E+00 -1.0000E+00 -1.9672E+00  2.5622E-01 -2.2234E+00  0.0000E+00
  1.0000E+00  1.6570E+03  6.9042E+01  1.1502E+00  1.0000E+02  0.0000E+00  0.0000E+00  0.0000E+00  0.0000E+00  0.0000E+00  3.0915E-01  6.9779E+00  4.2539E+00  6.7957E-01  3.3247E+02  1.0000E+00  3.0915E-01  0.0000E+00 -1.0000E+00  1.1502E+00  3.0915E-01  8.4102E-01  0.0000E+00
  1.0000E+00  1.6580E+03  6.9083E+01  3.6659E-01  1.0000E+02  0.0000E+00  0.0000E+00  0.0000E+00  0.0000E+00  0.0000E+00  3.2917E-01  7.5826E+00  4.6646E+00  7.4586E-01  3.3279E+02  1.0000E+00  3.2917E-01  0.0000E+00 -1.0000E+00  3.6659E-01  3.2917E-01  3.7414E-02  0.0000E+00
  1.0000E+00  1.6590E+03  6.9125E+01  5.3961E-01  1.0000E+02  0.0000E+00  0.0000E+00  0.0000E+00  0.0000E+00  0.0000E+00  3.3322E-01  7.7466E+00  4.7945E+00  7.6725E-01  3.3313E+02  1.0000E+00  3.3322E-01  0.0000E+00 -1.0000E+00  5.3961E-01  3.3322E-01  2.0639E-01  0.0000E+00
  1.0000E+00  1.6600E+03  6.9167E+01 -2.4186E-01  1.0000E+02  0.0000E+00  0.0000E+00  0.0000E+00  0.0000E+00  0.0000E+00  3.2994E-01  7.7016E+00  4.7803E+00  7.6530E-01  3.3346E+02  1.0000E+00  3.2994E-01  0.0000E+00 -1.0000E+00 -2.4186E-01  3.2994E-01 -5.7181E-01  0.0000E+00
  1.0000E+00  1.6610E+03  6.9208E+01  5.1073E-03  1.0000E+02  0.0000E+00  0.0000E+00  0.0000E+00  0.0000E+00  0.0000E+00  3.2368E-01  7.5680E+00  4.7032E+00  7.5310E-01  3.3378E+02  1.0000E+00  3.2368E-01  0.0000E+00 -1.0000E+00  5.1073E-03  3.2368E-01 -3.1858E-01  0.0000E+00
  1.0000E+00  1.6620E+03  6.9250E+01  1.8691E-01  1.0000E+02  0.0000E+00  0.0000E+00  0.0000E+00  0.0000E+00  0.0000E+00  3.1656E-01  7.4049E+00  4.6039E+00  7.3725E-01  3.3410E+02  1.0000E+00  3.1656E-01  0.0000E+00 -1.0000E+00  1.8691E-01  3.1656E-01 -1.2965E-01  0.0000E+00
  1.0000E+00  1.6630E+03  6.9292E+01  1.6439E+00  1.0000E+02  0.0000E+00  0.0000E+00  0.0000E+00  0.0000E+00  0.0000E+00  3.0955E-01  7.2404E+00  4.5018E+00  7.2091E-01  3.3442E+02  1.0000E+00  3.0955E-01  0.0000E+00 -1.0000E+00  1.6439E+00  3.0955E-01  1.3344E+00  0.0000E+00
  1.0000E+00  1.6640E+03  6.9333E+01  6.9971E-01  1.0000E+02  0.0000E+00  0.0000E+00  0.0000E+00  0.0000E+00  0.0000E+00  3.0308E-01  7.0866E+00  4.4056E+00  7.0549E-01  3.3472E+02  1.0000E+00  3.0308E-01  0.0000E+00 -1.0000E+00  6.9971E-01  3.0308E-01  3.9663E-01  0.0000E+00
  1.0000E+00  1.6650E+03  6.9375E+01  5.7427E-02  1.0000E+02  0.0000E+00  0.0000E+00  0.0000E+00  0.0000E+00  0.0000E+00  2.9727E-01  6.9477E+00  4.3184E+00  6.9151E-01  3.3502E+02  1.0000E+00  2.9727E-01  0.0000E+00 -1.0000E+00  5.7427E-02  2.9727E-01 -2.3984E-01  0.0000E+00
  1.0000E+00  1.6660E+03  6.9417E+01 -1.0411E-01  1.0000E+02  0.0000E+00  0.0000E+00  0.0000E+00  0.0000E+00  0.0000E+00  2.9212E-01  6.8245E+00  4.2408E+00  6.7907E-01  3.3532E+02  1.0000E+00  2.9212E-01  0.0000E+00 -1.0000E+00 -1.0411E-01  2.9212E-01 -3.9623E-01  0.0000E+00
  1.0000E+00  1.6670E+03  6.9458E+01  1.3688E+00  1.0000E+02  0.0000E+00  0.0000E+00  0.0000E+00  0.0000E+00  0.0000E+00  2.8759E-01  6.7159E+00  4.1724E+00  6.6809E-01  3.3561E+02  1.0000E+00  2.8759E-01  0.0000E+00 -1.0000E+00  1.3688E+00  2.8759E-01  1.0812E+00  0.0000E+00
  1.0000E+00  1.6680E+03  6.9500E+01  8.0522E-01  1.0000E+02  0.0000E+00  0.0000E+00  0.0000E+00  0.0000E+00  0.0000E+00  2.8360E-01  6.6202E+00  4.1121E+00  6.5843E-01  3.3589E+02  1.0000E+00  2.8360E-01  0.0000E+00 -1.0000E+00  8.0522E-01  2.8360E-01  5.2162E-01  0.0000E+00
  1.0000E+00  1.6690E+03  6.9542E+01  5.8457E-01  1.0000E+02  0.0000E+00  0.0000E+00  0.0000E+00  0.0000E+00  0.0000E+00  2.8007E-01  6.5357E+00  4.0589E+00  6.4990E-01  3.3618E+02  1.0000E+00  2.8007E-01  0.0000E+00 -1.0000E+00  5.8457E-01  2.8007E-01  3.0449E-01  0.0000E+00
  1.0000E+00  1.6700E+03  6.9583E+01 -1.0888E+00  1.0000E+02  0.0000E+00  0.0000E+00  0.0000E+00  0.0000E+00  0.0000E+00  2.7694E-01  6.4608E+00  4.0118E+00  6.4233E-01  3.3645E+02  1.0000E+00  2.7694E-01  0.0000E+00 -1.0000E+00 -1.0888E+00  2.7694E-01 -1.3657E+00  0.0000E+00
  1.0000E+00  1.6710E+03  6.9625E+01  7.9422E-01  1.0000E+02  0.0000E+00  0.0000E+00  0.0000E+00  0.0000E+00  0.0000E+00  2.7414E-01  6.3939E+00  3.9698E+00  6.3559E-01  3.3673E+02  1.0000E+00  2.7414E-01  0.0000E+00 -1.0000E+00  7.9422E-01  2.7414E-01  5.2008E-01  0.0000E+00
  1.0000E+00  1.6720E+03  6.9667E+01 -3.7344E-01  1.0000E+02  0.0000E+00  0.0000E+00  0.0000E+00  0.0000E+00  0.0000E+00  2.7163E-01  6.3339E+00  3.9321E+00  6.2955E-01  3.3700E+02  1.0000E+00  2.7163E-01  0.0000E+00 -1.0000E+00 -3.7344E-01  2.7163E-01 -6.4506E-01  0.0000E+00
  1.0000E+00  1.6730E+03  6.9708E+01  1.4228E+00  1.0000E+02  0.0000E+00  0.0000E+00  0.0000E+00  0.0000E+00  0.0000E+00  2.6935E-01  6.2797E+00  3.8980E+00  6.2409E-01  3.3727E+02  1.0000E+00  2.6935E-01  0.0000E+00 -1.0000E+00  1.4228E+00  2.6935E-01  1.1534E+00  0.0000E+00
  1.0000E+00  1.6740E+03  6.9750E+01  6.3349E-01  1.0000E+02  0.0000E+00  0.0000E+00  0.0000E+00  0.0000E+00  0.0000E+00  2.6727E-01  6.2304E+00  3.8671E+00  6.1913E-01  3.3754E+02  1.0000E+00  2.6727E-01  0.0000E+00 -1.0000E+00  6.3349E-01  2.6727E-01  3.6621E-01  0.0000E+00
  1.0000E+00  1.6750E+03  6.9792E+01  1.6226E+00  1.0000E+02  0.0000E+00  0.0000E+00  0.0000E+00  0.0000E+00  0.0000E+00  2.6537E-01  6.1852E+00  3.8388E+00  6.1459E-01  3.3781E+02  1.0000E+00  2.6537E-01  0.0000E+00 -1.0000E+00  1.6226E+00  2.6537E-01  1.3572E+00  0.0000E+00
  1.0000E+00  1.6760E+03  6.9833E+01  4.3456E-01  1.0000E+02  0.0000E+00  0.0000E+00  0.0000E+00  0.0000E+00  0.0000E+00  2.6362E-01  6.1436E+00  3.8127E+00  6.1042E-01  3.3807E+02  1.0000E+00  2.6362E-01  0.0000E+00 -1.0000E+00  4.3456E-01  2.6362E-01  1.7094E-01  0.0000E+00
  1.0000E+00  1.6770E+03  6.9875E+01 -5.6798E-02  1.0000E+02  0.0000E+00  0.0000E+00  0.0000E+00  0.0000E+00  0.0000E+00  2.6199E-01  6.1050E+00  3.7886E+00  6.0655E-01  3.3833E+02  1.0000E+00  2.6199E-01  0.0000E+00 -1.0000E+00 -5.6798E-02  2.6199E-01 -3.1879E-01  0.0000E+00
  1.0000E+00  1.6780E+03  6.9917E+01 -7.0364E-01  1.0000E+02  0.0000E+00  0.0000E+00  0.0000E+00  0.0000E+00  0.0000E+00  2.6047E-01  6.0691E+00  3.7662E+00  6.0295E-01  3.3860E+02  1.0000E+00  2.6047E-01  0.0000E+00 -1.0000E+00 -7.0364E-01  2.6047E-01 -9.6411E-01  0.0000E+00
  1.0000E+00  1.6790E+03  6.9958E+01  9.6034E-01  1.0000E+02  0.0000E+00  0.0000E+00  0.0000E+00  0.0000E+00  0.0000E+00  2.5905E-01  6.0355E+00  3.7451E+00  5.9959E-01  3.3886E+02  1.0000E+00  2.5905E-01  0.0000E+00 -1.0000E+00  9.6034E-01  2.5905E-01  7.0129E-01  0.0000E+00
  1.0000E+00  1.6800E+03  7.0000E+01 -2.1397E-01  1.0000E+02  0.0000E+00  0.0000E+00  0.0000E+00  0.0000E+00  0.0000E+00  2.5771E-01  6.0040E+00  3.7254E+00  5.9642E-01  3.3911E+02  1.0000E+00  2.5771E-01  0.0000E+00 -1.0000E+00 -2.1397E-01  2.5771E-01 -4.7168E-01  0.0000E+00
  1.0000E+00  1.6810E+03  7.0042E+01 -2.3529E-01  1.0000E+02  0.0000E+00  0.0000E+00  0.0000E+00  0.0000E+00  0.0000E+00  3.1065E-01  7.0126E+00  4.2754E+00  6.8301E-01  3.3940E+02  1.0000E+00  3.1065E-01  0.0000E+00 -1.0000E+00 -2.3529E-01  3.1065E-01 -5.4593E-01  0.0000E+00
  1.0000E+00  1.6820E+03  7.0083E+01 -6.5283E-01  1.0000E+02  0.0000E+00  0.0000E+00  0.0000E+00  0.0000E+00  0.0000E+00  3.3066E-01  7.6173E+00  4.6861E+00  7.4930E-01  3.3972E+02  1.0000E+00  3.3066E-01  0.0000E+00 -1.0000E+00 -6.5283E-01  3.3066E-01 -9.8349E-01  0.0000E+00
  1.0000E+00  1.6830E+03  7.0125E+01  3.2256E+00  1.0000E+02  0.0000E+00  0.0000E+00  0.0000E+00  0.0000E+00  0.0000E+00  3.3471E-01  7.7812E+00  4.8160E+00  7.7069E-01  3.4006E+02  1.0000E+00  3.3471E-01  0.0000E+00 -1.0000E+00  3.2256E+00  3.3471E-01  2.8909E+00  0.0000E+00
  1.0000E+00  1.6840E+03  7.0167E+01 -8.6211E-01  1.0000E+02  0.0000E+00  0.0000E+00  0.0000E+00  0.0000E+00  0.0000E+00  3.3143E-01  7.7362E+00  4.8018E+00  7.6874E-01  3.4039E+02  1.0000E+00  3.3143E-01  0.0000E+00 -1.0000E+00 -8.6211E-01  3.3143E-01 -1.1935E+00  0.0000E+00
  1.0000E+00  1.6850E+03  7.0208E+01 -1.2282E+00  1.0000E+02  0.0000E+00  0.0000E+00  0.0000E+00  0.0000E+00  0.0000E+00  3.2517E-01  7.6026E+00  4.7246E+00  7.5653E-01  3.4072E+02  1.0000E+00  3.2517E-01  0.0000E+00 -1.0000E+00 -1.2282E+00  3.2517E-01 -1.5533E+00  0.0000E+00
  1.0000E+00  1.6860E+03  7.0250E+01  1.7161E+00  1.0000E+02  0.0000E+00  0.0000E+00  0.0000E+00  0.0000E+00  0.0000E+00  3.1804E-01  7.4395E+00  4.6253E+00  7.4068E-01  3.4104E+02  1.0000E+00  3.1804E-01  0.0000E+00 -1.0000E+00  1.7161E+00  3.1804E-01  1.3981E+00  0.0000E+00
  1.0000E+00  1.6870E+03  7.0292E+01 -3.0648E-01  1.0000E+02  0.0000E+00  0.0000E+00  0.0000E+00  0.0000E+00  0.0000E+00  3.1104E-01  7.2749E+00  4.5232E+00  7.2434E-01  3.4136E+02  1.0000E+00  3.1104E-01  0.0000E+00 -1.0000E+00 -3.0648E-01  3.1104E-01 -6.1752E-01  0.0000E+00
  1.0000E+00  1.6880E+03  7.0333E+01 -6.1715E-01  1.0000E+02  0.0000E+00  0.0000E+00  0.0000E+00  0.0000E+00  0.0000E+00  3.0456E-01  7.1211E+00  4.4270E+00  7.0891E-01  3.4166E+02  1.0000E+00  3.0456E-01  0.0000E+00 -1.0000E+00 -6.1715E-01  3.0456E-01 -9.2171E-01  0.0000E+00
  1.0000E+00  1.6890E+03  7.0375E+01  1.2904E+00  1.0000E+02  0.0000E+00  0.0000E+00  0.0000E+00  0.0000E+00  0.0000E+00  2.9875E-01  6.9822E+00  4.3397E+00  6.9493E-01  3.4197E+02  1.0000E+00  2.9875E-01  0.0000E+00 -1.0000E+00  1.2904E+00  2.9875E-01  9.9165E-01  0.0000E+00
  1.0000E+00  1.6900E+03  7.0417E+01 -4.3246E-01  1.0000E+02  0.0000E+00  0.0000E+00  0.0000E+00  0.0000E+00  0.0000E+00  2.9360E-01  6.8589E+00  4.2622E+00  6.8249E-01  3.4226E+02  1.0000E+00  2.9360E-01  0.0000E+00 -1.0000E+00 -4.3246E-01  2.9360E-01 -7.2607E-01  0.0000E+00
  1.0000E+00  1.6910E+03  7.0458E+01  6.2795E-01  1.0000E+02  0.0000E+00  0.0000E+00  0.0000E+00  0.0000E+00  0.0000E+00  2.8907E-01  6.7503E+00  4.1937E+00  6.7151E-01  3.4255E+02  1.0000E+00  2.8907E-01  0.0000E+00 -1.0000E+00  6.2795E-01  2.8907E-01  3.3888E-01  0.0000E+00
  1.0000E+00  1.6920E+03  7.0500E+01 -1.2368E+00  1.0000E+02  0.0000E+00  0.0000E+00  0.0000E+00  0.0000E+00  0.0000E+00  2.8508E-01  6.6545E+00  4.1334E+00  6.6184E-01  3.4284E+02  1.0000E+00  2.8508E-01  0.0000E+00 -1.0000E+00 -1.2368E+00  2.8508E-01 -1.5219E+00  0.0000E+00
  1.0000E+00  1.6930E+03  7.0542E+01 -8.5531E-01  1.0000E+02  0.0000E+00  0.0000E+00  0.0000E+00  0.0000E+00  0.0000E+00  2.8155E-01  6.5700E+00  4.0802E+00  6.5331E-01  3.4312E+02  1.0000E+00  2.8155E-01  0.0000E+00 -1.0000E+00 -8.5531E-01  2.8155E-01 -1.1369E+00  0.0000E+00
  1.0000E+00  1.6940E+03  7.0583E+01 -3.7684E-01  1.0000E+02  0.0000E+00  0.0000E+00  0.0000E+00  0.0000E+00  0.0000E+00  2.7841E-01  6.4951E+00  4.0331E+00  6.4574E-01  3.4340E+02  1.0000E+00  2.7841E-01  0.0000E+00 -1.0000E+00 -3.7684E-01  2.7841E-01 -6.5525E-01  0.0000E+00
  1.0000E+00  1.6950E+03  7.0625E+01 -6.4826E-01  1.0000E+02  0.0000E+00  0.0000E+00  0.0000E+00  0.0000E+00  0.0000E+00  2.7561E-01  6.4282E+00  3.9910E+00  6.3900E-01  3.4368E+02  1.0000E+00  2.7561E-01  0.0000E+00 -1.0000E+00 -6.4826E-01  2.7561E-01 -9.2388E-01  0.0000E+00
  1.0000E+00  1.6960E+03  7.0667E+01  4.7745E-01  1.0000E+02  0.0000E+00  0.0000E+00  0.0000E+00  0.0000E+00  0.0000E+00  2.7310E-01  6.3682E+00  3.9533E+00  6.3295E-01  3.4395E+02  1.0000E+00  2.7310E-01  0.0000E+00 -1.0000E+00  4.7745E-01  2.7310E-01  2.0435E-01  0.0000E+00
  1.0000E+00  1.6970E+03  7.0708E+01 -8.1089E-01  1.0000E+02  0.0000E+00  0.0000E+00  0.0000E+00  0.0000E+00  0.0000E+00  2.7082E-01  6.3139E+00  3.9193E+00  6.2749E-01  3.4423E+02  1.0000E+00  2.7082E-01  0.0000E+00 -1.0000E+00 -8.1089E-01  2.7082E-01 -1.0817E+00  0.0000E+00
  1.0000E+00  1.6980E+03  7.0750E+01 -6.0208E-02  1.0000E+02  0.0000E+00  0.0000E+00  0.0000E+00  0.0000E+00  0.0000E+00  2.6874E-01  6.2646E+00  3.8883E+00  6.2253E-01  3.4450E+02  1.0000E+00  2.6874E-01  0.0000E+00 -1.0000E+00 -6.0208E-02  2.6874E-01 -3.2895E-01  0.0000E+00
  1.0000E+00  1.6990E+03  7.0792E+01  4.8528E-01  1.0000E+02  0.0000E+00  0.0000E+00  0.0000E+00  0.0000E+00  0.0000E+00  2.6684E-01  6.2194E+00  3.8600E+00  6.1799E-01  3.4476E+02  1.0000E+00  2.6684E-01  0.0000E+00 -1.0000E+00  4.8528E-01  2.6684E-01  2.1844E-01  0.0000E+00
  1.0000E+00  1.7000E+03  7.0833E+01  1.2979E+00  1.0000E+02  0.0000E+00  0.0000E+00  0.0000E+00  0.0000E+00  0.0000E+00  2.6508E-01  6.1777E+00  3.8339E+00  6.1381E-01  3.4503E+02  1.0000E+00  2.6508E-01  0.0000E+00 -1.0000E+00  1.2979E+00  2.6508E-01  1.0328E+00  0.0000E+00
  1.0000E+00  1.7010E+03  7.0875E+01 -8.1464E-01  1.0000E+02  0.0000E+00  0.0000E+00  0.0000E+00  0.0000E+00  0.0000E+00  2.6345E-01  6.1392E+00  3.8098E+00  6.0994E-01  3.4529E+02  1.0000E+00  2.6345E-01  0.0000E+00 -1.0000E+00 -8.1464E-01  2.6345E-01 -1.0781E+00  0.0000E+00
  1.0000E+00  1.7020E+03  7.0917E+01  5.9449E-01  1.0000E+02  0.0000E+00  0.0000E+00  0.0000E+00  0.0000E+00  0.0000E+00  2.6193E-01  6.1032E+00  3.7873E+00  6.0634E-01  3.4556E+02  1.0000E+00  2.6193E-01  0.0000E+00 -1.0000E+00  5.9449E-01  2.6193E-01  3.3255E-01  0.0000E+00
  1.0000E+00  1.7030E+03  7.0958E+01 -6.4820E-01  1.0000E+02  0.0000E+00  0.0000E+00  0.0000E+00  0.0000E+00  0.0000E+00  2.6051E-01  6.0696E+00  3.7663E+00  6.0297E-01  3.4582E+02  1.0000E+00  2.6051E-01  0.0000E+00 -1.0000E+00 -6.4820E-01  2.6051E-01 -9.0871E-01  0.0000E+00
  1.0000E+00  1.7040E+03  7.1000E+01  7.2014E-01  1.0000E+02  0.0000E+00  0.0000E+00  0.0000E+00  0.0000E+00  0.0000E+00  2.5917E-01  6.0380E+00  3.7465E+00  5.9980E-01  3.4608E+02  1.0000E+00  2.5917E-01  0.0000E+00 -1.0000E+00  7.2014E-01  2.5917E-01  4.6097E-01  0.0000E+00
  1.0000E+00  1.7050E+03  7.1042E+01  1.1772E+00  1.0000E+02  0.0000E+00  0.0000E+00  0.0000E+00  0.0000E+00  0.0000E+00  3.1211E-01  7.0466E+00  4.2965E+00  6.8639E-01  3.4637E+02  1.0000E+00  3.1211E-01  0.0000E+00 -1.0000E+00  1.1772E+00  3.1211E-01  8.6508E-01  0.0000E+00
  1.0000E+00  1.7060E+03  7.1083E+01 -2.7519E+00  1.0000E+02  0.0000E+00  0.0000E+00  0.0000E+00  0.0000E+00  0.0000E+00  3.3212E-01  7.6513E+00  4.7072E+00  7.5268E-01  3.4669E+02  1.0000E+00  3.3212E-01  0.0000E+00 -1.0000E+00 -2.7519E+00  3.3212E-01 -3.0840E+00  0.0000E+00
  1.0000E+00  1.7070E+03  7.1125E+01  3.9766E-01  1.0000E+02  0.0000E+00  0.0000E+00  0.0000E+00  0.0000E+00  0.0000E+00  3.3617E-01  7.8151E+00  4.8370E+00  7.7406E-01  3.4703E+02  1.0000E+00  3.3617E-01  0.0000E+00 -1.0000E+00  3.9766E-01  3.3617E-01  6.1498E-02  0.0000E+00
  1.0000E+00  1.7080E+03  7.1167E+01  1.4298E-01  1.0000E+02  0.0000E+00  0.0000E+00  0.0000E+00  0.0000E+00  0.0000E+00  3.3289E-01  7.7701E+00  4.8228E+00  7.7211E-01  3.4736E+02  1.0000E+00  3.3289E-01  0.0000E+00 -1.0000E+00  1.4298E-01  3.3289E-01 -1.8991E-01  0.0000E+00
  1.0000E+00  1.7090E+03  7.1208E+01  1.0056E+00  1.0000E+02  0.0000E+00  0.0000E+00  0.0000E+00  0.0000E+00  0.0000E+00  3.2663E-01  7.6365E+00  4.7457E+00  7.5990E-01  3.4769E+02  1.0000E+00  3.2663E-01  0.0000E+00 -1.0000E+00  1.0056E+00  3.2663E-01  6.7900E-01  0.0000E+00
  1.0000E+00  1.7100E+03  7.1250E+01  2.7453E-01  1.0000E+02  0.0000E+00  0.0000E+00  0.0000E+00  0.0000E+00  0.0000E+00  3.1950E-01  7.4733E+00  4.6463E+00  7.4404E-01  3.4801E+02  1.0000E+00  3.1950E-01  0.0000E+00 -1.0000E+00  2.7453E-01  3.1950E-01 -4.4972E-02  0.0000E+00
  1.0000E+00  1.7110E+03  7.1292E+01 -5.1804E-01  1.0000E+02  0.0000E+00  0.0000E+00  0.0000E+00  0.0000E+00  0.0000E+00  3.1249E-01  7.3088E+00  4.5442E+00  7.2770E-01  3.4833E+02  1.0000E+00  3.1249E-01  0.0000E+00 -1.0000E+00 -5.1804E-01  3.1249E-01 -8.3053E-01  0.0000E+00
  1.0000E+00  1.7120E+03  7.1333E+01  6.9689E-01  1.0000E+02  0.0000E+00  0.0000E+00  0.0000E+00  0.0000E+00  0.0000E+00  3.0601E-01  7.1549E+00  4.4479E+00  7.1227E-01  3.4864E+02  1.0000E+00  3.0601E-01  0.0000E+00 -1.0000E+00  6.9689E-01  3.0601E-01  3.9088E-01  0.0000E+00
  1.0000E+00  1.7130E+03  7.1375E+01 -1.7950E-01  1.0000E+02  0.0000E+00  0.0000E+00  0.0000E+00  0.0000E+00  0.0000E+00  3.0020E-01  7.0160E+00  4.3607E+00  6.9828E-01  3.4894E+02  1.0000E+00  3.0020E-01  0.0000E+00 -1.0000E+00 -1.7950E-01  3.0020E-01 -4.7970E-01  0.0000E+00
  1.0000E+00  1.7140E+03  7.1417E+01  2.5743E-01  1.0000E+02  0.0000E+00  0.0000E+00  0.0000E+00  0.0000E+00  0.0000E+00  2.9505E-01  6.8927E+00  4.2831E+00  6.8584E-01  3.4924E+02  1.0000E+00  2.9505E-01  0.0000E+00 -1.0000E+00  2.5743E-01  2.9505E-01 -3.7624E-02  0.0000E+00
  1.0000E+00  1.7150E+03  7.1458E+01  7.2676E-01  1.0000E+02  0.0000E+00  0.0000E+00  0.0000E+00  0.0000E+00  0.0000E+00  2.9052E-01  6.7840E+00  4.2146E+00  6.7486E-01  3.4953E+02  1.0000E+00  2.9052E-01  0.0000E+00 -1.0000E+00  7.2676E-01  2.9052E-01  4.3624E-01  0.0000E+00
  1.0000E+00  1.7160E+03  7.1500E+01  5.5586E-01  1.0000E+02  0.0000E+00  0.0000E+00  0.0000E+00  0.0000E+00  0.0000E+00  2.8652E-01  6.6882E+00  4.1543E+00  6.6518E-01  3.4982E+02  1.0000E+00  2.8652E-01  0.0000E+00 -1.0000E+00  5.5586E-01  2.8652E-01  2.6933E-01  0.0000E+00
  1.0000E+00  1.7170E+03  7.1542E+01 -1.4715E+00  1.0000E+02  0.0000E+00  0.0000E+00  0.0000E+00  0.0000E+00  0.0000E+00  2.8299E-01  6.6037E+00  4.1011E+00  6.5665E-01  3.5011E+02  1.0000E+00  2.8299E-01  0.0000E+00 -1.0000E+00 -1.4715E+00  2.8299E-01 -1.7545E+00  0.0000E+00
  1.0000E+00  1.7180E+03  7.1583E+01  4.1169E-01  1.0000E+02  0.0000E+00  0.0000E+00  0.0000E+00  0.0000E+00  0.0000E+00  2.7986E-01  6.5287E+00  4.0539E+00  6.4908E-01  3.5039E+02  1.0000E+00  2.7986E-01  0.0000E+00 -1.0000E+00  4.1169E-01  2.7986E-01  1.3183E-01  0.0000E+00
  1.0000E+00  1.7190E+03  7.1625E+01  4.3630E-01  1.0000E+02  0.0000E+00  0.0000E+00  0.0000E+00  0.0000E+00  0.0000E+00  2.7706E-01  6.4618E+00  4.0119E+00  6.4233E-01  3.5067E+02  1.0000E+00  2.7706E-01  0.0000E+00 -1.0000E+00  4.3630E-01  2.7706E-01  1.5924E-01  0.0000E+00
  1.0000E+00  1.7200E+03  7.1667E+01 -2.6937E-01  1.0000E+02  0.0000E+00  0.0000E+00  0.0000E+00  0.0000E+00  0.0000E+00  2.7454E-01  6.4017E+00  3.9741E+00  6.3628E-01  3.5094E+02  1.0000E+00  2.7454E-01  0.0000E+00 -1.0000E+00 -2.6937E-01  2.7454E-01 -5.4391E-01  0.0000E+00
  1.0000E+00  1.7210E+03  7.1708E+01  5.3846E-01  1.0000E+02  0.0000E+00  0.0000E+00  0.0000E+00  0.0000E+00  0.0000E+00  2.7226E-01  6.3475E+00  3.9401E+00  6.3082E-01  3.5122E+02  1.0000E+00  2.7226E-01  0.0000E+00 -1.0000E+00  5.3846E-01  2.7226E-01  2.6619E-01  0.0000E+00
  1.0000E+00  1.7220E+03  7.1750E+01 -5.9094E-01  1.0000E+02  0.0000E+00  0.0000E+00  0.0000E+00  0.0000E+00  0.0000E+00  2.7018E-01  6.2981E+00  3.9091E+00  6.2585E-01  3.5149E+02  1.0000E+00  2.7018E-01  0.0000E+00 -1.0000E+00 -5.9094E-01  2.7018E-01 -8.6113E-01  0.0000E+00
  1.0000E+00  1.7230E+03  7.1792E+01 -5.7415E-01  1.0000E+02  0.0000E+00  0.0000E+00  0.0000E+00  0.0000E+00  0.0000E+00  2.6828E-01  6.2529E+00  3.8807E+00  6.2131E-01  3.5176E+02  1.0000E+00  2.6828E-01  0.0000E+00 -1.0000E+00 -5.7415E-01  2.6828E-01 -8.4243E-01  0.0000E+00
  1.0000E+00  1.7240E+03  7.1833E+01  9.8459E-01  1.0000E+02  0.0000E+00  0.0000E+00  0.0000E+00  0.0000E+00  0.0000E+00  2.6652E-01  6.2112E+00  3.8547E+00  6.1713E-01  3.5202E+02  1.0000E+00  2.6652E-01  0.0000E+00 -1.0000E+00  9.8459E-01  2.6652E-01  7.1807E-01  0.0000E+00
  1.0000E+00  1.7250E+03  7.1875E+01  8.6392E-01  1.0000E+02  0.0000E+00  0.0000E+00  0.0000E+00  0.0000E+00  0.0000E+00  2.6489E-01  6.1726E+00  3.8305E+00  6.1326E-01  3.5229E+02  1.0000E+00  2.6489E-01  0.0000E+00 -1.0000E+00  8.6392E-01  2.6489E-01  5.9903E-01  0.0000E+00
  1.0000E+00  1.7260E+03  7.1917E+01  1.4814E+00  1.0000E+02  0.0000E+00  0.0000E+00  0.0000E+00  0.0000E+00  0.0000E+00  2.6337E-01  6.1366E+00  3.8080E+00  6.0965E-01  3.5255E+02  1.0000E+00  2.6337E-01  0.0000E+00 -1.0000E+00  1.4814E+00  2.6337E-01  1.2180E+00  0.0000E+00
  1.0000E+00  1.7270E+03  7.1958E+01  3.8430E-01  1.0000E+02  0.0000E+00  0.0000E+00  0.0000E+00  0.0000E+00  0.0000E+00  2.6194E-01  6.1030E+00  3.7870E+00  6.0628E-01  3.5282E+02  1.0000E+00  2.6194E-01  0.0000E+00 -1.0000E+00  3.8430E-01  2.6194E-01  1.2236E-01  0.0000E+00
  1.0000E+00  1.7280E+03  7.2000E+01  1.1615E+00  1.0000E+02  0.0000E+00  0.0000E+00  0.0000E+00  0.0000E+00  0.0000E+00  2.6060E-01  6.0713E+00  3.7672E+00  6.0311E-01  3.5308E+02  1.0000E+00  2.6060E-01  0.0000E+00 -1.0000E+00  1.1615E+00  2.6060E-01  9.0092E-01  0.0000E+00
  1.0000E+00  1.7290E+03  7.2042E+01  2.6809E-01  1.0000E+02  0.0000E+00  0.0000E+00  0.0000E+00  0.0000E+00  0.0000E+00  3.1354E-01  7.0800E+00  4.3172E+00  6.8970E-01  3.5337E+02  1.0000E+00  3.1354E-01  0.0000E+00 -1.0000E+00  2.6809E-01  3.1354E-01 -4.5449E-02  0.0000E+00
  1.0000E+00  1.7300E+03  7.2083E+01  2.5387E+00  1.0000E+02  0.0000E+00  0.0000E+00  0.0000E+00  0.0000E+00  0.0000E+00  3.3355E-01  7.6846E+00  4.7279E+00  7.5598E-01  3.5369E+02  1.0000E+00  3.3355E-01  0.0000E+00 -1.0000E+00  2.5387E+00  3.3355E-01  2.2052E+00  0.0000E+00
  1.0000E+00  1.7310E+03  7.2125E+01 -1.6092E-01  1.0000E+02  0.0000E+00  0.0000E+00  0.0000E+00  0.0000E+00  0.0000E+00  3.3759E-01  7.8484E+00  4.8576E+00  7.7736E-01  3.5403E+02  1.0000E+00  3.3759E-01  0.0000E+00 -1.0000E+00 -1.6092E-01  3.3759E-01 -4.9851E-01  0.0000E+00
  1.0000E+00  1.7320E+03  7.2167E+01  4.4360E-01  1.0000E+02  0.0000E+00  0.0000E+00  0.0000E+00  0.0000E+00  0.0000E+00  3.3432E-01  7.8034E+00  4.8434E+00  7.7541E-01  3.5437E+02  1.0000E+00  3.3432E-01  0.0000E+00 -1.0000E+00  4.4360E-01  3.3432E-01  1.0928E-01  0.0000E+00
  1.0000E+00  1.7330E+03  7.2208E+01  1.3424E+00  1.0000E+02  0.0000E+00  0.0000E+00  0.0000E+00  0.0000E+00  0.0000E+00  3.2805E-01  7.6697E+00  4.7663E+00  7.6319E-01  3.5470E+02  1.0000E+00  3.2805E-01  0.0000E+00 -1.0000E+00  1.3424E+00  3.2805E-01  1.0143E+00  0.0000E+00
  1.0000E+00  1.7340E+03  7.2250E+01 -2.4458E-01  1.0000E+02  0.0000E+00  0.0000E+00  0.0000E+00  0.0000E+00  0.0000E+00  3.2092E-01  7.5065E+00  4.6669E+00  7.4734E-01  3.5502E+02  1.0000E+00  3.2092E-01  0.0000E+00 -1.0000E+00 -2.4458E-01  3.2092E-01 -5.6550E-01  0.0000E+00
  1.0000E+00  1.7350E+03  7.2292E+01 -1.0176E+00  1.0000E+02  0.0000E+00  0.0000E+00  0.0000E+00  0.0000E+00  0.0000E+00  3.1391E-01  7.3419E+00  4.5648E+00  7.3099E-01  3.5534E+02  1.0000E+00  3.1391E-01  0.0000E+00 -1.0000E+00 -1.0176E+00  3.1391E-01 -1.3315E+00  0.0000E+00
  1.0000E+00  1.7360E+03  7.2333E+01  1.4350E+00  1.0000E+02  0.0000E+00  0.0000E+00  0.0000E+00  0.0000E+00  0.0000E+00  3.0743E-01  7.1880E+00  4.4685E+00  7.1556E-01  3.5565E+02  1.0000E+00  3.0743E-01  0.0000E+00 -1.0000E+00  1.4350E+00  3.0743E-01  1.1276E+00  0.0000E+00
  1.0000E+00  1.7370E+03  7.2375E+01  8.8965E-01  1.0000E+02  0.0000E+00  0.0000E+00  0.0000E+00  0.0000E+00  0.0000E+00  3.0162E-01  7.0491E+00  4.3812E+00  7.0157E-01  3.5595E+02  1.0000E+00  3.0162E-01  0.0000E+00 -1.0000E+00  8.8965E-01  3.0162E-01  5.8803E-01  0.0000E+00
  1.0000E+00  1.7380E+03  7.2417E+01  2.5152E-01  1.0000E+02  0.0000E+00  0.0000E+00  0.0000E+00  0.0000E+00  0.0000E+00  2.9647E-01  6.9257E+00  4.3036E+00  6.8912E-01  3.5625E+02  1.0000E+00  2.9647E-01  0.0000E+00 -1.0000E+00  2.5152E-01  2.9647E-01 -4.4949E-02  0.0000E+00
  1.0000E+00  1.7390E+03  7.2458E+01  8.2540E-01  1.0000E+02  0.0000E+00  0.0000E+00  0.0000E+00  0.0000E+00  0.0000E+00  2.9194E-01  6.8170E+00  4.2351E+00  6.7814E-01  3.5655E+02  1.0000E+00  2.9194E-01  0.0000E+00 -1.0000E+00  8.2540E-01  2.9194E-01  5.3346E-01  0.0000E+00
  1.0000E+00  1.7400E+03  7.2500E+01  6.1446E-01  1.0000E+02  0.0000E+00  0.0000E+00  0.0000E+00  0.0000E+00  0.0000E+00  2.8794E-01  6.7212E+00  4.1748E+00  6.6846E-01  3.5684E+02  1.0000E+00  2.8794E-01  0.0000E+00 -1.0000E+00  6.1446E-01  2.8794E-01  3.2652E-01  0.0000E+00
  1.0000E+00  1.7410E+03  7.2542E+01  5.9130E-01  1.0000E+02  0.0000E+00  0.0000E+00  0.0000E+00  0.0000E+00  0.0000E+00  2.8441E-01  6.6367E+00  4.1216E+00  6.5992E-01  3.5712E+02  1.0000E+00  2.8441E-01  0.0000E+00 -1.0000E+00  5.9130E-01  2.8441E-01  3.0689E-01  0.0000E+00
  1.0000E+00  1.7420E+03  7.2583E+01  1.3360E+00  1.0000E+02  0.0000E+00  0.0000E+00  0.0000E+00  0.0000E+00  0.0000E+00  2.8128E-01  6.5617E+00  4.0744E+00  6.5235E-01  3.5741E+02  1.0000E+00  2.8128E-01  0.0000E+00 -1.0000E+00  1.3360E+00  2.8128E-01  1.0548E+00  0.0000E+00
  1.0000E+00  1.7430E+03  7.2625E+01  1.6863E+00  1.0000E+02  0.0000E+00  0.0000E+00  0.0000E+00  0.0000E+00  0.0000E+00  2.7847E-01  6.4947E+00  4.0323E+00  6.4560E-01  3.5769E+02  1.0000E+00  2.7847E-01  0.0000E+00 -1.0000E+00  1.6863E+00  2.7847E-01  1.4078E+00  0.0000E+00
  1.0000E+00  1.7440E+03  7.2667E+01  1.0287E-01  1.0000E+02  0.0000E+00  0.0000E+00  0.0000E+00  0.0000E+00  0.0000E+00  2.7595E-01  6.4346E+00  3.9945E+00  6.3955E-01  3.5796E+02  1.0000E+00  2.7595E-01  0.0000E+00 -1.0000E+00  1.0287E-01  2.7595E-01 -1.7308E-01  0.0000E+00
  1.0000E+00  1.7450E+03  7.2708E+01  3.0100E-02  1.0000E+02  0.0000E+00  0.0000E+00  0.0000E+00  0.0000E+00  0.0000E+00  2.7367E-01  6.3803E+00  3.9604E+00  6.3408E-01  3.5824E+02  1.0000E+00  2.7367E-01  0.0000E+00 -1.0000E+00  3.0100E-02  2.7367E-01 -2.4357E-01  0.0000E+00
  1.0000E+00  1.7460E+03  7.2750E+01  3.4421E-01  1.0000E+02  0.0000E+00  0.0000E+00  0.0000E+00  0.0000E+00  0.0000E+00  2.7159E-01  6.3309E+00  3.9295E+00  6.2911E-01  3.5851E+02  1.0000E+00  2.7159E-01  0.0000E+00 -1.0000E+00  3.4421E-01  2.7159E-01  7.2620E-02  0.0000E+00
  1.0000E+00  1.7470E+03  7.2792E+01 -1.1726E+00  1.0000E+02  0.0000E+00  0.0000E+00  0.0000E+00  0.0000E+00  0.0000E+00  2.6969E-01  6.2857E+00  3.9011E+00  6.2457E-01  3.5878E+02  1.0000E+00  2.6969E-01  0.0000E+00 -1.0000E+00 -1.1726E+00  2.6969E-01 -1.4423E+00  0.0000E+00
  1.0000E+00  1.7480E+03  7.2833E+01 -1.5558E-01  1.0000E+02  0.0000E+00  0.0000E+00  0.0000E+00  0.0000E+00  0.0000E+00  2.6793E-01  6.2440E+00  3.8750E+00  6.2038E-01  3.5905E+02  1.0000E+00  2.6793E-01  0.0000E+00 -1.0000E+00 -1.5558E-01  2.6793E-01 -4.2350E-01  0.0000E+00
  1.0000E+00  1.7490E+03  7.2875E+01 -1.2886E+00  1.0000E+02  0.0000E+00  0.0000E+00  0.0000E+00  0.0000E+00  0.0000E+00  2.6630E-01  6.2054E+00  3.8508E+00  6.1651E-01  3.5932E+02  1.0000E+00  2.6630E-01  0.0000E+00 -1.0000E+00 -1.2886E+00  2.6630E-01 -1.5549E+00  0.0000E+00
  1.0000E+00  1.7500E+03  7.2917E+01 -2.5090E-01  1.0000E+02  0.0000E+00  0.0000E+00  0.0000E+00  0.0000E+00  0.0000E+00  2.6478E-01  6.1694E+00  3.8283E+00  6.1290E-01  3.5958E+02  1.0000E+00  2.6478E-01  0.0000E+00 -1.0000E+00 -2.5090E-01  2.6478E-01 -5.1567E-01  0.0000E+00
  1.0000E+00  1.7510E+03  7.2958E+01  1.1436E+00  1.0000E+02  0.0000E+00  0.0000E+00  0.0000E+00  0.0000E+00  0.0000E+00  2.6335E-01  6.1357E+00  3.8073E+00  6.0953E-01  3.5985E+02  1.0000E+00  2.6335E-01  0.0000E+00 -1.0000E+00  1.1436E+00  2.6335E-01  8.8028E-01  0.0000E+00
  1.0000E+00  1.7520E+03  7.3000E+01  2.4274E-01  1.0000E+02  0.0000E+00  0.0000E+00  0.0000E+00  0.0000E+00  0.0000E+00  2.6201E-01  6.1040E+00  3.7875E+00  6.0636E-01  3.6011E+02  1.0000E+00  2.6201E-01  0.0000E+00 -1.0000E+00  2.4274E-01  2.6201E-01 -1.9269E-02  0.0000E+00
  1.0000E+00  1.7530E+03  7.3042E+01 -3.9597E-03  1.0000E+02  0.0000E+00  0.0000E+00  0.0000E+00  0.0000E+00  0.0000E+00  3.1494E-01  7.1126E+00  4.3374E+00  6.9294E-01  3.6040E+02  1.0000E+00  3.1494E-01  0.0000E+00 -1.0000E+00 -3.9597E-03  3.1494E-01 -3.1890E-01  0.0000E+00
  1.0000E+00  1.7540E+03  7.3083E+01 -1.1985E+00  1.0000E+02  0.0000E+00  0.0000E+00  0.0000E+00  0.0000E+00  0.0000E+00  3.3495E-01  7.7172E+00  4.7481E+00  7.5922E-01  3.6073E+02  1.0000E+00  3.3495E-01  0.0000E+00 -1.0000E+00 -1.1985E+00  3.3495E-01 -1.5334E+00  0.0000E+00
  1.0000E+00  1.7550E+03  7.3125E+01  5.6988E-01  1.0000E+02  0.0000E+00  0.0000E+00  0.0000E+00  0.0000E+00  0.0000E+00  3.3900E-01  7.8810E+00  4.8779E+00  7.8060E-01  3.6107E+02  1.0000E+00  3.3900E-01  0.0000E+00 -1.0000E+00  5.6988E-01  3.3900E-01  2.3089E-01  0.0000E+00
  1.0000E+00  1.7560E+03  7.3167E+01  3.7015E-01  1.0000E+02  0.0000E+00  0.0000E+00  0.0000E+00  0.0000E+00  0.0000E+00  3.3571E-01  7.8359E+00  4.8636E+00  7.7864E-01  3.6140E+02  1.0000E+00  3.3571E-01  0.0000E+00 -1.0000E+00  3.7015E-01  3.3571E-01  3.4439E-02  0.0000E+00
  1.0000E+00  1.7570E+03  7.3208E+01  1.0152E+00  1.0000E+02  0.0000E+00  0.0000E+00  0.0000E+00  0.0000E+00  0.0000E+00  3.2945E-01  7.7022E+00  4.7864E+00  7.6642E-01  3.6174E+02  1.0000E+00  3.2945E-01  0.0000E+00 -1.0000E+00  1.0152E+00  3.2945E-01  6.8579E-01  0.0000E+00
  1.0000E+00  1.7580E+03  7.3250E+01 -2.0784E-01  1.0000E+02  0.0000E+00  0.0000E+00  0.0000E+00  0.0000E+00  0.0000E+00  3.2232E-01  7.5390E+00  4.6871E+00  7.5056E-01  3.6206E+02  1.0000E+00  3.2232E-01  0.0000E+00 -1.0000E+00 -2.0784E-01  3.2232E-01 -5.3016E-01  0.0000E+00
  1.0000E+00  1.7590E+03  7.3292E+01  2.3235E+00  1.0000E+02  0.0000E+00  0.0000E+00  0.0000E+00  0.0000E+00  0.0000E+00  3.1531E-01  7.3744E+00  4.5849E+00  7.3422E-01  3.6238E+02  1.0000E+00  3.1531E-01  0.0000E+00 -1.0000E+00  2.3235E+00  3.1531E-01  2.0082E+00  0.0000E+00
  1.0000E+00  1.7600E+03  7.3333E+01 -2.5158E-01  1.0000E+02  0.0000E+00  0.0000E+00  0.0000E+00  0.0000E+00  0.0000E+00  3.0883E-01  7.2204E+00  4.4886E+00  7.1878E-01  3.6269E+02  1.0000E+00  3.0883E-01  0.0000E+00 -1.0000E+00 -2.5158E-01  3.0883E-01 -5.6041E-01  0.0000E+00
  1.0000E+00  1.7610E+03  7.3375E+01  1.0561E+00  1.0000E+02  0.0000E+00  0.0000E+00  0.0000E+00  0.0000E+00  0.0000E+00  3.0301E-01  7.0815E+00  4.4013E+00  7.0479E-01  3.6300E+02  1.0000E+00  3.0301E-01  0.0000E+00 -1.0000E+00  1.0561E+00  3.0301E-01  7.5307E-01  0.0000E+00
  1.0000E+00  1.7620E+03  7.3417E+01  7.1469E-01  1.0000E+02  0.0000E+00  0.0000E+00  0.0000E+00  0.0000E+00  0.0000E+00  2.9787E-01  6.9581E+00  4.3237E+00  6.9234E-01  3.6330E+02  1.0000E+00  2.9787E-01  0.0000E+00 -1.0000E+00  7.1469E-01  2.9787E-01  4.1683E-01  0.0000E+00
  1.0000E+00  1.7630E+03  7.3458E+01  6.6302E-01  1.0000E+02  0.0000E+00  0.0000E+00  0.0000E+00  0.0000E+00  0.0000E+00  2.9333E-01  6.8494E+00  4.2552E+00  6.8135E-01  3.6360E+02  1.0000E+00  2.9333E-01  0.0000E+00 -1.0000E+00  6.6302E-01  2.9333E-01  3.6969E-01  0.0000E+00
  1.0000E+00  1.7640E+03  7.3500E+01 -8.3471E-01  1.0000E+02  0.0000E+00  0.0000E+00  0.0000E+00  0.0000E+00  0.0000E+00  2.8933E-01  6.7536E+00  4.1949E+00  6.7167E-01  3.6389E+02  1.0000E+00  2.8933E-01  0.0000E+00 -1.0000E+00 -8.3471E-01  2.8933E-01 -1.1240E+00  0.0000E+00
  1.0000E+00  1.7650E+03  7.3542E+01  2.0123E-01  1.0000E+02  0.0000E+00  0.0000E+00  0.0000E+00  0.0000E+00  0.0000E+00  2.8580E-01  6.6690E+00  4.1416E+00  6.6313E-01  3.6417E+02  1.0000E+00  2.8580E-01  0.0000E+00 -1.0000E+00  2.0123E-01  2.8580E-01 -8.4571E-02  0.0000E+00
  1.0000E+00  1.7660E+03  7.3583E+01  1.3886E+00  1.0000E+02  0.0000E+00  0.0000E+00  0.0000E+00  0.0000E+00  0.0000E+00  2.8266E-01  6.5940E+00  4.0944E+00  6.5556E-01  3.6446E+02  1.0000E+00  2.8266E-01  0.0000E+00 -1.0000E+00  1.3886E+00  2.8266E-01  1.1060E+00  0.0000E+00
  1.0000E+00  1.7670E+03  7.3625E+01 -1.5256E-01  1.0000E+02  0.0000E+00  0.0000E+00  0.0000E+00  0.0000E+00  0.0000E+00  2.7986E-01  6.5270E+00  4.0523E+00  6.4881E-01  3.6474E+02  1.0000E+00  2.7986E-01  0.0000E+00 -1.0000E+00 -1.5256E-01  2.7986E-01 -4.3242E-01  0.0000E+00
  1.0000E+00  1.7680E+03  7.3667E+01 -8.1657E-02  1.0000E+02  0.0000E+00  0.0000E+00  0.0000E+00  0.0000E+00  0.0000E+00  2.7734E-01  6.4669E+00  4.0145E+00  6.4275E-01  3.6502E+02  1.0000E+00  2.7734E-01  0.0000E+00 -1.0000E+00 -8.1657E-02  2.7734E-01 -3.5900E-01  0.0000E+00
  1.0000E+00  1.7690E+03  7.3708E+01 -3.2898E-01  1.0000E+02  0.0000E+00  0.0000E+00  0.0000E+00  0.0000E+00  0.0000E+00  2.7506E-01  6.4125E+00  3.9804E+00  6.3728E-01  3.6529E+02  1.0000E+00  2.7506E-01  0.0000E+00 -1.0000E+00 -3.2898E-01  2.7506E-01 -6.0404E-01  0.0000E+00
  1.0000E+00  1.7700E+03  7.3750E+01  1.1548E-01  1.0000E+02  0.0000E+00  0.0000E+00  0.0000E+00  0.0000E+00  0.0000E+00  2.7298E-01  6.3631E+00  3.9494E+00  6.3231E-01  3.6557E+02  1.0000E+00  2.7298E-01  0.0000E+00 -1.0000E+00  1.1548E-01  2.7298E-01 -1.5749E-01  0.0000E+00
  1.0000E+00  1.7710E+03  7.3792E+01 -4.5719E-01  1.0000E+02  0.0000E+00  0.0000E+00  0.0000E+00  0.0000E+00  0.0000E+00  2.7107E-01  6.3178E+00  3.9210E+00  6.2776E-01  3.6584E+02  1.0000E+00  2.7107E-01  0.0000E+00 -1.0000E+00 -4.5719E-01  2.7107E-01 -7.2826E-01  0.0000E+00
  1.0000E+00  1.7720E+03  7.3833E+01 -3.2079E+00  1.0000E+02  0.0000E+00  0.0000E+00  0.0000E+00  0.0000E+00  0.0000E+00  2.6931E-01  6.2761E+00  3.8949E+00  6.2357E-01  3.6611E+02  1.0000E+00  2.6931E-01  0.0000E+00 -1.0000E+00 -3.2079E+00  2.6931E-01 -3.4772E+00  0.0000E+00
  1.0000E+00  1.7730E+03  7.3875E+01 -5.5118E-02  1.0000E+02  0.0000E+00  0.0000E+00  0.0000E+00  0.0000E+00  0.0000E+00  2.6768E-01  6.2375E+00  3.8707E+00  6.1970E-01  3.6638E+02  1.0000E+00  2.6768E-01  0.0000E+00 -1.0000E+00 -5.5118E-02  2.6768E-01 -3.2279E-01  0.0000E+00
  1.0000E+00  1.7740E+03  7.3917E+01  9.6777E-01  1.0000E+02  0.0000E+00  0.0000E+00  0.0000E+00  0.0000E+00  0.0000E+00  2.6615E-01  6.2014E+00  3.8482E+00  6.1609E-01  3.6665E+02  1.0000E+00  2.6615E-01  0.0000E+00 -1.0000E+00  9.6777E-01  2.6615E-01  7.0162E-01  0.0000E+00
  1.0000E+00  1.7750E+03  7.3958E+01  1.1633E+00  1.0000E+02  0.0000E+00  0.0000E+00  0.0000E+00  0.0000E+00  0.0000E+00  2.6473E-01  6.1677E+00  3.8271E+00  6.1271E-01  3.6691E+02  1.0000E+00  2.6473E-01  0.0000E+00 -1.0000E+00  1.1633E+00  2.6473E-01  8.9860E-01  0.0000E+00
  1.0000E+00  1.7760E+03  7.4000E+01  7.7241E-01  1.0000E+02  0.0000E+00  0.0000E+00  0.0000E+00  0.0000E+00  0.0000E+00  2.6338E-01  6.1360E+00  3.8073E+00  6.0954E-01  3.6718E+02  1.0000E+00  2.6338E-01  0.0000E+00 -1.0000E+00  7.7241E-01  2.6338E-01  5.0903E-01  0.0000E+00
  1.0000E+00  1.7770E+03  7.4042E+01  2.4512E+00  1.0000E+02  0.0000E+00  0.0000E+00  0.0000E+00  0.0000E+00  0.0000E+00  3.1632E-01  7.1446E+00  4.3573E+00  6.9612E-01  3.6747E+02  1.0000E+00  3.1632E-01  0.0000E+00 -1.0000E+00  2.4512E+00  3.1632E-01  2.1349E+00  0.0000E+00
  1.0000E+00  1.7780E+03  7.4083E+01  7.3878E-01  1.0000E+02  0.0000E+00  0.0000E+00  0.0000E+00  0.0000E+00  0.0000E+00  3.3633E-01  7.7491E+00  4.7679E+00  7.6239E-01  3.6780E+02  1.0000E+00  3.3633E-01  0.0000E+00 -1.0000E+00  7.3878E-01  3.3633E-01  4.0245E-01  0.0000E+00
  1.0000E+00  1.7790E+03  7.4125E+01  5.0407E-01  1.0000E+02  0.0000E+00  0.0000E+00  0.0000E+00  0.0000E+00  0.0000E+00  3.4037E-01  7.9129E+00  4.8977E+00  7.8377E-01  3.6814E+02  1.0000E+00  3.4037E-01  0.0000E+00 -1.0000E+00  5.0407E-01  3.4037E-01  1.6370E-01  0.0000E+00
  1.0000E+00  1.7800E+03  7.4167E+01 -1.1174E+00  1.0000E+02  0.0000E+00  0.0000E+00  0.0000E+00  0.0000E+00  0.0000E+00  3.3709E-01  7.8679E+00  4.8834E+00  7.8181E-01  3.6848E+02  1.0000E+00  3.3709E-01  0.0000E+00 -1.0000E+00 -1.1174E+00  3.3709E-01 -1.4545E+00  0.0000E+00
  1.0000E+00  1.7810E+03  7.4208E+01  2.5082E-01  1.0000E+02  0.0000E+00  0.0000E+00  0.0000E+00  0.0000E+00  0.0000E+00  3.3082E-01  7.7341E+00  4.8062E+00  7.6959E-01  3.6881E+02  1.0000E+00  3.3082E-01  0.0000E+00 -1.0000E+00  2.5082E-01  3.3082E-01 -8.0000E-02  0.0000E+00
  1.0000E+00  1.7820E+03  7.4250E+01  1.1627E+00  1.0000E+02  0.0000E+00  0.0000E+00  0.0000E+00  0.0000E+00  0.0000E+00  3.2369E-01  7.5709E+00  4.7068E+00  7.5373E-01  3.6914E+02  1.0000E+00  3.2369E-01  0.0000E+00 -1.0000E+00  1.1627E+00  3.2369E-01  8.3897E-01  0.0000E+00
  1.0000E+00  1.7830E+03  7.4292E+01  3.9300E-01  1.0000E+02  0.0000E+00  0.0000E+00  0.0000E+00  0.0000E+00  0.0000E+00  3.1668E-01  7.4062E+00  4.6047E+00  7.3738E-01  3.6946E+02  1.0000E+00  3.1668E-01  0.0000E+00 -1.0000E+00  3.9300E-01  3.1668E-01  7.6321E-02  0.0000E+00
  1.0000E+00  1.7840E+03  7.4333E+01 -5.2411E-01  1.0000E+02  0.0000E+00  0.0000E+00  0.0000E+00  0.0000E+00  0.0000E+00  3.1020E-01  7.2522E+00  4.5083E+00  7.2194E-01  3.6977E+02  1.0000E+00  3.1020E-01  0.0000E+00 -1.0000E+00 -5.2411E-01  3.1020E-01 -8.3431E-01  0.0000E+00
  1.0000E+00  1.7850E+03  7.4375E+01 -8.2342E-01  1.0000E+02  0.0000E+00  0.0000E+00  0.0000E+00  0.0000E+00  0.0000E+00  3.0438E-01  7.1133E+00  4.4210E+00  7.0794E-01  3.7008E+02  1.0000E+00  3.0438E-01  0.0000E+00 -1.0000E+00 -8.2342E-01  3.0438E-01 -1.1278E+00  0.0000E+00
  1.0000E+00  1.7860E+03  7.4417E+01  7.2593E-01  1.0000E+02  0.0000E+00  0.0000E+00  0.0000E+00  0.0000E+00  0.0000E+00  2.9923E-01  6.9899E+00  4.3434E+00  6.9549E-01  3.7038E+02  1.0000E+00  2.9923E-01  0.0000E+00 -1.0000E+00  7.2593E-01  2.9923E-01  4.2670E-01  0.0000E+00
  1.0000E+00  1.7870E+03  7.4458E+01 -3.3653E-01  1.0000E+02  0.0000E+00  0.0000E+00  0.0000E+00  0.0000E+00  0.0000E+00  2.9469E-01  6.8811E+00  4.2749E+00  6.8450E-01  3.7068E+02  1.0000E+00  2.9469E-01  0.0000E+00 -1.0000E+00 -3.3653E-01  2.9469E-01 -6.3122E-01  0.0000E+00
  1.0000E+00  1.7880E+03  7.4500E+01 -6.0916E-02  1.0000E+02  0.0000E+00  0.0000E+00  0.0000E+00  0.0000E+00  0.0000E+00  2.9070E-01  6.7853E+00  4.2145E+00  6.7482E-01  3.7097E+02  1.0000E+00  2.9070E-01  0.0000E+00 -1.0000E+00 -6.0916E-02  2.9070E-01 -3.5161E-01  0.0000E+00
  1.0000E+00  1.7890E+03  7.4542E+01 -3.6847E-01  1.0000E+02  0.0000E+00  0.0000E+00  0.0000E+00  0.0000E+00  0.0000E+00  2.8716E-01  6.7007E+00  4.1613E+00  6.6628E-01  3.7126E+02  1.0000E+00  2.8716E-01  0.0000E+00 -1.0000E+00 -3.6847E-01  2.8716E-01 -6.5563E-01  0.0000E+00
  1.0000E+00  1.7900E+03  7.4583E+01  5.4350E-01  1.0000E+02  0.0000E+00  0.0000E+00  0.0000E+00  0.0000E+00  0.0000E+00  2.8402E-01  6.6256E+00  4.1140E+00  6.5870E-01  3.7154E+02  1.0000E+00  2.8402E-01  0.0000E+00 -1.0000E+00  5.4350E-01  2.8402E-01  2.5947E-01  0.0000E+00
  1.0000E+00  1.7910E+03  7.4625E+01 -1.1638E+00  1.0000E+02  0.0000E+00  0.0000E+00  0.0000E+00  0.0000E+00  0.0000E+00  2.8122E-01  6.5586E+00  4.0719E+00  6.5195E-01  3.7183E+02  1.0000E+00  2.8122E-01  0.0000E+00 -1.0000E+00 -1.1638E+00  2.8122E-01 -1.4451E+00  0.0000E+00
  1.0000E+00  1.7920E+03  7.4667E+01 -3.7450E-01  1.0000E+02  0.0000E+00  0.0000E+00  0.0000E+00  0.0000E+00  0.0000E+00  2.7870E-01  6.4985E+00  4.0341E+00  6.4589E-01  3.7211E+02  1.0000E+00  2.7870E-01  0.0000E+00 -1.0000E+00 -3.7450E-01  2.7870E-01 -6.5320E-01  0.0000E+00
  1.0000E+00  1.7930E+03  7.4708E+01 -6.1551E-01  1.0000E+02  0.0000E+00  0.0000E+00  0.0000E+00  0.0000E+00  0.0000E+00  2.7641E-01  6.4441E+00  4.0000E+00  6.4041E-01  3.7238E+02  1.0000E+00  2.7641E-01  0.0000E+00 -1.0000E+00 -6.1551E-01  2.7641E-01 -8.9192E-01  0.0000E+00
  1.0000E+00  1.7940E+03  7.4750E+01  5.4716E-01  1.0000E+02  0.0000E+00  0.0000E+00  0.0000E+00  0.0000E+00  0.0000E+00  2.7433E-01  6.3946E+00  3.9690E+00  6.3544E-01  3.7266E+02  1.0000E+00  2.7433E-01  0.0000E+00 -1.0000E+00  5.4716E-01  2.7433E-01  2.7282E-01  0.0000E+00
  1.0000E+00  1.7950E+03  7.4792E+01 -5.6174E-02  1.0000E+02  0.0000E+00  0.0000E+00  0.0000E+00  0.0000E+00  0.0000E+00  2.7242E-01  6.3493E+00  3.9406E+00  6.3089E-01  3.7293E+02  1.0000E+00  2.7242E-01  0.0000E+00 -1.0000E+00 -5.6174E-02  2.7242E-01 -3.2860E-01  0.0000E+00
  1.0000E+00  1.7960E+03  7.4833E+01  1.8136E+00  1.0000E+02  0.0000E+00  0.0000E+00  0.0000E+00  0.0000E+00  0.0000E+00  2.7066E-01  6.3076E+00  3.9144E+00  6.2670E-01  3.7320E+02  1.0000E+00  2.7066E-01  0.0000E+00 -1.0000E+00  1.8136E+00  2.7066E-01  1.5429E+00  0.0000E+00
  1.0000E+00  1.7970E+03  7.4875E+01 -5.4799E-01  1.0000E+02  0.0000E+00  0.0000E+00  0.0000E+00  0.0000E+00  0.0000E+00  2.6903E-01  6.2689E+00  3.8902E+00  6.2282E-01  3.7347E+02  1.0000E+00  2.6903E-01  0.0000E+00 -1.0000E+00 -5.4799E-01  2.6903E-01 -8.1702E-01  0.0000E+00
  1.0000E+00  1.7980E+03  7.4917E+01  4.7190E-01  1.0000E+02  0.0000E+00  0.0000E+00  0.0000E+00  0.0000E+00  0.0000E+00  2.6750E-01  6.2329E+00  3.8677E+00  6.1921E-01  3.7374E+02  1.0000E+00  2.6750E-01  0.0000E+00 -1.0000E+00  4.7190E-01  2.6750E-01  2.0439E-01  0.0000E+00
  1.0000E+00  1.7990E+03  7.4958E+01  2.2062E-01  1.0000E+02  0.0000E+00  0.0000E+00  0.0000E+00  0.0000E+00  0.0000E+00  2.6608E-01  6.1991E+00  3.8466E+00  6.1583E-01  3.7401E+02  1.0000E+00  2.6608E-01  0.0000E+00 -1.0000E+00  2.2062E-01  2.6608E-01 -4.5460E-02  0.0000E+00
  1.0000E+00  1.8000E+03  7.5000E+01  5.1055E-01  1.0000E+02  0.0000E+00  0.0000E+00  0.0000E+00  0.0000E+00  0.0000E+00  2.6473E-01  6.1674E+00  3.8268E+00  6.1265E-01  3.7427E+02  1.0000E+00  2.6473E-01  0.0000E+00 -1.0000E+00  5.1055E-01  2.6473E-01  2.4582E-01  0.0000E+00
  1.0000E+00  1.8010E+03  7.5042E+01  5.0020E-01  1.0000E+02  0.0000E+00  0.0000E+00  0.0000E+00  0.0000E+00  0.0000E+00  3.1766E-01  7.1760E+00  4.3767E+00  6.9923E-01  3.7457E+02  1.0000E+00  3.1766E-01  0.0000E+00 -1.0000E+00  5.0020E-01  3.1766E-01  1.8254E-01  0.0000E+00
  1.0000E+00  1.8020E+03  7.5083E+01 -2.1904E-01  1.0000E+02  0.0000E+00  0.0000E+00  0.0000E+00  0.0000E+00  0.0000E+00  3.3767E-01  7.7805E+00  4.7873E+00  7.6551E-01  3.7490E+02  1.0000E+00  3.3767E-01  0.0000E+00 -1.0000E+00 -2.1904E-01  3.3767E-01 -5.5671E-01  0.0000E+00
  1.0000E+00  1.8030E+03  7.5125E+01  1.7361E-01  1.0000E+02  0.0000E+00  0.0000E+00  0.0000E+00  0.0000E+00  0.0000E+00  3.4171E-01  7.9442E+00  4.9171E+00  7.8688E-01  3.7524E+02  1.0000E+00  3.4171E-01  0.0000E+00 -1.0000E+00  1.7361E-01  3.4171E-01 -1.6810E-01  0.0000E+00
  1.0000E+00  1.8040E+03  7.5167E+01  1.4805E-01  1.0000E+02  0.0000E+00  0.0000E+00  0.0000E+00  0.0000E+00  0.0000E+00  3.3843E-01  7.8991E+00  4.9028E+00  7.8491E-01  3.7558E+02  1.0000E+00  3.3843E-01  0.0000E+00 -1.0000E+00  1.4805E-01  3.3843E-01 -1.9038E-01  0.0000E+00
  1.0000E+00  1.8050E+03  7.5208E+01  2.2187E-02  1.0000E+02  0.0000E+00  0.0000E+00  0.0000E+00  0.0000E+00  0.0000E+00  3.3216E-01  7.7653E+00  4.8256E+00  7.7269E-01  3.7591E+02  1.0000E+00  3.3216E-01  0.0000E+00 -1.0000E+00  2.2187E-02  3.3216E-01 -3.0998E-01  0.0000E+00
  1.0000E+00  1.8060E+03  7.5250E+01 -1.0743E+00  1.0000E+02  0.0000E+00  0.0000E+00  0.0000E+00  0.0000E+00  0.0000E+00  3.2503E-01  7.6021E+00  4.7262E+00  7.5683E-01  3.7624E+02  1.0000E+00  3.2503E-01  0.0000E+00 -1.0000E+00 -1.0743E+00  3.2503E-01 -1.3993E+00  0.0000E+00
  1.0000E+00  1.8070E+03  7.5292E+01  1.2292E+00  1.0000E+02  0.0000E+00  0.0000E+00  0.0000E+00  0.0000E+00  0.0000E+00  3.1802E-01  7.4374E+00  4.6240E+00  7.4047E-01  3.7656E+02  1.0000E+00  3.1802E-01  0.0000E+00 -1.0000E+00  1.2292E+00  3.1802E-01  9.1121E-01  0.0000E+00
  1.0000E+00  1.8080E+03  7.5333E+01  6.5829E-01  1.0000E+02  0.0000E+00  0.0000E+00  0.0000E+00  0.0000E+00  0.0000E+00  3.1154E-01  7.2834E+00  4.5277E+00  7.2503E-01  3.7688E+02  1.0000E+00  3.1154E-01  0.0000E+00 -1.0000E+00  6.5829E-01  3.1154E-01  3.4675E-01  0.0000E+00
  1.0000E+00  1.8090E+03  7.5375E+01  2.1743E+00  1.0000E+02  0.0000E+00  0.0000E+00  0.0000E+00  0.0000E+00  0.0000E+00  3.0572E-01  7.1444E+00  4.4403E+00  7.1103E-01  3.7719E+02  1.0000E+00  3.0572E-01  0.0000E+00 -1.0000E+00  2.1743E+00  3.0572E-01  1.8686E+00  0.0000E+00
  1.0000E+00  1.8100E+03  7.5417E+01 -7.4875E-01  1.0000E+02  0.0000E+00  0.0000E+00  0.0000E+00  0.0000E+00  0.0000E+00  3.0057E-01  7.0210E+00  4.3627E+00  6.9858E-01  3.7749E+02  1.0000E+00  3.0057E-01  0.0000E+00 -1.0000E+00 -7.4875E-01  3.0057E-01 -1.0493E+00  0.0000E+00
  1.0000E+00  1.8110E+03  7.5458E+01 -6.6004E-01  1.0000E+02  0.0000E+00  0.0000E+00  0.0000E+00  0.0000E+00  0.0000E+00  2.9603E-01  6.9122E+00  4.2942E+00  6.8759E-01  3.7779E+02  1.0000E+00  2.9603E-01  0.0000E+00 -1.0000E+00 -6.6004E-01  2.9603E-01 -9.5607E-01  0.0000E+00
  1.0000E+00  1.8120E+03  7.5500E+01  1.1202E+00  1.0000E+02  0.0000E+00  0.0000E+00  0.0000E+00  0.0000E+00  0.0000E+00  2.9203E-01  6.8164E+00  4.2338E+00  6.7791E-01  3.7808E+02  1.0000E+00  2.9203E-01  0.0000E+00 -1.0000E+00  1.1202E+00  2.9203E-01  8.2821E-01  0.0000E+00
  1.0000E+00  1.8130E+03  7.5542E+01 -4.5147E-03  1.0000E+02  0.0000E+00  0.0000E+00  0.0000E+00  0.0000E+00  0.0000E+00  2.8850E-01  6.7317E+00  4.1805E+00  6.6936E-01  3.7837E+02  1.0000E+00  2.8850E-01  0.0000E+00 -1.0000E+00 -4.5147E-03  2.8850E-01 -2.9301E-01  0.0000E+00
  1.0000E+00  1.8140E+03  7.5583E+01 -3.5459E-01  1.0000E+02  0.0000E+00  0.0000E+00  0.0000E+00  0.0000E+00  0.0000E+00  2.8536E-01  6.6566E+00  4.1333E+00  6.6178E-01  3.7866E+02  1.0000E+00  2.8536E-01  0.0000E+00 -1.0000E+00 -3.5459E-01  2.8536E-01 -6.3994E-01  0.0000E+00
  1.0000E+00  1.8150E+03  7.5625E+01  1.8875E+00  1.0000E+02  0.0000E+00  0.0000E+00  0.0000E+00  0.0000E+00  0.0000E+00  2.8255E-01  6.5896E+00  4.0911E+00  6.5502E-01  3.7894E+02  1.0000E+00  2.8255E-01  0.0000E+00 -1.0000E+00  1.8875E+00  2.8255E-01  1.6050E+00  0.0000E+00
  1.0000E+00  1.8160E+03  7.5667E+01 -1.5477E+00  1.0000E+02  0.0000E+00  0.0000E+00  0.0000E+00  0.0000E+00  0.0000E+00  2.8003E-01  6.5294E+00  4.0533E+00  6.4896E-01  3.7923E+02  1.0000E+00  2.8003E-01  0.0000E+00 -1.0000E+00 -1.5477E+00  2.8003E-01 -1.8278E+00  0.0000E+00
  1.0000E+00  1.8170E+03  7.5708E+01  1.5719E-01  1.0000E+02  0.0000E+00  0.0000E+00  0.0000E+00  0.0000E+00  0.0000E+00  2.7774E-01  6.4750E+00  4.0192E+00  6.4349E-01  3.7950E+02  1.0000E+00  2.7774E-01  0.0000E+00 -1.0000E+00  1.5719E-01  2.7774E-01 -1.2055E-01  0.0000E+00
  1.0000E+00  1.8180E+03  7.5750E+01  4.2717E-01  1.0000E+02  0.0000E+00  0.0000E+00  0.0000E+00  0.0000E+00  0.0000E+00  2.7566E-01  6.4256E+00  3.9881E+00  6.3851E-01  3.7978E+02  1.0000E+00  2.7566E-01  0.0000E+00 -1.0000E+00  4.2717E-01  2.7566E-01  1.5151E-01  0.0000E+00
  1.0000E+00  1.8190E+03  7.5792E+01 -3.6927E-01  1.0000E+02  0.0000E+00  0.0000E+00  0.0000E+00  0.0000E+00  0.0000E+00  2.7375E-01  6.3802E+00  3.9597E+00  6.3396E-01  3.8006E+02  1.0000E+00  2.7375E-01  0.0000E+00 -1.0000E+00 -3.6927E-01  2.7375E-01 -6.4302E-01  0.0000E+00
  1.0000E+00  1.8200E+03  7.5833E+01  1.8707E+00  1.0000E+02  0.0000E+00  0.0000E+00  0.0000E+00  0.0000E+00  0.0000E+00  2.7199E-01  6.3385E+00  3.9336E+00  6.2976E-01  3.8033E+02  1.0000E+00  2.7199E-01  0.0000E+00 -1.0000E+00  1.8707E+00  2.7199E-01  1.5987E+00  0.0000E+00
  1.0000E+00  1.8210E+03  7.5875E+01 -1.9307E+00  1.0000E+02  0.0000E+00  0.0000E+00  0.0000E+00  0.0000E+00  0.0000E+00  2.7035E-01  6.2998E+00  3.9094E+00  6.2588E-01  3.8060E+02  1.0000E+00  2.7035E-01  0.0000E+00 -1.0000E+00 -1.9307E+00  2.7035E-01 -2.2011E+00  0.0000E+00
  1.0000E+00  1.8220E+03  7.5917E+01  2.2779E-01  1.0000E+02  0.0000E+00  0.0000E+00  0.0000E+00  0.0000E+00  0.0000E+00  2.6883E-01  6.2637E+00  3.8868E+00  6.2227E-01  3.8087E+02  1.0000E+00  2.6883E-01  0.0000E+00 -1.0000E+00  2.2779E-01  2.6883E-01 -4.1040E-02  0.0000E+00
  1.0000E+00  1.8230E+03  7.5958E+01 -8.1867E-01  1.0000E+02  0.0000E+00  0.0000E+00  0.0000E+00  0.0000E+00  0.0000E+00  2.6740E-01  6.2299E+00  3.8657E+00  6.1888E-01  3.8114E+02  1.0000E+00  2.6740E-01  0.0000E+00 -1.0000E+00 -8.1867E-01  2.6740E-01 -1.0861E+00  0.0000E+00
  1.0000E+00  1.8240E+03  7.6000E+01 -6.0268E-01  1.0000E+02  0.0000E+00  0.0000E+00  0.0000E+00  0.0000E+00  0.0000E+00  2.6605E-01  6.1982E+00  3.8459E+00  6.1571E-01  3.8140E+02  1.0000E+00  2.6605E-01  0.0000E+00 -1.0000E+00 -6.0268E-01  2.6605E-01 -8.6873E-01  0.0000E+00
  1.0000E+00  1.8250E+03  7.6042E+01  1.3820E+00  1.0000E+02  0.0000E+00  0.0000E+00  0.0000E+00  0.0000E+00  0.0000E+00  3.1898E-01  7.2067E+00  4.3958E+00  7.0228E-01  3.8170E+02  1.0000E+00  3.1898E-01  0.0000E+00 -1.0000E+00  1.3820E+00  3.1898E-01  1.0630E+00  0.0000E+00
  1.0000E+00  1.8260E+03  7.6083E+01  1.4679E-01  1.0000E+02  0.0000E+00  0.0000E+00  0.0000E+00  0.0000E+00  0.0000E+00  3.3899E-01  7.8112E+00  4.8064E+00  7.6855E-01  3.8203E+02  1.0000E+00  3.3899E-01  0.0000E+00 -1.0000E+00  1.4679E-01  3.3899E-01 -1.9220E-01  0.0000E+00
  1.0000E+00  1.8270E+03  7.6125E+01 -5.2666E-02  1.0000E+02  0.0000E+00  0.0000E+00  0.0000E+00  0.0000E+00  0.0000E+00  3.4303E-01  7.9749E+00  4.9361E+00  7.8992E-01  3.8237E+02  1.0000E+00  3.4303E-01  0.0000E+00 -1.0000E+00 -5.2666E-02  3.4303E-01 -3.9570E-01  0.0000E+00
  1.0000E+00  1.8280E+03  7.6167E+01 -1.3798E+00  1.0000E+02  0.0000E+00  0.0000E+00  0.0000E+00  0.0000E+00  0.0000E+00  3.3975E-01  7.9298E+00  4.9218E+00  7.8796E-01  3.8272E+02  1.0000E+00  3.3975E-01  0.0000E+00 -1.0000E+00 -1.3798E+00  3.3975E-01 -1.7195E+00  0.0000E+00
  1.0000E+00  1.8290E+03  7.6208E+01  1.1044E+00  1.0000E+02  0.0000E+00  0.0000E+00  0.0000E+00  0.0000E+00  0.0000E+00  3.3348E-01  7.7960E+00  4.8446E+00  7.7573E-01  3.8305E+02  1.0000E+00  3.3348E-01  0.0000E+00 -1.0000E+00  1.1044E+00  3.3348E-01  7.7088E-01  0.0000E+00
  1.0000E+00  1.8300E+03  7.6250E+01 -5.2385E-01  1.0000E+02  0.0000E+00  0.0000E+00  0.0000E+00  0.0000E+00  0.0000E+00  3.2635E-01  7.6327E+00  4.7452E+00  7.5986E-01  3.8338E+02  1.0000E+00  3.2635E-01  0.0000E+00 -1.0000E+00 -5.2385E-01  3.2635E-01 -8.5020E-01  0.0000E+00
  1.0000E+00  1.8310E+03  7.6292E+01  4.5582E-01  1.0000E+02  0.0000E+00  0.0000E+00  0.0000E+00  0.0000E+00  0.0000E+00  3.1933E-01  7.4680E+00  4.6430E+00  7.4351E-01  3.8370E+02  1.0000E+00  3.1933E-01  0.0000E+00 -1.0000E+00  4.5582E-01  3.1933E-01  1.3649E-01  0.0000E+00
  1.0000E+00  1.8320E+03  7.6333E+01  1.6601E+00  1.0000E+02  0.0000E+00  0.0000E+00  0.0000E+00  0.0000E+00  0.0000E+00  3.1285E-01  7.3140E+00  4.5466E+00  7.2807E-01  3.8402E+02  1.0000E+00  3.1285E-01  0.0000E+00 -1.0000E+00  1.6601E+00  3.1285E-01  1.3472E+00  0.0000E+00
  1.0000E+00  1.8330E+03  7.6375E+01  1.3836E-01  1.0000E+02  0.0000E+00  0.0000E+00  0.0000E+00  0.0000E+00  0.0000E+00  3.0703E-01  7.1749E+00  4.4593E+00  7.1406E-01  3.8433E+02  1.0000E+00  3.0703E-01  0.0000E+00 -1.0000E+00  1.3836E-01  3.0703E-01 -1.6867E-01  0.0000E+00
  1.0000E+00  1.8340E+03  7.6417E+01 -1.9460E+00  1.0000E+02  0.0000E+00  0.0000E+00  0.0000E+00  0.0000E+00  0.0000E+00  3.0188E-01  7.0515E+00  4.3816E+00  7.0161E-01  3.8464E+02  1.0000E+00  3.0188E-01  0.0000E+00 -1.0000E+00 -1.9460E+00  3.0188E-01 -2.2479E+00  0.0000E+00
  1.0000E+00  1.8350E+03  7.6458E+01  7.6060E-01  1.0000E+02  0.0000E+00  0.0000E+00  0.0000E+00  0.0000E+00  0.0000E+00  2.9734E-01  6.9427E+00  4.3131E+00  6.9061E-01  3.8493E+02  1.0000E+00  2.9734E-01  0.0000E+00 -1.0000E+00  7.6060E-01  2.9734E-01  4.6327E-01  0.0000E+00
  1.0000E+00  1.8360E+03  7.6500E+01  6.8264E-01  1.0000E+02  0.0000E+00  0.0000E+00  0.0000E+00  0.0000E+00  0.0000E+00  2.9334E-01  6.8468E+00  4.2527E+00  6.8093E-01  3.8523E+02  1.0000E+00  2.9334E-01  0.0000E+00 -1.0000E+00  6.8264E-01  2.9334E-01  3.8930E-01  0.0000E+00
  1.0000E+00  1.8370E+03  7.6542E+01  1.7148E+00  1.0000E+02  0.0000E+00  0.0000E+00  0.0000E+00  0.0000E+00  0.0000E+00  2.8980E-01  6.7621E+00  4.1994E+00  6.7238E-01  3.8552E+02  1.0000E+00  2.8980E-01  0.0000E+00 -1.0000E+00  1.7148E+00  2.8980E-01  1.4250E+00  0.0000E+00
  1.0000E+00  1.8380E+03  7.6583E+01  3.4814E-01  1.0000E+02  0.0000E+00  0.0000E+00  0.0000E+00  0.0000E+00  0.0000E+00  2.8666E-01  6.6870E+00  4.1521E+00  6.6480E-01  3.8581E+02  1.0000E+00  2.8666E-01  0.0000E+00 -1.0000E+00  3.4814E-01  2.8666E-01  6.1474E-02  0.0000E+00
  1.0000E+00  1.8390E+03  7.6625E+01 -9.8381E-01  1.0000E+02  0.0000E+00  0.0000E+00  0.0000E+00  0.0000E+00  0.0000E+00  2.8385E-01  6.6200E+00  4.1100E+00  6.5804E-01  3.8609E+02  1.0000E+00  2.8385E-01  0.0000E+00 -1.0000E+00 -9.8381E-01  2.8385E-01 -1.2677E+00  0.0000E+00
  1.0000E+00  1.8400E+03  7.6667E+01 -1.8098E-02  1.0000E+02  0.0000E+00  0.0000E+00  0.0000E+00  0.0000E+00  0.0000E+00  2.8133E-01  6.5598E+00  4.0721E+00  6.5197E-01  3.8638E+02  1.0000E+00  2.8133E-01  0.0000E+00 -1.0000E+00 -1.8098E-02  2.8133E-01 -2.9943E-01  0.0000E+00
  1.0000E+00  1.8410E+03  7.6708E+01 -2.9979E-02  1.0000E+02  0.0000E+00  0.0000E+00  0.0000E+00  0.0000E+00  0.0000E+00  2.7904E-01  6.5054E+00  4.0380E+00  6.4650E-01  3.8666E+02  1.0000E+00  2.7904E-01  0.0000E+00 -1.0000E+00 -2.9979E-02  2.7904E-01 -3.0902E-01  0.0000E+00
  1.0000E+00  1.8420E+03  7.6750E+01 -3.3175E-01  1.0000E+02  0.0000E+00  0.0000E+00  0.0000E+00  0.0000E+00  0.0000E+00  2.7696E-01  6.4558E+00  4.0069E+00  6.4152E-01  3.8694E+02  1.0000E+00  2.7696E-01  0.0000E+00 -1.0000E+00 -3.3175E-01  2.7696E-01 -6.0871E-01  0.0000E+00
  1.0000E+00  1.8430E+03  7.6792E+01 -1.7962E+00  1.0000E+02  0.0000E+00  0.0000E+00  0.0000E+00  0.0000E+00  0.0000E+00  2.7505E-01  6.4105E+00  3.9785E+00  6.3696E-01  3.8721E+02  1.0000E+00  2.7505E-01  0.0000E+00 -1.0000E+00 -1.7962E+00  2.7505E-01 -2.0712E+00  0.0000E+00
  1.0000E+00  1.8440E+03  7.6833E+01 -6.1026E-01  1.0000E+02  0.0000E+00  0.0000E+00  0.0000E+00  0.0000E+00  0.0000E+00  2.7329E-01  6.3687E+00  3.9523E+00  6.3277E-01  3.8749E+02  1.0000E+00  2.7329E-01  0.0000E+00 -1.0000E+00 -6.1026E-01  2.7329E-01 -8.8354E-01  0.0000E+00
  1.0000E+00  1.8450E+03  7.6875E+01 -1.6263E-01  1.0000E+02  0.0000E+00  0.0000E+00  0.0000E+00  0.0000E+00  0.0000E+00  2.7165E-01  6.3300E+00  3.9281E+00  6.2888E-01  3.8776E+02  1.0000E+00  2.7165E-01  0.0000E+00 -1.0000E+00 -1.6263E-01  2.7165E-01 -4.3428E-01  0.0000E+00
  1.0000E+00  1.8460E+03  7.6917E+01  9.7456E-01  1.0000E+02  0.0000E+00  0.0000E+00  0.0000E+00  0.0000E+00  0.0000E+00  2.7012E-01  6.2939E+00  3.9055E+00  6.2526E-01  3.8803E+02  1.0000E+00  2.7012E-01  0.0000E+00 -1.0000E+00  9.7456E-01  2.7012E-01  7.0443E-01  0.0000E+00
  1.0000E+00  1.8470E+03  7.6958E+01  2.0203E+00  1.0000E+02  0.0000E+00  0.0000E+00  0.0000E+00  0.0000E+00  0.0000E+00  2.6869E-01  6.2601E+00  3.8844E+00  6.2188E-01  3.8830E+02  1.0000E+00  2.6869E-01  0.0000E+00 -1.0000E+00  2.0203E+00  2.6869E-01  1.7517E+00  0.0000E+00
  1.0000E+00  1.8480E+03  7.7000E+01 -1.8504E-03  1.0000E+02  0.0000E+00  0.0000E+00  0.0000E+00  0.0000E+00  0.0000E+00  2.6735E-01  6.2283E+00  3.8646E+00  6.1870E-01  3.8857E+02  1.0000E+00  2.6735E-01  0.0000E+00 -1.0000E+00 -1.8504E-03  2.6735E-01 -2.6920E-01  0.0000E+00
  1.0000E+00  1.8490E+03  7.7042E+01  1.0402E+00  1.0000E+02  0.0000E+00  0.0000E+00  0.0000E+00  0.0000E+00  0.0000E+00  3.2028E-01  7.2368E+00  4.4145E+00  7.0527E-01  3.8886E+02  1.0000E+00  3.2028E-01  0.0000E+00 -1.0000E+00  1.0402E+00  3.2028E-01  7.1995E-01  0.0000E+00
  1.0000E+00  1.8500E+03  7.7083E+01 -2.6126E-01  1.0000E+02  0.0000E+00  0.0000E+00  0.0000E+00  0.0000E+00  0.0000E+00  3.4028E-01  7.8413E+00  4.8250E+00  7.7154E-01  3.8920E+02  1.0000E+00  3.4028E-01  0.0000E+00 -1.0000E+00 -2.6126E-01  3.4028E-01 -6.0154E-01  0.0000E+00
  1.0000E+00  1.8510E+03  7.7125E+01  8.1973E-01  1.0000E+02  0.0000E+00  0.0000E+00  0.0000E+00  0.0000E+00  0.0000E+00  3.4432E-01  8.0050E+00  4.9547E+00  7.9291E-01  3.8954E+02  1.0000E+00  3.4432E-01  0.0000E+00 -1.0000E+00  8.1973E-01  3.4432E-01  4.7541E-01  0.0000E+00
  1.0000E+00  1.8520E+03  7.7167E+01  1.2439E+00  1.0000E+02  0.0000E+00  0.0000E+00  0.0000E+00  0.0000E+00  0.0000E+00  3.4104E-01  7.9598E+00  4.9404E+00  7.9094E-01  3.8988E+02  1.0000E+00  3.4104E-01  0.0000E+00 -1.0000E+00  1.2439E+00  3.4104E-01  9.0288E-01  0.0000E+00
  1.0000E+00  1.8530E+03  7.7208E+01  1.4027E+00  1.0000E+02  0.0000E+00  0.0000E+00  0.0000E+00  0.0000E+00  0.0000E+00  3.3477E-01  7.8260E+00  4.8632E+00  7.7871E-01  3.9022E+02  1.0000E+00  3.3477E-01  0.0000E+00 -1.0000E+00  1.4027E+00  3.3477E-01  1.0680E+00  0.0000E+00
  1.0000E+00  1.8540E+03  7.7250E+01 -4.0429E-01  1.0000E+02  0.0000E+00  0.0000E+00  0.0000E+00  0.0000E+00  0.0000E+00  3.2763E-01  7.6627E+00  4.7637E+00  7.6284E-01  3.9055E+02  1.0000E+00  3.2763E-01  0.0000E+00 -1.0000E+00 -4.0429E-01  3.2763E-01 -7.3192E-01  0.0000E+00
  1.0000E+00  1.8550E+03  7.7292E+01  7.2854E-01  1.0000E+02  0.0000E+00  0.0000E+00  0.0000E+00  0.0000E+00  0.0000E+00  3.2062E-01  7.4980E+00  4.6615E+00  7.4648E-01  3.9088E+02  1.0000E+00  3.2062E-01  0.0000E+00 -1.0000E+00  7.2854E-01  3.2062E-01  4.0792E-01  0.0000E+00
  1.0000E+00  1.8560E+03  7.7333E+01  5.3781E-01  1.0000E+02  0.0000E+00  0.0000E+00  0.0000E+00  0.0000E+00  0.0000E+00  3.1413E-01  7.3439E+00  4.5652E+00  7.3104E-01  3.9119E+02  1.0000E+00  3.1413E-01  0.0000E+00 -1.0000E+00  5.3781E-01  3.1413E-01  2.2367E-01  0.0000E+00
  1.0000E+00  1.8570E+03  7.7375E+01 -2.1018E-02  1.0000E+02  0.0000E+00  0.0000E+00  0.0000E+00  0.0000E+00  0.0000E+00  3.0831E-01  7.2048E+00  4.4778E+00  7.1703E-01  3.9150E+02  1.0000E+00  3.0831E-01  0.0000E+00 -1.0000E+00 -2.1018E-02  3.0831E-01 -3.2933E-01  0.0000E+00
  1.0000E+00  1.8580E+03  7.7417E+01  2.2393E+00  1.0000E+02  0.0000E+00  0.0000E+00  0.0000E+00  0.0000E+00  0.0000E+00  3.0316E-01  7.0814E+00  4.4001E+00  7.0457E-01  3.9181E+02  1.0000E+00  3.0316E-01  0.0000E+00 -1.0000E+00  2.2393E+00  3.0316E-01  1.9362E+00  0.0000E+00
  1.0000E+00  1.8590E+03  7.7458E+01  6.1951E-01  1.0000E+02  0.0000E+00  0.0000E+00  0.0000E+00  0.0000E+00  0.0000E+00  2.9862E-01  6.9725E+00  4.3316E+00  6.9358E-01  3.9211E+02  1.0000E+00  2.9862E-01  0.0000E+00 -1.0000E+00  6.1951E-01  2.9862E-01  3.2089E-01  0.0000E+00
  1.0000E+00  1.8600E+03  7.7500E+01  1.7670E+00  1.0000E+02  0.0000E+00  0.0000E+00  0.0000E+00  0.0000E+00  0.0000E+00  2.9462E-01  6.8766E+00  4.2712E+00  6.8389E-01  3.9241E+02  1.0000E+00  2.9462E-01  0.0000E+00 -1.0000E+00  1.7670E+00  2.9462E-01  1.4723E+00  0.0000E+00
  1.0000E+00  1.8610E+03  7.7542E+01 -1.8274E-02  1.0000E+02  0.0000E+00  0.0000E+00  0.0000E+00  0.0000E+00  0.0000E+00  2.9108E-01  6.7919E+00  4.2179E+00  6.7534E-01  3.9270E+02  1.0000E+00  2.9108E-01  0.0000E+00 -1.0000E+00 -1.8274E-02  2.9108E-01 -3.0936E-01  0.0000E+00
  1.0000E+00  1.8620E+03  7.7583E+01 -2.9128E+00  1.0000E+02  0.0000E+00  0.0000E+00  0.0000E+00  0.0000E+00  0.0000E+00  2.8794E-01  6.7168E+00  4.1706E+00  6.6775E-01  3.9299E+02  1.0000E+00  2.8794E-01  0.0000E+00 -1.0000E+00 -2.9128E+00  2.8794E-01 -3.2008E+00  0.0000E+00
  1.0000E+00  1.8630E+03  7.7625E+01 -1.4116E+00  1.0000E+02  0.0000E+00  0.0000E+00  0.0000E+00  0.0000E+00  0.0000E+00  2.8513E-01  6.6497E+00  4.1284E+00  6.6099E-01  3.9328E+02  1.0000E+00  2.8513E-01  0.0000E+00 -1.0000E+00 -1.4116E+00  2.8513E-01 -1.6968E+00  0.0000E+00
  1.0000E+00  1.8640E+03  7.7667E+01  4.6291E-01  1.0000E+02  0.0000E+00  0.0000E+00  0.0000E+00  0.0000E+00  0.0000E+00  2.8261E-01  6.5895E+00  4.0906E+00  6.5492E-01  3.9356E+02  1.0000E+00  2.8261E-01  0.0000E+00 -1.0000E+00  4.6291E-01  2.8261E-01  1.8030E-01  0.0000E+00
  1.0000E+00  1.8650E+03  7.7708E+01 -4.6599E-01  1.0000E+02  0.0000E+00  0.0000E+00  0.0000E+00  0.0000E+00  0.0000E+00  2.8032E-01  6.5351E+00  4.0564E+00  6.4944E-01  3.9384E+02  1.0000E+00  2.8032E-01  0.0000E+00 -1.0000E+00 -4.6599E-01  2.8032E-01 -7.4631E-01  0.0000E+00
  1.0000E+00  1.8660E+03  7.7750E+01 -7.8724E-01  1.0000E+02  0.0000E+00  0.0000E+00  0.0000E+00  0.0000E+00  0.0000E+00  2.7824E-01  6.4855E+00  4.0253E+00  6.4446E-01  3.9412E+02  1.0000E+00  2.7824E-01  0.0000E+00 -1.0000E+00 -7.8724E-01  2.7824E-01 -1.0655E+00  0.0000E+00
  1.0000E+00  1.8670E+03  7.7792E+01  3.4493E-01  1.0000E+02  0.0000E+00  0.0000E+00  0.0000E+00  0.0000E+00  0.0000E+00  2.7632E-01  6.4401E+00  3.9969E+00  6.3990E-01  3.9440E+02  1.0000E+00  2.7632E-01  0.0000E+00 -1.0000E+00  3.4493E-01  2.7632E-01  6.8608E-02  0.0000E+00
  1.0000E+00  1.8680E+03  7.7833E+01 -6.7911E-02  1.0000E+02  0.0000E+00  0.0000E+00  0.0000E+00  0.0000E+00  0.0000E+00  2.7456E-01  6.3983E+00  3.9707E+00  6.3571E-01  3.9467E+02  1.0000E+00  2.7456E-01  0.0000E+00 -1.0000E+00 -6.7911E-02  2.7456E-01 -3.4247E-01  0.0000E+00
  1.0000E+00  1.8690E+03  7.7875E+01  7.7924E-01  1.0000E+02  0.0000E+00  0.0000E+00  0.0000E+00  0.0000E+00  0.0000E+00  2.7292E-01  6.3596E+00  3.9465E+00  6.3182E-01  3.9495E+02  1.0000E+00  2.7292E-01  0.0000E+00 -1.0000E+00  7.7924E-01  2.7292E-01  5.0632E-01  0.0000E+00
  1.0000E+00  1.8700E+03  7.7917E+01  1.0934E+00  1.0000E+02  0.0000E+00  0.0000E+00  0.0000E+00  0.0000E+00  0.0000E+00  2.7140E-01  6.3235E+00  3.9239E+00  6.2820E-01  3.9522E+02  1.0000E+00  2.7140E-01  0.0000E+00 -1.0000E+00  1.0934E+00  2.7140E-01  8.2202E-01  0.0000E+00
  1.0000E+00  1.8710E+03  7.7958E+01  1.1044E+00  1.0000E+02  0.0000E+00  0.0000E+00  0.0000E+00  0.0000E+00  0.0000E+00  2.6996E-01  6.2896E+00  3.9027E+00  6.2481E-01  3.9549E+02  1.0000E+00  2.6996E-01  0.0000E+00 -1.0000E+00  1.1044E+00  2.6996E-01  8.3445E-01  0.0000E+00
  1.0000E+00  1.8720E+03  7.8000E+01  2.4867E-01  1.0000E+02  0.0000E+00  0.0000E+00  0.0000E+00  0.0000E+00  0.0000E+00  2.6862E-01  6.2578E+00  3.8829E+00  6.2163E-01  3.9576E+02  1.0000E+00  2.6862E-01  0.0000E+00 -1.0000E+00  2.4867E-01  2.6862E-01 -1.9944E-02  0.0000E+00
  1.0000E+00  1.8730E+03  7.8042E+01 -2.8681E-01  1.0000E+02  0.0000E+00  0.0000E+00  0.0000E+00  0.0000E+00  0.0000E+00  3.2154E-01  7.2663E+00  4.4328E+00  7.0820E-01  3.9606E+02  1.0000E+00  3.2154E-01  0.0000E+00 -1.0000E+00 -2.8681E-01  3.2154E-01 -6.0835E-01  0.0000E+00
  1.0000E+00  1.8740E+03  7.8083E+01  9.9481E-01  1.0000E+02  0.0000E+00  0.0000E+00  0.0000E+00  0.0000E+00  0.0000E+00  3.4155E-01  7.8707E+00  4.8433E+00  7.7447E-01  3.9639E+02  1.0000E+00  3.4155E-01  0.0000E+00 -1.0000E+00  9.9481E-01  3.4155E-01  6.5326E-01  0.0000E+00
  1.0000E+00  1.8750E+03  7.8125E+01 -1.0153E+00  1.0000E+02  0.0000E+00  0.0000E+00  0.0000E+00  0.0000E+00  0.0000E+00  3.4559E-01  8.0344E+00  4.9730E+00  7.9583E-01  3.9674E+02  1.0000E+00  3.4559E-01  0.0000E+00 -1.0000E+00 -1.0153E+00  3.4559E-01 -1.3609E+00  0.0000E+00
  1.0000E+00  1.8760E+03  7.8167E+01 -3.8168E-01  1.0000E+02  0.0000E+00  0.0000E+00  0.0000E+00  0.0000E+00  0.0000E+00  3.4230E-01  7.9892E+00  4.9587E+00  7.9386E-01  3.9708E+02  1.0000E+00  3.4230E-01  0.0000E+00 -1.0000E+00 -3.8168E-01  3.4230E-01 -7.2398E-01  0.0000E+00
  1.0000E+00  1.8770E+03  7.8208E+01  9.5473E-01  1.0000E+02  0.0000E+00  0.0000E+00  0.0000E+00  0.0000E+00  0.0000E+00  3.3603E-01  7.8554E+00  4.8814E+00  7.8163E-01  3.9742E+02  1.0000E+00  3.3603E-01  0.0000E+00 -1.0000E+00  9.5473E-01  3.3603E-01  6.1870E-01  0.0000E+00
  1.0000E+00  1.8780E+03  7.8250E+01 -7.1197E-01  1.0000E+02  0.0000E+00  0.0000E+00  0.0000E+00  0.0000E+00  0.0000E+00  3.2890E-01  7.6921E+00  4.7820E+00  7.6576E-01  3.9775E+02  1.0000E+00  3.2890E-01  0.0000E+00 -1.0000E+00 -7.1197E-01  3.2890E-01 -1.0409E+00  0.0000E+00
  1.0000E+00  1.8790E+03  7.8292E+01  3.6904E-01  1.0000E+02  0.0000E+00  0.0000E+00  0.0000E+00  0.0000E+00  0.0000E+00  3.2188E-01  7.5273E+00  4.6797E+00  7.4940E-01  3.9808E+02  1.0000E+00  3.2188E-01  0.0000E+00 -1.0000E+00  3.6904E-01  3.2188E-01  4.7164E-02  0.0000E+00
  1.0000E+00  1.8800E+03  7.8333E+01  1.5377E-03  1.0000E+02  0.0000E+00  0.0000E+00  0.0000E+00  0.0000E+00  0.0000E+00  3.1539E-01  7.3732E+00  4.5834E+00  7.3395E-01  3.9840E+02  1.0000E+00  3.1539E-01  0.0000E+00 -1.0000E+00  1.5377E-03  3.1539E-01 -3.1386E-01  0.0000E+00
  1.0000E+00  1.8810E+03  7.8375E+01 -7.0914E-01  1.0000E+02  0.0000E+00  0.0000E+00  0.0000E+00  0.0000E+00  0.0000E+00  3.0957E-01  7.2341E+00  4.4960E+00  7.1994E-01  3.9871E+02  1.0000E+00  3.0957E-01  0.0000E+00 -1.0000E+00 -7.0914E-01  3.0957E-01 -1.0187E+00  0.0000E+00
  1.0000E+00  1.8820E+03  7.8417E+01  8.2847E-01  1.0000E+02  0.0000E+00  0.0000E+00  0.0000E+00  0.0000E+00  0.0000E+00  3.0442E-01  7.1107E+00  4.4183E+00  7.0748E-01  3.9902E+02  1.0000E+00  3.0442E-01  0.0000E+00 -1.0000E+00  8.2847E-01  3.0442E-01  5.2405E-01  0.0000E+00
  1.0000E+00  1.8830E+03  7.8458E+01 -1.0657E+00  1.0000E+02  0.0000E+00  0.0000E+00  0.0000E+00  0.0000E+00  0.0000E+00  2.9988E-01  7.0018E+00  4.3497E+00  6.9648E-01  3.9932E+02  1.0000E+00  2.9988E-01  0.0000E+00 -1.0000E+00 -1.0657E+00  2.9988E-01 -1.3656E+00  0.0000E+00
  1.0000E+00  1.8840E+03  7.8500E+01  1.6699E+00  1.0000E+02  0.0000E+00  0.0000E+00  0.0000E+00  0.0000E+00  0.0000E+00  2.9588E-01  6.9059E+00  4.2893E+00  6.8679E-01  3.9962E+02  1.0000E+00  2.9588E-01  0.0000E+00 -1.0000E+00  1.6699E+00  2.9588E-01  1.3740E+00  0.0000E+00
  1.0000E+00  1.8850E+03  7.8542E+01  6.9757E-01  1.0000E+02  0.0000E+00  0.0000E+00  0.0000E+00  0.0000E+00  0.0000E+00  2.9234E-01  6.8211E+00  4.2360E+00  6.7824E-01  3.9991E+02  1.0000E+00  2.9234E-01  0.0000E+00 -1.0000E+00  6.9757E-01  2.9234E-01  4.0524E-01  0.0000E+00
  1.0000E+00  1.8860E+03  7.8583E+01  1.7406E+00  1.0000E+02  0.0000E+00  0.0000E+00  0.0000E+00  0.0000E+00  0.0000E+00  2.8919E-01  6.7460E+00  4.1887E+00  6.7065E-01  4.0020E+02  1.0000E+00  2.8919E-01  0.0000E+00 -1.0000E+00  1.7406E+00  2.8919E-01  1.4514E+00  0.0000E+00
  1.0000E+00  1.8870E+03  7.8625E+01 -1.0227E+00  1.0000E+02  0.0000E+00  0.0000E+00  0.0000E+00  0.0000E+00  0.0000E+00  2.8639E-01  6.6789E+00  4.1465E+00  6.6389E-01  4.0049E+02  1.0000E+00  2.8639E-01  0.0000E+00 -1.0000E+00 -1.0227E+00  2.8639E-01 -1.3091E+00  0.0000E+00
  1.0000E+00  1.8880E+03  7.8667E+01  1.1190E+00  1.0000E+02  0.0000E+00  0.0000E+00  0.0000E+00  0.0000E+00  0.0000E+00  2.8386E-01  6.6186E+00  4.1086E+00  6.5782E-01  4.0077E+02  1.0000E+00  2.8386E-01  0.0000E+00 -1.0000E+00  1.1190E+00  2.8386E-01  8.3515E-01  0.0000E+00
  1.0000E+00  1.8890E+03  7.8708E+01 -1.3585E+00  1.0000E+02  0.0000E+00  0.0000E+00  0.0000E+00  0.0000E+00  0.0000E+00  2.8157E-01  6.5642E+00  4.0745E+00  6.5233E-01  4.0106E+02  1.0000E+00  2.8157E-01  0.0000E+00 -1.0000E+00 -1.3585E+00  2.8157E-01 -1.6401E+00  0.0000E+00
  1.0000E+00  1.8900E+03  7.8750E+01 -2.2148E-01  1.0000E+02  0.0000E+00  0.0000E+00  0.0000E+00  0.0000E+00  0.0000E+00  2.7949E-01  6.5146E+00  4.0434E+00  6.4735E-01  4.0134E+02  1.0000E+00  2.7949E-01  0.0000E+00 -1.0000E+00 -2.2148E-01  2.7949E-01 -5.0097E-01  0.0000E+00
  1.0000E+00  1.8910E+03  7.8792E+01 -1.3149E+00  1.0000E+02  0.0000E+00  0.0000E+00  0.0000E+00  0.0000E+00  0.0000E+00  2.7757E-01  6.4692E+00  4.0149E+00  6.4279E-01  4.0161E+02  1.0000E+00  2.7757E-01  0.0000E+00 -1.0000E+00 -1.3149E+00  2.7757E-01 -1.5925E+00  0.0000E+00
  1.0000E+00  1.8920E+03  7.8833E+01  5.8563E-01  1.0000E+02  0.0000E+00  0.0000E+00  0.0000E+00  0.0000E+00  0.0000E+00  2.7581E-01  6.4274E+00  3.9887E+00  6.3859E-01  4.0189E+02  1.0000E+00  2.7581E-01  0.0000E+00 -1.0000E+00  5.8563E-01  2.7581E-01  3.0983E-01  0.0000E+00
  1.0000E+00  1.8930E+03  7.8875E+01  1.9052E+00  1.0000E+02  0.0000E+00  0.0000E+00  0.0000E+00  0.0000E+00  0.0000E+00  2.7417E-01  6.3886E+00  3.9644E+00  6.3470E-01  4.0217E+02  1.0000E+00  2.7417E-01  0.0000E+00 -1.0000E+00  1.9052E+00  2.7417E-01  1.6310E+00  0.0000E+00
  1.0000E+00  1.8940E+03  7.8917E+01 -7.2790E-02  1.0000E+02  0.0000E+00  0.0000E+00  0.0000E+00  0.0000E+00  0.0000E+00  2.7264E-01  6.3524E+00  3.9418E+00  6.3108E-01  4.0244E+02  1.0000E+00  2.7264E-01  0.0000E+00 -1.0000E+00 -7.2790E-02  2.7264E-01 -3.4543E-01  0.0000E+00
  1.0000E+00  1.8950E+03  7.8958E+01 -8.1171E-01  1.0000E+02  0.0000E+00  0.0000E+00  0.0000E+00  0.0000E+00  0.0000E+00  2.7121E-01  6.3186E+00  3.9207E+00  6.2769E-01  4.0271E+02  1.0000E+00  2.7121E-01  0.0000E+00 -1.0000E+00 -8.1171E-01  2.7121E-01 -1.0829E+00  0.0000E+00
  1.0000E+00  1.8960E+03  7.9000E+01  2.8072E+00  1.0000E+02  0.0000E+00  0.0000E+00  0.0000E+00  0.0000E+00  0.0000E+00  2.6986E-01  6.2868E+00  3.9008E+00  6.2450E-01  4.0298E+02  1.0000E+00  2.6986E-01  0.0000E+00 -1.0000E+00  2.8072E+00  2.6986E-01  2.5374E+00  0.0000E+00
  1.0000E+00  1.8970E+03  7.9042E+01  2.9375E-01  1.0000E+02  0.0000E+00  0.0000E+00  0.0000E+00  0.0000E+00  0.0000E+00  3.2279E-01  7.2952E+00  4.4507E+00  7.1107E-01  4.0328E+02  1.0000E+00  3.2279E-01  0.0000E+00 -1.0000E+00  2.9375E-01  3.2279E-01 -2.9037E-02  0.0000E+00
  1.0000E+00  1.8980E+03  7.9083E+01  5.3515E-01  1.0000E+02  0.0000E+00  0.0000E+00  0.0000E+00  0.0000E+00  0.0000E+00  3.4279E-01  7.8996E+00  4.8612E+00  7.7733E-01  4.0362E+02  1.0000E+00  3.4279E-01  0.0000E+00 -1.0000E+00  5.3515E-01  3.4279E-01  1.9235E-01  0.0000E+00
  1.0000E+00  1.8990E+03  7.9125E+01 -5.9003E-01  1.0000E+02  0.0000E+00  0.0000E+00  0.0000E+00  0.0000E+00  0.0000E+00  3.4683E-01  8.0633E+00  4.9909E+00  7.9870E-01  4.0396E+02  1.0000E+00  3.4683E-01  0.0000E+00 -1.0000E+00 -5.9003E-01  3.4683E-01 -9.3685E-01  0.0000E+00
  1.0000E+00  1.9000E+03  7.9167E+01 -1.1092E+00  1.0000E+02  0.0000E+00  0.0000E+00  0.0000E+00  0.0000E+00  0.0000E+00  3.4354E-01  8.0181E+00  4.9766E+00  7.9672E-01  4.0431E+02  1.0000E+00  3.4354E-01  0.0000E+00 -1.0000E+00 -1.1092E+00  3.4354E-01 -1.4527E+00  0.0000E+00
  1.0000E+00  1.9010E+03  7.9208E+01 -6.0565E-02  1.0000E+02  0.0000E+00  0.0000E+00  0.0000E+00  0.0000E+00  0.0000E+00  3.3727E-01  7.8842E+00  4.8993E+00  7.8449E-01  4.0465E+02  1.0000E+00  3.3727E-01  0.0000E+00 -1.0000E+00 -6.0565E-02  3.3727E-01 -3.9784E-01  0.0000E+00
  1.0000E+00  1.9020E+03  7.9250E+01  1.1814E+00  1.0000E+02  0.0000E+00  0.0000E+00  0.0000E+00  0.0000E+00  0.0000E+00  3.3013E-01  7.7209E+00  4.7998E+00  7.6862E-01  4.0498E+02  1.0000E+00  3.3013E-01  0.0000E+00 -1.0000E+00  1.1814E+00  3.3013E-01  8.5122E-01  0.0000E+00
  1.0000E+00  1.9030E+03  7.9292E+01  1.3070E+00  1.0000E+02  0.0000E+00  0.0000E+00  0.0000E+00  0.0000E+00  0.0000E+00  3.2312E-01  7.5561E+00  4.6976E+00  7.5225E-01  4.0531E+02  1.0000E+00  3.2312E-01  0.0000E+00 -1.0000E+00  1.3070E+00  3.2312E-01  9.8393E-01  0.0000E+00
  1.0000E+00  1.9040E+03  7.9333E+01  9.3066E-01  1.0000E+02  0.0000E+00  0.0000E+00  0.0000E+00  0.0000E+00  0.0000E+00  3.1663E-01  7.4020E+00  4.6012E+00  7.3680E-01  4.0563E+02  1.0000E+00  3.1663E-01  0.0000E+00 -1.0000E+00  9.3066E-01  3.1663E-01  6.1403E-01  0.0000E+00
  1.0000E+00  1.9050E+03  7.9375E+01  1.6365E+00  1.0000E+02  0.0000E+00  0.0000E+00  0.0000E+00  0.0000E+00  0.0000E+00  3.1081E-01  7.2629E+00  4.5138E+00  7.2279E-01  4.0594E+02  1.0000E+00  3.1081E-01  0.0000E+00 -1.0000E+00  1.6365E+00  3.1081E-01  1.3257E+00  0.0000E+00
  1.0000E+00  1.9060E+03  7.9417E+01  8.5663E-01  1.0000E+02  0.0000E+00  0.0000E+00  0.0000E+00  0.0000E+00  0.0000E+00  3.0565E-01  7.1394E+00  4.4361E+00  7.1033E-01  4.0625E+02  1.0000E+00  3.0565E-01  0.0000E+00 -1.0000E+00  8.5663E-01  3.0565E-01  5.5098E-01  0.0000E+00
  1.0000E+00  1.9070E+03  7.9458E+01 -1.7051E+00  1.0000E+02  0.0000E+00  0.0000E+00  0.0000E+00  0.0000E+00  0.0000E+00  3.0111E-01  7.0305E+00  4.3675E+00  6.9933E-01  4.0655E+02  1.0000E+00  3.0111E-01  0.0000E+00 -1.0000E+00 -1.7051E+00  3.0111E-01 -2.0062E+00  0.0000E+00
  1.0000E+00  1.9080E+03  7.9500E+01 -4.2204E-01  1.0000E+02  0.0000E+00  0.0000E+00  0.0000E+00  0.0000E+00  0.0000E+00  2.9711E-01  6.9345E+00  4.3071E+00  6.8964E-01  4.0685E+02  1.0000E+00  2.9711E-01  0.0000E+00 -1.0000E+00 -4.2204E-01  2.9711E-01 -7.1914E-01  0.0000E+00
  1.0000E+00  1.9090E+03  7.9542E+01  7.6012E-01  1.0000E+02  0.0000E+00  0.0000E+00  0.0000E+00  0.0000E+00  0.0000E+00  2.9357E-01  6.8498E+00  4.2537E+00  6.8108E-01  4.0715E+02  1.0000E+00  2.9357E-01  0.0000E+00 -1.0000E+00  7.6012E-01  2.9357E-01  4.6655E-01  0.0000E+00
  1.0000E+00  1.9100E+03  7.9583E+01 -6.8905E-01  1.0000E+02  0.0000E+00  0.0000E+00  0.0000E+00  0.0000E+00  0.0000E+00  2.9042E-01  6.7746E+00  4.2064E+00  6.7349E-01  4.0744E+02  1.0000E+00  2.9042E-01  0.0000E+00 -1.0000E+00 -6.8905E-01  2.9042E-01 -9.7947E-01  0.0000E+00
  1.0000E+00  1.9110E+03  7.9625E+01 -3.7038E-01  1.0000E+02  0.0000E+00  0.0000E+00  0.0000E+00  0.0000E+00  0.0000E+00  2.8761E-01  6.7075E+00  4.1642E+00  6.6672E-01  4.0773E+02  1.0000E+00  2.8761E-01  0.0000E+00 -1.0000E+00 -3.7038E-01  2.8761E-01 -6.5800E-01  0.0000E+00
  1.0000E+00  1.9120E+03  7.9667E+01  1.4497E+00  1.0000E+02  0.0000E+00  0.0000E+00  0.0000E+00  0.0000E+00  0.0000E+00  2.8509E-01  6.6472E+00  4.1264E+00  6.6065E-01  4.0802E+02  1.0000E+00  2.8509E-01  0.0000E+00 -1.0000E+00  1.4497E+00  2.8509E-01  1.1646E+00  0.0000E+00
  1.0000E+00  1.9130E+03  7.9708E+01 -1.0788E+00  1.0000E+02  0.0000E+00  0.0000E+00  0.0000E+00  0.0000E+00  0.0000E+00  2.8280E-01  6.5927E+00  4.0921E+00  6.5517E-01  4.0830E+02  1.0000E+00  2.8280E-01  0.0000E+00 -1.0000E+00 -1.0788E+00  2.8280E-01 -1.3616E+00  0.0000E+00
  1.0000E+00  1.9140E+03  7.9750E+01  7.9644E-01  1.0000E+02  0.0000E+00  0.0000E+00  0.0000E+00  0.0000E+00  0.0000E+00  2.8071E-01  6.5431E+00  4.0610E+00  6.5018E-01  4.0858E+02  1.0000E+00  2.8071E-01  0.0000E+00 -1.0000E+00  7.9644E-01  2.8071E-01  5.1573E-01  0.0000E+00
  1.0000E+00  1.9150E+03  7.9792E+01  2.3284E-01  1.0000E+02  0.0000E+00  0.0000E+00  0.0000E+00  0.0000E+00  0.0000E+00  2.7880E-01  6.4977E+00  4.0326E+00  6.4562E-01  4.0886E+02  1.0000E+00  2.7880E-01  0.0000E+00 -1.0000E+00  2.3284E-01  2.7880E-01 -4.5956E-02  0.0000E+00
  1.0000E+00  1.9160E+03  7.9833E+01 -5.2123E-01  1.0000E+02  0.0000E+00  0.0000E+00  0.0000E+00  0.0000E+00  0.0000E+00  2.7703E-01  6.4558E+00  4.0064E+00  6.4141E-01  4.0914E+02  1.0000E+00  2.7703E-01  0.0000E+00 -1.0000E+00 -5.2123E-01  2.7703E-01 -7.9826E-01  0.0000E+00
  1.0000E+00  1.9170E+03  7.9875E+01 -8.6503E-01  1.0000E+02  0.0000E+00  0.0000E+00  0.0000E+00  0.0000E+00  0.0000E+00  2.7539E-01  6.4170E+00  3.9821E+00  6.3752E-01  4.0942E+02  1.0000E+00  2.7539E-01  0.0000E+00 -1.0000E+00 -8.6503E-01  2.7539E-01 -1.1404E+00  0.0000E+00
  1.0000E+00  1.9180E+03  7.9917E+01 -6.9466E-01  1.0000E+02  0.0000E+00  0.0000E+00  0.0000E+00  0.0000E+00  0.0000E+00  2.7386E-01  6.3808E+00  3.9595E+00  6.3390E-01  4.0969E+02  1.0000E+00  2.7386E-01  0.0000E+00 -1.0000E+00 -6.9466E-01  2.7386E-01 -9.6852E-01  0.0000E+00
  1.0000E+00  1.9190E+03  7.9958E+01 -1.0826E-01  1.0000E+02  0.0000E+00  0.0000E+00  0.0000E+00  0.0000E+00  0.0000E+00  2.7243E-01  6.3470E+00  3.9383E+00  6.3051E-01  4.0996E+02  1.0000E+00  2.7243E-01  0.0000E+00 -1.0000E+00 -1.0826E-01  2.7243E-01 -3.8069E-01  0.0000E+00
  1.0000E+00  1.9200E+03  8.0000E+01  1.6633E-01  1.0000E+02  0.0000E+00  0.0000E+00  0.0000E+00  0.0000E+00  0.0000E+00  2.7108E-01  6.3151E+00  3.9184E+00  6.2732E-01  4.1023E+02  1.0000E+00  2.7108E-01  0.0000E+00 -1.0000E+00  1.6633E-01  2.7108E-01 -1.0474E-01  0.0000E+00
  1.0000E+00  1.9210E+03  8.0042E+01  6.5402E-01  1.0000E+02  0.0000E+00  0.0000E+00  0.0000E+00  0.0000E+00  0.0000E+00  3.2400E-01  7.3235E+00  4.4683E+00  7.1388E-01  4.1054E+02  1.0000E+00  3.2400E-01  0.0000E+00 -1.0000E+00  6.5402E-01  3.2400E-01  3.3001E-01  0.0000E+00
  1.0000E+00  1.9220E+03  8.0083E+01  2.8499E+00  1.0000E+02  0.0000E+00  0.0000E+00  0.0000E+00  0.0000E+00  0.0000E+00  3.4401E-01  7.9279E+00  4.8788E+00  7.8015E-01  4.1087E+02  1.0000E+00  3.4401E-01  0.0000E+00 -1.0000E+00  2.8499E+00  3.4401E-01  2.5059E+00  0.0000E+00
  1.0000E+00  1.9230E+03  8.0125E+01  7.3117E-01  1.0000E+02  0.0000E+00  0.0000E+00  0.0000E+00  0.0000E+00  0.0000E+00  3.4804E-01  8.0916E+00  5.0084E+00  8.0151E-01  4.1122E+02  1.0000E+00  3.4804E-01  0.0000E+00 -1.0000E+00  7.3117E-01  3.4804E-01  3.8313E-01  0.0000E+00
  1.0000E+00  1.9240E+03  8.0167E+01 -1.2738E+00  1.0000E+02  0.0000E+00  0.0000E+00  0.0000E+00  0.0000E+00  0.0000E+00  3.4476E-01  8.0463E+00  4.9941E+00  7.9953E-01  4.1157E+02  1.0000E+00  3.4476E-01  0.0000E+00 -1.0000E+00 -1.2738E+00  3.4476E-01 -1.6186E+00  0.0000E+00
  1.0000E+00  1.9250E+03  8.0208E+01  8.7673E-01  1.0000E+02  0.0000E+00  0.0000E+00  0.0000E+00  0.0000E+00  0.0000E+00  3.3848E-01  7.9124E+00  4.9168E+00  7.8730E-01  4.1191E+02  1.0000E+00  3.3848E-01  0.0000E+00 -1.0000E+00  8.7673E-01  3.3848E-01  5.3825E-01  0.0000E+00
  1.0000E+00  1.9260E+03  8.0250E+01 -1.6012E-01  1.0000E+02  0.0000E+00  0.0000E+00  0.0000E+00  0.0000E+00  0.0000E+00  3.3135E-01  7.7491E+00  4.8173E+00  7.7142E-01  4.1224E+02  1.0000E+00  3.3135E-01  0.0000E+00 -1.0000E+00 -1.6012E-01  3.3135E-01 -4.9147E-01  0.0000E+00
  1.0000E+00  1.9270E+03  8.0292E+01 -8.7618E-01  1.0000E+02  0.0000E+00  0.0000E+00  0.0000E+00  0.0000E+00  0.0000E+00  3.2433E-01  7.5843E+00  4.7151E+00  7.5505E-01  4.1257E+02  1.0000E+00  3.2433E-01  0.0000E+00 -1.0000E+00 -8.7618E-01  3.2433E-01 -1.2005E+00  0.0000E+00
  1.0000E+00  1.9280E+03  8.0333E+01 -1.1137E+00  1.0000E+02  0.0000E+00  0.0000E+00  0.0000E+00  0.0000E+00  0.0000E+00  3.1784E-01  7.4301E+00  4.6186E+00  7.3960E-01  4.1289E+02  1.0000E+00  3.1784E-01  0.0000E+00 -1.0000E+00 -1.1137E+00  3.1784E-01 -1.4315E+00  0.0000E+00
  1.0000E+00  1.9290E+03  8.0375E+01  1.4395E+00  1.0000E+02  0.0000E+00  0.0000E+00  0.0000E+00  0.0000E+00  0.0000E+00  3.1202E-01  7.2910E+00  4.5313E+00  7.2559E-01  4.1321E+02  1.0000E+00  3.1202E-01  0.0000E+00 -1.0000E+00  1.4395E+00  3.1202E-01  1.1275E+00  0.0000E+00
  1.0000E+00  1.9300E+03  8.0417E+01 -1.1003E+00  1.0000E+02  0.0000E+00  0.0000E+00  0.0000E+00  0.0000E+00  0.0000E+00  3.0686E-01  7.1675E+00  4.4535E+00  7.1312E-01  4.1352E+02  1.0000E+00  3.0686E-01  0.0000E+00 -1.0000E+00 -1.1003E+00  3.0686E-01 -1.4072E+00  0.0000E+00
  1.0000E+00  1.9310E+03  8.0458E+01  8.5351E-01  1.0000E+02  0.0000E+00  0.0000E+00  0.0000E+00  0.0000E+00  0.0000E+00  3.0232E-01  7.0586E+00  4.3849E+00  7.0212E-01  4.1382E+02  1.0000E+00  3.0232E-01  0.0000E+00 -1.0000E+00  8.5351E-01  3.0232E-01  5.5119E-01  0.0000E+00
  1.0000E+00  1.9320E+03  8.0500E+01  1.1112E+00  1.0000E+02  0.0000E+00  0.0000E+00  0.0000E+00  0.0000E+00  0.0000E+00  2.9831E-01  6.9626E+00  4.3245E+00  6.9242E-01  4.1412E+02  1.0000E+00  2.9831E-01  0.0000E+00 -1.0000E+00  1.1112E+00  2.9831E-01  8.1288E-01  0.0000E+00
  1.0000E+00  1.9330E+03  8.0542E+01  2.3156E-02  1.0000E+02  0.0000E+00  0.0000E+00  0.0000E+00  0.0000E+00  0.0000E+00  2.9477E-01  6.8778E+00  4.2711E+00  6.8386E-01  4.1442E+02  1.0000E+00  2.9477E-01  0.0000E+00 -1.0000E+00  2.3156E-02  2.9477E-01 -2.7162E-01  0.0000E+00
  1.0000E+00  1.9340E+03  8.0583E+01 -1.7424E-01  1.0000E+02  0.0000E+00  0.0000E+00  0.0000E+00  0.0000E+00  0.0000E+00  2.9163E-01  6.8026E+00  4.2238E+00  6.7627E-01  4.1471E+02  1.0000E+00  2.9163E-01  0.0000E+00 -1.0000E+00 -1.7424E-01  2.9163E-01 -4.6586E-01  0.0000E+00
  1.0000E+00  1.9350E+03  8.0625E+01  7.5316E-02  1.0000E+02  0.0000E+00  0.0000E+00  0.0000E+00  0.0000E+00  0.0000E+00  2.8882E-01  6.7355E+00  4.1816E+00  6.6950E-01  4.1500E+02  1.0000E+00  2.8882E-01  0.0000E+00 -1.0000E+00  7.5316E-02  2.8882E-01 -2.1350E-01  0.0000E+00
  1.0000E+00  1.9360E+03  8.0667E+01 -9.3138E-01  1.0000E+02  0.0000E+00  0.0000E+00  0.0000E+00  0.0000E+00  0.0000E+00  2.8629E-01  6.6752E+00  4.1437E+00  6.6343E-01  4.1529E+02  1.0000E+00  2.8629E-01  0.0000E+00 -1.0000E+00 -9.3138E-01  2.8629E-01 -1.2177E+00  0.0000E+00
  1.0000E+00  1.9370E+03  8.0708E+01 -3.2576E-01  1.0000E+02  0.0000E+00  0.0000E+00  0.0000E+00  0.0000E+00  0.0000E+00  2.8400E-01  6.6207E+00  4.1095E+00  6.5794E-01  4.1557E+02  1.0000E+00  2.8400E-01  0.0000E+00 -1.0000E+00 -3.2576E-01  2.8400E-01 -6.0976E-01  0.0000E+00
  1.0000E+00  1.9380E+03  8.0750E+01  6.0506E-01  1.0000E+02  0.0000E+00  0.0000E+00  0.0000E+00  0.0000E+00  0.0000E+00  2.8191E-01  6.5710E+00  4.0784E+00  6.5295E-01  4.1586E+02  1.0000E+00  2.8191E-01  0.0000E+00 -1.0000E+00  6.0506E-01  2.8191E-01  3.2315E-01  0.0000E+00
  1.0000E+00  1.9390E+03  8.0792E+01  9.1738E-01  1.0000E+02  0.0000E+00  0.0000E+00  0.0000E+00  0.0000E+00  0.0000E+00  2.8000E-01  6.5256E+00  4.0499E+00  6.4839E-01  4.1614E+02  1.0000E+00  2.8000E-01  0.0000E+00 -1.0000E+00  9.1738E-01  2.8000E-01  6.3738E-01  0.0000E+00
  1.0000E+00  1.9400E+03  8.0833E+01  3.7736E-01  1.0000E+02  0.0000E+00  0.0000E+00  0.0000E+00  0.0000E+00  0.0000E+00  2.7823E-01  6.4837E+00  4.0237E+00  6.4418E-01  4.1642E+02  1.0000E+00  2.7823E-01  0.0000E+00 -1.0000E+00  3.7736E-01  2.7823E-01  9.9129E-02  0.0000E+00
  1.0000E+00  1.9410E+03  8.0875E+01  2.6648E+00  1.0000E+02  0.0000E+00  0.0000E+00  0.0000E+00  0.0000E+00  0.0000E+00  2.7659E-01  6.4449E+00  3.9994E+00  6.4029E-01  4.1669E+02  1.0000E+00  2.7659E-01  0.0000E+00 -1.0000E+00  2.6648E+00  2.7659E-01  2.3882E+00  0.0000E+00
  1.0000E+00  1.9420E+03  8.0917E+01  1.1511E+00  1.0000E+02  0.0000E+00  0.0000E+00  0.0000E+00  0.0000E+00  0.0000E+00  2.7506E-01  6.4087E+00  3.9767E+00  6.3666E-01  4.1697E+02  1.0000E+00  2.7506E-01  0.0000E+00 -1.0000E+00  1.1511E+00  2.7506E-01  8.7607E-01  0.0000E+00
  1.0000E+00  1.9430E+03  8.0958E+01  1.5015E+00  1.0000E+02  0.0000E+00  0.0000E+00  0.0000E+00  0.0000E+00  0.0000E+00  2.7362E-01  6.3748E+00  3.9555E+00  6.3327E-01  4.1724E+02  1.0000E+00  2.7362E-01  0.0000E+00 -1.0000E+00  1.5015E+00  2.7362E-01  1.2279E+00  0.0000E+00
  1.0000E+00  1.9440E+03  8.1000E+01  1.3005E+00  1.0000E+02  0.0000E+00  0.0000E+00  0.0000E+00  0.0000E+00  0.0000E+00  2.7227E-01  6.3429E+00  3.9356E+00  6.3008E-01  4.1752E+02  1.0000E+00  2.7227E-01  0.0000E+00 -1.0000E+00  1.3005E+00  2.7227E-01  1.0283E+00  0.0000E+00
  1.0000E+00  1.9450E+03  8.1042E+01  1.3115E-01  1.0000E+02  0.0000E+00  0.0000E+00  0.0000E+00  0.0000E+00  0.0000E+00  3.2520E-01  7.3513E+00  4.4855E+00  7.1664E-01  4.1782E+02  1.0000E+00  3.2520E-01  0.0000E+00 -1.0000E+00  1.3115E-01  3.2520E-01 -1.9404E-01  0.0000E+00
  1.0000E+00  1.9460E+03  8.1083E+01  5.1702E-01  1.0000E+02  0.0000E+00  0.0000E+00  0.0000E+00  0.0000E+00  0.0000E+00  3.4520E-01  7.9557E+00  4.8960E+00  7.8290E-01  4.1816E+02  1.0000E+00  3.4520E-01  0.0000E+00 -1.0000E+00  5.1702E-01  3.4520E-01  1.7182E-01  0.0000E+00
  1.0000E+00  1.9470E+03  8.1125E+01 -7.5078E-02  1.0000E+02  0.0000E+00  0.0000E+00  0.0000E+00  0.0000E+00  0.0000E+00  3.4923E-01  8.1193E+00  5.0256E+00  8.0426E-01  4.1850E+02  1.0000E+00  3.4923E-01  0.0000E+00 -1.0000E+00 -7.5078E-02  3.4923E-01 -4.2431E-01  0.0000E+00
  1.0000E+00  1.9480E+03  8.1167E+01 -4.5974E-02  1.0000E+02  0.0000E+00  0.0000E+00  0.0000E+00  0.0000E+00  0.0000E+00  3.4594E-01  8.0740E+00  5.0113E+00  8.0228E-01  4.1885E+02  1.0000E+00  3.4594E-01  0.0000E+00 -1.0000E+00 -4.5974E-02  3.4594E-01 -3.9192E-01  0.0000E+00
  1.0000E+00  1.9490E+03  8.1208E+01 -8.3145E-01  1.0000E+02  0.0000E+00  0.0000E+00  0.0000E+00  0.0000E+00  0.0000E+00  3.3967E-01  7.9401E+00  4.9340E+00  7.9004E-01  4.1920E+02  1.0000E+00  3.3967E-01  0.0000E+00 -1.0000E+00 -8.3145E-01  3.3967E-01 -1.1711E+00  0.0000E+00
  1.0000E+00  1.9500E+03  8.1250E+01  6.6644E-01  1.0000E+02  0.0000E+00  0.0000E+00  0.0000E+00  0.0000E+00  0.0000E+00  3.3253E-01  7.7767E+00  4.8345E+00  7.7416E-01  4.1953E+02  1.0000E+00  3.3253E-01  0.0000E+00 -1.0000E+00  6.6644E-01  3.3253E-01  3.3391E-01  0.0000E+00
  1.0000E+00  1.9510E+03  8.1292E+01 -2.8390E-01  1.0000E+02  0.0000E+00  0.0000E+00  0.0000E+00  0.0000E+00  0.0000E+00  3.2551E-01  7.6119E+00  4.7322E+00  7.5779E-01  4.1986E+02  1.0000E+00  3.2551E-01  0.0000E+00 -1.0000E+00 -2.8390E-01  3.2551E-01 -6.0941E-01  0.0000E+00
  1.0000E+00  1.9520E+03  8.1333E+01 -1.3644E+00  1.0000E+02  0.0000E+00  0.0000E+00  0.0000E+00  0.0000E+00  0.0000E+00  3.1903E-01  7.4577E+00  4.6358E+00  7.4234E-01  4.2018E+02  1.0000E+00  3.1903E-01  0.0000E+00 -1.0000E+00 -1.3644E+00  3.1903E-01 -1.6834E+00  0.0000E+00
  1.0000E+00  1.9530E+03  8.1375E+01  1.1656E+00  1.0000E+02  0.0000E+00  0.0000E+00  0.0000E+00  0.0000E+00  0.0000E+00  3.1320E-01  7.3186E+00  4.5484E+00  7.2833E-01  4.2050E+02  1.0000E+00  3.1320E-01  0.0000E+00 -1.0000E+00  1.1656E+00  3.1320E-01  8.5237E-01  0.0000E+00
  1.0000E+00  1.9540E+03  8.1417E+01 -2.2192E-01  1.0000E+02  0.0000E+00  0.0000E+00  0.0000E+00  0.0000E+00  0.0000E+00  3.0804E-01  7.1950E+00  4.4706E+00  7.1586E-01  4.2081E+02  1.0000E+00  3.0804E-01  0.0000E+00 -1.0000E+00 -2.2192E-01  3.0804E-01 -5.2996E-01  0.0000E+00
  1.0000E+00  1.9550E+03  8.1458E+01 -5.2056E-01  1.0000E+02  0.0000E+00  0.0000E+00  0.0000E+00  0.0000E+00  0.0000E+00  3.0350E-01  7.0861E+00  4.4020E+00  7.0485E-01  4.2111E+02  1.0000E+00  3.0350E-01  0.0000E+00 -1.0000E+00 -5.2056E-01  3.0350E-01 -8.2406E-01  0.0000E+00
  1.0000E+00  1.9560E+03  8.1500E+01  1.5255E-01  1.0000E+02  0.0000E+00  0.0000E+00  0.0000E+00  0.0000E+00  0.0000E+00  2.9949E-01  6.9901E+00  4.3415E+00  6.9515E-01  4.2142E+02  1.0000E+00  2.9949E-01  0.0000E+00 -1.0000E+00  1.5255E-01  2.9949E-01 -1.4695E-01  0.0000E+00
  1.0000E+00  1.9570E+03  8.1542E+01  1.4268E+00  1.0000E+02  0.0000E+00  0.0000E+00  0.0000E+00  0.0000E+00  0.0000E+00  2.9595E-01  6.9053E+00  4.2882E+00  6.8659E-01  4.2171E+02  1.0000E+00  2.9595E-01  0.0000E+00 -1.0000E+00  1.4268E+00  2.9595E-01  1.1308E+00  0.0000E+00
  1.0000E+00  1.9580E+03  8.1583E+01  1.6289E+00  1.0000E+02  0.0000E+00  0.0000E+00  0.0000E+00  0.0000E+00  0.0000E+00  2.9281E-01  6.8301E+00  4.2408E+00  6.7900E-01  4.2201E+02  1.0000E+00  2.9281E-01  0.0000E+00 -1.0000E+00  1.6289E+00  2.9281E-01  1.3361E+00  0.0000E+00
  1.0000E+00  1.9590E+03  8.1625E+01  1.8967E-01  1.0000E+02  0.0000E+00  0.0000E+00  0.0000E+00  0.0000E+00  0.0000E+00  2.9000E-01  6.7629E+00  4.1986E+00  6.7223E-01  4.2230E+02  1.0000E+00  2.9000E-01  0.0000E+00 -1.0000E+00  1.8967E-01  2.9000E-01 -1.0032E-01  0.0000E+00
  1.0000E+00  1.9600E+03  8.1667E+01  9.9887E-01  1.0000E+02  0.0000E+00  0.0000E+00  0.0000E+00  0.0000E+00  0.0000E+00  2.8747E-01  6.7026E+00  4.1607E+00  6.6615E-01  4.2259E+02  1.0000E+00  2.8747E-01  0.0000E+00 -1.0000E+00  9.9887E-01  2.8747E-01  7.1140E-01  0.0000E+00
  1.0000E+00  1.9610E+03  8.1708E+01  1.8536E+00  1.0000E+02  0.0000E+00  0.0000E+00  0.0000E+00  0.0000E+00  0.0000E+00  2.8517E-01  6.6480E+00  4.1265E+00  6.6066E-01  4.2287E+02  1.0000E+00  2.8517E-01  0.0000E+00 -1.0000E+00  1.8536E+00  2.8517E-01  1.5685E+00  0.0000E+00
  1.0000E+00  1.9620E+03  8.1750E+01 -1.9524E-01  1.0000E+02  0.0000E+00  0.0000E+00  0.0000E+00  0.0000E+00  0.0000E+00  2.8309E-01  6.5984E+00  4.0953E+00  6.5567E-01  4.2316E+02  1.0000E+00  2.8309E-01  0.0000E+00 -1.0000E+00 -1.9524E-01  2.8309E-01 -4.7833E-01  0.0000E+00
  1.0000E+00  1.9630E+03  8.1792E+01  8.4182E-01  1.0000E+02  0.0000E+00  0.0000E+00  0.0000E+00  0.0000E+00  0.0000E+00  2.8117E-01  6.5529E+00  4.0668E+00  6.5110E-01  4.2344E+02  1.0000E+00  2.8117E-01  0.0000E+00 -1.0000E+00  8.4182E-01  2.8117E-01  5.6065E-01  0.0000E+00
  1.0000E+00  1.9640E+03  8.1833E+01  1.2441E+00  1.0000E+02  0.0000E+00  0.0000E+00  0.0000E+00  0.0000E+00  0.0000E+00  2.7940E-01  6.5110E+00  4.0406E+00  6.4690E-01  4.2372E+02  1.0000E+00  2.7940E-01  0.0000E+00 -1.0000E+00  1.2441E+00  2.7940E-01  9.6467E-01  0.0000E+00
  1.0000E+00  1.9650E+03  8.1875E+01  1.9134E+00  1.0000E+02  0.0000E+00  0.0000E+00  0.0000E+00  0.0000E+00  0.0000E+00  2.7776E-01  6.4722E+00  4.0163E+00  6.4300E-01  4.2400E+02  1.0000E+00  2.7776E-01  0.0000E+00 -1.0000E+00  1.9134E+00  2.7776E-01  1.6356E+00  0.0000E+00
  1.0000E+00  1.9660E+03  8.1917E+01  2.2342E-01  1.0000E+02  0.0000E+00  0.0000E+00  0.0000E+00  0.0000E+00  0.0000E+00  2.7623E-01  6.4360E+00  3.9936E+00  6.3937E-01  4.2428E+02  1.0000E+00  2.7623E-01  0.0000E+00 -1.0000E+00  2.2342E-01  2.7623E-01 -5.2814E-02  0.0000E+00
  1.0000E+00  1.9670E+03  8.1958E+01 -1.7675E+00  1.0000E+02  0.0000E+00  0.0000E+00  0.0000E+00  0.0000E+00  0.0000E+00  2.7479E-01  6.4020E+00  3.9724E+00  6.3597E-01  4.2455E+02  1.0000E+00  2.7479E-01  0.0000E+00 -1.0000E+00 -1.7675E+00  2.7479E-01 -2.0423E+00  0.0000E+00
  1.0000E+00  1.9680E+03  8.2000E+01  1.0357E+00  1.0000E+02  0.0000E+00  0.0000E+00  0.0000E+00  0.0000E+00  0.0000E+00  2.7344E-01  6.3701E+00  3.9525E+00  6.3278E-01  4.2483E+02  1.0000E+00  2.7344E-01  0.0000E+00 -1.0000E+00  1.0357E+00  2.7344E-01  7.6228E-01  0.0000E+00
  1.0000E+00  1.9690E+03  8.2042E+01 -4.2656E-03  1.0000E+02  0.0000E+00  0.0000E+00  0.0000E+00  0.0000E+00  0.0000E+00  3.2637E-01  7.3785E+00  4.5024E+00  7.1934E-01  4.2513E+02  1.0000E+00  3.2637E-01  0.0000E+00 -1.0000E+00 -4.2656E-03  3.2637E-01 -3.3063E-01  0.0000E+00
  1.0000E+00  1.9700E+03  8.2083E+01 -1.5400E-01  1.0000E+02  0.0000E+00  0.0000E+00  0.0000E+00  0.0000E+00  0.0000E+00  3.4637E-01  7.9829E+00  4.9129E+00  7.8560E-01  4.2547E+02  1.0000E+00  3.4637E-01  0.0000E+00 -1.0000E+00 -1.5400E-01  3.4637E-01 -5.0037E-01  0.0000E+00
  1.0000E+00  1.9710E+03  8.2125E+01  7.0368E-01  1.0000E+02  0.0000E+00  0.0000E+00  0.0000E+00  0.0000E+00  0.0000E+00  3.5040E-01  8.1465E+00  5.0425E+00  8.0696E-01  4.2582E+02  1.0000E+00  3.5040E-01  0.0000E+00 -1.0000E+00  7.0368E-01  3.5040E-01  3.5328E-01  0.0000E+00
  1.0000E+00  1.9720E+03  8.2167E+01 -9.1920E-01  1.0000E+02  0.0000E+00  0.0000E+00  0.0000E+00  0.0000E+00  0.0000E+00  3.4711E-01  8.1012E+00  5.0281E+00  8.0497E-01  4.2617E+02  1.0000E+00  3.4711E-01  0.0000E+00 -1.0000E+00 -9.1920E-01  3.4711E-01 -1.2663E+00  0.0000E+00
  1.0000E+00  1.9730E+03  8.2208E+01  3.1918E-01  1.0000E+02  0.0000E+00  0.0000E+00  0.0000E+00  0.0000E+00  0.0000E+00  3.4084E-01  7.9672E+00  4.9508E+00  7.9274E-01  4.2651E+02  1.0000E+00  3.4084E-01  0.0000E+00 -1.0000E+00  3.1918E-01  3.4084E-01 -2.1661E-02  0.0000E+00
  1.0000E+00  1.9740E+03  8.2250E+01  1.0838E+00  1.0000E+02  0.0000E+00  0.0000E+00  0.0000E+00  0.0000E+00  0.0000E+00  3.3370E-01  7.8038E+00  4.8513E+00  7.7685E-01  4.2685E+02  1.0000E+00  3.3370E-01  0.0000E+00 -1.0000E+00  1.0838E+00  3.3370E-01  7.5006E-01  0.0000E+00
  1.0000E+00  1.9750E+03  8.2292E+01  9.5376E-01  1.0000E+02  0.0000E+00  0.0000E+00  0.0000E+00  0.0000E+00  0.0000E+00  3.2668E-01  7.6390E+00  4.7490E+00  7.6048E-01  4.2718E+02  1.0000E+00  3.2668E-01  0.0000E+00 -1.0000E+00  9.5376E-01  3.2668E-01  6.2709E-01  0.0000E+00
  1.0000E+00  1.9760E+03  8.2333E+01 -3.3836E-02  1.0000E+02  0.0000E+00  0.0000E+00  0.0000E+00  0.0000E+00  0.0000E+00  3.2019E-01  7.4848E+00  4.6525E+00  7.4503E-01  4.2750E+02  1.0000E+00  3.2019E-01  0.0000E+00 -1.0000E+00 -3.3836E-02  3.2019E-01 -3.5402E-01  0.0000E+00
  1.0000E+00  1.9770E+03  8.2375E+01  1.4152E+00  1.0000E+02  0.0000E+00  0.0000E+00  0.0000E+00  0.0000E+00  0.0000E+00  3.1436E-01  7.3456E+00  4.5651E+00  7.3101E-01  4.2782E+02  1.0000E+00  3.1436E-01  0.0000E+00 -1.0000E+00  1.4152E+00  3.1436E-01  1.1009E+00  0.0000E+00
  1.0000E+00  1.9780E+03  8.2417E+01 -1.9395E-02  1.0000E+02  0.0000E+00  0.0000E+00  0.0000E+00  0.0000E+00  0.0000E+00  3.0920E-01  7.2220E+00  4.4874E+00  7.1854E-01  4.2813E+02  1.0000E+00  3.0920E-01  0.0000E+00 -1.0000E+00 -1.9395E-02  3.0920E-01 -3.2860E-01  0.0000E+00
  1.0000E+00  1.9790E+03  8.2458E+01 -5.6138E-01  1.0000E+02  0.0000E+00  0.0000E+00  0.0000E+00  0.0000E+00  0.0000E+00  3.0466E-01  7.1131E+00  4.4187E+00  7.0753E-01  4.2844E+02  1.0000E+00  3.0466E-01  0.0000E+00 -1.0000E+00 -5.6138E-01  3.0466E-01 -8.6604E-01  0.0000E+00
  1.0000E+00  1.9800E+03  8.2500E+01  1.0572E-01  1.0000E+02  0.0000E+00  0.0000E+00  0.0000E+00  0.0000E+00  0.0000E+00  3.0065E-01  7.0170E+00  4.3583E+00  6.9783E-01  4.2874E+02  1.0000E+00  3.0065E-01  0.0000E+00 -1.0000E+00  1.0572E-01  3.0065E-01 -1.9493E-01  0.0000E+00
  1.0000E+00  1.9810E+03  8.2542E+01  1.6878E+00  1.0000E+02  0.0000E+00  0.0000E+00  0.0000E+00  0.0000E+00  0.0000E+00  2.9711E-01  6.9322E+00  4.3049E+00  6.8926E-01  4.2904E+02  1.0000E+00  2.9711E-01  0.0000E+00 -1.0000E+00  1.6878E+00  2.9711E-01  1.3907E+00  0.0000E+00
  1.0000E+00  1.9820E+03  8.2583E+01  2.4065E+00  1.0000E+02  0.0000E+00  0.0000E+00  0.0000E+00  0.0000E+00  0.0000E+00  2.9396E-01  6.8570E+00  4.2575E+00  6.8167E-01  4.2933E+02  1.0000E+00  2.9396E-01  0.0000E+00 -1.0000E+00  2.4065E+00  2.9396E-01  2.1126E+00  0.0000E+00
  1.0000E+00  1.9830E+03  8.2625E+01  4.9252E-01  1.0000E+02  0.0000E+00  0.0000E+00  0.0000E+00  0.0000E+00  0.0000E+00  2.9115E-01  6.7898E+00  4.2153E+00  6.7490E-01  4.2963E+02  1.0000E+00  2.9115E-01  0.0000E+00 -1.0000E+00  4.9252E-01  2.9115E-01  2.0137E-01  0.0000E+00
  1.0000E+00  1.9840E+03  8.2667E+01  1.8099E+00  1.0000E+02  0.0000E+00  0.0000E+00  0.0000E+00  0.0000E+00  0.0000E+00  2.8862E-01  6.7294E+00  4.1774E+00  6.6882E-01  4.2992E+02  1.0000E+00  2.8862E-01  0.0000E+00 -1.0000E+00  1.8099E+00  2.8862E-01  1.5212E+00  0.0000E+00
  1.0000E+00  1.9850E+03  8.2708E+01  2.9180E+00  1.0000E+02  0.0000E+00  0.0000E+00  0.0000E+00  0.0000E+00  0.0000E+00  2.8633E-01  6.6749E+00  4.1431E+00  6.6333E-01  4.3020E+02  1.0000E+00  2.8633E-01  0.0000E+00 -1.0000E+00  2.9180E+00  2.8633E-01  2.6317E+00  0.0000E+00
  1.0000E+00  1.9860E+03  8.2750E+01  5.2856E-01  1.0000E+02  0.0000E+00  0.0000E+00  0.0000E+00  0.0000E+00  0.0000E+00  2.8424E-01  6.6252E+00  4.1120E+00  6.5833E-01  4.3049E+02  1.0000E+00  2.8424E-01  0.0000E+00 -1.0000E+00  5.2856E-01  2.8424E-01  2.4432E-01  0.0000E+00
  1.0000E+00  1.9870E+03  8.2792E+01  2.2004E+00  1.0000E+02  0.0000E+00  0.0000E+00  0.0000E+00  0.0000E+00  0.0000E+00  2.8232E-01  6.5797E+00  4.0835E+00  6.5376E-01  4.3077E+02  1.0000E+00  2.8232E-01  0.0000E+00 -1.0000E+00  2.2004E+00  2.8232E-01  1.9181E+00  0.0000E+00
  1.0000E+00  1.9880E+03  8.2833E+01  9.4100E-01  1.0000E+02  0.0000E+00  0.0000E+00  0.0000E+00  0.0000E+00  0.0000E+00  2.8055E-01  6.5378E+00  4.0572E+00  6.4955E-01  4.3105E+02  1.0000E+00  2.8055E-01  0.0000E+00 -1.0000E+00  9.4100E-01  2.8055E-01  6.6045E-01  0.0000E+00
  1.0000E+00  1.9890E+03  8.2875E+01  7.7142E-01  1.0000E+02  0.0000E+00  0.0000E+00  0.0000E+00  0.0000E+00  0.0000E+00  2.7891E-01  6.4989E+00  4.0329E+00  6.4565E-01  4.3133E+02  1.0000E+00  2.7891E-01  0.0000E+00 -1.0000E+00  7.7142E-01  2.7891E-01  4.9251E-01  0.0000E+00
  1.0000E+00  1.9900E+03  8.2917E+01 -3.7708E-01  1.0000E+02  0.0000E+00  0.0000E+00  0.0000E+00  0.0000E+00  0.0000E+00  2.7738E-01  6.4627E+00  4.0102E+00  6.4202E-01  4.3161E+02  1.0000E+00  2.7738E-01  0.0000E+00 -1.0000E+00 -3.7708E-01  2.7738E-01 -6.5445E-01  0.0000E+00
  1.0000E+00  1.9910E+03  8.2958E+01  3.6833E-01  1.0000E+02  0.0000E+00  0.0000E+00  0.0000E+00  0.0000E+00  0.0000E+00  2.7594E-01  6.4288E+00  3.9890E+00  6.3862E-01  4.3189E+02  1.0000E+00  2.7594E-01  0.0000E+00 -1.0000E+00  3.6833E-01  2.7594E-01  9.2390E-02  0.0000E+00
  1.0000E+00  1.9920E+03  8.3000E+01 -3.6182E-01  1.0000E+02  0.0000E+00  0.0000E+00  0.0000E+00  0.0000E+00  0.0000E+00  2.7459E-01  6.3968E+00  3.9691E+00  6.3543E-01  4.3216E+02  1.0000E+00  2.7459E-01  0.0000E+00 -1.0000E+00 -3.6182E-01  2.7459E-01 -6.3641E-01  0.0000E+00
  1.0000E+00  1.9930E+03  8.3042E+01 -1.9922E-01  1.0000E+02  0.0000E+00  0.0000E+00  0.0000E+00  0.0000E+00  0.0000E+00  3.2751E-01  7.4052E+00  4.5189E+00  7.2199E-01  4.3247E+02  1.0000E+00  3.2751E-01  0.0000E+00 -1.0000E+00 -1.9922E-01  3.2751E-01 -5.2673E-01  0.0000E+00
  1.0000E+00  1.9940E+03  8.3083E+01  2.3504E-01  1.0000E+02  0.0000E+00  0.0000E+00  0.0000E+00  0.0000E+00  0.0000E+00  3.4751E-01  8.0095E+00  4.9294E+00  7.8824E-01  4.3281E+02  1.0000E+00  3.4751E-01  0.0000E+00 -1.0000E+00  2.3504E-01  3.4751E-01 -1.1247E-01  0.0000E+00
  1.0000E+00  1.9950E+03  8.3125E+01  1.4331E+00  1.0000E+02  0.0000E+00  0.0000E+00  0.0000E+00  0.0000E+00  0.0000E+00  3.5154E-01  8.1731E+00  5.0590E+00  8.0960E-01  4.3316E+02  1.0000E+00  3.5154E-01  0.0000E+00 -1.0000E+00  1.4331E+00  3.5154E-01  1.0815E+00  0.0000E+00
  1.0000E+00  1.9960E+03  8.3167E+01  4.7726E-01  1.0000E+02  0.0000E+00  0.0000E+00  0.0000E+00  0.0000E+00  0.0000E+00  3.4825E-01  8.1278E+00  5.0446E+00  8.0761E-01  4.3351E+02  1.0000E+00  3.4825E-01  0.0000E+00 -1.0000E+00  4.7726E-01  3.4825E-01  1.2901E-01  0.0000E+00
  1.0000E+00  1.9970E+03  8.3208E+01  1.4737E-01  1.0000E+02  0.0000E+00  0.0000E+00  0.0000E+00  0.0000E+00  0.0000E+00  3.4198E-01  7.9938E+00  4.9673E+00  7.9537E-01  4.3385E+02  1.0000E+00  3.4198E-01  0.0000E+00 -1.0000E+00  1.4737E-01  3.4198E-01 -1.9461E-01  0.0000E+00
  1.0000E+00  1.9980E+03  8.3250E+01  2.2114E+00  1.0000E+02  0.0000E+00  0.0000E+00  0.0000E+00  0.0000E+00  0.0000E+00  3.3484E-01  7.8304E+00  4.8677E+00  7.7949E-01  4.3419E+02  1.0000E+00  3.3484E-01  0.0000E+00 -1.0000E+00  2.2114E+00  3.3484E-01  1.8766E+00  0.0000E+00
  1.0000E+00  1.9990E+03  8.3292E+01 -2.8677E-02  1.0000E+02  0.0000E+00  0.0000E+00  0.0000E+00  0.0000E+00  0.0000E+00  3.2782E-01  7.6655E+00  4.7654E+00  7.6312E-01  4.3452E+02  1.0000E+00  3.2782E-01  0.0000E+00 -1.0000E+00 -2.8677E-02  3.2782E-01 -3.5649E-01  0.0000E+00
  1.0000E+00  2.0000E+03  8.3333E+01  1.2853E+00  1.0000E+02  0.0000E+00  0.0000E+00  0.0000E+00  0.0000E+00  0.0000E+00  3.2133E-01  7.5113E+00  4.6690E+00  7.4766E-01  4.3485E+02  1.0000E+00  3.2133E-01  0.0000E+00 -1.0000E+00  1.2853E+00  3.2133E-01  9.6396E-01  0.0000E+00
  1.0000E+00  2.0010E+03  8.3375E+01 -8.8627E-01  1.0000E+02  0.0000E+00  0.0000E+00  0.0000E+00  0.0000E+00  0.0000E+00  3.1550E-01  7.3721E+00  4.5815E+00  7.3364E-01  4.3517E+02  1.0000E+00  3.1550E-01  0.0000E+00 -1.0000E+00 -8.8627E-01  3.1550E-01 -1.2018E+00  0.0000E+00
  1.0000E+00  2.0020E+03  8.3417E+01  2.2792E-01  1.0000E+02  0.0000E+00  0.0000E+00  0.0000E+00  0.0000E+00  0.0000E+00  3.1034E-01  7.2485E+00  4.5038E+00  7.2117E-01  4.3548E+02  1.0000E+00  3.1034E-01  0.0000E+00 -1.0000E+00  2.2792E-01  3.1034E-01 -8.2425E-02  0.0000E+00
  1.0000E+00  2.0030E+03  8.3458E+01 -1.5464E+00  1.0000E+02  0.0000E+00  0.0000E+00  0.0000E+00  0.0000E+00  0.0000E+00  3.0579E-01  7.1395E+00  4.4351E+00  7.1016E-01  4.3579E+02  1.0000E+00  3.0579E-01  0.0000E+00 -1.0000E+00 -1.5464E+00  3.0579E-01 -1.8522E+00  0.0000E+00
  1.0000E+00  2.0040E+03  8.3500E+01 -1.0270E+00  1.0000E+02  0.0000E+00  0.0000E+00  0.0000E+00  0.0000E+00  0.0000E+00  3.0179E-01  7.0435E+00  4.3746E+00  7.0045E-01  4.3609E+02  1.0000E+00  3.0179E-01  0.0000E+00 -1.0000E+00 -1.0270E+00  3.0179E-01 -1.3287E+00  0.0000E+00
  1.0000E+00  2.0050E+03  8.3542E+01  5.9629E-01  1.0000E+02  0.0000E+00  0.0000E+00  0.0000E+00  0.0000E+00  0.0000E+00  2.9824E-01  6.9586E+00  4.3212E+00  6.9189E-01  4.3639E+02  1.0000E+00  2.9824E-01  0.0000E+00 -1.0000E+00  5.9629E-01  2.9824E-01  2.9805E-01  0.0000E+00
  1.0000E+00  2.0060E+03  8.3583E+01 -5.5668E-01  1.0000E+02  0.0000E+00  0.0000E+00  0.0000E+00  0.0000E+00  0.0000E+00  2.9510E-01  6.8833E+00  4.2739E+00  6.8429E-01  4.3669E+02  1.0000E+00  2.9510E-01  0.0000E+00 -1.0000E+00 -5.5668E-01  2.9510E-01 -8.5178E-01  0.0000E+00
  1.0000E+00  2.0070E+03  8.3625E+01 -1.0003E+00  1.0000E+02  0.0000E+00  0.0000E+00  0.0000E+00  0.0000E+00  0.0000E+00  2.9228E-01  6.8161E+00  4.2316E+00  6.7751E-01  4.3698E+02  1.0000E+00  2.9228E-01  0.0000E+00 -1.0000E+00 -1.0003E+00  2.9228E-01 -1.2926E+00  0.0000E+00
  1.0000E+00  2.0080E+03  8.3667E+01 -1.2492E+00  1.0000E+02  0.0000E+00  0.0000E+00  0.0000E+00  0.0000E+00  0.0000E+00  2.8975E-01  6.7558E+00  4.1937E+00  6.7143E-01  4.3727E+02  1.0000E+00  2.8975E-01  0.0000E+00 -1.0000E+00 -1.2492E+00  2.8975E-01 -1.5389E+00  0.0000E+00
  1.0000E+00  2.0090E+03  8.3708E+01 -1.7920E-01  1.0000E+02  0.0000E+00  0.0000E+00  0.0000E+00  0.0000E+00  0.0000E+00  2.8746E-01  6.7012E+00  4.1594E+00  6.6594E-01  4.3756E+02  1.0000E+00  2.8746E-01  0.0000E+00 -1.0000E+00 -1.7920E-01  2.8746E-01 -4.6665E-01  0.0000E+00
  1.0000E+00  2.0100E+03  8.3750E+01 -1.2544E+00  1.0000E+02  0.0000E+00  0.0000E+00  0.0000E+00  0.0000E+00  0.0000E+00  2.8537E-01  6.6515E+00  4.1283E+00  6.6094E-01  4.3785E+02  1.0000E+00  2.8537E-01  0.0000E+00 -1.0000E+00 -1.2544E+00  2.8537E-01 -1.5398E+00  0.0000E+00
  1.0000E+00  2.0110E+03  8.3792E+01  8.8177E-01  1.0000E+02  0.0000E+00  0.0000E+00  0.0000E+00  0.0000E+00  0.0000E+00  2.8345E-01  6.6060E+00  4.0997E+00  6.5637E-01  4.3813E+02  1.0000E+00  2.8345E-01  0.0000E+00 -1.0000E+00  8.8177E-01  2.8345E-01  5.9832E-01  0.0000E+00
  1.0000E+00  2.0120E+03  8.3833E+01 -4.3055E-01  1.0000E+02  0.0000E+00  0.0000E+00  0.0000E+00  0.0000E+00  0.0000E+00  2.8168E-01  6.5640E+00  4.0735E+00  6.5216E-01  4.3841E+02  1.0000E+00  2.8168E-01  0.0000E+00 -1.0000E+00 -4.3055E-01  2.8168E-01 -7.1223E-01  0.0000E+00
  1.0000E+00  2.0130E+03  8.3875E+01  9.9432E-01  1.0000E+02  0.0000E+00  0.0000E+00  0.0000E+00  0.0000E+00  0.0000E+00  2.8004E-01  6.5251E+00  4.0491E+00  6.4826E-01  4.3870E+02  1.0000E+00  2.8004E-01  0.0000E+00 -1.0000E+00  9.9432E-01  2.8004E-01  7.1428E-01  0.0000E+00
  1.0000E+00  2.0140E+03  8.3917E+01 -5.6448E-01  1.0000E+02  0.0000E+00  0.0000E+00  0.0000E+00  0.0000E+00  0.0000E+00  2.7850E-01  6.4889E+00  4.0265E+00  6.4462E-01  4.3897E+02  1.0000E+00  2.7850E-01  0.0000E+00 -1.0000E+00 -5.6448E-01  2.7850E-01 -8.4298E-01  0.0000E+00
  1.0000E+00  2.0150E+03  8.3958E+01 -1.2804E+00  1.0000E+02  0.0000E+00  0.0000E+00  0.0000E+00  0.0000E+00  0.0000E+00  2.7707E-01  6.4549E+00  4.0052E+00  6.4122E-01  4.3925E+02  1.0000E+00  2.7707E-01  0.0000E+00 -1.0000E+00 -1.2804E+00  2.7707E-01 -1.5574E+00  0.0000E+00
  1.0000E+00  2.0160E+03  8.4000E+01  1.2284E+00  1.0000E+02  0.0000E+00  0.0000E+00  0.0000E+00  0.0000E+00  0.0000E+00  2.7571E-01  6.4230E+00  3.9853E+00  6.3803E-01  4.3953E+02  1.0000E+00  2.7571E-01  0.0000E+00 -1.0000E+00  1.2284E+00  2.7571E-01  9.5264E-01  0.0000E+00
  1.0000E+00  2.0170E+03  8.4042E+01 -4.6881E-01  1.0000E+02  0.0000E+00  0.0000E+00  0.0000E+00  0.0000E+00  0.0000E+00  3.2863E-01  7.4313E+00  4.5351E+00  7.2458E-01  4.3983E+02  1.0000E+00  3.2863E-01  0.0000E+00 -1.0000E+00 -4.6881E-01  3.2863E-01 -7.9744E-01  0.0000E+00
  1.0000E+00  2.0180E+03  8.4083E+01  7.2437E-01  1.0000E+02  0.0000E+00  0.0000E+00  0.0000E+00  0.0000E+00  0.0000E+00  3.4863E-01  8.0356E+00  4.9456E+00  7.9084E-01  4.4018E+02  1.0000E+00  3.4863E-01  0.0000E+00 -1.0000E+00  7.2437E-01  3.4863E-01  3.7574E-01  0.0000E+00
  1.0000E+00  2.0190E+03  8.4125E+01  2.5456E+00  1.0000E+02  0.0000E+00  0.0000E+00  0.0000E+00  0.0000E+00  0.0000E+00  3.5267E-01  8.1992E+00  5.0752E+00  8.1219E-01  4.4053E+02  1.0000E+00  3.5267E-01  0.0000E+00 -1.0000E+00  2.5456E+00  3.5267E-01  2.1929E+00  0.0000E+00
  1.0000E+00  2.0200E+03  8.4167E+01 -2.8633E-02  1.0000E+02  0.0000E+00  0.0000E+00  0.0000E+00  0.0000E+00  0.0000E+00  3.4937E-01  8.1538E+00  5.0608E+00  8.1020E-01  4.4088E+02  1.0000E+00  3.4937E-01  0.0000E+00 -1.0000E+00 -2.8633E-02  3.4937E-01 -3.7801E-01  0.0000E+00
  1.0000E+00  2.0210E+03  8.4208E+01  9.7811E-01  1.0000E+02  0.0000E+00  0.0000E+00  0.0000E+00  0.0000E+00  0.0000E+00  3.4310E-01  8.0198E+00  4.9834E+00  7.9796E-01  4.4122E+02  1.0000E+00  3.4310E-01  0.0000E+00 -1.0000E+00  9.7811E-01  3.4310E-01  6.3501E-01  0.0000E+00
  1.0000E+00  2.0220E+03  8.4250E+01 -9.5687E-01  1.0000E+02  0.0000E+00  0.0000E+00  0.0000E+00  0.0000E+00  0.0000E+00  3.3596E-01  7.8564E+00  4.8839E+00  7.8207E-01  4.4156E+02  1.0000E+00  3.3596E-01  0.0000E+00 -1.0000E+00 -9.5687E-01  3.3596E-01 -1.2928E+00  0.0000E+00
  1.0000E+00  2.0230E+03  8.4292E+01 -1.3982E+00  1.0000E+02  0.0000E+00  0.0000E+00  0.0000E+00  0.0000E+00  0.0000E+00  3.2893E-01  7.6915E+00  4.7816E+00  7.6570E-01  4.4190E+02  1.0000E+00  3.2893E-01  0.0000E+00 -1.0000E+00 -1.3982E+00  3.2893E-01 -1.7271E+00  0.0000E+00
  1.0000E+00  2.0240E+03  8.4333E+01  3.6003E-01  1.0000E+02  0.0000E+00  0.0000E+00  0.0000E+00  0.0000E+00  0.0000E+00  3.2244E-01  7.5373E+00  4.6851E+00  7.5024E-01  4.4222E+02  1.0000E+00  3.2244E-01  0.0000E+00 -1.0000E+00  3.6003E-01  3.2244E-01  3.7584E-02  0.0000E+00
  1.0000E+00  2.0250E+03  8.4375E+01  1.2956E+00  1.0000E+02  0.0000E+00  0.0000E+00  0.0000E+00  0.0000E+00  0.0000E+00  3.1662E-01  7.3980E+00  4.5976E+00  7.3622E-01  4.4254E+02  1.0000E+00  3.1662E-01  0.0000E+00 -1.0000E+00  1.2956E+00  3.1662E-01  9.7896E-01  0.0000E+00
  1.0000E+00  2.0260E+03  8.4417E+01  1.1108E+00  1.0000E+02  0.0000E+00  0.0000E+00  0.0000E+00  0.0000E+00  0.0000E+00  3.1146E-01  7.2744E+00  4.5199E+00  7.2374E-01  4.4286E+02  1.0000E+00  3.1146E-01  0.0000E+00 -1.0000E+00  1.1108E+00  3.1146E-01  7.9932E-01  0.0000E+00
  1.0000E+00  2.0270E+03  8.4458E+01  1.3839E+00  1.0000E+02  0.0000E+00  0.0000E+00  0.0000E+00  0.0000E+00  0.0000E+00  3.0691E-01  7.1654E+00  4.4512E+00  7.1273E-01  4.4316E+02  1.0000E+00  3.0691E-01  0.0000E+00 -1.0000E+00  1.3839E+00  3.0691E-01  1.0770E+00  0.0000E+00
  1.0000E+00  2.0280E+03  8.4500E+01  1.8146E+00  1.0000E+02  0.0000E+00  0.0000E+00  0.0000E+00  0.0000E+00  0.0000E+00  3.0290E-01  7.0694E+00  4.3907E+00  7.0302E-01  4.4347E+02  1.0000E+00  3.0290E-01  0.0000E+00 -1.0000E+00  1.8146E+00  3.0290E-01  1.5117E+00  0.0000E+00
  1.0000E+00  2.0290E+03  8.4542E+01  5.2974E-01  1.0000E+02  0.0000E+00  0.0000E+00  0.0000E+00  0.0000E+00  0.0000E+00  2.9936E-01  6.9845E+00  4.3373E+00  6.9445E-01  4.4377E+02  1.0000E+00  2.9936E-01  0.0000E+00 -1.0000E+00  5.2974E-01  2.9936E-01  2.3039E-01  0.0000E+00
  1.0000E+00  2.0300E+03  8.4583E+01  8.0359E-01  1.0000E+02  0.0000E+00  0.0000E+00  0.0000E+00  0.0000E+00  0.0000E+00  2.9621E-01  6.9092E+00  4.2899E+00  6.8685E-01  4.4407E+02  1.0000E+00  2.9621E-01  0.0000E+00 -1.0000E+00  8.0359E-01  2.9621E-01  5.0738E-01  0.0000E+00
  1.0000E+00  2.0310E+03  8.4625E+01 -1.5590E+00  1.0000E+02  0.0000E+00  0.0000E+00  0.0000E+00  0.0000E+00  0.0000E+00  2.9339E-01  6.8420E+00  4.2476E+00  6.8008E-01  4.4436E+02  1.0000E+00  2.9339E-01  0.0000E+00 -1.0000E+00 -1.5590E+00  2.9339E-01 -1.8524E+00  0.0000E+00
  1.0000E+00  2.0320E+03  8.4667E+01  9.0590E-01  1.0000E+02  0.0000E+00  0.0000E+00  0.0000E+00  0.0000E+00  0.0000E+00  2.9086E-01  6.7816E+00  4.2097E+00  6.7399E-01  4.4466E+02  1.0000E+00  2.9086E-01  0.0000E+00 -1.0000E+00  9.0590E-01  2.9086E-01  6.1504E-01  0.0000E+00
  1.0000E+00  2.0330E+03  8.4708E+01  8.7421E-01  1.0000E+02  0.0000E+00  0.0000E+00  0.0000E+00  0.0000E+00  0.0000E+00  2.8857E-01  6.7270E+00  4.1754E+00  6.6850E-01  4.4495E+02  1.0000E+00  2.8857E-01  0.0000E+00 -1.0000E+00  8.7421E-01  2.8857E-01  5.8564E-01  0.0000E+00
  1.0000E+00  2.0340E+03  8.4750E+01 -1.7054E-01  1.0000E+02  0.0000E+00  0.0000E+00  0.0000E+00  0.0000E+00  0.0000E+00  2.8647E-01  6.6773E+00  4.1442E+00  6.6350E-01  4.4523E+02  1.0000E+00  2.8647E-01  0.0000E+00 -1.0000E+00 -1.7054E-01  2.8647E-01 -4.5702E-01  0.0000E+00
  1.0000E+00  2.0350E+03  8.4792E+01 -9.4089E-01  1.0000E+02  0.0000E+00  0.0000E+00  0.0000E+00  0.0000E+00  0.0000E+00  2.8456E-01  6.6317E+00  4.1157E+00  6.5892E-01  4.4552E+02  1.0000E+00  2.8456E-01  0.0000E+00 -1.0000E+00 -9.4089E-01  2.8456E-01 -1.2254E+00  0.0000E+00
  1.0000E+00  2.0360E+03  8.4833E+01  1.2290E+00  1.0000E+02  0.0000E+00  0.0000E+00  0.0000E+00  0.0000E+00  0.0000E+00  2.8278E-01  6.5897E+00  4.0894E+00  6.5471E-01  4.4580E+02  1.0000E+00  2.8278E-01  0.0000E+00 -1.0000E+00  1.2290E+00  2.8278E-01  9.4618E-01  0.0000E+00
  1.0000E+00  2.0370E+03  8.4875E+01  3.1756E+00  1.0000E+02  0.0000E+00  0.0000E+00  0.0000E+00  0.0000E+00  0.0000E+00  2.8114E-01  6.5508E+00  4.0651E+00  6.5081E-01  4.4608E+02  1.0000E+00  2.8114E-01  0.0000E+00 -1.0000E+00  3.1756E+00  2.8114E-01  2.8945E+00  0.0000E+00
  1.0000E+00  2.0380E+03  8.4917E+01  7.7663E-01  1.0000E+02  0.0000E+00  0.0000E+00  0.0000E+00  0.0000E+00  0.0000E+00  2.7961E-01  6.5145E+00  4.0424E+00  6.4717E-01  4.4636E+02  1.0000E+00  2.7961E-01  0.0000E+00 -1.0000E+00  7.7663E-01  2.7961E-01  4.9703E-01  0.0000E+00
  1.0000E+00  2.0390E+03  8.4958E+01 -1.2952E-01  1.0000E+02  0.0000E+00  0.0000E+00  0.0000E+00  0.0000E+00  0.0000E+00  2.7817E-01  6.4806E+00  4.0211E+00  6.4377E-01  4.4664E+02  1.0000E+00  2.7817E-01  0.0000E+00 -1.0000E+00 -1.2952E-01  2.7817E-01 -4.0769E-01  0.0000E+00
  1.0000E+00  2.0400E+03  8.5000E+01  6.5009E-01  1.0000E+02  0.0000E+00  0.0000E+00  0.0000E+00  0.0000E+00  0.0000E+00  2.7681E-01  6.4486E+00  4.0012E+00  6.4057E-01  4.4692E+02  1.0000E+00  2.7681E-01  0.0000E+00 -1.0000E+00  6.5009E-01  2.7681E-01  3.7327E-01  0.0000E+00
  1.0000E+00  2.0410E+03  8.5042E+01  6.0516E-01  1.0000E+02  0.0000E+00  0.0000E+00  0.0000E+00  0.0000E+00  0.0000E+00  3.2973E-01  7.4569E+00  4.5510E+00  7.2712E-01  4.4723E+02  1.0000E+00  3.2973E-01  0.0000E+00 -1.0000E+00  6.0516E-01  3.2973E-01  2.7543E-01  0.0000E+00
  1.0000E+00  2.0420E+03  8.5083E+01 -1.1311E+00  1.0000E+02  0.0000E+00  0.0000E+00  0.0000E+00  0.0000E+00  0.0000E+00  3.4973E-01  8.0612E+00  4.9614E+00  7.9338E-01  4.4757E+02  1.0000E+00  3.4973E-01  0.0000E+00 -1.0000E+00 -1.1311E+00  3.4973E-01 -1.4808E+00  0.0000E+00
  1.0000E+00  2.0430E+03  8.5125E+01  3.3335E-01  1.0000E+02  0.0000E+00  0.0000E+00  0.0000E+00  0.0000E+00  0.0000E+00  3.5376E-01  8.2247E+00  5.0910E+00  8.1473E-01  4.4792E+02  1.0000E+00  3.5376E-01  0.0000E+00 -1.0000E+00  3.3335E-01  3.5376E-01 -2.0414E-02  0.0000E+00
  1.0000E+00  2.0440E+03  8.5167E+01  1.3632E+00  1.0000E+02  0.0000E+00  0.0000E+00  0.0000E+00  0.0000E+00  0.0000E+00  3.5047E-01  8.1794E+00  5.0766E+00  8.1274E-01  4.4827E+02  1.0000E+00  3.5047E-01  0.0000E+00 -1.0000E+00  1.3632E+00  3.5047E-01  1.0127E+00  0.0000E+00
  1.0000E+00  2.0450E+03  8.5208E+01  2.8266E-01  1.0000E+02  0.0000E+00  0.0000E+00  0.0000E+00  0.0000E+00  0.0000E+00  3.4419E-01  8.0453E+00  4.9992E+00  8.0049E-01  4.4862E+02  1.0000E+00  3.4419E-01  0.0000E+00 -1.0000E+00  2.8266E-01  3.4419E-01 -6.1534E-02  0.0000E+00
  1.0000E+00  2.0460E+03  8.5250E+01  2.5373E+00  1.0000E+02  0.0000E+00  0.0000E+00  0.0000E+00  0.0000E+00  0.0000E+00  3.3705E-01  7.8819E+00  4.8997E+00  7.8460E-01  4.4896E+02  1.0000E+00  3.3705E-01  0.0000E+00 -1.0000E+00  2.5373E+00  3.3705E-01  2.2002E+00  0.0000E+00
  1.0000E+00  2.0470E+03  8.5292E+01  1.3049E+00  1.0000E+02  0.0000E+00  0.0000E+00  0.0000E+00  0.0000E+00  0.0000E+00  3.3003E-01  7.7170E+00  4.7974E+00  7.6823E-01  4.4930E+02  1.0000E+00  3.3003E-01  0.0000E+00 -1.0000E+00  1.3049E+00  3.3003E-01  9.7490E-01  0.0000E+00
  1.0000E+00  2.0480E+03  8.5333E+01  1.8005E+00  1.0000E+02  0.0000E+00  0.0000E+00  0.0000E+00  0.0000E+00  0.0000E+00  3.2354E-01  7.5627E+00  4.7009E+00  7.5276E-01  4.4962E+02  1.0000E+00  3.2354E-01  0.0000E+00 -1.0000E+00  1.8005E+00  3.2354E-01  1.4769E+00  0.0000E+00
  1.0000E+00  2.0490E+03  8.5375E+01  5.3950E-01  1.0000E+02  0.0000E+00  0.0000E+00  0.0000E+00  0.0000E+00  0.0000E+00  3.1771E-01  7.4235E+00  4.6134E+00  7.3874E-01  4.4994E+02  1.0000E+00  3.1771E-01  0.0000E+00 -1.0000E+00  5.3950E-01  3.1771E-01  2.2180E-01  0.0000E+00
  1.0000E+00  2.0500E+03  8.5417E+01  1.2351E+00  1.0000E+02  0.0000E+00  0.0000E+00  0.0000E+00  0.0000E+00  0.0000E+00  3.1255E-01  7.2998E+00  4.5356E+00  7.2626E-01  4.5026E+02  1.0000E+00  3.1255E-01  0.0000E+00 -1.0000E+00  1.2351E+00  3.1255E-01  9.2255E-01  0.0000E+00
  1.0000E+00  2.0510E+03  8.5458E+01  1.2854E+00  1.0000E+02  0.0000E+00  0.0000E+00  0.0000E+00  0.0000E+00  0.0000E+00  3.0800E-01  7.1908E+00  4.4669E+00  7.1525E-01  4.5057E+02  1.0000E+00  3.0800E-01  0.0000E+00 -1.0000E+00  1.2854E+00  3.0800E-01  9.7737E-01  0.0000E+00
  1.0000E+00  2.0520E+03  8.5500E+01 -1.5416E+00  1.0000E+02  0.0000E+00  0.0000E+00  0.0000E+00  0.0000E+00  0.0000E+00  3.0399E-01  7.0947E+00  4.4064E+00  7.0554E-01  4.5087E+02  1.0000E+00  3.0399E-01  0.0000E+00 -1.0000E+00 -1.5416E+00  3.0399E-01 -1.8456E+00  0.0000E+00
  1.0000E+00  2.0530E+03  8.5542E+01  2.9810E-01  1.0000E+02  0.0000E+00  0.0000E+00  0.0000E+00  0.0000E+00  0.0000E+00  3.0044E-01  7.0098E+00  4.3530E+00  6.9697E-01  4.5118E+02  1.0000E+00  3.0044E-01  0.0000E+00 -1.0000E+00  2.9810E-01  3.0044E-01 -2.3430E-03  0.0000E+00
  1.0000E+00  2.0540E+03  8.5583E+01 -4.2697E-01  1.0000E+02  0.0000E+00  0.0000E+00  0.0000E+00  0.0000E+00  0.0000E+00  2.9729E-01  6.9345E+00  4.3056E+00  6.8937E-01  4.5148E+02  1.0000E+00  2.9729E-01  0.0000E+00 -1.0000E+00 -4.2697E-01  2.9729E-01 -7.2427E-01  0.0000E+00
  1.0000E+00  2.0550E+03  8.5625E+01 -2.8088E-01  1.0000E+02  0.0000E+00  0.0000E+00  0.0000E+00  0.0000E+00  0.0000E+00  2.9448E-01  6.8673E+00  4.2633E+00  6.8259E-01  4.5177E+02  1.0000E+00  2.9448E-01  0.0000E+00 -1.0000E+00 -2.8088E-01  2.9448E-01 -5.7536E-01  0.0000E+00
  1.0000E+00  2.0560E+03  8.5667E+01  2.1409E+00  1.0000E+02  0.0000E+00  0.0000E+00  0.0000E+00  0.0000E+00  0.0000E+00  2.9195E-01  6.8069E+00  4.2254E+00  6.7650E-01  4.5206E+02  1.0000E+00  2.9195E-01  0.0000E+00 -1.0000E+00  2.1409E+00  2.9195E-01  1.8489E+00  0.0000E+00
  1.0000E+00  2.0570E+03  8.5708E+01 -1.1023E+00  1.0000E+02  0.0000E+00  0.0000E+00  0.0000E+00  0.0000E+00  0.0000E+00  2.8965E-01  6.7522E+00  4.1911E+00  6.7101E-01  4.5236E+02  1.0000E+00  2.8965E-01  0.0000E+00 -1.0000E+00 -1.1023E+00  2.8965E-01 -1.3920E+00  0.0000E+00
  1.0000E+00  2.0580E+03  8.5750E+01  2.8457E+00  1.0000E+02  0.0000E+00  0.0000E+00  0.0000E+00  0.0000E+00  0.0000E+00  2.8756E-01  6.7025E+00  4.1599E+00  6.6601E-01  4.5264E+02  1.0000E+00  2.8756E-01  0.0000E+00 -1.0000E+00  2.8457E+00  2.8756E-01  2.5582E+00  0.0000E+00
  1.0000E+00  2.0590E+03  8.5792E+01 -2.4771E+00  1.0000E+02  0.0000E+00  0.0000E+00  0.0000E+00  0.0000E+00  0.0000E+00  2.8564E-01  6.6569E+00  4.1313E+00  6.6143E-01  4.5293E+02  1.0000E+00  2.8564E-01  0.0000E+00 -1.0000E+00 -2.4771E+00  2.8564E-01 -2.7628E+00  0.0000E+00
  1.0000E+00  2.0600E+03  8.5833E+01 -3.6975E-01  1.0000E+02  0.0000E+00  0.0000E+00  0.0000E+00  0.0000E+00  0.0000E+00  2.8387E-01  6.6149E+00  4.1050E+00  6.5721E-01  4.5322E+02  1.0000E+00  2.8387E-01  0.0000E+00 -1.0000E+00 -3.6975E-01  2.8387E-01 -6.5362E-01  0.0000E+00
  1.0000E+00  2.0610E+03  8.5875E+01 -2.5991E-01  1.0000E+02  0.0000E+00  0.0000E+00  0.0000E+00  0.0000E+00  0.0000E+00  2.8222E-01  6.5760E+00  4.0807E+00  6.5331E-01  4.5350E+02  1.0000E+00  2.8222E-01  0.0000E+00 -1.0000E+00 -2.5991E-01  2.8222E-01 -5.4213E-01  0.0000E+00
  1.0000E+00  2.0620E+03  8.5917E+01  6.9706E-02  1.0000E+02  0.0000E+00  0.0000E+00  0.0000E+00  0.0000E+00  0.0000E+00  2.8069E-01  6.5397E+00  4.0580E+00  6.4967E-01  4.5378E+02  1.0000E+00  2.8069E-01  0.0000E+00 -1.0000E+00  6.9706E-02  2.8069E-01 -2.1098E-01  0.0000E+00
  1.0000E+00  2.0630E+03  8.5958E+01 -6.2467E-01  1.0000E+02  0.0000E+00  0.0000E+00  0.0000E+00  0.0000E+00  0.0000E+00  2.7925E-01  6.5057E+00  4.0367E+00  6.4626E-01  4.5406E+02  1.0000E+00  2.7925E-01  0.0000E+00 -1.0000E+00 -6.2467E-01  2.7925E-01 -9.0391E-01  0.0000E+00
  1.0000E+00  2.0640E+03  8.6000E+01  1.0411E+00  1.0000E+02  0.0000E+00  0.0000E+00  0.0000E+00  0.0000E+00  0.0000E+00  2.7789E-01  6.4737E+00  4.0168E+00  6.4306E-01  4.5434E+02  1.0000E+00  2.7789E-01  0.0000E+00 -1.0000E+00  1.0411E+00  2.7789E-01  7.6323E-01  0.0000E+00
  1.0000E+00  2.0650E+03  8.6042E+01  4.5287E-02  1.0000E+02  0.0000E+00  0.0000E+00  0.0000E+00  0.0000E+00  0.0000E+00  3.3081E-01  7.4820E+00  4.5665E+00  7.2961E-01  4.5465E+02  1.0000E+00  3.3081E-01  0.0000E+00 -1.0000E+00  4.5287E-02  3.3081E-01 -2.8553E-01  0.0000E+00
  1.0000E+00  2.0660E+03  8.6083E+01  5.8645E-01  1.0000E+02  0.0000E+00  0.0000E+00  0.0000E+00  0.0000E+00  0.0000E+00  3.5081E-01  8.0863E+00  4.9770E+00  7.9586E-01  4.5499E+02  1.0000E+00  3.5081E-01  0.0000E+00 -1.0000E+00  5.8645E-01  3.5081E-01  2.3564E-01  0.0000E+00
  1.0000E+00  2.0670E+03  8.6125E+01  7.5611E-01  1.0000E+02  0.0000E+00  0.0000E+00  0.0000E+00  0.0000E+00  0.0000E+00  3.5484E-01  8.2498E+00  5.1066E+00  8.1721E-01  4.5534E+02  1.0000E+00  3.5484E-01  0.0000E+00 -1.0000E+00  7.5611E-01  3.5484E-01  4.0127E-01  0.0000E+00
  1.0000E+00  2.0680E+03  8.6167E+01  7.8119E-03  1.0000E+02  0.0000E+00  0.0000E+00  0.0000E+00  0.0000E+00  0.0000E+00  3.5155E-01  8.2044E+00  5.0921E+00  8.1522E-01  4.5570E+02  1.0000E+00  3.5155E-01  0.0000E+00 -1.0000E+00  7.8119E-03  3.5155E-01 -3.4373E-01  0.0000E+00
  1.0000E+00  2.0690E+03  8.6208E+01  1.2207E+00  1.0000E+02  0.0000E+00  0.0000E+00  0.0000E+00  0.0000E+00  0.0000E+00  3.4527E-01  8.0704E+00  5.0147E+00  8.0297E-01  4.5604E+02  1.0000E+00  3.4527E-01  0.0000E+00 -1.0000E+00  1.2207E+00  3.4527E-01  8.7543E-01  0.0000E+00
  1.0000E+00  2.0700E+03  8.6250E+01 -5.6656E-01  1.0000E+02  0.0000E+00  0.0000E+00  0.0000E+00  0.0000E+00  0.0000E+00  3.3813E-01  7.9069E+00  4.9152E+00  7.8708E-01  4.5639E+02  1.0000E+00  3.3813E-01  0.0000E+00 -1.0000E+00 -5.6656E-01  3.3813E-01 -9.0468E-01  0.0000E+00
  1.0000E+00  2.0710E+03  8.6292E+01  1.2099E+00  1.0000E+02  0.0000E+00  0.0000E+00  0.0000E+00  0.0000E+00  0.0000E+00  3.3110E-01  7.7419E+00  4.8128E+00  7.7070E-01  4.5672E+02  1.0000E+00  3.3110E-01  0.0000E+00 -1.0000E+00  1.2099E+00  3.3110E-01  8.7883E-01  0.0000E+00
  1.0000E+00  2.0720E+03  8.6333E+01  9.0270E-01  1.0000E+02  0.0000E+00  0.0000E+00  0.0000E+00  0.0000E+00  0.0000E+00  3.2461E-01  7.5877E+00  4.7163E+00  7.5524E-01  4.5705E+02  1.0000E+00  3.2461E-01  0.0000E+00 -1.0000E+00  9.0270E-01  3.2461E-01  5.7810E-01  0.0000E+00
  1.0000E+00  2.0730E+03  8.6375E+01  4.0524E-01  1.0000E+02  0.0000E+00  0.0000E+00  0.0000E+00  0.0000E+00  0.0000E+00  3.1878E-01  7.4484E+00  4.6289E+00  7.4121E-01  4.5737E+02  1.0000E+00  3.1878E-01  0.0000E+00 -1.0000E+00  4.0524E-01  3.1878E-01  8.6463E-02  0.0000E+00
  1.0000E+00  2.0740E+03  8.6417E+01 -1.0857E+00  1.0000E+02  0.0000E+00  0.0000E+00  0.0000E+00  0.0000E+00  0.0000E+00  3.1362E-01  7.3247E+00  4.5511E+00  7.2873E-01  4.5769E+02  1.0000E+00  3.1362E-01  0.0000E+00 -1.0000E+00 -1.0857E+00  3.1362E-01 -1.3993E+00  0.0000E+00
  1.0000E+00  2.0750E+03  8.6458E+01 -8.4233E-01  1.0000E+02  0.0000E+00  0.0000E+00  0.0000E+00  0.0000E+00  0.0000E+00  3.0907E-01  7.2157E+00  4.4824E+00  7.1772E-01  4.5800E+02  1.0000E+00  3.0907E-01  0.0000E+00 -1.0000E+00 -8.4233E-01  3.0907E-01 -1.1514E+00  0.0000E+00
  1.0000E+00  2.0760E+03  8.6500E+01  9.2177E-01  1.0000E+02  0.0000E+00  0.0000E+00  0.0000E+00  0.0000E+00  0.0000E+00  3.0506E-01  7.1196E+00  4.4218E+00  7.0801E-01  4.5830E+02  1.0000E+00  3.0506E-01  0.0000E+00 -1.0000E+00  9.2177E-01  3.0506E-01  6.1671E-01  0.0000E+00
  1.0000E+00  2.0770E+03  8.6542E+01 -6.2568E-01  1.0000E+02  0.0000E+00  0.0000E+00  0.0000E+00  0.0000E+00  0.0000E+00  3.0151E-01  7.0347E+00  4.3684E+00  6.9944E-01  4.5861E+02  1.0000E+00  3.0151E-01  0.0000E+00 -1.0000E+00 -6.2568E-01  3.0151E-01 -9.2719E-01  0.0000E+00
  1.0000E+00  2.0780E+03  8.6583E+01 -1.0742E-01  1.0000E+02  0.0000E+00  0.0000E+00  0.0000E+00  0.0000E+00  0.0000E+00  2.9836E-01  6.9593E+00  4.3210E+00  6.9183E-01  4.5891E+02  1.0000E+00  2.9836E-01  0.0000E+00 -1.0000E+00 -1.0742E-01  2.9836E-01 -4.0578E-01  0.0000E+00
  1.0000E+00  2.0790E+03  8.6625E+01  7.3979E-01  1.0000E+02  0.0000E+00  0.0000E+00  0.0000E+00  0.0000E+00  0.0000E+00  2.9554E-01  6.8921E+00  4.2787E+00  6.8505E-01  4.5921E+02  1.0000E+00  2.9554E-01  0.0000E+00 -1.0000E+00  7.3979E-01  2.9554E-01  4.4425E-01  0.0000E+00
  1.0000E+00  2.0800E+03  8.6667E+01  8.6590E-01  1.0000E+02  0.0000E+00  0.0000E+00  0.0000E+00  0.0000E+00  0.0000E+00  2.9301E-01  6.8316E+00  4.2407E+00  6.7896E-01  4.5950E+02  1.0000E+00  2.9301E-01  0.0000E+00 -1.0000E+00  8.6590E-01  2.9301E-01  5.7289E-01  0.0000E+00
  1.0000E+00  2.0810E+03  8.6708E+01 -4.9801E-01  1.0000E+02  0.0000E+00  0.0000E+00  0.0000E+00  0.0000E+00  0.0000E+00  2.9071E-01  6.7770E+00  4.2064E+00  6.7346E-01  4.5979E+02  1.0000E+00  2.9071E-01  0.0000E+00 -1.0000E+00 -4.9801E-01  2.9071E-01 -7.8872E-01  0.0000E+00
  1.0000E+00  2.0820E+03  8.6750E+01  1.4651E+00  1.0000E+02  0.0000E+00  0.0000E+00  0.0000E+00  0.0000E+00  0.0000E+00  2.8862E-01  6.7272E+00  4.1752E+00  6.6846E-01  4.6008E+02  1.0000E+00  2.8862E-01  0.0000E+00 -1.0000E+00  1.4651E+00  2.8862E-01  1.1765E+00  0.0000E+00
  1.0000E+00  2.0830E+03  8.6792E+01  2.0341E+00  1.0000E+02  0.0000E+00  0.0000E+00  0.0000E+00  0.0000E+00  0.0000E+00  2.8670E-01  6.6817E+00  4.1467E+00  6.6388E-01  4.6037E+02  1.0000E+00  2.8670E-01  0.0000E+00 -1.0000E+00  2.0341E+00  2.8670E-01  1.7474E+00  0.0000E+00
  1.0000E+00  2.0840E+03  8.6833E+01  2.2831E-01  1.0000E+02  0.0000E+00  0.0000E+00  0.0000E+00  0.0000E+00  0.0000E+00  2.8493E-01  6.6396E+00  4.1204E+00  6.5966E-01  4.6065E+02  1.0000E+00  2.8493E-01  0.0000E+00 -1.0000E+00  2.2831E-01  2.8493E-01 -5.6617E-02  0.0000E+00
  1.0000E+00  2.0850E+03  8.6875E+01 -6.0971E-01  1.0000E+02  0.0000E+00  0.0000E+00  0.0000E+00  0.0000E+00  0.0000E+00  2.8328E-01  6.6007E+00  4.0960E+00  6.5576E-01  4.6094E+02  1.0000E+00  2.8328E-01  0.0000E+00 -1.0000E+00 -6.0971E-01  2.8328E-01 -8.9300E-01  0.0000E+00
  1.0000E+00  2.0860E+03  8.6917E+01  1.3291E+00  1.0000E+02  0.0000E+00  0.0000E+00  0.0000E+00  0.0000E+00  0.0000E+00  2.8175E-01  6.5644E+00  4.0733E+00  6.5212E-01  4.6122E+02  1.0000E+00  2.8175E-01  0.0000E+00 -1.0000E+00  1.3291E+00  2.8175E-01  1.0474E+00  0.0000E+00
  1.0000E+00  2.0870E+03  8.6958E+01 -4.4910E-01  1.0000E+02  0.0000E+00  0.0000E+00  0.0000E+00  0.0000E+00  0.0000E+00  2.8031E-01  6.5303E+00  4.0520E+00  6.4871E-01  4.6150E+02  1.0000E+00  2.8031E-01  0.0000E+00 -1.0000E+00 -4.4910E-01  2.8031E-01 -7.2941E-01  0.0000E+00
  1.0000E+00  2.0880E+03  8.7000E+01 -5.7395E-01  1.0000E+02  0.0000E+00  0.0000E+00  0.0000E+00  0.0000E+00  0.0000E+00  2.7895E-01  6.4983E+00  4.0320E+00  6.4551E-01  4.6178E+02  1.0000E+00  2.7895E-01  0.0000E+00 -1.0000E+00 -5.7395E-01  2.7895E-01 -8.5290E-01  0.0000E+00
  1.0000E+00  2.0890E+03  8.7042E+01  1.9125E+00  1.0000E+02  0.0000E+00  0.0000E+00  0.0000E+00  0.0000E+00  0.0000E+00  3.3187E-01  7.5066E+00  4.5818E+00  7.3206E-01  4.6209E+02  1.0000E+00  3.3187E-01  0.0000E+00 -1.0000E+00  1.9125E+00  3.3187E-01  1.5806E+00  0.0000E+00
  1.0000E+00  2.0900E+03  8.7083E+01 -1.8504E+00  1.0000E+02  0.0000E+00  0.0000E+00  0.0000E+00  0.0000E+00  0.0000E+00  3.5187E-01  8.1108E+00  4.9922E+00  7.9830E-01  4.6243E+02  1.0000E+00  3.5187E-01  0.0000E+00 -1.0000E+00 -1.8504E+00  3.5187E-01 -2.2023E+00  0.0000E+00
  1.0000E+00  2.0910E+03  8.7125E+01  1.9009E+00  1.0000E+02  0.0000E+00  0.0000E+00  0.0000E+00  0.0000E+00  0.0000E+00  3.5589E-01  8.2743E+00  5.1218E+00  8.1965E-01  4.6279E+02  1.0000E+00  3.5589E-01  0.0000E+00 -1.0000E+00  1.9009E+00  3.5589E-01  1.5450E+00  0.0000E+00
  1.0000E+00  2.0920E+03  8.7167E+01  2.5338E-01  1.0000E+02  0.0000E+00  0.0000E+00  0.0000E+00  0.0000E+00  0.0000E+00  3.5260E-01  8.2289E+00  5.1073E+00  8.1766E-01  4.6314E+02  1.0000E+00  3.5260E-01  0.0000E+00 -1.0000E+00  2.5338E-01  3.5260E-01 -9.9221E-02  0.0000E+00
  1.0000E+00  2.0930E+03  8.7208E+01 -1.0959E+00  1.0000E+02  0.0000E+00  0.0000E+00  0.0000E+00  0.0000E+00  0.0000E+00  3.4632E-01  8.0949E+00  5.0299E+00  8.0541E-01  4.6349E+02  1.0000E+00  3.4632E-01  0.0000E+00 -1.0000E+00 -1.0959E+00  3.4632E-01 -1.4422E+00  0.0000E+00
  1.0000E+00  2.0940E+03  8.7250E+01 -2.2420E-01  1.0000E+02  0.0000E+00  0.0000E+00  0.0000E+00  0.0000E+00  0.0000E+00  3.3918E-01  7.9314E+00  4.9304E+00  7.8951E-01  4.6384E+02  1.0000E+00  3.3918E-01  0.0000E+00 -1.0000E+00 -2.2420E-01  3.3918E-01 -5.6338E-01  0.0000E+00
  1.0000E+00  2.0950E+03  8.7292E+01 -1.2390E+00  1.0000E+02  0.0000E+00  0.0000E+00  0.0000E+00  0.0000E+00  0.0000E+00  3.3215E-01  7.7664E+00  4.8280E+00  7.7313E-01  4.6417E+02  1.0000E+00  3.3215E-01  0.0000E+00 -1.0000E+00 -1.2390E+00  3.3215E-01 -1.5712E+00  0.0000E+00
  1.0000E+00  2.0960E+03  8.7333E+01  1.7326E+00  1.0000E+02  0.0000E+00  0.0000E+00  0.0000E+00  0.0000E+00  0.0000E+00  3.2566E-01  7.6121E+00  4.7315E+00  7.5767E-01  4.6450E+02  1.0000E+00  3.2566E-01  0.0000E+00 -1.0000E+00  1.7326E+00  3.2566E-01  1.4070E+00  0.0000E+00
  1.0000E+00  2.0970E+03  8.7375E+01  9.4148E-01  1.0000E+02  0.0000E+00  0.0000E+00  0.0000E+00  0.0000E+00  0.0000E+00  3.1983E-01  7.4728E+00  4.6440E+00  7.4364E-01  4.6482E+02  1.0000E+00  3.1983E-01  0.0000E+00 -1.0000E+00  9.4148E-01  3.1983E-01  6.2166E-01  0.0000E+00
  1.0000E+00  2.0980E+03  8.7417E+01  8.9333E-03  1.0000E+02  0.0000E+00  0.0000E+00  0.0000E+00  0.0000E+00  0.0000E+00  3.1467E-01  7.3491E+00  4.5662E+00  7.3116E-01  4.6514E+02  1.0000E+00  3.1467E-01  0.0000E+00 -1.0000E+00  8.9333E-03  3.1467E-01 -3.0573E-01  0.0000E+00
  1.0000E+00  2.0990E+03  8.7458E+01  1.3793E+00  1.0000E+02  0.0000E+00  0.0000E+00  0.0000E+00  0.0000E+00  0.0000E+00  3.1012E-01  7.2401E+00  4.4975E+00  7.2014E-01  4.6545E+02  1.0000E+00  3.1012E-01  0.0000E+00 -1.0000E+00  1.3793E+00  3.1012E-01  1.0692E+00  0.0000E+00
  1.0000E+00  2.1000E+03  8.7500E+01  1.2305E+00  1.0000E+02  0.0000E+00  0.0000E+00  0.0000E+00  0.0000E+00  0.0000E+00  3.0610E-01  7.1439E+00  4.4370E+00  7.1043E-01  4.6576E+02  1.0000E+00  3.0610E-01  0.0000E+00 -1.0000E+00  1.2305E+00  3.0610E-01  9.2437E-01  0.0000E+00
  1.0000E+00  2.1010E+03  8.7542E+01  5.3238E-01  1.0000E+02  0.0000E+00  0.0000E+00  0.0000E+00  0.0000E+00  0.0000E+00  3.0256E-01  7.0590E+00  4.3835E+00  7.0185E-01  4.6607E+02  1.0000E+00  3.0256E-01  0.0000E+00 -1.0000E+00  5.3238E-01  3.0256E-01  2.2982E-01  0.0000E+00
  1.0000E+00  2.1020E+03  8.7583E+01  7.6331E-01  1.0000E+02  0.0000E+00  0.0000E+00  0.0000E+00  0.0000E+00  0.0000E+00  2.9941E-01  6.9836E+00  4.3361E+00  6.9425E-01  4.6637E+02  1.0000E+00  2.9941E-01  0.0000E+00 -1.0000E+00  7.6331E-01  2.9941E-01  4.6390E-01  0.0000E+00
  1.0000E+00  2.1030E+03  8.7625E+01 -1.0923E+00  1.0000E+02  0.0000E+00  0.0000E+00  0.0000E+00  0.0000E+00  0.0000E+00  2.9659E-01  6.9164E+00  4.2938E+00  6.8746E-01  4.6666E+02  1.0000E+00  2.9659E-01  0.0000E+00 -1.0000E+00 -1.0923E+00  2.9659E-01 -1.3889E+00  0.0000E+00
  1.0000E+00  2.1040E+03  8.7667E+01  2.7024E-03  1.0000E+02  0.0000E+00  0.0000E+00  0.0000E+00  0.0000E+00  0.0000E+00  2.9405E-01  6.8559E+00  4.2558E+00  6.8137E-01  4.6696E+02  1.0000E+00  2.9405E-01  0.0000E+00 -1.0000E+00  2.7024E-03  2.9405E-01 -2.9135E-01  0.0000E+00
  1.0000E+00  2.1050E+03  8.7708E+01  1.2128E+00  1.0000E+02  0.0000E+00  0.0000E+00  0.0000E+00  0.0000E+00  0.0000E+00  2.9176E-01  6.8012E+00  4.2215E+00  6.7587E-01  4.6725E+02  1.0000E+00  2.9176E-01  0.0000E+00 -1.0000E+00  1.2128E+00  2.9176E-01  9.2105E-01  0.0000E+00
  1.0000E+00  2.1060E+03  8.7750E+01 -1.3728E+00  1.0000E+02  0.0000E+00  0.0000E+00  0.0000E+00  0.0000E+00  0.0000E+00  2.8966E-01  6.7515E+00  4.1903E+00  6.7087E-01  4.6754E+02  1.0000E+00  2.8966E-01  0.0000E+00 -1.0000E+00 -1.3728E+00  2.8966E-01 -1.6625E+00  0.0000E+00
  1.0000E+00  2.1070E+03  8.7792E+01  1.5310E+00  1.0000E+02  0.0000E+00  0.0000E+00  0.0000E+00  0.0000E+00  0.0000E+00  2.8774E-01  6.7059E+00  4.1617E+00  6.6629E-01  4.6783E+02  1.0000E+00  2.8774E-01  0.0000E+00 -1.0000E+00  1.5310E+00  2.8774E-01  1.2432E+00  0.0000E+00
  1.0000E+00  2.1080E+03  8.7833E+01 -1.0989E+00  1.0000E+02  0.0000E+00  0.0000E+00  0.0000E+00  0.0000E+00  0.0000E+00  2.8597E-01  6.6638E+00  4.1354E+00  6.6207E-01  4.6812E+02  1.0000E+00  2.8597E-01  0.0000E+00 -1.0000E+00 -1.0989E+00  2.8597E-01 -1.3849E+00  0.0000E+00
  1.0000E+00  2.1090E+03  8.7875E+01  7.8934E-01  1.0000E+02  0.0000E+00  0.0000E+00  0.0000E+00  0.0000E+00  0.0000E+00  2.8432E-01  6.6248E+00  4.1110E+00  6.5816E-01  4.6840E+02  1.0000E+00  2.8432E-01  0.0000E+00 -1.0000E+00  7.8934E-01  2.8432E-01  5.0502E-01  0.0000E+00
  1.0000E+00  2.1100E+03  8.7917E+01  9.8215E-01  1.0000E+02  0.0000E+00  0.0000E+00  0.0000E+00  0.0000E+00  0.0000E+00  2.8278E-01  6.5885E+00  4.0882E+00  6.5451E-01  4.6869E+02  1.0000E+00  2.8278E-01  0.0000E+00 -1.0000E+00  9.8215E-01  2.8278E-01  6.9936E-01  0.0000E+00
  1.0000E+00  2.1110E+03  8.7958E+01  4.6940E-01  1.0000E+02  0.0000E+00  0.0000E+00  0.0000E+00  0.0000E+00  0.0000E+00  2.8134E-01  6.5545E+00  4.0670E+00  6.5111E-01  4.6897E+02  1.0000E+00  2.8134E-01  0.0000E+00 -1.0000E+00  4.6940E-01  2.8134E-01  1.8806E-01  0.0000E+00
  1.0000E+00  2.1120E+03  8.8000E+01  6.4803E-01  1.0000E+02  0.0000E+00  0.0000E+00  0.0000E+00  0.0000E+00  0.0000E+00  2.7998E-01  6.5224E+00  4.0470E+00  6.4790E-01  4.6925E+02  1.0000E+00  2.7998E-01  0.0000E+00 -1.0000E+00  6.4803E-01  2.7998E-01  3.6805E-01  0.0000E+00
  1.0000E+00  2.1130E+03  8.8042E+01 -6.4396E-01  1.0000E+02  0.0000E+00  0.0000E+00  0.0000E+00  0.0000E+00  0.0000E+00  3.3290E-01  7.5307E+00  4.5967E+00  7.3445E-01  4.6956E+02  1.0000E+00  3.3290E-01  0.0000E+00 -1.0000E+00 -6.4396E-01  3.3290E-01 -9.7686E-01  0.0000E+00
  1.0000E+00  2.1140E+03  8.8083E+01 -3.1584E-02  1.0000E+02  0.0000E+00  0.0000E+00  0.0000E+00  0.0000E+00  0.0000E+00  3.5290E-01  8.1349E+00  5.0072E+00  8.0069E-01  4.6990E+02  1.0000E+00  3.5290E-01  0.0000E+00 -1.0000E+00 -3.1584E-02  3.5290E-01 -3.8448E-01  0.0000E+00
  1.0000E+00  2.1150E+03  8.8125E+01  1.1865E+00  1.0000E+02  0.0000E+00  0.0000E+00  0.0000E+00  0.0000E+00  0.0000E+00  3.5693E-01  8.2984E+00  5.1367E+00  8.2204E-01  4.7026E+02  1.0000E+00  3.5693E-01  0.0000E+00 -1.0000E+00  1.1865E+00  3.5693E-01  8.2962E-01  0.0000E+00
  1.0000E+00  2.1160E+03  8.8167E+01  1.8341E+00  1.0000E+02  0.0000E+00  0.0000E+00  0.0000E+00  0.0000E+00  0.0000E+00  3.5363E-01  8.2530E+00  5.1222E+00  8.2004E-01  4.7062E+02  1.0000E+00  3.5363E-01  0.0000E+00 -1.0000E+00  1.8341E+00  3.5363E-01  1.4804E+00  0.0000E+00
  1.0000E+00  2.1170E+03  8.8208E+01  1.7973E+00  1.0000E+02  0.0000E+00  0.0000E+00  0.0000E+00  0.0000E+00  0.0000E+00  3.4735E-01  8.1189E+00  5.0448E+00  8.0779E-01  4.7097E+02  1.0000E+00  3.4735E-01  0.0000E+00 -1.0000E+00  1.7973E+00  3.4735E-01  1.4499E+00  0.0000E+00
  1.0000E+00  2.1180E+03  8.8250E+01 -2.5048E-01  1.0000E+02  0.0000E+00  0.0000E+00  0.0000E+00  0.0000E+00  0.0000E+00  3.4021E-01  7.9554E+00  4.9452E+00  7.9190E-01  4.7131E+02  1.0000E+00  3.4021E-01  0.0000E+00 -1.0000E+00 -2.5048E-01  3.4021E-01 -5.9069E-01  0.0000E+00
  1.0000E+00  2.1190E+03  8.8292E+01 -1.5271E-03  1.0000E+02  0.0000E+00  0.0000E+00  0.0000E+00  0.0000E+00  0.0000E+00  3.3318E-01  7.7904E+00  4.8429E+00  7.7551E-01  4.7165E+02  1.0000E+00  3.3318E-01  0.0000E+00 -1.0000E+00 -1.5271E-03  3.3318E-01 -3.3471E-01  0.0000E+00
  1.0000E+00  2.1200E+03  8.8333E+01  1.3200E+00  1.0000E+02  0.0000E+00  0.0000E+00  0.0000E+00  0.0000E+00  0.0000E+00  3.2669E-01  7.6361E+00  4.7463E+00  7.6004E-01  4.7198E+02  1.0000E+00  3.2669E-01  0.0000E+00 -1.0000E+00  1.3200E+00  3.2669E-01  9.9333E-01  0.0000E+00
  1.0000E+00  2.1210E+03  8.8375E+01 -5.6140E-01  1.0000E+02  0.0000E+00  0.0000E+00  0.0000E+00  0.0000E+00  0.0000E+00  3.2086E-01  7.4967E+00  4.6589E+00  7.4601E-01  4.7230E+02  1.0000E+00  3.2086E-01  0.0000E+00 -1.0000E+00 -5.6140E-01  3.2086E-01 -8.8225E-01  0.0000E+00
  1.0000E+00  2.1220E+03  8.8417E+01 -6.4458E-02  1.0000E+02  0.0000E+00  0.0000E+00  0.0000E+00  0.0000E+00  0.0000E+00  3.1569E-01  7.3731E+00  4.5810E+00  7.3353E-01  4.7262E+02  1.0000E+00  3.1569E-01  0.0000E+00 -1.0000E+00 -6.4458E-02  3.1569E-01 -3.8015E-01  0.0000E+00
  1.0000E+00  2.1230E+03  8.8458E+01  9.8063E-02  1.0000E+02  0.0000E+00  0.0000E+00  0.0000E+00  0.0000E+00  0.0000E+00  3.1114E-01  7.2640E+00  4.5123E+00  7.2251E-01  4.7293E+02  1.0000E+00  3.1114E-01  0.0000E+00 -1.0000E+00  9.8063E-02  3.1114E-01 -2.1308E-01  0.0000E+00
  1.0000E+00  2.1240E+03  8.8500E+01  2.0169E-01  1.0000E+02  0.0000E+00  0.0000E+00  0.0000E+00  0.0000E+00  0.0000E+00  3.0713E-01  7.1678E+00  4.4518E+00  7.1280E-01  4.7324E+02  1.0000E+00  3.0713E-01  0.0000E+00 -1.0000E+00  2.0169E-01  3.0713E-01 -1.0544E-01  0.0000E+00
  1.0000E+00  2.1250E+03  8.8542E+01  2.1192E+00  1.0000E+02  0.0000E+00  0.0000E+00  0.0000E+00  0.0000E+00  0.0000E+00  3.0358E-01  7.0829E+00  4.3983E+00  7.0422E-01  4.7355E+02  1.0000E+00  3.0358E-01  0.0000E+00 -1.0000E+00  2.1192E+00  3.0358E-01  1.8156E+00  0.0000E+00
  1.0000E+00  2.1260E+03  8.8583E+01  1.7857E+00  1.0000E+02  0.0000E+00  0.0000E+00  0.0000E+00  0.0000E+00  0.0000E+00  3.0043E-01  7.0075E+00  4.3508E+00  6.9661E-01  4.7385E+02  1.0000E+00  3.0043E-01  0.0000E+00 -1.0000E+00  1.7857E+00  3.0043E-01  1.4853E+00  0.0000E+00
  1.0000E+00  2.1270E+03  8.8625E+01  3.6477E-01  1.0000E+02  0.0000E+00  0.0000E+00  0.0000E+00  0.0000E+00  0.0000E+00  2.9761E-01  6.9402E+00  4.3085E+00  6.8983E-01  4.7415E+02  1.0000E+00  2.9761E-01  0.0000E+00 -1.0000E+00  3.6477E-01  2.9761E-01  6.7163E-02  0.0000E+00
  1.0000E+00  2.1280E+03  8.8667E+01 -5.9290E-01  1.0000E+02  0.0000E+00  0.0000E+00  0.0000E+00  0.0000E+00  0.0000E+00  2.9508E-01  6.8797E+00  4.2705E+00  6.8373E-01  4.7444E+02  1.0000E+00  2.9508E-01  0.0000E+00 -1.0000E+00 -5.9290E-01  2.9508E-01 -8.8798E-01  0.0000E+00
  1.0000E+00  2.1290E+03  8.8708E+01  6.0664E-01  1.0000E+02  0.0000E+00  0.0000E+00  0.0000E+00  0.0000E+00  0.0000E+00  2.9278E-01  6.8250E+00  4.2362E+00  6.7823E-01  4.7474E+02  1.0000E+00  2.9278E-01  0.0000E+00 -1.0000E+00  6.0664E-01  2.9278E-01  3.1386E-01  0.0000E+00
  1.0000E+00  2.1300E+03  8.8750E+01  1.3110E+00  1.0000E+02  0.0000E+00  0.0000E+00  0.0000E+00  0.0000E+00  0.0000E+00  2.9068E-01  6.7752E+00  4.2050E+00  6.7322E-01  4.7503E+02  1.0000E+00  2.9068E-01  0.0000E+00 -1.0000E+00  1.3110E+00  2.9068E-01  1.0203E+00  0.0000E+00
  1.0000E+00  2.1310E+03  8.8792E+01  1.3625E+00  1.0000E+02  0.0000E+00  0.0000E+00  0.0000E+00  0.0000E+00  0.0000E+00  2.8876E-01  6.7296E+00  4.1764E+00  6.6864E-01  4.7532E+02  1.0000E+00  2.8876E-01  0.0000E+00 -1.0000E+00  1.3625E+00  2.8876E-01  1.0738E+00  0.0000E+00
  1.0000E+00  2.1320E+03  8.8833E+01 -9.0526E-01  1.0000E+02  0.0000E+00  0.0000E+00  0.0000E+00  0.0000E+00  0.0000E+00  2.8699E-01  6.6875E+00  4.1501E+00  6.6442E-01  4.7561E+02  1.0000E+00  2.8699E-01  0.0000E+00 -1.0000E+00 -9.0526E-01  2.8699E-01 -1.1922E+00  0.0000E+00
  1.0000E+00  2.1330E+03  8.8875E+01 -1.9097E-01  1.0000E+02  0.0000E+00  0.0000E+00  0.0000E+00  0.0000E+00  0.0000E+00  2.8534E-01  6.6485E+00  4.1257E+00  6.6051E-01  4.7589E+02  1.0000E+00  2.8534E-01  0.0000E+00 -1.0000E+00 -1.9097E-01  2.8534E-01 -4.7631E-01  0.0000E+00
  1.0000E+00  2.1340E+03  8.8917E+01  1.6418E+00  1.0000E+02  0.0000E+00  0.0000E+00  0.0000E+00  0.0000E+00  0.0000E+00  2.8380E-01  6.6122E+00  4.1029E+00  6.5686E-01  4.7618E+02  1.0000E+00  2.8380E-01  0.0000E+00 -1.0000E+00  1.6418E+00  2.8380E-01  1.3580E+00  0.0000E+00
  1.0000E+00  2.1350E+03  8.8958E+01 -5.7574E-01  1.0000E+02  0.0000E+00  0.0000E+00  0.0000E+00  0.0000E+00  0.0000E+00  2.8236E-01  6.5781E+00  4.0816E+00  6.5345E-01  4.7646E+02  1.0000E+00  2.8236E-01  0.0000E+00 -1.0000E+00 -5.7574E-01  2.8236E-01 -8.5810E-01  0.0000E+00
  1.0000E+00  2.1360E+03  8.9000E+01  5.4511E-01  1.0000E+02  0.0000E+00  0.0000E+00  0.0000E+00  0.0000E+00  0.0000E+00  2.8100E-01  6.5461E+00  4.0616E+00  6.5025E-01  4.7674E+02  1.0000E+00  2.8100E-01  0.0000E+00 -1.0000E+00  5.4511E-01  2.8100E-01  2.6411E-01  0.0000E+00
  1.0000E+00  2.1370E+03  8.9042E+01  6.4995E-01  1.0000E+02  0.0000E+00  0.0000E+00  0.0000E+00  0.0000E+00  0.0000E+00  3.3392E-01  7.5543E+00  4.6114E+00  7.3679E-01  4.7705E+02  1.0000E+00  3.3392E-01  0.0000E+00 -1.0000E+00  6.4995E-01  3.3392E-01  3.1603E-01  0.0000E+00
  1.0000E+00  2.1380E+03  8.9083E+01  4.2020E-01  1.0000E+02  0.0000E+00  0.0000E+00  0.0000E+00  0.0000E+00  0.0000E+00  3.5391E-01  8.1585E+00  5.0218E+00  8.0303E-01  4.7740E+02  1.0000E+00  3.5391E-01  0.0000E+00 -1.0000E+00  4.2020E-01  3.5391E-01  6.6283E-02  0.0000E+00
  1.0000E+00  2.1390E+03  8.9125E+01  7.5536E-01  1.0000E+02  0.0000E+00  0.0000E+00  0.0000E+00  0.0000E+00  0.0000E+00  3.5794E-01  8.3219E+00  5.1513E+00  8.2438E-01  4.7776E+02  1.0000E+00  3.5794E-01  0.0000E+00 -1.0000E+00  7.5536E-01  3.5794E-01  3.9742E-01  0.0000E+00
  1.0000E+00  2.1400E+03  8.9167E+01  1.0206E+00  1.0000E+02  0.0000E+00  0.0000E+00  0.0000E+00  0.0000E+00  0.0000E+00  3.5464E-01  8.2765E+00  5.1368E+00  8.2238E-01  4.7811E+02  1.0000E+00  3.5464E-01  0.0000E+00 -1.0000E+00  1.0206E+00  3.5464E-01  6.6594E-01  0.0000E+00
  1.0000E+00  2.1410E+03  8.9208E+01 -1.0260E+00  1.0000E+02  0.0000E+00  0.0000E+00  0.0000E+00  0.0000E+00  0.0000E+00  3.4836E-01  8.1424E+00  5.0594E+00  8.1013E-01  4.7847E+02  1.0000E+00  3.4836E-01  0.0000E+00 -1.0000E+00 -1.0260E+00  3.4836E-01 -1.3744E+00  0.0000E+00
  1.0000E+00  2.1420E+03  8.9250E+01 -6.9708E-01  1.0000E+02  0.0000E+00  0.0000E+00  0.0000E+00  0.0000E+00  0.0000E+00  3.4122E-01  7.9789E+00  4.9598E+00  7.9423E-01  4.7881E+02  1.0000E+00  3.4122E-01  0.0000E+00 -1.0000E+00 -6.9708E-01  3.4122E-01 -1.0383E+00  0.0000E+00
  1.0000E+00  2.1430E+03  8.9292E+01  8.4787E-01  1.0000E+02  0.0000E+00  0.0000E+00  0.0000E+00  0.0000E+00  0.0000E+00  3.3419E-01  7.8139E+00  4.8575E+00  7.7785E-01  4.7915E+02  1.0000E+00  3.3419E-01  0.0000E+00 -1.0000E+00  8.4787E-01  3.3419E-01  5.1368E-01  0.0000E+00
  1.0000E+00  2.1440E+03  8.9333E+01  1.2120E+00  1.0000E+02  0.0000E+00  0.0000E+00  0.0000E+00  0.0000E+00  0.0000E+00  3.2770E-01  7.6595E+00  4.7609E+00  7.6237E-01  4.7948E+02  1.0000E+00  3.2770E-01  0.0000E+00 -1.0000E+00  1.2120E+00  3.2770E-01  8.8428E-01  0.0000E+00
  1.0000E+00  2.1450E+03  8.9375E+01  2.5717E-01  1.0000E+02  0.0000E+00  0.0000E+00  0.0000E+00  0.0000E+00  0.0000E+00  3.2186E-01  7.5202E+00  4.6734E+00  7.4834E-01  4.7980E+02  1.0000E+00  3.2186E-01  0.0000E+00 -1.0000E+00  2.5717E-01  3.2186E-01 -6.4694E-02  0.0000E+00
  1.0000E+00  2.1460E+03  8.9417E+01 -5.2909E-01  1.0000E+02  0.0000E+00  0.0000E+00  0.0000E+00  0.0000E+00  0.0000E+00  3.1670E-01  7.3965E+00  4.5955E+00  7.3586E-01  4.8012E+02  1.0000E+00  3.1670E-01  0.0000E+00 -1.0000E+00 -5.2909E-01  3.1670E-01 -8.4579E-01  0.0000E+00
  1.0000E+00  2.1470E+03  8.9458E+01 -1.4046E-01  1.0000E+02  0.0000E+00  0.0000E+00  0.0000E+00  0.0000E+00  0.0000E+00  3.1215E-01  7.2874E+00  4.5268E+00  7.2483E-01  4.8044E+02  1.0000E+00  3.1215E-01  0.0000E+00 -1.0000E+00 -1.4046E-01  3.1215E-01 -4.5261E-01  0.0000E+00
  1.0000E+00  2.1480E+03  8.9500E+01 -3.9530E-01  1.0000E+02  0.0000E+00  0.0000E+00  0.0000E+00  0.0000E+00  0.0000E+00  3.0813E-01  7.1912E+00  4.4663E+00  7.1512E-01  4.8075E+02  1.0000E+00  3.0813E-01  0.0000E+00 -1.0000E+00 -3.9530E-01  3.0813E-01 -7.0344E-01  0.0000E+00
  1.0000E+00  2.1490E+03  8.9542E+01 -1.4629E-01  1.0000E+02  0.0000E+00  0.0000E+00  0.0000E+00  0.0000E+00  0.0000E+00  3.0459E-01  7.1062E+00  4.4128E+00  7.0654E-01  4.8105E+02  1.0000E+00  3.0459E-01  0.0000E+00 -1.0000E+00 -1.4629E-01  3.0459E-01 -4.5088E-01  0.0000E+00
  1.0000E+00  2.1500E+03  8.9583E+01  6.4917E-01  1.0000E+02  0.0000E+00  0.0000E+00  0.0000E+00  0.0000E+00  0.0000E+00  3.0143E-01  7.0308E+00  4.3653E+00  6.9893E-01  4.8136E+02  1.0000E+00  3.0143E-01  0.0000E+00 -1.0000E+00  6.4917E-01  3.0143E-01  3.4773E-01  0.0000E+00
  1.0000E+00  2.1510E+03  8.9625E+01  2.2656E-01  1.0000E+02  0.0000E+00  0.0000E+00  0.0000E+00  0.0000E+00  0.0000E+00  2.9861E-01  6.9635E+00  4.3230E+00  6.9214E-01  4.8166E+02  1.0000E+00  2.9861E-01  0.0000E+00 -1.0000E+00  2.2656E-01  2.9861E-01 -7.2058E-02  0.0000E+00
  1.0000E+00  2.1520E+03  8.9667E+01  1.3845E+00  1.0000E+02  0.0000E+00  0.0000E+00  0.0000E+00  0.0000E+00  0.0000E+00  2.9608E-01  6.9030E+00  4.2850E+00  6.8605E-01  4.8195E+02  1.0000E+00  2.9608E-01  0.0000E+00 -1.0000E+00  1.3845E+00  2.9608E-01  1.0884E+00  0.0000E+00
  1.0000E+00  2.1530E+03  8.9708E+01 -5.4196E-01  1.0000E+02  0.0000E+00  0.0000E+00  0.0000E+00  0.0000E+00  0.0000E+00  2.9378E-01  6.8483E+00  4.2507E+00  6.8054E-01  4.8225E+02  1.0000E+00  2.9378E-01  0.0000E+00 -1.0000E+00 -5.4196E-01  2.9378E-01 -8.3574E-01  0.0000E+00
  1.0000E+00  2.1540E+03  8.9750E+01 -1.4197E+00  1.0000E+02  0.0000E+00  0.0000E+00  0.0000E+00  0.0000E+00  0.0000E+00  2.9168E-01  6.7985E+00  4.2194E+00  6.7554E-01  4.8254E+02  1.0000E+00  2.9168E-01  0.0000E+00 -1.0000E+00 -1.4197E+00  2.9168E-01 -1.7114E+00  0.0000E+00
  1.0000E+00  2.1550E+03  8.9792E+01 -9.7573E-02  1.0000E+02  0.0000E+00  0.0000E+00  0.0000E+00  0.0000E+00  0.0000E+00  2.8976E-01  6.7529E+00  4.1908E+00  6.7095E-01  4.8283E+02  1.0000E+00  2.8976E-01  0.0000E+00 -1.0000E+00 -9.7573E-02  2.8976E-01 -3.8733E-01  0.0000E+00
  1.0000E+00  2.1560E+03  8.9833E+01  1.1218E+00  1.0000E+02  0.0000E+00  0.0000E+00  0.0000E+00  0.0000E+00  0.0000E+00  2.8798E-01  6.7108E+00  4.1645E+00  6.6673E-01  4.8312E+02  1.0000E+00  2.8798E-01  0.0000E+00 -1.0000E+00  1.1218E+00  2.8798E-01  8.3381E-01  0.0000E+00
  1.0000E+00  2.1570E+03  8.9875E+01 -4.0890E-01  1.0000E+02  0.0000E+00  0.0000E+00  0.0000E+00  0.0000E+00  0.0000E+00  2.8634E-01  6.6718E+00  4.1401E+00  6.6281E-01  4.8341E+02  1.0000E+00  2.8634E-01  0.0000E+00 -1.0000E+00 -4.0890E-01  2.8634E-01 -6.9524E-01  0.0000E+00
  1.0000E+00  2.1580E+03  8.9917E+01 -3.4019E-02  1.0000E+02  0.0000E+00  0.0000E+00  0.0000E+00  0.0000E+00  0.0000E+00  2.8480E-01  6.6354E+00  4.1173E+00  6.5917E-01  4.8369E+02  1.0000E+00  2.8480E-01  0.0000E+00 -1.0000E+00 -3.4019E-02  2.8480E-01 -3.1882E-01  0.0000E+00
  1.0000E+00  2.1590E+03  8.9958E+01 -1.2296E+00  1.0000E+02  0.0000E+00  0.0000E+00  0.0000E+00  0.0000E+00  0.0000E+00  2.8335E-01  6.6013E+00  4.0960E+00  6.5575E-01  4.8398E+02  1.0000E+00  2.8335E-01  0.0000E+00 -1.0000E+00 -1.2296E+00  2.8335E-01 -1.5130E+00  0.0000E+00
  1.0000E+00  2.1600E+03  9.0000E+01  1.5421E+00  1.0000E+02  0.0000E+00  0.0000E+00  0.0000E+00  0.0000E+00  0.0000E+00  2.8199E-01  6.5692E+00  4.0760E+00  6.5255E-01  4.8426E+02  1.0000E+00  2.8199E-01  0.0000E+00 -1.0000E+00  1.5421E+00  2.8199E-01  1.2601E+00  0.0000E+00
  1.0000E+00  2.1610E+03  9.0042E+01  5.5515E-01  1.0000E+02  0.0000E+00  0.0000E+00  0.0000E+00  0.0000E+00  0.0000E+00  3.3491E-01  7.5774E+00  4.6257E+00  7.3909E-01  4.8457E+02  1.0000E+00  3.3491E-01  0.0000E+00 -1.0000E+00  5.5515E-01  3.3491E-01  2.2023E-01  0.0000E+00
  1.0000E+00  2.1620E+03  9.0083E+01  8.9981E-01  1.0000E+02  0.0000E+00  0.0000E+00  0.0000E+00  0.0000E+00  0.0000E+00  3.5491E-01  8.1816E+00  5.0361E+00  8.0533E-01  4.8492E+02  1.0000E+00  3.5491E-01  0.0000E+00 -1.0000E+00  8.9981E-01  3.5491E-01  5.4491E-01  0.0000E+00
  1.0000E+00  2.1630E+03  9.0125E+01 -9.4868E-01  1.0000E+02  0.0000E+00  0.0000E+00  0.0000E+00  0.0000E+00  0.0000E+00  3.5893E-01  8.3450E+00  5.1656E+00  8.2667E-01  4.8528E+02  1.0000E+00  3.5893E-01  0.0000E+00 -1.0000E+00 -9.4868E-01  3.5893E-01 -1.3076E+00  0.0000E+00
  1.0000E+00  2.1640E+03  9.0167E+01  4.5824E-01  1.0000E+02  0.0000E+00  0.0000E+00  0.0000E+00  0.0000E+00  0.0000E+00  3.5564E-01  8.2996E+00  5.1512E+00  8.2467E-01  4.8563E+02  1.0000E+00  3.5564E-01  0.0000E+00 -1.0000E+00  4.5824E-01  3.5564E-01  1.0260E-01  0.0000E+00
  1.0000E+00  2.1650E+03  9.0208E+01 -1.7703E-01  1.0000E+02  0.0000E+00  0.0000E+00  0.0000E+00  0.0000E+00  0.0000E+00  3.4935E-01  8.1655E+00  5.0737E+00  8.1242E-01  4.8599E+02  1.0000E+00  3.4935E-01  0.0000E+00 -1.0000E+00 -1.7703E-01  3.4935E-01 -5.2638E-01  0.0000E+00
  1.0000E+00  2.1660E+03  9.0250E+01 -2.9835E-01  1.0000E+02  0.0000E+00  0.0000E+00  0.0000E+00  0.0000E+00  0.0000E+00  3.4221E-01  8.0019E+00  4.9741E+00  7.9652E-01  4.8633E+02  1.0000E+00  3.4221E-01  0.0000E+00 -1.0000E+00 -2.9835E-01  3.4221E-01 -6.4055E-01  0.0000E+00
  1.0000E+00  2.1670E+03  9.0292E+01 -6.4327E-01  1.0000E+02  0.0000E+00  0.0000E+00  0.0000E+00  0.0000E+00  0.0000E+00  3.3518E-01  7.8369E+00  4.8717E+00  7.8013E-01  4.8667E+02  1.0000E+00  3.3518E-01  0.0000E+00 -1.0000E+00 -6.4327E-01  3.3518E-01 -9.7845E-01  0.0000E+00
  1.0000E+00  2.1680E+03  9.0333E+01 -3.2386E-01  1.0000E+02  0.0000E+00  0.0000E+00  0.0000E+00  0.0000E+00  0.0000E+00  3.2868E-01  7.6825E+00  4.7752E+00  7.6466E-01  4.8700E+02  1.0000E+00  3.2868E-01  0.0000E+00 -1.0000E+00 -3.2386E-01  3.2868E-01 -6.5254E-01  0.0000E+00
  1.0000E+00  2.1690E+03  9.0375E+01  6.2083E-01  1.0000E+02  0.0000E+00  0.0000E+00  0.0000E+00  0.0000E+00  0.0000E+00  3.2285E-01  7.5432E+00  4.6876E+00  7.5062E-01  4.8733E+02  1.0000E+00  3.2285E-01  0.0000E+00 -1.0000E+00  6.2083E-01  3.2285E-01  2.9798E-01  0.0000E+00
  1.0000E+00  2.1700E+03  9.0417E+01  7.3096E-02  1.0000E+02  0.0000E+00  0.0000E+00  0.0000E+00  0.0000E+00  0.0000E+00  3.1769E-01  7.4194E+00  4.6098E+00  7.3814E-01  4.8765E+02  1.0000E+00  3.1769E-01  0.0000E+00 -1.0000E+00  7.3096E-02  3.1769E-01 -2.4459E-01  0.0000E+00
  1.0000E+00  2.1710E+03  9.0458E+01 -4.4625E-01  1.0000E+02  0.0000E+00  0.0000E+00  0.0000E+00  0.0000E+00  0.0000E+00  3.1313E-01  7.3103E+00  4.5411E+00  7.2711E-01  4.8797E+02  1.0000E+00  3.1313E-01  0.0000E+00 -1.0000E+00 -4.4625E-01  3.1313E-01 -7.5938E-01  0.0000E+00
  1.0000E+00  2.1720E+03  9.0500E+01 -1.2096E+00  1.0000E+02  0.0000E+00  0.0000E+00  0.0000E+00  0.0000E+00  0.0000E+00  3.0912E-01  7.2141E+00  4.4805E+00  7.1740E-01  4.8828E+02  1.0000E+00  3.0912E-01  0.0000E+00 -1.0000E+00 -1.2096E+00  3.0912E-01 -1.5187E+00  0.0000E+00
  1.0000E+00  2.1730E+03  9.0542E+01 -6.0480E-02  1.0000E+02  0.0000E+00  0.0000E+00  0.0000E+00  0.0000E+00  0.0000E+00  3.0557E-01  7.1291E+00  4.4270E+00  7.0881E-01  4.8858E+02  1.0000E+00  3.0557E-01  0.0000E+00 -1.0000E+00 -6.0480E-02  3.0557E-01 -3.6605E-01  0.0000E+00
  1.0000E+00  2.1740E+03  9.0583E+01 -4.0660E-01  1.0000E+02  0.0000E+00  0.0000E+00  0.0000E+00  0.0000E+00  0.0000E+00  3.0242E-01  7.0537E+00  4.3795E+00  7.0120E-01  4.8889E+02  1.0000E+00  3.0242E-01  0.0000E+00 -1.0000E+00 -4.0660E-01  3.0242E-01 -7.0901E-01  0.0000E+00
  1.0000E+00  2.1750E+03  9.0625E+01  1.6300E-01  1.0000E+02  0.0000E+00  0.0000E+00  0.0000E+00  0.0000E+00  0.0000E+00  2.9960E-01  6.9864E+00  4.3372E+00  6.9441E-01  4.8919E+02  1.0000E+00  2.9960E-01  0.0000E+00 -1.0000E+00  1.6300E-01  2.9960E-01 -1.3660E-01  0.0000E+00
  1.0000E+00  2.1760E+03  9.0667E+01 -1.1836E+00  1.0000E+02  0.0000E+00  0.0000E+00  0.0000E+00  0.0000E+00  0.0000E+00  2.9706E-01  6.9259E+00  4.2992E+00  6.8832E-01  4.8949E+02  1.0000E+00  2.9706E-01  0.0000E+00 -1.0000E+00 -1.1836E+00  2.9706E-01 -1.4807E+00  0.0000E+00
  1.0000E+00  2.1770E+03  9.0708E+01 -6.0157E-01  1.0000E+02  0.0000E+00  0.0000E+00  0.0000E+00  0.0000E+00  0.0000E+00  2.9476E-01  6.8711E+00  4.2648E+00  6.8281E-01  4.8978E+02  1.0000E+00  2.9476E-01  0.0000E+00 -1.0000E+00 -6.0157E-01  2.9476E-01 -8.9633E-01  0.0000E+00
  1.0000E+00  2.1780E+03  9.0750E+01  8.5818E-01  1.0000E+02  0.0000E+00  0.0000E+00  0.0000E+00  0.0000E+00  0.0000E+00  2.9266E-01  6.8213E+00  4.2336E+00  6.7780E-01  4.9008E+02  1.0000E+00  2.9266E-01  0.0000E+00 -1.0000E+00  8.5818E-01  2.9266E-01  5.6552E-01  0.0000E+00
  1.0000E+00  2.1790E+03  9.0792E+01 -2.5217E-02  1.0000E+02  0.0000E+00  0.0000E+00  0.0000E+00  0.0000E+00  0.0000E+00  2.9074E-01  6.7756E+00  4.2050E+00  6.7321E-01  4.9037E+02  1.0000E+00  2.9074E-01  0.0000E+00 -1.0000E+00 -2.5217E-02  2.9074E-01 -3.1596E-01  0.0000E+00
  1.0000E+00  2.1800E+03  9.0833E+01 -2.5183E-01  1.0000E+02  0.0000E+00  0.0000E+00  0.0000E+00  0.0000E+00  0.0000E+00  2.8896E-01  6.7335E+00  4.1786E+00  6.6899E-01  4.9066E+02  1.0000E+00  2.8896E-01  0.0000E+00 -1.0000E+00 -2.5183E-01  2.8896E-01 -5.4079E-01  0.0000E+00
  1.0000E+00  2.1810E+03  9.0875E+01  7.7730E-01  1.0000E+02  0.0000E+00  0.0000E+00  0.0000E+00  0.0000E+00  0.0000E+00  2.8731E-01  6.6945E+00  4.1542E+00  6.6507E-01  4.9095E+02  1.0000E+00  2.8731E-01  0.0000E+00 -1.0000E+00  7.7730E-01  2.8731E-01  4.8998E-01  0.0000E+00
  1.0000E+00  2.1820E+03  9.0917E+01  1.2835E-01  1.0000E+02  0.0000E+00  0.0000E+00  0.0000E+00  0.0000E+00  0.0000E+00  2.8577E-01  6.6581E+00  4.1314E+00  6.6142E-01  4.9123E+02  1.0000E+00  2.8577E-01  0.0000E+00 -1.0000E+00  1.2835E-01  2.8577E-01 -1.5742E-01  0.0000E+00
  1.0000E+00  2.1830E+03  9.0958E+01  1.2202E+00  1.0000E+02  0.0000E+00  0.0000E+00  0.0000E+00  0.0000E+00  0.0000E+00  2.8433E-01  6.6240E+00  4.1101E+00  6.5801E-01  4.9152E+02  1.0000E+00  2.8433E-01  0.0000E+00 -1.0000E+00  1.2202E+00  2.8433E-01  9.3585E-01  0.0000E+00
  1.0000E+00  2.1840E+03  9.1000E+01  1.6033E+00  1.0000E+02  0.0000E+00  0.0000E+00  0.0000E+00  0.0000E+00  0.0000E+00  2.8297E-01  6.5919E+00  4.0901E+00  6.5480E-01  4.9180E+02  1.0000E+00  2.8297E-01  0.0000E+00 -1.0000E+00  1.6033E+00  2.8297E-01  1.3203E+00  0.0000E+00
  1.0000E+00  2.1850E+03  9.1042E+01 -1.0400E-01  1.0000E+02  0.0000E+00  0.0000E+00  0.0000E+00  0.0000E+00  0.0000E+00  3.3589E-01  7.6001E+00  4.6398E+00  7.4134E-01  4.9211E+02  1.0000E+00  3.3589E-01  0.0000E+00 -1.0000E+00 -1.0400E-01  3.3589E-01 -4.3989E-01  0.0000E+00
  1.0000E+00  2.1860E+03  9.1083E+01 -9.0706E-01  1.0000E+02  0.0000E+00  0.0000E+00  0.0000E+00  0.0000E+00  0.0000E+00  3.5588E-01  8.2043E+00  5.0502E+00  8.0758E-01  4.9246E+02  1.0000E+00  3.5588E-01  0.0000E+00 -1.0000E+00 -9.0706E-01  3.5588E-01 -1.2629E+00  0.0000E+00
  1.0000E+00  2.1870E+03  9.1125E+01  1.7324E+00  1.0000E+02  0.0000E+00  0.0000E+00  0.0000E+00  0.0000E+00  0.0000E+00  3.5991E-01  8.3677E+00  5.1797E+00  8.2892E-01  4.9282E+02  1.0000E+00  3.5991E-01  0.0000E+00 -1.0000E+00  1.7324E+00  3.5991E-01  1.3725E+00  0.0000E+00
  1.0000E+00  2.1880E+03  9.1167E+01 -1.7718E+00  1.0000E+02  0.0000E+00  0.0000E+00  0.0000E+00  0.0000E+00  0.0000E+00  3.5661E-01  8.3222E+00  5.1652E+00  8.2692E-01  4.9318E+02  1.0000E+00  3.5661E-01  0.0000E+00 -1.0000E+00 -1.7718E+00  3.5661E-01 -2.1284E+00  0.0000E+00
  1.0000E+00  2.1890E+03  9.1208E+01  8.8056E-02  1.0000E+02  0.0000E+00  0.0000E+00  0.0000E+00  0.0000E+00  0.0000E+00  3.5033E-01  8.1881E+00  5.0877E+00  8.1466E-01  4.9353E+02  1.0000E+00  3.5033E-01  0.0000E+00 -1.0000E+00  8.8056E-02  3.5033E-01 -2.6227E-01  0.0000E+00
  1.0000E+00  2.1900E+03  9.1250E+01  1.6040E+00  1.0000E+02  0.0000E+00  0.0000E+00  0.0000E+00  0.0000E+00  0.0000E+00  3.4318E-01  8.0245E+00  4.9881E+00  7.9876E-01  4.9388E+02  1.0000E+00  3.4318E-01  0.0000E+00 -1.0000E+00  1.6040E+00  3.4318E-01  1.2609E+00  0.0000E+00
  1.0000E+00  2.1910E+03  9.1292E+01 -5.0959E-01  1.0000E+02  0.0000E+00  0.0000E+00  0.0000E+00  0.0000E+00  0.0000E+00  3.3615E-01  7.8594E+00  4.8857E+00  7.8237E-01  4.9422E+02  1.0000E+00  3.3615E-01  0.0000E+00 -1.0000E+00 -5.0959E-01  3.3615E-01 -8.4574E-01  0.0000E+00
  1.0000E+00  2.1920E+03  9.1333E+01  1.3459E+00  1.0000E+02  0.0000E+00  0.0000E+00  0.0000E+00  0.0000E+00  0.0000E+00  3.2965E-01  7.7051E+00  4.7891E+00  7.6690E-01  4.9455E+02  1.0000E+00  3.2965E-01  0.0000E+00 -1.0000E+00  1.3459E+00  3.2965E-01  1.0163E+00  0.0000E+00
  1.0000E+00  2.1930E+03  9.1375E+01 -1.7289E-01  1.0000E+02  0.0000E+00  0.0000E+00  0.0000E+00  0.0000E+00  0.0000E+00  3.2382E-01  7.5657E+00  4.7016E+00  7.5286E-01  4.9488E+02  1.0000E+00  3.2382E-01  0.0000E+00 -1.0000E+00 -1.7289E-01  3.2382E-01 -4.9671E-01  0.0000E+00
  1.0000E+00  2.1940E+03  9.1417E+01 -8.8721E-01  1.0000E+02  0.0000E+00  0.0000E+00  0.0000E+00  0.0000E+00  0.0000E+00  3.1865E-01  7.4419E+00  4.6237E+00  7.4037E-01  4.9520E+02  1.0000E+00  3.1865E-01  0.0000E+00 -1.0000E+00 -8.8721E-01  3.1865E-01 -1.2059E+00  0.0000E+00
  1.0000E+00  2.1950E+03  9.1458E+01 -3.7785E-01  1.0000E+02  0.0000E+00  0.0000E+00  0.0000E+00  0.0000E+00  0.0000E+00  3.1410E-01  7.3328E+00  4.5550E+00  7.2934E-01  4.9552E+02  1.0000E+00  3.1410E-01  0.0000E+00 -1.0000E+00 -3.7785E-01  3.1410E-01 -6.9195E-01  0.0000E+00
  1.0000E+00  2.1960E+03  9.1500E+01  8.4574E-01  1.0000E+02  0.0000E+00  0.0000E+00  0.0000E+00  0.0000E+00  0.0000E+00  3.1009E-01  7.2366E+00  4.4944E+00  7.1963E-01  4.9583E+02  1.0000E+00  3.1009E-01  0.0000E+00 -1.0000E+00  8.4574E-01  3.1009E-01  5.3565E-01  0.0000E+00
  1.0000E+00  2.1970E+03  9.1542E+01  1.5956E+00  1.0000E+02  0.0000E+00  0.0000E+00  0.0000E+00  0.0000E+00  0.0000E+00  3.0654E-01  7.1516E+00  4.4409E+00  7.1104E-01  4.9614E+02  1.0000E+00  3.0654E-01  0.0000E+00 -1.0000E+00  1.5956E+00  3.0654E-01  1.2890E+00  0.0000E+00
  1.0000E+00  2.1980E+03  9.1583E+01 -2.2393E-01  1.0000E+02  0.0000E+00  0.0000E+00  0.0000E+00  0.0000E+00  0.0000E+00  3.0338E-01  7.0761E+00  4.3934E+00  7.0343E-01  4.9644E+02  1.0000E+00  3.0338E-01  0.0000E+00 -1.0000E+00 -2.2393E-01  3.0338E-01 -5.2731E-01  0.0000E+00
  1.0000E+00  2.1990E+03  9.1625E+01  1.5697E+00  1.0000E+02  0.0000E+00  0.0000E+00  0.0000E+00  0.0000E+00  0.0000E+00  3.0056E-01  7.0088E+00  4.3511E+00  6.9664E-01  4.9674E+02  1.0000E+00  3.0056E-01  0.0000E+00 -1.0000E+00  1.5697E+00  3.0056E-01  1.2691E+00  0.0000E+00
  1.0000E+00  2.2000E+03  9.1667E+01  1.0090E-01  1.0000E+02  0.0000E+00  0.0000E+00  0.0000E+00  0.0000E+00  0.0000E+00  2.9802E-01  6.9482E+00  4.3131E+00  6.9054E-01  4.9704E+02  1.0000E+00  2.9802E-01  0.0000E+00 -1.0000E+00  1.0090E-01  2.9802E-01 -1.9712E-01  0.0000E+00
  1.0000E+00  2.2010E+03  9.1708E+01  6.3212E-01  1.0000E+02  0.0000E+00  0.0000E+00  0.0000E+00  0.0000E+00  0.0000E+00  2.9572E-01  6.8935E+00  4.2787E+00  6.8503E-01  4.9734E+02  1.0000E+00  2.9572E-01  0.0000E+00 -1.0000E+00  6.3212E-01  2.9572E-01  3.3640E-01  0.0000E+00
  1.0000E+00  2.2020E+03  9.1750E+01  1.6836E-01  1.0000E+02  0.0000E+00  0.0000E+00  0.0000E+00  0.0000E+00  0.0000E+00  2.9362E-01  6.8437E+00  4.2474E+00  6.8002E-01  4.9763E+02  1.0000E+00  2.9362E-01  0.0000E+00 -1.0000E+00  1.6836E-01  2.9362E-01 -1.2526E-01  0.0000E+00
  1.0000E+00  2.2030E+03  9.1792E+01  1.5117E+00  1.0000E+02  0.0000E+00  0.0000E+00  0.0000E+00  0.0000E+00  0.0000E+00  2.9170E-01  6.7980E+00  4.2188E+00  6.7543E-01  4.9793E+02  1.0000E+00  2.9170E-01  0.0000E+00 -1.0000E+00  1.5117E+00  2.9170E-01  1.2200E+00  0.0000E+00
  1.0000E+00  2.2040E+03  9.1833E+01  1.4945E+00  1.0000E+02  0.0000E+00  0.0000E+00  0.0000E+00  0.0000E+00  0.0000E+00  2.8992E-01  6.7559E+00  4.1924E+00  6.7120E-01  4.9822E+02  1.0000E+00  2.8992E-01  0.0000E+00 -1.0000E+00  1.4945E+00  2.8992E-01  1.2046E+00  0.0000E+00
  1.0000E+00  2.2050E+03  9.1875E+01  1.3953E-01  1.0000E+02  0.0000E+00  0.0000E+00  0.0000E+00  0.0000E+00  0.0000E+00  2.8827E-01  6.7168E+00  4.1680E+00  6.6729E-01  4.9851E+02  1.0000E+00  2.8827E-01  0.0000E+00 -1.0000E+00  1.3953E-01  2.8827E-01 -1.4874E-01  0.0000E+00
  1.0000E+00  2.2060E+03  9.1917E+01 -2.2722E-01  1.0000E+02  0.0000E+00  0.0000E+00  0.0000E+00  0.0000E+00  0.0000E+00  2.8673E-01  6.6804E+00  4.1452E+00  6.6364E-01  4.9879E+02  1.0000E+00  2.8673E-01  0.0000E+00 -1.0000E+00 -2.2722E-01  2.8673E-01 -5.1395E-01  0.0000E+00
  1.0000E+00  2.2070E+03  9.1958E+01  2.2335E+00  1.0000E+02  0.0000E+00  0.0000E+00  0.0000E+00  0.0000E+00  0.0000E+00  2.8529E-01  6.6463E+00  4.1239E+00  6.6022E-01  4.9908E+02  1.0000E+00  2.8529E-01  0.0000E+00 -1.0000E+00  2.2335E+00  2.8529E-01  1.9482E+00  0.0000E+00
  1.0000E+00  2.2080E+03  9.2000E+01  1.8448E+00  1.0000E+02  0.0000E+00  0.0000E+00  0.0000E+00  0.0000E+00  0.0000E+00  2.8393E-01  6.6142E+00  4.1038E+00  6.5701E-01  4.9937E+02  1.0000E+00  2.8393E-01  0.0000E+00 -1.0000E+00  1.8448E+00  2.8393E-01  1.5609E+00  0.0000E+00
  1.0000E+00  2.2090E+03  9.2042E+01  6.0211E-02  1.0000E+02  0.0000E+00  0.0000E+00  0.0000E+00  0.0000E+00  0.0000E+00  3.3684E-01  7.6223E+00  4.6536E+00  7.4355E-01  4.9968E+02  1.0000E+00  3.3684E-01  0.0000E+00 -1.0000E+00  6.0211E-02  3.3684E-01 -2.7663E-01  0.0000E+00
  1.0000E+00  2.2100E+03  9.2083E+01  5.3936E-01  1.0000E+02  0.0000E+00  0.0000E+00  0.0000E+00  0.0000E+00  0.0000E+00  3.5683E-01  8.2265E+00  5.0639E+00  8.0978E-01  5.0003E+02  1.0000E+00  3.5683E-01  0.0000E+00 -1.0000E+00  5.3936E-01  3.5683E-01  1.8253E-01  0.0000E+00
  1.0000E+00  2.2110E+03  9.2125E+01  7.8172E-01  1.0000E+02  0.0000E+00  0.0000E+00  0.0000E+00  0.0000E+00  0.0000E+00  3.6086E-01  8.3899E+00  5.1934E+00  8.3112E-01  5.0039E+02  1.0000E+00  3.6086E-01  0.0000E+00 -1.0000E+00  7.8172E-01  3.6086E-01  4.2087E-01  0.0000E+00
  1.0000E+00  2.2120E+03  9.2167E+01  1.6519E+00  1.0000E+02  0.0000E+00  0.0000E+00  0.0000E+00  0.0000E+00  0.0000E+00  3.5756E-01  8.3444E+00  5.1789E+00  8.2912E-01  5.0075E+02  1.0000E+00  3.5756E-01  0.0000E+00 -1.0000E+00  1.6519E+00  3.5756E-01  1.2944E+00  0.0000E+00
  1.0000E+00  2.2130E+03  9.2208E+01  6.6030E-01  1.0000E+02  0.0000E+00  0.0000E+00  0.0000E+00  0.0000E+00  0.0000E+00  3.5128E-01  8.2102E+00  5.1015E+00  8.1686E-01  5.0110E+02  1.0000E+00  3.5128E-01  0.0000E+00 -1.0000E+00  6.6030E-01  3.5128E-01  3.0902E-01  0.0000E+00
  1.0000E+00  2.2140E+03  9.2250E+01  6.6953E-01  1.0000E+02  0.0000E+00  0.0000E+00  0.0000E+00  0.0000E+00  0.0000E+00  3.4413E-01  8.0466E+00  5.0018E+00  8.0095E-01  5.0145E+02  1.0000E+00  3.4413E-01  0.0000E+00 -1.0000E+00  6.6953E-01  3.4413E-01  3.2540E-01  0.0000E+00
  1.0000E+00  2.2150E+03  9.2292E+01  6.6782E-04  1.0000E+02  0.0000E+00  0.0000E+00  0.0000E+00  0.0000E+00  0.0000E+00  3.3710E-01  7.8815E+00  4.8994E+00  7.8456E-01  5.0179E+02  1.0000E+00  3.3710E-01  0.0000E+00 -1.0000E+00  6.6782E-04  3.3710E-01 -3.3643E-01  0.0000E+00
  1.0000E+00  2.2160E+03  9.2333E+01 -2.0016E-01  1.0000E+02  0.0000E+00  0.0000E+00  0.0000E+00  0.0000E+00  0.0000E+00  3.3060E-01  7.7272E+00  4.8028E+00  7.6909E-01  5.0212E+02  1.0000E+00  3.3060E-01  0.0000E+00 -1.0000E+00 -2.0016E-01  3.3060E-01 -5.3076E-01  0.0000E+00
  1.0000E+00  2.2170E+03  9.2375E+01 -1.8248E-01  1.0000E+02  0.0000E+00  0.0000E+00  0.0000E+00  0.0000E+00  0.0000E+00  3.2477E-01  7.5878E+00  4.7153E+00  7.5505E-01  5.0245E+02  1.0000E+00  3.2477E-01  0.0000E+00 -1.0000E+00 -1.8248E-01  3.2477E-01 -5.0725E-01  0.0000E+00
  1.0000E+00  2.2180E+03  9.2417E+01  1.0103E+00  1.0000E+02  0.0000E+00  0.0000E+00  0.0000E+00  0.0000E+00  0.0000E+00  3.1960E-01  7.4640E+00  4.6374E+00  7.4256E-01  5.0277E+02  1.0000E+00  3.1960E-01  0.0000E+00 -1.0000E+00  1.0103E+00  3.1960E-01  6.9070E-01  0.0000E+00
  1.0000E+00  2.2190E+03  9.2458E+01 -6.6478E-01  1.0000E+02  0.0000E+00  0.0000E+00  0.0000E+00  0.0000E+00  0.0000E+00  3.1505E-01  7.3548E+00  4.5687E+00  7.3153E-01  5.0309E+02  1.0000E+00  3.1505E-01  0.0000E+00 -1.0000E+00 -6.6478E-01  3.1505E-01 -9.7982E-01  0.0000E+00
  1.0000E+00  2.2200E+03  9.2500E+01  5.5251E-01  1.0000E+02  0.0000E+00  0.0000E+00  0.0000E+00  0.0000E+00  0.0000E+00  3.1103E-01  7.2586E+00  4.5081E+00  7.2181E-01  5.0340E+02  1.0000E+00  3.1103E-01  0.0000E+00 -1.0000E+00  5.5251E-01  3.1103E-01  2.4148E-01  0.0000E+00
  1.0000E+00  2.2210E+03  9.2542E+01  5.2151E-01  1.0000E+02  0.0000E+00  0.0000E+00  0.0000E+00  0.0000E+00  0.0000E+00  3.0748E-01  7.1736E+00  4.4545E+00  7.1323E-01  5.0371E+02  1.0000E+00  3.0748E-01  0.0000E+00 -1.0000E+00  5.2151E-01  3.0748E-01  2.1403E-01  0.0000E+00
  1.0000E+00  2.2220E+03  9.2583E+01 -6.7014E-01  1.0000E+02  0.0000E+00  0.0000E+00  0.0000E+00  0.0000E+00  0.0000E+00  3.0432E-01  7.0981E+00  4.4071E+00  7.0561E-01  5.0402E+02  1.0000E+00  3.0432E-01  0.0000E+00 -1.0000E+00 -6.7014E-01  3.0432E-01 -9.7447E-01  0.0000E+00
  1.0000E+00  2.2230E+03  9.2625E+01  5.2341E-01  1.0000E+02  0.0000E+00  0.0000E+00  0.0000E+00  0.0000E+00  0.0000E+00  3.0150E-01  7.0307E+00  4.3647E+00  6.9882E-01  5.0432E+02  1.0000E+00  3.0150E-01  0.0000E+00 -1.0000E+00  5.2341E-01  3.0150E-01  2.2191E-01  0.0000E+00
  1.0000E+00  2.2240E+03  9.2667E+01  2.1318E+00  1.0000E+02  0.0000E+00  0.0000E+00  0.0000E+00  0.0000E+00  0.0000E+00  2.9896E-01  6.9702E+00  4.3267E+00  6.9272E-01  5.0462E+02  1.0000E+00  2.9896E-01  0.0000E+00 -1.0000E+00  2.1318E+00  2.9896E-01  1.8329E+00  0.0000E+00
  1.0000E+00  2.2250E+03  9.2708E+01  1.8487E+00  1.0000E+02  0.0000E+00  0.0000E+00  0.0000E+00  0.0000E+00  0.0000E+00  2.9666E-01  6.9154E+00  4.2923E+00  6.8721E-01  5.0492E+02  1.0000E+00  2.9666E-01  0.0000E+00 -1.0000E+00  1.8487E+00  2.9666E-01  1.5521E+00  0.0000E+00
  1.0000E+00  2.2260E+03  9.2750E+01  2.5346E-02  1.0000E+02  0.0000E+00  0.0000E+00  0.0000E+00  0.0000E+00  0.0000E+00  2.9456E-01  6.8656E+00  4.2610E+00  6.8219E-01  5.0522E+02  1.0000E+00  2.9456E-01  0.0000E+00 -1.0000E+00  2.5346E-02  2.9456E-01 -2.6922E-01  0.0000E+00
  1.0000E+00  2.2270E+03  9.2792E+01  1.8605E+00  1.0000E+02  0.0000E+00  0.0000E+00  0.0000E+00  0.0000E+00  0.0000E+00  2.9264E-01  6.8199E+00  4.2324E+00  6.7760E-01  5.0551E+02  1.0000E+00  2.9264E-01  0.0000E+00 -1.0000E+00  1.8605E+00  2.9264E-01  1.5679E+00  0.0000E+00
  1.0000E+00  2.2280E+03  9.2833E+01  1.3695E+00  1.0000E+02  0.0000E+00  0.0000E+00  0.0000E+00  0.0000E+00  0.0000E+00  2.9086E-01  6.7777E+00  4.2060E+00  6.7337E-01  5.0580E+02  1.0000E+00  2.9086E-01  0.0000E+00 -1.0000E+00  1.3695E+00  2.9086E-01  1.0786E+00  0.0000E+00
  1.0000E+00  2.2290E+03  9.2875E+01  3.6226E-02  1.0000E+02  0.0000E+00  0.0000E+00  0.0000E+00  0.0000E+00  0.0000E+00  2.8921E-01  6.7386E+00  4.1815E+00  6.6945E-01  5.0609E+02  1.0000E+00  2.8921E-01  0.0000E+00 -1.0000E+00  3.6226E-02  2.8921E-01 -2.5298E-01  0.0000E+00
  1.0000E+00  2.2300E+03  9.2917E+01 -1.3007E-01  1.0000E+02  0.0000E+00  0.0000E+00  0.0000E+00  0.0000E+00  0.0000E+00  2.8767E-01  6.7022E+00  4.1588E+00  6.6580E-01  5.0638E+02  1.0000E+00  2.8767E-01  0.0000E+00 -1.0000E+00 -1.3007E-01  2.8767E-01 -4.1774E-01  0.0000E+00
  1.0000E+00  2.2310E+03  9.2958E+01 -5.4374E-01  1.0000E+02  0.0000E+00  0.0000E+00  0.0000E+00  0.0000E+00  0.0000E+00  2.8622E-01  6.6681E+00  4.1374E+00  6.6238E-01  5.0667E+02  1.0000E+00  2.8622E-01  0.0000E+00 -1.0000E+00 -5.4374E-01  2.8622E-01 -8.2997E-01  0.0000E+00
  1.0000E+00  2.2320E+03  9.3000E+01  2.4944E+00  1.0000E+02  0.0000E+00  0.0000E+00  0.0000E+00  0.0000E+00  0.0000E+00  2.8486E-01  6.6359E+00  4.1174E+00  6.5917E-01  5.0695E+02  1.0000E+00  2.8486E-01  0.0000E+00 -1.0000E+00  2.4944E+00  2.8486E-01  2.2096E+00  0.0000E+00
  1.0000E+00  2.2330E+03  9.3042E+01  8.2279E-01  1.0000E+02  0.0000E+00  0.0000E+00  0.0000E+00  0.0000E+00  0.0000E+00  3.3778E-01  7.6441E+00  4.6671E+00  7.4571E-01  5.0727E+02  1.0000E+00  3.3778E-01  0.0000E+00 -1.0000E+00  8.2279E-01  3.3778E-01  4.8501E-01  0.0000E+00
  1.0000E+00  2.2340E+03  9.3083E+01  8.1194E-02  1.0000E+02  0.0000E+00  0.0000E+00  0.0000E+00  0.0000E+00  0.0000E+00  3.5777E-01  8.2482E+00  5.0774E+00  8.1194E-01  5.0762E+02  1.0000E+00  3.5777E-01  0.0000E+00 -1.0000E+00  8.1194E-02  3.5777E-01 -2.7658E-01  0.0000E+00
  1.0000E+00  2.2350E+03  9.3125E+01  1.0928E+00  1.0000E+02  0.0000E+00  0.0000E+00  0.0000E+00  0.0000E+00  0.0000E+00  3.6179E-01  8.4116E+00  5.2069E+00  8.3328E-01  5.0798E+02  1.0000E+00  3.6179E-01  0.0000E+00 -1.0000E+00  1.0928E+00  3.6179E-01  7.3096E-01  0.0000E+00
  1.0000E+00  2.2360E+03  9.3167E+01 -2.1159E+00  1.0000E+02  0.0000E+00  0.0000E+00  0.0000E+00  0.0000E+00  0.0000E+00  3.5849E-01  8.3661E+00  5.1924E+00  8.3127E-01  5.0834E+02  1.0000E+00  3.5849E-01  0.0000E+00 -1.0000E+00 -2.1159E+00  3.5849E-01 -2.4744E+00  0.0000E+00
  1.0000E+00  2.2370E+03  9.3208E+01  1.4658E+00  1.0000E+02  0.0000E+00  0.0000E+00  0.0000E+00  0.0000E+00  0.0000E+00  3.5221E-01  8.2319E+00  5.1149E+00  8.1901E-01  5.0869E+02  1.0000E+00  3.5221E-01  0.0000E+00 -1.0000E+00  1.4658E+00  3.5221E-01  1.1136E+00  0.0000E+00
  1.0000E+00  2.2380E+03  9.3250E+01 -1.1883E+00  1.0000E+02  0.0000E+00  0.0000E+00  0.0000E+00  0.0000E+00  0.0000E+00  3.4506E-01  8.0683E+00  5.0153E+00  8.0311E-01  5.0904E+02  1.0000E+00  3.4506E-01  0.0000E+00 -1.0000E+00 -1.1883E+00  3.4506E-01 -1.5333E+00  0.0000E+00
  1.0000E+00  2.2390E+03  9.3292E+01  1.8044E+00  1.0000E+02  0.0000E+00  0.0000E+00  0.0000E+00  0.0000E+00  0.0000E+00  3.3803E-01  7.9032E+00  4.9129E+00  7.8672E-01  5.0938E+02  1.0000E+00  3.3803E-01  0.0000E+00 -1.0000E+00  1.8044E+00  3.3803E-01  1.4664E+00  0.0000E+00
  1.0000E+00  2.2400E+03  9.3333E+01 -3.0524E-02  1.0000E+02  0.0000E+00  0.0000E+00  0.0000E+00  0.0000E+00  0.0000E+00  3.3153E-01  7.7488E+00  4.8163E+00  7.7124E-01  5.0972E+02  1.0000E+00  3.3153E-01  0.0000E+00 -1.0000E+00 -3.0524E-02  3.3153E-01 -3.6206E-01  0.0000E+00
  1.0000E+00  2.2410E+03  9.3375E+01 -8.0604E-01  1.0000E+02  0.0000E+00  0.0000E+00  0.0000E+00  0.0000E+00  0.0000E+00  3.2570E-01  7.6094E+00  4.7287E+00  7.5720E-01  5.1005E+02  1.0000E+00  3.2570E-01  0.0000E+00 -1.0000E+00 -8.0604E-01  3.2570E-01 -1.1317E+00  0.0000E+00
  1.0000E+00  2.2420E+03  9.3417E+01 -9.5769E-01  1.0000E+02  0.0000E+00  0.0000E+00  0.0000E+00  0.0000E+00  0.0000E+00  3.2053E-01  7.4856E+00  4.6508E+00  7.4471E-01  5.1037E+02  1.0000E+00  3.2053E-01  0.0000E+00 -1.0000E+00 -9.5769E-01  3.2053E-01 -1.2782E+00  0.0000E+00
  1.0000E+00  2.2430E+03  9.3458E+01  4.3784E-01  1.0000E+02  0.0000E+00  0.0000E+00  0.0000E+00  0.0000E+00  0.0000E+00  3.1597E-01  7.3764E+00  4.5821E+00  7.3368E-01  5.1069E+02  1.0000E+00  3.1597E-01  0.0000E+00 -1.0000E+00  4.3784E-01  3.1597E-01  1.2186E-01  0.0000E+00
  1.0000E+00  2.2440E+03  9.3500E+01  2.4966E-01  1.0000E+02  0.0000E+00  0.0000E+00  0.0000E+00  0.0000E+00  0.0000E+00  3.1196E-01  7.2802E+00  4.5214E+00  7.2395E-01  5.1100E+02  1.0000E+00  3.1196E-01  0.0000E+00 -1.0000E+00  2.4966E-01  3.1196E-01 -6.2298E-02  0.0000E+00
  1.0000E+00  2.2450E+03  9.3542E+01  3.5958E-01  1.0000E+02  0.0000E+00  0.0000E+00  0.0000E+00  0.0000E+00  0.0000E+00  3.0841E-01  7.1951E+00  4.4679E+00  7.1537E-01  5.1131E+02  1.0000E+00  3.0841E-01  0.0000E+00 -1.0000E+00  3.5958E-01  3.0841E-01  5.1169E-02  0.0000E+00
  1.0000E+00  2.2460E+03  9.3583E+01 -2.5333E-01  1.0000E+02  0.0000E+00  0.0000E+00  0.0000E+00  0.0000E+00  0.0000E+00  3.0525E-01  7.1196E+00  4.4204E+00  7.0775E-01  5.1162E+02  1.0000E+00  3.0525E-01  0.0000E+00 -1.0000E+00 -2.5333E-01  3.0525E-01 -5.5858E-01  0.0000E+00
  1.0000E+00  2.2470E+03  9.3625E+01  1.5892E+00  1.0000E+02  0.0000E+00  0.0000E+00  0.0000E+00  0.0000E+00  0.0000E+00  3.0243E-01  7.0522E+00  4.3780E+00  7.0095E-01  5.1192E+02  1.0000E+00  3.0243E-01  0.0000E+00 -1.0000E+00  1.5892E+00  3.0243E-01  1.2868E+00  0.0000E+00
  1.0000E+00  2.2480E+03  9.3667E+01  1.7855E+00  1.0000E+02  0.0000E+00  0.0000E+00  0.0000E+00  0.0000E+00  0.0000E+00  2.9989E-01  6.9917E+00  4.3400E+00  6.9485E-01  5.1222E+02  1.0000E+00  2.9989E-01  0.0000E+00 -1.0000E+00  1.7855E+00  2.9989E-01  1.4856E+00  0.0000E+00
  1.0000E+00  2.2490E+03  9.3708E+01 -7.3675E-01  1.0000E+02  0.0000E+00  0.0000E+00  0.0000E+00  0.0000E+00  0.0000E+00  2.9759E-01  6.9369E+00  4.3056E+00  6.8934E-01  5.1252E+02  1.0000E+00  2.9759E-01  0.0000E+00 -1.0000E+00 -7.3675E-01  2.9759E-01 -1.0343E+00  0.0000E+00
  1.0000E+00  2.2500E+03  9.3750E+01 -5.8894E-01  1.0000E+02  0.0000E+00  0.0000E+00  0.0000E+00  0.0000E+00  0.0000E+00  2.9549E-01  6.8870E+00  4.2743E+00  6.8432E-01  5.1282E+02  1.0000E+00  2.9549E-01  0.0000E+00 -1.0000E+00 -5.8894E-01  2.9549E-01 -8.8443E-01  0.0000E+00
  1.0000E+00  2.2510E+03  9.3792E+01  3.3024E-01  1.0000E+02  0.0000E+00  0.0000E+00  0.0000E+00  0.0000E+00  0.0000E+00  2.9356E-01  6.8413E+00  4.2457E+00  6.7973E-01  5.1311E+02  1.0000E+00  2.9356E-01  0.0000E+00 -1.0000E+00  3.3024E-01  2.9356E-01  3.6681E-02  0.0000E+00
  1.0000E+00  2.2520E+03  9.3833E+01  6.8616E-01  1.0000E+02  0.0000E+00  0.0000E+00  0.0000E+00  0.0000E+00  0.0000E+00  2.9178E-01  6.7991E+00  4.2193E+00  6.7550E-01  5.1341E+02  1.0000E+00  2.9178E-01  0.0000E+00 -1.0000E+00  6.8616E-01  2.9178E-01  3.9438E-01  0.0000E+00
  1.0000E+00  2.2530E+03  9.3875E+01 -7.0529E-01  1.0000E+02  0.0000E+00  0.0000E+00  0.0000E+00  0.0000E+00  0.0000E+00  2.9013E-01  6.7600E+00  4.1948E+00  6.7158E-01  5.1370E+02  1.0000E+00  2.9013E-01  0.0000E+00 -1.0000E+00 -7.0529E-01  2.9013E-01 -9.9541E-01  0.0000E+00
  1.0000E+00  2.2540E+03  9.3917E+01 -1.7571E+00  1.0000E+02  0.0000E+00  0.0000E+00  0.0000E+00  0.0000E+00  0.0000E+00  2.8859E-01  6.7236E+00  4.1720E+00  6.6793E-01  5.1399E+02  1.0000E+00  2.8859E-01  0.0000E+00 -1.0000E+00 -1.7571E+00  2.8859E-01 -2.0457E+00  0.0000E+00
  1.0000E+00  2.2550E+03  9.3958E+01 -1.8387E-01  1.0000E+02  0.0000E+00  0.0000E+00  0.0000E+00  0.0000E+00  0.0000E+00  2.8714E-01  6.6894E+00  4.1507E+00  6.6451E-01  5.1427E+02  1.0000E+00  2.8714E-01  0.0000E+00 -1.0000E+00 -1.8387E-01  2.8714E-01 -4.7101E-01  0.0000E+00
  1.0000E+00  2.2560E+03  9.4000E+01  5.1071E-02  1.0000E+02  0.0000E+00  0.0000E+00  0.0000E+00  0.0000E+00  0.0000E+00  2.8578E-01  6.6573E+00  4.1306E+00  6.6129E-01  5.1456E+02  1.0000E+00  2.8578E-01  0.0000E+00 -1.0000E+00  5.1071E-02  2.8578E-01 -2.3471E-01  0.0000E+00
  1.0000E+00  2.2570E+03  9.4042E+01  8.6365E-01  1.0000E+02  0.0000E+00  0.0000E+00  0.0000E+00  0.0000E+00  0.0000E+00  3.3869E-01  7.6654E+00  4.6803E+00  7.4782E-01  5.1488E+02  1.0000E+00  3.3869E-01  0.0000E+00 -1.0000E+00  8.6365E-01  3.3869E-01  5.2496E-01  0.0000E+00
  1.0000E+00  2.2580E+03  9.4083E+01 -3.9001E-01  1.0000E+02  0.0000E+00  0.0000E+00  0.0000E+00  0.0000E+00  0.0000E+00  3.5869E-01  8.2695E+00  5.0907E+00  8.1406E-01  5.1523E+02  1.0000E+00  3.5869E-01  0.0000E+00 -1.0000E+00 -3.9001E-01  3.5869E-01 -7.4869E-01  0.0000E+00
  1.0000E+00  2.2590E+03  9.4125E+01 -1.0626E-01  1.0000E+02  0.0000E+00  0.0000E+00  0.0000E+00  0.0000E+00  0.0000E+00  3.6271E-01  8.4329E+00  5.2201E+00  8.3539E-01  5.1559E+02  1.0000E+00  3.6271E-01  0.0000E+00 -1.0000E+00 -1.0626E-01  3.6271E-01 -4.6897E-01  0.0000E+00
  1.0000E+00  2.2600E+03  9.4167E+01  9.3327E-01  1.0000E+02  0.0000E+00  0.0000E+00  0.0000E+00  0.0000E+00  0.0000E+00  3.5941E-01  8.3874E+00  5.2056E+00  8.3339E-01  5.1595E+02  1.0000E+00  3.5941E-01  0.0000E+00 -1.0000E+00  9.3327E-01  3.5941E-01  5.7387E-01  0.0000E+00
  1.0000E+00  2.2610E+03  9.4208E+01 -1.2170E+00  1.0000E+02  0.0000E+00  0.0000E+00  0.0000E+00  0.0000E+00  0.0000E+00  3.5312E-01  8.2532E+00  5.1281E+00  8.2112E-01  5.1631E+02  1.0000E+00  3.5312E-01  0.0000E+00 -1.0000E+00 -1.2170E+00  3.5312E-01 -1.5701E+00  0.0000E+00
  1.0000E+00  2.2620E+03  9.4250E+01  1.9293E-01  1.0000E+02  0.0000E+00  0.0000E+00  0.0000E+00  0.0000E+00  0.0000E+00  3.4597E-01  8.0895E+00  5.0285E+00  8.0522E-01  5.1666E+02  1.0000E+00  3.4597E-01  0.0000E+00 -1.0000E+00  1.9293E-01  3.4597E-01 -1.5304E-01  0.0000E+00
  1.0000E+00  2.2630E+03  9.4292E+01 -3.6589E-01  1.0000E+02  0.0000E+00  0.0000E+00  0.0000E+00  0.0000E+00  0.0000E+00  3.3894E-01  7.9244E+00  4.9260E+00  7.8882E-01  5.1700E+02  1.0000E+00  3.3894E-01  0.0000E+00 -1.0000E+00 -3.6589E-01  3.3894E-01 -7.0483E-01  0.0000E+00
  1.0000E+00  2.2640E+03  9.4333E+01 -9.4962E-01  1.0000E+02  0.0000E+00  0.0000E+00  0.0000E+00  0.0000E+00  0.0000E+00  3.3244E-01  7.7700E+00  4.8294E+00  7.7334E-01  5.1733E+02  1.0000E+00  3.3244E-01  0.0000E+00 -1.0000E+00 -9.4962E-01  3.3244E-01 -1.2821E+00  0.0000E+00
  1.0000E+00  2.2650E+03  9.4375E+01  2.1070E+00  1.0000E+02  0.0000E+00  0.0000E+00  0.0000E+00  0.0000E+00  0.0000E+00  3.2661E-01  7.6306E+00  4.7419E+00  7.5930E-01  5.1766E+02  1.0000E+00  3.2661E-01  0.0000E+00 -1.0000E+00  2.1070E+00  3.2661E-01  1.7804E+00  0.0000E+00
  1.0000E+00  2.2660E+03  9.4417E+01 -1.0916E+00  1.0000E+02  0.0000E+00  0.0000E+00  0.0000E+00  0.0000E+00  0.0000E+00  3.2144E-01  7.5068E+00  4.6639E+00  7.4681E-01  5.1799E+02  1.0000E+00  3.2144E-01  0.0000E+00 -1.0000E+00 -1.0916E+00  3.2144E-01 -1.4131E+00  0.0000E+00
  1.0000E+00  2.2670E+03  9.4458E+01  4.9470E-01  1.0000E+02  0.0000E+00  0.0000E+00  0.0000E+00  0.0000E+00  0.0000E+00  3.1688E-01  7.3976E+00  4.5952E+00  7.3578E-01  5.1831E+02  1.0000E+00  3.1688E-01  0.0000E+00 -1.0000E+00  4.9470E-01  3.1688E-01  1.7782E-01  0.0000E+00
  1.0000E+00  2.2680E+03  9.4500E+01 -1.3083E+00  1.0000E+02  0.0000E+00  0.0000E+00  0.0000E+00  0.0000E+00  0.0000E+00  3.1287E-01  7.3013E+00  4.5346E+00  7.2605E-01  5.1862E+02  1.0000E+00  3.1287E-01  0.0000E+00 -1.0000E+00 -1.3083E+00  3.1287E-01 -1.6212E+00  0.0000E+00
  1.0000E+00  2.2690E+03  9.4542E+01  1.4003E+00  1.0000E+02  0.0000E+00  0.0000E+00  0.0000E+00  0.0000E+00  0.0000E+00  3.0931E-01  7.2162E+00  4.4810E+00  7.1746E-01  5.1893E+02  1.0000E+00  3.0931E-01  0.0000E+00 -1.0000E+00  1.4003E+00  3.0931E-01  1.0910E+00  0.0000E+00
  1.0000E+00  2.2700E+03  9.4583E+01  1.4961E+00  1.0000E+02  0.0000E+00  0.0000E+00  0.0000E+00  0.0000E+00  0.0000E+00  3.0616E-01  7.1407E+00  4.4335E+00  7.0984E-01  5.1924E+02  1.0000E+00  3.0616E-01  0.0000E+00 -1.0000E+00  1.4961E+00  3.0616E-01  1.1900E+00  0.0000E+00
  1.0000E+00  2.2710E+03  9.4625E+01  5.9225E-02  1.0000E+02  0.0000E+00  0.0000E+00  0.0000E+00  0.0000E+00  0.0000E+00  3.0333E-01  7.0733E+00  4.3911E+00  7.0305E-01  5.1955E+02  1.0000E+00  3.0333E-01  0.0000E+00 -1.0000E+00  5.9225E-02  3.0333E-01 -2.4411E-01  0.0000E+00
  1.0000E+00  2.2720E+03  9.4667E+01  8.2894E-01  1.0000E+02  0.0000E+00  0.0000E+00  0.0000E+00  0.0000E+00  0.0000E+00  3.0079E-01  7.0127E+00  4.3531E+00  6.9694E-01  5.1985E+02  1.0000E+00  3.0079E-01  0.0000E+00 -1.0000E+00  8.2894E-01  3.0079E-01  5.2814E-01  0.0000E+00
  1.0000E+00  2.2730E+03  9.4708E+01  5.6631E-01  1.0000E+02  0.0000E+00  0.0000E+00  0.0000E+00  0.0000E+00  0.0000E+00  2.9849E-01  6.9580E+00  4.3187E+00  6.9143E-01  5.2015E+02  1.0000E+00  2.9849E-01  0.0000E+00 -1.0000E+00  5.6631E-01  2.9849E-01  2.6782E-01  0.0000E+00
  1.0000E+00  2.2740E+03  9.4750E+01 -1.1236E-01  1.0000E+02  0.0000E+00  0.0000E+00  0.0000E+00  0.0000E+00  0.0000E+00  2.9639E-01  6.9081E+00  4.2874E+00  6.8641E-01  5.2044E+02  1.0000E+00  2.9639E-01  0.0000E+00 -1.0000E+00 -1.1236E-01  2.9639E-01 -4.0875E-01  0.0000E+00
  1.0000E+00  2.2750E+03  9.4792E+01  4.2622E-01  1.0000E+02  0.0000E+00  0.0000E+00  0.0000E+00  0.0000E+00  0.0000E+00  2.9446E-01  6.8623E+00  4.2587E+00  6.8182E-01  5.2074E+02  1.0000E+00  2.9446E-01  0.0000E+00 -1.0000E+00  4.2622E-01  2.9446E-01  1.3175E-01  0.0000E+00
  1.0000E+00  2.2760E+03  9.4833E+01  5.0911E-01  1.0000E+02  0.0000E+00  0.0000E+00  0.0000E+00  0.0000E+00  0.0000E+00  2.9268E-01  6.8201E+00  4.2323E+00  6.7758E-01  5.2103E+02  1.0000E+00  2.9268E-01  0.0000E+00 -1.0000E+00  5.0911E-01  2.9268E-01  2.1642E-01  0.0000E+00
  1.0000E+00  2.2770E+03  9.4875E+01  3.9591E-02  1.0000E+02  0.0000E+00  0.0000E+00  0.0000E+00  0.0000E+00  0.0000E+00  2.9103E-01  6.7810E+00  4.2078E+00  6.7366E-01  5.2133E+02  1.0000E+00  2.9103E-01  0.0000E+00 -1.0000E+00  3.9591E-02  2.9103E-01 -2.5144E-01  0.0000E+00
  1.0000E+00  2.2780E+03  9.4917E+01  9.4961E-01  1.0000E+02  0.0000E+00  0.0000E+00  0.0000E+00  0.0000E+00  0.0000E+00  2.8949E-01  6.7446E+00  4.1850E+00  6.7001E-01  5.2162E+02  1.0000E+00  2.8949E-01  0.0000E+00 -1.0000E+00  9.4961E-01  2.8949E-01  6.6012E-01  0.0000E+00
  1.0000E+00  2.2790E+03  9.4958E+01  8.9954E-02  1.0000E+02  0.0000E+00  0.0000E+00  0.0000E+00  0.0000E+00  0.0000E+00  2.8804E-01  6.7104E+00  4.1637E+00  6.6659E-01  5.2190E+02  1.0000E+00  2.8804E-01  0.0000E+00 -1.0000E+00  8.9954E-02  2.8804E-01 -1.9809E-01  0.0000E+00
  1.0000E+00  2.2800E+03  9.5000E+01 -8.4993E-01  1.0000E+02  0.0000E+00  0.0000E+00  0.0000E+00  0.0000E+00  0.0000E+00  2.8668E-01  6.6782E+00  4.1436E+00  6.6337E-01  5.2219E+02  1.0000E+00  2.8668E-01  0.0000E+00 -1.0000E+00 -8.4993E-01  2.8668E-01 -1.1366E+00  0.0000E+00
  1.0000E+00  2.2810E+03  9.5042E+01  1.6856E+00  1.0000E+02  0.0000E+00  0.0000E+00  0.0000E+00  0.0000E+00  0.0000E+00  3.3959E-01  7.6863E+00  4.6933E+00  7.4990E-01  5.2251E+02  1.0000E+00  3.3959E-01  0.0000E+00 -1.0000E+00  1.6856E+00  3.3959E-01  1.3460E+00  0.0000E+00
  1.0000E+00  2.2820E+03  9.5083E+01  2.4457E+00  1.0000E+02  0.0000E+00  0.0000E+00  0.0000E+00  0.0000E+00  0.0000E+00  3.5958E-01  8.2904E+00  5.1036E+00  8.1613E-01  5.2286E+02  1.0000E+00  3.5958E-01  0.0000E+00 -1.0000E+00  2.4457E+00  3.5958E-01  2.0861E+00  0.0000E+00
  1.0000E+00  2.2830E+03  9.5125E+01  1.2499E-01  1.0000E+02  0.0000E+00  0.0000E+00  0.0000E+00  0.0000E+00  0.0000E+00  3.6360E-01  8.4538E+00  5.2331E+00  8.3746E-01  5.2322E+02  1.0000E+00  3.6360E-01  0.0000E+00 -1.0000E+00  1.2499E-01  3.6360E-01 -2.3862E-01  0.0000E+00
  1.0000E+00  2.2840E+03  9.5167E+01 -2.6974E-01  1.0000E+02  0.0000E+00  0.0000E+00  0.0000E+00  0.0000E+00  0.0000E+00  3.6030E-01  8.4082E+00  5.2185E+00  8.3546E-01  5.2358E+02  1.0000E+00  3.6030E-01  0.0000E+00 -1.0000E+00 -2.6974E-01  3.6030E-01 -6.3004E-01  0.0000E+00
  1.0000E+00  2.2850E+03  9.5208E+01  5.9135E-01  1.0000E+02  0.0000E+00  0.0000E+00  0.0000E+00  0.0000E+00  0.0000E+00  3.5402E-01  8.2740E+00  5.1410E+00  8.2319E-01  5.2394E+02  1.0000E+00  3.5402E-01  0.0000E+00 -1.0000E+00  5.9135E-01  3.5402E-01  2.3733E-01  0.0000E+00
  1.0000E+00  2.2860E+03  9.5250E+01  2.6603E-02  1.0000E+02  0.0000E+00  0.0000E+00  0.0000E+00  0.0000E+00  0.0000E+00  3.4687E-01  8.1104E+00  5.0414E+00  8.0728E-01  5.2429E+02  1.0000E+00  3.4687E-01  0.0000E+00 -1.0000E+00  2.6603E-02  3.4687E-01 -3.2026E-01  0.0000E+00
  1.0000E+00  2.2870E+03  9.5292E+01 -6.1852E-01  1.0000E+02  0.0000E+00  0.0000E+00  0.0000E+00  0.0000E+00  0.0000E+00  3.3984E-01  7.9452E+00  4.9389E+00  7.9089E-01  5.2464E+02  1.0000E+00  3.3984E-01  0.0000E+00 -1.0000E+00 -6.1852E-01  3.3984E-01 -9.5835E-01  0.0000E+00
  1.0000E+00  2.2880E+03  9.5333E+01  6.7220E-01  1.0000E+02  0.0000E+00  0.0000E+00  0.0000E+00  0.0000E+00  0.0000E+00  3.3333E-01  7.7908E+00  4.8423E+00  7.7541E-01  5.2497E+02  1.0000E+00  3.3333E-01  0.0000E+00 -1.0000E+00  6.7220E-01  3.3333E-01  3.3886E-01  0.0000E+00
  1.0000E+00  2.2890E+03  9.5375E+01  9.2620E-01  1.0000E+02  0.0000E+00  0.0000E+00  0.0000E+00  0.0000E+00  0.0000E+00  3.2750E-01  7.6514E+00  4.7547E+00  7.6136E-01  5.2530E+02  1.0000E+00  3.2750E-01  0.0000E+00 -1.0000E+00  9.2620E-01  3.2750E-01  5.9870E-01  0.0000E+00
  1.0000E+00  2.2900E+03  9.5417E+01 -9.4363E-01  1.0000E+02  0.0000E+00  0.0000E+00  0.0000E+00  0.0000E+00  0.0000E+00  3.2233E-01  7.5275E+00  4.6768E+00  7.4887E-01  5.2563E+02  1.0000E+00  3.2233E-01  0.0000E+00 -1.0000E+00 -9.4363E-01  3.2233E-01 -1.2660E+00  0.0000E+00
  1.0000E+00  2.2910E+03  9.5458E+01  5.0711E-01  1.0000E+02  0.0000E+00  0.0000E+00  0.0000E+00  0.0000E+00  0.0000E+00  3.1777E-01  7.4183E+00  4.6080E+00  7.3783E-01  5.2595E+02  1.0000E+00  3.1777E-01  0.0000E+00 -1.0000E+00  5.0711E-01  3.1777E-01  1.8934E-01  0.0000E+00
  1.0000E+00  2.2920E+03  9.5500E+01 -2.1425E-01  1.0000E+02  0.0000E+00  0.0000E+00  0.0000E+00  0.0000E+00  0.0000E+00  3.1376E-01  7.3220E+00  4.5474E+00  7.2811E-01  5.2626E+02  1.0000E+00  3.1376E-01  0.0000E+00 -1.0000E+00 -2.1425E-01  3.1376E-01 -5.2800E-01  0.0000E+00
  1.0000E+00  2.2930E+03  9.5542E+01  1.4428E+00  1.0000E+02  0.0000E+00  0.0000E+00  0.0000E+00  0.0000E+00  0.0000E+00  3.1020E-01  7.2369E+00  4.4938E+00  7.1952E-01  5.2658E+02  1.0000E+00  3.1020E-01  0.0000E+00 -1.0000E+00  1.4428E+00  3.1020E-01  1.1326E+00  0.0000E+00
  1.0000E+00  2.2940E+03  9.5583E+01  9.2249E-02  1.0000E+02  0.0000E+00  0.0000E+00  0.0000E+00  0.0000E+00  0.0000E+00  3.0704E-01  7.1614E+00  4.4463E+00  7.1190E-01  5.2688E+02  1.0000E+00  3.0704E-01  0.0000E+00 -1.0000E+00  9.2249E-02  3.0704E-01 -2.1480E-01  0.0000E+00
  1.0000E+00  2.2950E+03  9.5625E+01  1.3706E+00  1.0000E+02  0.0000E+00  0.0000E+00  0.0000E+00  0.0000E+00  0.0000E+00  3.0422E-01  7.0940E+00  4.4039E+00  7.0510E-01  5.2719E+02  1.0000E+00  3.0422E-01  0.0000E+00 -1.0000E+00  1.3706E+00  3.0422E-01  1.0664E+00  0.0000E+00
  1.0000E+00  2.2960E+03  9.5667E+01  2.1648E+00  1.0000E+02  0.0000E+00  0.0000E+00  0.0000E+00  0.0000E+00  0.0000E+00  3.0168E-01  7.0334E+00  4.3659E+00  6.9899E-01  5.2749E+02  1.0000E+00  3.0168E-01  0.0000E+00 -1.0000E+00  2.1648E+00  3.0168E-01  1.8631E+00  0.0000E+00
  1.0000E+00  2.2970E+03  9.5708E+01  4.0901E-01  1.0000E+02  0.0000E+00  0.0000E+00  0.0000E+00  0.0000E+00  0.0000E+00  2.9938E-01  6.9786E+00  4.3315E+00  6.9348E-01  5.2779E+02  1.0000E+00  2.9938E-01  0.0000E+00 -1.0000E+00  4.0901E-01  2.9938E-01  1.0963E-01  0.0000E+00
  1.0000E+00  2.2980E+03  9.5750E+01  1.3046E+00  1.0000E+02  0.0000E+00  0.0000E+00  0.0000E+00  0.0000E+00  0.0000E+00  2.9728E-01  6.9287E+00  4.3002E+00  6.8846E-01  5.2809E+02  1.0000E+00  2.9728E-01  0.0000E+00 -1.0000E+00  1.3046E+00  2.9728E-01  1.0073E+00  0.0000E+00
  1.0000E+00  2.2990E+03  9.5792E+01  3.9380E-01  1.0000E+02  0.0000E+00  0.0000E+00  0.0000E+00  0.0000E+00  0.0000E+00  2.9535E-01  6.8829E+00  4.2715E+00  6.8386E-01  5.2839E+02  1.0000E+00  2.9535E-01  0.0000E+00 -1.0000E+00  3.9380E-01  2.9535E-01  9.8448E-02  0.0000E+00
  1.0000E+00  2.3000E+03  9.5833E+01  2.8027E-01  1.0000E+02  0.0000E+00  0.0000E+00  0.0000E+00  0.0000E+00  0.0000E+00  2.9357E-01  6.8407E+00  4.2451E+00  6.7963E-01  5.2868E+02  1.0000E+00  2.9357E-01  0.0000E+00 -1.0000E+00  2.8027E-01  2.9357E-01 -1.3295E-02  0.0000E+00
  1.0000E+00  2.3010E+03  9.5875E+01  5.9831E-02  1.0000E+02  0.0000E+00  0.0000E+00  0.0000E+00  0.0000E+00  0.0000E+00  2.9191E-01  6.8016E+00  4.2206E+00  6.7570E-01  5.2897E+02  1.0000E+00  2.9191E-01  0.0000E+00 -1.0000E+00  5.9831E-02  2.9191E-01 -2.3208E-01  0.0000E+00
  1.0000E+00  2.3020E+03  9.5917E+01  8.9577E-01  1.0000E+02  0.0000E+00  0.0000E+00  0.0000E+00  0.0000E+00  0.0000E+00  2.9037E-01  6.7651E+00  4.1978E+00  6.7205E-01  5.2927E+02  1.0000E+00  2.9037E-01  0.0000E+00 -1.0000E+00  8.9577E-01  2.9037E-01  6.0540E-01  0.0000E+00
  1.0000E+00  2.3030E+03  9.5958E+01 -6.2056E-02  1.0000E+02  0.0000E+00  0.0000E+00  0.0000E+00  0.0000E+00  0.0000E+00  2.8892E-01  6.7309E+00  4.1764E+00  6.6862E-01  5.2956E+02  1.0000E+00  2.8892E-01  0.0000E+00 -1.0000E+00 -6.2056E-02  2.8892E-01 -3.5098E-01  0.0000E+00
  1.0000E+00  2.3040E+03  9.6000E+01  8.9784E-01  1.0000E+02  0.0000E+00  0.0000E+00  0.0000E+00  0.0000E+00  0.0000E+00  2.8756E-01  6.6987E+00  4.1563E+00  6.6540E-01  5.2984E+02  1.0000E+00  2.8756E-01  0.0000E+00 -1.0000E+00  8.9784E-01  2.8756E-01  6.1028E-01  0.0000E+00
  1.0000E+00  2.3050E+03  9.6042E+01  7.0708E-02  1.0000E+02  0.0000E+00  0.0000E+00  0.0000E+00  0.0000E+00  0.0000E+00  3.4047E-01  7.7068E+00  4.7060E+00  7.5193E-01  5.3016E+02  1.0000E+00  3.4047E-01  0.0000E+00 -1.0000E+00  7.0708E-02  3.4047E-01 -2.6976E-01  0.0000E+00
  1.0000E+00  2.3060E+03  9.6083E+01  6.6377E-01  1.0000E+02  0.0000E+00  0.0000E+00  0.0000E+00  0.0000E+00  0.0000E+00  3.6046E-01  8.3109E+00  5.1163E+00  8.1817E-01  5.3051E+02  1.0000E+00  3.6046E-01  0.0000E+00 -1.0000E+00  6.6377E-01  3.6046E-01  3.0331E-01  0.0000E+00
  1.0000E+00  2.3070E+03  9.6125E+01  1.3355E+00  1.0000E+02  0.0000E+00  0.0000E+00  0.0000E+00  0.0000E+00  0.0000E+00  3.6448E-01  8.4742E+00  5.2457E+00  8.3950E-01  5.3088E+02  1.0000E+00  3.6448E-01  0.0000E+00 -1.0000E+00  1.3355E+00  3.6448E-01  9.7102E-01  0.0000E+00
  1.0000E+00  2.3080E+03  9.6167E+01 -2.7321E-01  1.0000E+02  0.0000E+00  0.0000E+00  0.0000E+00  0.0000E+00  0.0000E+00  3.6118E-01  8.4287E+00  5.2312E+00  8.3749E-01  5.3124E+02  1.0000E+00  3.6118E-01  0.0000E+00 -1.0000E+00 -2.7321E-01  3.6118E-01 -6.3439E-01  0.0000E+00
  1.0000E+00  2.3090E+03  9.6208E+01  1.1008E+00  1.0000E+02  0.0000E+00  0.0000E+00  0.0000E+00  0.0000E+00  0.0000E+00  3.5490E-01  8.2944E+00  5.1537E+00  8.2522E-01  5.3160E+02  1.0000E+00  3.5490E-01  0.0000E+00 -1.0000E+00  1.1008E+00  3.5490E-01  7.4593E-01  0.0000E+00
  1.0000E+00  2.3100E+03  9.6250E+01  1.5675E-01  1.0000E+02  0.0000E+00  0.0000E+00  0.0000E+00  0.0000E+00  0.0000E+00  3.4774E-01  8.1308E+00  5.0540E+00  8.0931E-01  5.3195E+02  1.0000E+00  3.4774E-01  0.0000E+00 -1.0000E+00  1.5675E-01  3.4774E-01 -1.9099E-01  0.0000E+00
  1.0000E+00  2.3110E+03  9.6292E+01 -1.2365E+00  1.0000E+02  0.0000E+00  0.0000E+00  0.0000E+00  0.0000E+00  0.0000E+00  3.4071E-01  7.9656E+00  4.9516E+00  7.9291E-01  5.3229E+02  1.0000E+00  3.4071E-01  0.0000E+00 -1.0000E+00 -1.2365E+00  3.4071E-01 -1.5772E+00  0.0000E+00
  1.0000E+00  2.3120E+03  9.6333E+01  9.4630E-01  1.0000E+02  0.0000E+00  0.0000E+00  0.0000E+00  0.0000E+00  0.0000E+00  3.3421E-01  7.8112E+00  4.8549E+00  7.7743E-01  5.3263E+02  1.0000E+00  3.3421E-01  0.0000E+00 -1.0000E+00  9.4630E-01  3.3421E-01  6.1209E-01  0.0000E+00
  1.0000E+00  2.3130E+03  9.6375E+01 -8.0841E-01  1.0000E+02  0.0000E+00  0.0000E+00  0.0000E+00  0.0000E+00  0.0000E+00  3.2837E-01  7.6717E+00  4.7674E+00  7.6338E-01  5.3296E+02  1.0000E+00  3.2837E-01  0.0000E+00 -1.0000E+00 -8.0841E-01  3.2837E-01 -1.1368E+00  0.0000E+00
  1.0000E+00  2.3140E+03  9.6417E+01  5.9055E-01  1.0000E+02  0.0000E+00  0.0000E+00  0.0000E+00  0.0000E+00  0.0000E+00  3.2320E-01  7.5479E+00  4.6894E+00  7.5089E-01  5.3329E+02  1.0000E+00  3.2320E-01  0.0000E+00 -1.0000E+00  5.9055E-01  3.2320E-01  2.6735E-01  0.0000E+00
  1.0000E+00  2.3150E+03  9.6458E+01  1.1520E+00  1.0000E+02  0.0000E+00  0.0000E+00  0.0000E+00  0.0000E+00  0.0000E+00  3.1865E-01  7.4386E+00  4.6206E+00  7.3985E-01  5.3361E+02  1.0000E+00  3.1865E-01  0.0000E+00 -1.0000E+00  1.1520E+00  3.1865E-01  8.3332E-01  0.0000E+00
  1.0000E+00  2.3160E+03  9.6500E+01 -1.6315E+00  1.0000E+02  0.0000E+00  0.0000E+00  0.0000E+00  0.0000E+00  0.0000E+00  3.1463E-01  7.3423E+00  4.5600E+00  7.3012E-01  5.3393E+02  1.0000E+00  3.1463E-01  0.0000E+00 -1.0000E+00 -1.6315E+00  3.1463E-01 -1.9462E+00  0.0000E+00
  1.0000E+00  2.3170E+03  9.6542E+01 -8.2529E-01  1.0000E+02  0.0000E+00  0.0000E+00  0.0000E+00  0.0000E+00  0.0000E+00  3.1107E-01  7.2572E+00  4.5064E+00  7.2153E-01  5.3424E+02  1.0000E+00  3.1107E-01  0.0000E+00 -1.0000E+00 -8.2529E-01  3.1107E-01 -1.1364E+00  0.0000E+00
  1.0000E+00  2.3180E+03  9.6583E+01  1.2933E+00  1.0000E+02  0.0000E+00  0.0000E+00  0.0000E+00  0.0000E+00  0.0000E+00  3.0792E-01  7.1817E+00  4.4589E+00  7.1391E-01  5.3455E+02  1.0000E+00  3.0792E-01  0.0000E+00 -1.0000E+00  1.2933E+00  3.0792E-01  9.8540E-01  0.0000E+00
  1.0000E+00  2.3190E+03  9.6625E+01  2.1607E-01  1.0000E+02  0.0000E+00  0.0000E+00  0.0000E+00  0.0000E+00  0.0000E+00  3.0509E-01  7.1142E+00  4.4165E+00  7.0711E-01  5.3485E+02  1.0000E+00  3.0509E-01  0.0000E+00 -1.0000E+00  2.1607E-01  3.0509E-01 -8.9021E-02  0.0000E+00
  1.0000E+00  2.3200E+03  9.6667E+01 -1.7220E+00  1.0000E+02  0.0000E+00  0.0000E+00  0.0000E+00  0.0000E+00  0.0000E+00  3.0255E-01  7.0536E+00  4.3784E+00  7.0100E-01  5.3516E+02  1.0000E+00  3.0255E-01  0.0000E+00 -1.0000E+00 -1.7220E+00  3.0255E-01 -2.0245E+00  0.0000E+00
  1.0000E+00  2.3210E+03  9.6708E+01  1.8112E+00  1.0000E+02  0.0000E+00  0.0000E+00  0.0000E+00  0.0000E+00  0.0000E+00  3.0024E-01  6.9988E+00  4.3440E+00  6.9548E-01  5.3546E+02  1.0000E+00  3.0024E-01  0.0000E+00 -1.0000E+00  1.8112E+00  3.0024E-01  1.5110E+00  0.0000E+00
  1.0000E+00  2.3220E+03  9.6750E+01 -1.6929E+00  1.0000E+02  0.0000E+00  0.0000E+00  0.0000E+00  0.0000E+00  0.0000E+00  2.9814E-01  6.9489E+00  4.3127E+00  6.9046E-01  5.3576E+02  1.0000E+00  2.9814E-01  0.0000E+00 -1.0000E+00 -1.6929E+00  2.9814E-01 -1.9911E+00  0.0000E+00
  1.0000E+00  2.3230E+03  9.6792E+01 -1.4489E+00  1.0000E+02  0.0000E+00  0.0000E+00  0.0000E+00  0.0000E+00  0.0000E+00  2.9622E-01  6.9031E+00  4.2840E+00  6.8587E-01  5.3606E+02  1.0000E+00  2.9622E-01  0.0000E+00 -1.0000E+00 -1.4489E+00  2.9622E-01 -1.7451E+00  0.0000E+00
  1.0000E+00  2.3240E+03  9.6833E+01  2.2460E+00  1.0000E+02  0.0000E+00  0.0000E+00  0.0000E+00  0.0000E+00  0.0000E+00  2.9443E-01  6.8609E+00  4.2576E+00  6.8163E-01  5.3635E+02  1.0000E+00  2.9443E-01  0.0000E+00 -1.0000E+00  2.2460E+00  2.9443E-01  1.9516E+00  0.0000E+00
  1.0000E+00  2.3250E+03  9.6875E+01  1.2906E+00  1.0000E+02  0.0000E+00  0.0000E+00  0.0000E+00  0.0000E+00  0.0000E+00  2.9278E-01  6.8217E+00  4.2331E+00  6.7770E-01  5.3665E+02  1.0000E+00  2.9278E-01  0.0000E+00 -1.0000E+00  1.2906E+00  2.9278E-01  9.9784E-01  0.0000E+00
  1.0000E+00  2.3260E+03  9.6917E+01  1.3242E+00  1.0000E+02  0.0000E+00  0.0000E+00  0.0000E+00  0.0000E+00  0.0000E+00  2.9124E-01  6.7852E+00  4.2102E+00  6.7404E-01  5.3694E+02  1.0000E+00  2.9124E-01  0.0000E+00 -1.0000E+00  1.3242E+00  2.9124E-01  1.0330E+00  0.0000E+00
  1.0000E+00  2.3270E+03  9.6958E+01 -6.6040E-01  1.0000E+02  0.0000E+00  0.0000E+00  0.0000E+00  0.0000E+00  0.0000E+00  2.8979E-01  6.7510E+00  4.1889E+00  6.7062E-01  5.3723E+02  1.0000E+00  2.8979E-01  0.0000E+00 -1.0000E+00 -6.6040E-01  2.8979E-01 -9.5019E-01  0.0000E+00
  1.0000E+00  2.3280E+03  9.7000E+01  5.8667E-01  1.0000E+02  0.0000E+00  0.0000E+00  0.0000E+00  0.0000E+00  0.0000E+00  2.8842E-01  6.7188E+00  4.1688E+00  6.6740E-01  5.3752E+02  1.0000E+00  2.8842E-01  0.0000E+00 -1.0000E+00  5.8667E-01  2.8842E-01  2.9825E-01  0.0000E+00
  1.0000E+00  2.3290E+03  9.7042E+01 -1.9101E-01  1.0000E+02  0.0000E+00  0.0000E+00  0.0000E+00  0.0000E+00  0.0000E+00  3.4133E-01  7.7269E+00  4.7184E+00  7.5393E-01  5.3784E+02  1.0000E+00  3.4133E-01  0.0000E+00 -1.0000E+00 -1.9101E-01  3.4133E-01 -5.3235E-01  0.0000E+00
  1.0000E+00  2.3300E+03  9.7083E+01  2.9598E-02  1.0000E+02  0.0000E+00  0.0000E+00  0.0000E+00  0.0000E+00  0.0000E+00  3.6132E-01  8.3310E+00  5.1287E+00  8.2016E-01  5.3819E+02  1.0000E+00  3.6132E-01  0.0000E+00 -1.0000E+00  2.9598E-02  3.6132E-01 -3.3173E-01  0.0000E+00
  1.0000E+00  2.3310E+03  9.7125E+01 -3.4760E-01  1.0000E+02  0.0000E+00  0.0000E+00  0.0000E+00  0.0000E+00  0.0000E+00  3.6534E-01  8.4943E+00  5.2582E+00  8.4149E-01  5.3855E+02  1.0000E+00  3.6534E-01  0.0000E+00 -1.0000E+00 -3.4760E-01  3.6534E-01 -7.1295E-01  0.0000E+00
  1.0000E+00  2.3320E+03  9.7167E+01 -3.0349E-01  1.0000E+02  0.0000E+00  0.0000E+00  0.0000E+00  0.0000E+00  0.0000E+00  3.6204E-01  8.4487E+00  5.2436E+00  8.3947E-01  5.3892E+02  1.0000E+00  3.6204E-01  0.0000E+00 -1.0000E+00 -3.0349E-01  3.6204E-01 -6.6553E-01  0.0000E+00
  1.0000E+00  2.3330E+03  9.7208E+01  8.9195E-01  1.0000E+02  0.0000E+00  0.0000E+00  0.0000E+00  0.0000E+00  0.0000E+00  3.5576E-01  8.3144E+00  5.1661E+00  8.2721E-01  5.3928E+02  1.0000E+00  3.5576E-01  0.0000E+00 -1.0000E+00  8.9195E-01  3.5576E-01  5.3619E-01  0.0000E+00
  1.0000E+00  2.3340E+03  9.7250E+01 -9.8097E-01  1.0000E+02  0.0000E+00  0.0000E+00  0.0000E+00  0.0000E+00  0.0000E+00  3.4860E-01  8.1507E+00  5.0664E+00  8.1129E-01  5.3963E+02  1.0000E+00  3.4860E-01  0.0000E+00 -1.0000E+00 -9.8097E-01  3.4860E-01 -1.3296E+00  0.0000E+00
  1.0000E+00  2.3350E+03  9.7292E+01  5.7928E-01  1.0000E+02  0.0000E+00  0.0000E+00  0.0000E+00  0.0000E+00  0.0000E+00  3.4157E-01  7.9856E+00  4.9640E+00  7.9490E-01  5.3997E+02  1.0000E+00  3.4157E-01  0.0000E+00 -1.0000E+00  5.7928E-01  3.4157E-01  2.3771E-01  0.0000E+00
  1.0000E+00  2.3360E+03  9.7333E+01  2.4110E+00  1.0000E+02  0.0000E+00  0.0000E+00  0.0000E+00  0.0000E+00  0.0000E+00  3.3507E-01  7.8311E+00  4.8673E+00  7.7941E-01  5.4031E+02  1.0000E+00  3.3507E-01  0.0000E+00 -1.0000E+00  2.4110E+00  3.3507E-01  2.0760E+00  0.0000E+00
  1.0000E+00  2.3370E+03  9.7375E+01  5.9637E-01  1.0000E+02  0.0000E+00  0.0000E+00  0.0000E+00  0.0000E+00  0.0000E+00  3.2923E-01  7.6916E+00  4.7797E+00  7.6536E-01  5.4064E+02  1.0000E+00  3.2923E-01  0.0000E+00 -1.0000E+00  5.9637E-01  3.2923E-01  2.6714E-01  0.0000E+00
  1.0000E+00  2.3380E+03  9.7417E+01  2.0603E-01  1.0000E+02  0.0000E+00  0.0000E+00  0.0000E+00  0.0000E+00  0.0000E+00  3.2406E-01  7.5678E+00  4.7018E+00  7.5286E-01  5.4097E+02  1.0000E+00  3.2406E-01  0.0000E+00 -1.0000E+00  2.0603E-01  3.2406E-01 -1.1802E-01  0.0000E+00
  1.0000E+00  2.3390E+03  9.7458E+01  5.8014E-01  1.0000E+02  0.0000E+00  0.0000E+00  0.0000E+00  0.0000E+00  0.0000E+00  3.1950E-01  7.4585E+00  4.6330E+00  7.4183E-01  5.4129E+02  1.0000E+00  3.1950E-01  0.0000E+00 -1.0000E+00  5.8014E-01  3.1950E-01  2.6064E-01  0.0000E+00
  1.0000E+00  2.3400E+03  9.7500E+01 -6.9335E-01  1.0000E+02  0.0000E+00  0.0000E+00  0.0000E+00  0.0000E+00  0.0000E+00  3.1548E-01  7.3622E+00  4.5723E+00  7.3210E-01  5.4161E+02  1.0000E+00  3.1548E-01  0.0000E+00 -1.0000E+00 -6.9335E-01  3.1548E-01 -1.0088E+00  0.0000E+00
  1.0000E+00  2.3410E+03  9.7542E+01  2.0977E+00  1.0000E+02  0.0000E+00  0.0000E+00  0.0000E+00  0.0000E+00  0.0000E+00  3.1193E-01  7.2771E+00  4.5187E+00  7.2350E-01  5.4192E+02  1.0000E+00  3.1193E-01  0.0000E+00 -1.0000E+00  2.0977E+00  3.1193E-01  1.7858E+00  0.0000E+00
  1.0000E+00  2.3420E+03  9.7583E+01  4.9342E-01  1.0000E+02  0.0000E+00  0.0000E+00  0.0000E+00  0.0000E+00  0.0000E+00  3.0877E-01  7.2015E+00  4.4712E+00  7.1588E-01  5.4223E+02  1.0000E+00  3.0877E-01  0.0000E+00 -1.0000E+00  4.9342E-01  3.0877E-01  1.8465E-01  0.0000E+00
  1.0000E+00  2.3430E+03  9.7625E+01 -7.9032E-01  1.0000E+02  0.0000E+00  0.0000E+00  0.0000E+00  0.0000E+00  0.0000E+00  3.0594E-01  7.1341E+00  4.4288E+00  7.0908E-01  5.4254E+02  1.0000E+00  3.0594E-01  0.0000E+00 -1.0000E+00 -7.9032E-01  3.0594E-01 -1.0963E+00  0.0000E+00
  1.0000E+00  2.3440E+03  9.7667E+01  1.9289E+00  1.0000E+02  0.0000E+00  0.0000E+00  0.0000E+00  0.0000E+00  0.0000E+00  3.0340E-01  7.0734E+00  4.3907E+00  7.0297E-01  5.4285E+02  1.0000E+00  3.0340E-01  0.0000E+00 -1.0000E+00  1.9289E+00  3.0340E-01  1.6255E+00  0.0000E+00
  1.0000E+00  2.3450E+03  9.7708E+01  8.0498E-01  1.0000E+02  0.0000E+00  0.0000E+00  0.0000E+00  0.0000E+00  0.0000E+00  3.0110E-01  7.0186E+00  4.3563E+00  6.9745E-01  5.4315E+02  1.0000E+00  3.0110E-01  0.0000E+00 -1.0000E+00  8.0498E-01  3.0110E-01  5.0388E-01  0.0000E+00
  1.0000E+00  2.3460E+03  9.7750E+01  4.2060E-01  1.0000E+02  0.0000E+00  0.0000E+00  0.0000E+00  0.0000E+00  0.0000E+00  2.9899E-01  6.9686E+00  4.3250E+00  6.9243E-01  5.4345E+02  1.0000E+00  2.9899E-01  0.0000E+00 -1.0000E+00  4.2060E-01  2.9899E-01  1.2161E-01  0.0000E+00
  1.0000E+00  2.3470E+03  9.7792E+01  1.7889E+00  1.0000E+02  0.0000E+00  0.0000E+00  0.0000E+00  0.0000E+00  0.0000E+00  2.9706E-01  6.9229E+00  4.2963E+00  6.8783E-01  5.4375E+02  1.0000E+00  2.9706E-01  0.0000E+00 -1.0000E+00  1.7889E+00  2.9706E-01  1.4919E+00  0.0000E+00
  1.0000E+00  2.3480E+03  9.7833E+01 -1.5159E-01  1.0000E+02  0.0000E+00  0.0000E+00  0.0000E+00  0.0000E+00  0.0000E+00  2.9528E-01  6.8806E+00  4.2698E+00  6.8359E-01  5.4404E+02  1.0000E+00  2.9528E-01  0.0000E+00 -1.0000E+00 -1.5159E-01  2.9528E-01 -4.4687E-01  0.0000E+00
  1.0000E+00  2.3490E+03  9.7875E+01 -2.2640E-01  1.0000E+02  0.0000E+00  0.0000E+00  0.0000E+00  0.0000E+00  0.0000E+00  2.9363E-01  6.8415E+00  4.2453E+00  6.7966E-01  5.4434E+02  1.0000E+00  2.9363E-01  0.0000E+00 -1.0000E+00 -2.2640E-01  2.9363E-01 -5.2003E-01  0.0000E+00
  1.0000E+00  2.3500E+03  9.7917E+01  1.9084E+00  1.0000E+02  0.0000E+00  0.0000E+00  0.0000E+00  0.0000E+00  0.0000E+00  2.9208E-01  6.8049E+00  4.2225E+00  6.7600E-01  5.4463E+02  1.0000E+00  2.9208E-01  0.0000E+00 -1.0000E+00  1.9084E+00  2.9208E-01  1.6164E+00  0.0000E+00
  1.0000E+00  2.3510E+03  9.7958E+01  1.4253E+00  1.0000E+02  0.0000E+00  0.0000E+00  0.0000E+00  0.0000E+00  0.0000E+00  2.9063E-01  6.7707E+00  4.2011E+00  6.7258E-01  5.4492E+02  1.0000E+00  2.9063E-01  0.0000E+00 -1.0000E+00  1.4253E+00  2.9063E-01  1.1346E+00  0.0000E+00
  1.0000E+00  2.3520E+03  9.8000E+01 -5.2206E-01  1.0000E+02  0.0000E+00  0.0000E+00  0.0000E+00  0.0000E+00  0.0000E+00  2.8927E-01  6.7385E+00  4.1810E+00  6.6935E-01  5.4521E+02  1.0000E+00  2.8927E-01  0.0000E+00 -1.0000E+00 -5.2206E-01  2.8927E-01 -8.1133E-01  0.0000E+00
  1.0000E+00  2.3530E+03  9.8042E+01 -3.6698E-02  1.0000E+02  0.0000E+00  0.0000E+00  0.0000E+00  0.0000E+00  0.0000E+00  3.4218E-01  7.7466E+00  4.7306E+00  7.5588E-01  5.4553E+02  1.0000E+00  3.4218E-01  0.0000E+00 -1.0000E+00 -3.6698E-02  3.4218E-01 -3.7888E-01  0.0000E+00
  1.0000E+00  2.3540E+03  9.8083E+01 -1.2727E+00  1.0000E+02  0.0000E+00  0.0000E+00  0.0000E+00  0.0000E+00  0.0000E+00  3.6217E-01  8.3506E+00  5.1409E+00  8.2211E-01  5.4588E+02  1.0000E+00  3.6217E-01  0.0000E+00 -1.0000E+00 -1.2727E+00  3.6217E-01 -1.6349E+00  0.0000E+00
  1.0000E+00  2.3550E+03  9.8125E+01  3.8328E-01  1.0000E+02  0.0000E+00  0.0000E+00  0.0000E+00  0.0000E+00  0.0000E+00  3.6619E-01  8.5139E+00  5.2704E+00  8.4344E-01  5.4625E+02  1.0000E+00  3.6619E-01  0.0000E+00 -1.0000E+00  3.8328E-01  3.6619E-01  1.7090E-02  0.0000E+00
  1.0000E+00  2.3560E+03  9.8167E+01  1.3108E+00  1.0000E+02  0.0000E+00  0.0000E+00  0.0000E+00  0.0000E+00  0.0000E+00  3.6288E-01  8.4683E+00  5.2558E+00  8.4142E-01  5.4661E+02  1.0000E+00  3.6288E-01  0.0000E+00 -1.0000E+00  1.3108E+00  3.6288E-01  9.4790E-01  0.0000E+00
  1.0000E+00  2.3570E+03  9.8208E+01 -1.3712E+00  1.0000E+02  0.0000E+00  0.0000E+00  0.0000E+00  0.0000E+00  0.0000E+00  3.5660E-01  8.3340E+00  5.1783E+00  8.2915E-01  5.4697E+02  1.0000E+00  3.5660E-01  0.0000E+00 -1.0000E+00 -1.3712E+00  3.5660E-01 -1.7278E+00  0.0000E+00
  1.0000E+00  2.3580E+03  9.8250E+01  4.7532E-01  1.0000E+02  0.0000E+00  0.0000E+00  0.0000E+00  0.0000E+00  0.0000E+00  3.4944E-01  8.1703E+00  5.0786E+00  8.1324E-01  5.4733E+02  1.0000E+00  3.4944E-01  0.0000E+00 -1.0000E+00  4.7532E-01  3.4944E-01  1.2587E-01  0.0000E+00
  1.0000E+00  2.3590E+03  9.8292E+01  3.9851E-01  1.0000E+02  0.0000E+00  0.0000E+00  0.0000E+00  0.0000E+00  0.0000E+00  3.4241E-01  8.0052E+00  4.9761E+00  7.9684E-01  5.4767E+02  1.0000E+00  3.4241E-01  0.0000E+00 -1.0000E+00  3.9851E-01  3.4241E-01  5.6104E-02  0.0000E+00
  1.0000E+00  2.3600E+03  9.8333E+01 -3.7468E-01  1.0000E+02  0.0000E+00  0.0000E+00  0.0000E+00  0.0000E+00  0.0000E+00  3.3591E-01  7.8507E+00  4.8795E+00  7.8135E-01  5.4801E+02  1.0000E+00  3.3591E-01  0.0000E+00 -1.0000E+00 -3.7468E-01  3.3591E-01 -7.1059E-01  0.0000E+00
  1.0000E+00  2.3610E+03  9.8375E+01 -4.0863E-01  1.0000E+02  0.0000E+00  0.0000E+00  0.0000E+00  0.0000E+00  0.0000E+00  3.3007E-01  7.7112E+00  4.7918E+00  7.6730E-01  5.4834E+02  1.0000E+00  3.3007E-01  0.0000E+00 -1.0000E+00 -4.0863E-01  3.3007E-01 -7.3870E-01  0.0000E+00
  1.0000E+00  2.3620E+03  9.8417E+01  5.5630E-01  1.0000E+02  0.0000E+00  0.0000E+00  0.0000E+00  0.0000E+00  0.0000E+00  3.2490E-01  7.5873E+00  4.7139E+00  7.5480E-01  5.4867E+02  1.0000E+00  3.2490E-01  0.0000E+00 -1.0000E+00  5.5630E-01  3.2490E-01  2.3140E-01  0.0000E+00
  1.0000E+00  2.3630E+03  9.8458E+01 -2.0784E-01  1.0000E+02  0.0000E+00  0.0000E+00  0.0000E+00  0.0000E+00  0.0000E+00  3.2034E-01  7.4780E+00  4.6451E+00  7.4376E-01  5.4899E+02  1.0000E+00  3.2034E-01  0.0000E+00 -1.0000E+00 -2.0784E-01  3.2034E-01 -5.2818E-01  0.0000E+00
  1.0000E+00  2.3640E+03  9.8500E+01 -1.1532E+00  1.0000E+02  0.0000E+00  0.0000E+00  0.0000E+00  0.0000E+00  0.0000E+00  3.1632E-01  7.3817E+00  4.5844E+00  7.3403E-01  5.4931E+02  1.0000E+00  3.1632E-01  0.0000E+00 -1.0000E+00 -1.1532E+00  3.1632E-01 -1.4695E+00  0.0000E+00
  1.0000E+00  2.3650E+03  9.8542E+01  4.2041E-01  1.0000E+02  0.0000E+00  0.0000E+00  0.0000E+00  0.0000E+00  0.0000E+00  3.1276E-01  7.2966E+00  4.5308E+00  7.2544E-01  5.4963E+02  1.0000E+00  3.1276E-01  0.0000E+00 -1.0000E+00  4.2041E-01  3.1276E-01  1.0764E-01  0.0000E+00
  1.0000E+00  2.3660E+03  9.8583E+01 -9.4708E-01  1.0000E+02  0.0000E+00  0.0000E+00  0.0000E+00  0.0000E+00  0.0000E+00  3.0960E-01  7.2210E+00  4.4833E+00  7.1781E-01  5.4994E+02  1.0000E+00  3.0960E-01  0.0000E+00 -1.0000E+00 -9.4708E-01  3.0960E-01 -1.2567E+00  0.0000E+00
  1.0000E+00  2.3670E+03  9.8625E+01  2.9708E-01  1.0000E+02  0.0000E+00  0.0000E+00  0.0000E+00  0.0000E+00  0.0000E+00  3.0678E-01  7.1535E+00  4.4408E+00  7.1101E-01  5.5025E+02  1.0000E+00  3.0678E-01  0.0000E+00 -1.0000E+00  2.9708E-01  3.0678E-01 -9.7008E-03  0.0000E+00
  1.0000E+00  2.3680E+03  9.8667E+01  6.7170E-01  1.0000E+02  0.0000E+00  0.0000E+00  0.0000E+00  0.0000E+00  0.0000E+00  3.0423E-01  7.0929E+00  4.4028E+00  7.0490E-01  5.5055E+02  1.0000E+00  3.0423E-01  0.0000E+00 -1.0000E+00  6.7170E-01  3.0423E-01  3.6746E-01  0.0000E+00
  1.0000E+00  2.3690E+03  9.8708E+01 -8.1467E-01  1.0000E+02  0.0000E+00  0.0000E+00  0.0000E+00  0.0000E+00  0.0000E+00  3.0193E-01  7.0380E+00  4.3683E+00  6.9938E-01  5.5086E+02  1.0000E+00  3.0193E-01  0.0000E+00 -1.0000E+00 -8.1467E-01  3.0193E-01 -1.1166E+00  0.0000E+00
  1.0000E+00  2.3700E+03  9.8750E+01 -4.6401E-01  1.0000E+02  0.0000E+00  0.0000E+00  0.0000E+00  0.0000E+00  0.0000E+00  2.9983E-01  6.9880E+00  4.3370E+00  6.9435E-01  5.5116E+02  1.0000E+00  2.9983E-01  0.0000E+00 -1.0000E+00 -4.6401E-01  2.9983E-01 -7.6383E-01  0.0000E+00
  1.0000E+00  2.3710E+03  9.8792E+01 -8.4930E-01  1.0000E+02  0.0000E+00  0.0000E+00  0.0000E+00  0.0000E+00  0.0000E+00  2.9790E-01  6.9422E+00  4.3083E+00  6.8975E-01  5.5146E+02  1.0000E+00  2.9790E-01  0.0000E+00 -1.0000E+00 -8.4930E-01  2.9790E-01 -1.1472E+00  0.0000E+00
  1.0000E+00  2.3720E+03  9.8833E+01  9.2730E-01  1.0000E+02  0.0000E+00  0.0000E+00  0.0000E+00  0.0000E+00  0.0000E+00  2.9611E-01  6.9000E+00  4.2818E+00  6.8551E-01  5.5175E+02  1.0000E+00  2.9611E-01  0.0000E+00 -1.0000E+00  9.2730E-01  2.9611E-01  6.3119E-01  0.0000E+00
  1.0000E+00  2.3730E+03  9.8875E+01  1.0020E+00  1.0000E+02  0.0000E+00  0.0000E+00  0.0000E+00  0.0000E+00  0.0000E+00  2.9446E-01  6.8608E+00  4.2573E+00  6.8158E-01  5.5205E+02  1.0000E+00  2.9446E-01  0.0000E+00 -1.0000E+00  1.0020E+00  2.9446E-01  7.0751E-01  0.0000E+00
  1.0000E+00  2.3740E+03  9.8917E+01  6.5368E-01  1.0000E+02  0.0000E+00  0.0000E+00  0.0000E+00  0.0000E+00  0.0000E+00  2.9291E-01  6.8243E+00  4.2345E+00  6.7792E-01  5.5234E+02  1.0000E+00  2.9291E-01  0.0000E+00 -1.0000E+00  6.5368E-01  2.9291E-01  3.6076E-01  0.0000E+00
  1.0000E+00  2.3750E+03  9.8958E+01  1.0924E+00  1.0000E+02  0.0000E+00  0.0000E+00  0.0000E+00  0.0000E+00  0.0000E+00  2.9146E-01  6.7900E+00  4.2131E+00  6.7449E-01  5.5263E+02  1.0000E+00  2.9146E-01  0.0000E+00 -1.0000E+00  1.0924E+00  2.9146E-01  8.0089E-01  0.0000E+00
  1.0000E+00  2.3760E+03  9.9000E+01 -7.8448E-01  1.0000E+02  0.0000E+00  0.0000E+00  0.0000E+00  0.0000E+00  0.0000E+00  2.9010E-01  6.7578E+00  4.1929E+00  6.7127E-01  5.5292E+02  1.0000E+00  2.9010E-01  0.0000E+00 -1.0000E+00 -7.8448E-01  2.9010E-01 -1.0746E+00  0.0000E+00
  1.0000E+00  2.3770E+03  9.9042E+01  4.3113E-01  1.0000E+02  0.0000E+00  0.0000E+00  0.0000E+00  0.0000E+00  0.0000E+00  3.4301E-01  7.7659E+00  4.7426E+00  7.5780E-01  5.5324E+02  1.0000E+00  3.4301E-01  0.0000E+00 -1.0000E+00  4.3113E-01  3.4301E-01  8.8121E-02  0.0000E+00
  1.0000E+00  2.3780E+03  9.9083E+01 -1.2994E+00  1.0000E+02  0.0000E+00  0.0000E+00  0.0000E+00  0.0000E+00  0.0000E+00  3.6300E-01  8.3699E+00  5.1529E+00  8.2402E-01  5.5360E+02  1.0000E+00  3.6300E-01  0.0000E+00 -1.0000E+00 -1.2994E+00  3.6300E-01 -1.6624E+00  0.0000E+00
  1.0000E+00  2.3790E+03  9.9125E+01  9.5464E-01  1.0000E+02  0.0000E+00  0.0000E+00  0.0000E+00  0.0000E+00  0.0000E+00  3.6702E-01  8.5331E+00  5.2823E+00  8.4535E-01  5.5397E+02  1.0000E+00  3.6702E-01  0.0000E+00 -1.0000E+00  9.5464E-01  3.6702E-01  5.8763E-01  0.0000E+00
  1.0000E+00  2.3800E+03  9.9167E+01  4.4674E-01  1.0000E+02  0.0000E+00  0.0000E+00  0.0000E+00  0.0000E+00  0.0000E+00  3.6371E-01  8.4875E+00  5.2677E+00  8.4333E-01  5.5433E+02  1.0000E+00  3.6371E-01  0.0000E+00 -1.0000E+00  4.4674E-01  3.6371E-01  8.3026E-02  0.0000E+00
  1.0000E+00  2.3810E+03  9.9208E+01  7.0973E-01  1.0000E+02  0.0000E+00  0.0000E+00  0.0000E+00  0.0000E+00  0.0000E+00  3.5742E-01  8.3533E+00  5.1902E+00  8.3106E-01  5.5469E+02  1.0000E+00  3.5742E-01  0.0000E+00 -1.0000E+00  7.0973E-01  3.5742E-01  3.5231E-01  0.0000E+00
  1.0000E+00  2.3820E+03  9.9250E+01 -1.1671E+00  1.0000E+02  0.0000E+00  0.0000E+00  0.0000E+00  0.0000E+00  0.0000E+00  3.5027E-01  8.1895E+00  5.0905E+00  8.1514E-01  5.5505E+02  1.0000E+00  3.5027E-01  0.0000E+00 -1.0000E+00 -1.1671E+00  3.5027E-01 -1.5174E+00  0.0000E+00
  1.0000E+00  2.3830E+03  9.9292E+01 -1.2448E+00  1.0000E+02  0.0000E+00  0.0000E+00  0.0000E+00  0.0000E+00  0.0000E+00  3.4323E-01  8.0244E+00  4.9880E+00  7.9874E-01  5.5539E+02  1.0000E+00  3.4323E-01  0.0000E+00 -1.0000E+00 -1.2448E+00  3.4323E-01 -1.5880E+00  0.0000E+00
  1.0000E+00  2.3840E+03  9.9333E+01 -2.4882E-01  1.0000E+02  0.0000E+00  0.0000E+00  0.0000E+00  0.0000E+00  0.0000E+00  3.3673E-01  7.8698E+00  4.8913E+00  7.8325E-01  5.5573E+02  1.0000E+00  3.3673E-01  0.0000E+00 -1.0000E+00 -2.4882E-01  3.3673E-01 -5.8555E-01  0.0000E+00
  1.0000E+00  2.3850E+03  9.9375E+01 -1.2042E+00  1.0000E+02  0.0000E+00  0.0000E+00  0.0000E+00  0.0000E+00  0.0000E+00  3.3089E-01  7.7303E+00  4.8037E+00  7.6921E-01  5.5607E+02  1.0000E+00  3.3089E-01  0.0000E+00 -1.0000E+00 -1.2042E+00  3.3089E-01 -1.5351E+00  0.0000E+00
  1.0000E+00  2.3860E+03  9.9417E+01  5.3429E-01  1.0000E+02  0.0000E+00  0.0000E+00  0.0000E+00  0.0000E+00  0.0000E+00  3.2572E-01  7.6064E+00  4.7258E+00  7.5670E-01  5.5639E+02  1.0000E+00  3.2572E-01  0.0000E+00 -1.0000E+00  5.3429E-01  3.2572E-01  2.0857E-01  0.0000E+00
  1.0000E+00  2.3870E+03  9.9458E+01  3.9736E-01  1.0000E+02  0.0000E+00  0.0000E+00  0.0000E+00  0.0000E+00  0.0000E+00  3.2116E-01  7.4971E+00  4.6569E+00  7.4566E-01  5.5672E+02  1.0000E+00  3.2116E-01  0.0000E+00 -1.0000E+00  3.9736E-01  3.2116E-01  7.6203E-02  0.0000E+00
  1.0000E+00  2.3880E+03  9.9500E+01 -9.0859E-01  1.0000E+02  0.0000E+00  0.0000E+00  0.0000E+00  0.0000E+00  0.0000E+00  3.1714E-01  7.4008E+00  4.5963E+00  7.3593E-01  5.5704E+02  1.0000E+00  3.1714E-01  0.0000E+00 -1.0000E+00 -9.0859E-01  3.1714E-01 -1.2257E+00  0.0000E+00
  1.0000E+00  2.3890E+03  9.9542E+01  4.0646E-03  1.0000E+02  0.0000E+00  0.0000E+00  0.0000E+00  0.0000E+00  0.0000E+00  3.1358E-01  7.3157E+00  4.5427E+00  7.2733E-01  5.5735E+02  1.0000E+00  3.1358E-01  0.0000E+00 -1.0000E+00  4.0646E-03  3.1358E-01 -3.0952E-01  0.0000E+00
  1.0000E+00  2.3900E+03  9.9583E+01 -9.7814E-01  1.0000E+02  0.0000E+00  0.0000E+00  0.0000E+00  0.0000E+00  0.0000E+00  3.1042E-01  7.2401E+00  4.4951E+00  7.1970E-01  5.5766E+02  1.0000E+00  3.1042E-01  0.0000E+00 -1.0000E+00 -9.7814E-01  3.1042E-01 -1.2886E+00  0.0000E+00
  1.0000E+00  2.3910E+03  9.9625E+01  2.3157E+00  1.0000E+02  0.0000E+00  0.0000E+00  0.0000E+00  0.0000E+00  0.0000E+00  3.0760E-01  7.1726E+00  4.4527E+00  7.1290E-01  5.5797E+02  1.0000E+00  3.0760E-01  0.0000E+00 -1.0000E+00  2.3157E+00  3.0760E-01  2.0081E+00  0.0000E+00
  1.0000E+00  2.3920E+03  9.9667E+01 -6.5007E-01  1.0000E+02  0.0000E+00  0.0000E+00  0.0000E+00  0.0000E+00  0.0000E+00  3.0505E-01  7.1119E+00  4.4146E+00  7.0679E-01  5.5828E+02  1.0000E+00  3.0505E-01  0.0000E+00 -1.0000E+00 -6.5007E-01  3.0505E-01 -9.5512E-01  0.0000E+00
  1.0000E+00  2.3930E+03  9.9708E+01 -7.4370E-01  1.0000E+02  0.0000E+00  0.0000E+00  0.0000E+00  0.0000E+00  0.0000E+00  3.0275E-01  7.0570E+00  4.3801E+00  7.0127E-01  5.5858E+02  1.0000E+00  3.0275E-01  0.0000E+00 -1.0000E+00 -7.4370E-01  3.0275E-01 -1.0464E+00  0.0000E+00
  1.0000E+00  2.3940E+03  9.9750E+01  1.3587E+00  1.0000E+02  0.0000E+00  0.0000E+00  0.0000E+00  0.0000E+00  0.0000E+00  3.0064E-01  7.0070E+00  4.3488E+00  6.9624E-01  5.5888E+02  1.0000E+00  3.0064E-01  0.0000E+00 -1.0000E+00  1.3587E+00  3.0064E-01  1.0581E+00  0.0000E+00
  1.0000E+00  2.3950E+03  9.9792E+01  7.0015E-01  1.0000E+02  0.0000E+00  0.0000E+00  0.0000E+00  0.0000E+00  0.0000E+00  2.9871E-01  6.9612E+00  4.3201E+00  6.9164E-01  5.5918E+02  1.0000E+00  2.9871E-01  0.0000E+00 -1.0000E+00  7.0015E-01  2.9871E-01  4.0144E-01  0.0000E+00
  1.0000E+00  2.3960E+03  9.9833E+01  3.8693E-01  1.0000E+02  0.0000E+00  0.0000E+00  0.0000E+00  0.0000E+00  0.0000E+00  2.9693E-01  6.9190E+00  4.2936E+00  6.8740E-01  5.5948E+02  1.0000E+00  2.9693E-01  0.0000E+00 -1.0000E+00  3.8693E-01  2.9693E-01  9.0003E-02  0.0000E+00
  1.0000E+00  2.3970E+03  9.9875E+01 -3.9159E-01  1.0000E+02  0.0000E+00  0.0000E+00  0.0000E+00  0.0000E+00  0.0000E+00  2.9527E-01  6.8798E+00  4.2691E+00  6.8347E-01  5.5978E+02  1.0000E+00  2.9527E-01  0.0000E+00 -1.0000E+00 -3.9159E-01  2.9527E-01 -6.8686E-01  0.0000E+00
  1.0000E+00  2.3980E+03  9.9917E+01  3.9694E-01  1.0000E+02  0.0000E+00  0.0000E+00  0.0000E+00  0.0000E+00  0.0000E+00  2.9373E-01  6.8432E+00  4.2462E+00  6.7980E-01  5.6007E+02  1.0000E+00  2.9373E-01  0.0000E+00 -1.0000E+00  3.9694E-01  2.9373E-01  1.0321E-01  0.0000E+00
  1.0000E+00  2.3990E+03  9.9958E+01  1.8457E+00  1.0000E+02  0.0000E+00  0.0000E+00  0.0000E+00  0.0000E+00  0.0000E+00  2.9228E-01  6.8090E+00  4.2248E+00  6.7637E-01  5.6037E+02  1.0000E+00  2.9228E-01  0.0000E+00 -1.0000E+00  1.8457E+00  2.9228E-01  1.5534E+00  0.0000E+00
  1.0000E+00  2.4000E+03  1.0000E+02 -5.1615E-01  1.0000E+02  0.0000E+00  0.0000E+00  0.0000E+00  0.0000E+00  0.0000E+00  2.9091E-01  6.7767E+00  4.2047E+00  6.7315E-01  5.6066E+02  1.0000E+00  2.9091E-01  0.0000E+00 -1.0000E+00 -5.1615E-01  2.9091E-01 -8.0705E-01  0.0000E+00
  1.0000E+00  2.4010E+03  1.0004E+02 -5.5371E-01  1.0000E+02  0.0000E+00  0.0000E+00  0.0000E+00  0.0000E+00  0.0000E+00  3.4382E-01  7.7848E+00  4.7543E+00  7.5967E-01  5.6098E+02  1.0000E+00  3.4382E-01  0.0000E+00 -1.0000E+00 -5.5371E-01  3.4382E-01 -8.9753E-01  0.0000E+00
  1.0000E+00  2.4020E+03  1.0008E+02 -5.1012E-01  1.0000E+02  0.0000E+00  0.0000E+00  0.0000E+00  0.0000E+00  0.0000E+00  3.6381E-01  8.3888E+00  5.1646E+00  8.2590E-01  5.6133E+02  1.0000E+00  3.6381E-01  0.0000E+00 -1.0000E+00 -5.1012E-01  3.6381E-01 -8.7393E-01  0.0000E+00
  1.0000E+00  2.4030E+03  1.0012E+02  9.5515E-03  1.0000E+02  0.0000E+00  0.0000E+00  0.0000E+00  0.0000E+00  0.0000E+00  3.6783E-01  8.5520E+00  5.2940E+00  8.4722E-01  5.6170E+02  1.0000E+00  3.6783E-01  0.0000E+00 -1.0000E+00  9.5515E-03  3.6783E-01 -3.5827E-01  0.0000E+00
  1.0000E+00  2.4040E+03  1.0017E+02  3.5652E+00  1.0000E+02  0.0000E+00  0.0000E+00  0.0000E+00  0.0000E+00  0.0000E+00  3.6452E-01  8.5064E+00  5.2794E+00  8.4520E-01  5.6207E+02  1.0000E+00  3.6452E-01  0.0000E+00 -1.0000E+00  3.5652E+00  3.6452E-01  3.2007E+00  0.0000E+00
  1.0000E+00  2.4050E+03  1.0021E+02  9.8226E-01  1.0000E+02  0.0000E+00  0.0000E+00  0.0000E+00  0.0000E+00  0.0000E+00  3.5823E-01  8.3721E+00  5.2019E+00  8.3293E-01  5.6243E+02  1.0000E+00  3.5823E-01  0.0000E+00 -1.0000E+00  9.8226E-01  3.5823E-01  6.2402E-01  0.0000E+00
  1.0000E+00  2.4060E+03  1.0025E+02  3.0116E-01  1.0000E+02  0.0000E+00  0.0000E+00  0.0000E+00  0.0000E+00  0.0000E+00  3.5108E-01  8.2084E+00  5.1021E+00  8.1701E-01  5.6278E+02  1.0000E+00  3.5108E-01  0.0000E+00 -1.0000E+00  3.0116E-01  3.5108E-01 -4.9922E-02  0.0000E+00
  1.0000E+00  2.4070E+03  1.0029E+02 -1.0313E-01  1.0000E+02  0.0000E+00  0.0000E+00  0.0000E+00  0.0000E+00  0.0000E+00  3.4404E-01  8.0431E+00  4.9997E+00  8.0061E-01  5.6313E+02  1.0000E+00  3.4404E-01  0.0000E+00 -1.0000E+00 -1.0313E-01  3.4404E-01 -4.4717E-01  0.0000E+00
  1.0000E+00  2.4080E+03  1.0033E+02  1.8476E+00  1.0000E+02  0.0000E+00  0.0000E+00  0.0000E+00  0.0000E+00  0.0000E+00  3.3754E-01  7.8886E+00  4.9030E+00  7.8512E-01  5.6347E+02  1.0000E+00  3.3754E-01  0.0000E+00 -1.0000E+00  1.8476E+00  3.3754E-01  1.5101E+00  0.0000E+00
  1.0000E+00  2.4090E+03  1.0038E+02  5.6784E-01  1.0000E+02  0.0000E+00  0.0000E+00  0.0000E+00  0.0000E+00  0.0000E+00  3.3170E-01  7.7491E+00  4.8154E+00  7.7107E-01  5.6381E+02  1.0000E+00  3.3170E-01  0.0000E+00 -1.0000E+00  5.6784E-01  3.3170E-01  2.3614E-01  0.0000E+00
  1.0000E+00  2.4100E+03  1.0042E+02  7.1548E-01  1.0000E+02  0.0000E+00  0.0000E+00  0.0000E+00  0.0000E+00  0.0000E+00  3.2653E-01  7.6252E+00  4.7374E+00  7.5856E-01  5.6414E+02  1.0000E+00  3.2653E-01  0.0000E+00 -1.0000E+00  7.1548E-01  3.2653E-01  3.8896E-01  0.0000E+00
  1.0000E+00  2.4110E+03  1.0046E+02  7.8574E-01  1.0000E+02  0.0000E+00  0.0000E+00  0.0000E+00  0.0000E+00  0.0000E+00  3.2197E-01  7.5159E+00  4.6685E+00  7.4752E-01  5.6446E+02  1.0000E+00  3.2197E-01  0.0000E+00 -1.0000E+00  7.8574E-01  3.2197E-01  4.6377E-01  0.0000E+00
  1.0000E+00  2.4120E+03  1.0050E+02 -7.0250E-01  1.0000E+02  0.0000E+00  0.0000E+00  0.0000E+00  0.0000E+00  0.0000E+00  3.1795E-01  7.4195E+00  4.6079E+00  7.3779E-01  5.6478E+02  1.0000E+00  3.1795E-01  0.0000E+00 -1.0000E+00 -7.0250E-01  3.1795E-01 -1.0204E+00  0.0000E+00
  1.0000E+00  2.4130E+03  1.0054E+02 -1.9142E-01  1.0000E+02  0.0000E+00  0.0000E+00  0.0000E+00  0.0000E+00  0.0000E+00  3.1439E-01  7.3344E+00  4.5543E+00  7.2919E-01  5.6510E+02  1.0000E+00  3.1439E-01  0.0000E+00 -1.0000E+00 -1.9142E-01  3.1439E-01 -5.0580E-01  0.0000E+00
  1.0000E+00  2.4140E+03  1.0058E+02 -8.4066E-01  1.0000E+02  0.0000E+00  0.0000E+00  0.0000E+00  0.0000E+00  0.0000E+00  3.1123E-01  7.2588E+00  4.5067E+00  7.2156E-01  5.6541E+02  1.0000E+00  3.1123E-01  0.0000E+00 -1.0000E+00 -8.4066E-01  3.1123E-01 -1.1519E+00  0.0000E+00
  1.0000E+00  2.4150E+03  1.0062E+02  1.2281E+00  1.0000E+02  0.0000E+00  0.0000E+00  0.0000E+00  0.0000E+00  0.0000E+00  3.0840E-01  7.1912E+00  4.4642E+00  7.1475E-01  5.6572E+02  1.0000E+00  3.0840E-01  0.0000E+00 -1.0000E+00  1.2281E+00  3.0840E-01  9.1966E-01  0.0000E+00
  1.0000E+00  2.4160E+03  1.0067E+02 -1.0093E+00  1.0000E+02  0.0000E+00  0.0000E+00  0.0000E+00  0.0000E+00  0.0000E+00  3.0585E-01  7.1306E+00  4.4261E+00  7.0864E-01  5.6603E+02  1.0000E+00  3.0585E-01  0.0000E+00 -1.0000E+00 -1.0093E+00  3.0585E-01 -1.3151E+00  0.0000E+00
  1.0000E+00  2.4170E+03  1.0071E+02  2.3403E+00  1.0000E+02  0.0000E+00  0.0000E+00  0.0000E+00  0.0000E+00  0.0000E+00  3.0355E-01  7.0757E+00  4.3917E+00  7.0312E-01  5.6633E+02  1.0000E+00  3.0355E-01  0.0000E+00 -1.0000E+00  2.3403E+00  3.0355E-01  2.0367E+00  0.0000E+00
  1.0000E+00  2.4180E+03  1.0075E+02 -1.7194E-01  1.0000E+02  0.0000E+00  0.0000E+00  0.0000E+00  0.0000E+00  0.0000E+00  3.0144E-01  7.0257E+00  4.3603E+00  6.9809E-01  5.6663E+02  1.0000E+00  3.0144E-01  0.0000E+00 -1.0000E+00 -1.7194E-01  3.0144E-01 -4.7339E-01  0.0000E+00
  1.0000E+00  2.4190E+03  1.0079E+02 -4.6736E-01  1.0000E+02  0.0000E+00  0.0000E+00  0.0000E+00  0.0000E+00  0.0000E+00  2.9951E-01  6.9798E+00  4.3316E+00  6.9349E-01  5.6693E+02  1.0000E+00  2.9951E-01  0.0000E+00 -1.0000E+00 -4.6736E-01  2.9951E-01 -7.6687E-01  0.0000E+00
  1.0000E+00  2.4200E+03  1.0083E+02 -2.8642E-01  1.0000E+02  0.0000E+00  0.0000E+00  0.0000E+00  0.0000E+00  0.0000E+00  2.9773E-01  6.9376E+00  4.3051E+00  6.8924E-01  5.6723E+02  1.0000E+00  2.9773E-01  0.0000E+00 -1.0000E+00 -2.8642E-01  2.9773E-01 -5.8414E-01  0.0000E+00
  1.0000E+00  2.4210E+03  1.0088E+02  1.1994E-01  1.0000E+02  0.0000E+00  0.0000E+00  0.0000E+00  0.0000E+00  0.0000E+00  2.9607E-01  6.8983E+00  4.2806E+00  6.8531E-01  5.6753E+02  1.0000E+00  2.9607E-01  0.0000E+00 -1.0000E+00  1.1994E-01  2.9607E-01 -1.7613E-01  0.0000E+00
  1.0000E+00  2.4220E+03  1.0092E+02  2.5874E-01  1.0000E+02  0.0000E+00  0.0000E+00  0.0000E+00  0.0000E+00  0.0000E+00  2.9452E-01  6.8618E+00  4.2577E+00  6.8165E-01  5.6782E+02  1.0000E+00  2.9452E-01  0.0000E+00 -1.0000E+00  2.5874E-01  2.9452E-01 -3.5787E-02  0.0000E+00
  1.0000E+00  2.4230E+03  1.0096E+02  2.3557E+00  1.0000E+02  0.0000E+00  0.0000E+00  0.0000E+00  0.0000E+00  0.0000E+00  2.9307E-01  6.8275E+00  4.2363E+00  6.7821E-01  5.6812E+02  1.0000E+00  2.9307E-01  0.0000E+00 -1.0000E+00  2.3557E+00  2.9307E-01  2.0626E+00  0.0000E+00
  1.0000E+00  2.4240E+03  1.0100E+02  1.4592E+00  1.0000E+02  0.0000E+00  0.0000E+00  0.0000E+00  0.0000E+00  0.0000E+00  2.9171E-01  6.7953E+00  4.2162E+00  6.7498E-01  5.6841E+02  1.0000E+00  2.9171E-01  0.0000E+00 -1.0000E+00  1.4592E+00  2.9171E-01  1.1675E+00  0.0000E+00
  1.0000E+00  2.4250E+03  1.0104E+02  2.7990E-01  1.0000E+02  0.0000E+00  0.0000E+00  0.0000E+00  0.0000E+00  0.0000E+00  3.4462E-01  7.8033E+00  4.7658E+00  7.6151E-01  5.6873E+02  1.0000E+00  3.4462E-01  0.0000E+00 -1.0000E+00  2.7990E-01  3.4462E-01 -6.4716E-02  0.0000E+00
  1.0000E+00  2.4260E+03  1.0108E+02  2.7169E-01  1.0000E+02  0.0000E+00  0.0000E+00  0.0000E+00  0.0000E+00  0.0000E+00  3.6460E-01  8.4073E+00  5.1761E+00  8.2773E-01  5.6909E+02  1.0000E+00  3.6460E-01  0.0000E+00 -1.0000E+00  2.7169E-01  3.6460E-01 -9.2917E-02  0.0000E+00
  1.0000E+00  2.4270E+03  1.0112E+02 -2.0127E-01  1.0000E+02  0.0000E+00  0.0000E+00  0.0000E+00  0.0000E+00  0.0000E+00  3.6862E-01  8.5705E+00  5.3055E+00  8.4905E-01  5.6946E+02  1.0000E+00  3.6862E-01  0.0000E+00 -1.0000E+00 -2.0127E-01  3.6862E-01 -5.6989E-01  0.0000E+00
  1.0000E+00  2.4280E+03  1.0117E+02  5.3407E-01  1.0000E+02  0.0000E+00  0.0000E+00  0.0000E+00  0.0000E+00  0.0000E+00  3.6531E-01  8.5248E+00  5.2909E+00  8.4704E-01  5.6982E+02  1.0000E+00  3.6531E-01  0.0000E+00 -1.0000E+00  5.3407E-01  3.6531E-01  1.6875E-01  0.0000E+00
  1.0000E+00  2.4290E+03  1.0121E+02  1.7930E+00  1.0000E+02  0.0000E+00  0.0000E+00  0.0000E+00  0.0000E+00  0.0000E+00  3.5902E-01  8.3905E+00  5.2133E+00  8.3476E-01  5.7019E+02  1.0000E+00  3.5902E-01  0.0000E+00 -1.0000E+00  1.7930E+00  3.5902E-01  1.4340E+00  0.0000E+00
  1.0000E+00  2.4300E+03  1.0125E+02  7.6080E-01  1.0000E+02  0.0000E+00  0.0000E+00  0.0000E+00  0.0000E+00  0.0000E+00  3.5187E-01  8.2268E+00  5.1136E+00  8.1884E-01  5.7054E+02  1.0000E+00  3.5187E-01  0.0000E+00 -1.0000E+00  7.6080E-01  3.5187E-01  4.0893E-01  0.0000E+00
  1.0000E+00  2.4310E+03  1.0129E+02  1.2563E+00  1.0000E+02  0.0000E+00  0.0000E+00  0.0000E+00  0.0000E+00  0.0000E+00  3.4483E-01  8.0616E+00  5.0111E+00  8.0244E-01  5.7089E+02  1.0000E+00  3.4483E-01  0.0000E+00 -1.0000E+00  1.2563E+00  3.4483E-01  9.1150E-01  0.0000E+00
  1.0000E+00  2.4320E+03  1.0133E+02  3.2228E-01  1.0000E+02  0.0000E+00  0.0000E+00  0.0000E+00  0.0000E+00  0.0000E+00  3.3833E-01  7.9070E+00  4.9144E+00  7.8695E-01  5.7123E+02  1.0000E+00  3.3833E-01  0.0000E+00 -1.0000E+00  3.2228E-01  3.3833E-01 -1.6051E-02  0.0000E+00
  1.0000E+00  2.4330E+03  1.0138E+02 -1.7919E-01  1.0000E+02  0.0000E+00  0.0000E+00  0.0000E+00  0.0000E+00  0.0000E+00  3.3249E-01  7.7675E+00  4.8268E+00  7.7289E-01  5.7157E+02  1.0000E+00  3.3249E-01  0.0000E+00 -1.0000E+00 -1.7919E-01  3.3249E-01 -5.1168E-01  0.0000E+00
  1.0000E+00  2.4340E+03  1.0142E+02  6.4090E-02  1.0000E+02  0.0000E+00  0.0000E+00  0.0000E+00  0.0000E+00  0.0000E+00  3.2732E-01  7.6436E+00  4.7488E+00  7.6039E-01  5.7190E+02  1.0000E+00  3.2732E-01  0.0000E+00 -1.0000E+00  6.4090E-02  3.2732E-01 -2.6323E-01  0.0000E+00
  1.0000E+00  2.4350E+03  1.0146E+02  1.0781E+00  1.0000E+02  0.0000E+00  0.0000E+00  0.0000E+00  0.0000E+00  0.0000E+00  3.2275E-01  7.5342E+00  4.6799E+00  7.4934E-01  5.7222E+02  1.0000E+00  3.2275E-01  0.0000E+00 -1.0000E+00  1.0781E+00  3.2275E-01  7.5536E-01  0.0000E+00
  1.0000E+00  2.4360E+03  1.0150E+02 -9.7889E-01  1.0000E+02  0.0000E+00  0.0000E+00  0.0000E+00  0.0000E+00  0.0000E+00  3.1873E-01  7.4379E+00  4.6192E+00  7.3961E-01  5.7254E+02  1.0000E+00  3.1873E-01  0.0000E+00 -1.0000E+00 -9.7889E-01  3.1873E-01 -1.2976E+00  0.0000E+00
  1.0000E+00  2.4370E+03  1.0154E+02 -9.9325E-01  1.0000E+02  0.0000E+00  0.0000E+00  0.0000E+00  0.0000E+00  0.0000E+00  3.1518E-01  7.3527E+00  4.5656E+00  7.3101E-01  5.7286E+02  1.0000E+00  3.1518E-01  0.0000E+00 -1.0000E+00 -9.9325E-01  3.1518E-01 -1.3084E+00  0.0000E+00
  1.0000E+00  2.4380E+03  1.0158E+02  7.3493E-01  1.0000E+02  0.0000E+00  0.0000E+00  0.0000E+00  0.0000E+00  0.0000E+00  3.1201E-01  7.2771E+00  4.5180E+00  7.2338E-01  5.7317E+02  1.0000E+00  3.1201E-01  0.0000E+00 -1.0000E+00  7.3493E-01  3.1201E-01  4.2291E-01  0.0000E+00
  1.0000E+00  2.4390E+03  1.0162E+02 -1.4584E-01  1.0000E+02  0.0000E+00  0.0000E+00  0.0000E+00  0.0000E+00  0.0000E+00  3.0919E-01  7.2095E+00  4.4756E+00  7.1657E-01  5.7348E+02  1.0000E+00  3.0919E-01  0.0000E+00 -1.0000E+00 -1.4584E-01  3.0919E-01 -4.5502E-01  0.0000E+00
  1.0000E+00  2.4400E+03  1.0167E+02  1.4080E+00  1.0000E+02  0.0000E+00  0.0000E+00  0.0000E+00  0.0000E+00  0.0000E+00  3.0664E-01  7.1488E+00  4.4375E+00  7.1046E-01  5.7379E+02  1.0000E+00  3.0664E-01  0.0000E+00 -1.0000E+00  1.4080E+00  3.0664E-01  1.1014E+00  0.0000E+00
  1.0000E+00  2.4410E+03  1.0171E+02  5.0202E+00  1.0000E+02  0.0000E+00  0.0000E+00  0.0000E+00  0.0000E+00  0.0000E+00  3.0433E-01  7.0939E+00  4.4030E+00  7.0493E-01  5.7410E+02  1.0000E+00  3.0433E-01  0.0000E+00 -1.0000E+00  5.0202E+00  3.0433E-01  4.7159E+00  0.0000E+00
  1.0000E+00  2.4420E+03  1.0175E+02  5.4368E-01  1.0000E+02  0.0000E+00  0.0000E+00  0.0000E+00  0.0000E+00  0.0000E+00  3.0223E-01  7.0439E+00  4.3716E+00  6.9990E-01  5.7440E+02  1.0000E+00  3.0223E-01  0.0000E+00 -1.0000E+00  5.4368E-01  3.0223E-01  2.4146E-01  0.0000E+00
  1.0000E+00  2.4430E+03  1.0179E+02  3.7723E-01  1.0000E+02  0.0000E+00  0.0000E+00  0.0000E+00  0.0000E+00  0.0000E+00  3.0030E-01  6.9981E+00  4.3429E+00  6.9530E-01  5.7470E+02  1.0000E+00  3.0030E-01  0.0000E+00 -1.0000E+00  3.7723E-01  3.0030E-01  7.6934E-02  0.0000E+00
  1.0000E+00  2.4440E+03  1.0183E+02 -1.2306E-01  1.0000E+02  0.0000E+00  0.0000E+00  0.0000E+00  0.0000E+00  0.0000E+00  2.9851E-01  6.9558E+00  4.3164E+00  6.9105E-01  5.7500E+02  1.0000E+00  2.9851E-01  0.0000E+00 -1.0000E+00 -1.2306E-01  2.9851E-01 -4.2158E-01  0.0000E+00
  1.0000E+00  2.4450E+03  1.0188E+02  8.5466E-01  1.0000E+02  0.0000E+00  0.0000E+00  0.0000E+00  0.0000E+00  0.0000E+00  2.9685E-01  6.9166E+00  4.2919E+00  6.8712E-01  5.7530E+02  1.0000E+00  2.9685E-01  0.0000E+00 -1.0000E+00  8.5466E-01  2.9685E-01  5.5780E-01  0.0000E+00
  1.0000E+00  2.4460E+03  1.0192E+02  1.0057E+00  1.0000E+02  0.0000E+00  0.0000E+00  0.0000E+00  0.0000E+00  0.0000E+00  2.9531E-01  6.8800E+00  4.2690E+00  6.8345E-01  5.7559E+02  1.0000E+00  2.9531E-01  0.0000E+00 -1.0000E+00  1.0057E+00  2.9531E-01  7.1043E-01  0.0000E+00
  1.0000E+00  2.4470E+03  1.0196E+02 -7.7877E-01  1.0000E+02  0.0000E+00  0.0000E+00  0.0000E+00  0.0000E+00  0.0000E+00  2.9385E-01  6.8457E+00  4.2476E+00  6.8002E-01  5.7589E+02  1.0000E+00  2.9385E-01  0.0000E+00 -1.0000E+00 -7.7877E-01  2.9385E-01 -1.0726E+00  0.0000E+00
  1.0000E+00  2.4480E+03  1.0200E+02  7.9537E-01  1.0000E+02  0.0000E+00  0.0000E+00  0.0000E+00  0.0000E+00  0.0000E+00  2.9249E-01  6.8134E+00  4.2274E+00  6.7679E-01  5.7618E+02  1.0000E+00  2.9249E-01  0.0000E+00 -1.0000E+00  7.9537E-01  2.9249E-01  5.0289E-01  0.0000E+00
  1.0000E+00  2.4490E+03  1.0204E+02  6.3134E-01  1.0000E+02  0.0000E+00  0.0000E+00  0.0000E+00  0.0000E+00  0.0000E+00  3.4539E-01  7.8214E+00  4.7770E+00  7.6331E-01  5.7650E+02  1.0000E+00  3.4539E-01  0.0000E+00 -1.0000E+00  6.3134E-01  3.4539E-01  2.8594E-01  0.0000E+00
  1.0000E+00  2.4500E+03  1.0208E+02  2.7873E-01  1.0000E+02  0.0000E+00  0.0000E+00  0.0000E+00  0.0000E+00  0.0000E+00  3.6538E-01  8.4254E+00  5.1873E+00  8.2953E-01  5.7686E+02  1.0000E+00  3.6538E-01  0.0000E+00 -1.0000E+00  2.7873E-01  3.6538E-01 -8.6651E-02  0.0000E+00
  1.0000E+00  2.4510E+03  1.0212E+02  8.5062E-01  1.0000E+02  0.0000E+00  0.0000E+00  0.0000E+00  0.0000E+00  0.0000E+00  3.6940E-01  8.5886E+00  5.3167E+00  8.5085E-01  5.7723E+02  1.0000E+00  3.6940E-01  0.0000E+00 -1.0000E+00  8.5062E-01  3.6940E-01  4.8122E-01  0.0000E+00
  1.0000E+00  2.4520E+03  1.0217E+02 -5.6557E-02  1.0000E+02  0.0000E+00  0.0000E+00  0.0000E+00  0.0000E+00  0.0000E+00  3.6609E-01  8.5429E+00  5.3021E+00  8.4883E-01  5.7760E+02  1.0000E+00  3.6609E-01  0.0000E+00 -1.0000E+00 -5.6557E-02  3.6609E-01 -4.2265E-01  0.0000E+00
  1.0000E+00  2.4530E+03  1.0221E+02  1.3818E+00  1.0000E+02  0.0000E+00  0.0000E+00  0.0000E+00  0.0000E+00  0.0000E+00  3.5980E-01  8.4086E+00  5.2245E+00  8.3656E-01  5.7796E+02  1.0000E+00  3.5980E-01  0.0000E+00 -1.0000E+00  1.3818E+00  3.5980E-01  1.0220E+00  0.0000E+00
  1.0000E+00  2.4540E+03  1.0225E+02 -1.4478E-01  1.0000E+02  0.0000E+00  0.0000E+00  0.0000E+00  0.0000E+00  0.0000E+00  3.5265E-01  8.2449E+00  5.1248E+00  8.2064E-01  5.7832E+02  1.0000E+00  3.5265E-01  0.0000E+00 -1.0000E+00 -1.4478E-01  3.5265E-01 -4.9743E-01  0.0000E+00
  1.0000E+00  2.4550E+03  1.0229E+02  1.3261E+00  1.0000E+02  0.0000E+00  0.0000E+00  0.0000E+00  0.0000E+00  0.0000E+00  3.4561E-01  8.0796E+00  5.0223E+00  8.0423E-01  5.7867E+02  1.0000E+00  3.4561E-01  0.0000E+00 -1.0000E+00  1.3261E+00  3.4561E-01  9.8051E-01  0.0000E+00
  1.0000E+00  2.4560E+03  1.0233E+02  1.3208E+00  1.0000E+02  0.0000E+00  0.0000E+00  0.0000E+00  0.0000E+00  0.0000E+00  3.3910E-01  7.9251E+00  4.9256E+00  7.8874E-01  5.7901E+02  1.0000E+00  3.3910E-01  0.0000E+00 -1.0000E+00  1.3208E+00  3.3910E-01  9.8165E-01  0.0000E+00
  1.0000E+00  2.4570E+03  1.0238E+02  5.7758E-02  1.0000E+02  0.0000E+00  0.0000E+00  0.0000E+00  0.0000E+00  0.0000E+00  3.3326E-01  7.7855E+00  4.8379E+00  7.7468E-01  5.7934E+02  1.0000E+00  3.3326E-01  0.0000E+00 -1.0000E+00  5.7758E-02  3.3326E-01 -2.7551E-01  0.0000E+00
  1.0000E+00  2.4580E+03  1.0242E+02 -1.1455E+00  1.0000E+02  0.0000E+00  0.0000E+00  0.0000E+00  0.0000E+00  0.0000E+00  3.2809E-01  7.6616E+00  4.7599E+00  7.6218E-01  5.7968E+02  1.0000E+00  3.2809E-01  0.0000E+00 -1.0000E+00 -1.1455E+00  3.2809E-01 -1.4736E+00  0.0000E+00
  1.0000E+00  2.4590E+03  1.0246E+02 -1.1391E-01  1.0000E+02  0.0000E+00  0.0000E+00  0.0000E+00  0.0000E+00  0.0000E+00  3.2353E-01  7.5522E+00  4.6911E+00  7.5113E-01  5.8000E+02  1.0000E+00  3.2353E-01  0.0000E+00 -1.0000E+00 -1.1391E-01  3.2353E-01 -4.3744E-01  0.0000E+00
  1.0000E+00  2.4600E+03  1.0250E+02  1.5845E-01  1.0000E+02  0.0000E+00  0.0000E+00  0.0000E+00  0.0000E+00  0.0000E+00  3.1951E-01  7.4558E+00  4.6304E+00  7.4139E-01  5.8032E+02  1.0000E+00  3.1951E-01  0.0000E+00 -1.0000E+00  1.5845E-01  3.1951E-01 -1.6105E-01  0.0000E+00
  1.0000E+00  2.4610E+03  1.0254E+02 -9.1260E-02  1.0000E+02  0.0000E+00  0.0000E+00  0.0000E+00  0.0000E+00  0.0000E+00  3.1595E-01  7.3707E+00  4.5768E+00  7.3279E-01  5.8064E+02  1.0000E+00  3.1595E-01  0.0000E+00 -1.0000E+00 -9.1260E-02  3.1595E-01 -4.0721E-01  0.0000E+00
  1.0000E+00  2.4620E+03  1.0258E+02 -5.6588E-01  1.0000E+02  0.0000E+00  0.0000E+00  0.0000E+00  0.0000E+00  0.0000E+00  3.1278E-01  7.2950E+00  4.5292E+00  7.2516E-01  5.8095E+02  1.0000E+00  3.1278E-01  0.0000E+00 -1.0000E+00 -5.6588E-01  3.1278E-01 -8.7867E-01  0.0000E+00
  1.0000E+00  2.4630E+03  1.0262E+02  1.4763E+00  1.0000E+02  0.0000E+00  0.0000E+00  0.0000E+00  0.0000E+00  0.0000E+00  3.0996E-01  7.2275E+00  4.4867E+00  7.1835E-01  5.8127E+02  1.0000E+00  3.0996E-01  0.0000E+00 -1.0000E+00  1.4763E+00  3.0996E-01  1.1663E+00  0.0000E+00
  1.0000E+00  2.4640E+03  1.0267E+02  1.2098E+00  1.0000E+02  0.0000E+00  0.0000E+00  0.0000E+00  0.0000E+00  0.0000E+00  3.0741E-01  7.1668E+00  4.4486E+00  7.1223E-01  5.8157E+02  1.0000E+00  3.0741E-01  0.0000E+00 -1.0000E+00  1.2098E+00  3.0741E-01  9.0240E-01  0.0000E+00
  1.0000E+00  2.4650E+03  1.0271E+02  1.2067E+00  1.0000E+02  0.0000E+00  0.0000E+00  0.0000E+00  0.0000E+00  0.0000E+00  3.0510E-01  7.1118E+00  4.4141E+00  7.0671E-01  5.8188E+02  1.0000E+00  3.0510E-01  0.0000E+00 -1.0000E+00  1.2067E+00  3.0510E-01  9.0159E-01  0.0000E+00
  1.0000E+00  2.4660E+03  1.0275E+02  1.6222E+00  1.0000E+02  0.0000E+00  0.0000E+00  0.0000E+00  0.0000E+00  0.0000E+00  3.0300E-01  7.0618E+00  4.3827E+00  7.0168E-01  5.8219E+02  1.0000E+00  3.0300E-01  0.0000E+00 -1.0000E+00  1.6222E+00  3.0300E-01  1.3192E+00  0.0000E+00
  1.0000E+00  2.4670E+03  1.0279E+02  2.5153E-01  1.0000E+02  0.0000E+00  0.0000E+00  0.0000E+00  0.0000E+00  0.0000E+00  3.0106E-01  7.0159E+00  4.3540E+00  6.9707E-01  5.8249E+02  1.0000E+00  3.0106E-01  0.0000E+00 -1.0000E+00  2.5153E-01  3.0106E-01 -4.9531E-02  0.0000E+00
  1.0000E+00  2.4680E+03  1.0283E+02  1.1761E+00  1.0000E+02  0.0000E+00  0.0000E+00  0.0000E+00  0.0000E+00  0.0000E+00  2.9928E-01  6.9736E+00  4.3275E+00  6.9282E-01  5.8279E+02  1.0000E+00  2.9928E-01  0.0000E+00 -1.0000E+00  1.1761E+00  2.9928E-01  8.7683E-01  0.0000E+00
  1.0000E+00  2.4690E+03  1.0288E+02 -1.4242E+00  1.0000E+02  0.0000E+00  0.0000E+00  0.0000E+00  0.0000E+00  0.0000E+00  2.9762E-01  6.9344E+00  4.3029E+00  6.8889E-01  5.8309E+02  1.0000E+00  2.9762E-01  0.0000E+00 -1.0000E+00 -1.4242E+00  2.9762E-01 -1.7218E+00  0.0000E+00
  1.0000E+00  2.4700E+03  1.0292E+02 -1.3594E+00  1.0000E+02  0.0000E+00  0.0000E+00  0.0000E+00  0.0000E+00  0.0000E+00  2.9607E-01  6.8978E+00  4.2801E+00  6.8522E-01  5.8338E+02  1.0000E+00  2.9607E-01  0.0000E+00 -1.0000E+00 -1.3594E+00  2.9607E-01 -1.6555E+00  0.0000E+00
  1.0000E+00  2.4710E+03  1.0296E+02 -8.0719E-02  1.0000E+02  0.0000E+00  0.0000E+00  0.0000E+00  0.0000E+00  0.0000E+00  2.9462E-01  6.8635E+00  4.2586E+00  6.8179E-01  5.8368E+02  1.0000E+00  2.9462E-01  0.0000E+00 -1.0000E+00 -8.0719E-02  2.9462E-01 -3.7534E-01  0.0000E+00
  1.0000E+00  2.4720E+03  1.0300E+02  6.8814E-04  1.0000E+02  0.0000E+00  0.0000E+00  0.0000E+00  0.0000E+00  0.0000E+00  2.9325E-01  6.8312E+00  4.2385E+00  6.7855E-01  5.8397E+02  1.0000E+00  2.9325E-01  0.0000E+00 -1.0000E+00  6.8814E-04  2.9325E-01 -2.9256E-01  0.0000E+00
  1.0000E+00  2.4730E+03  1.0304E+02 -5.5735E-01  1.0000E+02  0.0000E+00  0.0000E+00  0.0000E+00  0.0000E+00  0.0000E+00  3.4616E-01  7.8392E+00  4.7880E+00  7.6508E-01  5.8430E+02  1.0000E+00  3.4616E-01  0.0000E+00 -1.0000E+00 -5.5735E-01  3.4616E-01 -9.0351E-01  0.0000E+00
  1.0000E+00  2.4740E+03  1.0308E+02 -1.1646E+00  1.0000E+02  0.0000E+00  0.0000E+00  0.0000E+00  0.0000E+00  0.0000E+00  3.6614E-01  8.4431E+00  5.1983E+00  8.3130E-01  5.8465E+02  1.0000E+00  3.6614E-01  0.0000E+00 -1.0000E+00 -1.1646E+00  3.6614E-01 -1.5308E+00  0.0000E+00
  1.0000E+00  2.4750E+03  1.0312E+02  8.8670E-01  1.0000E+02  0.0000E+00  0.0000E+00  0.0000E+00  0.0000E+00  0.0000E+00  3.7016E-01  8.6064E+00  5.3277E+00  8.5261E-01  5.8502E+02  1.0000E+00  3.7016E-01  0.0000E+00 -1.0000E+00  8.8670E-01  3.7016E-01  5.1654E-01  0.0000E+00
  1.0000E+00  2.4760E+03  1.0317E+02  8.0255E-01  1.0000E+02  0.0000E+00  0.0000E+00  0.0000E+00  0.0000E+00  0.0000E+00  3.6685E-01  8.5607E+00  5.3131E+00  8.5059E-01  5.8539E+02  1.0000E+00  3.6685E-01  0.0000E+00 -1.0000E+00  8.0255E-01  3.6685E-01  4.3570E-01  0.0000E+00
  1.0000E+00  2.4770E+03  1.0321E+02  9.2215E-01  1.0000E+02  0.0000E+00  0.0000E+00  0.0000E+00  0.0000E+00  0.0000E+00  3.6056E-01  8.4263E+00  5.2355E+00  8.3832E-01  5.8576E+02  1.0000E+00  3.6056E-01  0.0000E+00 -1.0000E+00  9.2215E-01  3.6056E-01  5.6158E-01  0.0000E+00
  1.0000E+00  2.4780E+03  1.0325E+02 -8.3350E-01  1.0000E+02  0.0000E+00  0.0000E+00  0.0000E+00  0.0000E+00  0.0000E+00  3.5341E-01  8.2626E+00  5.1358E+00  8.2239E-01  5.8611E+02  1.0000E+00  3.5341E-01  0.0000E+00 -1.0000E+00 -8.3350E-01  3.5341E-01 -1.1869E+00  0.0000E+00
  1.0000E+00  2.4790E+03  1.0329E+02  6.0176E-01  1.0000E+02  0.0000E+00  0.0000E+00  0.0000E+00  0.0000E+00  0.0000E+00  3.4637E-01  8.0973E+00  5.0332E+00  8.0599E-01  5.8646E+02  1.0000E+00  3.4637E-01  0.0000E+00 -1.0000E+00  6.0176E-01  3.4637E-01  2.5539E-01  0.0000E+00
  1.0000E+00  2.4800E+03  1.0333E+02  1.7597E+00  1.0000E+02  0.0000E+00  0.0000E+00  0.0000E+00  0.0000E+00  0.0000E+00  3.3986E-01  7.9427E+00  4.9365E+00  7.9049E-01  5.8681E+02  1.0000E+00  3.3986E-01  0.0000E+00 -1.0000E+00  1.7597E+00  3.3986E-01  1.4198E+00  0.0000E+00
  1.0000E+00  2.4810E+03  1.0338E+02  2.6970E+00  1.0000E+02  0.0000E+00  0.0000E+00  0.0000E+00  0.0000E+00  0.0000E+00  3.3402E-01  7.8032E+00  4.8489E+00  7.7644E-01  5.8714E+02  1.0000E+00  3.3402E-01  0.0000E+00 -1.0000E+00  2.6970E+00  3.3402E-01  2.3630E+00  0.0000E+00
  1.0000E+00  2.4820E+03  1.0342E+02  4.3758E-01  1.0000E+02  0.0000E+00  0.0000E+00  0.0000E+00  0.0000E+00  0.0000E+00  3.2885E-01  7.6792E+00  4.7709E+00  7.6393E-01  5.8747E+02  1.0000E+00  3.2885E-01  0.0000E+00 -1.0000E+00  4.3758E-01  3.2885E-01  1.0873E-01  0.0000E+00
  1.0000E+00  2.4830E+03  1.0346E+02  8.6091E-01  1.0000E+02  0.0000E+00  0.0000E+00  0.0000E+00  0.0000E+00  0.0000E+00  3.2429E-01  7.5699E+00  4.7020E+00  7.5288E-01  5.8780E+02  1.0000E+00  3.2429E-01  0.0000E+00 -1.0000E+00  8.6091E-01  3.2429E-01  5.3663E-01  0.0000E+00
  1.0000E+00  2.4840E+03  1.0350E+02 -2.1210E-01  1.0000E+02  0.0000E+00  0.0000E+00  0.0000E+00  0.0000E+00  0.0000E+00  3.2026E-01  7.4735E+00  4.6413E+00  7.4314E-01  5.8812E+02  1.0000E+00  3.2026E-01  0.0000E+00 -1.0000E+00 -2.1210E-01  3.2026E-01 -5.3236E-01  0.0000E+00
  1.0000E+00  2.4850E+03  1.0354E+02  1.0780E-01  1.0000E+02  0.0000E+00  0.0000E+00  0.0000E+00  0.0000E+00  0.0000E+00  3.1670E-01  7.3883E+00  4.5877E+00  7.3454E-01  5.8844E+02  1.0000E+00  3.1670E-01  0.0000E+00 -1.0000E+00  1.0780E-01  3.1670E-01 -2.0891E-01  0.0000E+00
  1.0000E+00  2.4860E+03  1.0358E+02  5.3189E-01  1.0000E+02  0.0000E+00  0.0000E+00  0.0000E+00  0.0000E+00  0.0000E+00  3.1354E-01  7.3126E+00  4.5401E+00  7.2691E-01  5.8876E+02  1.0000E+00  3.1354E-01  0.0000E+00 -1.0000E+00  5.3189E-01  3.1354E-01  2.1835E-01  0.0000E+00
  1.0000E+00  2.4870E+03  1.0362E+02  1.2762E+00  1.0000E+02  0.0000E+00  0.0000E+00  0.0000E+00  0.0000E+00  0.0000E+00  3.1071E-01  7.2450E+00  4.4976E+00  7.2009E-01  5.8907E+02  1.0000E+00  3.1071E-01  0.0000E+00 -1.0000E+00  1.2762E+00  3.1071E-01  9.6546E-01  0.0000E+00
  1.0000E+00  2.4880E+03  1.0367E+02 -1.1655E+00  1.0000E+02  0.0000E+00  0.0000E+00  0.0000E+00  0.0000E+00  0.0000E+00  3.0816E-01  7.1843E+00  4.4595E+00  7.1398E-01  5.8938E+02  1.0000E+00  3.0816E-01  0.0000E+00 -1.0000E+00 -1.1655E+00  3.0816E-01 -1.4737E+00  0.0000E+00
  1.0000E+00  2.4890E+03  1.0371E+02 -4.2809E-01  1.0000E+02  0.0000E+00  0.0000E+00  0.0000E+00  0.0000E+00  0.0000E+00  3.0586E-01  7.1294E+00  4.4250E+00  7.0845E-01  5.8968E+02  1.0000E+00  3.0586E-01  0.0000E+00 -1.0000E+00 -4.2809E-01  3.0586E-01 -7.3394E-01  0.0000E+00
  1.0000E+00  2.4900E+03  1.0375E+02 -1.6914E+00  1.0000E+02  0.0000E+00  0.0000E+00  0.0000E+00  0.0000E+00  0.0000E+00  3.0375E-01  7.0793E+00  4.3936E+00  7.0342E-01  5.8999E+02  1.0000E+00  3.0375E-01  0.0000E+00 -1.0000E+00 -1.6914E+00  3.0375E-01 -1.9951E+00  0.0000E+00
  1.0000E+00  2.4910E+03  1.0379E+02  2.0382E-01  1.0000E+02  0.0000E+00  0.0000E+00  0.0000E+00  0.0000E+00  0.0000E+00  3.0182E-01  7.0335E+00  4.3648E+00  6.9881E-01  5.9029E+02  1.0000E+00  3.0182E-01  0.0000E+00 -1.0000E+00  2.0382E-01  3.0182E-01 -9.7999E-02  0.0000E+00
  1.0000E+00  2.4920E+03  1.0383E+02  1.6106E+00  1.0000E+02  0.0000E+00  0.0000E+00  0.0000E+00  0.0000E+00  0.0000E+00  3.0003E-01  6.9911E+00  4.3384E+00  6.9456E-01  5.9059E+02  1.0000E+00  3.0003E-01  0.0000E+00 -1.0000E+00  1.6106E+00  3.0003E-01  1.3105E+00  0.0000E+00
  1.0000E+00  2.4930E+03  1.0388E+02 -2.1043E-01  1.0000E+02  0.0000E+00  0.0000E+00  0.0000E+00  0.0000E+00  0.0000E+00  2.9837E-01  6.9519E+00  4.3138E+00  6.9062E-01  5.9089E+02  1.0000E+00  2.9837E-01  0.0000E+00 -1.0000E+00 -2.1043E-01  2.9837E-01 -5.0880E-01  0.0000E+00
  1.0000E+00  2.4940E+03  1.0392E+02  1.6647E+00  1.0000E+02  0.0000E+00  0.0000E+00  0.0000E+00  0.0000E+00  0.0000E+00  2.9682E-01  6.9153E+00  4.2909E+00  6.8695E-01  5.9119E+02  1.0000E+00  2.9682E-01  0.0000E+00 -1.0000E+00  1.6647E+00  2.9682E-01  1.3679E+00  0.0000E+00
  1.0000E+00  2.4950E+03  1.0396E+02  1.2450E+00  1.0000E+02  0.0000E+00  0.0000E+00  0.0000E+00  0.0000E+00  0.0000E+00  2.9537E-01  6.8809E+00  4.2694E+00  6.8352E-01  5.9149E+02  1.0000E+00  2.9537E-01  0.0000E+00 -1.0000E+00  1.2450E+00  2.9537E-01  9.4964E-01  0.0000E+00
  1.0000E+00  2.4960E+03  1.0400E+02 -5.5020E-01  1.0000E+02  0.0000E+00  0.0000E+00  0.0000E+00  0.0000E+00  0.0000E+00  2.9400E-01  6.8486E+00  4.2493E+00  6.8029E-01  5.9178E+02  1.0000E+00  2.9400E-01  0.0000E+00 -1.0000E+00 -5.5020E-01  2.9400E-01 -8.4420E-01  0.0000E+00
  1.0000E+00  2.4970E+03  1.0404E+02 -5.2094E-01  1.0000E+02  0.0000E+00  0.0000E+00  0.0000E+00  0.0000E+00  0.0000E+00  3.4691E-01  7.8566E+00  4.7989E+00  7.6681E-01  5.9210E+02  1.0000E+00  3.4691E-01  0.0000E+00 -1.0000E+00 -5.2094E-01  3.4691E-01 -8.6785E-01  0.0000E+00
  1.0000E+00  2.4980E+03  1.0408E+02  9.7023E-01  1.0000E+02  0.0000E+00  0.0000E+00  0.0000E+00  0.0000E+00  0.0000E+00  3.6689E-01  8.4605E+00  5.2091E+00  8.3302E-01  5.9246E+02  1.0000E+00  3.6689E-01  0.0000E+00 -1.0000E+00  9.7023E-01  3.6689E-01  6.0334E-01  0.0000E+00
  1.0000E+00  2.4990E+03  1.0412E+02  1.9820E+00  1.0000E+02  0.0000E+00  0.0000E+00  0.0000E+00  0.0000E+00  0.0000E+00  3.7091E-01  8.6237E+00  5.3385E+00  8.5434E-01  5.9283E+02  1.0000E+00  3.7091E-01  0.0000E+00 -1.0000E+00  1.9820E+00  3.7091E-01  1.6111E+00  0.0000E+00
  1.0000E+00  2.5000E+03  1.0417E+02  2.8690E-01  1.0000E+02  0.0000E+00  0.0000E+00  0.0000E+00  0.0000E+00  0.0000E+00  3.6760E-01  8.5781E+00  5.3239E+00  8.5232E-01  5.9320E+02  1.0000E+00  3.6760E-01  0.0000E+00 -1.0000E+00  2.8690E-01  3.6760E-01 -8.0698E-02  0.0000E+00
  1.0000E+00  2.5010E+03  1.0421E+02  3.9505E-01  1.0000E+02  0.0000E+00  0.0000E+00  0.0000E+00  0.0000E+00  0.0000E+00  3.6131E-01  8.4437E+00  5.2463E+00  8.4004E-01  5.9357E+02  1.0000E+00  3.6131E-01  0.0000E+00 -1.0000E+00  3.9505E-01  3.6131E-01  3.3740E-02  0.0000E+00
  1.0000E+00  2.5020E+03  1.0425E+02 -6.2402E-01  1.0000E+02  0.0000E+00  0.0000E+00  0.0000E+00  0.0000E+00  0.0000E+00  3.5415E-01  8.2799E+00  5.1465E+00  8.2412E-01  5.9392E+02  1.0000E+00  3.5415E-01  0.0000E+00 -1.0000E+00 -6.2402E-01  3.5415E-01 -9.7817E-01  0.0000E+00
  1.0000E+00  2.5030E+03  1.0429E+02  4.9835E-02  1.0000E+02  0.0000E+00  0.0000E+00  0.0000E+00  0.0000E+00  0.0000E+00  3.4711E-01  8.1146E+00  5.0440E+00  8.0771E-01  5.9428E+02  1.0000E+00  3.4711E-01  0.0000E+00 -1.0000E+00  4.9835E-02  3.4711E-01 -2.9728E-01  0.0000E+00
  1.0000E+00  2.5040E+03  1.0433E+02  1.9289E+00  1.0000E+02  0.0000E+00  0.0000E+00  0.0000E+00  0.0000E+00  0.0000E+00  3.4061E-01  7.9601E+00  4.9473E+00  7.9221E-01  5.9462E+02  1.0000E+00  3.4061E-01  0.0000E+00 -1.0000E+00  1.9289E+00  3.4061E-01  1.5883E+00  0.0000E+00
  1.0000E+00  2.5050E+03  1.0438E+02  2.5047E+00  1.0000E+02  0.0000E+00  0.0000E+00  0.0000E+00  0.0000E+00  0.0000E+00  3.3477E-01  7.8205E+00  4.8596E+00  7.7816E-01  5.9496E+02  1.0000E+00  3.3477E-01  0.0000E+00 -1.0000E+00  2.5047E+00  3.3477E-01  2.1700E+00  0.0000E+00
  1.0000E+00  2.5060E+03  1.0442E+02  1.0168E+00  1.0000E+02  0.0000E+00  0.0000E+00  0.0000E+00  0.0000E+00  0.0000E+00  3.2959E-01  7.6965E+00  4.7816E+00  7.6564E-01  5.9529E+02  1.0000E+00  3.2959E-01  0.0000E+00 -1.0000E+00  1.0168E+00  3.2959E-01  6.8721E-01  0.0000E+00
  1.0000E+00  2.5070E+03  1.0446E+02 -8.9691E-01  1.0000E+02  0.0000E+00  0.0000E+00  0.0000E+00  0.0000E+00  0.0000E+00  3.2503E-01  7.5871E+00  4.7127E+00  7.5460E-01  5.9562E+02  1.0000E+00  3.2503E-01  0.0000E+00 -1.0000E+00 -8.9691E-01  3.2503E-01 -1.2219E+00  0.0000E+00
  1.0000E+00  2.5080E+03  1.0450E+02 -4.1512E-01  1.0000E+02  0.0000E+00  0.0000E+00  0.0000E+00  0.0000E+00  0.0000E+00  3.2100E-01  7.4907E+00  4.6520E+00  7.4486E-01  5.9594E+02  1.0000E+00  3.2100E-01  0.0000E+00 -1.0000E+00 -4.1512E-01  3.2100E-01 -7.3612E-01  0.0000E+00
  1.0000E+00  2.5090E+03  1.0454E+02 -9.3897E-02  1.0000E+02  0.0000E+00  0.0000E+00  0.0000E+00  0.0000E+00  0.0000E+00  3.1744E-01  7.4055E+00  4.5984E+00  7.3625E-01  5.9626E+02  1.0000E+00  3.1744E-01  0.0000E+00 -1.0000E+00 -9.3897E-02  3.1744E-01 -4.1134E-01  0.0000E+00
  1.0000E+00  2.5100E+03  1.0458E+02  3.3657E-01  1.0000E+02  0.0000E+00  0.0000E+00  0.0000E+00  0.0000E+00  0.0000E+00  3.1428E-01  7.3298E+00  4.5508E+00  7.2862E-01  5.9657E+02  1.0000E+00  3.1428E-01  0.0000E+00 -1.0000E+00  3.3657E-01  3.1428E-01  2.2291E-02  0.0000E+00
  1.0000E+00  2.5110E+03  1.0462E+02  2.1774E+00  1.0000E+02  0.0000E+00  0.0000E+00  0.0000E+00  0.0000E+00  0.0000E+00  3.1145E-01  7.2623E+00  4.5083E+00  7.2180E-01  5.9689E+02  1.0000E+00  3.1145E-01  0.0000E+00 -1.0000E+00  2.1774E+00  3.1145E-01  1.8659E+00  0.0000E+00
  1.0000E+00  2.5120E+03  1.0467E+02 -1.0711E+00  1.0000E+02  0.0000E+00  0.0000E+00  0.0000E+00  0.0000E+00  0.0000E+00  3.0890E-01  7.2015E+00  4.4701E+00  7.1569E-01  5.9720E+02  1.0000E+00  3.0890E-01  0.0000E+00 -1.0000E+00 -1.0711E+00  3.0890E-01 -1.3800E+00  0.0000E+00
  1.0000E+00  2.5130E+03  1.0471E+02 -1.3458E+00  1.0000E+02  0.0000E+00  0.0000E+00  0.0000E+00  0.0000E+00  0.0000E+00  3.0659E-01  7.1466E+00  4.4356E+00  7.1015E-01  5.9750E+02  1.0000E+00  3.0659E-01  0.0000E+00 -1.0000E+00 -1.3458E+00  3.0659E-01 -1.6524E+00  0.0000E+00
  1.0000E+00  2.5140E+03  1.0475E+02 -7.6061E-01  1.0000E+02  0.0000E+00  0.0000E+00  0.0000E+00  0.0000E+00  0.0000E+00  3.0449E-01  7.0965E+00  4.4042E+00  7.0512E-01  5.9781E+02  1.0000E+00  3.0449E-01  0.0000E+00 -1.0000E+00 -7.6061E-01  3.0449E-01 -1.0651E+00  0.0000E+00
  1.0000E+00  2.5150E+03  1.0479E+02 -5.2250E-01  1.0000E+02  0.0000E+00  0.0000E+00  0.0000E+00  0.0000E+00  0.0000E+00  3.0255E-01  7.0506E+00  4.3755E+00  7.0051E-01  5.9811E+02  1.0000E+00  3.0255E-01  0.0000E+00 -1.0000E+00 -5.2250E-01  3.0255E-01 -8.2505E-01  0.0000E+00
  1.0000E+00  2.5160E+03  1.0483E+02  4.7816E-01  1.0000E+02  0.0000E+00  0.0000E+00  0.0000E+00  0.0000E+00  0.0000E+00  3.0077E-01  7.0083E+00  4.3490E+00  6.9626E-01  5.9842E+02  1.0000E+00  3.0077E-01  0.0000E+00 -1.0000E+00  4.7816E-01  3.0077E-01  1.7740E-01  0.0000E+00
  1.0000E+00  2.5170E+03  1.0488E+02  7.3761E-01  1.0000E+02  0.0000E+00  0.0000E+00  0.0000E+00  0.0000E+00  0.0000E+00  2.9911E-01  6.9690E+00  4.3244E+00  6.9232E-01  5.9872E+02  1.0000E+00  2.9911E-01  0.0000E+00 -1.0000E+00  7.3761E-01  2.9911E-01  4.3851E-01  0.0000E+00
  1.0000E+00  2.5180E+03  1.0492E+02  8.7391E-01  1.0000E+02  0.0000E+00  0.0000E+00  0.0000E+00  0.0000E+00  0.0000E+00  2.9756E-01  6.9324E+00  4.3015E+00  6.8865E-01  5.9901E+02  1.0000E+00  2.9756E-01  0.0000E+00 -1.0000E+00  8.7391E-01  2.9756E-01  5.7636E-01  0.0000E+00
  1.0000E+00  2.5190E+03  1.0496E+02  6.4522E-01  1.0000E+02  0.0000E+00  0.0000E+00  0.0000E+00  0.0000E+00  0.0000E+00  2.9610E-01  6.8980E+00  4.2800E+00  6.8522E-01  5.9931E+02  1.0000E+00  2.9610E-01  0.0000E+00 -1.0000E+00  6.4522E-01  2.9610E-01  3.4912E-01  0.0000E+00
  1.0000E+00  2.5200E+03  1.0500E+02  9.7732E-01  1.0000E+02  0.0000E+00  0.0000E+00  0.0000E+00  0.0000E+00  0.0000E+00  2.9473E-01  6.8657E+00  4.2599E+00  6.8198E-01  5.9961E+02  1.0000E+00  2.9473E-01  0.0000E+00 -1.0000E+00  9.7732E-01  2.9473E-01  6.8259E-01  0.0000E+00
  1.0000E+00  2.5210E+03  1.0504E+02  5.7473E-01  1.0000E+02  0.0000E+00  0.0000E+00  0.0000E+00  0.0000E+00  0.0000E+00  3.4764E-01  7.8737E+00  4.8094E+00  7.6850E-01  5.9993E+02  1.0000E+00  3.4764E-01  0.0000E+00 -1.0000E+00  5.7473E-01  3.4764E-01  2.2708E-01  0.0000E+00
  1.0000E+00  2.5220E+03  1.0508E+02  1.2998E+00  1.0000E+02  0.0000E+00  0.0000E+00  0.0000E+00  0.0000E+00  0.0000E+00  3.6763E-01  8.4776E+00  5.2197E+00  8.3472E-01  6.0029E+02  1.0000E+00  3.6763E-01  0.0000E+00 -1.0000E+00  1.2998E+00  3.6763E-01  9.3220E-01  0.0000E+00
  1.0000E+00  2.5230E+03  1.0512E+02  1.8346E+00  1.0000E+02  0.0000E+00  0.0000E+00  0.0000E+00  0.0000E+00  0.0000E+00  3.7164E-01  8.6408E+00  5.3491E+00  8.5603E-01  6.0066E+02  1.0000E+00  3.7164E-01  0.0000E+00 -1.0000E+00  1.8346E+00  3.7164E-01  1.4630E+00  0.0000E+00
  1.0000E+00  2.5240E+03  1.0517E+02 -8.3534E-01  1.0000E+02  0.0000E+00  0.0000E+00  0.0000E+00  0.0000E+00  0.0000E+00  3.6833E-01  8.5951E+00  5.3344E+00  8.5401E-01  6.0103E+02  1.0000E+00  3.6833E-01  0.0000E+00 -1.0000E+00 -8.3534E-01  3.6833E-01 -1.2037E+00  0.0000E+00
  1.0000E+00  2.5250E+03  1.0521E+02  8.9745E-01  1.0000E+02  0.0000E+00  0.0000E+00  0.0000E+00  0.0000E+00  0.0000E+00  3.6204E-01  8.4607E+00  5.2568E+00  8.4173E-01  6.0140E+02  1.0000E+00  3.6204E-01  0.0000E+00 -1.0000E+00  8.9745E-01  3.6204E-01  5.3541E-01  0.0000E+00
  1.0000E+00  2.5260E+03  1.0525E+02 -1.0255E+00  1.0000E+02  0.0000E+00  0.0000E+00  0.0000E+00  0.0000E+00  0.0000E+00  3.5488E-01  8.2969E+00  5.1571E+00  8.2580E-01  6.0176E+02  1.0000E+00  3.5488E-01  0.0000E+00 -1.0000E+00 -1.0255E+00  3.5488E-01 -1.3804E+00  0.0000E+00
  1.0000E+00  2.5270E+03  1.0529E+02  1.4635E-01  1.0000E+02  0.0000E+00  0.0000E+00  0.0000E+00  0.0000E+00  0.0000E+00  3.4784E-01  8.1316E+00  5.0545E+00  8.0939E-01  6.0211E+02  1.0000E+00  3.4784E-01  0.0000E+00 -1.0000E+00  1.4635E-01  3.4784E-01 -2.0149E-01  0.0000E+00
  1.0000E+00  2.5280E+03  1.0533E+02 -3.3372E-01  1.0000E+02  0.0000E+00  0.0000E+00  0.0000E+00  0.0000E+00  0.0000E+00  3.4134E-01  7.9770E+00  4.9578E+00  7.9390E-01  6.0245E+02  1.0000E+00  3.4134E-01  0.0000E+00 -1.0000E+00 -3.3372E-01  3.4134E-01 -6.7506E-01  0.0000E+00
  1.0000E+00  2.5290E+03  1.0538E+02  1.6761E+00  1.0000E+02  0.0000E+00  0.0000E+00  0.0000E+00  0.0000E+00  0.0000E+00  3.3549E-01  7.8374E+00  4.8701E+00  7.7984E-01  6.0279E+02  1.0000E+00  3.3549E-01  0.0000E+00 -1.0000E+00  1.6761E+00  3.3549E-01  1.3406E+00  0.0000E+00
  1.0000E+00  2.5300E+03  1.0542E+02  3.5699E-01  1.0000E+02  0.0000E+00  0.0000E+00  0.0000E+00  0.0000E+00  0.0000E+00  3.3032E-01  7.7135E+00  4.7921E+00  7.6733E-01  6.0312E+02  1.0000E+00  3.3032E-01  0.0000E+00 -1.0000E+00  3.5699E-01  3.3032E-01  2.6668E-02  0.0000E+00
  1.0000E+00  2.5310E+03  1.0546E+02  8.4680E-01  1.0000E+02  0.0000E+00  0.0000E+00  0.0000E+00  0.0000E+00  0.0000E+00  3.2575E-01  7.6041E+00  4.7232E+00  7.5628E-01  6.0345E+02  1.0000E+00  3.2575E-01  0.0000E+00 -1.0000E+00  8.4680E-01  3.2575E-01  5.2104E-01  0.0000E+00
  1.0000E+00  2.5320E+03  1.0550E+02 -6.4507E-01  1.0000E+02  0.0000E+00  0.0000E+00  0.0000E+00  0.0000E+00  0.0000E+00  3.2173E-01  7.5076E+00  4.6625E+00  7.4654E-01  6.0377E+02  1.0000E+00  3.2173E-01  0.0000E+00 -1.0000E+00 -6.4507E-01  3.2173E-01 -9.6680E-01  0.0000E+00
  1.0000E+00  2.5330E+03  1.0554E+02  1.0668E+00  1.0000E+02  0.0000E+00  0.0000E+00  0.0000E+00  0.0000E+00  0.0000E+00  3.1817E-01  7.4224E+00  4.6089E+00  7.3793E-01  6.0409E+02  1.0000E+00  3.1817E-01  0.0000E+00 -1.0000E+00  1.0668E+00  3.1817E-01  7.4863E-01  0.0000E+00
  1.0000E+00  2.5340E+03  1.0558E+02 -1.1364E+00  1.0000E+02  0.0000E+00  0.0000E+00  0.0000E+00  0.0000E+00  0.0000E+00  3.1501E-01  7.3467E+00  4.5612E+00  7.3029E-01  6.0441E+02  1.0000E+00  3.1501E-01  0.0000E+00 -1.0000E+00 -1.1364E+00  3.1501E-01 -1.4514E+00  0.0000E+00
  1.0000E+00  2.5350E+03  1.0562E+02  1.0874E+00  1.0000E+02  0.0000E+00  0.0000E+00  0.0000E+00  0.0000E+00  0.0000E+00  3.1218E-01  7.2791E+00  4.5187E+00  7.2348E-01  6.0472E+02  1.0000E+00  3.1218E-01  0.0000E+00 -1.0000E+00  1.0874E+00  3.1218E-01  7.7524E-01  0.0000E+00
  1.0000E+00  2.5360E+03  1.0567E+02  6.5649E-01  1.0000E+02  0.0000E+00  0.0000E+00  0.0000E+00  0.0000E+00  0.0000E+00  3.0963E-01  7.2184E+00  4.4806E+00  7.1736E-01  6.0504E+02  1.0000E+00  3.0963E-01  0.0000E+00 -1.0000E+00  6.5649E-01  3.0963E-01  3.4687E-01  0.0000E+00
  1.0000E+00  2.5370E+03  1.0571E+02  2.4534E-02  1.0000E+02  0.0000E+00  0.0000E+00  0.0000E+00  0.0000E+00  0.0000E+00  3.0732E-01  7.1634E+00  4.4461E+00  7.1183E-01  6.0534E+02  1.0000E+00  3.0732E-01  0.0000E+00 -1.0000E+00  2.4534E-02  3.0732E-01 -2.8278E-01  0.0000E+00
  1.0000E+00  2.5380E+03  1.0575E+02 -1.0799E+00  1.0000E+02  0.0000E+00  0.0000E+00  0.0000E+00  0.0000E+00  0.0000E+00  3.0521E-01  7.1133E+00  4.4147E+00  7.0679E-01  6.0565E+02  1.0000E+00  3.0521E-01  0.0000E+00 -1.0000E+00 -1.0799E+00  3.0521E-01 -1.3851E+00  0.0000E+00
  1.0000E+00  2.5390E+03  1.0579E+02 -1.4302E+00  1.0000E+02  0.0000E+00  0.0000E+00  0.0000E+00  0.0000E+00  0.0000E+00  3.0328E-01  7.0674E+00  4.3859E+00  7.0218E-01  6.0595E+02  1.0000E+00  3.0328E-01  0.0000E+00 -1.0000E+00 -1.4302E+00  3.0328E-01 -1.7335E+00  0.0000E+00
  1.0000E+00  2.5400E+03  1.0583E+02 -1.2432E-01  1.0000E+02  0.0000E+00  0.0000E+00  0.0000E+00  0.0000E+00  0.0000E+00  3.0149E-01  7.0251E+00  4.3594E+00  6.9793E-01  6.0626E+02  1.0000E+00  3.0149E-01  0.0000E+00 -1.0000E+00 -1.2432E-01  3.0149E-01 -4.2581E-01  0.0000E+00
  1.0000E+00  2.5410E+03  1.0588E+02  6.3155E-01  1.0000E+02  0.0000E+00  0.0000E+00  0.0000E+00  0.0000E+00  0.0000E+00  2.9983E-01  6.9858E+00  4.3348E+00  6.9399E-01  6.0656E+02  1.0000E+00  2.9983E-01  0.0000E+00 -1.0000E+00  6.3155E-01  2.9983E-01  3.3172E-01  0.0000E+00
  1.0000E+00  2.5420E+03  1.0592E+02  1.7942E-01  1.0000E+02  0.0000E+00  0.0000E+00  0.0000E+00  0.0000E+00  0.0000E+00  2.9828E-01  6.9491E+00  4.3119E+00  6.9032E-01  6.0686E+02  1.0000E+00  2.9828E-01  0.0000E+00 -1.0000E+00  1.7942E-01  2.9828E-01 -1.1886E-01  0.0000E+00
  1.0000E+00  2.5430E+03  1.0596E+02 -2.1146E+00  1.0000E+02  0.0000E+00  0.0000E+00  0.0000E+00  0.0000E+00  0.0000E+00  2.9682E-01  6.9148E+00  4.2904E+00  6.8688E-01  6.0715E+02  1.0000E+00  2.9682E-01  0.0000E+00 -1.0000E+00 -2.1146E+00  2.9682E-01 -2.4114E+00  0.0000E+00
  1.0000E+00  2.5440E+03  1.0600E+02 -1.0333E-01  1.0000E+02  0.0000E+00  0.0000E+00  0.0000E+00  0.0000E+00  0.0000E+00  2.9545E-01  6.8825E+00  4.2703E+00  6.8364E-01  6.0745E+02  1.0000E+00  2.9545E-01  0.0000E+00 -1.0000E+00 -1.0333E-01  2.9545E-01 -3.9878E-01  0.0000E+00
  1.0000E+00  2.5450E+03  1.0604E+02  6.4595E-01  1.0000E+02  0.0000E+00  0.0000E+00  0.0000E+00  0.0000E+00  0.0000E+00  3.4836E-01  7.8904E+00  4.8198E+00  7.7016E-01  6.0778E+02  1.0000E+00  3.4836E-01  0.0000E+00 -1.0000E+00  6.4595E-01  3.4836E-01  2.9759E-01  0.0000E+00
  1.0000E+00  2.5460E+03  1.0608E+02 -9.0656E-02  1.0000E+02  0.0000E+00  0.0000E+00  0.0000E+00  0.0000E+00  0.0000E+00  3.6834E-01  8.4943E+00  5.2301E+00  8.3638E-01  6.0814E+02  1.0000E+00  3.6834E-01  0.0000E+00 -1.0000E+00 -9.0656E-02  3.6834E-01 -4.5900E-01  0.0000E+00
  1.0000E+00  2.5470E+03  1.0612E+02 -2.0022E-01  1.0000E+02  0.0000E+00  0.0000E+00  0.0000E+00  0.0000E+00  0.0000E+00  3.7236E-01  8.6575E+00  5.3594E+00  8.5769E-01  6.0851E+02  1.0000E+00  3.7236E-01  0.0000E+00 -1.0000E+00 -2.0022E-01  3.7236E-01 -5.7258E-01  0.0000E+00
  1.0000E+00  2.5480E+03  1.0617E+02  3.4811E-01  1.0000E+02  0.0000E+00  0.0000E+00  0.0000E+00  0.0000E+00  0.0000E+00  3.6905E-01  8.6118E+00  5.3448E+00  8.5567E-01  6.0888E+02  1.0000E+00  3.6905E-01  0.0000E+00 -1.0000E+00  3.4811E-01  3.6905E-01 -2.0942E-02  0.0000E+00
  1.0000E+00  2.5490E+03  1.0621E+02  1.1167E+00  1.0000E+02  0.0000E+00  0.0000E+00  0.0000E+00  0.0000E+00  0.0000E+00  3.6276E-01  8.4774E+00  5.2672E+00  8.4339E-01  6.0924E+02  1.0000E+00  3.6276E-01  0.0000E+00 -1.0000E+00  1.1167E+00  3.6276E-01  7.5395E-01  0.0000E+00
  1.0000E+00  2.5500E+03  1.0625E+02  1.3475E+00  1.0000E+02  0.0000E+00  0.0000E+00  0.0000E+00  0.0000E+00  0.0000E+00  3.5560E-01  8.3136E+00  5.1674E+00  8.2746E-01  6.0960E+02  1.0000E+00  3.5560E-01  0.0000E+00 -1.0000E+00  1.3475E+00  3.5560E-01  9.9190E-01  0.0000E+00
  1.0000E+00  2.5510E+03  1.0629E+02  2.5279E-01  1.0000E+02  0.0000E+00  0.0000E+00  0.0000E+00  0.0000E+00  0.0000E+00  3.4856E-01  8.1483E+00  5.0648E+00  8.1105E-01  6.0996E+02  1.0000E+00  3.4856E-01  0.0000E+00 -1.0000E+00  2.5279E-01  3.4856E-01 -9.5766E-02  0.0000E+00
  1.0000E+00  2.5520E+03  1.0633E+02 -7.7883E-01  1.0000E+02  0.0000E+00  0.0000E+00  0.0000E+00  0.0000E+00  0.0000E+00  3.4205E-01  7.9937E+00  4.9681E+00  7.9555E-01  6.1030E+02  1.0000E+00  3.4205E-01  0.0000E+00 -1.0000E+00 -7.7883E-01  3.4205E-01 -1.1209E+00  0.0000E+00
  1.0000E+00  2.5530E+03  1.0638E+02  1.4645E+00  1.0000E+02  0.0000E+00  0.0000E+00  0.0000E+00  0.0000E+00  0.0000E+00  3.3621E-01  7.8541E+00  4.8804E+00  7.8149E-01  6.1064E+02  1.0000E+00  3.3621E-01  0.0000E+00 -1.0000E+00  1.4645E+00  3.3621E-01  1.1282E+00  0.0000E+00
  1.0000E+00  2.5540E+03  1.0642E+02 -7.2459E-02  1.0000E+02  0.0000E+00  0.0000E+00  0.0000E+00  0.0000E+00  0.0000E+00  3.3103E-01  7.7301E+00  4.8024E+00  7.6897E-01  6.1097E+02  1.0000E+00  3.3103E-01  0.0000E+00 -1.0000E+00 -7.2459E-02  3.3103E-01 -4.0349E-01  0.0000E+00
  1.0000E+00  2.5550E+03  1.0646E+02 -8.9343E-01  1.0000E+02  0.0000E+00  0.0000E+00  0.0000E+00  0.0000E+00  0.0000E+00  3.2647E-01  7.6207E+00  4.7335E+00  7.5792E-01  6.1130E+02  1.0000E+00  3.2647E-01  0.0000E+00 -1.0000E+00 -8.9343E-01  3.2647E-01 -1.2199E+00  0.0000E+00
  1.0000E+00  2.5560E+03  1.0650E+02  7.1015E-02  1.0000E+02  0.0000E+00  0.0000E+00  0.0000E+00  0.0000E+00  0.0000E+00  3.2244E-01  7.5242E+00  4.6728E+00  7.4818E-01  6.1163E+02  1.0000E+00  3.2244E-01  0.0000E+00 -1.0000E+00  7.1015E-02  3.2244E-01 -2.5143E-01  0.0000E+00
  1.0000E+00  2.5570E+03  1.0654E+02  1.3673E+00  1.0000E+02  0.0000E+00  0.0000E+00  0.0000E+00  0.0000E+00  0.0000E+00  3.1888E-01  7.4390E+00  4.6191E+00  7.3957E-01  6.1195E+02  1.0000E+00  3.1888E-01  0.0000E+00 -1.0000E+00  1.3673E+00  3.1888E-01  1.0484E+00  0.0000E+00
  1.0000E+00  2.5580E+03  1.0658E+02  5.7767E-03  1.0000E+02  0.0000E+00  0.0000E+00  0.0000E+00  0.0000E+00  0.0000E+00  3.1572E-01  7.3633E+00  4.5715E+00  7.3194E-01  6.1226E+02  1.0000E+00  3.1572E-01  0.0000E+00 -1.0000E+00  5.7767E-03  3.1572E-01 -3.0994E-01  0.0000E+00
  1.0000E+00  2.5590E+03  1.0662E+02 -5.1699E-01  1.0000E+02  0.0000E+00  0.0000E+00  0.0000E+00  0.0000E+00  0.0000E+00  3.1289E-01  7.2957E+00  4.5290E+00  7.2512E-01  6.1258E+02  1.0000E+00  3.1289E-01  0.0000E+00 -1.0000E+00 -5.1699E-01  3.1289E-01 -8.2988E-01  0.0000E+00
  1.0000E+00  2.5600E+03  1.0667E+02 -6.6680E-02  1.0000E+02  0.0000E+00  0.0000E+00  0.0000E+00  0.0000E+00  0.0000E+00  3.1034E-01  7.2349E+00  4.4908E+00  7.1900E-01  6.1289E+02  1.0000E+00  3.1034E-01  0.0000E+00 -1.0000E+00 -6.6680E-02  3.1034E-01 -3.7702E-01  0.0000E+00
  1.0000E+00  2.5610E+03  1.0671E+02 -4.1691E-01  1.0000E+02  0.0000E+00  0.0000E+00  0.0000E+00  0.0000E+00  0.0000E+00  3.0803E-01  7.1799E+00  4.4563E+00  7.1347E-01  6.1320E+02  1.0000E+00  3.0803E-01  0.0000E+00 -1.0000E+00 -4.1691E-01  3.0803E-01 -7.2493E-01  0.0000E+00
  1.0000E+00  2.5620E+03  1.0675E+02  1.0252E+00  1.0000E+02  0.0000E+00  0.0000E+00  0.0000E+00  0.0000E+00  0.0000E+00  3.0592E-01  7.1298E+00  4.4249E+00  7.0843E-01  6.1351E+02  1.0000E+00  3.0592E-01  0.0000E+00 -1.0000E+00  1.0252E+00  3.0592E-01  7.1925E-01  0.0000E+00
  1.0000E+00  2.5630E+03  1.0679E+02 -6.5441E-01  1.0000E+02  0.0000E+00  0.0000E+00  0.0000E+00  0.0000E+00  0.0000E+00  3.0398E-01  7.0839E+00  4.3961E+00  7.0382E-01  6.1381E+02  1.0000E+00  3.0398E-01  0.0000E+00 -1.0000E+00 -6.5441E-01  3.0398E-01 -9.5839E-01  0.0000E+00
  1.0000E+00  2.5640E+03  1.0683E+02 -3.1540E-02  1.0000E+02  0.0000E+00  0.0000E+00  0.0000E+00  0.0000E+00  0.0000E+00  3.0220E-01  7.0415E+00  4.3696E+00  6.9957E-01  6.1411E+02  1.0000E+00  3.0220E-01  0.0000E+00 -1.0000E+00 -3.1540E-02  3.0220E-01 -3.3374E-01  0.0000E+00
  1.0000E+00  2.5650E+03  1.0688E+02  1.4100E-01  1.0000E+02  0.0000E+00  0.0000E+00  0.0000E+00  0.0000E+00  0.0000E+00  3.0054E-01  7.0022E+00  4.3450E+00  6.9562E-01  6.1442E+02  1.0000E+00  3.0054E-01  0.0000E+00 -1.0000E+00  1.4100E-01  3.0054E-01 -1.5954E-01  0.0000E+00
  1.0000E+00  2.5660E+03  1.0692E+02 -1.1913E-01  1.0000E+02  0.0000E+00  0.0000E+00  0.0000E+00  0.0000E+00  0.0000E+00  2.9898E-01  6.9656E+00  4.3221E+00  6.9195E-01  6.1472E+02  1.0000E+00  2.9898E-01  0.0000E+00 -1.0000E+00 -1.1913E-01  2.9898E-01 -4.1811E-01  0.0000E+00
  1.0000E+00  2.5670E+03  1.0696E+02 -6.1798E-01  1.0000E+02  0.0000E+00  0.0000E+00  0.0000E+00  0.0000E+00  0.0000E+00  2.9753E-01  6.9312E+00  4.3006E+00  6.8851E-01  6.1501E+02  1.0000E+00  2.9753E-01  0.0000E+00 -1.0000E+00 -6.1798E-01  2.9753E-01 -9.1551E-01  0.0000E+00
  1.0000E+00  2.5680E+03  1.0700E+02  8.7912E-01  1.0000E+02  0.0000E+00  0.0000E+00  0.0000E+00  0.0000E+00  0.0000E+00  2.9616E-01  6.8989E+00  4.2804E+00  6.8527E-01  6.1531E+02  1.0000E+00  2.9616E-01  0.0000E+00 -1.0000E+00  8.7912E-01  2.9616E-01  5.8296E-01  0.0000E+00
  1.0000E+00  2.5690E+03  1.0704E+02  6.1836E-01  1.0000E+02  0.0000E+00  0.0000E+00  0.0000E+00  0.0000E+00  0.0000E+00  3.4906E-01  7.9068E+00  4.8300E+00  7.7179E-01  6.1564E+02  1.0000E+00  3.4906E-01  0.0000E+00 -1.0000E+00  6.1836E-01  3.4906E-01  2.6930E-01  0.0000E+00
  1.0000E+00  2.5700E+03  1.0708E+02  4.0950E-01  1.0000E+02  0.0000E+00  0.0000E+00  0.0000E+00  0.0000E+00  0.0000E+00  3.6905E-01  8.5107E+00  5.2402E+00  8.3800E-01  6.1600E+02  1.0000E+00  3.6905E-01  0.0000E+00 -1.0000E+00  4.0950E-01  3.6905E-01  4.0452E-02  0.0000E+00
  1.0000E+00  2.5710E+03  1.0712E+02  2.2471E-02  1.0000E+02  0.0000E+00  0.0000E+00  0.0000E+00  0.0000E+00  0.0000E+00  3.7306E-01  8.6739E+00  5.3696E+00  8.5932E-01  6.1637E+02  1.0000E+00  3.7306E-01  0.0000E+00 -1.0000E+00  2.2471E-02  3.7306E-01 -3.5059E-01  0.0000E+00
  1.0000E+00  2.5720E+03  1.0717E+02  1.8393E-01  1.0000E+02  0.0000E+00  0.0000E+00  0.0000E+00  0.0000E+00  0.0000E+00  3.6975E-01  8.6281E+00  5.3549E+00  8.5729E-01  6.1674E+02  1.0000E+00  3.6975E-01  0.0000E+00 -1.0000E+00  1.8393E-01  3.6975E-01 -1.8582E-01  0.0000E+00
  1.0000E+00  2.5730E+03  1.0721E+02 -6.3629E-01  1.0000E+02  0.0000E+00  0.0000E+00  0.0000E+00  0.0000E+00  0.0000E+00  3.6346E-01  8.4937E+00  5.2773E+00  8.4501E-01  6.1711E+02  1.0000E+00  3.6346E-01  0.0000E+00 -1.0000E+00 -6.3629E-01  3.6346E-01 -9.9975E-01  0.0000E+00
  1.0000E+00  2.5740E+03  1.0725E+02  7.1160E-01  1.0000E+02  0.0000E+00  0.0000E+00  0.0000E+00  0.0000E+00  0.0000E+00  3.5630E-01  8.3299E+00  5.1775E+00  8.2908E-01  6.1747E+02  1.0000E+00  3.5630E-01  0.0000E+00 -1.0000E+00  7.1160E-01  3.5630E-01  3.5530E-01  0.0000E+00
  1.0000E+00  2.5750E+03  1.0729E+02 -4.7053E-01  1.0000E+02  0.0000E+00  0.0000E+00  0.0000E+00  0.0000E+00  0.0000E+00  3.4926E-01  8.1646E+00  5.0750E+00  8.1267E-01  6.1782E+02  1.0000E+00  3.4926E-01  0.0000E+00 -1.0000E+00 -4.7053E-01  3.4926E-01 -8.1979E-01  0.0000E+00
  1.0000E+00  2.5760E+03  1.0733E+02  8.0551E-01  1.0000E+02  0.0000E+00  0.0000E+00  0.0000E+00  0.0000E+00  0.0000E+00  3.4275E-01  8.0100E+00  4.9782E+00  7.9717E-01  6.1817E+02  1.0000E+00  3.4275E-01  0.0000E+00 -1.0000E+00  8.0551E-01  3.4275E-01  4.6276E-01  0.0000E+00
  1.0000E+00  2.5770E+03  1.0738E+02  3.4619E-01  1.0000E+02  0.0000E+00  0.0000E+00  0.0000E+00  0.0000E+00  0.0000E+00  3.3691E-01  7.8703E+00  4.8905E+00  7.8311E-01  6.1851E+02  1.0000E+00  3.3691E-01  0.0000E+00 -1.0000E+00  3.4619E-01  3.3691E-01  9.2847E-03  0.0000E+00
  1.0000E+00  2.5780E+03  1.0742E+02 -1.8255E-01  1.0000E+02  0.0000E+00  0.0000E+00  0.0000E+00  0.0000E+00  0.0000E+00  3.3173E-01  7.7463E+00  4.8125E+00  7.7059E-01  6.1884E+02  1.0000E+00  3.3173E-01  0.0000E+00 -1.0000E+00 -1.8255E-01  3.3173E-01 -5.1428E-01  0.0000E+00
  1.0000E+00  2.5790E+03  1.0746E+02 -1.2248E+00  1.0000E+02  0.0000E+00  0.0000E+00  0.0000E+00  0.0000E+00  0.0000E+00  3.2717E-01  7.6369E+00  4.7436E+00  7.5954E-01  6.1917E+02  1.0000E+00  3.2717E-01  0.0000E+00 -1.0000E+00 -1.2248E+00  3.2717E-01 -1.5519E+00  0.0000E+00
  1.0000E+00  2.5800E+03  1.0750E+02  1.1538E+00  1.0000E+02  0.0000E+00  0.0000E+00  0.0000E+00  0.0000E+00  0.0000E+00  3.2314E-01  7.5405E+00  4.6829E+00  7.4979E-01  6.1950E+02  1.0000E+00  3.2314E-01  0.0000E+00 -1.0000E+00  1.1538E+00  3.2314E-01  8.3067E-01  0.0000E+00
  1.0000E+00  2.5810E+03  1.0754E+02  7.6251E-01  1.0000E+02  0.0000E+00  0.0000E+00  0.0000E+00  0.0000E+00  0.0000E+00  3.1958E-01  7.4552E+00  4.6292E+00  7.4118E-01  6.1982E+02  1.0000E+00  3.1958E-01  0.0000E+00 -1.0000E+00  7.6251E-01  3.1958E-01  4.4293E-01  0.0000E+00
  1.0000E+00  2.5820E+03  1.0758E+02  7.5175E-01  1.0000E+02  0.0000E+00  0.0000E+00  0.0000E+00  0.0000E+00  0.0000E+00  3.1641E-01  7.3795E+00  4.5816E+00  7.3355E-01  6.2013E+02  1.0000E+00  3.1641E-01  0.0000E+00 -1.0000E+00  7.5175E-01  3.1641E-01  4.3534E-01  0.0000E+00
  1.0000E+00  2.5830E+03  1.0762E+02  2.9062E-01  1.0000E+02  0.0000E+00  0.0000E+00  0.0000E+00  0.0000E+00  0.0000E+00  3.1358E-01  7.3119E+00  4.5391E+00  7.2673E-01  6.2045E+02  1.0000E+00  3.1358E-01  0.0000E+00 -1.0000E+00  2.9062E-01  3.1358E-01 -2.2963E-02  0.0000E+00
  1.0000E+00  2.5840E+03  1.0767E+02  2.7171E-01  1.0000E+02  0.0000E+00  0.0000E+00  0.0000E+00  0.0000E+00  0.0000E+00  3.1103E-01  7.2511E+00  4.5009E+00  7.2061E-01  6.2076E+02  1.0000E+00  3.1103E-01  0.0000E+00 -1.0000E+00  2.7171E-01  3.1103E-01 -3.9322E-02  0.0000E+00
  1.0000E+00  2.5850E+03  1.0771E+02  1.0070E+00  1.0000E+02  0.0000E+00  0.0000E+00  0.0000E+00  0.0000E+00  0.0000E+00  3.0872E-01  7.1961E+00  4.4664E+00  7.1507E-01  6.2107E+02  1.0000E+00  3.0872E-01  0.0000E+00 -1.0000E+00  1.0070E+00  3.0872E-01  6.9825E-01  0.0000E+00
  1.0000E+00  2.5860E+03  1.0775E+02  1.6271E+00  1.0000E+02  0.0000E+00  0.0000E+00  0.0000E+00  0.0000E+00  0.0000E+00  3.0661E-01  7.1460E+00  4.4349E+00  7.1003E-01  6.2138E+02  1.0000E+00  3.0661E-01  0.0000E+00 -1.0000E+00  1.6271E+00  3.0661E-01  1.3205E+00  0.0000E+00
  1.0000E+00  2.5870E+03  1.0779E+02 -1.4183E+00  1.0000E+02  0.0000E+00  0.0000E+00  0.0000E+00  0.0000E+00  0.0000E+00  3.0468E-01  7.1001E+00  4.4062E+00  7.0542E-01  6.2168E+02  1.0000E+00  3.0468E-01  0.0000E+00 -1.0000E+00 -1.4183E+00  3.0468E-01 -1.7230E+00  0.0000E+00
  1.0000E+00  2.5880E+03  1.0783E+02 -8.4609E-01  1.0000E+02  0.0000E+00  0.0000E+00  0.0000E+00  0.0000E+00  0.0000E+00  3.0289E-01  7.0577E+00  4.3796E+00  7.0117E-01  6.2199E+02  1.0000E+00  3.0289E-01  0.0000E+00 -1.0000E+00 -8.4609E-01  3.0289E-01 -1.1490E+00  0.0000E+00
  1.0000E+00  2.5890E+03  1.0788E+02  8.5098E-01  1.0000E+02  0.0000E+00  0.0000E+00  0.0000E+00  0.0000E+00  0.0000E+00  3.0123E-01  7.0184E+00  4.3550E+00  6.9722E-01  6.2229E+02  1.0000E+00  3.0123E-01  0.0000E+00 -1.0000E+00  8.5098E-01  3.0123E-01  5.4975E-01  0.0000E+00
  1.0000E+00  2.5900E+03  1.0792E+02 -1.9802E+00  1.0000E+02  0.0000E+00  0.0000E+00  0.0000E+00  0.0000E+00  0.0000E+00  2.9968E-01  6.9817E+00  4.3321E+00  6.9355E-01  6.2259E+02  1.0000E+00  2.9968E-01  0.0000E+00 -1.0000E+00 -1.9802E+00  2.9968E-01 -2.2799E+00  0.0000E+00
  1.0000E+00  2.5910E+03  1.0796E+02 -1.2345E-01  1.0000E+02  0.0000E+00  0.0000E+00  0.0000E+00  0.0000E+00  0.0000E+00  2.9822E-01  6.9473E+00  4.3106E+00  6.9011E-01  6.2289E+02  1.0000E+00  2.9822E-01  0.0000E+00 -1.0000E+00 -1.2345E-01  2.9822E-01 -4.2167E-01  0.0000E+00
  1.0000E+00  2.5920E+03  1.0800E+02  1.2785E+00  1.0000E+02  0.0000E+00  0.0000E+00  0.0000E+00  0.0000E+00  0.0000E+00  2.9685E-01  6.9150E+00  4.2904E+00  6.8687E-01  6.2319E+02  1.0000E+00  2.9685E-01  0.0000E+00 -1.0000E+00  1.2785E+00  2.9685E-01  9.8165E-01  0.0000E+00
  1.0000E+00  2.5930E+03  1.0804E+02 -4.4908E-01  1.0000E+02  0.0000E+00  0.0000E+00  0.0000E+00  0.0000E+00  0.0000E+00  3.4975E-01  7.9229E+00  4.8399E+00  7.7338E-01  6.2351E+02  1.0000E+00  3.4975E-01  0.0000E+00 -1.0000E+00 -4.4908E-01  3.4975E-01 -7.9883E-01  0.0000E+00
  1.0000E+00  2.5940E+03  1.0808E+02  2.6882E-01  1.0000E+02  0.0000E+00  0.0000E+00  0.0000E+00  0.0000E+00  0.0000E+00  3.6974E-01  8.5268E+00  5.2502E+00  8.3960E-01  6.2388E+02  1.0000E+00  3.6974E-01  0.0000E+00 -1.0000E+00  2.6882E-01  3.6974E-01 -1.0092E-01  0.0000E+00
  1.0000E+00  2.5950E+03  1.0812E+02 -1.7658E+00  1.0000E+02  0.0000E+00  0.0000E+00  0.0000E+00  0.0000E+00  0.0000E+00  3.7375E-01  8.6899E+00  5.3795E+00  8.6091E-01  6.2425E+02  1.0000E+00  3.7375E-01  0.0000E+00 -1.0000E+00 -1.7658E+00  3.7375E-01 -2.1395E+00  0.0000E+00
  1.0000E+00  2.5960E+03  1.0817E+02  6.7730E-01  1.0000E+02  0.0000E+00  0.0000E+00  0.0000E+00  0.0000E+00  0.0000E+00  3.7044E-01  8.6442E+00  5.3648E+00  8.5888E-01  6.2462E+02  1.0000E+00  3.7044E-01  0.0000E+00 -1.0000E+00  6.7730E-01  3.7044E-01  3.0686E-01  0.0000E+00
  1.0000E+00  2.5970E+03  1.0821E+02 -1.1385E+00  1.0000E+02  0.0000E+00  0.0000E+00  0.0000E+00  0.0000E+00  0.0000E+00  3.6415E-01  8.5097E+00  5.2872E+00  8.4660E-01  6.2499E+02  1.0000E+00  3.6415E-01  0.0000E+00 -1.0000E+00 -1.1385E+00  3.6415E-01 -1.5027E+00  0.0000E+00
  1.0000E+00  2.5980E+03  1.0825E+02  7.0126E-01  1.0000E+02  0.0000E+00  0.0000E+00  0.0000E+00  0.0000E+00  0.0000E+00  3.5699E-01  8.3459E+00  5.1874E+00  8.3067E-01  6.2535E+02  1.0000E+00  3.5699E-01  0.0000E+00 -1.0000E+00  7.0126E-01  3.5699E-01  3.4428E-01  0.0000E+00
  1.0000E+00  2.5990E+03  1.0829E+02  1.0205E+00  1.0000E+02  0.0000E+00  0.0000E+00  0.0000E+00  0.0000E+00  0.0000E+00  3.4995E-01  8.1806E+00  5.0849E+00  8.1425E-01  6.2570E+02  1.0000E+00  3.4995E-01  0.0000E+00 -1.0000E+00  1.0205E+00  3.4995E-01  6.7057E-01  0.0000E+00
  1.0000E+00  2.6000E+03  1.0833E+02 -1.8555E-01  1.0000E+02  0.0000E+00  0.0000E+00  0.0000E+00  0.0000E+00  0.0000E+00  3.4344E-01  8.0259E+00  4.9881E+00  7.9875E-01  6.2605E+02  1.0000E+00  3.4344E-01  0.0000E+00 -1.0000E+00 -1.8555E-01  3.4344E-01 -5.2899E-01  0.0000E+00
  1.0000E+00  2.6010E+03  1.0838E+02  8.0905E-01  1.0000E+02  0.0000E+00  0.0000E+00  0.0000E+00  0.0000E+00  0.0000E+00  3.3759E-01  7.8863E+00  4.9004E+00  7.8469E-01  6.2639E+02  1.0000E+00  3.3759E-01  0.0000E+00 -1.0000E+00  8.0905E-01  3.3759E-01  4.7145E-01  0.0000E+00
  1.0000E+00  2.6020E+03  1.0842E+02  1.6720E+00  1.0000E+02  0.0000E+00  0.0000E+00  0.0000E+00  0.0000E+00  0.0000E+00  3.3242E-01  7.7623E+00  4.8224E+00  7.7217E-01  6.2672E+02  1.0000E+00  3.3242E-01  0.0000E+00 -1.0000E+00  1.6720E+00  3.3242E-01  1.3396E+00  0.0000E+00
  1.0000E+00  2.6030E+03  1.0846E+02  4.3499E-02  1.0000E+02  0.0000E+00  0.0000E+00  0.0000E+00  0.0000E+00  0.0000E+00  3.2785E-01  7.6528E+00  4.7535E+00  7.6112E-01  6.2706E+02  1.0000E+00  3.2785E-01  0.0000E+00 -1.0000E+00  4.3499E-02  3.2785E-01 -2.8435E-01  0.0000E+00
  1.0000E+00  2.6040E+03  1.0850E+02  2.1784E+00  1.0000E+02  0.0000E+00  0.0000E+00  0.0000E+00  0.0000E+00  0.0000E+00  3.2382E-01  7.5564E+00  4.6927E+00  7.5137E-01  6.2738E+02  1.0000E+00  3.2382E-01  0.0000E+00 -1.0000E+00  2.1784E+00  3.2382E-01  1.8546E+00  0.0000E+00
  1.0000E+00  2.6050E+03  1.0854E+02 -1.4041E+00  1.0000E+02  0.0000E+00  0.0000E+00  0.0000E+00  0.0000E+00  0.0000E+00  3.2026E-01  7.4711E+00  4.6391E+00  7.4276E-01  6.2770E+02  1.0000E+00  3.2026E-01  0.0000E+00 -1.0000E+00 -1.4041E+00  3.2026E-01 -1.7243E+00  0.0000E+00
  1.0000E+00  2.6060E+03  1.0858E+02  2.1129E+00  1.0000E+02  0.0000E+00  0.0000E+00  0.0000E+00  0.0000E+00  0.0000E+00  3.1710E-01  7.3954E+00  4.5914E+00  7.3512E-01  6.2802E+02  1.0000E+00  3.1710E-01  0.0000E+00 -1.0000E+00  2.1129E+00  3.1710E-01  1.7958E+00  0.0000E+00
  1.0000E+00  2.6070E+03  1.0862E+02  7.1994E-01  1.0000E+02  0.0000E+00  0.0000E+00  0.0000E+00  0.0000E+00  0.0000E+00  3.1426E-01  7.3277E+00  4.5489E+00  7.2830E-01  6.2834E+02  1.0000E+00  3.1426E-01  0.0000E+00 -1.0000E+00  7.1994E-01  3.1426E-01  4.0568E-01  0.0000E+00
  1.0000E+00  2.6080E+03  1.0867E+02  1.5722E+00  1.0000E+02  0.0000E+00  0.0000E+00  0.0000E+00  0.0000E+00  0.0000E+00  3.1171E-01  7.2670E+00  4.5107E+00  7.2218E-01  6.2865E+02  1.0000E+00  3.1171E-01  0.0000E+00 -1.0000E+00  1.5722E+00  3.1171E-01  1.2605E+00  0.0000E+00
  1.0000E+00  2.6090E+03  1.0871E+02  7.8040E-01  1.0000E+02  0.0000E+00  0.0000E+00  0.0000E+00  0.0000E+00  0.0000E+00  3.0940E-01  7.2119E+00  4.4762E+00  7.1665E-01  6.2896E+02  1.0000E+00  3.0940E-01  0.0000E+00 -1.0000E+00  7.8040E-01  3.0940E-01  4.7100E-01  0.0000E+00
  1.0000E+00  2.6100E+03  1.0875E+02  5.1476E-01  1.0000E+02  0.0000E+00  0.0000E+00  0.0000E+00  0.0000E+00  0.0000E+00  3.0729E-01  7.1618E+00  4.4448E+00  7.1161E-01  6.2927E+02  1.0000E+00  3.0729E-01  0.0000E+00 -1.0000E+00  5.1476E-01  3.0729E-01  2.0746E-01  0.0000E+00
  1.0000E+00  2.6110E+03  1.0879E+02  6.1167E-01  1.0000E+02  0.0000E+00  0.0000E+00  0.0000E+00  0.0000E+00  0.0000E+00  3.0536E-01  7.1159E+00  4.4160E+00  7.0699E-01  6.2958E+02  1.0000E+00  3.0536E-01  0.0000E+00 -1.0000E+00  6.1167E-01  3.0536E-01  3.0632E-01  0.0000E+00
  1.0000E+00  2.6120E+03  1.0883E+02  6.3312E-01  1.0000E+02  0.0000E+00  0.0000E+00  0.0000E+00  0.0000E+00  0.0000E+00  3.0357E-01  7.0735E+00  4.3894E+00  7.0274E-01  6.2988E+02  1.0000E+00  3.0357E-01  0.0000E+00 -1.0000E+00  6.3312E-01  3.0357E-01  3.2955E-01  0.0000E+00
  1.0000E+00  2.6130E+03  1.0888E+02  9.5315E-01  1.0000E+02  0.0000E+00  0.0000E+00  0.0000E+00  0.0000E+00  0.0000E+00  3.0191E-01  7.0342E+00  4.3648E+00  6.9879E-01  6.3018E+02  1.0000E+00  3.0191E-01  0.0000E+00 -1.0000E+00  9.5315E-01  3.0191E-01  6.5125E-01  0.0000E+00
  1.0000E+00  2.6140E+03  1.0892E+02 -1.3968E+00  1.0000E+02  0.0000E+00  0.0000E+00  0.0000E+00  0.0000E+00  0.0000E+00  3.0035E-01  6.9975E+00  4.3419E+00  6.9512E-01  6.3048E+02  1.0000E+00  3.0035E-01  0.0000E+00 -1.0000E+00 -1.3968E+00  3.0035E-01 -1.6972E+00  0.0000E+00
  1.0000E+00  2.6150E+03  1.0896E+02  9.1261E-01  1.0000E+02  0.0000E+00  0.0000E+00  0.0000E+00  0.0000E+00  0.0000E+00  2.9890E-01  6.9631E+00  4.3204E+00  6.9167E-01  6.3078E+02  1.0000E+00  2.9890E-01  0.0000E+00 -1.0000E+00  9.1261E-01  2.9890E-01  6.1372E-01  0.0000E+00
  1.0000E+00  2.6160E+03  1.0900E+02  1.4592E+00  1.0000E+02  0.0000E+00  0.0000E+00  0.0000E+00  0.0000E+00  0.0000E+00  2.9753E-01  6.9307E+00  4.3002E+00  6.8843E-01  6.3108E+02  1.0000E+00  2.9753E-01  0.0000E+00 -1.0000E+00  1.4592E+00  2.9753E-01  1.1617E+00  0.0000E+00
  1.0000E+00  2.6170E+03  1.0904E+02  2.6292E+00  1.0000E+02  0.0000E+00  0.0000E+00  0.0000E+00  0.0000E+00  0.0000E+00  3.5043E-01  7.9386E+00  4.8497E+00  7.7495E-01  6.3141E+02  1.0000E+00  3.5043E-01  0.0000E+00 -1.0000E+00  2.6292E+00  3.5043E-01  2.2788E+00  0.0000E+00
  1.0000E+00  2.6180E+03  1.0908E+02  6.3350E-01  1.0000E+02  0.0000E+00  0.0000E+00  0.0000E+00  0.0000E+00  0.0000E+00  3.7041E-01  8.5425E+00  5.2599E+00  8.4116E-01  6.3177E+02  1.0000E+00  3.7041E-01  0.0000E+00 -1.0000E+00  6.3350E-01  3.7041E-01  2.6309E-01  0.0000E+00
  1.0000E+00  2.6190E+03  1.0912E+02 -1.1778E+00  1.0000E+02  0.0000E+00  0.0000E+00  0.0000E+00  0.0000E+00  0.0000E+00  3.7443E-01  8.7056E+00  5.3893E+00  8.6247E-01  6.3214E+02  1.0000E+00  3.7443E-01  0.0000E+00 -1.0000E+00 -1.1778E+00  3.7443E-01 -1.5522E+00  0.0000E+00
  1.0000E+00  2.6200E+03  1.0917E+02  6.9128E-01  1.0000E+02  0.0000E+00  0.0000E+00  0.0000E+00  0.0000E+00  0.0000E+00  3.7111E-01  8.6599E+00  5.3746E+00  8.6044E-01  6.3252E+02  1.0000E+00  3.7111E-01  0.0000E+00 -1.0000E+00  6.9128E-01  3.7111E-01  3.2017E-01  0.0000E+00
  1.0000E+00  2.6210E+03  1.0921E+02  1.5473E+00  1.0000E+02  0.0000E+00  0.0000E+00  0.0000E+00  0.0000E+00  0.0000E+00  3.6482E-01  8.5254E+00  5.2970E+00  8.4815E-01  6.3289E+02  1.0000E+00  3.6482E-01  0.0000E+00 -1.0000E+00  1.5473E+00  3.6482E-01  1.1824E+00  0.0000E+00
  1.0000E+00  2.6220E+03  1.0925E+02 -4.4207E-01  1.0000E+02  0.0000E+00  0.0000E+00  0.0000E+00  0.0000E+00  0.0000E+00  3.5766E-01  8.3616E+00  5.1972E+00  8.3222E-01  6.3325E+02  1.0000E+00  3.5766E-01  0.0000E+00 -1.0000E+00 -4.4207E-01  3.5766E-01 -7.9973E-01  0.0000E+00
  1.0000E+00  2.6230E+03  1.0929E+02 -8.3961E-01  1.0000E+02  0.0000E+00  0.0000E+00  0.0000E+00  0.0000E+00  0.0000E+00  3.5062E-01  8.1962E+00  5.0946E+00  8.1581E-01  6.3360E+02  1.0000E+00  3.5062E-01  0.0000E+00 -1.0000E+00 -8.3961E-01  3.5062E-01 -1.1902E+00  0.0000E+00
  1.0000E+00  2.6240E+03  1.0933E+02  8.5539E-01  1.0000E+02  0.0000E+00  0.0000E+00  0.0000E+00  0.0000E+00  0.0000E+00  3.4411E-01  8.0416E+00  4.9978E+00  8.0031E-01  6.3395E+02  1.0000E+00  3.4411E-01  0.0000E+00 -1.0000E+00  8.5539E-01  3.4411E-01  5.1128E-01  0.0000E+00
  1.0000E+00  2.6250E+03  1.0938E+02 -6.8107E-01  1.0000E+02  0.0000E+00  0.0000E+00  0.0000E+00  0.0000E+00  0.0000E+00  3.3827E-01  7.9019E+00  4.9101E+00  7.8624E-01  6.3429E+02  1.0000E+00  3.3827E-01  0.0000E+00 -1.0000E+00 -6.8107E-01  3.3827E-01 -1.0193E+00  0.0000E+00
  1.0000E+00  2.6260E+03  1.0942E+02  7.9752E-01  1.0000E+02  0.0000E+00  0.0000E+00  0.0000E+00  0.0000E+00  0.0000E+00  3.3309E-01  7.7779E+00  4.8321E+00  7.7372E-01  6.3463E+02  1.0000E+00  3.3309E-01  0.0000E+00 -1.0000E+00  7.9752E-01  3.3309E-01  4.6443E-01  0.0000E+00
  1.0000E+00  2.6270E+03  1.0946E+02  5.4904E-01  1.0000E+02  0.0000E+00  0.0000E+00  0.0000E+00  0.0000E+00  0.0000E+00  3.2852E-01  7.6685E+00  4.7632E+00  7.6267E-01  6.3496E+02  1.0000E+00  3.2852E-01  0.0000E+00 -1.0000E+00  5.4904E-01  3.2852E-01  2.2052E-01  0.0000E+00
  1.0000E+00  2.6280E+03  1.0950E+02 -2.6396E-01  1.0000E+02  0.0000E+00  0.0000E+00  0.0000E+00  0.0000E+00  0.0000E+00  3.2449E-01  7.5720E+00  4.7024E+00  7.5292E-01  6.3528E+02  1.0000E+00  3.2449E-01  0.0000E+00 -1.0000E+00 -2.6396E-01  3.2449E-01 -5.8846E-01  0.0000E+00
  1.0000E+00  2.6290E+03  1.0954E+02 -6.5552E-01  1.0000E+02  0.0000E+00  0.0000E+00  0.0000E+00  0.0000E+00  0.0000E+00  3.2093E-01  7.4867E+00  4.6487E+00  7.4431E-01  6.3561E+02  1.0000E+00  3.2093E-01  0.0000E+00 -1.0000E+00 -6.5552E-01  3.2093E-01 -9.7645E-01  0.0000E+00
  1.0000E+00  2.6300E+03  1.0958E+02 -5.8504E-01  1.0000E+02  0.0000E+00  0.0000E+00  0.0000E+00  0.0000E+00  0.0000E+00  3.1777E-01  7.4109E+00  4.6011E+00  7.3667E-01  6.3592E+02  1.0000E+00  3.1777E-01  0.0000E+00 -1.0000E+00 -5.8504E-01  3.1777E-01 -9.0280E-01  0.0000E+00
  1.0000E+00  2.6310E+03  1.0962E+02  1.2536E+00  1.0000E+02  0.0000E+00  0.0000E+00  0.0000E+00  0.0000E+00  0.0000E+00  3.1493E-01  7.3433E+00  4.5585E+00  7.2985E-01  6.3624E+02  1.0000E+00  3.1493E-01  0.0000E+00 -1.0000E+00  1.2536E+00  3.1493E-01  9.3871E-01  0.0000E+00
  1.0000E+00  2.6320E+03  1.0967E+02 -1.3885E+00  1.0000E+02  0.0000E+00  0.0000E+00  0.0000E+00  0.0000E+00  0.0000E+00  3.1238E-01  7.2825E+00  4.5204E+00  7.2372E-01  6.3655E+02  1.0000E+00  3.1238E-01  0.0000E+00 -1.0000E+00 -1.3885E+00  3.1238E-01 -1.7009E+00  0.0000E+00
  1.0000E+00  2.6330E+03  1.0971E+02  9.1139E-02  1.0000E+02  0.0000E+00  0.0000E+00  0.0000E+00  0.0000E+00  0.0000E+00  3.1007E-01  7.2275E+00  4.4858E+00  7.1819E-01  6.3687E+02  1.0000E+00  3.1007E-01  0.0000E+00 -1.0000E+00  9.1139E-02  3.1007E-01 -2.1893E-01  0.0000E+00
  1.0000E+00  2.6340E+03  1.0975E+02  1.3718E+00  1.0000E+02  0.0000E+00  0.0000E+00  0.0000E+00  0.0000E+00  0.0000E+00  3.0796E-01  7.1773E+00  4.4544E+00  7.1315E-01  6.3717E+02  1.0000E+00  3.0796E-01  0.0000E+00 -1.0000E+00  1.3718E+00  3.0796E-01  1.0638E+00  0.0000E+00
  1.0000E+00  2.6350E+03  1.0979E+02 -1.5468E+00  1.0000E+02  0.0000E+00  0.0000E+00  0.0000E+00  0.0000E+00  0.0000E+00  3.0602E-01  7.1314E+00  4.4256E+00  7.0853E-01  6.3748E+02  1.0000E+00  3.0602E-01  0.0000E+00 -1.0000E+00 -1.5468E+00  3.0602E-01 -1.8528E+00  0.0000E+00
  1.0000E+00  2.6360E+03  1.0983E+02  1.3638E+00  1.0000E+02  0.0000E+00  0.0000E+00  0.0000E+00  0.0000E+00  0.0000E+00  3.0423E-01  7.0890E+00  4.3990E+00  7.0428E-01  6.3779E+02  1.0000E+00  3.0423E-01  0.0000E+00 -1.0000E+00  1.3638E+00  3.0423E-01  1.0595E+00  0.0000E+00
  1.0000E+00  2.6370E+03  1.0988E+02  7.7256E-01  1.0000E+02  0.0000E+00  0.0000E+00  0.0000E+00  0.0000E+00  0.0000E+00  3.0257E-01  7.0496E+00  4.3744E+00  7.0033E-01  6.3809E+02  1.0000E+00  3.0257E-01  0.0000E+00 -1.0000E+00  7.7256E-01  3.0257E-01  4.6999E-01  0.0000E+00
  1.0000E+00  2.6380E+03  1.0992E+02  8.8151E-01  1.0000E+02  0.0000E+00  0.0000E+00  0.0000E+00  0.0000E+00  0.0000E+00  3.0102E-01  7.0129E+00  4.3515E+00  6.9665E-01  6.3839E+02  1.0000E+00  3.0102E-01  0.0000E+00 -1.0000E+00  8.8151E-01  3.0102E-01  5.8049E-01  0.0000E+00
  1.0000E+00  2.6390E+03  1.0996E+02 -5.0376E-01  1.0000E+02  0.0000E+00  0.0000E+00  0.0000E+00  0.0000E+00  0.0000E+00  2.9956E-01  6.9785E+00  4.3300E+00  6.9321E-01  6.3869E+02  1.0000E+00  2.9956E-01  0.0000E+00 -1.0000E+00 -5.0376E-01  2.9956E-01 -8.0333E-01  0.0000E+00
  1.0000E+00  2.6400E+03  1.1000E+02 -5.0619E-01  1.0000E+02  0.0000E+00  0.0000E+00  0.0000E+00  0.0000E+00  0.0000E+00  2.9819E-01  6.9462E+00  4.3097E+00  6.8997E-01  6.3899E+02  1.0000E+00  2.9819E-01  0.0000E+00 -1.0000E+00 -5.0619E-01  2.9819E-01 -8.0438E-01  0.0000E+00
  1.0000E+00  2.6410E+03  1.1004E+02 -1.0201E-01  1.0000E+02  0.0000E+00  0.0000E+00  0.0000E+00  0.0000E+00  0.0000E+00  3.5109E-01  7.9540E+00  4.8593E+00  7.7648E-01  6.3932E+02  1.0000E+00  3.5109E-01  0.0000E+00 -1.0000E+00 -1.0201E-01  3.5109E-01 -4.5311E-01  0.0000E+00
  1.0000E+00  2.6420E+03  1.1008E+02 -4.8916E-01  1.0000E+02  0.0000E+00  0.0000E+00  0.0000E+00  0.0000E+00  0.0000E+00  3.7107E-01  8.5579E+00  5.2695E+00  8.4269E-01  6.3968E+02  1.0000E+00  3.7107E-01  0.0000E+00 -1.0000E+00 -4.8916E-01  3.7107E-01 -8.6023E-01  0.0000E+00
  1.0000E+00  2.6430E+03  1.1012E+02 -1.1922E+00  1.0000E+02  0.0000E+00  0.0000E+00  0.0000E+00  0.0000E+00  0.0000E+00  3.7509E-01  8.7210E+00  5.3988E+00  8.6400E-01  6.4006E+02  1.0000E+00  3.7509E-01  0.0000E+00 -1.0000E+00 -1.1922E+00  3.7509E-01 -1.5672E+00  0.0000E+00
  1.0000E+00  2.6440E+03  1.1017E+02  4.4450E-01  1.0000E+02  0.0000E+00  0.0000E+00  0.0000E+00  0.0000E+00  0.0000E+00  3.7178E-01  8.6752E+00  5.3841E+00  8.6197E-01  6.4043E+02  1.0000E+00  3.7178E-01  0.0000E+00 -1.0000E+00  4.4450E-01  3.7178E-01  7.2724E-02  0.0000E+00
  1.0000E+00  2.6450E+03  1.1021E+02 -1.1801E+00  1.0000E+02  0.0000E+00  0.0000E+00  0.0000E+00  0.0000E+00  0.0000E+00  3.6548E-01  8.5408E+00  5.3065E+00  8.4968E-01  6.4080E+02  1.0000E+00  3.6548E-01  0.0000E+00 -1.0000E+00 -1.1801E+00  3.6548E-01 -1.5456E+00  0.0000E+00
  1.0000E+00  2.6460E+03  1.1025E+02  7.1975E-01  1.0000E+02  0.0000E+00  0.0000E+00  0.0000E+00  0.0000E+00  0.0000E+00  3.5832E-01  8.3769E+00  5.2067E+00  8.3375E-01  6.4116E+02  1.0000E+00  3.5832E-01  0.0000E+00 -1.0000E+00  7.1975E-01  3.5832E-01  3.6143E-01  0.0000E+00
  1.0000E+00  2.6470E+03  1.1029E+02  6.7243E-01  1.0000E+02  0.0000E+00  0.0000E+00  0.0000E+00  0.0000E+00  0.0000E+00  3.5128E-01  8.2116E+00  5.1041E+00  8.1733E-01  6.4152E+02  1.0000E+00  3.5128E-01  0.0000E+00 -1.0000E+00  6.7243E-01  3.5128E-01  3.2115E-01  0.0000E+00
  1.0000E+00  2.6480E+03  1.1033E+02  1.0538E+00  1.0000E+02  0.0000E+00  0.0000E+00  0.0000E+00  0.0000E+00  0.0000E+00  3.4477E-01  8.0569E+00  5.0074E+00  8.0183E-01  6.4186E+02  1.0000E+00  3.4477E-01  0.0000E+00 -1.0000E+00  1.0538E+00  3.4477E-01  7.0908E-01  0.0000E+00
  1.0000E+00  2.6490E+03  1.1038E+02  8.5380E-01  1.0000E+02  0.0000E+00  0.0000E+00  0.0000E+00  0.0000E+00  0.0000E+00  3.3892E-01  7.9173E+00  4.9196E+00  7.8776E-01  6.4221E+02  1.0000E+00  3.3892E-01  0.0000E+00 -1.0000E+00  8.5380E-01  3.3892E-01  5.1487E-01  0.0000E+00
  1.0000E+00  2.6500E+03  1.1042E+02 -5.8465E-01  1.0000E+02  0.0000E+00  0.0000E+00  0.0000E+00  0.0000E+00  0.0000E+00  3.3374E-01  7.7932E+00  4.8416E+00  7.7524E-01  6.4254E+02  1.0000E+00  3.3374E-01  0.0000E+00 -1.0000E+00 -5.8465E-01  3.3374E-01 -9.1840E-01  0.0000E+00
  1.0000E+00  2.6510E+03  1.1046E+02  1.1265E+00  1.0000E+02  0.0000E+00  0.0000E+00  0.0000E+00  0.0000E+00  0.0000E+00  3.2918E-01  7.6838E+00  4.7727E+00  7.6419E-01  6.4287E+02  1.0000E+00  3.2918E-01  0.0000E+00 -1.0000E+00  1.1265E+00  3.2918E-01  7.9736E-01  0.0000E+00
  1.0000E+00  2.6520E+03  1.1050E+02  2.0235E-01  1.0000E+02  0.0000E+00  0.0000E+00  0.0000E+00  0.0000E+00  0.0000E+00  3.2515E-01  7.5873E+00  4.7119E+00  7.5444E-01  6.4320E+02  1.0000E+00  3.2515E-01  0.0000E+00 -1.0000E+00  2.0235E-01  3.2515E-01 -1.2280E-01  0.0000E+00
  1.0000E+00  2.6530E+03  1.1054E+02  2.1469E-01  1.0000E+02  0.0000E+00  0.0000E+00  0.0000E+00  0.0000E+00  0.0000E+00  3.2159E-01  7.5020E+00  4.6582E+00  7.4583E-01  6.4352E+02  1.0000E+00  3.2159E-01  0.0000E+00 -1.0000E+00  2.1469E-01  3.2159E-01 -1.0689E-01  0.0000E+00
  1.0000E+00  2.6540E+03  1.1058E+02 -8.3641E-01  1.0000E+02  0.0000E+00  0.0000E+00  0.0000E+00  0.0000E+00  0.0000E+00  3.1842E-01  7.4262E+00  4.6105E+00  7.3818E-01  6.4384E+02  1.0000E+00  3.1842E-01  0.0000E+00 -1.0000E+00 -8.3641E-01  3.1842E-01 -1.1548E+00  0.0000E+00
  1.0000E+00  2.6550E+03  1.1062E+02 -7.5278E-01  1.0000E+02  0.0000E+00  0.0000E+00  0.0000E+00  0.0000E+00  0.0000E+00  3.1559E-01  7.3585E+00  4.5680E+00  7.3136E-01  6.4416E+02  1.0000E+00  3.1559E-01  0.0000E+00 -1.0000E+00 -7.5278E-01  3.1559E-01 -1.0684E+00  0.0000E+00
  1.0000E+00  2.6560E+03  1.1067E+02  1.1667E+00  1.0000E+02  0.0000E+00  0.0000E+00  0.0000E+00  0.0000E+00  0.0000E+00  3.1304E-01  7.2977E+00  4.5298E+00  7.2524E-01  6.4448E+02  1.0000E+00  3.1304E-01  0.0000E+00 -1.0000E+00  1.1667E+00  3.1304E-01  8.5363E-01  0.0000E+00
  1.0000E+00  2.6570E+03  1.1071E+02 -6.9153E-01  1.0000E+02  0.0000E+00  0.0000E+00  0.0000E+00  0.0000E+00  0.0000E+00  3.1072E-01  7.2427E+00  4.4953E+00  7.1970E-01  6.4479E+02  1.0000E+00  3.1072E-01  0.0000E+00 -1.0000E+00 -6.9153E-01  3.1072E-01 -1.0023E+00  0.0000E+00
  1.0000E+00  2.6580E+03  1.1075E+02 -3.2510E-01  1.0000E+02  0.0000E+00  0.0000E+00  0.0000E+00  0.0000E+00  0.0000E+00  3.0861E-01  7.1926E+00  4.4638E+00  7.1466E-01  6.4510E+02  1.0000E+00  3.0861E-01  0.0000E+00 -1.0000E+00 -3.2510E-01  3.0861E-01 -6.3372E-01  0.0000E+00
  1.0000E+00  2.6590E+03  1.1079E+02  2.6392E+00  1.0000E+02  0.0000E+00  0.0000E+00  0.0000E+00  0.0000E+00  0.0000E+00  3.0668E-01  7.1466E+00  4.4350E+00  7.1004E-01  6.4540E+02  1.0000E+00  3.0668E-01  0.0000E+00 -1.0000E+00  2.6392E+00  3.0668E-01  2.3325E+00  0.0000E+00
  1.0000E+00  2.6600E+03  1.1083E+02  3.5786E-01  1.0000E+02  0.0000E+00  0.0000E+00  0.0000E+00  0.0000E+00  0.0000E+00  3.0489E-01  7.1042E+00  4.4084E+00  7.0578E-01  6.4571E+02  1.0000E+00  3.0489E-01  0.0000E+00 -1.0000E+00  3.5786E-01  3.0489E-01  5.2972E-02  0.0000E+00
  1.0000E+00  2.6610E+03  1.1088E+02  6.6699E-01  1.0000E+02  0.0000E+00  0.0000E+00  0.0000E+00  0.0000E+00  0.0000E+00  3.0322E-01  7.0648E+00  4.3838E+00  7.0184E-01  6.4601E+02  1.0000E+00  3.0322E-01  0.0000E+00 -1.0000E+00  6.6699E-01  3.0322E-01  3.6377E-01  0.0000E+00
  1.0000E+00  2.6620E+03  1.1092E+02  3.2381E+00  1.0000E+02  0.0000E+00  0.0000E+00  0.0000E+00  0.0000E+00  0.0000E+00  3.0167E-01  7.0281E+00  4.3609E+00  6.9816E-01  6.4632E+02  1.0000E+00  3.0167E-01  0.0000E+00 -1.0000E+00  3.2381E+00  3.0167E-01  2.9365E+00  0.0000E+00
  1.0000E+00  2.6630E+03  1.1096E+02  6.3237E-01  1.0000E+02  0.0000E+00  0.0000E+00  0.0000E+00  0.0000E+00  0.0000E+00  3.0021E-01  6.9937E+00  4.3394E+00  6.9471E-01  6.4662E+02  1.0000E+00  3.0021E-01  0.0000E+00 -1.0000E+00  6.3237E-01  3.0021E-01  3.3215E-01  0.0000E+00
  1.0000E+00  2.6640E+03  1.1100E+02  1.1014E+00  1.0000E+02  0.0000E+00  0.0000E+00  0.0000E+00  0.0000E+00  0.0000E+00  2.9884E-01  6.9613E+00  4.3191E+00  6.9147E-01  6.4692E+02  1.0000E+00  2.9884E-01  0.0000E+00 -1.0000E+00  1.1014E+00  2.9884E-01  8.0252E-01  0.0000E+00
  1.0000E+00  2.6650E+03  1.1104E+02 -2.0149E-01  1.0000E+02  0.0000E+00  0.0000E+00  0.0000E+00  0.0000E+00  0.0000E+00  3.5174E-01  7.9692E+00  4.8687E+00  7.7798E-01  6.4725E+02  1.0000E+00  3.5174E-01  0.0000E+00 -1.0000E+00 -2.0149E-01  3.5174E-01 -5.5324E-01  0.0000E+00
  1.0000E+00  2.6660E+03  1.1108E+02  1.0403E+00  1.0000E+02  0.0000E+00  0.0000E+00  0.0000E+00  0.0000E+00  0.0000E+00  3.7172E-01  8.5730E+00  5.2789E+00  8.4419E-01  6.4761E+02  1.0000E+00  3.7172E-01  0.0000E+00 -1.0000E+00  1.0403E+00  3.7172E-01  6.6854E-01  0.0000E+00
  1.0000E+00  2.6670E+03  1.1112E+02  1.0074E+00  1.0000E+02  0.0000E+00  0.0000E+00  0.0000E+00  0.0000E+00  0.0000E+00  3.7574E-01  8.7361E+00  5.4082E+00  8.6550E-01  6.4798E+02  1.0000E+00  3.7574E-01  0.0000E+00 -1.0000E+00  1.0074E+00  3.7574E-01  6.3167E-01  0.0000E+00
  1.0000E+00  2.6680E+03  1.1117E+02  2.2642E-01  1.0000E+02  0.0000E+00  0.0000E+00  0.0000E+00  0.0000E+00  0.0000E+00  3.7242E-01  8.6903E+00  5.3935E+00  8.6347E-01  6.4836E+02  1.0000E+00  3.7242E-01  0.0000E+00 -1.0000E+00  2.2642E-01  3.7242E-01 -1.4601E-01  0.0000E+00
  1.0000E+00  2.6690E+03  1.1121E+02 -8.3266E-01  1.0000E+02  0.0000E+00  0.0000E+00  0.0000E+00  0.0000E+00  0.0000E+00  3.6613E-01  8.5559E+00  5.3159E+00  8.5118E-01  6.4873E+02  1.0000E+00  3.6613E-01  0.0000E+00 -1.0000E+00 -8.3266E-01  3.6613E-01 -1.1988E+00  0.0000E+00
  1.0000E+00  2.6700E+03  1.1125E+02  1.1234E+00  1.0000E+02  0.0000E+00  0.0000E+00  0.0000E+00  0.0000E+00  0.0000E+00  3.5897E-01  8.3920E+00  5.2160E+00  8.3524E-01  6.4909E+02  1.0000E+00  3.5897E-01  0.0000E+00 -1.0000E+00  1.1234E+00  3.5897E-01  7.6446E-01  0.0000E+00
  1.0000E+00  2.6710E+03  1.1129E+02  9.1390E-01  1.0000E+02  0.0000E+00  0.0000E+00  0.0000E+00  0.0000E+00  0.0000E+00  3.5193E-01  8.2266E+00  5.1134E+00  8.1883E-01  6.4945E+02  1.0000E+00  3.5193E-01  0.0000E+00 -1.0000E+00  9.1390E-01  3.5193E-01  5.6198E-01  0.0000E+00
  1.0000E+00  2.6720E+03  1.1133E+02 -1.9659E-01  1.0000E+02  0.0000E+00  0.0000E+00  0.0000E+00  0.0000E+00  0.0000E+00  3.4541E-01  8.0719E+00  5.0167E+00  8.0332E-01  6.4979E+02  1.0000E+00  3.4541E-01  0.0000E+00 -1.0000E+00 -1.9659E-01  3.4541E-01 -5.4201E-01  0.0000E+00
  1.0000E+00  2.6730E+03  1.1138E+02 -9.1114E-01  1.0000E+02  0.0000E+00  0.0000E+00  0.0000E+00  0.0000E+00  0.0000E+00  3.3957E-01  7.9323E+00  4.9290E+00  7.8925E-01  6.5014E+02  1.0000E+00  3.3957E-01  0.0000E+00 -1.0000E+00 -9.1114E-01  3.3957E-01 -1.2507E+00  0.0000E+00
  1.0000E+00  2.6740E+03  1.1142E+02 -7.7484E-01  1.0000E+02  0.0000E+00  0.0000E+00  0.0000E+00  0.0000E+00  0.0000E+00  3.3439E-01  7.8082E+00  4.8509E+00  7.7673E-01  6.5047E+02  1.0000E+00  3.3439E-01  0.0000E+00 -1.0000E+00 -7.7484E-01  3.3439E-01 -1.1092E+00  0.0000E+00
  1.0000E+00  2.6750E+03  1.1146E+02  9.0320E-01  1.0000E+02  0.0000E+00  0.0000E+00  0.0000E+00  0.0000E+00  0.0000E+00  3.2982E-01  7.6987E+00  4.7820E+00  7.6568E-01  6.5081E+02  1.0000E+00  3.2982E-01  0.0000E+00 -1.0000E+00  9.0320E-01  3.2982E-01  5.7338E-01  0.0000E+00
  1.0000E+00  2.6760E+03  1.1150E+02  1.2704E+00  1.0000E+02  0.0000E+00  0.0000E+00  0.0000E+00  0.0000E+00  0.0000E+00  3.2580E-01  7.6022E+00  4.7212E+00  7.5593E-01  6.5113E+02  1.0000E+00  3.2580E-01  0.0000E+00 -1.0000E+00  1.2704E+00  3.2580E-01  9.4464E-01  0.0000E+00
  1.0000E+00  2.6770E+03  1.1154E+02 -5.0093E-01  1.0000E+02  0.0000E+00  0.0000E+00  0.0000E+00  0.0000E+00  0.0000E+00  3.2223E-01  7.5169E+00  4.6675E+00  7.4731E-01  6.5146E+02  1.0000E+00  3.2223E-01  0.0000E+00 -1.0000E+00 -5.0093E-01  3.2223E-01 -8.2316E-01  0.0000E+00
  1.0000E+00  2.6780E+03  1.1158E+02 -1.0760E+00  1.0000E+02  0.0000E+00  0.0000E+00  0.0000E+00  0.0000E+00  0.0000E+00  3.1906E-01  7.4412E+00  4.6198E+00  7.3967E-01  6.5178E+02  1.0000E+00  3.1906E-01  0.0000E+00 -1.0000E+00 -1.0760E+00  3.1906E-01 -1.3950E+00  0.0000E+00
  1.0000E+00  2.6790E+03  1.1162E+02  9.0637E-01  1.0000E+02  0.0000E+00  0.0000E+00  0.0000E+00  0.0000E+00  0.0000E+00  3.1623E-01  7.3735E+00  4.5773E+00  7.3285E-01  6.5210E+02  1.0000E+00  3.1623E-01  0.0000E+00 -1.0000E+00  9.0637E-01  3.1623E-01  5.9014E-01  0.0000E+00
  1.0000E+00  2.6800E+03  1.1167E+02  1.4074E+00  1.0000E+02  0.0000E+00  0.0000E+00  0.0000E+00  0.0000E+00  0.0000E+00  3.1368E-01  7.3127E+00  4.5391E+00  7.2672E-01  6.5241E+02  1.0000E+00  3.1368E-01  0.0000E+00 -1.0000E+00  1.4074E+00  3.1368E-01  1.0938E+00  0.0000E+00
  1.0000E+00  2.6810E+03  1.1171E+02  1.1021E+00  1.0000E+02  0.0000E+00  0.0000E+00  0.0000E+00  0.0000E+00  0.0000E+00  3.1136E-01  7.2576E+00  4.5045E+00  7.2118E-01  6.5272E+02  1.0000E+00  3.1136E-01  0.0000E+00 -1.0000E+00  1.1021E+00  3.1136E-01  7.9074E-01  0.0000E+00
  1.0000E+00  2.6820E+03  1.1175E+02  1.1326E+00  1.0000E+02  0.0000E+00  0.0000E+00  0.0000E+00  0.0000E+00  0.0000E+00  3.0925E-01  7.2075E+00  4.4731E+00  7.1614E-01  6.5303E+02  1.0000E+00  3.0925E-01  0.0000E+00 -1.0000E+00  1.1326E+00  3.0925E-01  8.2335E-01  0.0000E+00
  1.0000E+00  2.6830E+03  1.1179E+02  7.5080E-01  1.0000E+02  0.0000E+00  0.0000E+00  0.0000E+00  0.0000E+00  0.0000E+00  3.0732E-01  7.1615E+00  4.4442E+00  7.1152E-01  6.5334E+02  1.0000E+00  3.0732E-01  0.0000E+00 -1.0000E+00  7.5080E-01  3.0732E-01  4.4348E-01  0.0000E+00
  1.0000E+00  2.6840E+03  1.1183E+02  6.9829E-01  1.0000E+02  0.0000E+00  0.0000E+00  0.0000E+00  0.0000E+00  0.0000E+00  3.0553E-01  7.1190E+00  4.4177E+00  7.0726E-01  6.5365E+02  1.0000E+00  3.0553E-01  0.0000E+00 -1.0000E+00  6.9829E-01  3.0553E-01  3.9276E-01  0.0000E+00
  1.0000E+00  2.6850E+03  1.1188E+02  3.6198E-01  1.0000E+02  0.0000E+00  0.0000E+00  0.0000E+00  0.0000E+00  0.0000E+00  3.0386E-01  7.0797E+00  4.3930E+00  7.0331E-01  6.5395E+02  1.0000E+00  3.0386E-01  0.0000E+00 -1.0000E+00  3.6198E-01  3.0386E-01  5.8114E-02  0.0000E+00
  1.0000E+00  2.6860E+03  1.1192E+02 -1.4718E-01  1.0000E+02  0.0000E+00  0.0000E+00  0.0000E+00  0.0000E+00  0.0000E+00  3.0231E-01  7.0429E+00  4.3701E+00  6.9963E-01  6.5426E+02  1.0000E+00  3.0231E-01  0.0000E+00 -1.0000E+00 -1.4718E-01  3.0231E-01 -4.4949E-01  0.0000E+00
  1.0000E+00  2.6870E+03  1.1196E+02 -7.1098E-01  1.0000E+02  0.0000E+00  0.0000E+00  0.0000E+00  0.0000E+00  0.0000E+00  3.0085E-01  7.0085E+00  4.3486E+00  6.9618E-01  6.5456E+02  1.0000E+00  3.0085E-01  0.0000E+00 -1.0000E+00 -7.1098E-01  3.0085E-01 -1.0118E+00  0.0000E+00
  1.0000E+00  2.6880E+03  1.1200E+02 -1.5565E-02  1.0000E+02  0.0000E+00  0.0000E+00  0.0000E+00  0.0000E+00  0.0000E+00  2.9948E-01  6.9761E+00  4.3283E+00  6.9294E-01  6.5486E+02  1.0000E+00  2.9948E-01  0.0000E+00 -1.0000E+00 -1.5565E-02  2.9948E-01 -3.1504E-01  0.0000E+00
  1.0000E+00  2.6890E+03  1.1204E+02  2.2029E-01  1.0000E+02  0.0000E+00  0.0000E+00  0.0000E+00  0.0000E+00  0.0000E+00  2.9818E-01  6.9455E+00  4.3092E+00  6.8988E-01  6.5516E+02  1.0000E+00  2.9818E-01  0.0000E+00 -1.0000E+00  2.2029E-01  2.9818E-01 -7.7889E-02  0.0000E+00
  1.0000E+00  2.6900E+03  1.1208E+02  8.8386E-01  1.0000E+02  0.0000E+00  0.0000E+00  0.0000E+00  0.0000E+00  0.0000E+00  2.9694E-01  6.9164E+00  4.2911E+00  6.8697E-01  6.5545E+02  1.0000E+00  2.9694E-01  0.0000E+00 -1.0000E+00  8.8386E-01  2.9694E-01  5.8691E-01  0.0000E+00
  1.0000E+00  2.6910E+03  1.1212E+02  1.7607E+00  1.0000E+02  0.0000E+00  0.0000E+00  0.0000E+00  0.0000E+00  0.0000E+00  2.9577E-01  6.8888E+00  4.2738E+00  6.8421E-01  6.5575E+02  1.0000E+00  2.9577E-01  0.0000E+00 -1.0000E+00  1.7607E+00  2.9577E-01  1.4649E+00  0.0000E+00
  1.0000E+00  2.6920E+03  1.1217E+02 -1.4447E+00  1.0000E+02  0.0000E+00  0.0000E+00  0.0000E+00  0.0000E+00  0.0000E+00  2.9465E-01  6.8624E+00  4.2574E+00  6.8158E-01  6.5605E+02  1.0000E+00  2.9465E-01  0.0000E+00 -1.0000E+00 -1.4447E+00  2.9465E-01 -1.7393E+00  0.0000E+00
  1.0000E+00  2.6930E+03  1.1221E+02 -8.5004E-01  1.0000E+02  0.0000E+00  0.0000E+00  0.0000E+00  0.0000E+00  0.0000E+00  2.9357E-01  6.8372E+00  4.2417E+00  6.7906E-01  6.5634E+02  1.0000E+00  2.9357E-01  0.0000E+00 -1.0000E+00 -8.5004E-01  2.9357E-01 -1.1436E+00  0.0000E+00
  1.0000E+00  2.6940E+03  1.1225E+02  1.8128E+00  1.0000E+02  0.0000E+00  0.0000E+00  0.0000E+00  0.0000E+00  0.0000E+00  2.9255E-01  6.8130E+00  4.2266E+00  6.7664E-01  6.5663E+02  1.0000E+00  2.9255E-01  0.0000E+00 -1.0000E+00  1.8128E+00  2.9255E-01  1.5202E+00  0.0000E+00
  1.0000E+00  2.6950E+03  1.1229E+02  1.2299E-01  1.0000E+02  0.0000E+00  0.0000E+00  0.0000E+00  0.0000E+00  0.0000E+00  2.9156E-01  6.7898E+00  4.2121E+00  6.7433E-01  6.5693E+02  1.0000E+00  2.9156E-01  0.0000E+00 -1.0000E+00  1.2299E-01  2.9156E-01 -1.6857E-01  0.0000E+00
  1.0000E+00  2.6960E+03  1.1233E+02 -2.8953E-01  1.0000E+02  0.0000E+00  0.0000E+00  0.0000E+00  0.0000E+00  0.0000E+00  2.9061E-01  6.7675E+00  4.1982E+00  6.7210E-01  6.5722E+02  1.0000E+00  2.9061E-01  0.0000E+00 -1.0000E+00 -2.8953E-01  2.9061E-01 -5.8013E-01  0.0000E+00
  1.0000E+00  2.6970E+03  1.1238E+02  5.7504E-01  1.0000E+02  0.0000E+00  0.0000E+00  0.0000E+00  0.0000E+00  0.0000E+00  2.8969E-01  6.7460E+00  4.1848E+00  6.6996E-01  6.5751E+02  1.0000E+00  2.8969E-01  0.0000E+00 -1.0000E+00  5.7504E-01  2.8969E-01  2.8534E-01  0.0000E+00
  1.0000E+00  2.6980E+03  1.1242E+02  5.9551E-01  1.0000E+02  0.0000E+00  0.0000E+00  0.0000E+00  0.0000E+00  0.0000E+00  2.8881E-01  6.7253E+00  4.1719E+00  6.6789E-01  6.5780E+02  1.0000E+00  2.8881E-01  0.0000E+00 -1.0000E+00  5.9551E-01  2.8881E-01  3.0671E-01  0.0000E+00
  1.0000E+00  2.6990E+03  1.1246E+02  1.5822E+00  1.0000E+02  0.0000E+00  0.0000E+00  0.0000E+00  0.0000E+00  0.0000E+00  2.8795E-01  6.7053E+00  4.1595E+00  6.6589E-01  6.5808E+02  1.0000E+00  2.8795E-01  0.0000E+00 -1.0000E+00  1.5822E+00  2.8795E-01  1.2942E+00  0.0000E+00
  1.0000E+00  2.7000E+03  1.1250E+02  6.3784E-01  1.0000E+02  0.0000E+00  0.0000E+00  0.0000E+00  0.0000E+00  0.0000E+00  2.8713E-01  6.6859E+00  4.1474E+00  6.6396E-01  6.5837E+02  1.0000E+00  2.8713E-01  0.0000E+00 -1.0000E+00  6.3784E-01  2.8713E-01  3.5071E-01  0.0000E+00
  1.0000E+00  2.7010E+03  1.1254E+02 -2.0581E-01  1.0000E+02  0.0000E+00  0.0000E+00  0.0000E+00  0.0000E+00  0.0000E+00  2.8633E-01  6.6672E+00  4.1358E+00  6.6210E-01  6.5866E+02  1.0000E+00  2.8633E-01  0.0000E+00 -1.0000E+00 -2.0581E-01  2.8633E-01 -4.9214E-01  0.0000E+00
  1.0000E+00  2.7020E+03  1.1258E+02  3.5920E-01  1.0000E+02  0.0000E+00  0.0000E+00  0.0000E+00  0.0000E+00  0.0000E+00  2.8556E-01  6.6491E+00  4.1245E+00  6.6029E-01  6.5894E+02  1.0000E+00  2.8556E-01  0.0000E+00 -1.0000E+00  3.5920E-01  2.8556E-01  7.3641E-02  0.0000E+00
  1.0000E+00  2.7030E+03  1.1262E+02 -6.1576E-01  1.0000E+02  0.0000E+00  0.0000E+00  0.0000E+00  0.0000E+00  0.0000E+00  2.8481E-01  6.6315E+00  4.1136E+00  6.5854E-01  6.5923E+02  1.0000E+00  2.8481E-01  0.0000E+00 -1.0000E+00 -6.1576E-01  2.8481E-01 -9.0057E-01  0.0000E+00
  1.0000E+00  2.7040E+03  1.1267E+02  8.6894E-01  1.0000E+02  0.0000E+00  0.0000E+00  0.0000E+00  0.0000E+00  0.0000E+00  2.8408E-01  6.6145E+00  4.1030E+00  6.5684E-01  6.5951E+02  1.0000E+00  2.8408E-01  0.0000E+00 -1.0000E+00  8.6894E-01  2.8408E-01  5.8486E-01  0.0000E+00
  1.0000E+00  2.7050E+03  1.1271E+02  3.7718E-01  1.0000E+02  0.0000E+00  0.0000E+00  0.0000E+00  0.0000E+00  0.0000E+00  2.8338E-01  6.5979E+00  4.0927E+00  6.5519E-01  6.5980E+02  1.0000E+00  2.8338E-01  0.0000E+00 -1.0000E+00  3.7718E-01  2.8338E-01  9.3799E-02  0.0000E+00
  1.0000E+00  2.7060E+03  1.1275E+02  6.2997E-01  1.0000E+02  0.0000E+00  0.0000E+00  0.0000E+00  0.0000E+00  0.0000E+00  2.8269E-01  6.5819E+00  4.0827E+00  6.5359E-01  6.6008E+02  1.0000E+00  2.8269E-01  0.0000E+00 -1.0000E+00  6.2997E-01  2.8269E-01  3.4727E-01  0.0000E+00
  1.0000E+00  2.7070E+03  1.1279E+02 -5.2946E-01  1.0000E+02  0.0000E+00  0.0000E+00  0.0000E+00  0.0000E+00  0.0000E+00  2.8203E-01  6.5663E+00  4.0730E+00  6.5204E-01  6.6036E+02  1.0000E+00  2.8203E-01  0.0000E+00 -1.0000E+00 -5.2946E-01  2.8203E-01 -8.1149E-01  0.0000E+00
  1.0000E+00  2.7080E+03  1.1283E+02 -1.3957E-01  1.0000E+02  0.0000E+00  0.0000E+00  0.0000E+00  0.0000E+00  0.0000E+00  2.8138E-01  6.5512E+00  4.0636E+00  6.5053E-01  6.6064E+02  1.0000E+00  2.8138E-01  0.0000E+00 -1.0000E+00 -1.3957E-01  2.8138E-01 -4.2095E-01  0.0000E+00
  1.0000E+00  2.7090E+03  1.1288E+02  5.1280E-01  1.0000E+02  0.0000E+00  0.0000E+00  0.0000E+00  0.0000E+00  0.0000E+00  2.8075E-01  6.5364E+00  4.0544E+00  6.4906E-01  6.6093E+02  1.0000E+00  2.8075E-01  0.0000E+00 -1.0000E+00  5.1280E-01  2.8075E-01  2.3205E-01  0.0000E+00
  1.0000E+00  2.7100E+03  1.1292E+02  1.9617E+00  1.0000E+02  0.0000E+00  0.0000E+00  0.0000E+00  0.0000E+00  0.0000E+00  2.8014E-01  6.5221E+00  4.0455E+00  6.4763E-01  6.6121E+02  1.0000E+00  2.8014E-01  0.0000E+00 -1.0000E+00  1.9617E+00  2.8014E-01  1.6816E+00  0.0000E+00
  1.0000E+00  2.7110E+03  1.1296E+02 -7.4669E-02  1.0000E+02  0.0000E+00  0.0000E+00  0.0000E+00  0.0000E+00  0.0000E+00  2.7954E-01  6.5081E+00  4.0368E+00  6.4624E-01  6.6149E+02  1.0000E+00  2.7954E-01  0.0000E+00 -1.0000E+00 -7.4669E-02  2.7954E-01 -3.5421E-01  0.0000E+00
  1.0000E+00  2.7120E+03  1.1300E+02 -2.7741E-01  1.0000E+02  0.0000E+00  0.0000E+00  0.0000E+00  0.0000E+00  0.0000E+00  2.7896E-01  6.4945E+00  4.0283E+00  6.4489E-01  6.6177E+02  1.0000E+00  2.7896E-01  0.0000E+00 -1.0000E+00 -2.7741E-01  2.7896E-01 -5.5637E-01  0.0000E+00
  1.0000E+00  2.7130E+03  1.1304E+02  1.4099E-01  1.0000E+02  0.0000E+00  0.0000E+00  0.0000E+00  0.0000E+00  0.0000E+00  2.7839E-01  6.4813E+00  4.0201E+00  6.4357E-01  6.6204E+02  1.0000E+00  2.7839E-01  0.0000E+00 -1.0000E+00  1.4099E-01  2.7839E-01 -1.3741E-01  0.0000E+00
  1.0000E+00  2.7140E+03  1.1308E+02  1.7175E-01  1.0000E+02  0.0000E+00  0.0000E+00  0.0000E+00  0.0000E+00  0.0000E+00  2.7784E-01  6.4684E+00  4.0120E+00  6.4228E-01  6.6232E+02  1.0000E+00  2.7784E-01  0.0000E+00 -1.0000E+00  1.7175E-01  2.7784E-01 -1.0609E-01  0.0000E+00
  1.0000E+00  2.7150E+03  1.1312E+02  9.1524E-01  1.0000E+02  0.0000E+00  0.0000E+00  0.0000E+00  0.0000E+00  0.0000E+00  2.7730E-01  6.4558E+00  4.0042E+00  6.4103E-01  6.6260E+02  1.0000E+00  2.7730E-01  0.0000E+00 -1.0000E+00  9.1524E-01  2.7730E-01  6.3794E-01  0.0000E+00
  1.0000E+00  2.7160E+03  1.1317E+02  1.1788E+00  1.0000E+02  0.0000E+00  0.0000E+00  0.0000E+00  0.0000E+00  0.0000E+00  2.7678E-01  6.4435E+00  3.9966E+00  6.3980E-01  6.6288E+02  1.0000E+00  2.7678E-01  0.0000E+00 -1.0000E+00  1.1788E+00  2.7678E-01  9.0205E-01  0.0000E+00
  1.0000E+00  2.7170E+03  1.1321E+02  3.8515E-01  1.0000E+02  0.0000E+00  0.0000E+00  0.0000E+00  0.0000E+00  0.0000E+00  2.7627E-01  6.4315E+00  3.9891E+00  6.3861E-01  6.6315E+02  1.0000E+00  2.7627E-01  0.0000E+00 -1.0000E+00  3.8515E-01  2.7627E-01  1.0888E-01  0.0000E+00
  1.0000E+00  2.7180E+03  1.1325E+02 -8.3782E-01  1.0000E+02  0.0000E+00  0.0000E+00  0.0000E+00  0.0000E+00  0.0000E+00  2.7576E-01  6.4197E+00  3.9818E+00  6.3744E-01  6.6343E+02  1.0000E+00  2.7576E-01  0.0000E+00 -1.0000E+00 -8.3782E-01  2.7576E-01 -1.1136E+00  0.0000E+00
  1.0000E+00  2.7190E+03  1.1329E+02  9.5954E-01  1.0000E+02  0.0000E+00  0.0000E+00  0.0000E+00  0.0000E+00  0.0000E+00  2.7527E-01  6.4083E+00  3.9747E+00  6.3630E-01  6.6370E+02  1.0000E+00  2.7527E-01  0.0000E+00 -1.0000E+00  9.5954E-01  2.7527E-01  6.8427E-01  0.0000E+00
  1.0000E+00  2.7200E+03  1.1333E+02  1.6313E-01  1.0000E+02  0.0000E+00  0.0000E+00  0.0000E+00  0.0000E+00  0.0000E+00  2.7480E-01  6.3971E+00  3.9677E+00  6.3518E-01  6.6398E+02  1.0000E+00  2.7480E-01  0.0000E+00 -1.0000E+00  1.6313E-01  2.7480E-01 -1.1167E-01  0.0000E+00
  1.0000E+00  2.7210E+03  1.1338E+02  1.3859E+00  1.0000E+02  0.0000E+00  0.0000E+00  0.0000E+00  0.0000E+00  0.0000E+00  2.7433E-01  6.3861E+00  3.9609E+00  6.3409E-01  6.6425E+02  1.0000E+00  2.7433E-01  0.0000E+00 -1.0000E+00  1.3859E+00  2.7433E-01  1.1116E+00  0.0000E+00
  1.0000E+00  2.7220E+03  1.1342E+02  8.2438E-01  1.0000E+02  0.0000E+00  0.0000E+00  0.0000E+00  0.0000E+00  0.0000E+00  2.7387E-01  6.3754E+00  3.9542E+00  6.3302E-01  6.6453E+02  1.0000E+00  2.7387E-01  0.0000E+00 -1.0000E+00  8.2438E-01  2.7387E-01  5.5051E-01  0.0000E+00
  1.0000E+00  2.7230E+03  1.1346E+02 -7.2569E-02  1.0000E+02  0.0000E+00  0.0000E+00  0.0000E+00  0.0000E+00  0.0000E+00  2.7342E-01  6.3649E+00  3.9477E+00  6.3198E-01  6.6480E+02  1.0000E+00  2.7342E-01  0.0000E+00 -1.0000E+00 -7.2569E-02  2.7342E-01 -3.4599E-01  0.0000E+00
  1.0000E+00  2.7240E+03  1.1350E+02  1.0335E+00  1.0000E+02  0.0000E+00  0.0000E+00  0.0000E+00  0.0000E+00  0.0000E+00  2.7298E-01  6.3546E+00  3.9413E+00  6.3096E-01  6.6508E+02  1.0000E+00  2.7298E-01  0.0000E+00 -1.0000E+00  1.0335E+00  2.7298E-01  7.6052E-01  0.0000E+00
  1.0000E+00  2.7250E+03  1.1354E+02  2.9174E-01  1.0000E+02  0.0000E+00  0.0000E+00  0.0000E+00  0.0000E+00  0.0000E+00  2.7255E-01  6.3446E+00  3.9351E+00  6.2996E-01  6.6535E+02  1.0000E+00  2.7255E-01  0.0000E+00 -1.0000E+00  2.9174E-01  2.7255E-01  1.9184E-02  0.0000E+00
  1.0000E+00  2.7260E+03  1.1358E+02  6.3574E-01  1.0000E+02  0.0000E+00  0.0000E+00  0.0000E+00  0.0000E+00  0.0000E+00  2.7213E-01  6.3347E+00  3.9290E+00  6.2898E-01  6.6562E+02  1.0000E+00  2.7213E-01  0.0000E+00 -1.0000E+00  6.3574E-01  2.7213E-01  3.6361E-01  0.0000E+00
  1.0000E+00  2.7270E+03  1.1362E+02  2.0102E-01  1.0000E+02  0.0000E+00  0.0000E+00  0.0000E+00  0.0000E+00  0.0000E+00  2.7172E-01  6.3251E+00  3.9229E+00  6.2801E-01  6.6589E+02  1.0000E+00  2.7172E-01  0.0000E+00 -1.0000E+00  2.0102E-01  2.7172E-01 -7.0701E-02  0.0000E+00
  1.0000E+00  2.7280E+03  1.1367E+02  3.3520E-01  1.0000E+02  0.0000E+00  0.0000E+00  0.0000E+00  0.0000E+00  0.0000E+00  2.7131E-01  6.3156E+00  3.9171E+00  6.2707E-01  6.6616E+02  1.0000E+00  2.7131E-01  0.0000E+00 -1.0000E+00  3.3520E-01  2.7131E-01  6.3888E-02  0.0000E+00
  1.0000E+00  2.7290E+03  1.1371E+02  3.2888E-01  1.0000E+02  0.0000E+00  0.0000E+00  0.0000E+00  0.0000E+00  0.0000E+00  2.7091E-01  6.3063E+00  3.9113E+00  6.2614E-01  6.6643E+02  1.0000E+00  2.7091E-01  0.0000E+00 -1.0000E+00  3.2888E-01  2.7091E-01  5.7964E-02  0.0000E+00
  1.0000E+00  2.7300E+03  1.1375E+02  8.6931E-01  1.0000E+02  0.0000E+00  0.0000E+00  0.0000E+00  0.0000E+00  0.0000E+00  2.7052E-01  6.2971E+00  3.9056E+00  6.2523E-01  6.6671E+02  1.0000E+00  2.7052E-01  0.0000E+00 -1.0000E+00  8.6931E-01  2.7052E-01  5.9879E-01  0.0000E+00
  1.0000E+00  2.7310E+03  1.1379E+02 -1.3203E+00  1.0000E+02  0.0000E+00  0.0000E+00  0.0000E+00  0.0000E+00  0.0000E+00  2.7014E-01  6.2882E+00  3.9000E+00  6.2434E-01  6.6698E+02  1.0000E+00  2.7014E-01  0.0000E+00 -1.0000E+00 -1.3203E+00  2.7014E-01 -1.5905E+00  0.0000E+00
  1.0000E+00  2.7320E+03  1.1383E+02 -9.5080E-01  1.0000E+02  0.0000E+00  0.0000E+00  0.0000E+00  0.0000E+00  0.0000E+00  2.6976E-01  6.2794E+00  3.8945E+00  6.2346E-01  6.6725E+02  1.0000E+00  2.6976E-01  0.0000E+00 -1.0000E+00 -9.5080E-01  2.6976E-01 -1.2206E+00  0.0000E+00
  1.0000E+00  2.7330E+03  1.1388E+02  1.6559E+00  1.0000E+02  0.0000E+00  0.0000E+00  0.0000E+00  0.0000E+00  0.0000E+00  2.6939E-01  6.2707E+00  3.8892E+00  6.2260E-01  6.6752E+02  1.0000E+00  2.6939E-01  0.0000E+00 -1.0000E+00  1.6559E+00  2.6939E-01  1.3865E+00  0.0000E+00
  1.0000E+00  2.7340E+03  1.1392E+02  5.5953E-01  1.0000E+02  0.0000E+00  0.0000E+00  0.0000E+00  0.0000E+00  0.0000E+00  2.6903E-01  6.2622E+00  3.8839E+00  6.2175E-01  6.6778E+02  1.0000E+00  2.6903E-01  0.0000E+00 -1.0000E+00  5.5953E-01  2.6903E-01  2.9050E-01  0.0000E+00
  1.0000E+00  2.7350E+03  1.1396E+02 -5.3276E-01  1.0000E+02  0.0000E+00  0.0000E+00  0.0000E+00  0.0000E+00  0.0000E+00  2.6867E-01  6.2538E+00  3.8787E+00  6.2092E-01  6.6805E+02  1.0000E+00  2.6867E-01  0.0000E+00 -1.0000E+00 -5.3276E-01  2.6867E-01 -8.0143E-01  0.0000E+00
  1.0000E+00  2.7360E+03  1.1400E+02  1.6404E+00  1.0000E+02  0.0000E+00  0.0000E+00  0.0000E+00  0.0000E+00  0.0000E+00  2.6831E-01  6.2455E+00  3.8735E+00  6.2010E-01  6.6832E+02  1.0000E+00  2.6831E-01  0.0000E+00 -1.0000E+00  1.6404E+00  2.6831E-01  1.3721E+00  0.0000E+00
  1.0000E+00  2.7370E+03  1.1404E+02  4.1763E-01  1.0000E+02  0.0000E+00  0.0000E+00  0.0000E+00  0.0000E+00  0.0000E+00  2.6797E-01  6.2374E+00  3.8685E+00  6.1929E-01  6.6859E+02  1.0000E+00  2.6797E-01  0.0000E+00 -1.0000E+00  4.1763E-01  2.6797E-01  1.4967E-01  0.0000E+00
  1.0000E+00  2.7380E+03  1.1408E+02 -1.6662E-01  1.0000E+02  0.0000E+00  0.0000E+00  0.0000E+00  0.0000E+00  0.0000E+00  2.6762E-01  6.2294E+00  3.8635E+00  6.1850E-01  6.6886E+02  1.0000E+00  2.6762E-01  0.0000E+00 -1.0000E+00 -1.6662E-01  2.6762E-01 -4.3424E-01  0.0000E+00
  1.0000E+00  2.7390E+03  1.1412E+02 -5.9961E-01  1.0000E+02  0.0000E+00  0.0000E+00  0.0000E+00  0.0000E+00  0.0000E+00  2.6729E-01  6.2216E+00  3.8586E+00  6.1771E-01  6.6913E+02  1.0000E+00  2.6729E-01  0.0000E+00 -1.0000E+00 -5.9961E-01  2.6729E-01 -8.6690E-01  0.0000E+00
  1.0000E+00  2.7400E+03  1.1417E+02  6.5941E-02  1.0000E+02  0.0000E+00  0.0000E+00  0.0000E+00  0.0000E+00  0.0000E+00  2.6695E-01  6.2138E+00  3.8538E+00  6.1694E-01  6.6939E+02  1.0000E+00  2.6695E-01  0.0000E+00 -1.0000E+00  6.5941E-02  2.6695E-01 -2.0101E-01  0.0000E+00
  1.0000E+00  2.7410E+03  1.1421E+02  2.2871E-01  1.0000E+02  0.0000E+00  0.0000E+00  0.0000E+00  0.0000E+00  0.0000E+00  2.6663E-01  6.2061E+00  3.8491E+00  6.1618E-01  6.6966E+02  1.0000E+00  2.6663E-01  0.0000E+00 -1.0000E+00  2.2871E-01  2.6663E-01 -3.7917E-02  0.0000E+00
  1.0000E+00  2.7420E+03  1.1425E+02  9.8557E-01  1.0000E+02  0.0000E+00  0.0000E+00  0.0000E+00  0.0000E+00  0.0000E+00  2.6630E-01  6.1986E+00  3.8444E+00  6.1543E-01  6.6993E+02  1.0000E+00  2.6630E-01  0.0000E+00 -1.0000E+00  9.8557E-01  2.6630E-01  7.1926E-01  0.0000E+00
  1.0000E+00  2.7430E+03  1.1429E+02  2.2189E+00  1.0000E+02  0.0000E+00  0.0000E+00  0.0000E+00  0.0000E+00  0.0000E+00  2.6598E-01  6.1911E+00  3.8397E+00  6.1469E-01  6.7019E+02  1.0000E+00  2.6598E-01  0.0000E+00 -1.0000E+00  2.2189E+00  2.6598E-01  1.9529E+00  0.0000E+00
  1.0000E+00  2.7440E+03  1.1433E+02  9.4941E-01  1.0000E+02  0.0000E+00  0.0000E+00  0.0000E+00  0.0000E+00  0.0000E+00  2.6567E-01  6.1838E+00  3.8352E+00  6.1396E-01  6.7046E+02  1.0000E+00  2.6567E-01  0.0000E+00 -1.0000E+00  9.4941E-01  2.6567E-01  6.8374E-01  0.0000E+00
  1.0000E+00  2.7450E+03  1.1438E+02  7.2123E-01  1.0000E+02  0.0000E+00  0.0000E+00  0.0000E+00  0.0000E+00  0.0000E+00  2.6536E-01  6.1765E+00  3.8307E+00  6.1324E-01  6.7072E+02  1.0000E+00  2.6536E-01  0.0000E+00 -1.0000E+00  7.2123E-01  2.6536E-01  4.5588E-01  0.0000E+00
  1.0000E+00  2.7460E+03  1.1442E+02  4.5962E-01  1.0000E+02  0.0000E+00  0.0000E+00  0.0000E+00  0.0000E+00  0.0000E+00  2.6505E-01  6.1694E+00  3.8262E+00  6.1252E-01  6.7099E+02  1.0000E+00  2.6505E-01  0.0000E+00 -1.0000E+00  4.5962E-01  2.6505E-01  1.9457E-01  0.0000E+00
  1.0000E+00  2.7470E+03  1.1446E+02  1.1127E+00  1.0000E+02  0.0000E+00  0.0000E+00  0.0000E+00  0.0000E+00  0.0000E+00  2.6475E-01  6.1623E+00  3.8218E+00  6.1182E-01  6.7125E+02  1.0000E+00  2.6475E-01  0.0000E+00 -1.0000E+00  1.1127E+00  2.6475E-01  8.4795E-01  0.0000E+00
  1.0000E+00  2.7480E+03  1.1450E+02  4.2829E-01  1.0000E+02  0.0000E+00  0.0000E+00  0.0000E+00  0.0000E+00  0.0000E+00  2.6445E-01  6.1553E+00  3.8175E+00  6.1112E-01  6.7152E+02  1.0000E+00  2.6445E-01  0.0000E+00 -1.0000E+00  4.2829E-01  2.6445E-01  1.6384E-01  0.0000E+00
  1.0000E+00  2.7490E+03  1.1454E+02  7.8730E-02  1.0000E+02  0.0000E+00  0.0000E+00  0.0000E+00  0.0000E+00  0.0000E+00  2.6415E-01  6.1484E+00  3.8132E+00  6.1044E-01  6.7178E+02  1.0000E+00  2.6415E-01  0.0000E+00 -1.0000E+00  7.8730E-02  2.6415E-01 -1.8542E-01  0.0000E+00
  1.0000E+00  2.7500E+03  1.1458E+02  2.0687E+00  1.0000E+02  0.0000E+00  0.0000E+00  0.0000E+00  0.0000E+00  0.0000E+00  2.6386E-01  6.1415E+00  3.8089E+00  6.0976E-01  6.7205E+02  1.0000E+00  2.6386E-01  0.0000E+00 -1.0000E+00  2.0687E+00  2.6386E-01  1.8048E+00  0.0000E+00
  1.0000E+00  2.7510E+03  1.1462E+02 -1.6443E+00  1.0000E+02  0.0000E+00  0.0000E+00  0.0000E+00  0.0000E+00  0.0000E+00  2.6357E-01  6.1347E+00  3.8047E+00  6.0908E-01  6.7231E+02  1.0000E+00  2.6357E-01  0.0000E+00 -1.0000E+00 -1.6443E+00  2.6357E-01 -1.9079E+00  0.0000E+00
  1.0000E+00  2.7520E+03  1.1467E+02 -6.3288E-02  1.0000E+02  0.0000E+00  0.0000E+00  0.0000E+00  0.0000E+00  0.0000E+00  2.6328E-01  6.1280E+00  3.8006E+00  6.0842E-01  6.7257E+02  1.0000E+00  2.6328E-01  0.0000E+00 -1.0000E+00 -6.3288E-02  2.6328E-01 -3.2657E-01  0.0000E+00
  1.0000E+00  2.7530E+03  1.1471E+02  1.6641E-01  1.0000E+02  0.0000E+00  0.0000E+00  0.0000E+00  0.0000E+00  0.0000E+00  2.6299E-01  6.1214E+00  3.7964E+00  6.0776E-01  6.7284E+02  1.0000E+00  2.6299E-01  0.0000E+00 -1.0000E+00  1.6641E-01  2.6299E-01 -9.6586E-02  0.0000E+00
  1.0000E+00  2.7540E+03  1.1475E+02 -4.2150E-01  1.0000E+02  0.0000E+00  0.0000E+00  0.0000E+00  0.0000E+00  0.0000E+00  2.6271E-01  6.1148E+00  3.7924E+00  6.0710E-01  6.7310E+02  1.0000E+00  2.6271E-01  0.0000E+00 -1.0000E+00 -4.2150E-01  2.6271E-01 -6.8422E-01  0.0000E+00
  1.0000E+00  2.7550E+03  1.1479E+02 -6.2126E-01  1.0000E+02  0.0000E+00  0.0000E+00  0.0000E+00  0.0000E+00  0.0000E+00  2.6243E-01  6.1083E+00  3.7883E+00  6.0646E-01  6.7336E+02  1.0000E+00  2.6243E-01  0.0000E+00 -1.0000E+00 -6.2126E-01  2.6243E-01 -8.8370E-01  0.0000E+00
  1.0000E+00  2.7560E+03  1.1483E+02 -1.5097E-01  1.0000E+02  0.0000E+00  0.0000E+00  0.0000E+00  0.0000E+00  0.0000E+00  2.6216E-01  6.1019E+00  3.7843E+00  6.0582E-01  6.7362E+02  1.0000E+00  2.6216E-01  0.0000E+00 -1.0000E+00 -1.5097E-01  2.6216E-01 -4.1313E-01  0.0000E+00
  1.0000E+00  2.7570E+03  1.1488E+02  5.2798E-02  1.0000E+02  0.0000E+00  0.0000E+00  0.0000E+00  0.0000E+00  0.0000E+00  2.6188E-01  6.0955E+00  3.7804E+00  6.0518E-01  6.7389E+02  1.0000E+00  2.6188E-01  0.0000E+00 -1.0000E+00  5.2798E-02  2.6188E-01 -2.0909E-01  0.0000E+00
  1.0000E+00  2.7580E+03  1.1492E+02 -9.2866E-01  1.0000E+02  0.0000E+00  0.0000E+00  0.0000E+00  0.0000E+00  0.0000E+00  2.6161E-01  6.0892E+00  3.7764E+00  6.0455E-01  6.7415E+02  1.0000E+00  2.6161E-01  0.0000E+00 -1.0000E+00 -9.2866E-01  2.6161E-01 -1.1903E+00  0.0000E+00
  1.0000E+00  2.7590E+03  1.1496E+02  2.8469E-01  1.0000E+02  0.0000E+00  0.0000E+00  0.0000E+00  0.0000E+00  0.0000E+00  2.6134E-01  6.0829E+00  3.7725E+00  6.0393E-01  6.7441E+02  1.0000E+00  2.6134E-01  0.0000E+00 -1.0000E+00  2.8469E-01  2.6134E-01  2.3343E-02  0.0000E+00
  1.0000E+00  2.7600E+03  1.1500E+02  1.2134E+00  1.0000E+02  0.0000E+00  0.0000E+00  0.0000E+00  0.0000E+00  0.0000E+00  2.6108E-01  6.0767E+00  3.7687E+00  6.0331E-01  6.7467E+02  1.0000E+00  2.6108E-01  0.0000E+00 -1.0000E+00  1.2134E+00  2.6108E-01  9.5229E-01  0.0000E+00
  1.0000E+00  2.7610E+03  1.1504E+02  1.1379E+00  1.0000E+02  0.0000E+00  0.0000E+00  0.0000E+00  0.0000E+00  0.0000E+00  2.6081E-01  6.0705E+00  3.7648E+00  6.0270E-01  6.7493E+02  1.0000E+00  2.6081E-01  0.0000E+00 -1.0000E+00  1.1379E+00  2.6081E-01  8.7705E-01  0.0000E+00
  1.0000E+00  2.7620E+03  1.1508E+02 -3.7940E-01  1.0000E+02  0.0000E+00  0.0000E+00  0.0000E+00  0.0000E+00  0.0000E+00  2.6055E-01  6.0644E+00  3.7610E+00  6.0209E-01  6.7519E+02  1.0000E+00  2.6055E-01  0.0000E+00 -1.0000E+00 -3.7940E-01  2.6055E-01 -6.3995E-01  0.0000E+00
  1.0000E+00  2.7630E+03  1.1512E+02  7.1535E-01  1.0000E+02  0.0000E+00  0.0000E+00  0.0000E+00  0.0000E+00  0.0000E+00  2.6029E-01  6.0583E+00  3.7573E+00  6.0148E-01  6.7545E+02  1.0000E+00  2.6029E-01  0.0000E+00 -1.0000E+00  7.1535E-01  2.6029E-01  4.5506E-01  0.0000E+00
  1.0000E+00  2.7640E+03  1.1517E+02  3.7016E-01  1.0000E+02  0.0000E+00  0.0000E+00  0.0000E+00  0.0000E+00  0.0000E+00  2.6003E-01  6.0523E+00  3.7535E+00  6.0089E-01  6.7571E+02  1.0000E+00  2.6003E-01  0.0000E+00 -1.0000E+00  3.7016E-01  2.6003E-01  1.1014E-01  0.0000E+00
  1.0000E+00  2.7650E+03  1.1521E+02  1.1866E+00  1.0000E+02  0.0000E+00  0.0000E+00  0.0000E+00  0.0000E+00  0.0000E+00  2.5977E-01  6.0463E+00  3.7498E+00  6.0029E-01  6.7597E+02  1.0000E+00  2.5977E-01  0.0000E+00 -1.0000E+00  1.1866E+00  2.5977E-01  9.2685E-01  0.0000E+00
  1.0000E+00  2.7660E+03  1.1525E+02  7.5804E-01  1.0000E+02  0.0000E+00  0.0000E+00  0.0000E+00  0.0000E+00  0.0000E+00  2.5952E-01  6.0403E+00  3.7461E+00  5.9970E-01  6.7623E+02  1.0000E+00  2.5952E-01  0.0000E+00 -1.0000E+00  7.5804E-01  2.5952E-01  4.9852E-01  0.0000E+00
  1.0000E+00  2.7670E+03  1.1529E+02 -5.3633E-01  1.0000E+02  0.0000E+00  0.0000E+00  0.0000E+00  0.0000E+00  0.0000E+00  2.5926E-01  6.0344E+00  3.7424E+00  5.9911E-01  6.7649E+02  1.0000E+00  2.5926E-01  0.0000E+00 -1.0000E+00 -5.3633E-01  2.5926E-01 -7.9559E-01  0.0000E+00
  1.0000E+00  2.7680E+03  1.1533E+02  3.2501E-01  1.0000E+02  0.0000E+00  0.0000E+00  0.0000E+00  0.0000E+00  0.0000E+00  2.5901E-01  6.0285E+00  3.7388E+00  5.9853E-01  6.7675E+02  1.0000E+00  2.5901E-01  0.0000E+00 -1.0000E+00  3.2501E-01  2.5901E-01  6.5999E-02  0.0000E+00
  1.0000E+00  2.7690E+03  1.1538E+02  1.0582E+00  1.0000E+02  0.0000E+00  0.0000E+00  0.0000E+00  0.0000E+00  0.0000E+00  2.5876E-01  6.0227E+00  3.7352E+00  5.9795E-01  6.7701E+02  1.0000E+00  2.5876E-01  0.0000E+00 -1.0000E+00  1.0582E+00  2.5876E-01  7.9942E-01  0.0000E+00
  1.0000E+00  2.7700E+03  1.1542E+02 -2.2855E-01  1.0000E+02  0.0000E+00  0.0000E+00  0.0000E+00  0.0000E+00  0.0000E+00  2.5851E-01  6.0169E+00  3.7316E+00  5.9737E-01  6.7727E+02  1.0000E+00  2.5851E-01  0.0000E+00 -1.0000E+00 -2.2855E-01  2.5851E-01 -4.8706E-01  0.0000E+00
  1.0000E+00  2.7710E+03  1.1546E+02  3.9123E-01  1.0000E+02  0.0000E+00  0.0000E+00  0.0000E+00  0.0000E+00  0.0000E+00  2.5826E-01  6.0111E+00  3.7280E+00  5.9680E-01  6.7753E+02  1.0000E+00  2.5826E-01  0.0000E+00 -1.0000E+00  3.9123E-01  2.5826E-01  1.3297E-01  0.0000E+00
  1.0000E+00  2.7720E+03  1.1550E+02  1.4462E+00  1.0000E+02  0.0000E+00  0.0000E+00  0.0000E+00  0.0000E+00  0.0000E+00  2.5802E-01  6.0054E+00  3.7244E+00  5.9623E-01  6.7779E+02  1.0000E+00  2.5802E-01  0.0000E+00 -1.0000E+00  1.4462E+00  2.5802E-01  1.1882E+00  0.0000E+00
  1.0000E+00  2.7730E+03  1.1554E+02  1.2503E+00  1.0000E+02  0.0000E+00  0.0000E+00  0.0000E+00  0.0000E+00  0.0000E+00  2.5777E-01  5.9997E+00  3.7209E+00  5.9566E-01  6.7804E+02  1.0000E+00  2.5777E-01  0.0000E+00 -1.0000E+00  1.2503E+00  2.5777E-01  9.9252E-01  0.0000E+00
  1.0000E+00  2.7740E+03  1.1558E+02 -1.6316E+00  1.0000E+02  0.0000E+00  0.0000E+00  0.0000E+00  0.0000E+00  0.0000E+00  2.5753E-01  5.9940E+00  3.7174E+00  5.9510E-01  6.7830E+02  1.0000E+00  2.5753E-01  0.0000E+00 -1.0000E+00 -1.6316E+00  2.5753E-01 -1.8891E+00  0.0000E+00
  1.0000E+00  2.7750E+03  1.1562E+02 -5.5616E-01  1.0000E+02  0.0000E+00  0.0000E+00  0.0000E+00  0.0000E+00  0.0000E+00  2.5729E-01  5.9884E+00  3.7139E+00  5.9454E-01  6.7856E+02  1.0000E+00  2.5729E-01  0.0000E+00 -1.0000E+00 -5.5616E-01  2.5729E-01 -8.1345E-01  0.0000E+00
  1.0000E+00  2.7760E+03  1.1567E+02 -5.9836E-01  1.0000E+02  0.0000E+00  0.0000E+00  0.0000E+00  0.0000E+00  0.0000E+00  2.5705E-01  5.9828E+00  3.7104E+00  5.9398E-01  6.7882E+02  1.0000E+00  2.5705E-01  0.0000E+00 -1.0000E+00 -5.9836E-01  2.5705E-01 -8.5540E-01  0.0000E+00
  1.0000E+00  2.7770E+03  1.1571E+02  1.7177E-01  1.0000E+02  0.0000E+00  0.0000E+00  0.0000E+00  0.0000E+00  0.0000E+00  2.5681E-01  5.9772E+00  3.7069E+00  5.9343E-01  6.7907E+02  1.0000E+00  2.5681E-01  0.0000E+00 -1.0000E+00  1.7177E-01  2.5681E-01 -8.5036E-02  0.0000E+00
  1.0000E+00  2.7780E+03  1.1575E+02  2.2090E+00  1.0000E+02  0.0000E+00  0.0000E+00  0.0000E+00  0.0000E+00  0.0000E+00  2.5657E-01  5.9716E+00  3.7035E+00  5.9287E-01  6.7933E+02  1.0000E+00  2.5657E-01  0.0000E+00 -1.0000E+00  2.2090E+00  2.5657E-01  1.9524E+00  0.0000E+00
  1.0000E+00  2.7790E+03  1.1579E+02  1.0642E+00  1.0000E+02  0.0000E+00  0.0000E+00  0.0000E+00  0.0000E+00  0.0000E+00  2.5633E-01  5.9661E+00  3.7000E+00  5.9232E-01  6.7959E+02  1.0000E+00  2.5633E-01  0.0000E+00 -1.0000E+00  1.0642E+00  2.5633E-01  8.0783E-01  0.0000E+00
  1.0000E+00  2.7800E+03  1.1583E+02  9.4814E-01  1.0000E+02  0.0000E+00  0.0000E+00  0.0000E+00  0.0000E+00  0.0000E+00  2.5609E-01  5.9606E+00  3.6966E+00  5.9178E-01  6.7984E+02  1.0000E+00  2.5609E-01  0.0000E+00 -1.0000E+00  9.4814E-01  2.5609E-01  6.9205E-01  0.0000E+00
  1.0000E+00  2.7810E+03  1.1588E+02  4.8157E-01  1.0000E+02  0.0000E+00  0.0000E+00  0.0000E+00  0.0000E+00  0.0000E+00  2.5586E-01  5.9551E+00  3.6932E+00  5.9123E-01  6.8010E+02  1.0000E+00  2.5586E-01  0.0000E+00 -1.0000E+00  4.8157E-01  2.5586E-01  2.2571E-01  0.0000E+00
  1.0000E+00  2.7820E+03  1.1592E+02  4.2926E-01  1.0000E+02  0.0000E+00  0.0000E+00  0.0000E+00  0.0000E+00  0.0000E+00  2.5562E-01  5.9496E+00  3.6898E+00  5.9069E-01  6.8035E+02  1.0000E+00  2.5562E-01  0.0000E+00 -1.0000E+00  4.2926E-01  2.5562E-01  1.7363E-01  0.0000E+00
  1.0000E+00  2.7830E+03  1.1596E+02  9.3344E-01  1.0000E+02  0.0000E+00  0.0000E+00  0.0000E+00  0.0000E+00  0.0000E+00  2.5539E-01  5.9442E+00  3.6865E+00  5.9015E-01  6.8061E+02  1.0000E+00  2.5539E-01  0.0000E+00 -1.0000E+00  9.3344E-01  2.5539E-01  6.7805E-01  0.0000E+00
  1.0000E+00  2.7840E+03  1.1600E+02  5.9683E-01  1.0000E+02  0.0000E+00  0.0000E+00  0.0000E+00  0.0000E+00  0.0000E+00  2.5516E-01  5.9388E+00  3.6831E+00  5.8961E-01  6.8086E+02  1.0000E+00  2.5516E-01  0.0000E+00 -1.0000E+00  5.9683E-01  2.5516E-01  3.4167E-01  0.0000E+00
  1.0000E+00  2.7850E+03  1.1604E+02 -9.3565E-01  1.0000E+02  0.0000E+00  0.0000E+00  0.0000E+00  0.0000E+00  0.0000E+00  2.5493E-01  5.9334E+00  3.6798E+00  5.8907E-01  6.8112E+02  1.0000E+00  2.5493E-01  0.0000E+00 -1.0000E+00 -9.3565E-01  2.5493E-01 -1.1906E+00  0.0000E+00
  1.0000E+00  2.7860E+03  1.1608E+02  1.6566E+00  1.0000E+02  0.0000E+00  0.0000E+00  0.0000E+00  0.0000E+00  0.0000E+00  2.5470E-01  5.9280E+00  3.6764E+00  5.8854E-01  6.8137E+02  1.0000E+00  2.5470E-01  0.0000E+00 -1.0000E+00  1.6566E+00  2.5470E-01  1.4019E+00  0.0000E+00
  1.0000E+00  2.7870E+03  1.1612E+02 -1.0843E-01  1.0000E+02  0.0000E+00  0.0000E+00  0.0000E+00  0.0000E+00  0.0000E+00  2.5447E-01  5.9226E+00  3.6731E+00  5.8801E-01  6.8163E+02  1.0000E+00  2.5447E-01  0.0000E+00 -1.0000E+00 -1.0843E-01  2.5447E-01 -3.6290E-01  0.0000E+00
  1.0000E+00  2.7880E+03  1.1617E+02  1.0235E+00  1.0000E+02  0.0000E+00  0.0000E+00  0.0000E+00  0.0000E+00  0.0000E+00  2.5424E-01  5.9173E+00  3.6698E+00  5.8748E-01  6.8188E+02  1.0000E+00  2.5424E-01  0.0000E+00 -1.0000E+00  1.0235E+00  2.5424E-01  7.6922E-01  0.0000E+00
  1.0000E+00  2.7890E+03  1.1621E+02  7.3603E-01  1.0000E+02  0.0000E+00  0.0000E+00  0.0000E+00  0.0000E+00  0.0000E+00  2.5401E-01  5.9120E+00  3.6665E+00  5.8695E-01  6.8214E+02  1.0000E+00  2.5401E-01  0.0000E+00 -1.0000E+00  7.3603E-01  2.5401E-01  4.8202E-01  0.0000E+00
  1.0000E+00  2.7900E+03  1.1625E+02  5.1303E-01  1.0000E+02  0.0000E+00  0.0000E+00  0.0000E+00  0.0000E+00  0.0000E+00  2.5378E-01  5.9067E+00  3.6632E+00  5.8642E-01  6.8239E+02  1.0000E+00  2.5378E-01  0.0000E+00 -1.0000E+00  5.1303E-01  2.5378E-01  2.5925E-01  0.0000E+00
  1.0000E+00  2.7910E+03  1.1629E+02  8.1793E-01  1.0000E+02  0.0000E+00  0.0000E+00  0.0000E+00  0.0000E+00  0.0000E+00  2.5355E-01  5.9014E+00  3.6599E+00  5.8590E-01  6.8264E+02  1.0000E+00  2.5355E-01  0.0000E+00 -1.0000E+00  8.1793E-01  2.5355E-01  5.6438E-01  0.0000E+00
  1.0000E+00  2.7920E+03  1.1633E+02 -1.1363E-01  1.0000E+02  0.0000E+00  0.0000E+00  0.0000E+00  0.0000E+00  0.0000E+00  2.5333E-01  5.8961E+00  3.6566E+00  5.8538E-01  6.8290E+02  1.0000E+00  2.5333E-01  0.0000E+00 -1.0000E+00 -1.1363E-01  2.5333E-01 -3.6696E-01  0.0000E+00
  1.0000E+00  2.7930E+03  1.1638E+02 -1.9039E-01  1.0000E+02  0.0000E+00  0.0000E+00  0.0000E+00  0.0000E+00  0.0000E+00  2.5310E-01  5.8909E+00  3.6534E+00  5.8485E-01  6.8315E+02  1.0000E+00  2.5310E-01  0.0000E+00 -1.0000E+00 -1.9039E-01  2.5310E-01 -4.4349E-01  0.0000E+00
  1.0000E+00  2.7940E+03  1.1642E+02  5.4329E-01  1.0000E+02  0.0000E+00  0.0000E+00  0.0000E+00  0.0000E+00  0.0000E+00  2.5288E-01  5.8857E+00  3.6501E+00  5.8433E-01  6.8340E+02  1.0000E+00  2.5288E-01  0.0000E+00 -1.0000E+00  5.4329E-01  2.5288E-01  2.9041E-01  0.0000E+00
  1.0000E+00  2.7950E+03  1.1646E+02 -1.1447E+00  1.0000E+02  0.0000E+00  0.0000E+00  0.0000E+00  0.0000E+00  0.0000E+00  2.5265E-01  5.8804E+00  3.6469E+00  5.8382E-01  6.8366E+02  1.0000E+00  2.5265E-01  0.0000E+00 -1.0000E+00 -1.1447E+00  2.5265E-01 -1.3973E+00  0.0000E+00
  1.0000E+00  2.7960E+03  1.1650E+02  1.9864E+00  1.0000E+02  0.0000E+00  0.0000E+00  0.0000E+00  0.0000E+00  0.0000E+00  2.5243E-01  5.8752E+00  3.6437E+00  5.8330E-01  6.8391E+02  1.0000E+00  2.5243E-01  0.0000E+00 -1.0000E+00  1.9864E+00  2.5243E-01  1.7340E+00  0.0000E+00
  1.0000E+00  2.7970E+03  1.1654E+02  5.5822E-01  1.0000E+02  0.0000E+00  0.0000E+00  0.0000E+00  0.0000E+00  0.0000E+00  2.5221E-01  5.8700E+00  3.6405E+00  5.8278E-01  6.8416E+02  1.0000E+00  2.5221E-01  0.0000E+00 -1.0000E+00  5.5822E-01  2.5221E-01  3.0602E-01  0.0000E+00
  1.0000E+00  2.7980E+03  1.1658E+02  1.1765E+00  1.0000E+02  0.0000E+00  0.0000E+00  0.0000E+00  0.0000E+00  0.0000E+00  2.5198E-01  5.8649E+00  3.6372E+00  5.8227E-01  6.8441E+02  1.0000E+00  2.5198E-01  0.0000E+00 -1.0000E+00  1.1765E+00  2.5198E-01  9.2456E-01  0.0000E+00
  1.0000E+00  2.7990E+03  1.1662E+02  2.7273E-01  1.0000E+02  0.0000E+00  0.0000E+00  0.0000E+00  0.0000E+00  0.0000E+00  2.5176E-01  5.8597E+00  3.6340E+00  5.8176E-01  6.8467E+02  1.0000E+00  2.5176E-01  0.0000E+00 -1.0000E+00  2.7273E-01  2.5176E-01  2.0966E-02  0.0000E+00
  1.0000E+00  2.8000E+03  1.1667E+02  1.4403E-01  1.0000E+02  0.0000E+00  0.0000E+00  0.0000E+00  0.0000E+00  0.0000E+00  2.5154E-01  5.8545E+00  3.6308E+00  5.8125E-01  6.8492E+02  1.0000E+00  2.5154E-01  0.0000E+00 -1.0000E+00  1.4403E-01  2.5154E-01 -1.0751E-01  0.0000E+00
  1.0000E+00  2.8010E+03  1.1671E+02 -8.6256E-02  1.0000E+02  0.0000E+00  0.0000E+00  0.0000E+00  0.0000E+00  0.0000E+00  2.5132E-01  5.8494E+00  3.6277E+00  5.8074E-01  6.8517E+02  1.0000E+00  2.5132E-01  0.0000E+00 -1.0000E+00 -8.6256E-02  2.5132E-01 -3.3758E-01  0.0000E+00
  1.0000E+00  2.8020E+03  1.1675E+02  1.7082E+00  1.0000E+02  0.0000E+00  0.0000E+00  0.0000E+00  0.0000E+00  0.0000E+00  2.5110E-01  5.8443E+00  3.6245E+00  5.8023E-01  6.8542E+02  1.0000E+00  2.5110E-01  0.0000E+00 -1.0000E+00  1.7082E+00  2.5110E-01  1.4571E+00  0.0000E+00
  1.0000E+00  2.8030E+03  1.1679E+02 -1.3728E+00  1.0000E+02  0.0000E+00  0.0000E+00  0.0000E+00  0.0000E+00  0.0000E+00  2.5088E-01  5.8392E+00  3.6213E+00  5.7972E-01  6.8567E+02  1.0000E+00  2.5088E-01  0.0000E+00 -1.0000E+00 -1.3728E+00  2.5088E-01 -1.6237E+00  0.0000E+00
  1.0000E+00  2.8040E+03  1.1683E+02  2.5880E+00  1.0000E+02  0.0000E+00  0.0000E+00  0.0000E+00  0.0000E+00  0.0000E+00  2.5066E-01  5.8341E+00  3.6181E+00  5.7921E-01  6.8592E+02  1.0000E+00  2.5066E-01  0.0000E+00 -1.0000E+00  2.5880E+00  2.5066E-01  2.3373E+00  0.0000E+00
  1.0000E+00  2.8050E+03  1.1688E+02  4.6809E-01  1.0000E+02  0.0000E+00  0.0000E+00  0.0000E+00  0.0000E+00  0.0000E+00  2.5044E-01  5.8290E+00  3.6150E+00  5.7871E-01  6.8617E+02  1.0000E+00  2.5044E-01  0.0000E+00 -1.0000E+00  4.6809E-01  2.5044E-01  2.1764E-01  0.0000E+00
  1.0000E+00  2.8060E+03  1.1692E+02  2.3739E-01  1.0000E+02  0.0000E+00  0.0000E+00  0.0000E+00  0.0000E+00  0.0000E+00  2.5022E-01  5.8239E+00  3.6118E+00  5.7820E-01  6.8642E+02  1.0000E+00  2.5022E-01  0.0000E+00 -1.0000E+00  2.3739E-01  2.5022E-01 -1.2830E-02  0.0000E+00
  1.0000E+00  2.8070E+03  1.1696E+02  1.6098E+00  1.0000E+02  0.0000E+00  0.0000E+00  0.0000E+00  0.0000E+00  0.0000E+00  2.5001E-01  5.8188E+00  3.6087E+00  5.7770E-01  6.8667E+02  1.0000E+00  2.5001E-01  0.0000E+00 -1.0000E+00  1.6098E+00  2.5001E-01  1.3598E+00  0.0000E+00
  1.0000E+00  2.8080E+03  1.1700E+02  1.2188E+00  1.0000E+02  0.0000E+00  0.0000E+00  0.0000E+00  0.0000E+00  0.0000E+00  2.4979E-01  5.8138E+00  3.6056E+00  5.7720E-01  6.8692E+02  1.0000E+00  2.4979E-01  0.0000E+00 -1.0000E+00  1.2188E+00  2.4979E-01  9.6904E-01  0.0000E+00
  1.0000E+00  2.8090E+03  1.1704E+02 -7.4038E-01  1.0000E+02  0.0000E+00  0.0000E+00  0.0000E+00  0.0000E+00  0.0000E+00  2.4957E-01  5.8087E+00  3.6024E+00  5.7670E-01  6.8717E+02  1.0000E+00  2.4957E-01  0.0000E+00 -1.0000E+00 -7.4038E-01  2.4957E-01 -9.8995E-01  0.0000E+00
  1.0000E+00  2.8100E+03  1.1708E+02  5.3288E-01  1.0000E+02  0.0000E+00  0.0000E+00  0.0000E+00  0.0000E+00  0.0000E+00  2.4936E-01  5.8037E+00  3.5993E+00  5.7619E-01  6.8742E+02  1.0000E+00  2.4936E-01  0.0000E+00 -1.0000E+00  5.3288E-01  2.4936E-01  2.8352E-01  0.0000E+00
  1.0000E+00  2.8110E+03  1.1712E+02  9.7873E-01  1.0000E+02  0.0000E+00  0.0000E+00  0.0000E+00  0.0000E+00  0.0000E+00  2.4914E-01  5.7987E+00  3.5962E+00  5.7570E-01  6.8767E+02  1.0000E+00  2.4914E-01  0.0000E+00 -1.0000E+00  9.7873E-01  2.4914E-01  7.2959E-01  0.0000E+00
  1.0000E+00  2.8120E+03  1.1717E+02 -9.5597E-01  1.0000E+02  0.0000E+00  0.0000E+00  0.0000E+00  0.0000E+00  0.0000E+00  2.4892E-01  5.7936E+00  3.5931E+00  5.7520E-01  6.8792E+02  1.0000E+00  2.4892E-01  0.0000E+00 -1.0000E+00 -9.5597E-01  2.4892E-01 -1.2049E+00  0.0000E+00
  1.0000E+00  2.8130E+03  1.1721E+02 -1.2232E+00  1.0000E+02  0.0000E+00  0.0000E+00  0.0000E+00  0.0000E+00  0.0000E+00  2.4871E-01  5.7886E+00  3.5900E+00  5.7470E-01  6.8817E+02  1.0000E+00  2.4871E-01  0.0000E+00 -1.0000E+00 -1.2232E+00  2.4871E-01 -1.4719E+00  0.0000E+00
  1.0000E+00  2.8140E+03  1.1725E+02  1.8652E+00  1.0000E+02  0.0000E+00  0.0000E+00  0.0000E+00  0.0000E+00  0.0000E+00  2.4849E-01  5.7836E+00  3.5869E+00  5.7420E-01  6.8842E+02  1.0000E+00  2.4849E-01  0.0000E+00 -1.0000E+00  1.8652E+00  2.4849E-01  1.6167E+00  0.0000E+00
  1.0000E+00  2.8150E+03  1.1729E+02 -6.3424E-01  1.0000E+02  0.0000E+00  0.0000E+00  0.0000E+00  0.0000E+00  0.0000E+00  2.4828E-01  5.7786E+00  3.5838E+00  5.7371E-01  6.8867E+02  1.0000E+00  2.4828E-01  0.0000E+00 -1.0000E+00 -6.3424E-01  2.4828E-01 -8.8252E-01  0.0000E+00
  1.0000E+00  2.8160E+03  1.1733E+02 -6.5010E-01  1.0000E+02  0.0000E+00  0.0000E+00  0.0000E+00  0.0000E+00  0.0000E+00  2.4807E-01  5.7737E+00  3.5807E+00  5.7321E-01  6.8891E+02  1.0000E+00  2.4807E-01  0.0000E+00 -1.0000E+00 -6.5010E-01  2.4807E-01 -8.9817E-01  0.0000E+00
  1.0000E+00  2.8170E+03  1.1738E+02  1.0694E-01  1.0000E+02  0.0000E+00  0.0000E+00  0.0000E+00  0.0000E+00  0.0000E+00  2.4785E-01  5.7687E+00  3.5776E+00  5.7272E-01  6.8916E+02  1.0000E+00  2.4785E-01  0.0000E+00 -1.0000E+00  1.0694E-01  2.4785E-01 -1.4091E-01  0.0000E+00
  1.0000E+00  2.8180E+03  1.1742E+02  7.4636E-01  1.0000E+02  0.0000E+00  0.0000E+00  0.0000E+00  0.0000E+00  0.0000E+00  2.4764E-01  5.7637E+00  3.5745E+00  5.7223E-01  6.8941E+02  1.0000E+00  2.4764E-01  0.0000E+00 -1.0000E+00  7.4636E-01  2.4764E-01  4.9873E-01  0.0000E+00
  1.0000E+00  2.8190E+03  1.1746E+02 -2.2388E-01  1.0000E+02  0.0000E+00  0.0000E+00  0.0000E+00  0.0000E+00  0.0000E+00  2.4743E-01  5.7588E+00  3.5714E+00  5.7173E-01  6.8966E+02  1.0000E+00  2.4743E-01  0.0000E+00 -1.0000E+00 -2.2388E-01  2.4743E-01 -4.7131E-01  0.0000E+00
  1.0000E+00  2.8200E+03  1.1750E+02 -9.4816E-01  1.0000E+02  0.0000E+00  0.0000E+00  0.0000E+00  0.0000E+00  0.0000E+00  2.4721E-01  5.7538E+00  3.5684E+00  5.7124E-01  6.8990E+02  1.0000E+00  2.4721E-01  0.0000E+00 -1.0000E+00 -9.4816E-01  2.4721E-01 -1.1954E+00  0.0000E+00
  1.0000E+00  2.8210E+03  1.1754E+02  2.0312E+00  1.0000E+02  0.0000E+00  0.0000E+00  0.0000E+00  0.0000E+00  0.0000E+00  2.4700E-01  5.7489E+00  3.5653E+00  5.7075E-01  6.9015E+02  1.0000E+00  2.4700E-01  0.0000E+00 -1.0000E+00  2.0312E+00  2.4700E-01  1.7842E+00  0.0000E+00
  1.0000E+00  2.8220E+03  1.1758E+02 -9.7081E-01  1.0000E+02  0.0000E+00  0.0000E+00  0.0000E+00  0.0000E+00  0.0000E+00  2.4679E-01  5.7439E+00  3.5622E+00  5.7026E-01  6.9040E+02  1.0000E+00  2.4679E-01  0.0000E+00 -1.0000E+00 -9.7081E-01  2.4679E-01 -1.2176E+00  0.0000E+00
  1.0000E+00  2.8230E+03  1.1762E+02 -8.0898E-01  1.0000E+02  0.0000E+00  0.0000E+00  0.0000E+00  0.0000E+00  0.0000E+00  2.4658E-01  5.7390E+00  3.5592E+00  5.6977E-01  6.9065E+02  1.0000E+00  2.4658E-01  0.0000E+00 -1.0000E+00 -8.0898E-01  2.4658E-01 -1.0556E+00  0.0000E+00
  1.0000E+00  2.8240E+03  1.1767E+02  2.5559E-01  1.0000E+02  0.0000E+00  0.0000E+00  0.0000E+00  0.0000E+00  0.0000E+00  2.4637E-01  5.7341E+00  3.5561E+00  5.6928E-01  6.9089E+02  1.0000E+00  2.4637E-01  0.0000E+00 -1.0000E+00  2.5559E-01  2.4637E-01  9.2225E-03  0.0000E+00
  1.0000E+00  2.8250E+03  1.1771E+02 -9.9594E-02  1.0000E+02  0.0000E+00  0.0000E+00  0.0000E+00  0.0000E+00  0.0000E+00  2.4616E-01  5.7292E+00  3.5531E+00  5.6880E-01  6.9114E+02  1.0000E+00  2.4616E-01  0.0000E+00 -1.0000E+00 -9.9594E-02  2.4616E-01 -3.4575E-01  0.0000E+00
  1.0000E+00  2.8260E+03  1.1775E+02  1.1598E+00  1.0000E+02  0.0000E+00  0.0000E+00  0.0000E+00  0.0000E+00  0.0000E+00  2.4594E-01  5.7243E+00  3.5500E+00  5.6831E-01  6.9138E+02  1.0000E+00  2.4594E-01  0.0000E+00 -1.0000E+00  1.1598E+00  2.4594E-01  9.1382E-01  0.0000E+00
  1.0000E+00  2.8270E+03  1.1779E+02  1.2938E+00  1.0000E+02  0.0000E+00  0.0000E+00  0.0000E+00  0.0000E+00  0.0000E+00  2.4573E-01  5.7194E+00  3.5470E+00  5.6782E-01  6.9163E+02  1.0000E+00  2.4573E-01  0.0000E+00 -1.0000E+00  1.2938E+00  2.4573E-01  1.0481E+00  0.0000E+00
  1.0000E+00  2.8280E+03  1.1783E+02 -4.3193E-01  1.0000E+02  0.0000E+00  0.0000E+00  0.0000E+00  0.0000E+00  0.0000E+00  2.4552E-01  5.7145E+00  3.5440E+00  5.6734E-01  6.9188E+02  1.0000E+00  2.4552E-01  0.0000E+00 -1.0000E+00 -4.3193E-01  2.4552E-01 -6.7745E-01  0.0000E+00
  1.0000E+00  2.8290E+03  1.1788E+02 -5.9222E-01  1.0000E+02  0.0000E+00  0.0000E+00  0.0000E+00  0.0000E+00  0.0000E+00  2.4531E-01  5.7096E+00  3.5409E+00  5.6685E-01  6.9212E+02  1.0000E+00  2.4531E-01  0.0000E+00 -1.0000E+00 -5.9222E-01  2.4531E-01 -8.3753E-01  0.0000E+00
  1.0000E+00  2.8300E+03  1.1792E+02 -6.3215E-02  1.0000E+02  0.0000E+00  0.0000E+00  0.0000E+00  0.0000E+00  0.0000E+00  2.4510E-01  5.7047E+00  3.5379E+00  5.6637E-01  6.9237E+02  1.0000E+00  2.4510E-01  0.0000E+00 -1.0000E+00 -6.3215E-02  2.4510E-01 -3.0832E-01  0.0000E+00
  1.0000E+00  2.8310E+03  1.1796E+02 -5.2846E-01  1.0000E+02  0.0000E+00  0.0000E+00  0.0000E+00  0.0000E+00  0.0000E+00  2.4490E-01  5.6998E+00  3.5349E+00  5.6589E-01  6.9261E+02  1.0000E+00  2.4490E-01  0.0000E+00 -1.0000E+00 -5.2846E-01  2.4490E-01 -7.7335E-01  0.0000E+00
  1.0000E+00  2.8320E+03  1.1800E+02  5.0689E-01  1.0000E+02  0.0000E+00  0.0000E+00  0.0000E+00  0.0000E+00  0.0000E+00  2.4469E-01  5.6950E+00  3.5319E+00  5.6540E-01  6.9286E+02  1.0000E+00  2.4469E-01  0.0000E+00 -1.0000E+00  5.0689E-01  2.4469E-01  2.6220E-01  0.0000E+00
  1.0000E+00  2.8330E+03  1.1804E+02 -4.9122E-01  1.0000E+02  0.0000E+00  0.0000E+00  0.0000E+00  0.0000E+00  0.0000E+00  2.4448E-01  5.6901E+00  3.5289E+00  5.6492E-01  6.9310E+02  1.0000E+00  2.4448E-01  0.0000E+00 -1.0000E+00 -4.9122E-01  2.4448E-01 -7.3569E-01  0.0000E+00
  1.0000E+00  2.8340E+03  1.1808E+02  8.7401E-01  1.0000E+02  0.0000E+00  0.0000E+00  0.0000E+00  0.0000E+00  0.0000E+00  2.4427E-01  5.6853E+00  3.5259E+00  5.6444E-01  6.9334E+02  1.0000E+00  2.4427E-01  0.0000E+00 -1.0000E+00  8.7401E-01  2.4427E-01  6.2974E-01  0.0000E+00
  1.0000E+00  2.8350E+03  1.1812E+02  5.0615E-02  1.0000E+02  0.0000E+00  0.0000E+00  0.0000E+00  0.0000E+00  0.0000E+00  2.4406E-01  5.6804E+00  3.5229E+00  5.6396E-01  6.9359E+02  1.0000E+00  2.4406E-01  0.0000E+00 -1.0000E+00  5.0615E-02  2.4406E-01 -1.9345E-01  0.0000E+00
  1.0000E+00  2.8360E+03  1.1817E+02  1.5112E-01  1.0000E+02  0.0000E+00  0.0000E+00  0.0000E+00  0.0000E+00  0.0000E+00  2.4385E-01  5.6756E+00  3.5199E+00  5.6348E-01  6.9383E+02  1.0000E+00  2.4385E-01  0.0000E+00 -1.0000E+00  1.5112E-01  2.4385E-01 -9.2733E-02  0.0000E+00
  1.0000E+00  2.8370E+03  1.1821E+02 -6.2079E-01  1.0000E+02  0.0000E+00  0.0000E+00  0.0000E+00  0.0000E+00  0.0000E+00  2.4365E-01  5.6708E+00  3.5169E+00  5.6300E-01  6.9408E+02  1.0000E+00  2.4365E-01  0.0000E+00 -1.0000E+00 -6.2079E-01  2.4365E-01 -8.6444E-01  0.0000E+00
  1.0000E+00  2.8380E+03  1.1825E+02  9.4341E-01  1.0000E+02  0.0000E+00  0.0000E+00  0.0000E+00  0.0000E+00  0.0000E+00  2.4344E-01  5.6659E+00  3.5139E+00  5.6252E-01  6.9432E+02  1.0000E+00  2.4344E-01  0.0000E+00 -1.0000E+00  9.4341E-01  2.4344E-01  6.9997E-01  0.0000E+00
  1.0000E+00  2.8390E+03  1.1829E+02 -2.6708E-02  1.0000E+02  0.0000E+00  0.0000E+00  0.0000E+00  0.0000E+00  0.0000E+00  2.4323E-01  5.6611E+00  3.5109E+00  5.6204E-01  6.9456E+02  1.0000E+00  2.4323E-01  0.0000E+00 -1.0000E+00 -2.6708E-02  2.4323E-01 -2.6994E-01  0.0000E+00
  1.0000E+00  2.8400E+03  1.1833E+02  4.9587E-01  1.0000E+02  0.0000E+00  0.0000E+00  0.0000E+00  0.0000E+00  0.0000E+00  2.4302E-01  5.6563E+00  3.5079E+00  5.6156E-01  6.9481E+02  1.0000E+00  2.4302E-01  0.0000E+00 -1.0000E+00  4.9587E-01  2.4302E-01  2.5284E-01  0.0000E+00
  1.0000E+00  2.8410E+03  1.1838E+02  6.1130E-01  1.0000E+02  0.0000E+00  0.0000E+00  0.0000E+00  0.0000E+00  0.0000E+00  2.4282E-01  5.6515E+00  3.5049E+00  5.6108E-01  6.9505E+02  1.0000E+00  2.4282E-01  0.0000E+00 -1.0000E+00  6.1130E-01  2.4282E-01  3.6848E-01  0.0000E+00
  1.0000E+00  2.8420E+03  1.1842E+02 -5.7746E-01  1.0000E+02  0.0000E+00  0.0000E+00  0.0000E+00  0.0000E+00  0.0000E+00  2.4261E-01  5.6467E+00  3.5019E+00  5.6061E-01  6.9529E+02  1.0000E+00  2.4261E-01  0.0000E+00 -1.0000E+00 -5.7746E-01  2.4261E-01 -8.2007E-01  0.0000E+00
  1.0000E+00  2.8430E+03  1.1846E+02 -2.1831E-01  1.0000E+02  0.0000E+00  0.0000E+00  0.0000E+00  0.0000E+00  0.0000E+00  2.4240E-01  5.6419E+00  3.4989E+00  5.6013E-01  6.9553E+02  1.0000E+00  2.4240E-01  0.0000E+00 -1.0000E+00 -2.1831E-01  2.4240E-01 -4.6071E-01  0.0000E+00
  1.0000E+00  2.8440E+03  1.1850E+02  1.6941E-01  1.0000E+02  0.0000E+00  0.0000E+00  0.0000E+00  0.0000E+00  0.0000E+00  2.4220E-01  5.6371E+00  3.4960E+00  5.5965E-01  6.9578E+02  1.0000E+00  2.4220E-01  0.0000E+00 -1.0000E+00  1.6941E-01  2.4220E-01 -7.2786E-02  0.0000E+00
  1.0000E+00  2.8450E+03  1.1854E+02  2.3378E+00  1.0000E+02  0.0000E+00  0.0000E+00  0.0000E+00  0.0000E+00  0.0000E+00  2.4199E-01  5.6323E+00  3.4930E+00  5.5918E-01  6.9602E+02  1.0000E+00  2.4199E-01  0.0000E+00 -1.0000E+00  2.3378E+00  2.4199E-01  2.0958E+00  0.0000E+00
  1.0000E+00  2.8460E+03  1.1858E+02  2.4412E-01  1.0000E+02  0.0000E+00  0.0000E+00  0.0000E+00  0.0000E+00  0.0000E+00  2.4179E-01  5.6275E+00  3.4900E+00  5.5870E-01  6.9626E+02  1.0000E+00  2.4179E-01  0.0000E+00 -1.0000E+00  2.4412E-01  2.4179E-01  2.3360E-03  0.0000E+00
  1.0000E+00  2.8470E+03  1.1862E+02 -4.8390E-01  1.0000E+02  0.0000E+00  0.0000E+00  0.0000E+00  0.0000E+00  0.0000E+00  2.4158E-01  5.6227E+00  3.4871E+00  5.5823E-01  6.9650E+02  1.0000E+00  2.4158E-01  0.0000E+00 -1.0000E+00 -4.8390E-01  2.4158E-01 -7.2548E-01  0.0000E+00
  1.0000E+00  2.8480E+03  1.1867E+02  2.4921E-01  1.0000E+02  0.0000E+00  0.0000E+00  0.0000E+00  0.0000E+00  0.0000E+00  2.4138E-01  5.6180E+00  3.4841E+00  5.5775E-01  6.9674E+02  1.0000E+00  2.4138E-01  0.0000E+00 -1.0000E+00  2.4921E-01  2.4138E-01  7.8317E-03  0.0000E+00
  1.0000E+00  2.8490E+03  1.1871E+02 -9.4502E-01  1.0000E+02  0.0000E+00  0.0000E+00  0.0000E+00  0.0000E+00  0.0000E+00  2.4117E-01  5.6132E+00  3.4812E+00  5.5728E-01  6.9699E+02  1.0000E+00  2.4117E-01  0.0000E+00 -1.0000E+00 -9.4502E-01  2.4117E-01 -1.1862E+00  0.0000E+00
  1.0000E+00  2.8500E+03  1.1875E+02 -1.4177E+00  1.0000E+02  0.0000E+00  0.0000E+00  0.0000E+00  0.0000E+00  0.0000E+00  2.4097E-01  5.6084E+00  3.4782E+00  5.5681E-01  6.9723E+02  1.0000E+00  2.4097E-01  0.0000E+00 -1.0000E+00 -1.4177E+00  2.4097E-01 -1.6587E+00  0.0000E+00
  1.0000E+00  2.8510E+03  1.1879E+02 -1.2067E+00  1.0000E+02  0.0000E+00  0.0000E+00  0.0000E+00  0.0000E+00  0.0000E+00  2.4076E-01  5.6037E+00  3.4752E+00  5.5634E-01  6.9747E+02  1.0000E+00  2.4076E-01  0.0000E+00 -1.0000E+00 -1.2067E+00  2.4076E-01 -1.4474E+00  0.0000E+00
  1.0000E+00  2.8520E+03  1.1883E+02  1.5405E+00  1.0000E+02  0.0000E+00  0.0000E+00  0.0000E+00  0.0000E+00  0.0000E+00  2.4056E-01  5.5989E+00  3.4723E+00  5.5586E-01  6.9771E+02  1.0000E+00  2.4056E-01  0.0000E+00 -1.0000E+00  1.5405E+00  2.4056E-01  1.2999E+00  0.0000E+00
  1.0000E+00  2.8530E+03  1.1888E+02  1.1646E+00  1.0000E+02  0.0000E+00  0.0000E+00  0.0000E+00  0.0000E+00  0.0000E+00  2.4036E-01  5.5942E+00  3.4694E+00  5.5539E-01  6.9795E+02  1.0000E+00  2.4036E-01  0.0000E+00 -1.0000E+00  1.1646E+00  2.4036E-01  9.2428E-01  0.0000E+00
  1.0000E+00  2.8540E+03  1.1892E+02  3.6274E-01  1.0000E+02  0.0000E+00  0.0000E+00  0.0000E+00  0.0000E+00  0.0000E+00  2.4015E-01  5.5894E+00  3.4664E+00  5.5492E-01  6.9819E+02  1.0000E+00  2.4015E-01  0.0000E+00 -1.0000E+00  3.6274E-01  2.4015E-01  1.2259E-01  0.0000E+00
  1.0000E+00  2.8550E+03  1.1896E+02 -2.0574E+00  1.0000E+02  0.0000E+00  0.0000E+00  0.0000E+00  0.0000E+00  0.0000E+00  2.3995E-01  5.5847E+00  3.4635E+00  5.5445E-01  6.9843E+02  1.0000E+00  2.3995E-01  0.0000E+00 -1.0000E+00 -2.0574E+00  2.3995E-01 -2.2974E+00  0.0000E+00
  1.0000E+00  2.8560E+03  1.1900E+02  1.5621E+00  1.0000E+02  0.0000E+00  0.0000E+00  0.0000E+00  0.0000E+00  0.0000E+00  2.3974E-01  5.5800E+00  3.4605E+00  5.5398E-01  6.9867E+02  1.0000E+00  2.3974E-01  0.0000E+00 -1.0000E+00  1.5621E+00  2.3974E-01  1.3223E+00  0.0000E+00
