ID,TIME,DV,AMT,EVID,MDV,II,ADDL,FED,METAB,DOSE,TAD
1,0,0,0.04068348250610252,1,1,24,111,0,1,0.04068348250610252,0
1,0,0,0,0,0,0,0,0,1,0.04068348250610252,0
1,0,0,0,0,0,0,0,0,2,0.04068348250610252,0
1,1,0,0,0,0,0,0,0,1,0.04068348250610252,1
1,1,0,0,0,0,0,0,0,2,0.04068348250610252,1
1,2,0,0,0,0,0,0,0,1,0.04068348250610252,2
1,2,0,0,0,0,0,0,0,2,0.04068348250610252,2
1,3,0,0,0,0,0,0,0,1,0.04068348250610252,3
1,3,0,0,0,0,0,0,0,2,0.04068348250610252,3
1,4,0,0,0,0,0,0,0,1,0.04068348250610252,4
1,4,0,0,0,0,0,0,0,2,0.04068348250610252,4
1,5,0,0,0,0,0,0,0,1,0.04068348250610252,5
1,5,0,0,0,0,0,0,0,2,0.04068348250610252,5
1,6,0,0,0,0,0,0,0,1,0.04068348250610252,6
1,6,0,0,0,0,0,0,0,2,0.04068348250610252,6
1,7,0,0,0,0,0,0,0,1,0.04068348250610252,7
1,7,0,0,0,0,0,0,0,2,0.04068348250610252,7
1,8,0,0,0,0,0,0,0,1,0.04068348250610252,8
1,8,0,0,0,0,0,0,0,2,0.04068348250610252,8
1,9,0,0,0,0,0,0,0,1,0.04068348250610252,9
1,9,0,0,0,0,0,0,0,2,0.04068348250610252,9
1,10,0,0,0,0,0,0,0,1,0.04068348250610252,10
1,10,0,0,0,0,0,0,0,2,0.04068348250610252,10
1,11,0,0,0,0,0,0,0,1,0.04068348250610252,11
1,11,0,0,0,0,0,0,0,2,0.04068348250610252,11
1,12,0,0,0,0,0,0,0,1,0.04068348250610252,12
1,12,0,0,0,0,0,0,0,2,0.04068348250610252,12
1,13,0,0,0,0,0,0,0,1,0.04068348250610252,13
1,13,0,0,0,0,0,0,0,2,0.04068348250610252,13
1,14,0,0,0,0,0,0,0,1,0.04068348250610252,14
1,14,0,0,0,0,0,0,0,2,0.04068348250610252,14
1,15,0,0,0,0,0,0,0,1,0.04068348250610252,15
1,15,0,0,0,0,0,0,0,2,0.04068348250610252,15
1,16,0,0,0,0,0,0,0,1,0.04068348250610252,16
1,16,0,0,0,0,0,0,0,2,0.04068348250610252,16
1,17,0,0,0,0,0,0,0,1,0.04068348250610252,17
1,17,0,0,0,0,0,0,0,2,0.04068348250610252,17
1,18,0,0,0,0,0,0,0,1,0.04068348250610252,18
1,18,0,0,0,0,0,0,0,2,0.04068348250610252,18
1,19,0,0,0,0,0,0,0,1,0.04068348250610252,19
1,19,0,0,0,0,0,0,0,2,0.04068348250610252,19
1,20,0,0,0,0,0,0,0,1,0.04068348250610252,20
1,20,0,0,0,0,0,0,0,2,0.04068348250610252,20
1,21,0,0,0,0,0,0,0,1,0.04068348250610252,21
1,21,0,0,0,0,0,0,0,2,0.04068348250610252,21
1,22,0,0,0,0,0,0,0,1,0.04068348250610252,22
1,22,0,0,0,0,0,0,0,2,0.04068348250610252,22
1,23,0,0,0,0,0,0,0,1,0.04068348250610252,23
1,23,0,0,0,0,0,0,0,2,0.04068348250610252,23
1,24,0,0,0,0,0,0,0,1,0.04068348250610252,0
1,24,0,0,0,0,0,0,0,2,0.04068348250610252,0
1,25,0,0,0,0,0,0,0,1,0.04068348250610252,1
1,25,0,0,0,0,0,0,0,2,0.04068348250610252,1
1,26,0,0,0,0,0,0,0,1,0.04068348250610252,2
1,26,0,0,0,0,0,0,0,2,0.04068348250610252,2
1,27,0,0,0,0,0,0,0,1,0.04068348250610252,3
1,27,0,0,0,0,0,0,0,2,0.04068348250610252,3
1,28,0,0,0,0,0,0,0,1,0.04068348250610252,4
1,28,0,0,0,0,0,0,0,2,0.04068348250610252,4
1,29,0,0,0,0,0,0,0,1,0.04068348250610252,5
1,29,0,0,0,0,0,0,0,2,0.04068348250610252,5
1,30,0,0,0,0,0,0,0,1,0.04068348250610252,6
1,30,0,0,0,0,0,0,0,2,0.04068348250610252,6
1,31,0,0,0,0,0,0,0,1,0.04068348250610252,7
1,31,0,0,0,0,0,0,0,2,0.04068348250610252,7
1,32,0,0,0,0,0,0,0,1,0.04068348250610252,8
1,32,0,0,0,0,0,0,0,2,0.04068348250610252,8
1,33,0,0,0,0,0,0,0,1,0.04068348250610252,9
1,33,0,0,0,0,0,0,0,2,0.04068348250610252,9
1,34,0,0,0,0,0,0,0,1,0.04068348250610252,10
1,34,0,0,0,0,0,0,0,2,0.04068348250610252,10
1,35,0,0,0,0,0,0,0,1,0.04068348250610252,11
1,35,0,0,0,0,0,0,0,2,0.04068348250610252,11
1,36,0,0,0,0,0,0,0,1,0.04068348250610252,12
1,36,0,0,0,0,0,0,0,2,0.04068348250610252,12
1,37,0,0,0,0,0,0,0,1,0.04068348250610252,13
1,37,0,0,0,0,0,0,0,2,0.04068348250610252,13
1,38,0,0,0,0,0,0,0,1,0.04068348250610252,14
1,38,0,0,0,0,0,0,0,2,0.04068348250610252,14
1,39,0,0,0,0,0,0,0,1,0.04068348250610252,15
1,39,0,0,0,0,0,0,0,2,0.04068348250610252,15
1,40,0,0,0,0,0,0,0,1,0.04068348250610252,16
1,40,0,0,0,0,0,0,0,2,0.04068348250610252,16
1,41,0,0,0,0,0,0,0,1,0.04068348250610252,17
1,41,0,0,0,0,0,0,0,2,0.04068348250610252,17
1,42,0,0,0,0,0,0,0,1,0.04068348250610252,18
1,42,0,0,0,0,0,0,0,2,0.04068348250610252,18
1,43,0,0,0,0,0,0,0,1,0.04068348250610252,19
1,43,0,0,0,0,0,0,0,2,0.04068348250610252,19
1,44,0,0,0,0,0,0,0,1,0.04068348250610252,20
1,44,0,0,0,0,0,0,0,2,0.04068348250610252,20
1,45,0,0,0,0,0,0,0,1,0.04068348250610252,21
1,45,0,0,0,0,0,0,0,2,0.04068348250610252,21
1,46,0,0,0,0,0,0,0,1,0.04068348250610252,22
1,46,0,0,0,0,0,0,0,2,0.04068348250610252,22
1,47,0,0,0,0,0,0,0,1,0.04068348250610252,23
1,47,0,0,0,0,0,0,0,2,0.04068348250610252,23
1,48,0,0,0,0,0,0,0,1,0.04068348250610252,0
1,48,0,0,0,0,0,0,0,2,0.04068348250610252,0
1,49,0,0,0,0,0,0,0,1,0.04068348250610252,1
1,49,0,0,0,0,0,0,0,2,0.04068348250610252,1
1,50,0,0,0,0,0,0,0,1,0.04068348250610252,2
1,50,0,0,0,0,0,0,0,2,0.04068348250610252,2
1,51,0,0,0,0,0,0,0,1,0.04068348250610252,3
1,51,0,0,0,0,0,0,0,2,0.04068348250610252,3
1,52,0,0,0,0,0,0,0,1,0.04068348250610252,4
1,52,0,0,0,0,0,0,0,2,0.04068348250610252,4
1,53,0,0,0,0,0,0,0,1,0.04068348250610252,5
1,53,0,0,0,0,0,0,0,2,0.04068348250610252,5
1,54,0,0,0,0,0,0,0,1,0.04068348250610252,6
1,54,0,0,0,0,0,0,0,2,0.04068348250610252,6
1,55,0,0,0,0,0,0,0,1,0.04068348250610252,7
1,55,0,0,0,0,0,0,0,2,0.04068348250610252,7
1,56,0,0,0,0,0,0,0,1,0.04068348250610252,8
1,56,0,0,0,0,0,0,0,2,0.04068348250610252,8
1,57,0,0,0,0,0,0,0,1,0.04068348250610252,9
1,57,0,0,0,0,0,0,0,2,0.04068348250610252,9
1,58,0,0,0,0,0,0,0,1,0.04068348250610252,10
1,58,0,0,0,0,0,0,0,2,0.04068348250610252,10
1,59,0,0,0,0,0,0,0,1,0.04068348250610252,11
1,59,0,0,0,0,0,0,0,2,0.04068348250610252,11
1,60,0,0,0,0,0,0,0,1,0.04068348250610252,12
1,60,0,0,0,0,0,0,0,2,0.04068348250610252,12
1,61,0,0,0,0,0,0,0,1,0.04068348250610252,13
1,61,0,0,0,0,0,0,0,2,0.04068348250610252,13
1,62,0,0,0,0,0,0,0,1,0.04068348250610252,14
1,62,0,0,0,0,0,0,0,2,0.04068348250610252,14
1,63,0,0,0,0,0,0,0,1,0.04068348250610252,15
1,63,0,0,0,0,0,0,0,2,0.04068348250610252,15
1,64,0,0,0,0,0,0,0,1,0.04068348250610252,16
1,64,0,0,0,0,0,0,0,2,0.04068348250610252,16
1,65,0,0,0,0,0,0,0,1,0.04068348250610252,17
1,65,0,0,0,0,0,0,0,2,0.04068348250610252,17
1,66,0,0,0,0,0,0,0,1,0.04068348250610252,18
1,66,0,0,0,0,0,0,0,2,0.04068348250610252,18
1,67,0,0,0,0,0,0,0,1,0.04068348250610252,19
1,67,0,0,0,0,0,0,0,2,0.04068348250610252,19
1,68,0,0,0,0,0,0,0,1,0.04068348250610252,20
1,68,0,0,0,0,0,0,0,2,0.04068348250610252,20
1,69,0,0,0,0,0,0,0,1,0.04068348250610252,21
1,69,0,0,0,0,0,0,0,2,0.04068348250610252,21
1,70,0,0,0,0,0,0,0,1,0.04068348250610252,22
1,70,0,0,0,0,0,0,0,2,0.04068348250610252,22
1,71,0,0,0,0,0,0,0,1,0.04068348250610252,23
1,71,0,0,0,0,0,0,0,2,0.04068348250610252,23
1,72,0,0,0,0,0,0,0,1,0.04068348250610252,0
1,72,0,0,0,0,0,0,0,2,0.04068348250610252,0
1,73,0,0,0,0,0,0,0,1,0.04068348250610252,1
1,73,0,0,0,0,0,0,0,2,0.04068348250610252,1
1,74,0,0,0,0,0,0,0,1,0.04068348250610252,2
1,74,0,0,0,0,0,0,0,2,0.04068348250610252,2
1,75,0,0,0,0,0,0,0,1,0.04068348250610252,3
1,75,0,0,0,0,0,0,0,2,0.04068348250610252,3
1,76,0,0,0,0,0,0,0,1,0.04068348250610252,4
1,76,0,0,0,0,0,0,0,2,0.04068348250610252,4
1,77,0,0,0,0,0,0,0,1,0.04068348250610252,5
1,77,0,0,0,0,0,0,0,2,0.04068348250610252,5
1,78,0,0,0,0,0,0,0,1,0.04068348250610252,6
1,78,0,0,0,0,0,0,0,2,0.04068348250610252,6
1,79,0,0,0,0,0,0,0,1,0.04068348250610252,7
1,79,0,0,0,0,0,0,0,2,0.04068348250610252,7
1,80,0,0,0,0,0,0,0,1,0.04068348250610252,8
1,80,0,0,0,0,0,0,0,2,0.04068348250610252,8
1,81,0,0,0,0,0,0,0,1,0.04068348250610252,9
1,81,0,0,0,0,0,0,0,2,0.04068348250610252,9
1,82,0,0,0,0,0,0,0,1,0.04068348250610252,10
1,82,0,0,0,0,0,0,0,2,0.04068348250610252,10
1,83,0,0,0,0,0,0,0,1,0.04068348250610252,11
1,83,0,0,0,0,0,0,0,2,0.04068348250610252,11
1,84,0,0,0,0,0,0,0,1,0.04068348250610252,12
1,84,0,0,0,0,0,0,0,2,0.04068348250610252,12
1,85,0,0,0,0,0,0,0,1,0.04068348250610252,13
1,85,0,0,0,0,0,0,0,2,0.04068348250610252,13
1,86,0,0,0,0,0,0,0,1,0.04068348250610252,14
1,86,0,0,0,0,0,0,0,2,0.04068348250610252,14
1,87,0,0,0,0,0,0,0,1,0.04068348250610252,15
1,87,0,0,0,0,0,0,0,2,0.04068348250610252,15
1,88,0,0,0,0,0,0,0,1,0.04068348250610252,16
1,88,0,0,0,0,0,0,0,2,0.04068348250610252,16
1,89,0,0,0,0,0,0,0,1,0.04068348250610252,17
1,89,0,0,0,0,0,0,0,2,0.04068348250610252,17
1,90,0,0,0,0,0,0,0,1,0.04068348250610252,18
1,90,0,0,0,0,0,0,0,2,0.04068348250610252,18
1,91,0,0,0,0,0,0,0,1,0.04068348250610252,19
1,91,0,0,0,0,0,0,0,2,0.04068348250610252,19
1,92,0,0,0,0,0,0,0,1,0.04068348250610252,20
1,92,0,0,0,0,0,0,0,2,0.04068348250610252,20
1,93,0,0,0,0,0,0,0,1,0.04068348250610252,21
1,93,0,0,0,0,0,0,0,2,0.04068348250610252,21
1,94,0,0,0,0,0,0,0,1,0.04068348250610252,22
1,94,0,0,0,0,0,0,0,2,0.04068348250610252,22
1,95,0,0,0,0,0,0,0,1,0.04068348250610252,23
1,95,0,0,0,0,0,0,0,2,0.04068348250610252,23
1,96,0,0,0,0,0,0,0,1,0.04068348250610252,0
1,96,0,0,0,0,0,0,0,2,0.04068348250610252,0
1,97,0,0,0,0,0,0,0,1,0.04068348250610252,1
1,97,0,0,0,0,0,0,0,2,0.04068348250610252,1
1,98,0,0,0,0,0,0,0,1,0.04068348250610252,2
1,98,0,0,0,0,0,0,0,2,0.04068348250610252,2
1,99,0,0,0,0,0,0,0,1,0.04068348250610252,3
1,99,0,0,0,0,0,0,0,2,0.04068348250610252,3
1,100,0,0,0,0,0,0,0,1,0.04068348250610252,4
1,100,0,0,0,0,0,0,0,2,0.04068348250610252,4
1,101,0,0,0,0,0,0,0,1,0.04068348250610252,5
1,101,0,0,0,0,0,0,0,2,0.04068348250610252,5
1,102,0,0,0,0,0,0,0,1,0.04068348250610252,6
1,102,0,0,0,0,0,0,0,2,0.04068348250610252,6
1,103,0,0,0,0,0,0,0,1,0.04068348250610252,7
1,103,0,0,0,0,0,0,0,2,0.04068348250610252,7
1,104,0,0,0,0,0,0,0,1,0.04068348250610252,8
1,104,0,0,0,0,0,0,0,2,0.04068348250610252,8
1,105,0,0,0,0,0,0,0,1,0.04068348250610252,9
1,105,0,0,0,0,0,0,0,2,0.04068348250610252,9
1,106,0,0,0,0,0,0,0,1,0.04068348250610252,10
1,106,0,0,0,0,0,0,0,2,0.04068348250610252,10
1,107,0,0,0,0,0,0,0,1,0.04068348250610252,11
1,107,0,0,0,0,0,0,0,2,0.04068348250610252,11
1,108,0,0,0,0,0,0,0,1,0.04068348250610252,12
1,108,0,0,0,0,0,0,0,2,0.04068348250610252,12
1,109,0,0,0,0,0,0,0,1,0.04068348250610252,13
1,109,0,0,0,0,0,0,0,2,0.04068348250610252,13
1,110,0,0,0,0,0,0,0,1,0.04068348250610252,14
1,110,0,0,0,0,0,0,0,2,0.04068348250610252,14
1,111,0,0,0,0,0,0,0,1,0.04068348250610252,15
1,111,0,0,0,0,0,0,0,2,0.04068348250610252,15
1,112,0,0,0,0,0,0,0,1,0.04068348250610252,16
1,112,0,0,0,0,0,0,0,2,0.04068348250610252,16
1,113,0,0,0,0,0,0,0,1,0.04068348250610252,17
1,113,0,0,0,0,0,0,0,2,0.04068348250610252,17
1,114,0,0,0,0,0,0,0,1,0.04068348250610252,18
1,114,0,0,0,0,0,0,0,2,0.04068348250610252,18
1,115,0,0,0,0,0,0,0,1,0.04068348250610252,19
1,115,0,0,0,0,0,0,0,2,0.04068348250610252,19
1,116,0,0,0,0,0,0,0,1,0.04068348250610252,20
1,116,0,0,0,0,0,0,0,2,0.04068348250610252,20
1,117,0,0,0,0,0,0,0,1,0.04068348250610252,21
1,117,0,0,0,0,0,0,0,2,0.04068348250610252,21
1,118,0,0,0,0,0,0,0,1,0.04068348250610252,22
1,118,0,0,0,0,0,0,0,2,0.04068348250610252,22
1,119,0,0,0,0,0,0,0,1,0.04068348250610252,23
1,119,0,0,0,0,0,0,0,2,0.04068348250610252,23
1,120,0,0,0,0,0,0,0,1,0.04068348250610252,0
1,120,0,0,0,0,0,0,0,2,0.04068348250610252,0
1,121,0,0,0,0,0,0,0,1,0.04068348250610252,1
1,121,0,0,0,0,0,0,0,2,0.04068348250610252,1
1,122,0,0,0,0,0,0,0,1,0.04068348250610252,2
1,122,0,0,0,0,0,0,0,2,0.04068348250610252,2
1,123,0,0,0,0,0,0,0,1,0.04068348250610252,3
1,123,0,0,0,0,0,0,0,2,0.04068348250610252,3
1,124,0,0,0,0,0,0,0,1,0.04068348250610252,4
1,124,0,0,0,0,0,0,0,2,0.04068348250610252,4
1,125,0,0,0,0,0,0,0,1,0.04068348250610252,5
1,125,0,0,0,0,0,0,0,2,0.04068348250610252,5
1,126,0,0,0,0,0,0,0,1,0.04068348250610252,6
1,126,0,0,0,0,0,0,0,2,0.04068348250610252,6
1,127,0,0,0,0,0,0,0,1,0.04068348250610252,7
1,127,0,0,0,0,0,0,0,2,0.04068348250610252,7
1,128,0,0,0,0,0,0,0,1,0.04068348250610252,8
1,128,0,0,0,0,0,0,0,2,0.04068348250610252,8
1,129,0,0,0,0,0,0,0,1,0.04068348250610252,9
1,129,0,0,0,0,0,0,0,2,0.04068348250610252,9
1,130,0,0,0,0,0,0,0,1,0.04068348250610252,10
1,130,0,0,0,0,0,0,0,2,0.04068348250610252,10
1,131,0,0,0,0,0,0,0,1,0.04068348250610252,11
1,131,0,0,0,0,0,0,0,2,0.04068348250610252,11
1,132,0,0,0,0,0,0,0,1,0.04068348250610252,12
1,132,0,0,0,0,0,0,0,2,0.04068348250610252,12
1,133,0,0,0,0,0,0,0,1,0.04068348250610252,13
1,133,0,0,0,0,0,0,0,2,0.04068348250610252,13
1,134,0,0,0,0,0,0,0,1,0.04068348250610252,14
1,134,0,0,0,0,0,0,0,2,0.04068348250610252,14
1,135,0,0,0,0,0,0,0,1,0.04068348250610252,15
1,135,0,0,0,0,0,0,0,2,0.04068348250610252,15
1,136,0,0,0,0,0,0,0,1,0.04068348250610252,16
1,136,0,0,0,0,0,0,0,2,0.04068348250610252,16
1,137,0,0,0,0,0,0,0,1,0.04068348250610252,17
1,137,0,0,0,0,0,0,0,2,0.04068348250610252,17
1,138,0,0,0,0,0,0,0,1,0.04068348250610252,18
1,138,0,0,0,0,0,0,0,2,0.04068348250610252,18
1,139,0,0,0,0,0,0,0,1,0.04068348250610252,19
1,139,0,0,0,0,0,0,0,2,0.04068348250610252,19
1,140,0,0,0,0,0,0,0,1,0.04068348250610252,20
1,140,0,0,0,0,0,0,0,2,0.04068348250610252,20
1,141,0,0,0,0,0,0,0,1,0.04068348250610252,21
1,141,0,0,0,0,0,0,0,2,0.04068348250610252,21
1,142,0,0,0,0,0,0,0,1,0.04068348250610252,22
1,142,0,0,0,0,0,0,0,2,0.04068348250610252,22
1,143,0,0,0,0,0,0,0,1,0.04068348250610252,23
1,143,0,0,0,0,0,0,0,2,0.04068348250610252,23
1,144,0,0,0,0,0,0,0,1,0.04068348250610252,0
1,144,0,0,0,0,0,0,0,2,0.04068348250610252,0
1,145,0,0,0,0,0,0,0,1,0.04068348250610252,1
1,145,0,0,0,0,0,0,0,2,0.04068348250610252,1
1,146,0,0,0,0,0,0,0,1,0.04068348250610252,2
1,146,0,0,0,0,0,0,0,2,0.04068348250610252,2
1,147,0,0,0,0,0,0,0,1,0.04068348250610252,3
1,147,0,0,0,0,0,0,0,2,0.04068348250610252,3
1,148,0,0,0,0,0,0,0,1,0.04068348250610252,4
1,148,0,0,0,0,0,0,0,2,0.04068348250610252,4
1,149,0,0,0,0,0,0,0,1,0.04068348250610252,5
1,149,0,0,0,0,0,0,0,2,0.04068348250610252,5
1,150,0,0,0,0,0,0,0,1,0.04068348250610252,6
1,150,0,0,0,0,0,0,0,2,0.04068348250610252,6
1,151,0,0,0,0,0,0,0,1,0.04068348250610252,7
1,151,0,0,0,0,0,0,0,2,0.04068348250610252,7
1,152,0,0,0,0,0,0,0,1,0.04068348250610252,8
1,152,0,0,0,0,0,0,0,2,0.04068348250610252,8
1,153,0,0,0,0,0,0,0,1,0.04068348250610252,9
1,153,0,0,0,0,0,0,0,2,0.04068348250610252,9
1,154,0,0,0,0,0,0,0,1,0.04068348250610252,10
1,154,0,0,0,0,0,0,0,2,0.04068348250610252,10
1,155,0,0,0,0,0,0,0,1,0.04068348250610252,11
1,155,0,0,0,0,0,0,0,2,0.04068348250610252,11
1,156,0,0,0,0,0,0,0,1,0.04068348250610252,12
1,156,0,0,0,0,0,0,0,2,0.04068348250610252,12
1,157,0,0,0,0,0,0,0,1,0.04068348250610252,13
1,157,0,0,0,0,0,0,0,2,0.04068348250610252,13
1,158,0,0,0,0,0,0,0,1,0.04068348250610252,14
1,158,0,0,0,0,0,0,0,2,0.04068348250610252,14
1,159,0,0,0,0,0,0,0,1,0.04068348250610252,15
1,159,0,0,0,0,0,0,0,2,0.04068348250610252,15
1,160,0,0,0,0,0,0,0,1,0.04068348250610252,16
1,160,0,0,0,0,0,0,0,2,0.04068348250610252,16
1,161,0,0,0,0,0,0,0,1,0.04068348250610252,17
1,161,0,0,0,0,0,0,0,2,0.04068348250610252,17
1,162,0,0,0,0,0,0,0,1,0.04068348250610252,18
1,162,0,0,0,0,0,0,0,2,0.04068348250610252,18
1,163,0,0,0,0,0,0,0,1,0.04068348250610252,19
1,163,0,0,0,0,0,0,0,2,0.04068348250610252,19
1,164,0,0,0,0,0,0,0,1,0.04068348250610252,20
1,164,0,0,0,0,0,0,0,2,0.04068348250610252,20
1,165,0,0,0,0,0,0,0,1,0.04068348250610252,21
1,165,0,0,0,0,0,0,0,2,0.04068348250610252,21
1,166,0,0,0,0,0,0,0,1,0.04068348250610252,22
1,166,0,0,0,0,0,0,0,2,0.04068348250610252,22
1,167,0,0,0,0,0,0,0,1,0.04068348250610252,23
1,167,0,0,0,0,0,0,0,2,0.04068348250610252,23
1,168,0,0,0,0,0,0,0,1,0.04068348250610252,0
1,168,0,0,0,0,0,0,0,2,0.04068348250610252,0
1,169,0,0,0,0,0,0,0,1,0.04068348250610252,1
1,169,0,0,0,0,0,0,0,2,0.04068348250610252,1
1,170,0,0,0,0,0,0,0,1,0.04068348250610252,2
1,170,0,0,0,0,0,0,0,2,0.04068348250610252,2
1,171,0,0,0,0,0,0,0,1,0.04068348250610252,3
1,171,0,0,0,0,0,0,0,2,0.04068348250610252,3
1,172,0,0,0,0,0,0,0,1,0.04068348250610252,4
1,172,0,0,0,0,0,0,0,2,0.04068348250610252,4
1,173,0,0,0,0,0,0,0,1,0.04068348250610252,5
1,173,0,0,0,0,0,0,0,2,0.04068348250610252,5
1,174,0,0,0,0,0,0,0,1,0.04068348250610252,6
1,174,0,0,0,0,0,0,0,2,0.04068348250610252,6
1,175,0,0,0,0,0,0,0,1,0.04068348250610252,7
1,175,0,0,0,0,0,0,0,2,0.04068348250610252,7
1,176,0,0,0,0,0,0,0,1,0.04068348250610252,8
1,176,0,0,0,0,0,0,0,2,0.04068348250610252,8
1,177,0,0,0,0,0,0,0,1,0.04068348250610252,9
1,177,0,0,0,0,0,0,0,2,0.04068348250610252,9
1,178,0,0,0,0,0,0,0,1,0.04068348250610252,10
1,178,0,0,0,0,0,0,0,2,0.04068348250610252,10
1,179,0,0,0,0,0,0,0,1,0.04068348250610252,11
1,179,0,0,0,0,0,0,0,2,0.04068348250610252,11
1,180,0,0,0,0,0,0,0,1,0.04068348250610252,12
1,180,0,0,0,0,0,0,0,2,0.04068348250610252,12
1,181,0,0,0,0,0,0,0,1,0.04068348250610252,13
1,181,0,0,0,0,0,0,0,2,0.04068348250610252,13
1,182,0,0,0,0,0,0,0,1,0.04068348250610252,14
1,182,0,0,0,0,0,0,0,2,0.04068348250610252,14
1,183,0,0,0,0,0,0,0,1,0.04068348250610252,15
1,183,0,0,0,0,0,0,0,2,0.04068348250610252,15
1,184,0,0,0,0,0,0,0,1,0.04068348250610252,16
1,184,0,0,0,0,0,0,0,2,0.04068348250610252,16
1,185,0,0,0,0,0,0,0,1,0.04068348250610252,17
1,185,0,0,0,0,0,0,0,2,0.04068348250610252,17
1,186,0,0,0,0,0,0,0,1,0.04068348250610252,18
1,186,0,0,0,0,0,0,0,2,0.04068348250610252,18
1,187,0,0,0,0,0,0,0,1,0.04068348250610252,19
1,187,0,0,0,0,0,0,0,2,0.04068348250610252,19
1,188,0,0,0,0,0,0,0,1,0.04068348250610252,20
1,188,0,0,0,0,0,0,0,2,0.04068348250610252,20
1,189,0,0,0,0,0,0,0,1,0.04068348250610252,21
1,189,0,0,0,0,0,0,0,2,0.04068348250610252,21
1,190,0,0,0,0,0,0,0,1,0.04068348250610252,22
1,190,0,0,0,0,0,0,0,2,0.04068348250610252,22
1,191,0,0,0,0,0,0,0,1,0.04068348250610252,23
1,191,0,0,0,0,0,0,0,2,0.04068348250610252,23
1,192,0,0,0,0,0,0,0,1,0.04068348250610252,0
1,192,0,0,0,0,0,0,0,2,0.04068348250610252,0
1,193,0,0,0,0,0,0,0,1,0.04068348250610252,1
1,193,0,0,0,0,0,0,0,2,0.04068348250610252,1
1,194,0,0,0,0,0,0,0,1,0.04068348250610252,2
1,194,0,0,0,0,0,0,0,2,0.04068348250610252,2
1,195,0,0,0,0,0,0,0,1,0.04068348250610252,3
1,195,0,0,0,0,0,0,0,2,0.04068348250610252,3
1,196,0,0,0,0,0,0,0,1,0.04068348250610252,4
1,196,0,0,0,0,0,0,0,2,0.04068348250610252,4
1,197,0,0,0,0,0,0,0,1,0.04068348250610252,5
1,197,0,0,0,0,0,0,0,2,0.04068348250610252,5
1,198,0,0,0,0,0,0,0,1,0.04068348250610252,6
1,198,0,0,0,0,0,0,0,2,0.04068348250610252,6
1,199,0,0,0,0,0,0,0,1,0.04068348250610252,7
1,199,0,0,0,0,0,0,0,2,0.04068348250610252,7
1,200,0,0,0,0,0,0,0,1,0.04068348250610252,8
1,200,0,0,0,0,0,0,0,2,0.04068348250610252,8
1,201,0,0,0,0,0,0,0,1,0.04068348250610252,9
1,201,0,0,0,0,0,0,0,2,0.04068348250610252,9
1,202,0,0,0,0,0,0,0,1,0.04068348250610252,10
1,202,0,0,0,0,0,0,0,2,0.04068348250610252,10
1,203,0,0,0,0,0,0,0,1,0.04068348250610252,11
1,203,0,0,0,0,0,0,0,2,0.04068348250610252,11
1,204,0,0,0,0,0,0,0,1,0.04068348250610252,12
1,204,0,0,0,0,0,0,0,2,0.04068348250610252,12
1,205,0,0,0,0,0,0,0,1,0.04068348250610252,13
1,205,0,0,0,0,0,0,0,2,0.04068348250610252,13
1,206,0,0,0,0,0,0,0,1,0.04068348250610252,14
1,206,0,0,0,0,0,0,0,2,0.04068348250610252,14
1,207,0,0,0,0,0,0,0,1,0.04068348250610252,15
1,207,0,0,0,0,0,0,0,2,0.04068348250610252,15
1,208,0,0,0,0,0,0,0,1,0.04068348250610252,16
1,208,0,0,0,0,0,0,0,2,0.04068348250610252,16
1,209,0,0,0,0,0,0,0,1,0.04068348250610252,17
1,209,0,0,0,0,0,0,0,2,0.04068348250610252,17
1,210,0,0,0,0,0,0,0,1,0.04068348250610252,18
1,210,0,0,0,0,0,0,0,2,0.04068348250610252,18
1,211,0,0,0,0,0,0,0,1,0.04068348250610252,19
1,211,0,0,0,0,0,0,0,2,0.04068348250610252,19
1,212,0,0,0,0,0,0,0,1,0.04068348250610252,20
1,212,0,0,0,0,0,0,0,2,0.04068348250610252,20
1,213,0,0,0,0,0,0,0,1,0.04068348250610252,21
1,213,0,0,0,0,0,0,0,2,0.04068348250610252,21
1,214,0,0,0,0,0,0,0,1,0.04068348250610252,22
1,214,0,0,0,0,0,0,0,2,0.04068348250610252,22
1,215,0,0,0,0,0,0,0,1,0.04068348250610252,23
1,215,0,0,0,0,0,0,0,2,0.04068348250610252,23
1,216,0,0,0,0,0,0,0,1,0.04068348250610252,0
1,216,0,0,0,0,0,0,0,2,0.04068348250610252,0
1,217,0,0,0,0,0,0,0,1,0.04068348250610252,1
1,217,0,0,0,0,0,0,0,2,0.04068348250610252,1
1,218,0,0,0,0,0,0,0,1,0.04068348250610252,2
1,218,0,0,0,0,0,0,0,2,0.04068348250610252,2
1,219,0,0,0,0,0,0,0,1,0.04068348250610252,3
1,219,0,0,0,0,0,0,0,2,0.04068348250610252,3
1,220,0,0,0,0,0,0,0,1,0.04068348250610252,4
1,220,0,0,0,0,0,0,0,2,0.04068348250610252,4
1,221,0,0,0,0,0,0,0,1,0.04068348250610252,5
1,221,0,0,0,0,0,0,0,2,0.04068348250610252,5
1,222,0,0,0,0,0,0,0,1,0.04068348250610252,6
1,222,0,0,0,0,0,0,0,2,0.04068348250610252,6
1,223,0,0,0,0,0,0,0,1,0.04068348250610252,7
1,223,0,0,0,0,0,0,0,2,0.04068348250610252,7
1,224,0,0,0,0,0,0,0,1,0.04068348250610252,8
1,224,0,0,0,0,0,0,0,2,0.04068348250610252,8
1,225,0,0,0,0,0,0,0,1,0.04068348250610252,9
1,225,0,0,0,0,0,0,0,2,0.04068348250610252,9
1,226,0,0,0,0,0,0,0,1,0.04068348250610252,10
1,226,0,0,0,0,0,0,0,2,0.04068348250610252,10
1,227,0,0,0,0,0,0,0,1,0.04068348250610252,11
1,227,0,0,0,0,0,0,0,2,0.04068348250610252,11
1,228,0,0,0,0,0,0,0,1,0.04068348250610252,12
1,228,0,0,0,0,0,0,0,2,0.04068348250610252,12
1,229,0,0,0,0,0,0,0,1,0.04068348250610252,13
1,229,0,0,0,0,0,0,0,2,0.04068348250610252,13
1,230,0,0,0,0,0,0,0,1,0.04068348250610252,14
1,230,0,0,0,0,0,0,0,2,0.04068348250610252,14
1,231,0,0,0,0,0,0,0,1,0.04068348250610252,15
1,231,0,0,0,0,0,0,0,2,0.04068348250610252,15
1,232,0,0,0,0,0,0,0,1,0.04068348250610252,16
1,232,0,0,0,0,0,0,0,2,0.04068348250610252,16
1,233,0,0,0,0,0,0,0,1,0.04068348250610252,17
1,233,0,0,0,0,0,0,0,2,0.04068348250610252,17
1,234,0,0,0,0,0,0,0,1,0.04068348250610252,18
1,234,0,0,0,0,0,0,0,2,0.04068348250610252,18
1,235,0,0,0,0,0,0,0,1,0.04068348250610252,19
1,235,0,0,0,0,0,0,0,2,0.04068348250610252,19
1,236,0,0,0,0,0,0,0,1,0.04068348250610252,20
1,236,0,0,0,0,0,0,0,2,0.04068348250610252,20
1,237,0,0,0,0,0,0,0,1,0.04068348250610252,21
1,237,0,0,0,0,0,0,0,2,0.04068348250610252,21
1,238,0,0,0,0,0,0,0,1,0.04068348250610252,22
1,238,0,0,0,0,0,0,0,2,0.04068348250610252,22
1,239,0,0,0,0,0,0,0,1,0.04068348250610252,23
1,239,0,0,0,0,0,0,0,2,0.04068348250610252,23
1,240,0,0,0,0,0,0,0,1,0.04068348250610252,0
1,240,0,0,0,0,0,0,0,2,0.04068348250610252,0
1,241,0,0,0,0,0,0,0,1,0.04068348250610252,1
1,241,0,0,0,0,0,0,0,2,0.04068348250610252,1
1,242,0,0,0,0,0,0,0,1,0.04068348250610252,2
1,242,0,0,0,0,0,0,0,2,0.04068348250610252,2
1,243,0,0,0,0,0,0,0,1,0.04068348250610252,3
1,243,0,0,0,0,0,0,0,2,0.04068348250610252,3
1,244,0,0,0,0,0,0,0,1,0.04068348250610252,4
1,244,0,0,0,0,0,0,0,2,0.04068348250610252,4
1,245,0,0,0,0,0,0,0,1,0.04068348250610252,5
1,245,0,0,0,0,0,0,0,2,0.04068348250610252,5
1,246,0,0,0,0,0,0,0,1,0.04068348250610252,6
1,246,0,0,0,0,0,0,0,2,0.04068348250610252,6
1,247,0,0,0,0,0,0,0,1,0.04068348250610252,7
1,247,0,0,0,0,0,0,0,2,0.04068348250610252,7
1,248,0,0,0,0,0,0,0,1,0.04068348250610252,8
1,248,0,0,0,0,0,0,0,2,0.04068348250610252,8
1,249,0,0,0,0,0,0,0,1,0.04068348250610252,9
1,249,0,0,0,0,0,0,0,2,0.04068348250610252,9
1,250,0,0,0,0,0,0,0,1,0.04068348250610252,10
1,250,0,0,0,0,0,0,0,2,0.04068348250610252,10
1,251,0,0,0,0,0,0,0,1,0.04068348250610252,11
1,251,0,0,0,0,0,0,0,2,0.04068348250610252,11
1,252,0,0,0,0,0,0,0,1,0.04068348250610252,12
1,252,0,0,0,0,0,0,0,2,0.04068348250610252,12
1,253,0,0,0,0,0,0,0,1,0.04068348250610252,13
1,253,0,0,0,0,0,0,0,2,0.04068348250610252,13
1,254,0,0,0,0,0,0,0,1,0.04068348250610252,14
1,254,0,0,0,0,0,0,0,2,0.04068348250610252,14
1,255,0,0,0,0,0,0,0,1,0.04068348250610252,15
1,255,0,0,0,0,0,0,0,2,0.04068348250610252,15
1,256,0,0,0,0,0,0,0,1,0.04068348250610252,16
1,256,0,0,0,0,0,0,0,2,0.04068348250610252,16
1,257,0,0,0,0,0,0,0,1,0.04068348250610252,17
1,257,0,0,0,0,0,0,0,2,0.04068348250610252,17
1,258,0,0,0,0,0,0,0,1,0.04068348250610252,18
1,258,0,0,0,0,0,0,0,2,0.04068348250610252,18
1,259,0,0,0,0,0,0,0,1,0.04068348250610252,19
1,259,0,0,0,0,0,0,0,2,0.04068348250610252,19
1,260,0,0,0,0,0,0,0,1,0.04068348250610252,20
1,260,0,0,0,0,0,0,0,2,0.04068348250610252,20
1,261,0,0,0,0,0,0,0,1,0.04068348250610252,21
1,261,0,0,0,0,0,0,0,2,0.04068348250610252,21
1,262,0,0,0,0,0,0,0,1,0.04068348250610252,22
1,262,0,0,0,0,0,0,0,2,0.04068348250610252,22
1,263,0,0,0,0,0,0,0,1,0.04068348250610252,23
1,263,0,0,0,0,0,0,0,2,0.04068348250610252,23
1,264,0,0,0,0,0,0,0,1,0.04068348250610252,0
1,264,0,0,0,0,0,0,0,2,0.04068348250610252,0
1,265,0,0,0,0,0,0,0,1,0.04068348250610252,1
1,265,0,0,0,0,0,0,0,2,0.04068348250610252,1
1,266,0,0,0,0,0,0,0,1,0.04068348250610252,2
1,266,0,0,0,0,0,0,0,2,0.04068348250610252,2
1,267,0,0,0,0,0,0,0,1,0.04068348250610252,3
1,267,0,0,0,0,0,0,0,2,0.04068348250610252,3
1,268,0,0,0,0,0,0,0,1,0.04068348250610252,4
1,268,0,0,0,0,0,0,0,2,0.04068348250610252,4
1,269,0,0,0,0,0,0,0,1,0.04068348250610252,5
1,269,0,0,0,0,0,0,0,2,0.04068348250610252,5
1,270,0,0,0,0,0,0,0,1,0.04068348250610252,6
1,270,0,0,0,0,0,0,0,2,0.04068348250610252,6
1,271,0,0,0,0,0,0,0,1,0.04068348250610252,7
1,271,0,0,0,0,0,0,0,2,0.04068348250610252,7
1,272,0,0,0,0,0,0,0,1,0.04068348250610252,8
1,272,0,0,0,0,0,0,0,2,0.04068348250610252,8
1,273,0,0,0,0,0,0,0,1,0.04068348250610252,9
1,273,0,0,0,0,0,0,0,2,0.04068348250610252,9
1,274,0,0,0,0,0,0,0,1,0.04068348250610252,10
1,274,0,0,0,0,0,0,0,2,0.04068348250610252,10
1,275,0,0,0,0,0,0,0,1,0.04068348250610252,11
1,275,0,0,0,0,0,0,0,2,0.04068348250610252,11
1,276,0,0,0,0,0,0,0,1,0.04068348250610252,12
1,276,0,0,0,0,0,0,0,2,0.04068348250610252,12
1,277,0,0,0,0,0,0,0,1,0.04068348250610252,13
1,277,0,0,0,0,0,0,0,2,0.04068348250610252,13
1,278,0,0,0,0,0,0,0,1,0.04068348250610252,14
1,278,0,0,0,0,0,0,0,2,0.04068348250610252,14
1,279,0,0,0,0,0,0,0,1,0.04068348250610252,15
1,279,0,0,0,0,0,0,0,2,0.04068348250610252,15
1,280,0,0,0,0,0,0,0,1,0.04068348250610252,16
1,280,0,0,0,0,0,0,0,2,0.04068348250610252,16
1,281,0,0,0,0,0,0,0,1,0.04068348250610252,17
1,281,0,0,0,0,0,0,0,2,0.04068348250610252,17
1,282,0,0,0,0,0,0,0,1,0.04068348250610252,18
1,282,0,0,0,0,0,0,0,2,0.04068348250610252,18
1,283,0,0,0,0,0,0,0,1,0.04068348250610252,19
1,283,0,0,0,0,0,0,0,2,0.04068348250610252,19
1,284,0,0,0,0,0,0,0,1,0.04068348250610252,20
1,284,0,0,0,0,0,0,0,2,0.04068348250610252,20
1,285,0,0,0,0,0,0,0,1,0.04068348250610252,21
1,285,0,0,0,0,0,0,0,2,0.04068348250610252,21
1,286,0,0,0,0,0,0,0,1,0.04068348250610252,22
1,286,0,0,0,0,0,0,0,2,0.04068348250610252,22
1,287,0,0,0,0,0,0,0,1,0.04068348250610252,23
1,287,0,0,0,0,0,0,0,2,0.04068348250610252,23
1,288,0,0,0,0,0,0,0,1,0.04068348250610252,0
1,288,0,0,0,0,0,0,0,2,0.04068348250610252,0
1,289,0,0,0,0,0,0,0,1,0.04068348250610252,1
1,289,0,0,0,0,0,0,0,2,0.04068348250610252,1
1,290,0,0,0,0,0,0,0,1,0.04068348250610252,2
1,290,0,0,0,0,0,0,0,2,0.04068348250610252,2
1,291,0,0,0,0,0,0,0,1,0.04068348250610252,3
1,291,0,0,0,0,0,0,0,2,0.04068348250610252,3
1,292,0,0,0,0,0,0,0,1,0.04068348250610252,4
1,292,0,0,0,0,0,0,0,2,0.04068348250610252,4
1,293,0,0,0,0,0,0,0,1,0.04068348250610252,5
1,293,0,0,0,0,0,0,0,2,0.04068348250610252,5
1,294,0,0,0,0,0,0,0,1,0.04068348250610252,6
1,294,0,0,0,0,0,0,0,2,0.04068348250610252,6
1,295,0,0,0,0,0,0,0,1,0.04068348250610252,7
1,295,0,0,0,0,0,0,0,2,0.04068348250610252,7
1,296,0,0,0,0,0,0,0,1,0.04068348250610252,8
1,296,0,0,0,0,0,0,0,2,0.04068348250610252,8
1,297,0,0,0,0,0,0,0,1,0.04068348250610252,9
1,297,0,0,0,0,0,0,0,2,0.04068348250610252,9
1,298,0,0,0,0,0,0,0,1,0.04068348250610252,10
1,298,0,0,0,0,0,0,0,2,0.04068348250610252,10
1,299,0,0,0,0,0,0,0,1,0.04068348250610252,11
1,299,0,0,0,0,0,0,0,2,0.04068348250610252,11
1,300,0,0,0,0,0,0,0,1,0.04068348250610252,12
1,300,0,0,0,0,0,0,0,2,0.04068348250610252,12
1,301,0,0,0,0,0,0,0,1,0.04068348250610252,13
1,301,0,0,0,0,0,0,0,2,0.04068348250610252,13
1,302,0,0,0,0,0,0,0,1,0.04068348250610252,14
1,302,0,0,0,0,0,0,0,2,0.04068348250610252,14
1,303,0,0,0,0,0,0,0,1,0.04068348250610252,15
1,303,0,0,0,0,0,0,0,2,0.04068348250610252,15
1,304,0,0,0,0,0,0,0,1,0.04068348250610252,16
1,304,0,0,0,0,0,0,0,2,0.04068348250610252,16
1,305,0,0,0,0,0,0,0,1,0.04068348250610252,17
1,305,0,0,0,0,0,0,0,2,0.04068348250610252,17
1,306,0,0,0,0,0,0,0,1,0.04068348250610252,18
1,306,0,0,0,0,0,0,0,2,0.04068348250610252,18
1,307,0,0,0,0,0,0,0,1,0.04068348250610252,19
1,307,0,0,0,0,0,0,0,2,0.04068348250610252,19
1,308,0,0,0,0,0,0,0,1,0.04068348250610252,20
1,308,0,0,0,0,0,0,0,2,0.04068348250610252,20
1,309,0,0,0,0,0,0,0,1,0.04068348250610252,21
1,309,0,0,0,0,0,0,0,2,0.04068348250610252,21
1,310,0,0,0,0,0,0,0,1,0.04068348250610252,22
1,310,0,0,0,0,0,0,0,2,0.04068348250610252,22
1,311,0,0,0,0,0,0,0,1,0.04068348250610252,23
1,311,0,0,0,0,0,0,0,2,0.04068348250610252,23
1,312,0,0,0,0,0,0,0,1,0.04068348250610252,0
1,312,0,0,0,0,0,0,0,2,0.04068348250610252,0
1,313,0,0,0,0,0,0,0,1,0.04068348250610252,1
1,313,0,0,0,0,0,0,0,2,0.04068348250610252,1
1,314,0,0,0,0,0,0,0,1,0.04068348250610252,2
1,314,0,0,0,0,0,0,0,2,0.04068348250610252,2
1,315,0,0,0,0,0,0,0,1,0.04068348250610252,3
1,315,0,0,0,0,0,0,0,2,0.04068348250610252,3
1,316,0,0,0,0,0,0,0,1,0.04068348250610252,4
1,316,0,0,0,0,0,0,0,2,0.04068348250610252,4
1,317,0,0,0,0,0,0,0,1,0.04068348250610252,5
1,317,0,0,0,0,0,0,0,2,0.04068348250610252,5
1,318,0,0,0,0,0,0,0,1,0.04068348250610252,6
1,318,0,0,0,0,0,0,0,2,0.04068348250610252,6
1,319,0,0,0,0,0,0,0,1,0.04068348250610252,7
1,319,0,0,0,0,0,0,0,2,0.04068348250610252,7
1,320,0,0,0,0,0,0,0,1,0.04068348250610252,8
1,320,0,0,0,0,0,0,0,2,0.04068348250610252,8
1,321,0,0,0,0,0,0,0,1,0.04068348250610252,9
1,321,0,0,0,0,0,0,0,2,0.04068348250610252,9
1,322,0,0,0,0,0,0,0,1,0.04068348250610252,10
1,322,0,0,0,0,0,0,0,2,0.04068348250610252,10
1,323,0,0,0,0,0,0,0,1,0.04068348250610252,11
1,323,0,0,0,0,0,0,0,2,0.04068348250610252,11
1,324,0,0,0,0,0,0,0,1,0.04068348250610252,12
1,324,0,0,0,0,0,0,0,2,0.04068348250610252,12
1,325,0,0,0,0,0,0,0,1,0.04068348250610252,13
1,325,0,0,0,0,0,0,0,2,0.04068348250610252,13
1,326,0,0,0,0,0,0,0,1,0.04068348250610252,14
1,326,0,0,0,0,0,0,0,2,0.04068348250610252,14
1,327,0,0,0,0,0,0,0,1,0.04068348250610252,15
1,327,0,0,0,0,0,0,0,2,0.04068348250610252,15
1,328,0,0,0,0,0,0,0,1,0.04068348250610252,16
1,328,0,0,0,0,0,0,0,2,0.04068348250610252,16
1,329,0,0,0,0,0,0,0,1,0.04068348250610252,17
1,329,0,0,0,0,0,0,0,2,0.04068348250610252,17
1,330,0,0,0,0,0,0,0,1,0.04068348250610252,18
1,330,0,0,0,0,0,0,0,2,0.04068348250610252,18
1,331,0,0,0,0,0,0,0,1,0.04068348250610252,19
1,331,0,0,0,0,0,0,0,2,0.04068348250610252,19
1,332,0,0,0,0,0,0,0,1,0.04068348250610252,20
1,332,0,0,0,0,0,0,0,2,0.04068348250610252,20
1,333,0,0,0,0,0,0,0,1,0.04068348250610252,21
1,333,0,0,0,0,0,0,0,2,0.04068348250610252,21
1,334,0,0,0,0,0,0,0,1,0.04068348250610252,22
1,334,0,0,0,0,0,0,0,2,0.04068348250610252,22
1,335,0,0,0,0,0,0,0,1,0.04068348250610252,23
1,335,0,0,0,0,0,0,0,2,0.04068348250610252,23
1,336,0,0,0,0,0,0,0,1,0.04068348250610252,0
1,336,0,0,0,0,0,0,0,2,0.04068348250610252,0
1,337,0,0,0,0,0,0,0,1,0.04068348250610252,1
1,337,0,0,0,0,0,0,0,2,0.04068348250610252,1
1,338,0,0,0,0,0,0,0,1,0.04068348250610252,2
1,338,0,0,0,0,0,0,0,2,0.04068348250610252,2
1,339,0,0,0,0,0,0,0,1,0.04068348250610252,3
1,339,0,0,0,0,0,0,0,2,0.04068348250610252,3
1,340,0,0,0,0,0,0,0,1,0.04068348250610252,4
1,340,0,0,0,0,0,0,0,2,0.04068348250610252,4
1,341,0,0,0,0,0,0,0,1,0.04068348250610252,5
1,341,0,0,0,0,0,0,0,2,0.04068348250610252,5
1,342,0,0,0,0,0,0,0,1,0.04068348250610252,6
1,342,0,0,0,0,0,0,0,2,0.04068348250610252,6
1,343,0,0,0,0,0,0,0,1,0.04068348250610252,7
1,343,0,0,0,0,0,0,0,2,0.04068348250610252,7
1,344,0,0,0,0,0,0,0,1,0.04068348250610252,8
1,344,0,0,0,0,0,0,0,2,0.04068348250610252,8
1,345,0,0,0,0,0,0,0,1,0.04068348250610252,9
1,345,0,0,0,0,0,0,0,2,0.04068348250610252,9
1,346,0,0,0,0,0,0,0,1,0.04068348250610252,10
1,346,0,0,0,0,0,0,0,2,0.04068348250610252,10
1,347,0,0,0,0,0,0,0,1,0.04068348250610252,11
1,347,0,0,0,0,0,0,0,2,0.04068348250610252,11
1,348,0,0,0,0,0,0,0,1,0.04068348250610252,12
1,348,0,0,0,0,0,0,0,2,0.04068348250610252,12
1,349,0,0,0,0,0,0,0,1,0.04068348250610252,13
1,349,0,0,0,0,0,0,0,2,0.04068348250610252,13
1,350,0,0,0,0,0,0,0,1,0.04068348250610252,14
1,350,0,0,0,0,0,0,0,2,0.04068348250610252,14
1,351,0,0,0,0,0,0,0,1,0.04068348250610252,15
1,351,0,0,0,0,0,0,0,2,0.04068348250610252,15
1,352,0,0,0,0,0,0,0,1,0.04068348250610252,16
1,352,0,0,0,0,0,0,0,2,0.04068348250610252,16
1,353,0,0,0,0,0,0,0,1,0.04068348250610252,17
1,353,0,0,0,0,0,0,0,2,0.04068348250610252,17
1,354,0,0,0,0,0,0,0,1,0.04068348250610252,18
1,354,0,0,0,0,0,0,0,2,0.04068348250610252,18
1,355,0,0,0,0,0,0,0,1,0.04068348250610252,19
1,355,0,0,0,0,0,0,0,2,0.04068348250610252,19
1,356,0,0,0,0,0,0,0,1,0.04068348250610252,20
1,356,0,0,0,0,0,0,0,2,0.04068348250610252,20
1,357,0,0,0,0,0,0,0,1,0.04068348250610252,21
1,357,0,0,0,0,0,0,0,2,0.04068348250610252,21
1,358,0,0,0,0,0,0,0,1,0.04068348250610252,22
1,358,0,0,0,0,0,0,0,2,0.04068348250610252,22
1,359,0,0,0,0,0,0,0,1,0.04068348250610252,23
1,359,0,0,0,0,0,0,0,2,0.04068348250610252,23
1,360,0,0,0,0,0,0,0,1,0.04068348250610252,0
1,360,0,0,0,0,0,0,0,2,0.04068348250610252,0
1,361,0,0,0,0,0,0,0,1,0.04068348250610252,1
1,361,0,0,0,0,0,0,0,2,0.04068348250610252,1
1,362,0,0,0,0,0,0,0,1,0.04068348250610252,2
1,362,0,0,0,0,0,0,0,2,0.04068348250610252,2
1,363,0,0,0,0,0,0,0,1,0.04068348250610252,3
1,363,0,0,0,0,0,0,0,2,0.04068348250610252,3
1,364,0,0,0,0,0,0,0,1,0.04068348250610252,4
1,364,0,0,0,0,0,0,0,2,0.04068348250610252,4
1,365,0,0,0,0,0,0,0,1,0.04068348250610252,5
1,365,0,0,0,0,0,0,0,2,0.04068348250610252,5
1,366,0,0,0,0,0,0,0,1,0.04068348250610252,6
1,366,0,0,0,0,0,0,0,2,0.04068348250610252,6
1,367,0,0,0,0,0,0,0,1,0.04068348250610252,7
1,367,0,0,0,0,0,0,0,2,0.04068348250610252,7
1,368,0,0,0,0,0,0,0,1,0.04068348250610252,8
1,368,0,0,0,0,0,0,0,2,0.04068348250610252,8
1,369,0,0,0,0,0,0,0,1,0.04068348250610252,9
1,369,0,0,0,0,0,0,0,2,0.04068348250610252,9
1,370,0,0,0,0,0,0,0,1,0.04068348250610252,10
1,370,0,0,0,0,0,0,0,2,0.04068348250610252,10
1,371,0,0,0,0,0,0,0,1,0.04068348250610252,11
1,371,0,0,0,0,0,0,0,2,0.04068348250610252,11
1,372,0,0,0,0,0,0,0,1,0.04068348250610252,12
1,372,0,0,0,0,0,0,0,2,0.04068348250610252,12
1,373,0,0,0,0,0,0,0,1,0.04068348250610252,13
1,373,0,0,0,0,0,0,0,2,0.04068348250610252,13
1,374,0,0,0,0,0,0,0,1,0.04068348250610252,14
1,374,0,0,0,0,0,0,0,2,0.04068348250610252,14
1,375,0,0,0,0,0,0,0,1,0.04068348250610252,15
1,375,0,0,0,0,0,0,0,2,0.04068348250610252,15
1,376,0,0,0,0,0,0,0,1,0.04068348250610252,16
1,376,0,0,0,0,0,0,0,2,0.04068348250610252,16
1,377,0,0,0,0,0,0,0,1,0.04068348250610252,17
1,377,0,0,0,0,0,0,0,2,0.04068348250610252,17
1,378,0,0,0,0,0,0,0,1,0.04068348250610252,18
1,378,0,0,0,0,0,0,0,2,0.04068348250610252,18
1,379,0,0,0,0,0,0,0,1,0.04068348250610252,19
1,379,0,0,0,0,0,0,0,2,0.04068348250610252,19
1,380,0,0,0,0,0,0,0,1,0.04068348250610252,20
1,380,0,0,0,0,0,0,0,2,0.04068348250610252,20
1,381,0,0,0,0,0,0,0,1,0.04068348250610252,21
1,381,0,0,0,0,0,0,0,2,0.04068348250610252,21
1,382,0,0,0,0,0,0,0,1,0.04068348250610252,22
1,382,0,0,0,0,0,0,0,2,0.04068348250610252,22
1,383,0,0,0,0,0,0,0,1,0.04068348250610252,23
1,383,0,0,0,0,0,0,0,2,0.04068348250610252,23
1,384,0,0,0,0,0,0,0,1,0.04068348250610252,0
1,384,0,0,0,0,0,0,0,2,0.04068348250610252,0
1,385,0,0,0,0,0,0,0,1,0.04068348250610252,1
1,385,0,0,0,0,0,0,0,2,0.04068348250610252,1
1,386,0,0,0,0,0,0,0,1,0.04068348250610252,2
1,386,0,0,0,0,0,0,0,2,0.04068348250610252,2
1,387,0,0,0,0,0,0,0,1,0.04068348250610252,3
1,387,0,0,0,0,0,0,0,2,0.04068348250610252,3
1,388,0,0,0,0,0,0,0,1,0.04068348250610252,4
1,388,0,0,0,0,0,0,0,2,0.04068348250610252,4
1,389,0,0,0,0,0,0,0,1,0.04068348250610252,5
1,389,0,0,0,0,0,0,0,2,0.04068348250610252,5
1,390,0,0,0,0,0,0,0,1,0.04068348250610252,6
1,390,0,0,0,0,0,0,0,2,0.04068348250610252,6
1,391,0,0,0,0,0,0,0,1,0.04068348250610252,7
1,391,0,0,0,0,0,0,0,2,0.04068348250610252,7
1,392,0,0,0,0,0,0,0,1,0.04068348250610252,8
1,392,0,0,0,0,0,0,0,2,0.04068348250610252,8
1,393,0,0,0,0,0,0,0,1,0.04068348250610252,9
1,393,0,0,0,0,0,0,0,2,0.04068348250610252,9
1,394,0,0,0,0,0,0,0,1,0.04068348250610252,10
1,394,0,0,0,0,0,0,0,2,0.04068348250610252,10
1,395,0,0,0,0,0,0,0,1,0.04068348250610252,11
1,395,0,0,0,0,0,0,0,2,0.04068348250610252,11
1,396,0,0,0,0,0,0,0,1,0.04068348250610252,12
1,396,0,0,0,0,0,0,0,2,0.04068348250610252,12
1,397,0,0,0,0,0,0,0,1,0.04068348250610252,13
1,397,0,0,0,0,0,0,0,2,0.04068348250610252,13
1,398,0,0,0,0,0,0,0,1,0.04068348250610252,14
1,398,0,0,0,0,0,0,0,2,0.04068348250610252,14
1,399,0,0,0,0,0,0,0,1,0.04068348250610252,15
1,399,0,0,0,0,0,0,0,2,0.04068348250610252,15
1,400,0,0,0,0,0,0,0,1,0.04068348250610252,16
1,400,0,0,0,0,0,0,0,2,0.04068348250610252,16
1,401,0,0,0,0,0,0,0,1,0.04068348250610252,17
1,401,0,0,0,0,0,0,0,2,0.04068348250610252,17
1,402,0,0,0,0,0,0,0,1,0.04068348250610252,18
1,402,0,0,0,0,0,0,0,2,0.04068348250610252,18
1,403,0,0,0,0,0,0,0,1,0.04068348250610252,19
1,403,0,0,0,0,0,0,0,2,0.04068348250610252,19
1,404,0,0,0,0,0,0,0,1,0.04068348250610252,20
1,404,0,0,0,0,0,0,0,2,0.04068348250610252,20
1,405,0,0,0,0,0,0,0,1,0.04068348250610252,21
1,405,0,0,0,0,0,0,0,2,0.04068348250610252,21
1,406,0,0,0,0,0,0,0,1,0.04068348250610252,22
1,406,0,0,0,0,0,0,0,2,0.04068348250610252,22
1,407,0,0,0,0,0,0,0,1,0.04068348250610252,23
1,407,0,0,0,0,0,0,0,2,0.04068348250610252,23
1,408,0,0,0,0,0,0,0,1,0.04068348250610252,0
1,408,0,0,0,0,0,0,0,2,0.04068348250610252,0
1,409,0,0,0,0,0,0,0,1,0.04068348250610252,1
1,409,0,0,0,0,0,0,0,2,0.04068348250610252,1
1,410,0,0,0,0,0,0,0,1,0.04068348250610252,2
1,410,0,0,0,0,0,0,0,2,0.04068348250610252,2
1,411,0,0,0,0,0,0,0,1,0.04068348250610252,3
1,411,0,0,0,0,0,0,0,2,0.04068348250610252,3
1,412,0,0,0,0,0,0,0,1,0.04068348250610252,4
1,412,0,0,0,0,0,0,0,2,0.04068348250610252,4
1,413,0,0,0,0,0,0,0,1,0.04068348250610252,5
1,413,0,0,0,0,0,0,0,2,0.04068348250610252,5
1,414,0,0,0,0,0,0,0,1,0.04068348250610252,6
1,414,0,0,0,0,0,0,0,2,0.04068348250610252,6
1,415,0,0,0,0,0,0,0,1,0.04068348250610252,7
1,415,0,0,0,0,0,0,0,2,0.04068348250610252,7
1,416,0,0,0,0,0,0,0,1,0.04068348250610252,8
1,416,0,0,0,0,0,0,0,2,0.04068348250610252,8
1,417,0,0,0,0,0,0,0,1,0.04068348250610252,9
1,417,0,0,0,0,0,0,0,2,0.04068348250610252,9
1,418,0,0,0,0,0,0,0,1,0.04068348250610252,10
1,418,0,0,0,0,0,0,0,2,0.04068348250610252,10
1,419,0,0,0,0,0,0,0,1,0.04068348250610252,11
1,419,0,0,0,0,0,0,0,2,0.04068348250610252,11
1,420,0,0,0,0,0,0,0,1,0.04068348250610252,12
1,420,0,0,0,0,0,0,0,2,0.04068348250610252,12
1,421,0,0,0,0,0,0,0,1,0.04068348250610252,13
1,421,0,0,0,0,0,0,0,2,0.04068348250610252,13
1,422,0,0,0,0,0,0,0,1,0.04068348250610252,14
1,422,0,0,0,0,0,0,0,2,0.04068348250610252,14
1,423,0,0,0,0,0,0,0,1,0.04068348250610252,15
1,423,0,0,0,0,0,0,0,2,0.04068348250610252,15
1,424,0,0,0,0,0,0,0,1,0.04068348250610252,16
1,424,0,0,0,0,0,0,0,2,0.04068348250610252,16
1,425,0,0,0,0,0,0,0,1,0.04068348250610252,17
1,425,0,0,0,0,0,0,0,2,0.04068348250610252,17
1,426,0,0,0,0,0,0,0,1,0.04068348250610252,18
1,426,0,0,0,0,0,0,0,2,0.04068348250610252,18
1,427,0,0,0,0,0,0,0,1,0.04068348250610252,19
1,427,0,0,0,0,0,0,0,2,0.04068348250610252,19
1,428,0,0,0,0,0,0,0,1,0.04068348250610252,20
1,428,0,0,0,0,0,0,0,2,0.04068348250610252,20
1,429,0,0,0,0,0,0,0,1,0.04068348250610252,21
1,429,0,0,0,0,0,0,0,2,0.04068348250610252,21
1,430,0,0,0,0,0,0,0,1,0.04068348250610252,22
1,430,0,0,0,0,0,0,0,2,0.04068348250610252,22
1,431,0,0,0,0,0,0,0,1,0.04068348250610252,23
1,431,0,0,0,0,0,0,0,2,0.04068348250610252,23
1,432,0,0,0,0,0,0,0,1,0.04068348250610252,0
1,432,0,0,0,0,0,0,0,2,0.04068348250610252,0
1,433,0,0,0,0,0,0,0,1,0.04068348250610252,1
1,433,0,0,0,0,0,0,0,2,0.04068348250610252,1
1,434,0,0,0,0,0,0,0,1,0.04068348250610252,2
1,434,0,0,0,0,0,0,0,2,0.04068348250610252,2
1,435,0,0,0,0,0,0,0,1,0.04068348250610252,3
1,435,0,0,0,0,0,0,0,2,0.04068348250610252,3
1,436,0,0,0,0,0,0,0,1,0.04068348250610252,4
1,436,0,0,0,0,0,0,0,2,0.04068348250610252,4
1,437,0,0,0,0,0,0,0,1,0.04068348250610252,5
1,437,0,0,0,0,0,0,0,2,0.04068348250610252,5
1,438,0,0,0,0,0,0,0,1,0.04068348250610252,6
1,438,0,0,0,0,0,0,0,2,0.04068348250610252,6
1,439,0,0,0,0,0,0,0,1,0.04068348250610252,7
1,439,0,0,0,0,0,0,0,2,0.04068348250610252,7
1,440,0,0,0,0,0,0,0,1,0.04068348250610252,8
1,440,0,0,0,0,0,0,0,2,0.04068348250610252,8
1,441,0,0,0,0,0,0,0,1,0.04068348250610252,9
1,441,0,0,0,0,0,0,0,2,0.04068348250610252,9
1,442,0,0,0,0,0,0,0,1,0.04068348250610252,10
1,442,0,0,0,0,0,0,0,2,0.04068348250610252,10
1,443,0,0,0,0,0,0,0,1,0.04068348250610252,11
1,443,0,0,0,0,0,0,0,2,0.04068348250610252,11
1,444,0,0,0,0,0,0,0,1,0.04068348250610252,12
1,444,0,0,0,0,0,0,0,2,0.04068348250610252,12
1,445,0,0,0,0,0,0,0,1,0.04068348250610252,13
1,445,0,0,0,0,0,0,0,2,0.04068348250610252,13
1,446,0,0,0,0,0,0,0,1,0.04068348250610252,14
1,446,0,0,0,0,0,0,0,2,0.04068348250610252,14
1,447,0,0,0,0,0,0,0,1,0.04068348250610252,15
1,447,0,0,0,0,0,0,0,2,0.04068348250610252,15
1,448,0,0,0,0,0,0,0,1,0.04068348250610252,16
1,448,0,0,0,0,0,0,0,2,0.04068348250610252,16
1,449,0,0,0,0,0,0,0,1,0.04068348250610252,17
1,449,0,0,0,0,0,0,0,2,0.04068348250610252,17
1,450,0,0,0,0,0,0,0,1,0.04068348250610252,18
1,450,0,0,0,0,0,0,0,2,0.04068348250610252,18
1,451,0,0,0,0,0,0,0,1,0.04068348250610252,19
1,451,0,0,0,0,0,0,0,2,0.04068348250610252,19
1,452,0,0,0,0,0,0,0,1,0.04068348250610252,20
1,452,0,0,0,0,0,0,0,2,0.04068348250610252,20
1,453,0,0,0,0,0,0,0,1,0.04068348250610252,21
1,453,0,0,0,0,0,0,0,2,0.04068348250610252,21
1,454,0,0,0,0,0,0,0,1,0.04068348250610252,22
1,454,0,0,0,0,0,0,0,2,0.04068348250610252,22
1,455,0,0,0,0,0,0,0,1,0.04068348250610252,23
1,455,0,0,0,0,0,0,0,2,0.04068348250610252,23
1,456,0,0,0,0,0,0,0,1,0.04068348250610252,0
1,456,0,0,0,0,0,0,0,2,0.04068348250610252,0
1,457,0,0,0,0,0,0,0,1,0.04068348250610252,1
1,457,0,0,0,0,0,0,0,2,0.04068348250610252,1
1,458,0,0,0,0,0,0,0,1,0.04068348250610252,2
1,458,0,0,0,0,0,0,0,2,0.04068348250610252,2
1,459,0,0,0,0,0,0,0,1,0.04068348250610252,3
1,459,0,0,0,0,0,0,0,2,0.04068348250610252,3
1,460,0,0,0,0,0,0,0,1,0.04068348250610252,4
1,460,0,0,0,0,0,0,0,2,0.04068348250610252,4
1,461,0,0,0,0,0,0,0,1,0.04068348250610252,5
1,461,0,0,0,0,0,0,0,2,0.04068348250610252,5
1,462,0,0,0,0,0,0,0,1,0.04068348250610252,6
1,462,0,0,0,0,0,0,0,2,0.04068348250610252,6
1,463,0,0,0,0,0,0,0,1,0.04068348250610252,7
1,463,0,0,0,0,0,0,0,2,0.04068348250610252,7
1,464,0,0,0,0,0,0,0,1,0.04068348250610252,8
1,464,0,0,0,0,0,0,0,2,0.04068348250610252,8
1,465,0,0,0,0,0,0,0,1,0.04068348250610252,9
1,465,0,0,0,0,0,0,0,2,0.04068348250610252,9
1,466,0,0,0,0,0,0,0,1,0.04068348250610252,10
1,466,0,0,0,0,0,0,0,2,0.04068348250610252,10
1,467,0,0,0,0,0,0,0,1,0.04068348250610252,11
1,467,0,0,0,0,0,0,0,2,0.04068348250610252,11
1,468,0,0,0,0,0,0,0,1,0.04068348250610252,12
1,468,0,0,0,0,0,0,0,2,0.04068348250610252,12
1,469,0,0,0,0,0,0,0,1,0.04068348250610252,13
1,469,0,0,0,0,0,0,0,2,0.04068348250610252,13
1,470,0,0,0,0,0,0,0,1,0.04068348250610252,14
1,470,0,0,0,0,0,0,0,2,0.04068348250610252,14
1,471,0,0,0,0,0,0,0,1,0.04068348250610252,15
1,471,0,0,0,0,0,0,0,2,0.04068348250610252,15
1,472,0,0,0,0,0,0,0,1,0.04068348250610252,16
1,472,0,0,0,0,0,0,0,2,0.04068348250610252,16
1,473,0,0,0,0,0,0,0,1,0.04068348250610252,17
1,473,0,0,0,0,0,0,0,2,0.04068348250610252,17
1,474,0,0,0,0,0,0,0,1,0.04068348250610252,18
1,474,0,0,0,0,0,0,0,2,0.04068348250610252,18
1,475,0,0,0,0,0,0,0,1,0.04068348250610252,19
1,475,0,0,0,0,0,0,0,2,0.04068348250610252,19
1,476,0,0,0,0,0,0,0,1,0.04068348250610252,20
1,476,0,0,0,0,0,0,0,2,0.04068348250610252,20
1,477,0,0,0,0,0,0,0,1,0.04068348250610252,21
1,477,0,0,0,0,0,0,0,2,0.04068348250610252,21
1,478,0,0,0,0,0,0,0,1,0.04068348250610252,22
1,478,0,0,0,0,0,0,0,2,0.04068348250610252,22
1,479,0,0,0,0,0,0,0,1,0.04068348250610252,23
1,479,0,0,0,0,0,0,0,2,0.04068348250610252,23
1,480,0,0,0,0,0,0,0,1,0.04068348250610252,0
1,480,0,0,0,0,0,0,0,2,0.04068348250610252,0
1,481,0,0,0,0,0,0,0,1,0.04068348250610252,1
1,481,0,0,0,0,0,0,0,2,0.04068348250610252,1
1,482,0,0,0,0,0,0,0,1,0.04068348250610252,2
1,482,0,0,0,0,0,0,0,2,0.04068348250610252,2
1,483,0,0,0,0,0,0,0,1,0.04068348250610252,3
1,483,0,0,0,0,0,0,0,2,0.04068348250610252,3
1,484,0,0,0,0,0,0,0,1,0.04068348250610252,4
1,484,0,0,0,0,0,0,0,2,0.04068348250610252,4
1,485,0,0,0,0,0,0,0,1,0.04068348250610252,5
1,485,0,0,0,0,0,0,0,2,0.04068348250610252,5
1,486,0,0,0,0,0,0,0,1,0.04068348250610252,6
1,486,0,0,0,0,0,0,0,2,0.04068348250610252,6
1,487,0,0,0,0,0,0,0,1,0.04068348250610252,7
1,487,0,0,0,0,0,0,0,2,0.04068348250610252,7
1,488,0,0,0,0,0,0,0,1,0.04068348250610252,8
1,488,0,0,0,0,0,0,0,2,0.04068348250610252,8
1,489,0,0,0,0,0,0,0,1,0.04068348250610252,9
1,489,0,0,0,0,0,0,0,2,0.04068348250610252,9
1,490,0,0,0,0,0,0,0,1,0.04068348250610252,10
1,490,0,0,0,0,0,0,0,2,0.04068348250610252,10
1,491,0,0,0,0,0,0,0,1,0.04068348250610252,11
1,491,0,0,0,0,0,0,0,2,0.04068348250610252,11
1,492,0,0,0,0,0,0,0,1,0.04068348250610252,12
1,492,0,0,0,0,0,0,0,2,0.04068348250610252,12
1,493,0,0,0,0,0,0,0,1,0.04068348250610252,13
1,493,0,0,0,0,0,0,0,2,0.04068348250610252,13
1,494,0,0,0,0,0,0,0,1,0.04068348250610252,14
1,494,0,0,0,0,0,0,0,2,0.04068348250610252,14
1,495,0,0,0,0,0,0,0,1,0.04068348250610252,15
1,495,0,0,0,0,0,0,0,2,0.04068348250610252,15
1,496,0,0,0,0,0,0,0,1,0.04068348250610252,16
1,496,0,0,0,0,0,0,0,2,0.04068348250610252,16
1,497,0,0,0,0,0,0,0,1,0.04068348250610252,17
1,497,0,0,0,0,0,0,0,2,0.04068348250610252,17
1,498,0,0,0,0,0,0,0,1,0.04068348250610252,18
1,498,0,0,0,0,0,0,0,2,0.04068348250610252,18
1,499,0,0,0,0,0,0,0,1,0.04068348250610252,19
1,499,0,0,0,0,0,0,0,2,0.04068348250610252,19
1,500,0,0,0,0,0,0,0,1,0.04068348250610252,20
1,500,0,0,0,0,0,0,0,2,0.04068348250610252,20
1,501,0,0,0,0,0,0,0,1,0.04068348250610252,21
1,501,0,0,0,0,0,0,0,2,0.04068348250610252,21
1,502,0,0,0,0,0,0,0,1,0.04068348250610252,22
1,502,0,0,0,0,0,0,0,2,0.04068348250610252,22
1,503,0,0,0,0,0,0,0,1,0.04068348250610252,23
1,503,0,0,0,0,0,0,0,2,0.04068348250610252,23
1,504,0,0,0,0,0,0,0,1,0.04068348250610252,0
1,504,0,0,0,0,0,0,0,2,0.04068348250610252,0
1,505,0,0,0,0,0,0,0,1,0.04068348250610252,1
1,505,0,0,0,0,0,0,0,2,0.04068348250610252,1
1,506,0,0,0,0,0,0,0,1,0.04068348250610252,2
1,506,0,0,0,0,0,0,0,2,0.04068348250610252,2
1,507,0,0,0,0,0,0,0,1,0.04068348250610252,3
1,507,0,0,0,0,0,0,0,2,0.04068348250610252,3
1,508,0,0,0,0,0,0,0,1,0.04068348250610252,4
1,508,0,0,0,0,0,0,0,2,0.04068348250610252,4
1,509,0,0,0,0,0,0,0,1,0.04068348250610252,5
1,509,0,0,0,0,0,0,0,2,0.04068348250610252,5
1,510,0,0,0,0,0,0,0,1,0.04068348250610252,6
1,510,0,0,0,0,0,0,0,2,0.04068348250610252,6
1,511,0,0,0,0,0,0,0,1,0.04068348250610252,7
1,511,0,0,0,0,0,0,0,2,0.04068348250610252,7
1,512,0,0,0,0,0,0,0,1,0.04068348250610252,8
1,512,0,0,0,0,0,0,0,2,0.04068348250610252,8
1,513,0,0,0,0,0,0,0,1,0.04068348250610252,9
1,513,0,0,0,0,0,0,0,2,0.04068348250610252,9
1,514,0,0,0,0,0,0,0,1,0.04068348250610252,10
1,514,0,0,0,0,0,0,0,2,0.04068348250610252,10
1,515,0,0,0,0,0,0,0,1,0.04068348250610252,11
1,515,0,0,0,0,0,0,0,2,0.04068348250610252,11
1,516,0,0,0,0,0,0,0,1,0.04068348250610252,12
1,516,0,0,0,0,0,0,0,2,0.04068348250610252,12
1,517,0,0,0,0,0,0,0,1,0.04068348250610252,13
1,517,0,0,0,0,0,0,0,2,0.04068348250610252,13
1,518,0,0,0,0,0,0,0,1,0.04068348250610252,14
1,518,0,0,0,0,0,0,0,2,0.04068348250610252,14
1,519,0,0,0,0,0,0,0,1,0.04068348250610252,15
1,519,0,0,0,0,0,0,0,2,0.04068348250610252,15
1,520,0,0,0,0,0,0,0,1,0.04068348250610252,16
1,520,0,0,0,0,0,0,0,2,0.04068348250610252,16
1,521,0,0,0,0,0,0,0,1,0.04068348250610252,17
1,521,0,0,0,0,0,0,0,2,0.04068348250610252,17
1,522,0,0,0,0,0,0,0,1,0.04068348250610252,18
1,522,0,0,0,0,0,0,0,2,0.04068348250610252,18
1,523,0,0,0,0,0,0,0,1,0.04068348250610252,19
1,523,0,0,0,0,0,0,0,2,0.04068348250610252,19
1,524,0,0,0,0,0,0,0,1,0.04068348250610252,20
1,524,0,0,0,0,0,0,0,2,0.04068348250610252,20
1,525,0,0,0,0,0,0,0,1,0.04068348250610252,21
1,525,0,0,0,0,0,0,0,2,0.04068348250610252,21
1,526,0,0,0,0,0,0,0,1,0.04068348250610252,22
1,526,0,0,0,0,0,0,0,2,0.04068348250610252,22
1,527,0,0,0,0,0,0,0,1,0.04068348250610252,23
1,527,0,0,0,0,0,0,0,2,0.04068348250610252,23
1,528,0,0,0,0,0,0,0,1,0.04068348250610252,0
1,528,0,0,0,0,0,0,0,2,0.04068348250610252,0
1,529,0,0,0,0,0,0,0,1,0.04068348250610252,1
1,529,0,0,0,0,0,0,0,2,0.04068348250610252,1
1,530,0,0,0,0,0,0,0,1,0.04068348250610252,2
1,530,0,0,0,0,0,0,0,2,0.04068348250610252,2
1,531,0,0,0,0,0,0,0,1,0.04068348250610252,3
1,531,0,0,0,0,0,0,0,2,0.04068348250610252,3
1,532,0,0,0,0,0,0,0,1,0.04068348250610252,4
1,532,0,0,0,0,0,0,0,2,0.04068348250610252,4
1,533,0,0,0,0,0,0,0,1,0.04068348250610252,5
1,533,0,0,0,0,0,0,0,2,0.04068348250610252,5
1,534,0,0,0,0,0,0,0,1,0.04068348250610252,6
1,534,0,0,0,0,0,0,0,2,0.04068348250610252,6
1,535,0,0,0,0,0,0,0,1,0.04068348250610252,7
1,535,0,0,0,0,0,0,0,2,0.04068348250610252,7
1,536,0,0,0,0,0,0,0,1,0.04068348250610252,8
1,536,0,0,0,0,0,0,0,2,0.04068348250610252,8
1,537,0,0,0,0,0,0,0,1,0.04068348250610252,9
1,537,0,0,0,0,0,0,0,2,0.04068348250610252,9
1,538,0,0,0,0,0,0,0,1,0.04068348250610252,10
1,538,0,0,0,0,0,0,0,2,0.04068348250610252,10
1,539,0,0,0,0,0,0,0,1,0.04068348250610252,11
1,539,0,0,0,0,0,0,0,2,0.04068348250610252,11
1,540,0,0,0,0,0,0,0,1,0.04068348250610252,12
1,540,0,0,0,0,0,0,0,2,0.04068348250610252,12
1,541,0,0,0,0,0,0,0,1,0.04068348250610252,13
1,541,0,0,0,0,0,0,0,2,0.04068348250610252,13
1,542,0,0,0,0,0,0,0,1,0.04068348250610252,14
1,542,0,0,0,0,0,0,0,2,0.04068348250610252,14
1,543,0,0,0,0,0,0,0,1,0.04068348250610252,15
1,543,0,0,0,0,0,0,0,2,0.04068348250610252,15
1,544,0,0,0,0,0,0,0,1,0.04068348250610252,16
1,544,0,0,0,0,0,0,0,2,0.04068348250610252,16
1,545,0,0,0,0,0,0,0,1,0.04068348250610252,17
1,545,0,0,0,0,0,0,0,2,0.04068348250610252,17
1,546,0,0,0,0,0,0,0,1,0.04068348250610252,18
1,546,0,0,0,0,0,0,0,2,0.04068348250610252,18
1,547,0,0,0,0,0,0,0,1,0.04068348250610252,19
1,547,0,0,0,0,0,0,0,2,0.04068348250610252,19
1,548,0,0,0,0,0,0,0,1,0.04068348250610252,20
1,548,0,0,0,0,0,0,0,2,0.04068348250610252,20
1,549,0,0,0,0,0,0,0,1,0.04068348250610252,21
1,549,0,0,0,0,0,0,0,2,0.04068348250610252,21
1,550,0,0,0,0,0,0,0,1,0.04068348250610252,22
1,550,0,0,0,0,0,0,0,2,0.04068348250610252,22
1,551,0,0,0,0,0,0,0,1,0.04068348250610252,23
1,551,0,0,0,0,0,0,0,2,0.04068348250610252,23
1,552,0,0,0,0,0,0,0,1,0.04068348250610252,0
1,552,0,0,0,0,0,0,0,2,0.04068348250610252,0
1,553,0,0,0,0,0,0,0,1,0.04068348250610252,1
1,553,0,0,0,0,0,0,0,2,0.04068348250610252,1
1,554,0,0,0,0,0,0,0,1,0.04068348250610252,2
1,554,0,0,0,0,0,0,0,2,0.04068348250610252,2
1,555,0,0,0,0,0,0,0,1,0.04068348250610252,3
1,555,0,0,0,0,0,0,0,2,0.04068348250610252,3
1,556,0,0,0,0,0,0,0,1,0.04068348250610252,4
1,556,0,0,0,0,0,0,0,2,0.04068348250610252,4
1,557,0,0,0,0,0,0,0,1,0.04068348250610252,5
1,557,0,0,0,0,0,0,0,2,0.04068348250610252,5
1,558,0,0,0,0,0,0,0,1,0.04068348250610252,6
1,558,0,0,0,0,0,0,0,2,0.04068348250610252,6
1,559,0,0,0,0,0,0,0,1,0.04068348250610252,7
1,559,0,0,0,0,0,0,0,2,0.04068348250610252,7
1,560,0,0,0,0,0,0,0,1,0.04068348250610252,8
1,560,0,0,0,0,0,0,0,2,0.04068348250610252,8
1,561,0,0,0,0,0,0,0,1,0.04068348250610252,9
1,561,0,0,0,0,0,0,0,2,0.04068348250610252,9
1,562,0,0,0,0,0,0,0,1,0.04068348250610252,10
1,562,0,0,0,0,0,0,0,2,0.04068348250610252,10
1,563,0,0,0,0,0,0,0,1,0.04068348250610252,11
1,563,0,0,0,0,0,0,0,2,0.04068348250610252,11
1,564,0,0,0,0,0,0,0,1,0.04068348250610252,12
1,564,0,0,0,0,0,0,0,2,0.04068348250610252,12
1,565,0,0,0,0,0,0,0,1,0.04068348250610252,13
1,565,0,0,0,0,0,0,0,2,0.04068348250610252,13
1,566,0,0,0,0,0,0,0,1,0.04068348250610252,14
1,566,0,0,0,0,0,0,0,2,0.04068348250610252,14
1,567,0,0,0,0,0,0,0,1,0.04068348250610252,15
1,567,0,0,0,0,0,0,0,2,0.04068348250610252,15
1,568,0,0,0,0,0,0,0,1,0.04068348250610252,16
1,568,0,0,0,0,0,0,0,2,0.04068348250610252,16
1,569,0,0,0,0,0,0,0,1,0.04068348250610252,17
1,569,0,0,0,0,0,0,0,2,0.04068348250610252,17
1,570,0,0,0,0,0,0,0,1,0.04068348250610252,18
1,570,0,0,0,0,0,0,0,2,0.04068348250610252,18
1,571,0,0,0,0,0,0,0,1,0.04068348250610252,19
1,571,0,0,0,0,0,0,0,2,0.04068348250610252,19
1,572,0,0,0,0,0,0,0,1,0.04068348250610252,20
1,572,0,0,0,0,0,0,0,2,0.04068348250610252,20
1,573,0,0,0,0,0,0,0,1,0.04068348250610252,21
1,573,0,0,0,0,0,0,0,2,0.04068348250610252,21
1,574,0,0,0,0,0,0,0,1,0.04068348250610252,22
1,574,0,0,0,0,0,0,0,2,0.04068348250610252,22
1,575,0,0,0,0,0,0,0,1,0.04068348250610252,23
1,575,0,0,0,0,0,0,0,2,0.04068348250610252,23
1,576,0,0,0,0,0,0,0,1,0.04068348250610252,0
1,576,0,0,0,0,0,0,0,2,0.04068348250610252,0
1,577,0,0,0,0,0,0,0,1,0.04068348250610252,1
1,577,0,0,0,0,0,0,0,2,0.04068348250610252,1
1,578,0,0,0,0,0,0,0,1,0.04068348250610252,2
1,578,0,0,0,0,0,0,0,2,0.04068348250610252,2
1,579,0,0,0,0,0,0,0,1,0.04068348250610252,3
1,579,0,0,0,0,0,0,0,2,0.04068348250610252,3
1,580,0,0,0,0,0,0,0,1,0.04068348250610252,4
1,580,0,0,0,0,0,0,0,2,0.04068348250610252,4
1,581,0,0,0,0,0,0,0,1,0.04068348250610252,5
1,581,0,0,0,0,0,0,0,2,0.04068348250610252,5
1,582,0,0,0,0,0,0,0,1,0.04068348250610252,6
1,582,0,0,0,0,0,0,0,2,0.04068348250610252,6
1,583,0,0,0,0,0,0,0,1,0.04068348250610252,7
1,583,0,0,0,0,0,0,0,2,0.04068348250610252,7
1,584,0,0,0,0,0,0,0,1,0.04068348250610252,8
1,584,0,0,0,0,0,0,0,2,0.04068348250610252,8
1,585,0,0,0,0,0,0,0,1,0.04068348250610252,9
1,585,0,0,0,0,0,0,0,2,0.04068348250610252,9
1,586,0,0,0,0,0,0,0,1,0.04068348250610252,10
1,586,0,0,0,0,0,0,0,2,0.04068348250610252,10
1,587,0,0,0,0,0,0,0,1,0.04068348250610252,11
1,587,0,0,0,0,0,0,0,2,0.04068348250610252,11
1,588,0,0,0,0,0,0,0,1,0.04068348250610252,12
1,588,0,0,0,0,0,0,0,2,0.04068348250610252,12
1,589,0,0,0,0,0,0,0,1,0.04068348250610252,13
1,589,0,0,0,0,0,0,0,2,0.04068348250610252,13
1,590,0,0,0,0,0,0,0,1,0.04068348250610252,14
1,590,0,0,0,0,0,0,0,2,0.04068348250610252,14
1,591,0,0,0,0,0,0,0,1,0.04068348250610252,15
1,591,0,0,0,0,0,0,0,2,0.04068348250610252,15
1,592,0,0,0,0,0,0,0,1,0.04068348250610252,16
1,592,0,0,0,0,0,0,0,2,0.04068348250610252,16
1,593,0,0,0,0,0,0,0,1,0.04068348250610252,17
1,593,0,0,0,0,0,0,0,2,0.04068348250610252,17
1,594,0,0,0,0,0,0,0,1,0.04068348250610252,18
1,594,0,0,0,0,0,0,0,2,0.04068348250610252,18
1,595,0,0,0,0,0,0,0,1,0.04068348250610252,19
1,595,0,0,0,0,0,0,0,2,0.04068348250610252,19
1,596,0,0,0,0,0,0,0,1,0.04068348250610252,20
1,596,0,0,0,0,0,0,0,2,0.04068348250610252,20
1,597,0,0,0,0,0,0,0,1,0.04068348250610252,21
1,597,0,0,0,0,0,0,0,2,0.04068348250610252,21
1,598,0,0,0,0,0,0,0,1,0.04068348250610252,22
1,598,0,0,0,0,0,0,0,2,0.04068348250610252,22
1,599,0,0,0,0,0,0,0,1,0.04068348250610252,23
1,599,0,0,0,0,0,0,0,2,0.04068348250610252,23
1,600,0,0,0,0,0,0,0,1,0.04068348250610252,0
1,600,0,0,0,0,0,0,0,2,0.04068348250610252,0
1,601,0,0,0,0,0,0,0,1,0.04068348250610252,1
1,601,0,0,0,0,0,0,0,2,0.04068348250610252,1
1,602,0,0,0,0,0,0,0,1,0.04068348250610252,2
1,602,0,0,0,0,0,0,0,2,0.04068348250610252,2
1,603,0,0,0,0,0,0,0,1,0.04068348250610252,3
1,603,0,0,0,0,0,0,0,2,0.04068348250610252,3
1,604,0,0,0,0,0,0,0,1,0.04068348250610252,4
1,604,0,0,0,0,0,0,0,2,0.04068348250610252,4
1,605,0,0,0,0,0,0,0,1,0.04068348250610252,5
1,605,0,0,0,0,0,0,0,2,0.04068348250610252,5
1,606,0,0,0,0,0,0,0,1,0.04068348250610252,6
1,606,0,0,0,0,0,0,0,2,0.04068348250610252,6
1,607,0,0,0,0,0,0,0,1,0.04068348250610252,7
1,607,0,0,0,0,0,0,0,2,0.04068348250610252,7
1,608,0,0,0,0,0,0,0,1,0.04068348250610252,8
1,608,0,0,0,0,0,0,0,2,0.04068348250610252,8
1,609,0,0,0,0,0,0,0,1,0.04068348250610252,9
1,609,0,0,0,0,0,0,0,2,0.04068348250610252,9
1,610,0,0,0,0,0,0,0,1,0.04068348250610252,10
1,610,0,0,0,0,0,0,0,2,0.04068348250610252,10
1,611,0,0,0,0,0,0,0,1,0.04068348250610252,11
1,611,0,0,0,0,0,0,0,2,0.04068348250610252,11
1,612,0,0,0,0,0,0,0,1,0.04068348250610252,12
1,612,0,0,0,0,0,0,0,2,0.04068348250610252,12
1,613,0,0,0,0,0,0,0,1,0.04068348250610252,13
1,613,0,0,0,0,0,0,0,2,0.04068348250610252,13
1,614,0,0,0,0,0,0,0,1,0.04068348250610252,14
1,614,0,0,0,0,0,0,0,2,0.04068348250610252,14
1,615,0,0,0,0,0,0,0,1,0.04068348250610252,15
1,615,0,0,0,0,0,0,0,2,0.04068348250610252,15
1,616,0,0,0,0,0,0,0,1,0.04068348250610252,16
1,616,0,0,0,0,0,0,0,2,0.04068348250610252,16
1,617,0,0,0,0,0,0,0,1,0.04068348250610252,17
1,617,0,0,0,0,0,0,0,2,0.04068348250610252,17
1,618,0,0,0,0,0,0,0,1,0.04068348250610252,18
1,618,0,0,0,0,0,0,0,2,0.04068348250610252,18
1,619,0,0,0,0,0,0,0,1,0.04068348250610252,19
1,619,0,0,0,0,0,0,0,2,0.04068348250610252,19
1,620,0,0,0,0,0,0,0,1,0.04068348250610252,20
1,620,0,0,0,0,0,0,0,2,0.04068348250610252,20
1,621,0,0,0,0,0,0,0,1,0.04068348250610252,21
1,621,0,0,0,0,0,0,0,2,0.04068348250610252,21
1,622,0,0,0,0,0,0,0,1,0.04068348250610252,22
1,622,0,0,0,0,0,0,0,2,0.04068348250610252,22
1,623,0,0,0,0,0,0,0,1,0.04068348250610252,23
1,623,0,0,0,0,0,0,0,2,0.04068348250610252,23
1,624,0,0,0,0,0,0,0,1,0.04068348250610252,0
1,624,0,0,0,0,0,0,0,2,0.04068348250610252,0
1,625,0,0,0,0,0,0,0,1,0.04068348250610252,1
1,625,0,0,0,0,0,0,0,2,0.04068348250610252,1
1,626,0,0,0,0,0,0,0,1,0.04068348250610252,2
1,626,0,0,0,0,0,0,0,2,0.04068348250610252,2
1,627,0,0,0,0,0,0,0,1,0.04068348250610252,3
1,627,0,0,0,0,0,0,0,2,0.04068348250610252,3
1,628,0,0,0,0,0,0,0,1,0.04068348250610252,4
1,628,0,0,0,0,0,0,0,2,0.04068348250610252,4
1,629,0,0,0,0,0,0,0,1,0.04068348250610252,5
1,629,0,0,0,0,0,0,0,2,0.04068348250610252,5
1,630,0,0,0,0,0,0,0,1,0.04068348250610252,6
1,630,0,0,0,0,0,0,0,2,0.04068348250610252,6
1,631,0,0,0,0,0,0,0,1,0.04068348250610252,7
1,631,0,0,0,0,0,0,0,2,0.04068348250610252,7
1,632,0,0,0,0,0,0,0,1,0.04068348250610252,8
1,632,0,0,0,0,0,0,0,2,0.04068348250610252,8
1,633,0,0,0,0,0,0,0,1,0.04068348250610252,9
1,633,0,0,0,0,0,0,0,2,0.04068348250610252,9
1,634,0,0,0,0,0,0,0,1,0.04068348250610252,10
1,634,0,0,0,0,0,0,0,2,0.04068348250610252,10
1,635,0,0,0,0,0,0,0,1,0.04068348250610252,11
1,635,0,0,0,0,0,0,0,2,0.04068348250610252,11
1,636,0,0,0,0,0,0,0,1,0.04068348250610252,12
1,636,0,0,0,0,0,0,0,2,0.04068348250610252,12
1,637,0,0,0,0,0,0,0,1,0.04068348250610252,13
1,637,0,0,0,0,0,0,0,2,0.04068348250610252,13
1,638,0,0,0,0,0,0,0,1,0.04068348250610252,14
1,638,0,0,0,0,0,0,0,2,0.04068348250610252,14
1,639,0,0,0,0,0,0,0,1,0.04068348250610252,15
1,639,0,0,0,0,0,0,0,2,0.04068348250610252,15
1,640,0,0,0,0,0,0,0,1,0.04068348250610252,16
1,640,0,0,0,0,0,0,0,2,0.04068348250610252,16
1,641,0,0,0,0,0,0,0,1,0.04068348250610252,17
1,641,0,0,0,0,0,0,0,2,0.04068348250610252,17
1,642,0,0,0,0,0,0,0,1,0.04068348250610252,18
1,642,0,0,0,0,0,0,0,2,0.04068348250610252,18
1,643,0,0,0,0,0,0,0,1,0.04068348250610252,19
1,643,0,0,0,0,0,0,0,2,0.04068348250610252,19
1,644,0,0,0,0,0,0,0,1,0.04068348250610252,20
1,644,0,0,0,0,0,0,0,2,0.04068348250610252,20
1,645,0,0,0,0,0,0,0,1,0.04068348250610252,21
1,645,0,0,0,0,0,0,0,2,0.04068348250610252,21
1,646,0,0,0,0,0,0,0,1,0.04068348250610252,22
1,646,0,0,0,0,0,0,0,2,0.04068348250610252,22
1,647,0,0,0,0,0,0,0,1,0.04068348250610252,23
1,647,0,0,0,0,0,0,0,2,0.04068348250610252,23
1,648,0,0,0,0,0,0,0,1,0.04068348250610252,0
1,648,0,0,0,0,0,0,0,2,0.04068348250610252,0
1,649,0,0,0,0,0,0,0,1,0.04068348250610252,1
1,649,0,0,0,0,0,0,0,2,0.04068348250610252,1
1,650,0,0,0,0,0,0,0,1,0.04068348250610252,2
1,650,0,0,0,0,0,0,0,2,0.04068348250610252,2
1,651,0,0,0,0,0,0,0,1,0.04068348250610252,3
1,651,0,0,0,0,0,0,0,2,0.04068348250610252,3
1,652,0,0,0,0,0,0,0,1,0.04068348250610252,4
1,652,0,0,0,0,0,0,0,2,0.04068348250610252,4
1,653,0,0,0,0,0,0,0,1,0.04068348250610252,5
1,653,0,0,0,0,0,0,0,2,0.04068348250610252,5
1,654,0,0,0,0,0,0,0,1,0.04068348250610252,6
1,654,0,0,0,0,0,0,0,2,0.04068348250610252,6
1,655,0,0,0,0,0,0,0,1,0.04068348250610252,7
1,655,0,0,0,0,0,0,0,2,0.04068348250610252,7
1,656,0,0,0,0,0,0,0,1,0.04068348250610252,8
1,656,0,0,0,0,0,0,0,2,0.04068348250610252,8
1,657,0,0,0,0,0,0,0,1,0.04068348250610252,9
1,657,0,0,0,0,0,0,0,2,0.04068348250610252,9
1,658,0,0,0,0,0,0,0,1,0.04068348250610252,10
1,658,0,0,0,0,0,0,0,2,0.04068348250610252,10
1,659,0,0,0,0,0,0,0,1,0.04068348250610252,11
1,659,0,0,0,0,0,0,0,2,0.04068348250610252,11
1,660,0,0,0,0,0,0,0,1,0.04068348250610252,12
1,660,0,0,0,0,0,0,0,2,0.04068348250610252,12
1,661,0,0,0,0,0,0,0,1,0.04068348250610252,13
1,661,0,0,0,0,0,0,0,2,0.04068348250610252,13
1,662,0,0,0,0,0,0,0,1,0.04068348250610252,14
1,662,0,0,0,0,0,0,0,2,0.04068348250610252,14
1,663,0,0,0,0,0,0,0,1,0.04068348250610252,15
1,663,0,0,0,0,0,0,0,2,0.04068348250610252,15
1,664,0,0,0,0,0,0,0,1,0.04068348250610252,16
1,664,0,0,0,0,0,0,0,2,0.04068348250610252,16
1,665,0,0,0,0,0,0,0,1,0.04068348250610252,17
1,665,0,0,0,0,0,0,0,2,0.04068348250610252,17
1,666,0,0,0,0,0,0,0,1,0.04068348250610252,18
1,666,0,0,0,0,0,0,0,2,0.04068348250610252,18
1,667,0,0,0,0,0,0,0,1,0.04068348250610252,19
1,667,0,0,0,0,0,0,0,2,0.04068348250610252,19
1,668,0,0,0,0,0,0,0,1,0.04068348250610252,20
1,668,0,0,0,0,0,0,0,2,0.04068348250610252,20
1,669,0,0,0,0,0,0,0,1,0.04068348250610252,21
1,669,0,0,0,0,0,0,0,2,0.04068348250610252,21
1,670,0,0,0,0,0,0,0,1,0.04068348250610252,22
1,670,0,0,0,0,0,0,0,2,0.04068348250610252,22
1,671,0,0,0,0,0,0,0,1,0.04068348250610252,23
1,671,0,0,0,0,0,0,0,2,0.04068348250610252,23
1,672,0,0,0,0,0,0,0,1,0.04068348250610252,0
1,672,0,0,0,0,0,0,0,2,0.04068348250610252,0
1,672,0,0,0,0,0,0,0,1,0.04068348250610252,0
1,672,0,0,0,0,0,0,0,2,0.04068348250610252,0
1,673,0,0,0,0,0,0,0,1,0.04068348250610252,1
1,673,0,0,0,0,0,0,0,2,0.04068348250610252,1
1,674,0,0,0,0,0,0,0,1,0.04068348250610252,2
1,674,0,0,0,0,0,0,0,2,0.04068348250610252,2
1,675,0,0,0,0,0,0,0,1,0.04068348250610252,3
1,675,0,0,0,0,0,0,0,2,0.04068348250610252,3
1,676,0,0,0,0,0,0,0,1,0.04068348250610252,4
1,676,0,0,0,0,0,0,0,2,0.04068348250610252,4
1,677,0,0,0,0,0,0,0,1,0.04068348250610252,5
1,677,0,0,0,0,0,0,0,2,0.04068348250610252,5
1,678,0,0,0,0,0,0,0,1,0.04068348250610252,6
1,678,0,0,0,0,0,0,0,2,0.04068348250610252,6
1,679,0,0,0,0,0,0,0,1,0.04068348250610252,7
1,679,0,0,0,0,0,0,0,2,0.04068348250610252,7
1,680,0,0,0,0,0,0,0,1,0.04068348250610252,8
1,680,0,0,0,0,0,0,0,2,0.04068348250610252,8
1,681,0,0,0,0,0,0,0,1,0.04068348250610252,9
1,681,0,0,0,0,0,0,0,2,0.04068348250610252,9
1,682,0,0,0,0,0,0,0,1,0.04068348250610252,10
1,682,0,0,0,0,0,0,0,2,0.04068348250610252,10
1,683,0,0,0,0,0,0,0,1,0.04068348250610252,11
1,683,0,0,0,0,0,0,0,2,0.04068348250610252,11
1,684,0,0,0,0,0,0,0,1,0.04068348250610252,12
1,684,0,0,0,0,0,0,0,2,0.04068348250610252,12
1,685,0,0,0,0,0,0,0,1,0.04068348250610252,13
1,685,0,0,0,0,0,0,0,2,0.04068348250610252,13
1,686,0,0,0,0,0,0,0,1,0.04068348250610252,14
1,686,0,0,0,0,0,0,0,2,0.04068348250610252,14
1,687,0,0,0,0,0,0,0,1,0.04068348250610252,15
1,687,0,0,0,0,0,0,0,2,0.04068348250610252,15
1,688,0,0,0,0,0,0,0,1,0.04068348250610252,16
1,688,0,0,0,0,0,0,0,2,0.04068348250610252,16
1,689,0,0,0,0,0,0,0,1,0.04068348250610252,17
1,689,0,0,0,0,0,0,0,2,0.04068348250610252,17
1,690,0,0,0,0,0,0,0,1,0.04068348250610252,18
1,690,0,0,0,0,0,0,0,2,0.04068348250610252,18
1,691,0,0,0,0,0,0,0,1,0.04068348250610252,19
1,691,0,0,0,0,0,0,0,2,0.04068348250610252,19
1,692,0,0,0,0,0,0,0,1,0.04068348250610252,20
1,692,0,0,0,0,0,0,0,2,0.04068348250610252,20
1,693,0,0,0,0,0,0,0,1,0.04068348250610252,21
1,693,0,0,0,0,0,0,0,2,0.04068348250610252,21
1,694,0,0,0,0,0,0,0,1,0.04068348250610252,22
1,694,0,0,0,0,0,0,0,2,0.04068348250610252,22
1,695,0,0,0,0,0,0,0,1,0.04068348250610252,23
1,695,0,0,0,0,0,0,0,2,0.04068348250610252,23
1,696,0,0,0,0,0,0,0,1,0.04068348250610252,0
1,696,0,0,0,0,0,0,0,2,0.04068348250610252,0
1,697,0,0,0,0,0,0,0,1,0.04068348250610252,1
1,697,0,0,0,0,0,0,0,2,0.04068348250610252,1
1,698,0,0,0,0,0,0,0,1,0.04068348250610252,2
1,698,0,0,0,0,0,0,0,2,0.04068348250610252,2
1,699,0,0,0,0,0,0,0,1,0.04068348250610252,3
1,699,0,0,0,0,0,0,0,2,0.04068348250610252,3
1,700,0,0,0,0,0,0,0,1,0.04068348250610252,4
1,700,0,0,0,0,0,0,0,2,0.04068348250610252,4
1,701,0,0,0,0,0,0,0,1,0.04068348250610252,5
1,701,0,0,0,0,0,0,0,2,0.04068348250610252,5
1,702,0,0,0,0,0,0,0,1,0.04068348250610252,6
1,702,0,0,0,0,0,0,0,2,0.04068348250610252,6
1,703,0,0,0,0,0,0,0,1,0.04068348250610252,7
1,703,0,0,0,0,0,0,0,2,0.04068348250610252,7
1,704,0,0,0,0,0,0,0,1,0.04068348250610252,8
1,704,0,0,0,0,0,0,0,2,0.04068348250610252,8
1,705,0,0,0,0,0,0,0,1,0.04068348250610252,9
1,705,0,0,0,0,0,0,0,2,0.04068348250610252,9
1,706,0,0,0,0,0,0,0,1,0.04068348250610252,10
1,706,0,0,0,0,0,0,0,2,0.04068348250610252,10
1,707,0,0,0,0,0,0,0,1,0.04068348250610252,11
1,707,0,0,0,0,0,0,0,2,0.04068348250610252,11
1,708,0,0,0,0,0,0,0,1,0.04068348250610252,12
1,708,0,0,0,0,0,0,0,2,0.04068348250610252,12
1,709,0,0,0,0,0,0,0,1,0.04068348250610252,13
1,709,0,0,0,0,0,0,0,2,0.04068348250610252,13
1,710,0,0,0,0,0,0,0,1,0.04068348250610252,14
1,710,0,0,0,0,0,0,0,2,0.04068348250610252,14
1,711,0,0,0,0,0,0,0,1,0.04068348250610252,15
1,711,0,0,0,0,0,0,0,2,0.04068348250610252,15
1,712,0,0,0,0,0,0,0,1,0.04068348250610252,16
1,712,0,0,0,0,0,0,0,2,0.04068348250610252,16
1,713,0,0,0,0,0,0,0,1,0.04068348250610252,17
1,713,0,0,0,0,0,0,0,2,0.04068348250610252,17
1,714,0,0,0,0,0,0,0,1,0.04068348250610252,18
1,714,0,0,0,0,0,0,0,2,0.04068348250610252,18
1,715,0,0,0,0,0,0,0,1,0.04068348250610252,19
1,715,0,0,0,0,0,0,0,2,0.04068348250610252,19
1,716,0,0,0,0,0,0,0,1,0.04068348250610252,20
1,716,0,0,0,0,0,0,0,2,0.04068348250610252,20
1,717,0,0,0,0,0,0,0,1,0.04068348250610252,21
1,717,0,0,0,0,0,0,0,2,0.04068348250610252,21
1,718,0,0,0,0,0,0,0,1,0.04068348250610252,22
1,718,0,0,0,0,0,0,0,2,0.04068348250610252,22
1,719,0,0,0,0,0,0,0,1,0.04068348250610252,23
1,719,0,0,0,0,0,0,0,2,0.04068348250610252,23
1,720,0,0,0,0,0,0,0,1,0.04068348250610252,0
1,720,0,0,0,0,0,0,0,2,0.04068348250610252,0
1,721,0,0,0,0,0,0,0,1,0.04068348250610252,1
1,721,0,0,0,0,0,0,0,2,0.04068348250610252,1
1,722,0,0,0,0,0,0,0,1,0.04068348250610252,2
1,722,0,0,0,0,0,0,0,2,0.04068348250610252,2
1,723,0,0,0,0,0,0,0,1,0.04068348250610252,3
1,723,0,0,0,0,0,0,0,2,0.04068348250610252,3
1,724,0,0,0,0,0,0,0,1,0.04068348250610252,4
1,724,0,0,0,0,0,0,0,2,0.04068348250610252,4
1,725,0,0,0,0,0,0,0,1,0.04068348250610252,5
1,725,0,0,0,0,0,0,0,2,0.04068348250610252,5
1,726,0,0,0,0,0,0,0,1,0.04068348250610252,6
1,726,0,0,0,0,0,0,0,2,0.04068348250610252,6
1,727,0,0,0,0,0,0,0,1,0.04068348250610252,7
1,727,0,0,0,0,0,0,0,2,0.04068348250610252,7
1,728,0,0,0,0,0,0,0,1,0.04068348250610252,8
1,728,0,0,0,0,0,0,0,2,0.04068348250610252,8
1,729,0,0,0,0,0,0,0,1,0.04068348250610252,9
1,729,0,0,0,0,0,0,0,2,0.04068348250610252,9
1,730,0,0,0,0,0,0,0,1,0.04068348250610252,10
1,730,0,0,0,0,0,0,0,2,0.04068348250610252,10
1,731,0,0,0,0,0,0,0,1,0.04068348250610252,11
1,731,0,0,0,0,0,0,0,2,0.04068348250610252,11
1,732,0,0,0,0,0,0,0,1,0.04068348250610252,12
1,732,0,0,0,0,0,0,0,2,0.04068348250610252,12
1,733,0,0,0,0,0,0,0,1,0.04068348250610252,13
1,733,0,0,0,0,0,0,0,2,0.04068348250610252,13
1,734,0,0,0,0,0,0,0,1,0.04068348250610252,14
1,734,0,0,0,0,0,0,0,2,0.04068348250610252,14
1,735,0,0,0,0,0,0,0,1,0.04068348250610252,15
1,735,0,0,0,0,0,0,0,2,0.04068348250610252,15
1,736,0,0,0,0,0,0,0,1,0.04068348250610252,16
1,736,0,0,0,0,0,0,0,2,0.04068348250610252,16
1,737,0,0,0,0,0,0,0,1,0.04068348250610252,17
1,737,0,0,0,0,0,0,0,2,0.04068348250610252,17
1,738,0,0,0,0,0,0,0,1,0.04068348250610252,18
1,738,0,0,0,0,0,0,0,2,0.04068348250610252,18
1,739,0,0,0,0,0,0,0,1,0.04068348250610252,19
1,739,0,0,0,0,0,0,0,2,0.04068348250610252,19
1,740,0,0,0,0,0,0,0,1,0.04068348250610252,20
1,740,0,0,0,0,0,0,0,2,0.04068348250610252,20
1,741,0,0,0,0,0,0,0,1,0.04068348250610252,21
1,741,0,0,0,0,0,0,0,2,0.04068348250610252,21
1,742,0,0,0,0,0,0,0,1,0.04068348250610252,22
1,742,0,0,0,0,0,0,0,2,0.04068348250610252,22
1,743,0,0,0,0,0,0,0,1,0.04068348250610252,23
1,743,0,0,0,0,0,0,0,2,0.04068348250610252,23
1,744,0,0,0,0,0,0,0,1,0.04068348250610252,0
1,744,0,0,0,0,0,0,0,2,0.04068348250610252,0
1,745,0,0,0,0,0,0,0,1,0.04068348250610252,1
1,745,0,0,0,0,0,0,0,2,0.04068348250610252,1
1,746,0,0,0,0,0,0,0,1,0.04068348250610252,2
1,746,0,0,0,0,0,0,0,2,0.04068348250610252,2
1,747,0,0,0,0,0,0,0,1,0.04068348250610252,3
1,747,0,0,0,0,0,0,0,2,0.04068348250610252,3
1,748,0,0,0,0,0,0,0,1,0.04068348250610252,4
1,748,0,0,0,0,0,0,0,2,0.04068348250610252,4
1,749,0,0,0,0,0,0,0,1,0.04068348250610252,5
1,749,0,0,0,0,0,0,0,2,0.04068348250610252,5
1,750,0,0,0,0,0,0,0,1,0.04068348250610252,6
1,750,0,0,0,0,0,0,0,2,0.04068348250610252,6
1,751,0,0,0,0,0,0,0,1,0.04068348250610252,7
1,751,0,0,0,0,0,0,0,2,0.04068348250610252,7
1,752,0,0,0,0,0,0,0,1,0.04068348250610252,8
1,752,0,0,0,0,0,0,0,2,0.04068348250610252,8
1,753,0,0,0,0,0,0,0,1,0.04068348250610252,9
1,753,0,0,0,0,0,0,0,2,0.04068348250610252,9
1,754,0,0,0,0,0,0,0,1,0.04068348250610252,10
1,754,0,0,0,0,0,0,0,2,0.04068348250610252,10
1,755,0,0,0,0,0,0,0,1,0.04068348250610252,11
1,755,0,0,0,0,0,0,0,2,0.04068348250610252,11
1,756,0,0,0,0,0,0,0,1,0.04068348250610252,12
1,756,0,0,0,0,0,0,0,2,0.04068348250610252,12
1,757,0,0,0,0,0,0,0,1,0.04068348250610252,13
1,757,0,0,0,0,0,0,0,2,0.04068348250610252,13
1,758,0,0,0,0,0,0,0,1,0.04068348250610252,14
1,758,0,0,0,0,0,0,0,2,0.04068348250610252,14
1,759,0,0,0,0,0,0,0,1,0.04068348250610252,15
1,759,0,0,0,0,0,0,0,2,0.04068348250610252,15
1,760,0,0,0,0,0,0,0,1,0.04068348250610252,16
1,760,0,0,0,0,0,0,0,2,0.04068348250610252,16
1,761,0,0,0,0,0,0,0,1,0.04068348250610252,17
1,761,0,0,0,0,0,0,0,2,0.04068348250610252,17
1,762,0,0,0,0,0,0,0,1,0.04068348250610252,18
1,762,0,0,0,0,0,0,0,2,0.04068348250610252,18
1,763,0,0,0,0,0,0,0,1,0.04068348250610252,19
1,763,0,0,0,0,0,0,0,2,0.04068348250610252,19
1,764,0,0,0,0,0,0,0,1,0.04068348250610252,20
1,764,0,0,0,0,0,0,0,2,0.04068348250610252,20
1,765,0,0,0,0,0,0,0,1,0.04068348250610252,21
1,765,0,0,0,0,0,0,0,2,0.04068348250610252,21
1,766,0,0,0,0,0,0,0,1,0.04068348250610252,22
1,766,0,0,0,0,0,0,0,2,0.04068348250610252,22
1,767,0,0,0,0,0,0,0,1,0.04068348250610252,23
1,767,0,0,0,0,0,0,0,2,0.04068348250610252,23
1,768,0,0,0,0,0,0,0,1,0.04068348250610252,0
1,768,0,0,0,0,0,0,0,2,0.04068348250610252,0
1,769,0,0,0,0,0,0,0,1,0.04068348250610252,1
1,769,0,0,0,0,0,0,0,2,0.04068348250610252,1
1,770,0,0,0,0,0,0,0,1,0.04068348250610252,2
1,770,0,0,0,0,0,0,0,2,0.04068348250610252,2
1,771,0,0,0,0,0,0,0,1,0.04068348250610252,3
1,771,0,0,0,0,0,0,0,2,0.04068348250610252,3
1,772,0,0,0,0,0,0,0,1,0.04068348250610252,4
1,772,0,0,0,0,0,0,0,2,0.04068348250610252,4
1,773,0,0,0,0,0,0,0,1,0.04068348250610252,5
1,773,0,0,0,0,0,0,0,2,0.04068348250610252,5
1,774,0,0,0,0,0,0,0,1,0.04068348250610252,6
1,774,0,0,0,0,0,0,0,2,0.04068348250610252,6
1,775,0,0,0,0,0,0,0,1,0.04068348250610252,7
1,775,0,0,0,0,0,0,0,2,0.04068348250610252,7
1,776,0,0,0,0,0,0,0,1,0.04068348250610252,8
1,776,0,0,0,0,0,0,0,2,0.04068348250610252,8
1,777,0,0,0,0,0,0,0,1,0.04068348250610252,9
1,777,0,0,0,0,0,0,0,2,0.04068348250610252,9
1,778,0,0,0,0,0,0,0,1,0.04068348250610252,10
1,778,0,0,0,0,0,0,0,2,0.04068348250610252,10
1,779,0,0,0,0,0,0,0,1,0.04068348250610252,11
1,779,0,0,0,0,0,0,0,2,0.04068348250610252,11
1,780,0,0,0,0,0,0,0,1,0.04068348250610252,12
1,780,0,0,0,0,0,0,0,2,0.04068348250610252,12
1,781,0,0,0,0,0,0,0,1,0.04068348250610252,13
1,781,0,0,0,0,0,0,0,2,0.04068348250610252,13
1,782,0,0,0,0,0,0,0,1,0.04068348250610252,14
1,782,0,0,0,0,0,0,0,2,0.04068348250610252,14
1,783,0,0,0,0,0,0,0,1,0.04068348250610252,15
1,783,0,0,0,0,0,0,0,2,0.04068348250610252,15
1,784,0,0,0,0,0,0,0,1,0.04068348250610252,16
1,784,0,0,0,0,0,0,0,2,0.04068348250610252,16
1,785,0,0,0,0,0,0,0,1,0.04068348250610252,17
1,785,0,0,0,0,0,0,0,2,0.04068348250610252,17
1,786,0,0,0,0,0,0,0,1,0.04068348250610252,18
1,786,0,0,0,0,0,0,0,2,0.04068348250610252,18
1,787,0,0,0,0,0,0,0,1,0.04068348250610252,19
1,787,0,0,0,0,0,0,0,2,0.04068348250610252,19
1,788,0,0,0,0,0,0,0,1,0.04068348250610252,20
1,788,0,0,0,0,0,0,0,2,0.04068348250610252,20
1,789,0,0,0,0,0,0,0,1,0.04068348250610252,21
1,789,0,0,0,0,0,0,0,2,0.04068348250610252,21
1,790,0,0,0,0,0,0,0,1,0.04068348250610252,22
1,790,0,0,0,0,0,0,0,2,0.04068348250610252,22
1,791,0,0,0,0,0,0,0,1,0.04068348250610252,23
1,791,0,0,0,0,0,0,0,2,0.04068348250610252,23
1,792,0,0,0,0,0,0,0,1,0.04068348250610252,0
1,792,0,0,0,0,0,0,0,2,0.04068348250610252,0
1,793,0,0,0,0,0,0,0,1,0.04068348250610252,1
1,793,0,0,0,0,0,0,0,2,0.04068348250610252,1
1,794,0,0,0,0,0,0,0,1,0.04068348250610252,2
1,794,0,0,0,0,0,0,0,2,0.04068348250610252,2
1,795,0,0,0,0,0,0,0,1,0.04068348250610252,3
1,795,0,0,0,0,0,0,0,2,0.04068348250610252,3
1,796,0,0,0,0,0,0,0,1,0.04068348250610252,4
1,796,0,0,0,0,0,0,0,2,0.04068348250610252,4
1,797,0,0,0,0,0,0,0,1,0.04068348250610252,5
1,797,0,0,0,0,0,0,0,2,0.04068348250610252,5
1,798,0,0,0,0,0,0,0,1,0.04068348250610252,6
1,798,0,0,0,0,0,0,0,2,0.04068348250610252,6
1,799,0,0,0,0,0,0,0,1,0.04068348250610252,7
1,799,0,0,0,0,0,0,0,2,0.04068348250610252,7
1,800,0,0,0,0,0,0,0,1,0.04068348250610252,8
1,800,0,0,0,0,0,0,0,2,0.04068348250610252,8
1,801,0,0,0,0,0,0,0,1,0.04068348250610252,9
1,801,0,0,0,0,0,0,0,2,0.04068348250610252,9
1,802,0,0,0,0,0,0,0,1,0.04068348250610252,10
1,802,0,0,0,0,0,0,0,2,0.04068348250610252,10
1,803,0,0,0,0,0,0,0,1,0.04068348250610252,11
1,803,0,0,0,0,0,0,0,2,0.04068348250610252,11
1,804,0,0,0,0,0,0,0,1,0.04068348250610252,12
1,804,0,0,0,0,0,0,0,2,0.04068348250610252,12
1,805,0,0,0,0,0,0,0,1,0.04068348250610252,13
1,805,0,0,0,0,0,0,0,2,0.04068348250610252,13
1,806,0,0,0,0,0,0,0,1,0.04068348250610252,14
1,806,0,0,0,0,0,0,0,2,0.04068348250610252,14
1,807,0,0,0,0,0,0,0,1,0.04068348250610252,15
1,807,0,0,0,0,0,0,0,2,0.04068348250610252,15
1,808,0,0,0,0,0,0,0,1,0.04068348250610252,16
1,808,0,0,0,0,0,0,0,2,0.04068348250610252,16
1,809,0,0,0,0,0,0,0,1,0.04068348250610252,17
1,809,0,0,0,0,0,0,0,2,0.04068348250610252,17
1,810,0,0,0,0,0,0,0,1,0.04068348250610252,18
1,810,0,0,0,0,0,0,0,2,0.04068348250610252,18
1,811,0,0,0,0,0,0,0,1,0.04068348250610252,19
1,811,0,0,0,0,0,0,0,2,0.04068348250610252,19
1,812,0,0,0,0,0,0,0,1,0.04068348250610252,20
1,812,0,0,0,0,0,0,0,2,0.04068348250610252,20
1,813,0,0,0,0,0,0,0,1,0.04068348250610252,21
1,813,0,0,0,0,0,0,0,2,0.04068348250610252,21
1,814,0,0,0,0,0,0,0,1,0.04068348250610252,22
1,814,0,0,0,0,0,0,0,2,0.04068348250610252,22
1,815,0,0,0,0,0,0,0,1,0.04068348250610252,23
1,815,0,0,0,0,0,0,0,2,0.04068348250610252,23
1,816,0,0,0,0,0,0,0,1,0.04068348250610252,0
1,816,0,0,0,0,0,0,0,2,0.04068348250610252,0
1,817,0,0,0,0,0,0,0,1,0.04068348250610252,1
1,817,0,0,0,0,0,0,0,2,0.04068348250610252,1
1,818,0,0,0,0,0,0,0,1,0.04068348250610252,2
1,818,0,0,0,0,0,0,0,2,0.04068348250610252,2
1,819,0,0,0,0,0,0,0,1,0.04068348250610252,3
1,819,0,0,0,0,0,0,0,2,0.04068348250610252,3
1,820,0,0,0,0,0,0,0,1,0.04068348250610252,4
1,820,0,0,0,0,0,0,0,2,0.04068348250610252,4
1,821,0,0,0,0,0,0,0,1,0.04068348250610252,5
1,821,0,0,0,0,0,0,0,2,0.04068348250610252,5
1,822,0,0,0,0,0,0,0,1,0.04068348250610252,6
1,822,0,0,0,0,0,0,0,2,0.04068348250610252,6
1,823,0,0,0,0,0,0,0,1,0.04068348250610252,7
1,823,0,0,0,0,0,0,0,2,0.04068348250610252,7
1,824,0,0,0,0,0,0,0,1,0.04068348250610252,8
1,824,0,0,0,0,0,0,0,2,0.04068348250610252,8
1,825,0,0,0,0,0,0,0,1,0.04068348250610252,9
1,825,0,0,0,0,0,0,0,2,0.04068348250610252,9
1,826,0,0,0,0,0,0,0,1,0.04068348250610252,10
1,826,0,0,0,0,0,0,0,2,0.04068348250610252,10
1,827,0,0,0,0,0,0,0,1,0.04068348250610252,11
1,827,0,0,0,0,0,0,0,2,0.04068348250610252,11
1,828,0,0,0,0,0,0,0,1,0.04068348250610252,12
1,828,0,0,0,0,0,0,0,2,0.04068348250610252,12
1,829,0,0,0,0,0,0,0,1,0.04068348250610252,13
1,829,0,0,0,0,0,0,0,2,0.04068348250610252,13
1,830,0,0,0,0,0,0,0,1,0.04068348250610252,14
1,830,0,0,0,0,0,0,0,2,0.04068348250610252,14
1,831,0,0,0,0,0,0,0,1,0.04068348250610252,15
1,831,0,0,0,0,0,0,0,2,0.04068348250610252,15
1,832,0,0,0,0,0,0,0,1,0.04068348250610252,16
1,832,0,0,0,0,0,0,0,2,0.04068348250610252,16
1,833,0,0,0,0,0,0,0,1,0.04068348250610252,17
1,833,0,0,0,0,0,0,0,2,0.04068348250610252,17
1,834,0,0,0,0,0,0,0,1,0.04068348250610252,18
1,834,0,0,0,0,0,0,0,2,0.04068348250610252,18
1,835,0,0,0,0,0,0,0,1,0.04068348250610252,19
1,835,0,0,0,0,0,0,0,2,0.04068348250610252,19
1,836,0,0,0,0,0,0,0,1,0.04068348250610252,20
1,836,0,0,0,0,0,0,0,2,0.04068348250610252,20
1,837,0,0,0,0,0,0,0,1,0.04068348250610252,21
1,837,0,0,0,0,0,0,0,2,0.04068348250610252,21
1,838,0,0,0,0,0,0,0,1,0.04068348250610252,22
1,838,0,0,0,0,0,0,0,2,0.04068348250610252,22
1,839,0,0,0,0,0,0,0,1,0.04068348250610252,23
1,839,0,0,0,0,0,0,0,2,0.04068348250610252,23
1,840,0,0,0,0,0,0,0,1,0.04068348250610252,0
1,840,0,0,0,0,0,0,0,2,0.04068348250610252,0
1,841,0,0,0,0,0,0,0,1,0.04068348250610252,1
1,841,0,0,0,0,0,0,0,2,0.04068348250610252,1
1,842,0,0,0,0,0,0,0,1,0.04068348250610252,2
1,842,0,0,0,0,0,0,0,2,0.04068348250610252,2
1,843,0,0,0,0,0,0,0,1,0.04068348250610252,3
1,843,0,0,0,0,0,0,0,2,0.04068348250610252,3
1,844,0,0,0,0,0,0,0,1,0.04068348250610252,4
1,844,0,0,0,0,0,0,0,2,0.04068348250610252,4
1,845,0,0,0,0,0,0,0,1,0.04068348250610252,5
1,845,0,0,0,0,0,0,0,2,0.04068348250610252,5
1,846,0,0,0,0,0,0,0,1,0.04068348250610252,6
1,846,0,0,0,0,0,0,0,2,0.04068348250610252,6
1,847,0,0,0,0,0,0,0,1,0.04068348250610252,7
1,847,0,0,0,0,0,0,0,2,0.04068348250610252,7
1,848,0,0,0,0,0,0,0,1,0.04068348250610252,8
1,848,0,0,0,0,0,0,0,2,0.04068348250610252,8
1,849,0,0,0,0,0,0,0,1,0.04068348250610252,9
1,849,0,0,0,0,0,0,0,2,0.04068348250610252,9
1,850,0,0,0,0,0,0,0,1,0.04068348250610252,10
1,850,0,0,0,0,0,0,0,2,0.04068348250610252,10
1,851,0,0,0,0,0,0,0,1,0.04068348250610252,11
1,851,0,0,0,0,0,0,0,2,0.04068348250610252,11
1,852,0,0,0,0,0,0,0,1,0.04068348250610252,12
1,852,0,0,0,0,0,0,0,2,0.04068348250610252,12
1,853,0,0,0,0,0,0,0,1,0.04068348250610252,13
1,853,0,0,0,0,0,0,0,2,0.04068348250610252,13
1,854,0,0,0,0,0,0,0,1,0.04068348250610252,14
1,854,0,0,0,0,0,0,0,2,0.04068348250610252,14
1,855,0,0,0,0,0,0,0,1,0.04068348250610252,15
1,855,0,0,0,0,0,0,0,2,0.04068348250610252,15
1,856,0,0,0,0,0,0,0,1,0.04068348250610252,16
1,856,0,0,0,0,0,0,0,2,0.04068348250610252,16
1,857,0,0,0,0,0,0,0,1,0.04068348250610252,17
1,857,0,0,0,0,0,0,0,2,0.04068348250610252,17
1,858,0,0,0,0,0,0,0,1,0.04068348250610252,18
1,858,0,0,0,0,0,0,0,2,0.04068348250610252,18
1,859,0,0,0,0,0,0,0,1,0.04068348250610252,19
1,859,0,0,0,0,0,0,0,2,0.04068348250610252,19
1,860,0,0,0,0,0,0,0,1,0.04068348250610252,20
1,860,0,0,0,0,0,0,0,2,0.04068348250610252,20
1,861,0,0,0,0,0,0,0,1,0.04068348250610252,21
1,861,0,0,0,0,0,0,0,2,0.04068348250610252,21
1,862,0,0,0,0,0,0,0,1,0.04068348250610252,22
1,862,0,0,0,0,0,0,0,2,0.04068348250610252,22
1,863,0,0,0,0,0,0,0,1,0.04068348250610252,23
1,863,0,0,0,0,0,0,0,2,0.04068348250610252,23
1,864,0,0,0,0,0,0,0,1,0.04068348250610252,0
1,864,0,0,0,0,0,0,0,2,0.04068348250610252,0
1,865,0,0,0,0,0,0,0,1,0.04068348250610252,1
1,865,0,0,0,0,0,0,0,2,0.04068348250610252,1
1,866,0,0,0,0,0,0,0,1,0.04068348250610252,2
1,866,0,0,0,0,0,0,0,2,0.04068348250610252,2
1,867,0,0,0,0,0,0,0,1,0.04068348250610252,3
1,867,0,0,0,0,0,0,0,2,0.04068348250610252,3
1,868,0,0,0,0,0,0,0,1,0.04068348250610252,4
1,868,0,0,0,0,0,0,0,2,0.04068348250610252,4
1,869,0,0,0,0,0,0,0,1,0.04068348250610252,5
1,869,0,0,0,0,0,0,0,2,0.04068348250610252,5
1,870,0,0,0,0,0,0,0,1,0.04068348250610252,6
1,870,0,0,0,0,0,0,0,2,0.04068348250610252,6
1,871,0,0,0,0,0,0,0,1,0.04068348250610252,7
1,871,0,0,0,0,0,0,0,2,0.04068348250610252,7
1,872,0,0,0,0,0,0,0,1,0.04068348250610252,8
1,872,0,0,0,0,0,0,0,2,0.04068348250610252,8
1,873,0,0,0,0,0,0,0,1,0.04068348250610252,9
1,873,0,0,0,0,0,0,0,2,0.04068348250610252,9
1,874,0,0,0,0,0,0,0,1,0.04068348250610252,10
1,874,0,0,0,0,0,0,0,2,0.04068348250610252,10
1,875,0,0,0,0,0,0,0,1,0.04068348250610252,11
1,875,0,0,0,0,0,0,0,2,0.04068348250610252,11
1,876,0,0,0,0,0,0,0,1,0.04068348250610252,12
1,876,0,0,0,0,0,0,0,2,0.04068348250610252,12
1,877,0,0,0,0,0,0,0,1,0.04068348250610252,13
1,877,0,0,0,0,0,0,0,2,0.04068348250610252,13
1,878,0,0,0,0,0,0,0,1,0.04068348250610252,14
1,878,0,0,0,0,0,0,0,2,0.04068348250610252,14
1,879,0,0,0,0,0,0,0,1,0.04068348250610252,15
1,879,0,0,0,0,0,0,0,2,0.04068348250610252,15
1,880,0,0,0,0,0,0,0,1,0.04068348250610252,16
1,880,0,0,0,0,0,0,0,2,0.04068348250610252,16
1,881,0,0,0,0,0,0,0,1,0.04068348250610252,17
1,881,0,0,0,0,0,0,0,2,0.04068348250610252,17
1,882,0,0,0,0,0,0,0,1,0.04068348250610252,18
1,882,0,0,0,0,0,0,0,2,0.04068348250610252,18
1,883,0,0,0,0,0,0,0,1,0.04068348250610252,19
1,883,0,0,0,0,0,0,0,2,0.04068348250610252,19
1,884,0,0,0,0,0,0,0,1,0.04068348250610252,20
1,884,0,0,0,0,0,0,0,2,0.04068348250610252,20
1,885,0,0,0,0,0,0,0,1,0.04068348250610252,21
1,885,0,0,0,0,0,0,0,2,0.04068348250610252,21
1,886,0,0,0,0,0,0,0,1,0.04068348250610252,22
1,886,0,0,0,0,0,0,0,2,0.04068348250610252,22
1,887,0,0,0,0,0,0,0,1,0.04068348250610252,23
1,887,0,0,0,0,0,0,0,2,0.04068348250610252,23
1,888,0,0,0,0,0,0,0,1,0.04068348250610252,0
1,888,0,0,0,0,0,0,0,2,0.04068348250610252,0
1,889,0,0,0,0,0,0,0,1,0.04068348250610252,1
1,889,0,0,0,0,0,0,0,2,0.04068348250610252,1
1,890,0,0,0,0,0,0,0,1,0.04068348250610252,2
1,890,0,0,0,0,0,0,0,2,0.04068348250610252,2
1,891,0,0,0,0,0,0,0,1,0.04068348250610252,3
1,891,0,0,0,0,0,0,0,2,0.04068348250610252,3
1,892,0,0,0,0,0,0,0,1,0.04068348250610252,4
1,892,0,0,0,0,0,0,0,2,0.04068348250610252,4
1,893,0,0,0,0,0,0,0,1,0.04068348250610252,5
1,893,0,0,0,0,0,0,0,2,0.04068348250610252,5
1,894,0,0,0,0,0,0,0,1,0.04068348250610252,6
1,894,0,0,0,0,0,0,0,2,0.04068348250610252,6
1,895,0,0,0,0,0,0,0,1,0.04068348250610252,7
1,895,0,0,0,0,0,0,0,2,0.04068348250610252,7
1,896,0,0,0,0,0,0,0,1,0.04068348250610252,8
1,896,0,0,0,0,0,0,0,2,0.04068348250610252,8
1,897,0,0,0,0,0,0,0,1,0.04068348250610252,9
1,897,0,0,0,0,0,0,0,2,0.04068348250610252,9
1,898,0,0,0,0,0,0,0,1,0.04068348250610252,10
1,898,0,0,0,0,0,0,0,2,0.04068348250610252,10
1,899,0,0,0,0,0,0,0,1,0.04068348250610252,11
1,899,0,0,0,0,0,0,0,2,0.04068348250610252,11
1,900,0,0,0,0,0,0,0,1,0.04068348250610252,12
1,900,0,0,0,0,0,0,0,2,0.04068348250610252,12
1,901,0,0,0,0,0,0,0,1,0.04068348250610252,13
1,901,0,0,0,0,0,0,0,2,0.04068348250610252,13
1,902,0,0,0,0,0,0,0,1,0.04068348250610252,14
1,902,0,0,0,0,0,0,0,2,0.04068348250610252,14
1,903,0,0,0,0,0,0,0,1,0.04068348250610252,15
1,903,0,0,0,0,0,0,0,2,0.04068348250610252,15
1,904,0,0,0,0,0,0,0,1,0.04068348250610252,16
1,904,0,0,0,0,0,0,0,2,0.04068348250610252,16
1,905,0,0,0,0,0,0,0,1,0.04068348250610252,17
1,905,0,0,0,0,0,0,0,2,0.04068348250610252,17
1,906,0,0,0,0,0,0,0,1,0.04068348250610252,18
1,906,0,0,0,0,0,0,0,2,0.04068348250610252,18
1,907,0,0,0,0,0,0,0,1,0.04068348250610252,19
1,907,0,0,0,0,0,0,0,2,0.04068348250610252,19
1,908,0,0,0,0,0,0,0,1,0.04068348250610252,20
1,908,0,0,0,0,0,0,0,2,0.04068348250610252,20
1,909,0,0,0,0,0,0,0,1,0.04068348250610252,21
1,909,0,0,0,0,0,0,0,2,0.04068348250610252,21
1,910,0,0,0,0,0,0,0,1,0.04068348250610252,22
1,910,0,0,0,0,0,0,0,2,0.04068348250610252,22
1,911,0,0,0,0,0,0,0,1,0.04068348250610252,23
1,911,0,0,0,0,0,0,0,2,0.04068348250610252,23
1,912,0,0,0,0,0,0,0,1,0.04068348250610252,0
1,912,0,0,0,0,0,0,0,2,0.04068348250610252,0
1,913,0,0,0,0,0,0,0,1,0.04068348250610252,1
1,913,0,0,0,0,0,0,0,2,0.04068348250610252,1
1,914,0,0,0,0,0,0,0,1,0.04068348250610252,2
1,914,0,0,0,0,0,0,0,2,0.04068348250610252,2
1,915,0,0,0,0,0,0,0,1,0.04068348250610252,3
1,915,0,0,0,0,0,0,0,2,0.04068348250610252,3
1,916,0,0,0,0,0,0,0,1,0.04068348250610252,4
1,916,0,0,0,0,0,0,0,2,0.04068348250610252,4
1,917,0,0,0,0,0,0,0,1,0.04068348250610252,5
1,917,0,0,0,0,0,0,0,2,0.04068348250610252,5
1,918,0,0,0,0,0,0,0,1,0.04068348250610252,6
1,918,0,0,0,0,0,0,0,2,0.04068348250610252,6
1,919,0,0,0,0,0,0,0,1,0.04068348250610252,7
1,919,0,0,0,0,0,0,0,2,0.04068348250610252,7
1,920,0,0,0,0,0,0,0,1,0.04068348250610252,8
1,920,0,0,0,0,0,0,0,2,0.04068348250610252,8
1,921,0,0,0,0,0,0,0,1,0.04068348250610252,9
1,921,0,0,0,0,0,0,0,2,0.04068348250610252,9
1,922,0,0,0,0,0,0,0,1,0.04068348250610252,10
1,922,0,0,0,0,0,0,0,2,0.04068348250610252,10
1,923,0,0,0,0,0,0,0,1,0.04068348250610252,11
1,923,0,0,0,0,0,0,0,2,0.04068348250610252,11
1,924,0,0,0,0,0,0,0,1,0.04068348250610252,12
1,924,0,0,0,0,0,0,0,2,0.04068348250610252,12
1,925,0,0,0,0,0,0,0,1,0.04068348250610252,13
1,925,0,0,0,0,0,0,0,2,0.04068348250610252,13
1,926,0,0,0,0,0,0,0,1,0.04068348250610252,14
1,926,0,0,0,0,0,0,0,2,0.04068348250610252,14
1,927,0,0,0,0,0,0,0,1,0.04068348250610252,15
1,927,0,0,0,0,0,0,0,2,0.04068348250610252,15
1,928,0,0,0,0,0,0,0,1,0.04068348250610252,16
1,928,0,0,0,0,0,0,0,2,0.04068348250610252,16
1,929,0,0,0,0,0,0,0,1,0.04068348250610252,17
1,929,0,0,0,0,0,0,0,2,0.04068348250610252,17
1,930,0,0,0,0,0,0,0,1,0.04068348250610252,18
1,930,0,0,0,0,0,0,0,2,0.04068348250610252,18
1,931,0,0,0,0,0,0,0,1,0.04068348250610252,19
1,931,0,0,0,0,0,0,0,2,0.04068348250610252,19
1,932,0,0,0,0,0,0,0,1,0.04068348250610252,20
1,932,0,0,0,0,0,0,0,2,0.04068348250610252,20
1,933,0,0,0,0,0,0,0,1,0.04068348250610252,21
1,933,0,0,0,0,0,0,0,2,0.04068348250610252,21
1,934,0,0,0,0,0,0,0,1,0.04068348250610252,22
1,934,0,0,0,0,0,0,0,2,0.04068348250610252,22
1,935,0,0,0,0,0,0,0,1,0.04068348250610252,23
1,935,0,0,0,0,0,0,0,2,0.04068348250610252,23
1,936,0,0,0,0,0,0,0,1,0.04068348250610252,0
1,936,0,0,0,0,0,0,0,2,0.04068348250610252,0
1,937,0,0,0,0,0,0,0,1,0.04068348250610252,1
1,937,0,0,0,0,0,0,0,2,0.04068348250610252,1
1,938,0,0,0,0,0,0,0,1,0.04068348250610252,2
1,938,0,0,0,0,0,0,0,2,0.04068348250610252,2
1,939,0,0,0,0,0,0,0,1,0.04068348250610252,3
1,939,0,0,0,0,0,0,0,2,0.04068348250610252,3
1,940,0,0,0,0,0,0,0,1,0.04068348250610252,4
1,940,0,0,0,0,0,0,0,2,0.04068348250610252,4
1,941,0,0,0,0,0,0,0,1,0.04068348250610252,5
1,941,0,0,0,0,0,0,0,2,0.04068348250610252,5
1,942,0,0,0,0,0,0,0,1,0.04068348250610252,6
1,942,0,0,0,0,0,0,0,2,0.04068348250610252,6
1,943,0,0,0,0,0,0,0,1,0.04068348250610252,7
1,943,0,0,0,0,0,0,0,2,0.04068348250610252,7
1,944,0,0,0,0,0,0,0,1,0.04068348250610252,8
1,944,0,0,0,0,0,0,0,2,0.04068348250610252,8
1,945,0,0,0,0,0,0,0,1,0.04068348250610252,9
1,945,0,0,0,0,0,0,0,2,0.04068348250610252,9
1,946,0,0,0,0,0,0,0,1,0.04068348250610252,10
1,946,0,0,0,0,0,0,0,2,0.04068348250610252,10
1,947,0,0,0,0,0,0,0,1,0.04068348250610252,11
1,947,0,0,0,0,0,0,0,2,0.04068348250610252,11
1,948,0,0,0,0,0,0,0,1,0.04068348250610252,12
1,948,0,0,0,0,0,0,0,2,0.04068348250610252,12
1,949,0,0,0,0,0,0,0,1,0.04068348250610252,13
1,949,0,0,0,0,0,0,0,2,0.04068348250610252,13
1,950,0,0,0,0,0,0,0,1,0.04068348250610252,14
1,950,0,0,0,0,0,0,0,2,0.04068348250610252,14
1,951,0,0,0,0,0,0,0,1,0.04068348250610252,15
1,951,0,0,0,0,0,0,0,2,0.04068348250610252,15
1,952,0,0,0,0,0,0,0,1,0.04068348250610252,16
1,952,0,0,0,0,0,0,0,2,0.04068348250610252,16
1,953,0,0,0,0,0,0,0,1,0.04068348250610252,17
1,953,0,0,0,0,0,0,0,2,0.04068348250610252,17
1,954,0,0,0,0,0,0,0,1,0.04068348250610252,18
1,954,0,0,0,0,0,0,0,2,0.04068348250610252,18
1,955,0,0,0,0,0,0,0,1,0.04068348250610252,19
1,955,0,0,0,0,0,0,0,2,0.04068348250610252,19
1,956,0,0,0,0,0,0,0,1,0.04068348250610252,20
1,956,0,0,0,0,0,0,0,2,0.04068348250610252,20
1,957,0,0,0,0,0,0,0,1,0.04068348250610252,21
1,957,0,0,0,0,0,0,0,2,0.04068348250610252,21
1,958,0,0,0,0,0,0,0,1,0.04068348250610252,22
1,958,0,0,0,0,0,0,0,2,0.04068348250610252,22
1,959,0,0,0,0,0,0,0,1,0.04068348250610252,23
1,959,0,0,0,0,0,0,0,2,0.04068348250610252,23
1,960,0,0,0,0,0,0,0,1,0.04068348250610252,0
1,960,0,0,0,0,0,0,0,2,0.04068348250610252,0
1,961,0,0,0,0,0,0,0,1,0.04068348250610252,1
1,961,0,0,0,0,0,0,0,2,0.04068348250610252,1
1,962,0,0,0,0,0,0,0,1,0.04068348250610252,2
1,962,0,0,0,0,0,0,0,2,0.04068348250610252,2
1,963,0,0,0,0,0,0,0,1,0.04068348250610252,3
1,963,0,0,0,0,0,0,0,2,0.04068348250610252,3
1,964,0,0,0,0,0,0,0,1,0.04068348250610252,4
1,964,0,0,0,0,0,0,0,2,0.04068348250610252,4
1,965,0,0,0,0,0,0,0,1,0.04068348250610252,5
1,965,0,0,0,0,0,0,0,2,0.04068348250610252,5
1,966,0,0,0,0,0,0,0,1,0.04068348250610252,6
1,966,0,0,0,0,0,0,0,2,0.04068348250610252,6
1,967,0,0,0,0,0,0,0,1,0.04068348250610252,7
1,967,0,0,0,0,0,0,0,2,0.04068348250610252,7
1,968,0,0,0,0,0,0,0,1,0.04068348250610252,8
1,968,0,0,0,0,0,0,0,2,0.04068348250610252,8
1,969,0,0,0,0,0,0,0,1,0.04068348250610252,9
1,969,0,0,0,0,0,0,0,2,0.04068348250610252,9
1,970,0,0,0,0,0,0,0,1,0.04068348250610252,10
1,970,0,0,0,0,0,0,0,2,0.04068348250610252,10
1,971,0,0,0,0,0,0,0,1,0.04068348250610252,11
1,971,0,0,0,0,0,0,0,2,0.04068348250610252,11
1,972,0,0,0,0,0,0,0,1,0.04068348250610252,12
1,972,0,0,0,0,0,0,0,2,0.04068348250610252,12
1,973,0,0,0,0,0,0,0,1,0.04068348250610252,13
1,973,0,0,0,0,0,0,0,2,0.04068348250610252,13
1,974,0,0,0,0,0,0,0,1,0.04068348250610252,14
1,974,0,0,0,0,0,0,0,2,0.04068348250610252,14
1,975,0,0,0,0,0,0,0,1,0.04068348250610252,15
1,975,0,0,0,0,0,0,0,2,0.04068348250610252,15
1,976,0,0,0,0,0,0,0,1,0.04068348250610252,16
1,976,0,0,0,0,0,0,0,2,0.04068348250610252,16
1,977,0,0,0,0,0,0,0,1,0.04068348250610252,17
1,977,0,0,0,0,0,0,0,2,0.04068348250610252,17
1,978,0,0,0,0,0,0,0,1,0.04068348250610252,18
1,978,0,0,0,0,0,0,0,2,0.04068348250610252,18
1,979,0,0,0,0,0,0,0,1,0.04068348250610252,19
1,979,0,0,0,0,0,0,0,2,0.04068348250610252,19
1,980,0,0,0,0,0,0,0,1,0.04068348250610252,20
1,980,0,0,0,0,0,0,0,2,0.04068348250610252,20
1,981,0,0,0,0,0,0,0,1,0.04068348250610252,21
1,981,0,0,0,0,0,0,0,2,0.04068348250610252,21
1,982,0,0,0,0,0,0,0,1,0.04068348250610252,22
1,982,0,0,0,0,0,0,0,2,0.04068348250610252,22
1,983,0,0,0,0,0,0,0,1,0.04068348250610252,23
1,983,0,0,0,0,0,0,0,2,0.04068348250610252,23
1,984,0,0,0,0,0,0,0,1,0.04068348250610252,0
1,984,0,0,0,0,0,0,0,2,0.04068348250610252,0
1,985,0,0,0,0,0,0,0,1,0.04068348250610252,1
1,985,0,0,0,0,0,0,0,2,0.04068348250610252,1
1,986,0,0,0,0,0,0,0,1,0.04068348250610252,2
1,986,0,0,0,0,0,0,0,2,0.04068348250610252,2
1,987,0,0,0,0,0,0,0,1,0.04068348250610252,3
1,987,0,0,0,0,0,0,0,2,0.04068348250610252,3
1,988,0,0,0,0,0,0,0,1,0.04068348250610252,4
1,988,0,0,0,0,0,0,0,2,0.04068348250610252,4
1,989,0,0,0,0,0,0,0,1,0.04068348250610252,5
1,989,0,0,0,0,0,0,0,2,0.04068348250610252,5
1,990,0,0,0,0,0,0,0,1,0.04068348250610252,6
1,990,0,0,0,0,0,0,0,2,0.04068348250610252,6
1,991,0,0,0,0,0,0,0,1,0.04068348250610252,7
1,991,0,0,0,0,0,0,0,2,0.04068348250610252,7
1,992,0,0,0,0,0,0,0,1,0.04068348250610252,8
1,992,0,0,0,0,0,0,0,2,0.04068348250610252,8
1,993,0,0,0,0,0,0,0,1,0.04068348250610252,9
1,993,0,0,0,0,0,0,0,2,0.04068348250610252,9
1,994,0,0,0,0,0,0,0,1,0.04068348250610252,10
1,994,0,0,0,0,0,0,0,2,0.04068348250610252,10
1,995,0,0,0,0,0,0,0,1,0.04068348250610252,11
1,995,0,0,0,0,0,0,0,2,0.04068348250610252,11
1,996,0,0,0,0,0,0,0,1,0.04068348250610252,12
1,996,0,0,0,0,0,0,0,2,0.04068348250610252,12
1,997,0,0,0,0,0,0,0,1,0.04068348250610252,13
1,997,0,0,0,0,0,0,0,2,0.04068348250610252,13
1,998,0,0,0,0,0,0,0,1,0.04068348250610252,14
1,998,0,0,0,0,0,0,0,2,0.04068348250610252,14
1,999,0,0,0,0,0,0,0,1,0.04068348250610252,15
1,999,0,0,0,0,0,0,0,2,0.04068348250610252,15
1,1000,0,0,0,0,0,0,0,1,0.04068348250610252,16
1,1000,0,0,0,0,0,0,0,2,0.04068348250610252,16
1,1001,0,0,0,0,0,0,0,1,0.04068348250610252,17
1,1001,0,0,0,0,0,0,0,2,0.04068348250610252,17
1,1002,0,0,0,0,0,0,0,1,0.04068348250610252,18
1,1002,0,0,0,0,0,0,0,2,0.04068348250610252,18
1,1003,0,0,0,0,0,0,0,1,0.04068348250610252,19
1,1003,0,0,0,0,0,0,0,2,0.04068348250610252,19
1,1004,0,0,0,0,0,0,0,1,0.04068348250610252,20
1,1004,0,0,0,0,0,0,0,2,0.04068348250610252,20
1,1005,0,0,0,0,0,0,0,1,0.04068348250610252,21
1,1005,0,0,0,0,0,0,0,2,0.04068348250610252,21
1,1006,0,0,0,0,0,0,0,1,0.04068348250610252,22
1,1006,0,0,0,0,0,0,0,2,0.04068348250610252,22
1,1007,0,0,0,0,0,0,0,1,0.04068348250610252,23
1,1007,0,0,0,0,0,0,0,2,0.04068348250610252,23
1,1008,0,0,0,0,0,0,0,1,0.04068348250610252,0
1,1008,0,0,0,0,0,0,0,2,0.04068348250610252,0
1,1009,0,0,0,0,0,0,0,1,0.04068348250610252,1
1,1009,0,0,0,0,0,0,0,2,0.04068348250610252,1
1,1010,0,0,0,0,0,0,0,1,0.04068348250610252,2
1,1010,0,0,0,0,0,0,0,2,0.04068348250610252,2
1,1011,0,0,0,0,0,0,0,1,0.04068348250610252,3
1,1011,0,0,0,0,0,0,0,2,0.04068348250610252,3
1,1012,0,0,0,0,0,0,0,1,0.04068348250610252,4
1,1012,0,0,0,0,0,0,0,2,0.04068348250610252,4
1,1013,0,0,0,0,0,0,0,1,0.04068348250610252,5
1,1013,0,0,0,0,0,0,0,2,0.04068348250610252,5
1,1014,0,0,0,0,0,0,0,1,0.04068348250610252,6
1,1014,0,0,0,0,0,0,0,2,0.04068348250610252,6
1,1015,0,0,0,0,0,0,0,1,0.04068348250610252,7
1,1015,0,0,0,0,0,0,0,2,0.04068348250610252,7
1,1016,0,0,0,0,0,0,0,1,0.04068348250610252,8
1,1016,0,0,0,0,0,0,0,2,0.04068348250610252,8
1,1017,0,0,0,0,0,0,0,1,0.04068348250610252,9
1,1017,0,0,0,0,0,0,0,2,0.04068348250610252,9
1,1018,0,0,0,0,0,0,0,1,0.04068348250610252,10
1,1018,0,0,0,0,0,0,0,2,0.04068348250610252,10
1,1019,0,0,0,0,0,0,0,1,0.04068348250610252,11
1,1019,0,0,0,0,0,0,0,2,0.04068348250610252,11
1,1020,0,0,0,0,0,0,0,1,0.04068348250610252,12
1,1020,0,0,0,0,0,0,0,2,0.04068348250610252,12
1,1021,0,0,0,0,0,0,0,1,0.04068348250610252,13
1,1021,0,0,0,0,0,0,0,2,0.04068348250610252,13
1,1022,0,0,0,0,0,0,0,1,0.04068348250610252,14
1,1022,0,0,0,0,0,0,0,2,0.04068348250610252,14
1,1023,0,0,0,0,0,0,0,1,0.04068348250610252,15
1,1023,0,0,0,0,0,0,0,2,0.04068348250610252,15
1,1024,0,0,0,0,0,0,0,1,0.04068348250610252,16
1,1024,0,0,0,0,0,0,0,2,0.04068348250610252,16
1,1025,0,0,0,0,0,0,0,1,0.04068348250610252,17
1,1025,0,0,0,0,0,0,0,2,0.04068348250610252,17
1,1026,0,0,0,0,0,0,0,1,0.04068348250610252,18
1,1026,0,0,0,0,0,0,0,2,0.04068348250610252,18
1,1027,0,0,0,0,0,0,0,1,0.04068348250610252,19
1,1027,0,0,0,0,0,0,0,2,0.04068348250610252,19
1,1028,0,0,0,0,0,0,0,1,0.04068348250610252,20
1,1028,0,0,0,0,0,0,0,2,0.04068348250610252,20
1,1029,0,0,0,0,0,0,0,1,0.04068348250610252,21
1,1029,0,0,0,0,0,0,0,2,0.04068348250610252,21
1,1030,0,0,0,0,0,0,0,1,0.04068348250610252,22
1,1030,0,0,0,0,0,0,0,2,0.04068348250610252,22
1,1031,0,0,0,0,0,0,0,1,0.04068348250610252,23
1,1031,0,0,0,0,0,0,0,2,0.04068348250610252,23
1,1032,0,0,0,0,0,0,0,1,0.04068348250610252,0
1,1032,0,0,0,0,0,0,0,2,0.04068348250610252,0
1,1033,0,0,0,0,0,0,0,1,0.04068348250610252,1
1,1033,0,0,0,0,0,0,0,2,0.04068348250610252,1
1,1034,0,0,0,0,0,0,0,1,0.04068348250610252,2
1,1034,0,0,0,0,0,0,0,2,0.04068348250610252,2
1,1035,0,0,0,0,0,0,0,1,0.04068348250610252,3
1,1035,0,0,0,0,0,0,0,2,0.04068348250610252,3
1,1036,0,0,0,0,0,0,0,1,0.04068348250610252,4
1,1036,0,0,0,0,0,0,0,2,0.04068348250610252,4
1,1037,0,0,0,0,0,0,0,1,0.04068348250610252,5
1,1037,0,0,0,0,0,0,0,2,0.04068348250610252,5
1,1038,0,0,0,0,0,0,0,1,0.04068348250610252,6
1,1038,0,0,0,0,0,0,0,2,0.04068348250610252,6
1,1039,0,0,0,0,0,0,0,1,0.04068348250610252,7
1,1039,0,0,0,0,0,0,0,2,0.04068348250610252,7
1,1040,0,0,0,0,0,0,0,1,0.04068348250610252,8
1,1040,0,0,0,0,0,0,0,2,0.04068348250610252,8
1,1041,0,0,0,0,0,0,0,1,0.04068348250610252,9
1,1041,0,0,0,0,0,0,0,2,0.04068348250610252,9
1,1042,0,0,0,0,0,0,0,1,0.04068348250610252,10
1,1042,0,0,0,0,0,0,0,2,0.04068348250610252,10
1,1043,0,0,0,0,0,0,0,1,0.04068348250610252,11
1,1043,0,0,0,0,0,0,0,2,0.04068348250610252,11
1,1044,0,0,0,0,0,0,0,1,0.04068348250610252,12
1,1044,0,0,0,0,0,0,0,2,0.04068348250610252,12
1,1045,0,0,0,0,0,0,0,1,0.04068348250610252,13
1,1045,0,0,0,0,0,0,0,2,0.04068348250610252,13
1,1046,0,0,0,0,0,0,0,1,0.04068348250610252,14
1,1046,0,0,0,0,0,0,0,2,0.04068348250610252,14
1,1047,0,0,0,0,0,0,0,1,0.04068348250610252,15
1,1047,0,0,0,0,0,0,0,2,0.04068348250610252,15
1,1048,0,0,0,0,0,0,0,1,0.04068348250610252,16
1,1048,0,0,0,0,0,0,0,2,0.04068348250610252,16
1,1049,0,0,0,0,0,0,0,1,0.04068348250610252,17
1,1049,0,0,0,0,0,0,0,2,0.04068348250610252,17
1,1050,0,0,0,0,0,0,0,1,0.04068348250610252,18
1,1050,0,0,0,0,0,0,0,2,0.04068348250610252,18
1,1051,0,0,0,0,0,0,0,1,0.04068348250610252,19
1,1051,0,0,0,0,0,0,0,2,0.04068348250610252,19
1,1052,0,0,0,0,0,0,0,1,0.04068348250610252,20
1,1052,0,0,0,0,0,0,0,2,0.04068348250610252,20
1,1053,0,0,0,0,0,0,0,1,0.04068348250610252,21
1,1053,0,0,0,0,0,0,0,2,0.04068348250610252,21
1,1054,0,0,0,0,0,0,0,1,0.04068348250610252,22
1,1054,0,0,0,0,0,0,0,2,0.04068348250610252,22
1,1055,0,0,0,0,0,0,0,1,0.04068348250610252,23
1,1055,0,0,0,0,0,0,0,2,0.04068348250610252,23
1,1056,0,0,0,0,0,0,0,1,0.04068348250610252,0
1,1056,0,0,0,0,0,0,0,2,0.04068348250610252,0
1,1057,0,0,0,0,0,0,0,1,0.04068348250610252,1
1,1057,0,0,0,0,0,0,0,2,0.04068348250610252,1
1,1058,0,0,0,0,0,0,0,1,0.04068348250610252,2
1,1058,0,0,0,0,0,0,0,2,0.04068348250610252,2
1,1059,0,0,0,0,0,0,0,1,0.04068348250610252,3
1,1059,0,0,0,0,0,0,0,2,0.04068348250610252,3
1,1060,0,0,0,0,0,0,0,1,0.04068348250610252,4
1,1060,0,0,0,0,0,0,0,2,0.04068348250610252,4
1,1061,0,0,0,0,0,0,0,1,0.04068348250610252,5
1,1061,0,0,0,0,0,0,0,2,0.04068348250610252,5
1,1062,0,0,0,0,0,0,0,1,0.04068348250610252,6
1,1062,0,0,0,0,0,0,0,2,0.04068348250610252,6
1,1063,0,0,0,0,0,0,0,1,0.04068348250610252,7
1,1063,0,0,0,0,0,0,0,2,0.04068348250610252,7
1,1064,0,0,0,0,0,0,0,1,0.04068348250610252,8
1,1064,0,0,0,0,0,0,0,2,0.04068348250610252,8
1,1065,0,0,0,0,0,0,0,1,0.04068348250610252,9
1,1065,0,0,0,0,0,0,0,2,0.04068348250610252,9
1,1066,0,0,0,0,0,0,0,1,0.04068348250610252,10
1,1066,0,0,0,0,0,0,0,2,0.04068348250610252,10
1,1067,0,0,0,0,0,0,0,1,0.04068348250610252,11
1,1067,0,0,0,0,0,0,0,2,0.04068348250610252,11
1,1068,0,0,0,0,0,0,0,1,0.04068348250610252,12
1,1068,0,0,0,0,0,0,0,2,0.04068348250610252,12
1,1069,0,0,0,0,0,0,0,1,0.04068348250610252,13
1,1069,0,0,0,0,0,0,0,2,0.04068348250610252,13
1,1070,0,0,0,0,0,0,0,1,0.04068348250610252,14
1,1070,0,0,0,0,0,0,0,2,0.04068348250610252,14
1,1071,0,0,0,0,0,0,0,1,0.04068348250610252,15
1,1071,0,0,0,0,0,0,0,2,0.04068348250610252,15
1,1072,0,0,0,0,0,0,0,1,0.04068348250610252,16
1,1072,0,0,0,0,0,0,0,2,0.04068348250610252,16
1,1073,0,0,0,0,0,0,0,1,0.04068348250610252,17
1,1073,0,0,0,0,0,0,0,2,0.04068348250610252,17
1,1074,0,0,0,0,0,0,0,1,0.04068348250610252,18
1,1074,0,0,0,0,0,0,0,2,0.04068348250610252,18
1,1075,0,0,0,0,0,0,0,1,0.04068348250610252,19
1,1075,0,0,0,0,0,0,0,2,0.04068348250610252,19
1,1076,0,0,0,0,0,0,0,1,0.04068348250610252,20
1,1076,0,0,0,0,0,0,0,2,0.04068348250610252,20
1,1077,0,0,0,0,0,0,0,1,0.04068348250610252,21
1,1077,0,0,0,0,0,0,0,2,0.04068348250610252,21
1,1078,0,0,0,0,0,0,0,1,0.04068348250610252,22
1,1078,0,0,0,0,0,0,0,2,0.04068348250610252,22
1,1079,0,0,0,0,0,0,0,1,0.04068348250610252,23
1,1079,0,0,0,0,0,0,0,2,0.04068348250610252,23
1,1080,0,0,0,0,0,0,0,1,0.04068348250610252,0
1,1080,0,0,0,0,0,0,0,2,0.04068348250610252,0
1,1081,0,0,0,0,0,0,0,1,0.04068348250610252,1
1,1081,0,0,0,0,0,0,0,2,0.04068348250610252,1
1,1082,0,0,0,0,0,0,0,1,0.04068348250610252,2
1,1082,0,0,0,0,0,0,0,2,0.04068348250610252,2
1,1083,0,0,0,0,0,0,0,1,0.04068348250610252,3
1,1083,0,0,0,0,0,0,0,2,0.04068348250610252,3
1,1084,0,0,0,0,0,0,0,1,0.04068348250610252,4
1,1084,0,0,0,0,0,0,0,2,0.04068348250610252,4
1,1085,0,0,0,0,0,0,0,1,0.04068348250610252,5
1,1085,0,0,0,0,0,0,0,2,0.04068348250610252,5
1,1086,0,0,0,0,0,0,0,1,0.04068348250610252,6
1,1086,0,0,0,0,0,0,0,2,0.04068348250610252,6
1,1087,0,0,0,0,0,0,0,1,0.04068348250610252,7
1,1087,0,0,0,0,0,0,0,2,0.04068348250610252,7
1,1088,0,0,0,0,0,0,0,1,0.04068348250610252,8
1,1088,0,0,0,0,0,0,0,2,0.04068348250610252,8
1,1089,0,0,0,0,0,0,0,1,0.04068348250610252,9
1,1089,0,0,0,0,0,0,0,2,0.04068348250610252,9
1,1090,0,0,0,0,0,0,0,1,0.04068348250610252,10
1,1090,0,0,0,0,0,0,0,2,0.04068348250610252,10
1,1091,0,0,0,0,0,0,0,1,0.04068348250610252,11
1,1091,0,0,0,0,0,0,0,2,0.04068348250610252,11
1,1092,0,0,0,0,0,0,0,1,0.04068348250610252,12
1,1092,0,0,0,0,0,0,0,2,0.04068348250610252,12
1,1093,0,0,0,0,0,0,0,1,0.04068348250610252,13
1,1093,0,0,0,0,0,0,0,2,0.04068348250610252,13
1,1094,0,0,0,0,0,0,0,1,0.04068348250610252,14
1,1094,0,0,0,0,0,0,0,2,0.04068348250610252,14
1,1095,0,0,0,0,0,0,0,1,0.04068348250610252,15
1,1095,0,0,0,0,0,0,0,2,0.04068348250610252,15
1,1096,0,0,0,0,0,0,0,1,0.04068348250610252,16
1,1096,0,0,0,0,0,0,0,2,0.04068348250610252,16
1,1097,0,0,0,0,0,0,0,1,0.04068348250610252,17
1,1097,0,0,0,0,0,0,0,2,0.04068348250610252,17
1,1098,0,0,0,0,0,0,0,1,0.04068348250610252,18
1,1098,0,0,0,0,0,0,0,2,0.04068348250610252,18
1,1099,0,0,0,0,0,0,0,1,0.04068348250610252,19
1,1099,0,0,0,0,0,0,0,2,0.04068348250610252,19
1,1100,0,0,0,0,0,0,0,1,0.04068348250610252,20
1,1100,0,0,0,0,0,0,0,2,0.04068348250610252,20
1,1101,0,0,0,0,0,0,0,1,0.04068348250610252,21
1,1101,0,0,0,0,0,0,0,2,0.04068348250610252,21
1,1102,0,0,0,0,0,0,0,1,0.04068348250610252,22
1,1102,0,0,0,0,0,0,0,2,0.04068348250610252,22
1,1103,0,0,0,0,0,0,0,1,0.04068348250610252,23
1,1103,0,0,0,0,0,0,0,2,0.04068348250610252,23
1,1104,0,0,0,0,0,0,0,1,0.04068348250610252,0
1,1104,0,0,0,0,0,0,0,2,0.04068348250610252,0
1,1105,0,0,0,0,0,0,0,1,0.04068348250610252,1
1,1105,0,0,0,0,0,0,0,2,0.04068348250610252,1
1,1106,0,0,0,0,0,0,0,1,0.04068348250610252,2
1,1106,0,0,0,0,0,0,0,2,0.04068348250610252,2
1,1107,0,0,0,0,0,0,0,1,0.04068348250610252,3
1,1107,0,0,0,0,0,0,0,2,0.04068348250610252,3
1,1108,0,0,0,0,0,0,0,1,0.04068348250610252,4
1,1108,0,0,0,0,0,0,0,2,0.04068348250610252,4
1,1109,0,0,0,0,0,0,0,1,0.04068348250610252,5
1,1109,0,0,0,0,0,0,0,2,0.04068348250610252,5
1,1110,0,0,0,0,0,0,0,1,0.04068348250610252,6
1,1110,0,0,0,0,0,0,0,2,0.04068348250610252,6
1,1111,0,0,0,0,0,0,0,1,0.04068348250610252,7
1,1111,0,0,0,0,0,0,0,2,0.04068348250610252,7
1,1112,0,0,0,0,0,0,0,1,0.04068348250610252,8
1,1112,0,0,0,0,0,0,0,2,0.04068348250610252,8
1,1113,0,0,0,0,0,0,0,1,0.04068348250610252,9
1,1113,0,0,0,0,0,0,0,2,0.04068348250610252,9
1,1114,0,0,0,0,0,0,0,1,0.04068348250610252,10
1,1114,0,0,0,0,0,0,0,2,0.04068348250610252,10
1,1115,0,0,0,0,0,0,0,1,0.04068348250610252,11
1,1115,0,0,0,0,0,0,0,2,0.04068348250610252,11
1,1116,0,0,0,0,0,0,0,1,0.04068348250610252,12
1,1116,0,0,0,0,0,0,0,2,0.04068348250610252,12
1,1117,0,0,0,0,0,0,0,1,0.04068348250610252,13
1,1117,0,0,0,0,0,0,0,2,0.04068348250610252,13
1,1118,0,0,0,0,0,0,0,1,0.04068348250610252,14
1,1118,0,0,0,0,0,0,0,2,0.04068348250610252,14
1,1119,0,0,0,0,0,0,0,1,0.04068348250610252,15
1,1119,0,0,0,0,0,0,0,2,0.04068348250610252,15
1,1120,0,0,0,0,0,0,0,1,0.04068348250610252,16
1,1120,0,0,0,0,0,0,0,2,0.04068348250610252,16
1,1121,0,0,0,0,0,0,0,1,0.04068348250610252,17
1,1121,0,0,0,0,0,0,0,2,0.04068348250610252,17
1,1122,0,0,0,0,0,0,0,1,0.04068348250610252,18
1,1122,0,0,0,0,0,0,0,2,0.04068348250610252,18
1,1123,0,0,0,0,0,0,0,1,0.04068348250610252,19
1,1123,0,0,0,0,0,0,0,2,0.04068348250610252,19
1,1124,0,0,0,0,0,0,0,1,0.04068348250610252,20
1,1124,0,0,0,0,0,0,0,2,0.04068348250610252,20
1,1125,0,0,0,0,0,0,0,1,0.04068348250610252,21
1,1125,0,0,0,0,0,0,0,2,0.04068348250610252,21
1,1126,0,0,0,0,0,0,0,1,0.04068348250610252,22
1,1126,0,0,0,0,0,0,0,2,0.04068348250610252,22
1,1127,0,0,0,0,0,0,0,1,0.04068348250610252,23
1,1127,0,0,0,0,0,0,0,2,0.04068348250610252,23
1,1128,0,0,0,0,0,0,0,1,0.04068348250610252,0
1,1128,0,0,0,0,0,0,0,2,0.04068348250610252,0
1,1129,0,0,0,0,0,0,0,1,0.04068348250610252,1
1,1129,0,0,0,0,0,0,0,2,0.04068348250610252,1
1,1130,0,0,0,0,0,0,0,1,0.04068348250610252,2
1,1130,0,0,0,0,0,0,0,2,0.04068348250610252,2
1,1131,0,0,0,0,0,0,0,1,0.04068348250610252,3
1,1131,0,0,0,0,0,0,0,2,0.04068348250610252,3
1,1132,0,0,0,0,0,0,0,1,0.04068348250610252,4
1,1132,0,0,0,0,0,0,0,2,0.04068348250610252,4
1,1133,0,0,0,0,0,0,0,1,0.04068348250610252,5
1,1133,0,0,0,0,0,0,0,2,0.04068348250610252,5
1,1134,0,0,0,0,0,0,0,1,0.04068348250610252,6
1,1134,0,0,0,0,0,0,0,2,0.04068348250610252,6
1,1135,0,0,0,0,0,0,0,1,0.04068348250610252,7
1,1135,0,0,0,0,0,0,0,2,0.04068348250610252,7
1,1136,0,0,0,0,0,0,0,1,0.04068348250610252,8
1,1136,0,0,0,0,0,0,0,2,0.04068348250610252,8
1,1137,0,0,0,0,0,0,0,1,0.04068348250610252,9
1,1137,0,0,0,0,0,0,0,2,0.04068348250610252,9
1,1138,0,0,0,0,0,0,0,1,0.04068348250610252,10
1,1138,0,0,0,0,0,0,0,2,0.04068348250610252,10
1,1139,0,0,0,0,0,0,0,1,0.04068348250610252,11
1,1139,0,0,0,0,0,0,0,2,0.04068348250610252,11
1,1140,0,0,0,0,0,0,0,1,0.04068348250610252,12
1,1140,0,0,0,0,0,0,0,2,0.04068348250610252,12
1,1141,0,0,0,0,0,0,0,1,0.04068348250610252,13
1,1141,0,0,0,0,0,0,0,2,0.04068348250610252,13
1,1142,0,0,0,0,0,0,0,1,0.04068348250610252,14
1,1142,0,0,0,0,0,0,0,2,0.04068348250610252,14
1,1143,0,0,0,0,0,0,0,1,0.04068348250610252,15
1,1143,0,0,0,0,0,0,0,2,0.04068348250610252,15
1,1144,0,0,0,0,0,0,0,1,0.04068348250610252,16
1,1144,0,0,0,0,0,0,0,2,0.04068348250610252,16
1,1145,0,0,0,0,0,0,0,1,0.04068348250610252,17
1,1145,0,0,0,0,0,0,0,2,0.04068348250610252,17
1,1146,0,0,0,0,0,0,0,1,0.04068348250610252,18
1,1146,0,0,0,0,0,0,0,2,0.04068348250610252,18
1,1147,0,0,0,0,0,0,0,1,0.04068348250610252,19
1,1147,0,0,0,0,0,0,0,2,0.04068348250610252,19
1,1148,0,0,0,0,0,0,0,1,0.04068348250610252,20
1,1148,0,0,0,0,0,0,0,2,0.04068348250610252,20
1,1149,0,0,0,0,0,0,0,1,0.04068348250610252,21
1,1149,0,0,0,0,0,0,0,2,0.04068348250610252,21
1,1150,0,0,0,0,0,0,0,1,0.04068348250610252,22
1,1150,0,0,0,0,0,0,0,2,0.04068348250610252,22
1,1151,0,0,0,0,0,0,0,1,0.04068348250610252,23
1,1151,0,0,0,0,0,0,0,2,0.04068348250610252,23
1,1152,0,0,0,0,0,0,0,1,0.04068348250610252,0
1,1152,0,0,0,0,0,0,0,2,0.04068348250610252,0
1,1153,0,0,0,0,0,0,0,1,0.04068348250610252,1
1,1153,0,0,0,0,0,0,0,2,0.04068348250610252,1
1,1154,0,0,0,0,0,0,0,1,0.04068348250610252,2
1,1154,0,0,0,0,0,0,0,2,0.04068348250610252,2
1,1155,0,0,0,0,0,0,0,1,0.04068348250610252,3
1,1155,0,0,0,0,0,0,0,2,0.04068348250610252,3
1,1156,0,0,0,0,0,0,0,1,0.04068348250610252,4
1,1156,0,0,0,0,0,0,0,2,0.04068348250610252,4
1,1157,0,0,0,0,0,0,0,1,0.04068348250610252,5
1,1157,0,0,0,0,0,0,0,2,0.04068348250610252,5
1,1158,0,0,0,0,0,0,0,1,0.04068348250610252,6
1,1158,0,0,0,0,0,0,0,2,0.04068348250610252,6
1,1159,0,0,0,0,0,0,0,1,0.04068348250610252,7
1,1159,0,0,0,0,0,0,0,2,0.04068348250610252,7
1,1160,0,0,0,0,0,0,0,1,0.04068348250610252,8
1,1160,0,0,0,0,0,0,0,2,0.04068348250610252,8
1,1161,0,0,0,0,0,0,0,1,0.04068348250610252,9
1,1161,0,0,0,0,0,0,0,2,0.04068348250610252,9
1,1162,0,0,0,0,0,0,0,1,0.04068348250610252,10
1,1162,0,0,0,0,0,0,0,2,0.04068348250610252,10
1,1163,0,0,0,0,0,0,0,1,0.04068348250610252,11
1,1163,0,0,0,0,0,0,0,2,0.04068348250610252,11
1,1164,0,0,0,0,0,0,0,1,0.04068348250610252,12
1,1164,0,0,0,0,0,0,0,2,0.04068348250610252,12
1,1165,0,0,0,0,0,0,0,1,0.04068348250610252,13
1,1165,0,0,0,0,0,0,0,2,0.04068348250610252,13
1,1166,0,0,0,0,0,0,0,1,0.04068348250610252,14
1,1166,0,0,0,0,0,0,0,2,0.04068348250610252,14
1,1167,0,0,0,0,0,0,0,1,0.04068348250610252,15
1,1167,0,0,0,0,0,0,0,2,0.04068348250610252,15
1,1168,0,0,0,0,0,0,0,1,0.04068348250610252,16
1,1168,0,0,0,0,0,0,0,2,0.04068348250610252,16
1,1169,0,0,0,0,0,0,0,1,0.04068348250610252,17
1,1169,0,0,0,0,0,0,0,2,0.04068348250610252,17
1,1170,0,0,0,0,0,0,0,1,0.04068348250610252,18
1,1170,0,0,0,0,0,0,0,2,0.04068348250610252,18
1,1171,0,0,0,0,0,0,0,1,0.04068348250610252,19
1,1171,0,0,0,0,0,0,0,2,0.04068348250610252,19
1,1172,0,0,0,0,0,0,0,1,0.04068348250610252,20
1,1172,0,0,0,0,0,0,0,2,0.04068348250610252,20
1,1173,0,0,0,0,0,0,0,1,0.04068348250610252,21
1,1173,0,0,0,0,0,0,0,2,0.04068348250610252,21
1,1174,0,0,0,0,0,0,0,1,0.04068348250610252,22
1,1174,0,0,0,0,0,0,0,2,0.04068348250610252,22
1,1175,0,0,0,0,0,0,0,1,0.04068348250610252,23
1,1175,0,0,0,0,0,0,0,2,0.04068348250610252,23
1,1176,0,0,0,0,0,0,0,1,0.04068348250610252,0
1,1176,0,0,0,0,0,0,0,2,0.04068348250610252,0
1,1177,0,0,0,0,0,0,0,1,0.04068348250610252,1
1,1177,0,0,0,0,0,0,0,2,0.04068348250610252,1
1,1178,0,0,0,0,0,0,0,1,0.04068348250610252,2
1,1178,0,0,0,0,0,0,0,2,0.04068348250610252,2
1,1179,0,0,0,0,0,0,0,1,0.04068348250610252,3
1,1179,0,0,0,0,0,0,0,2,0.04068348250610252,3
1,1180,0,0,0,0,0,0,0,1,0.04068348250610252,4
1,1180,0,0,0,0,0,0,0,2,0.04068348250610252,4
1,1181,0,0,0,0,0,0,0,1,0.04068348250610252,5
1,1181,0,0,0,0,0,0,0,2,0.04068348250610252,5
1,1182,0,0,0,0,0,0,0,1,0.04068348250610252,6
1,1182,0,0,0,0,0,0,0,2,0.04068348250610252,6
1,1183,0,0,0,0,0,0,0,1,0.04068348250610252,7
1,1183,0,0,0,0,0,0,0,2,0.04068348250610252,7
1,1184,0,0,0,0,0,0,0,1,0.04068348250610252,8
1,1184,0,0,0,0,0,0,0,2,0.04068348250610252,8
1,1185,0,0,0,0,0,0,0,1,0.04068348250610252,9
1,1185,0,0,0,0,0,0,0,2,0.04068348250610252,9
1,1186,0,0,0,0,0,0,0,1,0.04068348250610252,10
1,1186,0,0,0,0,0,0,0,2,0.04068348250610252,10
1,1187,0,0,0,0,0,0,0,1,0.04068348250610252,11
1,1187,0,0,0,0,0,0,0,2,0.04068348250610252,11
1,1188,0,0,0,0,0,0,0,1,0.04068348250610252,12
1,1188,0,0,0,0,0,0,0,2,0.04068348250610252,12
1,1189,0,0,0,0,0,0,0,1,0.04068348250610252,13
1,1189,0,0,0,0,0,0,0,2,0.04068348250610252,13
1,1190,0,0,0,0,0,0,0,1,0.04068348250610252,14
1,1190,0,0,0,0,0,0,0,2,0.04068348250610252,14
1,1191,0,0,0,0,0,0,0,1,0.04068348250610252,15
1,1191,0,0,0,0,0,0,0,2,0.04068348250610252,15
1,1192,0,0,0,0,0,0,0,1,0.04068348250610252,16
1,1192,0,0,0,0,0,0,0,2,0.04068348250610252,16
1,1193,0,0,0,0,0,0,0,1,0.04068348250610252,17
1,1193,0,0,0,0,0,0,0,2,0.04068348250610252,17
1,1194,0,0,0,0,0,0,0,1,0.04068348250610252,18
1,1194,0,0,0,0,0,0,0,2,0.04068348250610252,18
1,1195,0,0,0,0,0,0,0,1,0.04068348250610252,19
1,1195,0,0,0,0,0,0,0,2,0.04068348250610252,19
1,1196,0,0,0,0,0,0,0,1,0.04068348250610252,20
1,1196,0,0,0,0,0,0,0,2,0.04068348250610252,20
1,1197,0,0,0,0,0,0,0,1,0.04068348250610252,21
1,1197,0,0,0,0,0,0,0,2,0.04068348250610252,21
1,1198,0,0,0,0,0,0,0,1,0.04068348250610252,22
1,1198,0,0,0,0,0,0,0,2,0.04068348250610252,22
1,1199,0,0,0,0,0,0,0,1,0.04068348250610252,23
1,1199,0,0,0,0,0,0,0,2,0.04068348250610252,23
1,1200,0,0,0,0,0,0,0,1,0.04068348250610252,0
1,1200,0,0,0,0,0,0,0,2,0.04068348250610252,0
1,1201,0,0,0,0,0,0,0,1,0.04068348250610252,1
1,1201,0,0,0,0,0,0,0,2,0.04068348250610252,1
1,1202,0,0,0,0,0,0,0,1,0.04068348250610252,2
1,1202,0,0,0,0,0,0,0,2,0.04068348250610252,2
1,1203,0,0,0,0,0,0,0,1,0.04068348250610252,3
1,1203,0,0,0,0,0,0,0,2,0.04068348250610252,3
1,1204,0,0,0,0,0,0,0,1,0.04068348250610252,4
1,1204,0,0,0,0,0,0,0,2,0.04068348250610252,4
1,1205,0,0,0,0,0,0,0,1,0.04068348250610252,5
1,1205,0,0,0,0,0,0,0,2,0.04068348250610252,5
1,1206,0,0,0,0,0,0,0,1,0.04068348250610252,6
1,1206,0,0,0,0,0,0,0,2,0.04068348250610252,6
1,1207,0,0,0,0,0,0,0,1,0.04068348250610252,7
1,1207,0,0,0,0,0,0,0,2,0.04068348250610252,7
1,1208,0,0,0,0,0,0,0,1,0.04068348250610252,8
1,1208,0,0,0,0,0,0,0,2,0.04068348250610252,8
1,1209,0,0,0,0,0,0,0,1,0.04068348250610252,9
1,1209,0,0,0,0,0,0,0,2,0.04068348250610252,9
1,1210,0,0,0,0,0,0,0,1,0.04068348250610252,10
1,1210,0,0,0,0,0,0,0,2,0.04068348250610252,10
1,1211,0,0,0,0,0,0,0,1,0.04068348250610252,11
1,1211,0,0,0,0,0,0,0,2,0.04068348250610252,11
1,1212,0,0,0,0,0,0,0,1,0.04068348250610252,12
1,1212,0,0,0,0,0,0,0,2,0.04068348250610252,12
1,1213,0,0,0,0,0,0,0,1,0.04068348250610252,13
1,1213,0,0,0,0,0,0,0,2,0.04068348250610252,13
1,1214,0,0,0,0,0,0,0,1,0.04068348250610252,14
1,1214,0,0,0,0,0,0,0,2,0.04068348250610252,14
1,1215,0,0,0,0,0,0,0,1,0.04068348250610252,15
1,1215,0,0,0,0,0,0,0,2,0.04068348250610252,15
1,1216,0,0,0,0,0,0,0,1,0.04068348250610252,16
1,1216,0,0,0,0,0,0,0,2,0.04068348250610252,16
1,1217,0,0,0,0,0,0,0,1,0.04068348250610252,17
1,1217,0,0,0,0,0,0,0,2,0.04068348250610252,17
1,1218,0,0,0,0,0,0,0,1,0.04068348250610252,18
1,1218,0,0,0,0,0,0,0,2,0.04068348250610252,18
1,1219,0,0,0,0,0,0,0,1,0.04068348250610252,19
1,1219,0,0,0,0,0,0,0,2,0.04068348250610252,19
1,1220,0,0,0,0,0,0,0,1,0.04068348250610252,20
1,1220,0,0,0,0,0,0,0,2,0.04068348250610252,20
1,1221,0,0,0,0,0,0,0,1,0.04068348250610252,21
1,1221,0,0,0,0,0,0,0,2,0.04068348250610252,21
1,1222,0,0,0,0,0,0,0,1,0.04068348250610252,22
1,1222,0,0,0,0,0,0,0,2,0.04068348250610252,22
1,1223,0,0,0,0,0,0,0,1,0.04068348250610252,23
1,1223,0,0,0,0,0,0,0,2,0.04068348250610252,23
1,1224,0,0,0,0,0,0,0,1,0.04068348250610252,0
1,1224,0,0,0,0,0,0,0,2,0.04068348250610252,0
1,1225,0,0,0,0,0,0,0,1,0.04068348250610252,1
1,1225,0,0,0,0,0,0,0,2,0.04068348250610252,1
1,1226,0,0,0,0,0,0,0,1,0.04068348250610252,2
1,1226,0,0,0,0,0,0,0,2,0.04068348250610252,2
1,1227,0,0,0,0,0,0,0,1,0.04068348250610252,3
1,1227,0,0,0,0,0,0,0,2,0.04068348250610252,3
1,1228,0,0,0,0,0,0,0,1,0.04068348250610252,4
1,1228,0,0,0,0,0,0,0,2,0.04068348250610252,4
1,1229,0,0,0,0,0,0,0,1,0.04068348250610252,5
1,1229,0,0,0,0,0,0,0,2,0.04068348250610252,5
1,1230,0,0,0,0,0,0,0,1,0.04068348250610252,6
1,1230,0,0,0,0,0,0,0,2,0.04068348250610252,6
1,1231,0,0,0,0,0,0,0,1,0.04068348250610252,7
1,1231,0,0,0,0,0,0,0,2,0.04068348250610252,7
1,1232,0,0,0,0,0,0,0,1,0.04068348250610252,8
1,1232,0,0,0,0,0,0,0,2,0.04068348250610252,8
1,1233,0,0,0,0,0,0,0,1,0.04068348250610252,9
1,1233,0,0,0,0,0,0,0,2,0.04068348250610252,9
1,1234,0,0,0,0,0,0,0,1,0.04068348250610252,10
1,1234,0,0,0,0,0,0,0,2,0.04068348250610252,10
1,1235,0,0,0,0,0,0,0,1,0.04068348250610252,11
1,1235,0,0,0,0,0,0,0,2,0.04068348250610252,11
1,1236,0,0,0,0,0,0,0,1,0.04068348250610252,12
1,1236,0,0,0,0,0,0,0,2,0.04068348250610252,12
1,1237,0,0,0,0,0,0,0,1,0.04068348250610252,13
1,1237,0,0,0,0,0,0,0,2,0.04068348250610252,13
1,1238,0,0,0,0,0,0,0,1,0.04068348250610252,14
1,1238,0,0,0,0,0,0,0,2,0.04068348250610252,14
1,1239,0,0,0,0,0,0,0,1,0.04068348250610252,15
1,1239,0,0,0,0,0,0,0,2,0.04068348250610252,15
1,1240,0,0,0,0,0,0,0,1,0.04068348250610252,16
1,1240,0,0,0,0,0,0,0,2,0.04068348250610252,16
1,1241,0,0,0,0,0,0,0,1,0.04068348250610252,17
1,1241,0,0,0,0,0,0,0,2,0.04068348250610252,17
1,1242,0,0,0,0,0,0,0,1,0.04068348250610252,18
1,1242,0,0,0,0,0,0,0,2,0.04068348250610252,18
1,1243,0,0,0,0,0,0,0,1,0.04068348250610252,19
1,1243,0,0,0,0,0,0,0,2,0.04068348250610252,19
1,1244,0,0,0,0,0,0,0,1,0.04068348250610252,20
1,1244,0,0,0,0,0,0,0,2,0.04068348250610252,20
1,1245,0,0,0,0,0,0,0,1,0.04068348250610252,21
1,1245,0,0,0,0,0,0,0,2,0.04068348250610252,21
1,1246,0,0,0,0,0,0,0,1,0.04068348250610252,22
1,1246,0,0,0,0,0,0,0,2,0.04068348250610252,22
1,1247,0,0,0,0,0,0,0,1,0.04068348250610252,23
1,1247,0,0,0,0,0,0,0,2,0.04068348250610252,23
1,1248,0,0,0,0,0,0,0,1,0.04068348250610252,0
1,1248,0,0,0,0,0,0,0,2,0.04068348250610252,0
1,1249,0,0,0,0,0,0,0,1,0.04068348250610252,1
1,1249,0,0,0,0,0,0,0,2,0.04068348250610252,1
1,1250,0,0,0,0,0,0,0,1,0.04068348250610252,2
1,1250,0,0,0,0,0,0,0,2,0.04068348250610252,2
1,1251,0,0,0,0,0,0,0,1,0.04068348250610252,3
1,1251,0,0,0,0,0,0,0,2,0.04068348250610252,3
1,1252,0,0,0,0,0,0,0,1,0.04068348250610252,4
1,1252,0,0,0,0,0,0,0,2,0.04068348250610252,4
1,1253,0,0,0,0,0,0,0,1,0.04068348250610252,5
1,1253,0,0,0,0,0,0,0,2,0.04068348250610252,5
1,1254,0,0,0,0,0,0,0,1,0.04068348250610252,6
1,1254,0,0,0,0,0,0,0,2,0.04068348250610252,6
1,1255,0,0,0,0,0,0,0,1,0.04068348250610252,7
1,1255,0,0,0,0,0,0,0,2,0.04068348250610252,7
1,1256,0,0,0,0,0,0,0,1,0.04068348250610252,8
1,1256,0,0,0,0,0,0,0,2,0.04068348250610252,8
1,1257,0,0,0,0,0,0,0,1,0.04068348250610252,9
1,1257,0,0,0,0,0,0,0,2,0.04068348250610252,9
1,1258,0,0,0,0,0,0,0,1,0.04068348250610252,10
1,1258,0,0,0,0,0,0,0,2,0.04068348250610252,10
1,1259,0,0,0,0,0,0,0,1,0.04068348250610252,11
1,1259,0,0,0,0,0,0,0,2,0.04068348250610252,11
1,1260,0,0,0,0,0,0,0,1,0.04068348250610252,12
1,1260,0,0,0,0,0,0,0,2,0.04068348250610252,12
1,1261,0,0,0,0,0,0,0,1,0.04068348250610252,13
1,1261,0,0,0,0,0,0,0,2,0.04068348250610252,13
1,1262,0,0,0,0,0,0,0,1,0.04068348250610252,14
1,1262,0,0,0,0,0,0,0,2,0.04068348250610252,14
1,1263,0,0,0,0,0,0,0,1,0.04068348250610252,15
1,1263,0,0,0,0,0,0,0,2,0.04068348250610252,15
1,1264,0,0,0,0,0,0,0,1,0.04068348250610252,16
1,1264,0,0,0,0,0,0,0,2,0.04068348250610252,16
1,1265,0,0,0,0,0,0,0,1,0.04068348250610252,17
1,1265,0,0,0,0,0,0,0,2,0.04068348250610252,17
1,1266,0,0,0,0,0,0,0,1,0.04068348250610252,18
1,1266,0,0,0,0,0,0,0,2,0.04068348250610252,18
1,1267,0,0,0,0,0,0,0,1,0.04068348250610252,19
1,1267,0,0,0,0,0,0,0,2,0.04068348250610252,19
1,1268,0,0,0,0,0,0,0,1,0.04068348250610252,20
1,1268,0,0,0,0,0,0,0,2,0.04068348250610252,20
1,1269,0,0,0,0,0,0,0,1,0.04068348250610252,21
1,1269,0,0,0,0,0,0,0,2,0.04068348250610252,21
1,1270,0,0,0,0,0,0,0,1,0.04068348250610252,22
1,1270,0,0,0,0,0,0,0,2,0.04068348250610252,22
1,1271,0,0,0,0,0,0,0,1,0.04068348250610252,23
1,1271,0,0,0,0,0,0,0,2,0.04068348250610252,23
1,1272,0,0,0,0,0,0,0,1,0.04068348250610252,0
1,1272,0,0,0,0,0,0,0,2,0.04068348250610252,0
1,1273,0,0,0,0,0,0,0,1,0.04068348250610252,1
1,1273,0,0,0,0,0,0,0,2,0.04068348250610252,1
1,1274,0,0,0,0,0,0,0,1,0.04068348250610252,2
1,1274,0,0,0,0,0,0,0,2,0.04068348250610252,2
1,1275,0,0,0,0,0,0,0,1,0.04068348250610252,3
1,1275,0,0,0,0,0,0,0,2,0.04068348250610252,3
1,1276,0,0,0,0,0,0,0,1,0.04068348250610252,4
1,1276,0,0,0,0,0,0,0,2,0.04068348250610252,4
1,1277,0,0,0,0,0,0,0,1,0.04068348250610252,5
1,1277,0,0,0,0,0,0,0,2,0.04068348250610252,5
1,1278,0,0,0,0,0,0,0,1,0.04068348250610252,6
1,1278,0,0,0,0,0,0,0,2,0.04068348250610252,6
1,1279,0,0,0,0,0,0,0,1,0.04068348250610252,7
1,1279,0,0,0,0,0,0,0,2,0.04068348250610252,7
1,1280,0,0,0,0,0,0,0,1,0.04068348250610252,8
1,1280,0,0,0,0,0,0,0,2,0.04068348250610252,8
1,1281,0,0,0,0,0,0,0,1,0.04068348250610252,9
1,1281,0,0,0,0,0,0,0,2,0.04068348250610252,9
1,1282,0,0,0,0,0,0,0,1,0.04068348250610252,10
1,1282,0,0,0,0,0,0,0,2,0.04068348250610252,10
1,1283,0,0,0,0,0,0,0,1,0.04068348250610252,11
1,1283,0,0,0,0,0,0,0,2,0.04068348250610252,11
1,1284,0,0,0,0,0,0,0,1,0.04068348250610252,12
1,1284,0,0,0,0,0,0,0,2,0.04068348250610252,12
1,1285,0,0,0,0,0,0,0,1,0.04068348250610252,13
1,1285,0,0,0,0,0,0,0,2,0.04068348250610252,13
1,1286,0,0,0,0,0,0,0,1,0.04068348250610252,14
1,1286,0,0,0,0,0,0,0,2,0.04068348250610252,14
1,1287,0,0,0,0,0,0,0,1,0.04068348250610252,15
1,1287,0,0,0,0,0,0,0,2,0.04068348250610252,15
1,1288,0,0,0,0,0,0,0,1,0.04068348250610252,16
1,1288,0,0,0,0,0,0,0,2,0.04068348250610252,16
1,1289,0,0,0,0,0,0,0,1,0.04068348250610252,17
1,1289,0,0,0,0,0,0,0,2,0.04068348250610252,17
1,1290,0,0,0,0,0,0,0,1,0.04068348250610252,18
1,1290,0,0,0,0,0,0,0,2,0.04068348250610252,18
1,1291,0,0,0,0,0,0,0,1,0.04068348250610252,19
1,1291,0,0,0,0,0,0,0,2,0.04068348250610252,19
1,1292,0,0,0,0,0,0,0,1,0.04068348250610252,20
1,1292,0,0,0,0,0,0,0,2,0.04068348250610252,20
1,1293,0,0,0,0,0,0,0,1,0.04068348250610252,21
1,1293,0,0,0,0,0,0,0,2,0.04068348250610252,21
1,1294,0,0,0,0,0,0,0,1,0.04068348250610252,22
1,1294,0,0,0,0,0,0,0,2,0.04068348250610252,22
1,1295,0,0,0,0,0,0,0,1,0.04068348250610252,23
1,1295,0,0,0,0,0,0,0,2,0.04068348250610252,23
1,1296,0,0,0,0,0,0,0,1,0.04068348250610252,0
1,1296,0,0,0,0,0,0,0,2,0.04068348250610252,0
1,1297,0,0,0,0,0,0,0,1,0.04068348250610252,1
1,1297,0,0,0,0,0,0,0,2,0.04068348250610252,1
1,1298,0,0,0,0,0,0,0,1,0.04068348250610252,2
1,1298,0,0,0,0,0,0,0,2,0.04068348250610252,2
1,1299,0,0,0,0,0,0,0,1,0.04068348250610252,3
1,1299,0,0,0,0,0,0,0,2,0.04068348250610252,3
1,1300,0,0,0,0,0,0,0,1,0.04068348250610252,4
1,1300,0,0,0,0,0,0,0,2,0.04068348250610252,4
1,1301,0,0,0,0,0,0,0,1,0.04068348250610252,5
1,1301,0,0,0,0,0,0,0,2,0.04068348250610252,5
1,1302,0,0,0,0,0,0,0,1,0.04068348250610252,6
1,1302,0,0,0,0,0,0,0,2,0.04068348250610252,6
1,1303,0,0,0,0,0,0,0,1,0.04068348250610252,7
1,1303,0,0,0,0,0,0,0,2,0.04068348250610252,7
1,1304,0,0,0,0,0,0,0,1,0.04068348250610252,8
1,1304,0,0,0,0,0,0,0,2,0.04068348250610252,8
1,1305,0,0,0,0,0,0,0,1,0.04068348250610252,9
1,1305,0,0,0,0,0,0,0,2,0.04068348250610252,9
1,1306,0,0,0,0,0,0,0,1,0.04068348250610252,10
1,1306,0,0,0,0,0,0,0,2,0.04068348250610252,10
1,1307,0,0,0,0,0,0,0,1,0.04068348250610252,11
1,1307,0,0,0,0,0,0,0,2,0.04068348250610252,11
1,1308,0,0,0,0,0,0,0,1,0.04068348250610252,12
1,1308,0,0,0,0,0,0,0,2,0.04068348250610252,12
1,1309,0,0,0,0,0,0,0,1,0.04068348250610252,13
1,1309,0,0,0,0,0,0,0,2,0.04068348250610252,13
1,1310,0,0,0,0,0,0,0,1,0.04068348250610252,14
1,1310,0,0,0,0,0,0,0,2,0.04068348250610252,14
1,1311,0,0,0,0,0,0,0,1,0.04068348250610252,15
1,1311,0,0,0,0,0,0,0,2,0.04068348250610252,15
1,1312,0,0,0,0,0,0,0,1,0.04068348250610252,16
1,1312,0,0,0,0,0,0,0,2,0.04068348250610252,16
1,1313,0,0,0,0,0,0,0,1,0.04068348250610252,17
1,1313,0,0,0,0,0,0,0,2,0.04068348250610252,17
1,1314,0,0,0,0,0,0,0,1,0.04068348250610252,18
1,1314,0,0,0,0,0,0,0,2,0.04068348250610252,18
1,1315,0,0,0,0,0,0,0,1,0.04068348250610252,19
1,1315,0,0,0,0,0,0,0,2,0.04068348250610252,19
1,1316,0,0,0,0,0,0,0,1,0.04068348250610252,20
1,1316,0,0,0,0,0,0,0,2,0.04068348250610252,20
1,1317,0,0,0,0,0,0,0,1,0.04068348250610252,21
1,1317,0,0,0,0,0,0,0,2,0.04068348250610252,21
1,1318,0,0,0,0,0,0,0,1,0.04068348250610252,22
1,1318,0,0,0,0,0,0,0,2,0.04068348250610252,22
1,1319,0,0,0,0,0,0,0,1,0.04068348250610252,23
1,1319,0,0,0,0,0,0,0,2,0.04068348250610252,23
1,1320,0,0,0,0,0,0,0,1,0.04068348250610252,0
1,1320,0,0,0,0,0,0,0,2,0.04068348250610252,0
1,1321,0,0,0,0,0,0,0,1,0.04068348250610252,1
1,1321,0,0,0,0,0,0,0,2,0.04068348250610252,1
1,1322,0,0,0,0,0,0,0,1,0.04068348250610252,2
1,1322,0,0,0,0,0,0,0,2,0.04068348250610252,2
1,1323,0,0,0,0,0,0,0,1,0.04068348250610252,3
1,1323,0,0,0,0,0,0,0,2,0.04068348250610252,3
1,1324,0,0,0,0,0,0,0,1,0.04068348250610252,4
1,1324,0,0,0,0,0,0,0,2,0.04068348250610252,4
1,1325,0,0,0,0,0,0,0,1,0.04068348250610252,5
1,1325,0,0,0,0,0,0,0,2,0.04068348250610252,5
1,1326,0,0,0,0,0,0,0,1,0.04068348250610252,6
1,1326,0,0,0,0,0,0,0,2,0.04068348250610252,6
1,1327,0,0,0,0,0,0,0,1,0.04068348250610252,7
1,1327,0,0,0,0,0,0,0,2,0.04068348250610252,7
1,1328,0,0,0,0,0,0,0,1,0.04068348250610252,8
1,1328,0,0,0,0,0,0,0,2,0.04068348250610252,8
1,1329,0,0,0,0,0,0,0,1,0.04068348250610252,9
1,1329,0,0,0,0,0,0,0,2,0.04068348250610252,9
1,1330,0,0,0,0,0,0,0,1,0.04068348250610252,10
1,1330,0,0,0,0,0,0,0,2,0.04068348250610252,10
1,1331,0,0,0,0,0,0,0,1,0.04068348250610252,11
1,1331,0,0,0,0,0,0,0,2,0.04068348250610252,11
1,1332,0,0,0,0,0,0,0,1,0.04068348250610252,12
1,1332,0,0,0,0,0,0,0,2,0.04068348250610252,12
1,1333,0,0,0,0,0,0,0,1,0.04068348250610252,13
1,1333,0,0,0,0,0,0,0,2,0.04068348250610252,13
1,1334,0,0,0,0,0,0,0,1,0.04068348250610252,14
1,1334,0,0,0,0,0,0,0,2,0.04068348250610252,14
1,1335,0,0,0,0,0,0,0,1,0.04068348250610252,15
1,1335,0,0,0,0,0,0,0,2,0.04068348250610252,15
1,1336,0,0,0,0,0,0,0,1,0.04068348250610252,16
1,1336,0,0,0,0,0,0,0,2,0.04068348250610252,16
1,1337,0,0,0,0,0,0,0,1,0.04068348250610252,17
1,1337,0,0,0,0,0,0,0,2,0.04068348250610252,17
1,1338,0,0,0,0,0,0,0,1,0.04068348250610252,18
1,1338,0,0,0,0,0,0,0,2,0.04068348250610252,18
1,1339,0,0,0,0,0,0,0,1,0.04068348250610252,19
1,1339,0,0,0,0,0,0,0,2,0.04068348250610252,19
1,1340,0,0,0,0,0,0,0,1,0.04068348250610252,20
1,1340,0,0,0,0,0,0,0,2,0.04068348250610252,20
1,1341,0,0,0,0,0,0,0,1,0.04068348250610252,21
1,1341,0,0,0,0,0,0,0,2,0.04068348250610252,21
1,1342,0,0,0,0,0,0,0,1,0.04068348250610252,22
1,1342,0,0,0,0,0,0,0,2,0.04068348250610252,22
1,1343,0,0,0,0,0,0,0,1,0.04068348250610252,23
1,1343,0,0,0,0,0,0,0,2,0.04068348250610252,23
1,1344,0,0,0,0,0,0,0,1,0.04068348250610252,0
1,1344,0,0,0,0,0,0,0,2,0.04068348250610252,0
1,1345,0,0,0,0,0,0,0,1,0.04068348250610252,1
1,1345,0,0,0,0,0,0,0,2,0.04068348250610252,1
1,1346,0,0,0,0,0,0,0,1,0.04068348250610252,2
1,1346,0,0,0,0,0,0,0,2,0.04068348250610252,2
1,1347,0,0,0,0,0,0,0,1,0.04068348250610252,3
1,1347,0,0,0,0,0,0,0,2,0.04068348250610252,3
1,1348,0,0,0,0,0,0,0,1,0.04068348250610252,4
1,1348,0,0,0,0,0,0,0,2,0.04068348250610252,4
1,1349,0,0,0,0,0,0,0,1,0.04068348250610252,5
1,1349,0,0,0,0,0,0,0,2,0.04068348250610252,5
1,1350,0,0,0,0,0,0,0,1,0.04068348250610252,6
1,1350,0,0,0,0,0,0,0,2,0.04068348250610252,6
1,1351,0,0,0,0,0,0,0,1,0.04068348250610252,7
1,1351,0,0,0,0,0,0,0,2,0.04068348250610252,7
1,1352,0,0,0,0,0,0,0,1,0.04068348250610252,8
1,1352,0,0,0,0,0,0,0,2,0.04068348250610252,8
1,1353,0,0,0,0,0,0,0,1,0.04068348250610252,9
1,1353,0,0,0,0,0,0,0,2,0.04068348250610252,9
1,1354,0,0,0,0,0,0,0,1,0.04068348250610252,10
1,1354,0,0,0,0,0,0,0,2,0.04068348250610252,10
1,1355,0,0,0,0,0,0,0,1,0.04068348250610252,11
1,1355,0,0,0,0,0,0,0,2,0.04068348250610252,11
1,1356,0,0,0,0,0,0,0,1,0.04068348250610252,12
1,1356,0,0,0,0,0,0,0,2,0.04068348250610252,12
1,1357,0,0,0,0,0,0,0,1,0.04068348250610252,13
1,1357,0,0,0,0,0,0,0,2,0.04068348250610252,13
1,1358,0,0,0,0,0,0,0,1,0.04068348250610252,14
1,1358,0,0,0,0,0,0,0,2,0.04068348250610252,14
1,1359,0,0,0,0,0,0,0,1,0.04068348250610252,15
1,1359,0,0,0,0,0,0,0,2,0.04068348250610252,15
1,1360,0,0,0,0,0,0,0,1,0.04068348250610252,16
1,1360,0,0,0,0,0,0,0,2,0.04068348250610252,16
1,1361,0,0,0,0,0,0,0,1,0.04068348250610252,17
1,1361,0,0,0,0,0,0,0,2,0.04068348250610252,17
1,1362,0,0,0,0,0,0,0,1,0.04068348250610252,18
1,1362,0,0,0,0,0,0,0,2,0.04068348250610252,18
1,1363,0,0,0,0,0,0,0,1,0.04068348250610252,19
1,1363,0,0,0,0,0,0,0,2,0.04068348250610252,19
1,1364,0,0,0,0,0,0,0,1,0.04068348250610252,20
1,1364,0,0,0,0,0,0,0,2,0.04068348250610252,20
1,1365,0,0,0,0,0,0,0,1,0.04068348250610252,21
1,1365,0,0,0,0,0,0,0,2,0.04068348250610252,21
1,1366,0,0,0,0,0,0,0,1,0.04068348250610252,22
1,1366,0,0,0,0,0,0,0,2,0.04068348250610252,22
1,1367,0,0,0,0,0,0,0,1,0.04068348250610252,23
1,1367,0,0,0,0,0,0,0,2,0.04068348250610252,23
1,1368,0,0,0,0,0,0,0,1,0.04068348250610252,0
1,1368,0,0,0,0,0,0,0,2,0.04068348250610252,0
1,1369,0,0,0,0,0,0,0,1,0.04068348250610252,1
1,1369,0,0,0,0,0,0,0,2,0.04068348250610252,1
1,1370,0,0,0,0,0,0,0,1,0.04068348250610252,2
1,1370,0,0,0,0,0,0,0,2,0.04068348250610252,2
1,1371,0,0,0,0,0,0,0,1,0.04068348250610252,3
1,1371,0,0,0,0,0,0,0,2,0.04068348250610252,3
1,1372,0,0,0,0,0,0,0,1,0.04068348250610252,4
1,1372,0,0,0,0,0,0,0,2,0.04068348250610252,4
1,1373,0,0,0,0,0,0,0,1,0.04068348250610252,5
1,1373,0,0,0,0,0,0,0,2,0.04068348250610252,5
1,1374,0,0,0,0,0,0,0,1,0.04068348250610252,6
1,1374,0,0,0,0,0,0,0,2,0.04068348250610252,6
1,1375,0,0,0,0,0,0,0,1,0.04068348250610252,7
1,1375,0,0,0,0,0,0,0,2,0.04068348250610252,7
1,1376,0,0,0,0,0,0,0,1,0.04068348250610252,8
1,1376,0,0,0,0,0,0,0,2,0.04068348250610252,8
1,1377,0,0,0,0,0,0,0,1,0.04068348250610252,9
1,1377,0,0,0,0,0,0,0,2,0.04068348250610252,9
1,1378,0,0,0,0,0,0,0,1,0.04068348250610252,10
1,1378,0,0,0,0,0,0,0,2,0.04068348250610252,10
1,1379,0,0,0,0,0,0,0,1,0.04068348250610252,11
1,1379,0,0,0,0,0,0,0,2,0.04068348250610252,11
1,1380,0,0,0,0,0,0,0,1,0.04068348250610252,12
1,1380,0,0,0,0,0,0,0,2,0.04068348250610252,12
1,1381,0,0,0,0,0,0,0,1,0.04068348250610252,13
1,1381,0,0,0,0,0,0,0,2,0.04068348250610252,13
1,1382,0,0,0,0,0,0,0,1,0.04068348250610252,14
1,1382,0,0,0,0,0,0,0,2,0.04068348250610252,14
1,1383,0,0,0,0,0,0,0,1,0.04068348250610252,15
1,1383,0,0,0,0,0,0,0,2,0.04068348250610252,15
1,1384,0,0,0,0,0,0,0,1,0.04068348250610252,16
1,1384,0,0,0,0,0,0,0,2,0.04068348250610252,16
1,1385,0,0,0,0,0,0,0,1,0.04068348250610252,17
1,1385,0,0,0,0,0,0,0,2,0.04068348250610252,17
1,1386,0,0,0,0,0,0,0,1,0.04068348250610252,18
1,1386,0,0,0,0,0,0,0,2,0.04068348250610252,18
1,1387,0,0,0,0,0,0,0,1,0.04068348250610252,19
1,1387,0,0,0,0,0,0,0,2,0.04068348250610252,19
1,1388,0,0,0,0,0,0,0,1,0.04068348250610252,20
1,1388,0,0,0,0,0,0,0,2,0.04068348250610252,20
1,1389,0,0,0,0,0,0,0,1,0.04068348250610252,21
1,1389,0,0,0,0,0,0,0,2,0.04068348250610252,21
1,1390,0,0,0,0,0,0,0,1,0.04068348250610252,22
1,1390,0,0,0,0,0,0,0,2,0.04068348250610252,22
1,1391,0,0,0,0,0,0,0,1,0.04068348250610252,23
1,1391,0,0,0,0,0,0,0,2,0.04068348250610252,23
1,1392,0,0,0,0,0,0,0,1,0.04068348250610252,0
1,1392,0,0,0,0,0,0,0,2,0.04068348250610252,0
1,1393,0,0,0,0,0,0,0,1,0.04068348250610252,1
1,1393,0,0,0,0,0,0,0,2,0.04068348250610252,1
1,1394,0,0,0,0,0,0,0,1,0.04068348250610252,2
1,1394,0,0,0,0,0,0,0,2,0.04068348250610252,2
1,1395,0,0,0,0,0,0,0,1,0.04068348250610252,3
1,1395,0,0,0,0,0,0,0,2,0.04068348250610252,3
1,1396,0,0,0,0,0,0,0,1,0.04068348250610252,4
1,1396,0,0,0,0,0,0,0,2,0.04068348250610252,4
1,1397,0,0,0,0,0,0,0,1,0.04068348250610252,5
1,1397,0,0,0,0,0,0,0,2,0.04068348250610252,5
1,1398,0,0,0,0,0,0,0,1,0.04068348250610252,6
1,1398,0,0,0,0,0,0,0,2,0.04068348250610252,6
1,1399,0,0,0,0,0,0,0,1,0.04068348250610252,7
1,1399,0,0,0,0,0,0,0,2,0.04068348250610252,7
1,1400,0,0,0,0,0,0,0,1,0.04068348250610252,8
1,1400,0,0,0,0,0,0,0,2,0.04068348250610252,8
1,1401,0,0,0,0,0,0,0,1,0.04068348250610252,9
1,1401,0,0,0,0,0,0,0,2,0.04068348250610252,9
1,1402,0,0,0,0,0,0,0,1,0.04068348250610252,10
1,1402,0,0,0,0,0,0,0,2,0.04068348250610252,10
1,1403,0,0,0,0,0,0,0,1,0.04068348250610252,11
1,1403,0,0,0,0,0,0,0,2,0.04068348250610252,11
1,1404,0,0,0,0,0,0,0,1,0.04068348250610252,12
1,1404,0,0,0,0,0,0,0,2,0.04068348250610252,12
1,1405,0,0,0,0,0,0,0,1,0.04068348250610252,13
1,1405,0,0,0,0,0,0,0,2,0.04068348250610252,13
1,1406,0,0,0,0,0,0,0,1,0.04068348250610252,14
1,1406,0,0,0,0,0,0,0,2,0.04068348250610252,14
1,1407,0,0,0,0,0,0,0,1,0.04068348250610252,15
1,1407,0,0,0,0,0,0,0,2,0.04068348250610252,15
1,1408,0,0,0,0,0,0,0,1,0.04068348250610252,16
1,1408,0,0,0,0,0,0,0,2,0.04068348250610252,16
1,1409,0,0,0,0,0,0,0,1,0.04068348250610252,17
1,1409,0,0,0,0,0,0,0,2,0.04068348250610252,17
1,1410,0,0,0,0,0,0,0,1,0.04068348250610252,18
1,1410,0,0,0,0,0,0,0,2,0.04068348250610252,18
1,1411,0,0,0,0,0,0,0,1,0.04068348250610252,19
1,1411,0,0,0,0,0,0,0,2,0.04068348250610252,19
1,1412,0,0,0,0,0,0,0,1,0.04068348250610252,20
1,1412,0,0,0,0,0,0,0,2,0.04068348250610252,20
1,1413,0,0,0,0,0,0,0,1,0.04068348250610252,21
1,1413,0,0,0,0,0,0,0,2,0.04068348250610252,21
1,1414,0,0,0,0,0,0,0,1,0.04068348250610252,22
1,1414,0,0,0,0,0,0,0,2,0.04068348250610252,22
1,1415,0,0,0,0,0,0,0,1,0.04068348250610252,23
1,1415,0,0,0,0,0,0,0,2,0.04068348250610252,23
1,1416,0,0,0,0,0,0,0,1,0.04068348250610252,0
1,1416,0,0,0,0,0,0,0,2,0.04068348250610252,0
1,1417,0,0,0,0,0,0,0,1,0.04068348250610252,1
1,1417,0,0,0,0,0,0,0,2,0.04068348250610252,1
1,1418,0,0,0,0,0,0,0,1,0.04068348250610252,2
1,1418,0,0,0,0,0,0,0,2,0.04068348250610252,2
1,1419,0,0,0,0,0,0,0,1,0.04068348250610252,3
1,1419,0,0,0,0,0,0,0,2,0.04068348250610252,3
1,1420,0,0,0,0,0,0,0,1,0.04068348250610252,4
1,1420,0,0,0,0,0,0,0,2,0.04068348250610252,4
1,1421,0,0,0,0,0,0,0,1,0.04068348250610252,5
1,1421,0,0,0,0,0,0,0,2,0.04068348250610252,5
1,1422,0,0,0,0,0,0,0,1,0.04068348250610252,6
1,1422,0,0,0,0,0,0,0,2,0.04068348250610252,6
1,1423,0,0,0,0,0,0,0,1,0.04068348250610252,7
1,1423,0,0,0,0,0,0,0,2,0.04068348250610252,7
1,1424,0,0,0,0,0,0,0,1,0.04068348250610252,8
1,1424,0,0,0,0,0,0,0,2,0.04068348250610252,8
1,1425,0,0,0,0,0,0,0,1,0.04068348250610252,9
1,1425,0,0,0,0,0,0,0,2,0.04068348250610252,9
1,1426,0,0,0,0,0,0,0,1,0.04068348250610252,10
1,1426,0,0,0,0,0,0,0,2,0.04068348250610252,10
1,1427,0,0,0,0,0,0,0,1,0.04068348250610252,11
1,1427,0,0,0,0,0,0,0,2,0.04068348250610252,11
1,1428,0,0,0,0,0,0,0,1,0.04068348250610252,12
1,1428,0,0,0,0,0,0,0,2,0.04068348250610252,12
1,1429,0,0,0,0,0,0,0,1,0.04068348250610252,13
1,1429,0,0,0,0,0,0,0,2,0.04068348250610252,13
1,1430,0,0,0,0,0,0,0,1,0.04068348250610252,14
1,1430,0,0,0,0,0,0,0,2,0.04068348250610252,14
1,1431,0,0,0,0,0,0,0,1,0.04068348250610252,15
1,1431,0,0,0,0,0,0,0,2,0.04068348250610252,15
1,1432,0,0,0,0,0,0,0,1,0.04068348250610252,16
1,1432,0,0,0,0,0,0,0,2,0.04068348250610252,16
1,1433,0,0,0,0,0,0,0,1,0.04068348250610252,17
1,1433,0,0,0,0,0,0,0,2,0.04068348250610252,17
1,1434,0,0,0,0,0,0,0,1,0.04068348250610252,18
1,1434,0,0,0,0,0,0,0,2,0.04068348250610252,18
1,1435,0,0,0,0,0,0,0,1,0.04068348250610252,19
1,1435,0,0,0,0,0,0,0,2,0.04068348250610252,19
1,1436,0,0,0,0,0,0,0,1,0.04068348250610252,20
1,1436,0,0,0,0,0,0,0,2,0.04068348250610252,20
1,1437,0,0,0,0,0,0,0,1,0.04068348250610252,21
1,1437,0,0,0,0,0,0,0,2,0.04068348250610252,21
1,1438,0,0,0,0,0,0,0,1,0.04068348250610252,22
1,1438,0,0,0,0,0,0,0,2,0.04068348250610252,22
1,1439,0,0,0,0,0,0,0,1,0.04068348250610252,23
1,1439,0,0,0,0,0,0,0,2,0.04068348250610252,23
1,1440,0,0,0,0,0,0,0,1,0.04068348250610252,0
1,1440,0,0,0,0,0,0,0,2,0.04068348250610252,0
1,1441,0,0,0,0,0,0,0,1,0.04068348250610252,1
1,1441,0,0,0,0,0,0,0,2,0.04068348250610252,1
1,1442,0,0,0,0,0,0,0,1,0.04068348250610252,2
1,1442,0,0,0,0,0,0,0,2,0.04068348250610252,2
1,1443,0,0,0,0,0,0,0,1,0.04068348250610252,3
1,1443,0,0,0,0,0,0,0,2,0.04068348250610252,3
1,1444,0,0,0,0,0,0,0,1,0.04068348250610252,4
1,1444,0,0,0,0,0,0,0,2,0.04068348250610252,4
1,1445,0,0,0,0,0,0,0,1,0.04068348250610252,5
1,1445,0,0,0,0,0,0,0,2,0.04068348250610252,5
1,1446,0,0,0,0,0,0,0,1,0.04068348250610252,6
1,1446,0,0,0,0,0,0,0,2,0.04068348250610252,6
1,1447,0,0,0,0,0,0,0,1,0.04068348250610252,7
1,1447,0,0,0,0,0,0,0,2,0.04068348250610252,7
1,1448,0,0,0,0,0,0,0,1,0.04068348250610252,8
1,1448,0,0,0,0,0,0,0,2,0.04068348250610252,8
1,1449,0,0,0,0,0,0,0,1,0.04068348250610252,9
1,1449,0,0,0,0,0,0,0,2,0.04068348250610252,9
1,1450,0,0,0,0,0,0,0,1,0.04068348250610252,10
1,1450,0,0,0,0,0,0,0,2,0.04068348250610252,10
1,1451,0,0,0,0,0,0,0,1,0.04068348250610252,11
1,1451,0,0,0,0,0,0,0,2,0.04068348250610252,11
1,1452,0,0,0,0,0,0,0,1,0.04068348250610252,12
1,1452,0,0,0,0,0,0,0,2,0.04068348250610252,12
1,1453,0,0,0,0,0,0,0,1,0.04068348250610252,13
1,1453,0,0,0,0,0,0,0,2,0.04068348250610252,13
1,1454,0,0,0,0,0,0,0,1,0.04068348250610252,14
1,1454,0,0,0,0,0,0,0,2,0.04068348250610252,14
1,1455,0,0,0,0,0,0,0,1,0.04068348250610252,15
1,1455,0,0,0,0,0,0,0,2,0.04068348250610252,15
1,1456,0,0,0,0,0,0,0,1,0.04068348250610252,16
1,1456,0,0,0,0,0,0,0,2,0.04068348250610252,16
1,1457,0,0,0,0,0,0,0,1,0.04068348250610252,17
1,1457,0,0,0,0,0,0,0,2,0.04068348250610252,17
1,1458,0,0,0,0,0,0,0,1,0.04068348250610252,18
1,1458,0,0,0,0,0,0,0,2,0.04068348250610252,18
1,1459,0,0,0,0,0,0,0,1,0.04068348250610252,19
1,1459,0,0,0,0,0,0,0,2,0.04068348250610252,19
1,1460,0,0,0,0,0,0,0,1,0.04068348250610252,20
1,1460,0,0,0,0,0,0,0,2,0.04068348250610252,20
1,1461,0,0,0,0,0,0,0,1,0.04068348250610252,21
1,1461,0,0,0,0,0,0,0,2,0.04068348250610252,21
1,1462,0,0,0,0,0,0,0,1,0.04068348250610252,22
1,1462,0,0,0,0,0,0,0,2,0.04068348250610252,22
1,1463,0,0,0,0,0,0,0,1,0.04068348250610252,23
1,1463,0,0,0,0,0,0,0,2,0.04068348250610252,23
1,1464,0,0,0,0,0,0,0,1,0.04068348250610252,0
1,1464,0,0,0,0,0,0,0,2,0.04068348250610252,0
1,1465,0,0,0,0,0,0,0,1,0.04068348250610252,1
1,1465,0,0,0,0,0,0,0,2,0.04068348250610252,1
1,1466,0,0,0,0,0,0,0,1,0.04068348250610252,2
1,1466,0,0,0,0,0,0,0,2,0.04068348250610252,2
1,1467,0,0,0,0,0,0,0,1,0.04068348250610252,3
1,1467,0,0,0,0,0,0,0,2,0.04068348250610252,3
1,1468,0,0,0,0,0,0,0,1,0.04068348250610252,4
1,1468,0,0,0,0,0,0,0,2,0.04068348250610252,4
1,1469,0,0,0,0,0,0,0,1,0.04068348250610252,5
1,1469,0,0,0,0,0,0,0,2,0.04068348250610252,5
1,1470,0,0,0,0,0,0,0,1,0.04068348250610252,6
1,1470,0,0,0,0,0,0,0,2,0.04068348250610252,6
1,1471,0,0,0,0,0,0,0,1,0.04068348250610252,7
1,1471,0,0,0,0,0,0,0,2,0.04068348250610252,7
1,1472,0,0,0,0,0,0,0,1,0.04068348250610252,8
1,1472,0,0,0,0,0,0,0,2,0.04068348250610252,8
1,1473,0,0,0,0,0,0,0,1,0.04068348250610252,9
1,1473,0,0,0,0,0,0,0,2,0.04068348250610252,9
1,1474,0,0,0,0,0,0,0,1,0.04068348250610252,10
1,1474,0,0,0,0,0,0,0,2,0.04068348250610252,10
1,1475,0,0,0,0,0,0,0,1,0.04068348250610252,11
1,1475,0,0,0,0,0,0,0,2,0.04068348250610252,11
1,1476,0,0,0,0,0,0,0,1,0.04068348250610252,12
1,1476,0,0,0,0,0,0,0,2,0.04068348250610252,12
1,1477,0,0,0,0,0,0,0,1,0.04068348250610252,13
1,1477,0,0,0,0,0,0,0,2,0.04068348250610252,13
1,1478,0,0,0,0,0,0,0,1,0.04068348250610252,14
1,1478,0,0,0,0,0,0,0,2,0.04068348250610252,14
1,1479,0,0,0,0,0,0,0,1,0.04068348250610252,15
1,1479,0,0,0,0,0,0,0,2,0.04068348250610252,15
1,1480,0,0,0,0,0,0,0,1,0.04068348250610252,16
1,1480,0,0,0,0,0,0,0,2,0.04068348250610252,16
1,1481,0,0,0,0,0,0,0,1,0.04068348250610252,17
1,1481,0,0,0,0,0,0,0,2,0.04068348250610252,17
1,1482,0,0,0,0,0,0,0,1,0.04068348250610252,18
1,1482,0,0,0,0,0,0,0,2,0.04068348250610252,18
1,1483,0,0,0,0,0,0,0,1,0.04068348250610252,19
1,1483,0,0,0,0,0,0,0,2,0.04068348250610252,19
1,1484,0,0,0,0,0,0,0,1,0.04068348250610252,20
1,1484,0,0,0,0,0,0,0,2,0.04068348250610252,20
1,1485,0,0,0,0,0,0,0,1,0.04068348250610252,21
1,1485,0,0,0,0,0,0,0,2,0.04068348250610252,21
1,1486,0,0,0,0,0,0,0,1,0.04068348250610252,22
1,1486,0,0,0,0,0,0,0,2,0.04068348250610252,22
1,1487,0,0,0,0,0,0,0,1,0.04068348250610252,23
1,1487,0,0,0,0,0,0,0,2,0.04068348250610252,23
1,1488,0,0,0,0,0,0,0,1,0.04068348250610252,0
1,1488,0,0,0,0,0,0,0,2,0.04068348250610252,0
1,1489,0,0,0,0,0,0,0,1,0.04068348250610252,1
1,1489,0,0,0,0,0,0,0,2,0.04068348250610252,1
1,1490,0,0,0,0,0,0,0,1,0.04068348250610252,2
1,1490,0,0,0,0,0,0,0,2,0.04068348250610252,2
1,1491,0,0,0,0,0,0,0,1,0.04068348250610252,3
1,1491,0,0,0,0,0,0,0,2,0.04068348250610252,3
1,1492,0,0,0,0,0,0,0,1,0.04068348250610252,4
1,1492,0,0,0,0,0,0,0,2,0.04068348250610252,4
1,1493,0,0,0,0,0,0,0,1,0.04068348250610252,5
1,1493,0,0,0,0,0,0,0,2,0.04068348250610252,5
1,1494,0,0,0,0,0,0,0,1,0.04068348250610252,6
1,1494,0,0,0,0,0,0,0,2,0.04068348250610252,6
1,1495,0,0,0,0,0,0,0,1,0.04068348250610252,7
1,1495,0,0,0,0,0,0,0,2,0.04068348250610252,7
1,1496,0,0,0,0,0,0,0,1,0.04068348250610252,8
1,1496,0,0,0,0,0,0,0,2,0.04068348250610252,8
1,1497,0,0,0,0,0,0,0,1,0.04068348250610252,9
1,1497,0,0,0,0,0,0,0,2,0.04068348250610252,9
1,1498,0,0,0,0,0,0,0,1,0.04068348250610252,10
1,1498,0,0,0,0,0,0,0,2,0.04068348250610252,10
1,1499,0,0,0,0,0,0,0,1,0.04068348250610252,11
1,1499,0,0,0,0,0,0,0,2,0.04068348250610252,11
1,1500,0,0,0,0,0,0,0,1,0.04068348250610252,12
1,1500,0,0,0,0,0,0,0,2,0.04068348250610252,12
1,1501,0,0,0,0,0,0,0,1,0.04068348250610252,13
1,1501,0,0,0,0,0,0,0,2,0.04068348250610252,13
1,1502,0,0,0,0,0,0,0,1,0.04068348250610252,14
1,1502,0,0,0,0,0,0,0,2,0.04068348250610252,14
1,1503,0,0,0,0,0,0,0,1,0.04068348250610252,15
1,1503,0,0,0,0,0,0,0,2,0.04068348250610252,15
1,1504,0,0,0,0,0,0,0,1,0.04068348250610252,16
1,1504,0,0,0,0,0,0,0,2,0.04068348250610252,16
1,1505,0,0,0,0,0,0,0,1,0.04068348250610252,17
1,1505,0,0,0,0,0,0,0,2,0.04068348250610252,17
1,1506,0,0,0,0,0,0,0,1,0.04068348250610252,18
1,1506,0,0,0,0,0,0,0,2,0.04068348250610252,18
1,1507,0,0,0,0,0,0,0,1,0.04068348250610252,19
1,1507,0,0,0,0,0,0,0,2,0.04068348250610252,19
1,1508,0,0,0,0,0,0,0,1,0.04068348250610252,20
1,1508,0,0,0,0,0,0,0,2,0.04068348250610252,20
1,1509,0,0,0,0,0,0,0,1,0.04068348250610252,21
1,1509,0,0,0,0,0,0,0,2,0.04068348250610252,21
1,1510,0,0,0,0,0,0,0,1,0.04068348250610252,22
1,1510,0,0,0,0,0,0,0,2,0.04068348250610252,22
1,1511,0,0,0,0,0,0,0,1,0.04068348250610252,23
1,1511,0,0,0,0,0,0,0,2,0.04068348250610252,23
1,1512,0,0,0,0,0,0,0,1,0.04068348250610252,0
1,1512,0,0,0,0,0,0,0,2,0.04068348250610252,0
1,1513,0,0,0,0,0,0,0,1,0.04068348250610252,1
1,1513,0,0,0,0,0,0,0,2,0.04068348250610252,1
1,1514,0,0,0,0,0,0,0,1,0.04068348250610252,2
1,1514,0,0,0,0,0,0,0,2,0.04068348250610252,2
1,1515,0,0,0,0,0,0,0,1,0.04068348250610252,3
1,1515,0,0,0,0,0,0,0,2,0.04068348250610252,3
1,1516,0,0,0,0,0,0,0,1,0.04068348250610252,4
1,1516,0,0,0,0,0,0,0,2,0.04068348250610252,4
1,1517,0,0,0,0,0,0,0,1,0.04068348250610252,5
1,1517,0,0,0,0,0,0,0,2,0.04068348250610252,5
1,1518,0,0,0,0,0,0,0,1,0.04068348250610252,6
1,1518,0,0,0,0,0,0,0,2,0.04068348250610252,6
1,1519,0,0,0,0,0,0,0,1,0.04068348250610252,7
1,1519,0,0,0,0,0,0,0,2,0.04068348250610252,7
1,1520,0,0,0,0,0,0,0,1,0.04068348250610252,8
1,1520,0,0,0,0,0,0,0,2,0.04068348250610252,8
1,1521,0,0,0,0,0,0,0,1,0.04068348250610252,9
1,1521,0,0,0,0,0,0,0,2,0.04068348250610252,9
1,1522,0,0,0,0,0,0,0,1,0.04068348250610252,10
1,1522,0,0,0,0,0,0,0,2,0.04068348250610252,10
1,1523,0,0,0,0,0,0,0,1,0.04068348250610252,11
1,1523,0,0,0,0,0,0,0,2,0.04068348250610252,11
1,1524,0,0,0,0,0,0,0,1,0.04068348250610252,12
1,1524,0,0,0,0,0,0,0,2,0.04068348250610252,12
1,1525,0,0,0,0,0,0,0,1,0.04068348250610252,13
1,1525,0,0,0,0,0,0,0,2,0.04068348250610252,13
1,1526,0,0,0,0,0,0,0,1,0.04068348250610252,14
1,1526,0,0,0,0,0,0,0,2,0.04068348250610252,14
1,1527,0,0,0,0,0,0,0,1,0.04068348250610252,15
1,1527,0,0,0,0,0,0,0,2,0.04068348250610252,15
1,1528,0,0,0,0,0,0,0,1,0.04068348250610252,16
1,1528,0,0,0,0,0,0,0,2,0.04068348250610252,16
1,1529,0,0,0,0,0,0,0,1,0.04068348250610252,17
1,1529,0,0,0,0,0,0,0,2,0.04068348250610252,17
1,1530,0,0,0,0,0,0,0,1,0.04068348250610252,18
1,1530,0,0,0,0,0,0,0,2,0.04068348250610252,18
1,1531,0,0,0,0,0,0,0,1,0.04068348250610252,19
1,1531,0,0,0,0,0,0,0,2,0.04068348250610252,19
1,1532,0,0,0,0,0,0,0,1,0.04068348250610252,20
1,1532,0,0,0,0,0,0,0,2,0.04068348250610252,20
1,1533,0,0,0,0,0,0,0,1,0.04068348250610252,21
1,1533,0,0,0,0,0,0,0,2,0.04068348250610252,21
1,1534,0,0,0,0,0,0,0,1,0.04068348250610252,22
1,1534,0,0,0,0,0,0,0,2,0.04068348250610252,22
1,1535,0,0,0,0,0,0,0,1,0.04068348250610252,23
1,1535,0,0,0,0,0,0,0,2,0.04068348250610252,23
1,1536,0,0,0,0,0,0,0,1,0.04068348250610252,0
1,1536,0,0,0,0,0,0,0,2,0.04068348250610252,0
1,1537,0,0,0,0,0,0,0,1,0.04068348250610252,1
1,1537,0,0,0,0,0,0,0,2,0.04068348250610252,1
1,1538,0,0,0,0,0,0,0,1,0.04068348250610252,2
1,1538,0,0,0,0,0,0,0,2,0.04068348250610252,2
1,1539,0,0,0,0,0,0,0,1,0.04068348250610252,3
1,1539,0,0,0,0,0,0,0,2,0.04068348250610252,3
1,1540,0,0,0,0,0,0,0,1,0.04068348250610252,4
1,1540,0,0,0,0,0,0,0,2,0.04068348250610252,4
1,1541,0,0,0,0,0,0,0,1,0.04068348250610252,5
1,1541,0,0,0,0,0,0,0,2,0.04068348250610252,5
1,1542,0,0,0,0,0,0,0,1,0.04068348250610252,6
1,1542,0,0,0,0,0,0,0,2,0.04068348250610252,6
1,1543,0,0,0,0,0,0,0,1,0.04068348250610252,7
1,1543,0,0,0,0,0,0,0,2,0.04068348250610252,7
1,1544,0,0,0,0,0,0,0,1,0.04068348250610252,8
1,1544,0,0,0,0,0,0,0,2,0.04068348250610252,8
1,1545,0,0,0,0,0,0,0,1,0.04068348250610252,9
1,1545,0,0,0,0,0,0,0,2,0.04068348250610252,9
1,1546,0,0,0,0,0,0,0,1,0.04068348250610252,10
1,1546,0,0,0,0,0,0,0,2,0.04068348250610252,10
1,1547,0,0,0,0,0,0,0,1,0.04068348250610252,11
1,1547,0,0,0,0,0,0,0,2,0.04068348250610252,11
1,1548,0,0,0,0,0,0,0,1,0.04068348250610252,12
1,1548,0,0,0,0,0,0,0,2,0.04068348250610252,12
1,1549,0,0,0,0,0,0,0,1,0.04068348250610252,13
1,1549,0,0,0,0,0,0,0,2,0.04068348250610252,13
1,1550,0,0,0,0,0,0,0,1,0.04068348250610252,14
1,1550,0,0,0,0,0,0,0,2,0.04068348250610252,14
1,1551,0,0,0,0,0,0,0,1,0.04068348250610252,15
1,1551,0,0,0,0,0,0,0,2,0.04068348250610252,15
1,1552,0,0,0,0,0,0,0,1,0.04068348250610252,16
1,1552,0,0,0,0,0,0,0,2,0.04068348250610252,16
1,1553,0,0,0,0,0,0,0,1,0.04068348250610252,17
1,1553,0,0,0,0,0,0,0,2,0.04068348250610252,17
1,1554,0,0,0,0,0,0,0,1,0.04068348250610252,18
1,1554,0,0,0,0,0,0,0,2,0.04068348250610252,18
1,1555,0,0,0,0,0,0,0,1,0.04068348250610252,19
1,1555,0,0,0,0,0,0,0,2,0.04068348250610252,19
1,1556,0,0,0,0,0,0,0,1,0.04068348250610252,20
1,1556,0,0,0,0,0,0,0,2,0.04068348250610252,20
1,1557,0,0,0,0,0,0,0,1,0.04068348250610252,21
1,1557,0,0,0,0,0,0,0,2,0.04068348250610252,21
1,1558,0,0,0,0,0,0,0,1,0.04068348250610252,22
1,1558,0,0,0,0,0,0,0,2,0.04068348250610252,22
1,1559,0,0,0,0,0,0,0,1,0.04068348250610252,23
1,1559,0,0,0,0,0,0,0,2,0.04068348250610252,23
1,1560,0,0,0,0,0,0,0,1,0.04068348250610252,0
1,1560,0,0,0,0,0,0,0,2,0.04068348250610252,0
1,1561,0,0,0,0,0,0,0,1,0.04068348250610252,1
1,1561,0,0,0,0,0,0,0,2,0.04068348250610252,1
1,1562,0,0,0,0,0,0,0,1,0.04068348250610252,2
1,1562,0,0,0,0,0,0,0,2,0.04068348250610252,2
1,1563,0,0,0,0,0,0,0,1,0.04068348250610252,3
1,1563,0,0,0,0,0,0,0,2,0.04068348250610252,3
1,1564,0,0,0,0,0,0,0,1,0.04068348250610252,4
1,1564,0,0,0,0,0,0,0,2,0.04068348250610252,4
1,1565,0,0,0,0,0,0,0,1,0.04068348250610252,5
1,1565,0,0,0,0,0,0,0,2,0.04068348250610252,5
1,1566,0,0,0,0,0,0,0,1,0.04068348250610252,6
1,1566,0,0,0,0,0,0,0,2,0.04068348250610252,6
1,1567,0,0,0,0,0,0,0,1,0.04068348250610252,7
1,1567,0,0,0,0,0,0,0,2,0.04068348250610252,7
1,1568,0,0,0,0,0,0,0,1,0.04068348250610252,8
1,1568,0,0,0,0,0,0,0,2,0.04068348250610252,8
1,1569,0,0,0,0,0,0,0,1,0.04068348250610252,9
1,1569,0,0,0,0,0,0,0,2,0.04068348250610252,9
1,1570,0,0,0,0,0,0,0,1,0.04068348250610252,10
1,1570,0,0,0,0,0,0,0,2,0.04068348250610252,10
1,1571,0,0,0,0,0,0,0,1,0.04068348250610252,11
1,1571,0,0,0,0,0,0,0,2,0.04068348250610252,11
1,1572,0,0,0,0,0,0,0,1,0.04068348250610252,12
1,1572,0,0,0,0,0,0,0,2,0.04068348250610252,12
1,1573,0,0,0,0,0,0,0,1,0.04068348250610252,13
1,1573,0,0,0,0,0,0,0,2,0.04068348250610252,13
1,1574,0,0,0,0,0,0,0,1,0.04068348250610252,14
1,1574,0,0,0,0,0,0,0,2,0.04068348250610252,14
1,1575,0,0,0,0,0,0,0,1,0.04068348250610252,15
1,1575,0,0,0,0,0,0,0,2,0.04068348250610252,15
1,1576,0,0,0,0,0,0,0,1,0.04068348250610252,16
1,1576,0,0,0,0,0,0,0,2,0.04068348250610252,16
1,1577,0,0,0,0,0,0,0,1,0.04068348250610252,17
1,1577,0,0,0,0,0,0,0,2,0.04068348250610252,17
1,1578,0,0,0,0,0,0,0,1,0.04068348250610252,18
1,1578,0,0,0,0,0,0,0,2,0.04068348250610252,18
1,1579,0,0,0,0,0,0,0,1,0.04068348250610252,19
1,1579,0,0,0,0,0,0,0,2,0.04068348250610252,19
1,1580,0,0,0,0,0,0,0,1,0.04068348250610252,20
1,1580,0,0,0,0,0,0,0,2,0.04068348250610252,20
1,1581,0,0,0,0,0,0,0,1,0.04068348250610252,21
1,1581,0,0,0,0,0,0,0,2,0.04068348250610252,21
1,1582,0,0,0,0,0,0,0,1,0.04068348250610252,22
1,1582,0,0,0,0,0,0,0,2,0.04068348250610252,22
1,1583,0,0,0,0,0,0,0,1,0.04068348250610252,23
1,1583,0,0,0,0,0,0,0,2,0.04068348250610252,23
1,1584,0,0,0,0,0,0,0,1,0.04068348250610252,0
1,1584,0,0,0,0,0,0,0,2,0.04068348250610252,0
1,1585,0,0,0,0,0,0,0,1,0.04068348250610252,1
1,1585,0,0,0,0,0,0,0,2,0.04068348250610252,1
1,1586,0,0,0,0,0,0,0,1,0.04068348250610252,2
1,1586,0,0,0,0,0,0,0,2,0.04068348250610252,2
1,1587,0,0,0,0,0,0,0,1,0.04068348250610252,3
1,1587,0,0,0,0,0,0,0,2,0.04068348250610252,3
1,1588,0,0,0,0,0,0,0,1,0.04068348250610252,4
1,1588,0,0,0,0,0,0,0,2,0.04068348250610252,4
1,1589,0,0,0,0,0,0,0,1,0.04068348250610252,5
1,1589,0,0,0,0,0,0,0,2,0.04068348250610252,5
1,1590,0,0,0,0,0,0,0,1,0.04068348250610252,6
1,1590,0,0,0,0,0,0,0,2,0.04068348250610252,6
1,1591,0,0,0,0,0,0,0,1,0.04068348250610252,7
1,1591,0,0,0,0,0,0,0,2,0.04068348250610252,7
1,1592,0,0,0,0,0,0,0,1,0.04068348250610252,8
1,1592,0,0,0,0,0,0,0,2,0.04068348250610252,8
1,1593,0,0,0,0,0,0,0,1,0.04068348250610252,9
1,1593,0,0,0,0,0,0,0,2,0.04068348250610252,9
1,1594,0,0,0,0,0,0,0,1,0.04068348250610252,10
1,1594,0,0,0,0,0,0,0,2,0.04068348250610252,10
1,1595,0,0,0,0,0,0,0,1,0.04068348250610252,11
1,1595,0,0,0,0,0,0,0,2,0.04068348250610252,11
1,1596,0,0,0,0,0,0,0,1,0.04068348250610252,12
1,1596,0,0,0,0,0,0,0,2,0.04068348250610252,12
1,1597,0,0,0,0,0,0,0,1,0.04068348250610252,13
1,1597,0,0,0,0,0,0,0,2,0.04068348250610252,13
1,1598,0,0,0,0,0,0,0,1,0.04068348250610252,14
1,1598,0,0,0,0,0,0,0,2,0.04068348250610252,14
1,1599,0,0,0,0,0,0,0,1,0.04068348250610252,15
1,1599,0,0,0,0,0,0,0,2,0.04068348250610252,15
1,1600,0,0,0,0,0,0,0,1,0.04068348250610252,16
1,1600,0,0,0,0,0,0,0,2,0.04068348250610252,16
1,1601,0,0,0,0,0,0,0,1,0.04068348250610252,17
1,1601,0,0,0,0,0,0,0,2,0.04068348250610252,17
1,1602,0,0,0,0,0,0,0,1,0.04068348250610252,18
1,1602,0,0,0,0,0,0,0,2,0.04068348250610252,18
1,1603,0,0,0,0,0,0,0,1,0.04068348250610252,19
1,1603,0,0,0,0,0,0,0,2,0.04068348250610252,19
1,1604,0,0,0,0,0,0,0,1,0.04068348250610252,20
1,1604,0,0,0,0,0,0,0,2,0.04068348250610252,20
1,1605,0,0,0,0,0,0,0,1,0.04068348250610252,21
1,1605,0,0,0,0,0,0,0,2,0.04068348250610252,21
1,1606,0,0,0,0,0,0,0,1,0.04068348250610252,22
1,1606,0,0,0,0,0,0,0,2,0.04068348250610252,22
1,1607,0,0,0,0,0,0,0,1,0.04068348250610252,23
1,1607,0,0,0,0,0,0,0,2,0.04068348250610252,23
1,1608,0,0,0,0,0,0,0,1,0.04068348250610252,0
1,1608,0,0,0,0,0,0,0,2,0.04068348250610252,0
1,1609,0,0,0,0,0,0,0,1,0.04068348250610252,1
1,1609,0,0,0,0,0,0,0,2,0.04068348250610252,1
1,1610,0,0,0,0,0,0,0,1,0.04068348250610252,2
1,1610,0,0,0,0,0,0,0,2,0.04068348250610252,2
1,1611,0,0,0,0,0,0,0,1,0.04068348250610252,3
1,1611,0,0,0,0,0,0,0,2,0.04068348250610252,3
1,1612,0,0,0,0,0,0,0,1,0.04068348250610252,4
1,1612,0,0,0,0,0,0,0,2,0.04068348250610252,4
1,1613,0,0,0,0,0,0,0,1,0.04068348250610252,5
1,1613,0,0,0,0,0,0,0,2,0.04068348250610252,5
1,1614,0,0,0,0,0,0,0,1,0.04068348250610252,6
1,1614,0,0,0,0,0,0,0,2,0.04068348250610252,6
1,1615,0,0,0,0,0,0,0,1,0.04068348250610252,7
1,1615,0,0,0,0,0,0,0,2,0.04068348250610252,7
1,1616,0,0,0,0,0,0,0,1,0.04068348250610252,8
1,1616,0,0,0,0,0,0,0,2,0.04068348250610252,8
1,1617,0,0,0,0,0,0,0,1,0.04068348250610252,9
1,1617,0,0,0,0,0,0,0,2,0.04068348250610252,9
1,1618,0,0,0,0,0,0,0,1,0.04068348250610252,10
1,1618,0,0,0,0,0,0,0,2,0.04068348250610252,10
1,1619,0,0,0,0,0,0,0,1,0.04068348250610252,11
1,1619,0,0,0,0,0,0,0,2,0.04068348250610252,11
1,1620,0,0,0,0,0,0,0,1,0.04068348250610252,12
1,1620,0,0,0,0,0,0,0,2,0.04068348250610252,12
1,1621,0,0,0,0,0,0,0,1,0.04068348250610252,13
1,1621,0,0,0,0,0,0,0,2,0.04068348250610252,13
1,1622,0,0,0,0,0,0,0,1,0.04068348250610252,14
1,1622,0,0,0,0,0,0,0,2,0.04068348250610252,14
1,1623,0,0,0,0,0,0,0,1,0.04068348250610252,15
1,1623,0,0,0,0,0,0,0,2,0.04068348250610252,15
1,1624,0,0,0,0,0,0,0,1,0.04068348250610252,16
1,1624,0,0,0,0,0,0,0,2,0.04068348250610252,16
1,1625,0,0,0,0,0,0,0,1,0.04068348250610252,17
1,1625,0,0,0,0,0,0,0,2,0.04068348250610252,17
1,1626,0,0,0,0,0,0,0,1,0.04068348250610252,18
1,1626,0,0,0,0,0,0,0,2,0.04068348250610252,18
1,1627,0,0,0,0,0,0,0,1,0.04068348250610252,19
1,1627,0,0,0,0,0,0,0,2,0.04068348250610252,19
1,1628,0,0,0,0,0,0,0,1,0.04068348250610252,20
1,1628,0,0,0,0,0,0,0,2,0.04068348250610252,20
1,1629,0,0,0,0,0,0,0,1,0.04068348250610252,21
1,1629,0,0,0,0,0,0,0,2,0.04068348250610252,21
1,1630,0,0,0,0,0,0,0,1,0.04068348250610252,22
1,1630,0,0,0,0,0,0,0,2,0.04068348250610252,22
1,1631,0,0,0,0,0,0,0,1,0.04068348250610252,23
1,1631,0,0,0,0,0,0,0,2,0.04068348250610252,23
1,1632,0,0,0,0,0,0,0,1,0.04068348250610252,0
1,1632,0,0,0,0,0,0,0,2,0.04068348250610252,0
1,1633,0,0,0,0,0,0,0,1,0.04068348250610252,1
1,1633,0,0,0,0,0,0,0,2,0.04068348250610252,1
1,1634,0,0,0,0,0,0,0,1,0.04068348250610252,2
1,1634,0,0,0,0,0,0,0,2,0.04068348250610252,2
1,1635,0,0,0,0,0,0,0,1,0.04068348250610252,3
1,1635,0,0,0,0,0,0,0,2,0.04068348250610252,3
1,1636,0,0,0,0,0,0,0,1,0.04068348250610252,4
1,1636,0,0,0,0,0,0,0,2,0.04068348250610252,4
1,1637,0,0,0,0,0,0,0,1,0.04068348250610252,5
1,1637,0,0,0,0,0,0,0,2,0.04068348250610252,5
1,1638,0,0,0,0,0,0,0,1,0.04068348250610252,6
1,1638,0,0,0,0,0,0,0,2,0.04068348250610252,6
1,1639,0,0,0,0,0,0,0,1,0.04068348250610252,7
1,1639,0,0,0,0,0,0,0,2,0.04068348250610252,7
1,1640,0,0,0,0,0,0,0,1,0.04068348250610252,8
1,1640,0,0,0,0,0,0,0,2,0.04068348250610252,8
1,1641,0,0,0,0,0,0,0,1,0.04068348250610252,9
1,1641,0,0,0,0,0,0,0,2,0.04068348250610252,9
1,1642,0,0,0,0,0,0,0,1,0.04068348250610252,10
1,1642,0,0,0,0,0,0,0,2,0.04068348250610252,10
1,1643,0,0,0,0,0,0,0,1,0.04068348250610252,11
1,1643,0,0,0,0,0,0,0,2,0.04068348250610252,11
1,1644,0,0,0,0,0,0,0,1,0.04068348250610252,12
1,1644,0,0,0,0,0,0,0,2,0.04068348250610252,12
1,1645,0,0,0,0,0,0,0,1,0.04068348250610252,13
1,1645,0,0,0,0,0,0,0,2,0.04068348250610252,13
1,1646,0,0,0,0,0,0,0,1,0.04068348250610252,14
1,1646,0,0,0,0,0,0,0,2,0.04068348250610252,14
1,1647,0,0,0,0,0,0,0,1,0.04068348250610252,15
1,1647,0,0,0,0,0,0,0,2,0.04068348250610252,15
1,1648,0,0,0,0,0,0,0,1,0.04068348250610252,16
1,1648,0,0,0,0,0,0,0,2,0.04068348250610252,16
1,1649,0,0,0,0,0,0,0,1,0.04068348250610252,17
1,1649,0,0,0,0,0,0,0,2,0.04068348250610252,17
1,1650,0,0,0,0,0,0,0,1,0.04068348250610252,18
1,1650,0,0,0,0,0,0,0,2,0.04068348250610252,18
1,1651,0,0,0,0,0,0,0,1,0.04068348250610252,19
1,1651,0,0,0,0,0,0,0,2,0.04068348250610252,19
1,1652,0,0,0,0,0,0,0,1,0.04068348250610252,20
1,1652,0,0,0,0,0,0,0,2,0.04068348250610252,20
1,1653,0,0,0,0,0,0,0,1,0.04068348250610252,21
1,1653,0,0,0,0,0,0,0,2,0.04068348250610252,21
1,1654,0,0,0,0,0,0,0,1,0.04068348250610252,22
1,1654,0,0,0,0,0,0,0,2,0.04068348250610252,22
1,1655,0,0,0,0,0,0,0,1,0.04068348250610252,23
1,1655,0,0,0,0,0,0,0,2,0.04068348250610252,23
1,1656,0,0,0,0,0,0,0,1,0.04068348250610252,0
1,1656,0,0,0,0,0,0,0,2,0.04068348250610252,0
1,1657,0,0,0,0,0,0,0,1,0.04068348250610252,1
1,1657,0,0,0,0,0,0,0,2,0.04068348250610252,1
1,1658,0,0,0,0,0,0,0,1,0.04068348250610252,2
1,1658,0,0,0,0,0,0,0,2,0.04068348250610252,2
1,1659,0,0,0,0,0,0,0,1,0.04068348250610252,3
1,1659,0,0,0,0,0,0,0,2,0.04068348250610252,3
1,1660,0,0,0,0,0,0,0,1,0.04068348250610252,4
1,1660,0,0,0,0,0,0,0,2,0.04068348250610252,4
1,1661,0,0,0,0,0,0,0,1,0.04068348250610252,5
1,1661,0,0,0,0,0,0,0,2,0.04068348250610252,5
1,1662,0,0,0,0,0,0,0,1,0.04068348250610252,6
1,1662,0,0,0,0,0,0,0,2,0.04068348250610252,6
1,1663,0,0,0,0,0,0,0,1,0.04068348250610252,7
1,1663,0,0,0,0,0,0,0,2,0.04068348250610252,7
1,1664,0,0,0,0,0,0,0,1,0.04068348250610252,8
1,1664,0,0,0,0,0,0,0,2,0.04068348250610252,8
1,1665,0,0,0,0,0,0,0,1,0.04068348250610252,9
1,1665,0,0,0,0,0,0,0,2,0.04068348250610252,9
1,1666,0,0,0,0,0,0,0,1,0.04068348250610252,10
1,1666,0,0,0,0,0,0,0,2,0.04068348250610252,10
1,1667,0,0,0,0,0,0,0,1,0.04068348250610252,11
1,1667,0,0,0,0,0,0,0,2,0.04068348250610252,11
1,1668,0,0,0,0,0,0,0,1,0.04068348250610252,12
1,1668,0,0,0,0,0,0,0,2,0.04068348250610252,12
1,1669,0,0,0,0,0,0,0,1,0.04068348250610252,13
1,1669,0,0,0,0,0,0,0,2,0.04068348250610252,13
1,1670,0,0,0,0,0,0,0,1,0.04068348250610252,14
1,1670,0,0,0,0,0,0,0,2,0.04068348250610252,14
1,1671,0,0,0,0,0,0,0,1,0.04068348250610252,15
1,1671,0,0,0,0,0,0,0,2,0.04068348250610252,15
1,1672,0,0,0,0,0,0,0,1,0.04068348250610252,16
1,1672,0,0,0,0,0,0,0,2,0.04068348250610252,16
1,1673,0,0,0,0,0,0,0,1,0.04068348250610252,17
1,1673,0,0,0,0,0,0,0,2,0.04068348250610252,17
1,1674,0,0,0,0,0,0,0,1,0.04068348250610252,18
1,1674,0,0,0,0,0,0,0,2,0.04068348250610252,18
1,1675,0,0,0,0,0,0,0,1,0.04068348250610252,19
1,1675,0,0,0,0,0,0,0,2,0.04068348250610252,19
1,1676,0,0,0,0,0,0,0,1,0.04068348250610252,20
1,1676,0,0,0,0,0,0,0,2,0.04068348250610252,20
1,1677,0,0,0,0,0,0,0,1,0.04068348250610252,21
1,1677,0,0,0,0,0,0,0,2,0.04068348250610252,21
1,1678,0,0,0,0,0,0,0,1,0.04068348250610252,22
1,1678,0,0,0,0,0,0,0,2,0.04068348250610252,22
1,1679,0,0,0,0,0,0,0,1,0.04068348250610252,23
1,1679,0,0,0,0,0,0,0,2,0.04068348250610252,23
1,1680,0,0,0,0,0,0,0,1,0.04068348250610252,0
1,1680,0,0,0,0,0,0,0,2,0.04068348250610252,0
1,1681,0,0,0,0,0,0,0,1,0.04068348250610252,1
1,1681,0,0,0,0,0,0,0,2,0.04068348250610252,1
1,1682,0,0,0,0,0,0,0,1,0.04068348250610252,2
1,1682,0,0,0,0,0,0,0,2,0.04068348250610252,2
1,1683,0,0,0,0,0,0,0,1,0.04068348250610252,3
1,1683,0,0,0,0,0,0,0,2,0.04068348250610252,3
1,1684,0,0,0,0,0,0,0,1,0.04068348250610252,4
1,1684,0,0,0,0,0,0,0,2,0.04068348250610252,4
1,1685,0,0,0,0,0,0,0,1,0.04068348250610252,5
1,1685,0,0,0,0,0,0,0,2,0.04068348250610252,5
1,1686,0,0,0,0,0,0,0,1,0.04068348250610252,6
1,1686,0,0,0,0,0,0,0,2,0.04068348250610252,6
1,1687,0,0,0,0,0,0,0,1,0.04068348250610252,7
1,1687,0,0,0,0,0,0,0,2,0.04068348250610252,7
1,1688,0,0,0,0,0,0,0,1,0.04068348250610252,8
1,1688,0,0,0,0,0,0,0,2,0.04068348250610252,8
1,1689,0,0,0,0,0,0,0,1,0.04068348250610252,9
1,1689,0,0,0,0,0,0,0,2,0.04068348250610252,9
1,1690,0,0,0,0,0,0,0,1,0.04068348250610252,10
1,1690,0,0,0,0,0,0,0,2,0.04068348250610252,10
1,1691,0,0,0,0,0,0,0,1,0.04068348250610252,11
1,1691,0,0,0,0,0,0,0,2,0.04068348250610252,11
1,1692,0,0,0,0,0,0,0,1,0.04068348250610252,12
1,1692,0,0,0,0,0,0,0,2,0.04068348250610252,12
1,1693,0,0,0,0,0,0,0,1,0.04068348250610252,13
1,1693,0,0,0,0,0,0,0,2,0.04068348250610252,13
1,1694,0,0,0,0,0,0,0,1,0.04068348250610252,14
1,1694,0,0,0,0,0,0,0,2,0.04068348250610252,14
1,1695,0,0,0,0,0,0,0,1,0.04068348250610252,15
1,1695,0,0,0,0,0,0,0,2,0.04068348250610252,15
1,1696,0,0,0,0,0,0,0,1,0.04068348250610252,16
1,1696,0,0,0,0,0,0,0,2,0.04068348250610252,16
1,1697,0,0,0,0,0,0,0,1,0.04068348250610252,17
1,1697,0,0,0,0,0,0,0,2,0.04068348250610252,17
1,1698,0,0,0,0,0,0,0,1,0.04068348250610252,18
1,1698,0,0,0,0,0,0,0,2,0.04068348250610252,18
1,1699,0,0,0,0,0,0,0,1,0.04068348250610252,19
1,1699,0,0,0,0,0,0,0,2,0.04068348250610252,19
1,1700,0,0,0,0,0,0,0,1,0.04068348250610252,20
1,1700,0,0,0,0,0,0,0,2,0.04068348250610252,20
1,1701,0,0,0,0,0,0,0,1,0.04068348250610252,21
1,1701,0,0,0,0,0,0,0,2,0.04068348250610252,21
1,1702,0,0,0,0,0,0,0,1,0.04068348250610252,22
1,1702,0,0,0,0,0,0,0,2,0.04068348250610252,22
1,1703,0,0,0,0,0,0,0,1,0.04068348250610252,23
1,1703,0,0,0,0,0,0,0,2,0.04068348250610252,23
1,1704,0,0,0,0,0,0,0,1,0.04068348250610252,0
1,1704,0,0,0,0,0,0,0,2,0.04068348250610252,0
1,1705,0,0,0,0,0,0,0,1,0.04068348250610252,1
1,1705,0,0,0,0,0,0,0,2,0.04068348250610252,1
1,1706,0,0,0,0,0,0,0,1,0.04068348250610252,2
1,1706,0,0,0,0,0,0,0,2,0.04068348250610252,2
1,1707,0,0,0,0,0,0,0,1,0.04068348250610252,3
1,1707,0,0,0,0,0,0,0,2,0.04068348250610252,3
1,1708,0,0,0,0,0,0,0,1,0.04068348250610252,4
1,1708,0,0,0,0,0,0,0,2,0.04068348250610252,4
1,1709,0,0,0,0,0,0,0,1,0.04068348250610252,5
1,1709,0,0,0,0,0,0,0,2,0.04068348250610252,5
1,1710,0,0,0,0,0,0,0,1,0.04068348250610252,6
1,1710,0,0,0,0,0,0,0,2,0.04068348250610252,6
1,1711,0,0,0,0,0,0,0,1,0.04068348250610252,7
1,1711,0,0,0,0,0,0,0,2,0.04068348250610252,7
1,1712,0,0,0,0,0,0,0,1,0.04068348250610252,8
1,1712,0,0,0,0,0,0,0,2,0.04068348250610252,8
1,1713,0,0,0,0,0,0,0,1,0.04068348250610252,9
1,1713,0,0,0,0,0,0,0,2,0.04068348250610252,9
1,1714,0,0,0,0,0,0,0,1,0.04068348250610252,10
1,1714,0,0,0,0,0,0,0,2,0.04068348250610252,10
1,1715,0,0,0,0,0,0,0,1,0.04068348250610252,11
1,1715,0,0,0,0,0,0,0,2,0.04068348250610252,11
1,1716,0,0,0,0,0,0,0,1,0.04068348250610252,12
1,1716,0,0,0,0,0,0,0,2,0.04068348250610252,12
1,1717,0,0,0,0,0,0,0,1,0.04068348250610252,13
1,1717,0,0,0,0,0,0,0,2,0.04068348250610252,13
1,1718,0,0,0,0,0,0,0,1,0.04068348250610252,14
1,1718,0,0,0,0,0,0,0,2,0.04068348250610252,14
1,1719,0,0,0,0,0,0,0,1,0.04068348250610252,15
1,1719,0,0,0,0,0,0,0,2,0.04068348250610252,15
1,1720,0,0,0,0,0,0,0,1,0.04068348250610252,16
1,1720,0,0,0,0,0,0,0,2,0.04068348250610252,16
1,1721,0,0,0,0,0,0,0,1,0.04068348250610252,17
1,1721,0,0,0,0,0,0,0,2,0.04068348250610252,17
1,1722,0,0,0,0,0,0,0,1,0.04068348250610252,18
1,1722,0,0,0,0,0,0,0,2,0.04068348250610252,18
1,1723,0,0,0,0,0,0,0,1,0.04068348250610252,19
1,1723,0,0,0,0,0,0,0,2,0.04068348250610252,19
1,1724,0,0,0,0,0,0,0,1,0.04068348250610252,20
1,1724,0,0,0,0,0,0,0,2,0.04068348250610252,20
1,1725,0,0,0,0,0,0,0,1,0.04068348250610252,21
1,1725,0,0,0,0,0,0,0,2,0.04068348250610252,21
1,1726,0,0,0,0,0,0,0,1,0.04068348250610252,22
1,1726,0,0,0,0,0,0,0,2,0.04068348250610252,22
1,1727,0,0,0,0,0,0,0,1,0.04068348250610252,23
1,1727,0,0,0,0,0,0,0,2,0.04068348250610252,23
1,1728,0,0,0,0,0,0,0,1,0.04068348250610252,0
1,1728,0,0,0,0,0,0,0,2,0.04068348250610252,0
1,1729,0,0,0,0,0,0,0,1,0.04068348250610252,1
1,1729,0,0,0,0,0,0,0,2,0.04068348250610252,1
1,1730,0,0,0,0,0,0,0,1,0.04068348250610252,2
1,1730,0,0,0,0,0,0,0,2,0.04068348250610252,2
1,1731,0,0,0,0,0,0,0,1,0.04068348250610252,3
1,1731,0,0,0,0,0,0,0,2,0.04068348250610252,3
1,1732,0,0,0,0,0,0,0,1,0.04068348250610252,4
1,1732,0,0,0,0,0,0,0,2,0.04068348250610252,4
1,1733,0,0,0,0,0,0,0,1,0.04068348250610252,5
1,1733,0,0,0,0,0,0,0,2,0.04068348250610252,5
1,1734,0,0,0,0,0,0,0,1,0.04068348250610252,6
1,1734,0,0,0,0,0,0,0,2,0.04068348250610252,6
1,1735,0,0,0,0,0,0,0,1,0.04068348250610252,7
1,1735,0,0,0,0,0,0,0,2,0.04068348250610252,7
1,1736,0,0,0,0,0,0,0,1,0.04068348250610252,8
1,1736,0,0,0,0,0,0,0,2,0.04068348250610252,8
1,1737,0,0,0,0,0,0,0,1,0.04068348250610252,9
1,1737,0,0,0,0,0,0,0,2,0.04068348250610252,9
1,1738,0,0,0,0,0,0,0,1,0.04068348250610252,10
1,1738,0,0,0,0,0,0,0,2,0.04068348250610252,10
1,1739,0,0,0,0,0,0,0,1,0.04068348250610252,11
1,1739,0,0,0,0,0,0,0,2,0.04068348250610252,11
1,1740,0,0,0,0,0,0,0,1,0.04068348250610252,12
1,1740,0,0,0,0,0,0,0,2,0.04068348250610252,12
1,1741,0,0,0,0,0,0,0,1,0.04068348250610252,13
1,1741,0,0,0,0,0,0,0,2,0.04068348250610252,13
1,1742,0,0,0,0,0,0,0,1,0.04068348250610252,14
1,1742,0,0,0,0,0,0,0,2,0.04068348250610252,14
1,1743,0,0,0,0,0,0,0,1,0.04068348250610252,15
1,1743,0,0,0,0,0,0,0,2,0.04068348250610252,15
1,1744,0,0,0,0,0,0,0,1,0.04068348250610252,16
1,1744,0,0,0,0,0,0,0,2,0.04068348250610252,16
1,1745,0,0,0,0,0,0,0,1,0.04068348250610252,17
1,1745,0,0,0,0,0,0,0,2,0.04068348250610252,17
1,1746,0,0,0,0,0,0,0,1,0.04068348250610252,18
1,1746,0,0,0,0,0,0,0,2,0.04068348250610252,18
1,1747,0,0,0,0,0,0,0,1,0.04068348250610252,19
1,1747,0,0,0,0,0,0,0,2,0.04068348250610252,19
1,1748,0,0,0,0,0,0,0,1,0.04068348250610252,20
1,1748,0,0,0,0,0,0,0,2,0.04068348250610252,20
1,1749,0,0,0,0,0,0,0,1,0.04068348250610252,21
1,1749,0,0,0,0,0,0,0,2,0.04068348250610252,21
1,1750,0,0,0,0,0,0,0,1,0.04068348250610252,22
1,1750,0,0,0,0,0,0,0,2,0.04068348250610252,22
1,1751,0,0,0,0,0,0,0,1,0.04068348250610252,23
1,1751,0,0,0,0,0,0,0,2,0.04068348250610252,23
1,1752,0,0,0,0,0,0,0,1,0.04068348250610252,0
1,1752,0,0,0,0,0,0,0,2,0.04068348250610252,0
1,1753,0,0,0,0,0,0,0,1,0.04068348250610252,1
1,1753,0,0,0,0,0,0,0,2,0.04068348250610252,1
1,1754,0,0,0,0,0,0,0,1,0.04068348250610252,2
1,1754,0,0,0,0,0,0,0,2,0.04068348250610252,2
1,1755,0,0,0,0,0,0,0,1,0.04068348250610252,3
1,1755,0,0,0,0,0,0,0,2,0.04068348250610252,3
1,1756,0,0,0,0,0,0,0,1,0.04068348250610252,4
1,1756,0,0,0,0,0,0,0,2,0.04068348250610252,4
1,1757,0,0,0,0,0,0,0,1,0.04068348250610252,5
1,1757,0,0,0,0,0,0,0,2,0.04068348250610252,5
1,1758,0,0,0,0,0,0,0,1,0.04068348250610252,6
1,1758,0,0,0,0,0,0,0,2,0.04068348250610252,6
1,1759,0,0,0,0,0,0,0,1,0.04068348250610252,7
1,1759,0,0,0,0,0,0,0,2,0.04068348250610252,7
1,1760,0,0,0,0,0,0,0,1,0.04068348250610252,8
1,1760,0,0,0,0,0,0,0,2,0.04068348250610252,8
1,1761,0,0,0,0,0,0,0,1,0.04068348250610252,9
1,1761,0,0,0,0,0,0,0,2,0.04068348250610252,9
1,1762,0,0,0,0,0,0,0,1,0.04068348250610252,10
1,1762,0,0,0,0,0,0,0,2,0.04068348250610252,10
1,1763,0,0,0,0,0,0,0,1,0.04068348250610252,11
1,1763,0,0,0,0,0,0,0,2,0.04068348250610252,11
1,1764,0,0,0,0,0,0,0,1,0.04068348250610252,12
1,1764,0,0,0,0,0,0,0,2,0.04068348250610252,12
1,1765,0,0,0,0,0,0,0,1,0.04068348250610252,13
1,1765,0,0,0,0,0,0,0,2,0.04068348250610252,13
1,1766,0,0,0,0,0,0,0,1,0.04068348250610252,14
1,1766,0,0,0,0,0,0,0,2,0.04068348250610252,14
1,1767,0,0,0,0,0,0,0,1,0.04068348250610252,15
1,1767,0,0,0,0,0,0,0,2,0.04068348250610252,15
1,1768,0,0,0,0,0,0,0,1,0.04068348250610252,16
1,1768,0,0,0,0,0,0,0,2,0.04068348250610252,16
1,1769,0,0,0,0,0,0,0,1,0.04068348250610252,17
1,1769,0,0,0,0,0,0,0,2,0.04068348250610252,17
1,1770,0,0,0,0,0,0,0,1,0.04068348250610252,18
1,1770,0,0,0,0,0,0,0,2,0.04068348250610252,18
1,1771,0,0,0,0,0,0,0,1,0.04068348250610252,19
1,1771,0,0,0,0,0,0,0,2,0.04068348250610252,19
1,1772,0,0,0,0,0,0,0,1,0.04068348250610252,20
1,1772,0,0,0,0,0,0,0,2,0.04068348250610252,20
1,1773,0,0,0,0,0,0,0,1,0.04068348250610252,21
1,1773,0,0,0,0,0,0,0,2,0.04068348250610252,21
1,1774,0,0,0,0,0,0,0,1,0.04068348250610252,22
1,1774,0,0,0,0,0,0,0,2,0.04068348250610252,22
1,1775,0,0,0,0,0,0,0,1,0.04068348250610252,23
1,1775,0,0,0,0,0,0,0,2,0.04068348250610252,23
1,1776,0,0,0,0,0,0,0,1,0.04068348250610252,0
1,1776,0,0,0,0,0,0,0,2,0.04068348250610252,0
1,1777,0,0,0,0,0,0,0,1,0.04068348250610252,1
1,1777,0,0,0,0,0,0,0,2,0.04068348250610252,1
1,1778,0,0,0,0,0,0,0,1,0.04068348250610252,2
1,1778,0,0,0,0,0,0,0,2,0.04068348250610252,2
1,1779,0,0,0,0,0,0,0,1,0.04068348250610252,3
1,1779,0,0,0,0,0,0,0,2,0.04068348250610252,3
1,1780,0,0,0,0,0,0,0,1,0.04068348250610252,4
1,1780,0,0,0,0,0,0,0,2,0.04068348250610252,4
1,1781,0,0,0,0,0,0,0,1,0.04068348250610252,5
1,1781,0,0,0,0,0,0,0,2,0.04068348250610252,5
1,1782,0,0,0,0,0,0,0,1,0.04068348250610252,6
1,1782,0,0,0,0,0,0,0,2,0.04068348250610252,6
1,1783,0,0,0,0,0,0,0,1,0.04068348250610252,7
1,1783,0,0,0,0,0,0,0,2,0.04068348250610252,7
1,1784,0,0,0,0,0,0,0,1,0.04068348250610252,8
1,1784,0,0,0,0,0,0,0,2,0.04068348250610252,8
1,1785,0,0,0,0,0,0,0,1,0.04068348250610252,9
1,1785,0,0,0,0,0,0,0,2,0.04068348250610252,9
1,1786,0,0,0,0,0,0,0,1,0.04068348250610252,10
1,1786,0,0,0,0,0,0,0,2,0.04068348250610252,10
1,1787,0,0,0,0,0,0,0,1,0.04068348250610252,11
1,1787,0,0,0,0,0,0,0,2,0.04068348250610252,11
1,1788,0,0,0,0,0,0,0,1,0.04068348250610252,12
1,1788,0,0,0,0,0,0,0,2,0.04068348250610252,12
1,1789,0,0,0,0,0,0,0,1,0.04068348250610252,13
1,1789,0,0,0,0,0,0,0,2,0.04068348250610252,13
1,1790,0,0,0,0,0,0,0,1,0.04068348250610252,14
1,1790,0,0,0,0,0,0,0,2,0.04068348250610252,14
1,1791,0,0,0,0,0,0,0,1,0.04068348250610252,15
1,1791,0,0,0,0,0,0,0,2,0.04068348250610252,15
1,1792,0,0,0,0,0,0,0,1,0.04068348250610252,16
1,1792,0,0,0,0,0,0,0,2,0.04068348250610252,16
1,1793,0,0,0,0,0,0,0,1,0.04068348250610252,17
1,1793,0,0,0,0,0,0,0,2,0.04068348250610252,17
1,1794,0,0,0,0,0,0,0,1,0.04068348250610252,18
1,1794,0,0,0,0,0,0,0,2,0.04068348250610252,18
1,1795,0,0,0,0,0,0,0,1,0.04068348250610252,19
1,1795,0,0,0,0,0,0,0,2,0.04068348250610252,19
1,1796,0,0,0,0,0,0,0,1,0.04068348250610252,20
1,1796,0,0,0,0,0,0,0,2,0.04068348250610252,20
1,1797,0,0,0,0,0,0,0,1,0.04068348250610252,21
1,1797,0,0,0,0,0,0,0,2,0.04068348250610252,21
1,1798,0,0,0,0,0,0,0,1,0.04068348250610252,22
1,1798,0,0,0,0,0,0,0,2,0.04068348250610252,22
1,1799,0,0,0,0,0,0,0,1,0.04068348250610252,23
1,1799,0,0,0,0,0,0,0,2,0.04068348250610252,23
1,1800,0,0,0,0,0,0,0,1,0.04068348250610252,0
1,1800,0,0,0,0,0,0,0,2,0.04068348250610252,0
1,1801,0,0,0,0,0,0,0,1,0.04068348250610252,1
1,1801,0,0,0,0,0,0,0,2,0.04068348250610252,1
1,1802,0,0,0,0,0,0,0,1,0.04068348250610252,2
1,1802,0,0,0,0,0,0,0,2,0.04068348250610252,2
1,1803,0,0,0,0,0,0,0,1,0.04068348250610252,3
1,1803,0,0,0,0,0,0,0,2,0.04068348250610252,3
1,1804,0,0,0,0,0,0,0,1,0.04068348250610252,4
1,1804,0,0,0,0,0,0,0,2,0.04068348250610252,4
1,1805,0,0,0,0,0,0,0,1,0.04068348250610252,5
1,1805,0,0,0,0,0,0,0,2,0.04068348250610252,5
1,1806,0,0,0,0,0,0,0,1,0.04068348250610252,6
1,1806,0,0,0,0,0,0,0,2,0.04068348250610252,6
1,1807,0,0,0,0,0,0,0,1,0.04068348250610252,7
1,1807,0,0,0,0,0,0,0,2,0.04068348250610252,7
1,1808,0,0,0,0,0,0,0,1,0.04068348250610252,8
1,1808,0,0,0,0,0,0,0,2,0.04068348250610252,8
1,1809,0,0,0,0,0,0,0,1,0.04068348250610252,9
1,1809,0,0,0,0,0,0,0,2,0.04068348250610252,9
1,1810,0,0,0,0,0,0,0,1,0.04068348250610252,10
1,1810,0,0,0,0,0,0,0,2,0.04068348250610252,10
1,1811,0,0,0,0,0,0,0,1,0.04068348250610252,11
1,1811,0,0,0,0,0,0,0,2,0.04068348250610252,11
1,1812,0,0,0,0,0,0,0,1,0.04068348250610252,12
1,1812,0,0,0,0,0,0,0,2,0.04068348250610252,12
1,1813,0,0,0,0,0,0,0,1,0.04068348250610252,13
1,1813,0,0,0,0,0,0,0,2,0.04068348250610252,13
1,1814,0,0,0,0,0,0,0,1,0.04068348250610252,14
1,1814,0,0,0,0,0,0,0,2,0.04068348250610252,14
1,1815,0,0,0,0,0,0,0,1,0.04068348250610252,15
1,1815,0,0,0,0,0,0,0,2,0.04068348250610252,15
1,1816,0,0,0,0,0,0,0,1,0.04068348250610252,16
1,1816,0,0,0,0,0,0,0,2,0.04068348250610252,16
1,1817,0,0,0,0,0,0,0,1,0.04068348250610252,17
1,1817,0,0,0,0,0,0,0,2,0.04068348250610252,17
1,1818,0,0,0,0,0,0,0,1,0.04068348250610252,18
1,1818,0,0,0,0,0,0,0,2,0.04068348250610252,18
1,1819,0,0,0,0,0,0,0,1,0.04068348250610252,19
1,1819,0,0,0,0,0,0,0,2,0.04068348250610252,19
1,1820,0,0,0,0,0,0,0,1,0.04068348250610252,20
1,1820,0,0,0,0,0,0,0,2,0.04068348250610252,20
1,1821,0,0,0,0,0,0,0,1,0.04068348250610252,21
1,1821,0,0,0,0,0,0,0,2,0.04068348250610252,21
1,1822,0,0,0,0,0,0,0,1,0.04068348250610252,22
1,1822,0,0,0,0,0,0,0,2,0.04068348250610252,22
1,1823,0,0,0,0,0,0,0,1,0.04068348250610252,23
1,1823,0,0,0,0,0,0,0,2,0.04068348250610252,23
1,1824,0,0,0,0,0,0,0,1,0.04068348250610252,0
1,1824,0,0,0,0,0,0,0,2,0.04068348250610252,0
1,1825,0,0,0,0,0,0,0,1,0.04068348250610252,1
1,1825,0,0,0,0,0,0,0,2,0.04068348250610252,1
1,1826,0,0,0,0,0,0,0,1,0.04068348250610252,2
1,1826,0,0,0,0,0,0,0,2,0.04068348250610252,2
1,1827,0,0,0,0,0,0,0,1,0.04068348250610252,3
1,1827,0,0,0,0,0,0,0,2,0.04068348250610252,3
1,1828,0,0,0,0,0,0,0,1,0.04068348250610252,4
1,1828,0,0,0,0,0,0,0,2,0.04068348250610252,4
1,1829,0,0,0,0,0,0,0,1,0.04068348250610252,5
1,1829,0,0,0,0,0,0,0,2,0.04068348250610252,5
1,1830,0,0,0,0,0,0,0,1,0.04068348250610252,6
1,1830,0,0,0,0,0,0,0,2,0.04068348250610252,6
1,1831,0,0,0,0,0,0,0,1,0.04068348250610252,7
1,1831,0,0,0,0,0,0,0,2,0.04068348250610252,7
1,1832,0,0,0,0,0,0,0,1,0.04068348250610252,8
1,1832,0,0,0,0,0,0,0,2,0.04068348250610252,8
1,1833,0,0,0,0,0,0,0,1,0.04068348250610252,9
1,1833,0,0,0,0,0,0,0,2,0.04068348250610252,9
1,1834,0,0,0,0,0,0,0,1,0.04068348250610252,10
1,1834,0,0,0,0,0,0,0,2,0.04068348250610252,10
1,1835,0,0,0,0,0,0,0,1,0.04068348250610252,11
1,1835,0,0,0,0,0,0,0,2,0.04068348250610252,11
1,1836,0,0,0,0,0,0,0,1,0.04068348250610252,12
1,1836,0,0,0,0,0,0,0,2,0.04068348250610252,12
1,1837,0,0,0,0,0,0,0,1,0.04068348250610252,13
1,1837,0,0,0,0,0,0,0,2,0.04068348250610252,13
1,1838,0,0,0,0,0,0,0,1,0.04068348250610252,14
1,1838,0,0,0,0,0,0,0,2,0.04068348250610252,14
1,1839,0,0,0,0,0,0,0,1,0.04068348250610252,15
1,1839,0,0,0,0,0,0,0,2,0.04068348250610252,15
1,1840,0,0,0,0,0,0,0,1,0.04068348250610252,16
1,1840,0,0,0,0,0,0,0,2,0.04068348250610252,16
1,1841,0,0,0,0,0,0,0,1,0.04068348250610252,17
1,1841,0,0,0,0,0,0,0,2,0.04068348250610252,17
1,1842,0,0,0,0,0,0,0,1,0.04068348250610252,18
1,1842,0,0,0,0,0,0,0,2,0.04068348250610252,18
1,1843,0,0,0,0,0,0,0,1,0.04068348250610252,19
1,1843,0,0,0,0,0,0,0,2,0.04068348250610252,19
1,1844,0,0,0,0,0,0,0,1,0.04068348250610252,20
1,1844,0,0,0,0,0,0,0,2,0.04068348250610252,20
1,1845,0,0,0,0,0,0,0,1,0.04068348250610252,21
1,1845,0,0,0,0,0,0,0,2,0.04068348250610252,21
1,1846,0,0,0,0,0,0,0,1,0.04068348250610252,22
1,1846,0,0,0,0,0,0,0,2,0.04068348250610252,22
1,1847,0,0,0,0,0,0,0,1,0.04068348250610252,23
1,1847,0,0,0,0,0,0,0,2,0.04068348250610252,23
1,1848,0,0,0,0,0,0,0,1,0.04068348250610252,0
1,1848,0,0,0,0,0,0,0,2,0.04068348250610252,0
1,1849,0,0,0,0,0,0,0,1,0.04068348250610252,1
1,1849,0,0,0,0,0,0,0,2,0.04068348250610252,1
1,1850,0,0,0,0,0,0,0,1,0.04068348250610252,2
1,1850,0,0,0,0,0,0,0,2,0.04068348250610252,2
1,1851,0,0,0,0,0,0,0,1,0.04068348250610252,3
1,1851,0,0,0,0,0,0,0,2,0.04068348250610252,3
1,1852,0,0,0,0,0,0,0,1,0.04068348250610252,4
1,1852,0,0,0,0,0,0,0,2,0.04068348250610252,4
1,1853,0,0,0,0,0,0,0,1,0.04068348250610252,5
1,1853,0,0,0,0,0,0,0,2,0.04068348250610252,5
1,1854,0,0,0,0,0,0,0,1,0.04068348250610252,6
1,1854,0,0,0,0,0,0,0,2,0.04068348250610252,6
1,1855,0,0,0,0,0,0,0,1,0.04068348250610252,7
1,1855,0,0,0,0,0,0,0,2,0.04068348250610252,7
1,1856,0,0,0,0,0,0,0,1,0.04068348250610252,8
1,1856,0,0,0,0,0,0,0,2,0.04068348250610252,8
1,1857,0,0,0,0,0,0,0,1,0.04068348250610252,9
1,1857,0,0,0,0,0,0,0,2,0.04068348250610252,9
1,1858,0,0,0,0,0,0,0,1,0.04068348250610252,10
1,1858,0,0,0,0,0,0,0,2,0.04068348250610252,10
1,1859,0,0,0,0,0,0,0,1,0.04068348250610252,11
1,1859,0,0,0,0,0,0,0,2,0.04068348250610252,11
1,1860,0,0,0,0,0,0,0,1,0.04068348250610252,12
1,1860,0,0,0,0,0,0,0,2,0.04068348250610252,12
1,1861,0,0,0,0,0,0,0,1,0.04068348250610252,13
1,1861,0,0,0,0,0,0,0,2,0.04068348250610252,13
1,1862,0,0,0,0,0,0,0,1,0.04068348250610252,14
1,1862,0,0,0,0,0,0,0,2,0.04068348250610252,14
1,1863,0,0,0,0,0,0,0,1,0.04068348250610252,15
1,1863,0,0,0,0,0,0,0,2,0.04068348250610252,15
1,1864,0,0,0,0,0,0,0,1,0.04068348250610252,16
1,1864,0,0,0,0,0,0,0,2,0.04068348250610252,16
1,1865,0,0,0,0,0,0,0,1,0.04068348250610252,17
1,1865,0,0,0,0,0,0,0,2,0.04068348250610252,17
1,1866,0,0,0,0,0,0,0,1,0.04068348250610252,18
1,1866,0,0,0,0,0,0,0,2,0.04068348250610252,18
1,1867,0,0,0,0,0,0,0,1,0.04068348250610252,19
1,1867,0,0,0,0,0,0,0,2,0.04068348250610252,19
1,1868,0,0,0,0,0,0,0,1,0.04068348250610252,20
1,1868,0,0,0,0,0,0,0,2,0.04068348250610252,20
1,1869,0,0,0,0,0,0,0,1,0.04068348250610252,21
1,1869,0,0,0,0,0,0,0,2,0.04068348250610252,21
1,1870,0,0,0,0,0,0,0,1,0.04068348250610252,22
1,1870,0,0,0,0,0,0,0,2,0.04068348250610252,22
1,1871,0,0,0,0,0,0,0,1,0.04068348250610252,23
1,1871,0,0,0,0,0,0,0,2,0.04068348250610252,23
1,1872,0,0,0,0,0,0,0,1,0.04068348250610252,0
1,1872,0,0,0,0,0,0,0,2,0.04068348250610252,0
1,1873,0,0,0,0,0,0,0,1,0.04068348250610252,1
1,1873,0,0,0,0,0,0,0,2,0.04068348250610252,1
1,1874,0,0,0,0,0,0,0,1,0.04068348250610252,2
1,1874,0,0,0,0,0,0,0,2,0.04068348250610252,2
1,1875,0,0,0,0,0,0,0,1,0.04068348250610252,3
1,1875,0,0,0,0,0,0,0,2,0.04068348250610252,3
1,1876,0,0,0,0,0,0,0,1,0.04068348250610252,4
1,1876,0,0,0,0,0,0,0,2,0.04068348250610252,4
1,1877,0,0,0,0,0,0,0,1,0.04068348250610252,5
1,1877,0,0,0,0,0,0,0,2,0.04068348250610252,5
1,1878,0,0,0,0,0,0,0,1,0.04068348250610252,6
1,1878,0,0,0,0,0,0,0,2,0.04068348250610252,6
1,1879,0,0,0,0,0,0,0,1,0.04068348250610252,7
1,1879,0,0,0,0,0,0,0,2,0.04068348250610252,7
1,1880,0,0,0,0,0,0,0,1,0.04068348250610252,8
1,1880,0,0,0,0,0,0,0,2,0.04068348250610252,8
1,1881,0,0,0,0,0,0,0,1,0.04068348250610252,9
1,1881,0,0,0,0,0,0,0,2,0.04068348250610252,9
1,1882,0,0,0,0,0,0,0,1,0.04068348250610252,10
1,1882,0,0,0,0,0,0,0,2,0.04068348250610252,10
1,1883,0,0,0,0,0,0,0,1,0.04068348250610252,11
1,1883,0,0,0,0,0,0,0,2,0.04068348250610252,11
1,1884,0,0,0,0,0,0,0,1,0.04068348250610252,12
1,1884,0,0,0,0,0,0,0,2,0.04068348250610252,12
1,1885,0,0,0,0,0,0,0,1,0.04068348250610252,13
1,1885,0,0,0,0,0,0,0,2,0.04068348250610252,13
1,1886,0,0,0,0,0,0,0,1,0.04068348250610252,14
1,1886,0,0,0,0,0,0,0,2,0.04068348250610252,14
1,1887,0,0,0,0,0,0,0,1,0.04068348250610252,15
1,1887,0,0,0,0,0,0,0,2,0.04068348250610252,15
1,1888,0,0,0,0,0,0,0,1,0.04068348250610252,16
1,1888,0,0,0,0,0,0,0,2,0.04068348250610252,16
1,1889,0,0,0,0,0,0,0,1,0.04068348250610252,17
1,1889,0,0,0,0,0,0,0,2,0.04068348250610252,17
1,1890,0,0,0,0,0,0,0,1,0.04068348250610252,18
1,1890,0,0,0,0,0,0,0,2,0.04068348250610252,18
1,1891,0,0,0,0,0,0,0,1,0.04068348250610252,19
1,1891,0,0,0,0,0,0,0,2,0.04068348250610252,19
1,1892,0,0,0,0,0,0,0,1,0.04068348250610252,20
1,1892,0,0,0,0,0,0,0,2,0.04068348250610252,20
1,1893,0,0,0,0,0,0,0,1,0.04068348250610252,21
1,1893,0,0,0,0,0,0,0,2,0.04068348250610252,21
1,1894,0,0,0,0,0,0,0,1,0.04068348250610252,22
1,1894,0,0,0,0,0,0,0,2,0.04068348250610252,22
1,1895,0,0,0,0,0,0,0,1,0.04068348250610252,23
1,1895,0,0,0,0,0,0,0,2,0.04068348250610252,23
1,1896,0,0,0,0,0,0,0,1,0.04068348250610252,0
1,1896,0,0,0,0,0,0,0,2,0.04068348250610252,0
1,1897,0,0,0,0,0,0,0,1,0.04068348250610252,1
1,1897,0,0,0,0,0,0,0,2,0.04068348250610252,1
1,1898,0,0,0,0,0,0,0,1,0.04068348250610252,2
1,1898,0,0,0,0,0,0,0,2,0.04068348250610252,2
1,1899,0,0,0,0,0,0,0,1,0.04068348250610252,3
1,1899,0,0,0,0,0,0,0,2,0.04068348250610252,3
1,1900,0,0,0,0,0,0,0,1,0.04068348250610252,4
1,1900,0,0,0,0,0,0,0,2,0.04068348250610252,4
1,1901,0,0,0,0,0,0,0,1,0.04068348250610252,5
1,1901,0,0,0,0,0,0,0,2,0.04068348250610252,5
1,1902,0,0,0,0,0,0,0,1,0.04068348250610252,6
1,1902,0,0,0,0,0,0,0,2,0.04068348250610252,6
1,1903,0,0,0,0,0,0,0,1,0.04068348250610252,7
1,1903,0,0,0,0,0,0,0,2,0.04068348250610252,7
1,1904,0,0,0,0,0,0,0,1,0.04068348250610252,8
1,1904,0,0,0,0,0,0,0,2,0.04068348250610252,8
1,1905,0,0,0,0,0,0,0,1,0.04068348250610252,9
1,1905,0,0,0,0,0,0,0,2,0.04068348250610252,9
1,1906,0,0,0,0,0,0,0,1,0.04068348250610252,10
1,1906,0,0,0,0,0,0,0,2,0.04068348250610252,10
1,1907,0,0,0,0,0,0,0,1,0.04068348250610252,11
1,1907,0,0,0,0,0,0,0,2,0.04068348250610252,11
1,1908,0,0,0,0,0,0,0,1,0.04068348250610252,12
1,1908,0,0,0,0,0,0,0,2,0.04068348250610252,12
1,1909,0,0,0,0,0,0,0,1,0.04068348250610252,13
1,1909,0,0,0,0,0,0,0,2,0.04068348250610252,13
1,1910,0,0,0,0,0,0,0,1,0.04068348250610252,14
1,1910,0,0,0,0,0,0,0,2,0.04068348250610252,14
1,1911,0,0,0,0,0,0,0,1,0.04068348250610252,15
1,1911,0,0,0,0,0,0,0,2,0.04068348250610252,15
1,1912,0,0,0,0,0,0,0,1,0.04068348250610252,16
1,1912,0,0,0,0,0,0,0,2,0.04068348250610252,16
1,1913,0,0,0,0,0,0,0,1,0.04068348250610252,17
1,1913,0,0,0,0,0,0,0,2,0.04068348250610252,17
1,1914,0,0,0,0,0,0,0,1,0.04068348250610252,18
1,1914,0,0,0,0,0,0,0,2,0.04068348250610252,18
1,1915,0,0,0,0,0,0,0,1,0.04068348250610252,19
1,1915,0,0,0,0,0,0,0,2,0.04068348250610252,19
1,1916,0,0,0,0,0,0,0,1,0.04068348250610252,20
1,1916,0,0,0,0,0,0,0,2,0.04068348250610252,20
1,1917,0,0,0,0,0,0,0,1,0.04068348250610252,21
1,1917,0,0,0,0,0,0,0,2,0.04068348250610252,21
1,1918,0,0,0,0,0,0,0,1,0.04068348250610252,22
1,1918,0,0,0,0,0,0,0,2,0.04068348250610252,22
1,1919,0,0,0,0,0,0,0,1,0.04068348250610252,23
1,1919,0,0,0,0,0,0,0,2,0.04068348250610252,23
1,1920,0,0,0,0,0,0,0,1,0.04068348250610252,0
1,1920,0,0,0,0,0,0,0,2,0.04068348250610252,0
1,1921,0,0,0,0,0,0,0,1,0.04068348250610252,1
1,1921,0,0,0,0,0,0,0,2,0.04068348250610252,1
1,1922,0,0,0,0,0,0,0,1,0.04068348250610252,2
1,1922,0,0,0,0,0,0,0,2,0.04068348250610252,2
1,1923,0,0,0,0,0,0,0,1,0.04068348250610252,3
1,1923,0,0,0,0,0,0,0,2,0.04068348250610252,3
1,1924,0,0,0,0,0,0,0,1,0.04068348250610252,4
1,1924,0,0,0,0,0,0,0,2,0.04068348250610252,4
1,1925,0,0,0,0,0,0,0,1,0.04068348250610252,5
1,1925,0,0,0,0,0,0,0,2,0.04068348250610252,5
1,1926,0,0,0,0,0,0,0,1,0.04068348250610252,6
1,1926,0,0,0,0,0,0,0,2,0.04068348250610252,6
1,1927,0,0,0,0,0,0,0,1,0.04068348250610252,7
1,1927,0,0,0,0,0,0,0,2,0.04068348250610252,7
1,1928,0,0,0,0,0,0,0,1,0.04068348250610252,8
1,1928,0,0,0,0,0,0,0,2,0.04068348250610252,8
1,1929,0,0,0,0,0,0,0,1,0.04068348250610252,9
1,1929,0,0,0,0,0,0,0,2,0.04068348250610252,9
1,1930,0,0,0,0,0,0,0,1,0.04068348250610252,10
1,1930,0,0,0,0,0,0,0,2,0.04068348250610252,10
1,1931,0,0,0,0,0,0,0,1,0.04068348250610252,11
1,1931,0,0,0,0,0,0,0,2,0.04068348250610252,11
1,1932,0,0,0,0,0,0,0,1,0.04068348250610252,12
1,1932,0,0,0,0,0,0,0,2,0.04068348250610252,12
1,1933,0,0,0,0,0,0,0,1,0.04068348250610252,13
1,1933,0,0,0,0,0,0,0,2,0.04068348250610252,13
1,1934,0,0,0,0,0,0,0,1,0.04068348250610252,14
1,1934,0,0,0,0,0,0,0,2,0.04068348250610252,14
1,1935,0,0,0,0,0,0,0,1,0.04068348250610252,15
1,1935,0,0,0,0,0,0,0,2,0.04068348250610252,15
1,1936,0,0,0,0,0,0,0,1,0.04068348250610252,16
1,1936,0,0,0,0,0,0,0,2,0.04068348250610252,16
1,1937,0,0,0,0,0,0,0,1,0.04068348250610252,17
1,1937,0,0,0,0,0,0,0,2,0.04068348250610252,17
1,1938,0,0,0,0,0,0,0,1,0.04068348250610252,18
1,1938,0,0,0,0,0,0,0,2,0.04068348250610252,18
1,1939,0,0,0,0,0,0,0,1,0.04068348250610252,19
1,1939,0,0,0,0,0,0,0,2,0.04068348250610252,19
1,1940,0,0,0,0,0,0,0,1,0.04068348250610252,20
1,1940,0,0,0,0,0,0,0,2,0.04068348250610252,20
1,1941,0,0,0,0,0,0,0,1,0.04068348250610252,21
1,1941,0,0,0,0,0,0,0,2,0.04068348250610252,21
1,1942,0,0,0,0,0,0,0,1,0.04068348250610252,22
1,1942,0,0,0,0,0,0,0,2,0.04068348250610252,22
1,1943,0,0,0,0,0,0,0,1,0.04068348250610252,23
1,1943,0,0,0,0,0,0,0,2,0.04068348250610252,23
1,1944,0,0,0,0,0,0,0,1,0.04068348250610252,0
1,1944,0,0,0,0,0,0,0,2,0.04068348250610252,0
1,1945,0,0,0,0,0,0,0,1,0.04068348250610252,1
1,1945,0,0,0,0,0,0,0,2,0.04068348250610252,1
1,1946,0,0,0,0,0,0,0,1,0.04068348250610252,2
1,1946,0,0,0,0,0,0,0,2,0.04068348250610252,2
1,1947,0,0,0,0,0,0,0,1,0.04068348250610252,3
1,1947,0,0,0,0,0,0,0,2,0.04068348250610252,3
1,1948,0,0,0,0,0,0,0,1,0.04068348250610252,4
1,1948,0,0,0,0,0,0,0,2,0.04068348250610252,4
1,1949,0,0,0,0,0,0,0,1,0.04068348250610252,5
1,1949,0,0,0,0,0,0,0,2,0.04068348250610252,5
1,1950,0,0,0,0,0,0,0,1,0.04068348250610252,6
1,1950,0,0,0,0,0,0,0,2,0.04068348250610252,6
1,1951,0,0,0,0,0,0,0,1,0.04068348250610252,7
1,1951,0,0,0,0,0,0,0,2,0.04068348250610252,7
1,1952,0,0,0,0,0,0,0,1,0.04068348250610252,8
1,1952,0,0,0,0,0,0,0,2,0.04068348250610252,8
1,1953,0,0,0,0,0,0,0,1,0.04068348250610252,9
1,1953,0,0,0,0,0,0,0,2,0.04068348250610252,9
1,1954,0,0,0,0,0,0,0,1,0.04068348250610252,10
1,1954,0,0,0,0,0,0,0,2,0.04068348250610252,10
1,1955,0,0,0,0,0,0,0,1,0.04068348250610252,11
1,1955,0,0,0,0,0,0,0,2,0.04068348250610252,11
1,1956,0,0,0,0,0,0,0,1,0.04068348250610252,12
1,1956,0,0,0,0,0,0,0,2,0.04068348250610252,12
1,1957,0,0,0,0,0,0,0,1,0.04068348250610252,13
1,1957,0,0,0,0,0,0,0,2,0.04068348250610252,13
1,1958,0,0,0,0,0,0,0,1,0.04068348250610252,14
1,1958,0,0,0,0,0,0,0,2,0.04068348250610252,14
1,1959,0,0,0,0,0,0,0,1,0.04068348250610252,15
1,1959,0,0,0,0,0,0,0,2,0.04068348250610252,15
1,1960,0,0,0,0,0,0,0,1,0.04068348250610252,16
1,1960,0,0,0,0,0,0,0,2,0.04068348250610252,16
1,1961,0,0,0,0,0,0,0,1,0.04068348250610252,17
1,1961,0,0,0,0,0,0,0,2,0.04068348250610252,17
1,1962,0,0,0,0,0,0,0,1,0.04068348250610252,18
1,1962,0,0,0,0,0,0,0,2,0.04068348250610252,18
1,1963,0,0,0,0,0,0,0,1,0.04068348250610252,19
1,1963,0,0,0,0,0,0,0,2,0.04068348250610252,19
1,1964,0,0,0,0,0,0,0,1,0.04068348250610252,20
1,1964,0,0,0,0,0,0,0,2,0.04068348250610252,20
1,1965,0,0,0,0,0,0,0,1,0.04068348250610252,21
1,1965,0,0,0,0,0,0,0,2,0.04068348250610252,21
1,1966,0,0,0,0,0,0,0,1,0.04068348250610252,22
1,1966,0,0,0,0,0,0,0,2,0.04068348250610252,22
1,1967,0,0,0,0,0,0,0,1,0.04068348250610252,23
1,1967,0,0,0,0,0,0,0,2,0.04068348250610252,23
1,1968,0,0,0,0,0,0,0,1,0.04068348250610252,0
1,1968,0,0,0,0,0,0,0,2,0.04068348250610252,0
1,1969,0,0,0,0,0,0,0,1,0.04068348250610252,1
1,1969,0,0,0,0,0,0,0,2,0.04068348250610252,1
1,1970,0,0,0,0,0,0,0,1,0.04068348250610252,2
1,1970,0,0,0,0,0,0,0,2,0.04068348250610252,2
1,1971,0,0,0,0,0,0,0,1,0.04068348250610252,3
1,1971,0,0,0,0,0,0,0,2,0.04068348250610252,3
1,1972,0,0,0,0,0,0,0,1,0.04068348250610252,4
1,1972,0,0,0,0,0,0,0,2,0.04068348250610252,4
1,1973,0,0,0,0,0,0,0,1,0.04068348250610252,5
1,1973,0,0,0,0,0,0,0,2,0.04068348250610252,5
1,1974,0,0,0,0,0,0,0,1,0.04068348250610252,6
1,1974,0,0,0,0,0,0,0,2,0.04068348250610252,6
1,1975,0,0,0,0,0,0,0,1,0.04068348250610252,7
1,1975,0,0,0,0,0,0,0,2,0.04068348250610252,7
1,1976,0,0,0,0,0,0,0,1,0.04068348250610252,8
1,1976,0,0,0,0,0,0,0,2,0.04068348250610252,8
1,1977,0,0,0,0,0,0,0,1,0.04068348250610252,9
1,1977,0,0,0,0,0,0,0,2,0.04068348250610252,9
1,1978,0,0,0,0,0,0,0,1,0.04068348250610252,10
1,1978,0,0,0,0,0,0,0,2,0.04068348250610252,10
1,1979,0,0,0,0,0,0,0,1,0.04068348250610252,11
1,1979,0,0,0,0,0,0,0,2,0.04068348250610252,11
1,1980,0,0,0,0,0,0,0,1,0.04068348250610252,12
1,1980,0,0,0,0,0,0,0,2,0.04068348250610252,12
1,1981,0,0,0,0,0,0,0,1,0.04068348250610252,13
1,1981,0,0,0,0,0,0,0,2,0.04068348250610252,13
1,1982,0,0,0,0,0,0,0,1,0.04068348250610252,14
1,1982,0,0,0,0,0,0,0,2,0.04068348250610252,14
1,1983,0,0,0,0,0,0,0,1,0.04068348250610252,15
1,1983,0,0,0,0,0,0,0,2,0.04068348250610252,15
1,1984,0,0,0,0,0,0,0,1,0.04068348250610252,16
1,1984,0,0,0,0,0,0,0,2,0.04068348250610252,16
1,1985,0,0,0,0,0,0,0,1,0.04068348250610252,17
1,1985,0,0,0,0,0,0,0,2,0.04068348250610252,17
1,1986,0,0,0,0,0,0,0,1,0.04068348250610252,18
1,1986,0,0,0,0,0,0,0,2,0.04068348250610252,18
1,1987,0,0,0,0,0,0,0,1,0.04068348250610252,19
1,1987,0,0,0,0,0,0,0,2,0.04068348250610252,19
1,1988,0,0,0,0,0,0,0,1,0.04068348250610252,20
1,1988,0,0,0,0,0,0,0,2,0.04068348250610252,20
1,1989,0,0,0,0,0,0,0,1,0.04068348250610252,21
1,1989,0,0,0,0,0,0,0,2,0.04068348250610252,21
1,1990,0,0,0,0,0,0,0,1,0.04068348250610252,22
1,1990,0,0,0,0,0,0,0,2,0.04068348250610252,22
1,1991,0,0,0,0,0,0,0,1,0.04068348250610252,23
1,1991,0,0,0,0,0,0,0,2,0.04068348250610252,23
1,1992,0,0,0,0,0,0,0,1,0.04068348250610252,0
1,1992,0,0,0,0,0,0,0,2,0.04068348250610252,0
1,1993,0,0,0,0,0,0,0,1,0.04068348250610252,1
1,1993,0,0,0,0,0,0,0,2,0.04068348250610252,1
1,1994,0,0,0,0,0,0,0,1,0.04068348250610252,2
1,1994,0,0,0,0,0,0,0,2,0.04068348250610252,2
1,1995,0,0,0,0,0,0,0,1,0.04068348250610252,3
1,1995,0,0,0,0,0,0,0,2,0.04068348250610252,3
1,1996,0,0,0,0,0,0,0,1,0.04068348250610252,4
1,1996,0,0,0,0,0,0,0,2,0.04068348250610252,4
1,1997,0,0,0,0,0,0,0,1,0.04068348250610252,5
1,1997,0,0,0,0,0,0,0,2,0.04068348250610252,5
1,1998,0,0,0,0,0,0,0,1,0.04068348250610252,6
1,1998,0,0,0,0,0,0,0,2,0.04068348250610252,6
1,1999,0,0,0,0,0,0,0,1,0.04068348250610252,7
1,1999,0,0,0,0,0,0,0,2,0.04068348250610252,7
1,2000,0,0,0,0,0,0,0,1,0.04068348250610252,8
1,2000,0,0,0,0,0,0,0,2,0.04068348250610252,8
1,2001,0,0,0,0,0,0,0,1,0.04068348250610252,9
1,2001,0,0,0,0,0,0,0,2,0.04068348250610252,9
1,2002,0,0,0,0,0,0,0,1,0.04068348250610252,10
1,2002,0,0,0,0,0,0,0,2,0.04068348250610252,10
1,2003,0,0,0,0,0,0,0,1,0.04068348250610252,11
1,2003,0,0,0,0,0,0,0,2,0.04068348250610252,11
1,2004,0,0,0,0,0,0,0,1,0.04068348250610252,12
1,2004,0,0,0,0,0,0,0,2,0.04068348250610252,12
1,2005,0,0,0,0,0,0,0,1,0.04068348250610252,13
1,2005,0,0,0,0,0,0,0,2,0.04068348250610252,13
1,2006,0,0,0,0,0,0,0,1,0.04068348250610252,14
1,2006,0,0,0,0,0,0,0,2,0.04068348250610252,14
1,2007,0,0,0,0,0,0,0,1,0.04068348250610252,15
1,2007,0,0,0,0,0,0,0,2,0.04068348250610252,15
1,2008,0,0,0,0,0,0,0,1,0.04068348250610252,16
1,2008,0,0,0,0,0,0,0,2,0.04068348250610252,16
1,2009,0,0,0,0,0,0,0,1,0.04068348250610252,17
1,2009,0,0,0,0,0,0,0,2,0.04068348250610252,17
1,2010,0,0,0,0,0,0,0,1,0.04068348250610252,18
1,2010,0,0,0,0,0,0,0,2,0.04068348250610252,18
1,2011,0,0,0,0,0,0,0,1,0.04068348250610252,19
1,2011,0,0,0,0,0,0,0,2,0.04068348250610252,19
1,2012,0,0,0,0,0,0,0,1,0.04068348250610252,20
1,2012,0,0,0,0,0,0,0,2,0.04068348250610252,20
1,2013,0,0,0,0,0,0,0,1,0.04068348250610252,21
1,2013,0,0,0,0,0,0,0,2,0.04068348250610252,21
1,2014,0,0,0,0,0,0,0,1,0.04068348250610252,22
1,2014,0,0,0,0,0,0,0,2,0.04068348250610252,22
1,2015,0,0,0,0,0,0,0,1,0.04068348250610252,23
1,2015,0,0,0,0,0,0,0,2,0.04068348250610252,23
1,2016,0,0,0,0,0,0,0,1,0.04068348250610252,0
1,2016,0,0,0,0,0,0,0,2,0.04068348250610252,0
1,2017,0,0,0,0,0,0,0,1,0.04068348250610252,1
1,2017,0,0,0,0,0,0,0,2,0.04068348250610252,1
1,2018,0,0,0,0,0,0,0,1,0.04068348250610252,2
1,2018,0,0,0,0,0,0,0,2,0.04068348250610252,2
1,2019,0,0,0,0,0,0,0,1,0.04068348250610252,3
1,2019,0,0,0,0,0,0,0,2,0.04068348250610252,3
1,2020,0,0,0,0,0,0,0,1,0.04068348250610252,4
1,2020,0,0,0,0,0,0,0,2,0.04068348250610252,4
1,2021,0,0,0,0,0,0,0,1,0.04068348250610252,5
1,2021,0,0,0,0,0,0,0,2,0.04068348250610252,5
1,2022,0,0,0,0,0,0,0,1,0.04068348250610252,6
1,2022,0,0,0,0,0,0,0,2,0.04068348250610252,6
1,2023,0,0,0,0,0,0,0,1,0.04068348250610252,7
1,2023,0,0,0,0,0,0,0,2,0.04068348250610252,7
1,2024,0,0,0,0,0,0,0,1,0.04068348250610252,8
1,2024,0,0,0,0,0,0,0,2,0.04068348250610252,8
1,2025,0,0,0,0,0,0,0,1,0.04068348250610252,9
1,2025,0,0,0,0,0,0,0,2,0.04068348250610252,9
1,2026,0,0,0,0,0,0,0,1,0.04068348250610252,10
1,2026,0,0,0,0,0,0,0,2,0.04068348250610252,10
1,2027,0,0,0,0,0,0,0,1,0.04068348250610252,11
1,2027,0,0,0,0,0,0,0,2,0.04068348250610252,11
1,2028,0,0,0,0,0,0,0,1,0.04068348250610252,12
1,2028,0,0,0,0,0,0,0,2,0.04068348250610252,12
1,2029,0,0,0,0,0,0,0,1,0.04068348250610252,13
1,2029,0,0,0,0,0,0,0,2,0.04068348250610252,13
1,2030,0,0,0,0,0,0,0,1,0.04068348250610252,14
1,2030,0,0,0,0,0,0,0,2,0.04068348250610252,14
1,2031,0,0,0,0,0,0,0,1,0.04068348250610252,15
1,2031,0,0,0,0,0,0,0,2,0.04068348250610252,15
1,2032,0,0,0,0,0,0,0,1,0.04068348250610252,16
1,2032,0,0,0,0,0,0,0,2,0.04068348250610252,16
1,2033,0,0,0,0,0,0,0,1,0.04068348250610252,17
1,2033,0,0,0,0,0,0,0,2,0.04068348250610252,17
1,2034,0,0,0,0,0,0,0,1,0.04068348250610252,18
1,2034,0,0,0,0,0,0,0,2,0.04068348250610252,18
1,2035,0,0,0,0,0,0,0,1,0.04068348250610252,19
1,2035,0,0,0,0,0,0,0,2,0.04068348250610252,19
1,2036,0,0,0,0,0,0,0,1,0.04068348250610252,20
1,2036,0,0,0,0,0,0,0,2,0.04068348250610252,20
1,2037,0,0,0,0,0,0,0,1,0.04068348250610252,21
1,2037,0,0,0,0,0,0,0,2,0.04068348250610252,21
1,2038,0,0,0,0,0,0,0,1,0.04068348250610252,22
1,2038,0,0,0,0,0,0,0,2,0.04068348250610252,22
1,2039,0,0,0,0,0,0,0,1,0.04068348250610252,23
1,2039,0,0,0,0,0,0,0,2,0.04068348250610252,23
1,2040,0,0,0,0,0,0,0,1,0.04068348250610252,0
1,2040,0,0,0,0,0,0,0,2,0.04068348250610252,0
1,2041,0,0,0,0,0,0,0,1,0.04068348250610252,1
1,2041,0,0,0,0,0,0,0,2,0.04068348250610252,1
1,2042,0,0,0,0,0,0,0,1,0.04068348250610252,2
1,2042,0,0,0,0,0,0,0,2,0.04068348250610252,2
1,2043,0,0,0,0,0,0,0,1,0.04068348250610252,3
1,2043,0,0,0,0,0,0,0,2,0.04068348250610252,3
1,2044,0,0,0,0,0,0,0,1,0.04068348250610252,4
1,2044,0,0,0,0,0,0,0,2,0.04068348250610252,4
1,2045,0,0,0,0,0,0,0,1,0.04068348250610252,5
1,2045,0,0,0,0,0,0,0,2,0.04068348250610252,5
1,2046,0,0,0,0,0,0,0,1,0.04068348250610252,6
1,2046,0,0,0,0,0,0,0,2,0.04068348250610252,6
1,2047,0,0,0,0,0,0,0,1,0.04068348250610252,7
1,2047,0,0,0,0,0,0,0,2,0.04068348250610252,7
1,2048,0,0,0,0,0,0,0,1,0.04068348250610252,8
1,2048,0,0,0,0,0,0,0,2,0.04068348250610252,8
1,2049,0,0,0,0,0,0,0,1,0.04068348250610252,9
1,2049,0,0,0,0,0,0,0,2,0.04068348250610252,9
1,2050,0,0,0,0,0,0,0,1,0.04068348250610252,10
1,2050,0,0,0,0,0,0,0,2,0.04068348250610252,10
1,2051,0,0,0,0,0,0,0,1,0.04068348250610252,11
1,2051,0,0,0,0,0,0,0,2,0.04068348250610252,11
1,2052,0,0,0,0,0,0,0,1,0.04068348250610252,12
1,2052,0,0,0,0,0,0,0,2,0.04068348250610252,12
1,2053,0,0,0,0,0,0,0,1,0.04068348250610252,13
1,2053,0,0,0,0,0,0,0,2,0.04068348250610252,13
1,2054,0,0,0,0,0,0,0,1,0.04068348250610252,14
1,2054,0,0,0,0,0,0,0,2,0.04068348250610252,14
1,2055,0,0,0,0,0,0,0,1,0.04068348250610252,15
1,2055,0,0,0,0,0,0,0,2,0.04068348250610252,15
1,2056,0,0,0,0,0,0,0,1,0.04068348250610252,16
1,2056,0,0,0,0,0,0,0,2,0.04068348250610252,16
1,2057,0,0,0,0,0,0,0,1,0.04068348250610252,17
1,2057,0,0,0,0,0,0,0,2,0.04068348250610252,17
1,2058,0,0,0,0,0,0,0,1,0.04068348250610252,18
1,2058,0,0,0,0,0,0,0,2,0.04068348250610252,18
1,2059,0,0,0,0,0,0,0,1,0.04068348250610252,19
1,2059,0,0,0,0,0,0,0,2,0.04068348250610252,19
1,2060,0,0,0,0,0,0,0,1,0.04068348250610252,20
1,2060,0,0,0,0,0,0,0,2,0.04068348250610252,20
1,2061,0,0,0,0,0,0,0,1,0.04068348250610252,21
1,2061,0,0,0,0,0,0,0,2,0.04068348250610252,21
1,2062,0,0,0,0,0,0,0,1,0.04068348250610252,22
1,2062,0,0,0,0,0,0,0,2,0.04068348250610252,22
1,2063,0,0,0,0,0,0,0,1,0.04068348250610252,23
1,2063,0,0,0,0,0,0,0,2,0.04068348250610252,23
1,2064,0,0,0,0,0,0,0,1,0.04068348250610252,0
1,2064,0,0,0,0,0,0,0,2,0.04068348250610252,0
1,2065,0,0,0,0,0,0,0,1,0.04068348250610252,1
1,2065,0,0,0,0,0,0,0,2,0.04068348250610252,1
1,2066,0,0,0,0,0,0,0,1,0.04068348250610252,2
1,2066,0,0,0,0,0,0,0,2,0.04068348250610252,2
1,2067,0,0,0,0,0,0,0,1,0.04068348250610252,3
1,2067,0,0,0,0,0,0,0,2,0.04068348250610252,3
1,2068,0,0,0,0,0,0,0,1,0.04068348250610252,4
1,2068,0,0,0,0,0,0,0,2,0.04068348250610252,4
1,2069,0,0,0,0,0,0,0,1,0.04068348250610252,5
1,2069,0,0,0,0,0,0,0,2,0.04068348250610252,5
1,2070,0,0,0,0,0,0,0,1,0.04068348250610252,6
1,2070,0,0,0,0,0,0,0,2,0.04068348250610252,6
1,2071,0,0,0,0,0,0,0,1,0.04068348250610252,7
1,2071,0,0,0,0,0,0,0,2,0.04068348250610252,7
1,2072,0,0,0,0,0,0,0,1,0.04068348250610252,8
1,2072,0,0,0,0,0,0,0,2,0.04068348250610252,8
1,2073,0,0,0,0,0,0,0,1,0.04068348250610252,9
1,2073,0,0,0,0,0,0,0,2,0.04068348250610252,9
1,2074,0,0,0,0,0,0,0,1,0.04068348250610252,10
1,2074,0,0,0,0,0,0,0,2,0.04068348250610252,10
1,2075,0,0,0,0,0,0,0,1,0.04068348250610252,11
1,2075,0,0,0,0,0,0,0,2,0.04068348250610252,11
1,2076,0,0,0,0,0,0,0,1,0.04068348250610252,12
1,2076,0,0,0,0,0,0,0,2,0.04068348250610252,12
1,2077,0,0,0,0,0,0,0,1,0.04068348250610252,13
1,2077,0,0,0,0,0,0,0,2,0.04068348250610252,13
1,2078,0,0,0,0,0,0,0,1,0.04068348250610252,14
1,2078,0,0,0,0,0,0,0,2,0.04068348250610252,14
1,2079,0,0,0,0,0,0,0,1,0.04068348250610252,15
1,2079,0,0,0,0,0,0,0,2,0.04068348250610252,15
1,2080,0,0,0,0,0,0,0,1,0.04068348250610252,16
1,2080,0,0,0,0,0,0,0,2,0.04068348250610252,16
1,2081,0,0,0,0,0,0,0,1,0.04068348250610252,17
1,2081,0,0,0,0,0,0,0,2,0.04068348250610252,17
1,2082,0,0,0,0,0,0,0,1,0.04068348250610252,18
1,2082,0,0,0,0,0,0,0,2,0.04068348250610252,18
1,2083,0,0,0,0,0,0,0,1,0.04068348250610252,19
1,2083,0,0,0,0,0,0,0,2,0.04068348250610252,19
1,2084,0,0,0,0,0,0,0,1,0.04068348250610252,20
1,2084,0,0,0,0,0,0,0,2,0.04068348250610252,20
1,2085,0,0,0,0,0,0,0,1,0.04068348250610252,21
1,2085,0,0,0,0,0,0,0,2,0.04068348250610252,21
1,2086,0,0,0,0,0,0,0,1,0.04068348250610252,22
1,2086,0,0,0,0,0,0,0,2,0.04068348250610252,22
1,2087,0,0,0,0,0,0,0,1,0.04068348250610252,23
1,2087,0,0,0,0,0,0,0,2,0.04068348250610252,23
1,2088,0,0,0,0,0,0,0,1,0.04068348250610252,0
1,2088,0,0,0,0,0,0,0,2,0.04068348250610252,0
1,2089,0,0,0,0,0,0,0,1,0.04068348250610252,1
1,2089,0,0,0,0,0,0,0,2,0.04068348250610252,1
1,2090,0,0,0,0,0,0,0,1,0.04068348250610252,2
1,2090,0,0,0,0,0,0,0,2,0.04068348250610252,2
1,2091,0,0,0,0,0,0,0,1,0.04068348250610252,3
1,2091,0,0,0,0,0,0,0,2,0.04068348250610252,3
1,2092,0,0,0,0,0,0,0,1,0.04068348250610252,4
1,2092,0,0,0,0,0,0,0,2,0.04068348250610252,4
1,2093,0,0,0,0,0,0,0,1,0.04068348250610252,5
1,2093,0,0,0,0,0,0,0,2,0.04068348250610252,5
1,2094,0,0,0,0,0,0,0,1,0.04068348250610252,6
1,2094,0,0,0,0,0,0,0,2,0.04068348250610252,6
1,2095,0,0,0,0,0,0,0,1,0.04068348250610252,7
1,2095,0,0,0,0,0,0,0,2,0.04068348250610252,7
1,2096,0,0,0,0,0,0,0,1,0.04068348250610252,8
1,2096,0,0,0,0,0,0,0,2,0.04068348250610252,8
1,2097,0,0,0,0,0,0,0,1,0.04068348250610252,9
1,2097,0,0,0,0,0,0,0,2,0.04068348250610252,9
1,2098,0,0,0,0,0,0,0,1,0.04068348250610252,10
1,2098,0,0,0,0,0,0,0,2,0.04068348250610252,10
1,2099,0,0,0,0,0,0,0,1,0.04068348250610252,11
1,2099,0,0,0,0,0,0,0,2,0.04068348250610252,11
1,2100,0,0,0,0,0,0,0,1,0.04068348250610252,12
1,2100,0,0,0,0,0,0,0,2,0.04068348250610252,12
1,2101,0,0,0,0,0,0,0,1,0.04068348250610252,13
1,2101,0,0,0,0,0,0,0,2,0.04068348250610252,13
1,2102,0,0,0,0,0,0,0,1,0.04068348250610252,14
1,2102,0,0,0,0,0,0,0,2,0.04068348250610252,14
1,2103,0,0,0,0,0,0,0,1,0.04068348250610252,15
1,2103,0,0,0,0,0,0,0,2,0.04068348250610252,15
1,2104,0,0,0,0,0,0,0,1,0.04068348250610252,16
1,2104,0,0,0,0,0,0,0,2,0.04068348250610252,16
1,2105,0,0,0,0,0,0,0,1,0.04068348250610252,17
1,2105,0,0,0,0,0,0,0,2,0.04068348250610252,17
1,2106,0,0,0,0,0,0,0,1,0.04068348250610252,18
1,2106,0,0,0,0,0,0,0,2,0.04068348250610252,18
1,2107,0,0,0,0,0,0,0,1,0.04068348250610252,19
1,2107,0,0,0,0,0,0,0,2,0.04068348250610252,19
1,2108,0,0,0,0,0,0,0,1,0.04068348250610252,20
1,2108,0,0,0,0,0,0,0,2,0.04068348250610252,20
1,2109,0,0,0,0,0,0,0,1,0.04068348250610252,21
1,2109,0,0,0,0,0,0,0,2,0.04068348250610252,21
1,2110,0,0,0,0,0,0,0,1,0.04068348250610252,22
1,2110,0,0,0,0,0,0,0,2,0.04068348250610252,22
1,2111,0,0,0,0,0,0,0,1,0.04068348250610252,23
1,2111,0,0,0,0,0,0,0,2,0.04068348250610252,23
1,2112,0,0,0,0,0,0,0,1,0.04068348250610252,0
1,2112,0,0,0,0,0,0,0,2,0.04068348250610252,0
1,2113,0,0,0,0,0,0,0,1,0.04068348250610252,1
1,2113,0,0,0,0,0,0,0,2,0.04068348250610252,1
1,2114,0,0,0,0,0,0,0,1,0.04068348250610252,2
1,2114,0,0,0,0,0,0,0,2,0.04068348250610252,2
1,2115,0,0,0,0,0,0,0,1,0.04068348250610252,3
1,2115,0,0,0,0,0,0,0,2,0.04068348250610252,3
1,2116,0,0,0,0,0,0,0,1,0.04068348250610252,4
1,2116,0,0,0,0,0,0,0,2,0.04068348250610252,4
1,2117,0,0,0,0,0,0,0,1,0.04068348250610252,5
1,2117,0,0,0,0,0,0,0,2,0.04068348250610252,5
1,2118,0,0,0,0,0,0,0,1,0.04068348250610252,6
1,2118,0,0,0,0,0,0,0,2,0.04068348250610252,6
1,2119,0,0,0,0,0,0,0,1,0.04068348250610252,7
1,2119,0,0,0,0,0,0,0,2,0.04068348250610252,7
1,2120,0,0,0,0,0,0,0,1,0.04068348250610252,8
1,2120,0,0,0,0,0,0,0,2,0.04068348250610252,8
1,2121,0,0,0,0,0,0,0,1,0.04068348250610252,9
1,2121,0,0,0,0,0,0,0,2,0.04068348250610252,9
1,2122,0,0,0,0,0,0,0,1,0.04068348250610252,10
1,2122,0,0,0,0,0,0,0,2,0.04068348250610252,10
1,2123,0,0,0,0,0,0,0,1,0.04068348250610252,11
1,2123,0,0,0,0,0,0,0,2,0.04068348250610252,11
1,2124,0,0,0,0,0,0,0,1,0.04068348250610252,12
1,2124,0,0,0,0,0,0,0,2,0.04068348250610252,12
1,2125,0,0,0,0,0,0,0,1,0.04068348250610252,13
1,2125,0,0,0,0,0,0,0,2,0.04068348250610252,13
1,2126,0,0,0,0,0,0,0,1,0.04068348250610252,14
1,2126,0,0,0,0,0,0,0,2,0.04068348250610252,14
1,2127,0,0,0,0,0,0,0,1,0.04068348250610252,15
1,2127,0,0,0,0,0,0,0,2,0.04068348250610252,15
1,2128,0,0,0,0,0,0,0,1,0.04068348250610252,16
1,2128,0,0,0,0,0,0,0,2,0.04068348250610252,16
1,2129,0,0,0,0,0,0,0,1,0.04068348250610252,17
1,2129,0,0,0,0,0,0,0,2,0.04068348250610252,17
1,2130,0,0,0,0,0,0,0,1,0.04068348250610252,18
1,2130,0,0,0,0,0,0,0,2,0.04068348250610252,18
1,2131,0,0,0,0,0,0,0,1,0.04068348250610252,19
1,2131,0,0,0,0,0,0,0,2,0.04068348250610252,19
1,2132,0,0,0,0,0,0,0,1,0.04068348250610252,20
1,2132,0,0,0,0,0,0,0,2,0.04068348250610252,20
1,2133,0,0,0,0,0,0,0,1,0.04068348250610252,21
1,2133,0,0,0,0,0,0,0,2,0.04068348250610252,21
1,2134,0,0,0,0,0,0,0,1,0.04068348250610252,22
1,2134,0,0,0,0,0,0,0,2,0.04068348250610252,22
1,2135,0,0,0,0,0,0,0,1,0.04068348250610252,23
1,2135,0,0,0,0,0,0,0,2,0.04068348250610252,23
1,2136,0,0,0,0,0,0,0,1,0.04068348250610252,0
1,2136,0,0,0,0,0,0,0,2,0.04068348250610252,0
1,2137,0,0,0,0,0,0,0,1,0.04068348250610252,1
1,2137,0,0,0,0,0,0,0,2,0.04068348250610252,1
1,2138,0,0,0,0,0,0,0,1,0.04068348250610252,2
1,2138,0,0,0,0,0,0,0,2,0.04068348250610252,2
1,2139,0,0,0,0,0,0,0,1,0.04068348250610252,3
1,2139,0,0,0,0,0,0,0,2,0.04068348250610252,3
1,2140,0,0,0,0,0,0,0,1,0.04068348250610252,4
1,2140,0,0,0,0,0,0,0,2,0.04068348250610252,4
1,2141,0,0,0,0,0,0,0,1,0.04068348250610252,5
1,2141,0,0,0,0,0,0,0,2,0.04068348250610252,5
1,2142,0,0,0,0,0,0,0,1,0.04068348250610252,6
1,2142,0,0,0,0,0,0,0,2,0.04068348250610252,6
1,2143,0,0,0,0,0,0,0,1,0.04068348250610252,7
1,2143,0,0,0,0,0,0,0,2,0.04068348250610252,7
1,2144,0,0,0,0,0,0,0,1,0.04068348250610252,8
1,2144,0,0,0,0,0,0,0,2,0.04068348250610252,8
1,2145,0,0,0,0,0,0,0,1,0.04068348250610252,9
1,2145,0,0,0,0,0,0,0,2,0.04068348250610252,9
1,2146,0,0,0,0,0,0,0,1,0.04068348250610252,10
1,2146,0,0,0,0,0,0,0,2,0.04068348250610252,10
1,2147,0,0,0,0,0,0,0,1,0.04068348250610252,11
1,2147,0,0,0,0,0,0,0,2,0.04068348250610252,11
1,2148,0,0,0,0,0,0,0,1,0.04068348250610252,12
1,2148,0,0,0,0,0,0,0,2,0.04068348250610252,12
1,2149,0,0,0,0,0,0,0,1,0.04068348250610252,13
1,2149,0,0,0,0,0,0,0,2,0.04068348250610252,13
1,2150,0,0,0,0,0,0,0,1,0.04068348250610252,14
1,2150,0,0,0,0,0,0,0,2,0.04068348250610252,14
1,2151,0,0,0,0,0,0,0,1,0.04068348250610252,15
1,2151,0,0,0,0,0,0,0,2,0.04068348250610252,15
1,2152,0,0,0,0,0,0,0,1,0.04068348250610252,16
1,2152,0,0,0,0,0,0,0,2,0.04068348250610252,16
1,2153,0,0,0,0,0,0,0,1,0.04068348250610252,17
1,2153,0,0,0,0,0,0,0,2,0.04068348250610252,17
1,2154,0,0,0,0,0,0,0,1,0.04068348250610252,18
1,2154,0,0,0,0,0,0,0,2,0.04068348250610252,18
1,2155,0,0,0,0,0,0,0,1,0.04068348250610252,19
1,2155,0,0,0,0,0,0,0,2,0.04068348250610252,19
1,2156,0,0,0,0,0,0,0,1,0.04068348250610252,20
1,2156,0,0,0,0,0,0,0,2,0.04068348250610252,20
1,2157,0,0,0,0,0,0,0,1,0.04068348250610252,21
1,2157,0,0,0,0,0,0,0,2,0.04068348250610252,21
1,2158,0,0,0,0,0,0,0,1,0.04068348250610252,22
1,2158,0,0,0,0,0,0,0,2,0.04068348250610252,22
1,2159,0,0,0,0,0,0,0,1,0.04068348250610252,23
1,2159,0,0,0,0,0,0,0,2,0.04068348250610252,23
1,2160,0,0,0,0,0,0,0,1,0.04068348250610252,0
1,2160,0,0,0,0,0,0,0,2,0.04068348250610252,0
1,2161,0,0,0,0,0,0,0,1,0.04068348250610252,1
1,2161,0,0,0,0,0,0,0,2,0.04068348250610252,1
1,2162,0,0,0,0,0,0,0,1,0.04068348250610252,2
1,2162,0,0,0,0,0,0,0,2,0.04068348250610252,2
1,2163,0,0,0,0,0,0,0,1,0.04068348250610252,3
1,2163,0,0,0,0,0,0,0,2,0.04068348250610252,3
1,2164,0,0,0,0,0,0,0,1,0.04068348250610252,4
1,2164,0,0,0,0,0,0,0,2,0.04068348250610252,4
1,2165,0,0,0,0,0,0,0,1,0.04068348250610252,5
1,2165,0,0,0,0,0,0,0,2,0.04068348250610252,5
1,2166,0,0,0,0,0,0,0,1,0.04068348250610252,6
1,2166,0,0,0,0,0,0,0,2,0.04068348250610252,6
1,2167,0,0,0,0,0,0,0,1,0.04068348250610252,7
1,2167,0,0,0,0,0,0,0,2,0.04068348250610252,7
1,2168,0,0,0,0,0,0,0,1,0.04068348250610252,8
1,2168,0,0,0,0,0,0,0,2,0.04068348250610252,8
1,2169,0,0,0,0,0,0,0,1,0.04068348250610252,9
1,2169,0,0,0,0,0,0,0,2,0.04068348250610252,9
1,2170,0,0,0,0,0,0,0,1,0.04068348250610252,10
1,2170,0,0,0,0,0,0,0,2,0.04068348250610252,10
1,2171,0,0,0,0,0,0,0,1,0.04068348250610252,11
1,2171,0,0,0,0,0,0,0,2,0.04068348250610252,11
1,2172,0,0,0,0,0,0,0,1,0.04068348250610252,12
1,2172,0,0,0,0,0,0,0,2,0.04068348250610252,12
1,2173,0,0,0,0,0,0,0,1,0.04068348250610252,13
1,2173,0,0,0,0,0,0,0,2,0.04068348250610252,13
1,2174,0,0,0,0,0,0,0,1,0.04068348250610252,14
1,2174,0,0,0,0,0,0,0,2,0.04068348250610252,14
1,2175,0,0,0,0,0,0,0,1,0.04068348250610252,15
1,2175,0,0,0,0,0,0,0,2,0.04068348250610252,15
1,2176,0,0,0,0,0,0,0,1,0.04068348250610252,16
1,2176,0,0,0,0,0,0,0,2,0.04068348250610252,16
1,2177,0,0,0,0,0,0,0,1,0.04068348250610252,17
1,2177,0,0,0,0,0,0,0,2,0.04068348250610252,17
1,2178,0,0,0,0,0,0,0,1,0.04068348250610252,18
1,2178,0,0,0,0,0,0,0,2,0.04068348250610252,18
1,2179,0,0,0,0,0,0,0,1,0.04068348250610252,19
1,2179,0,0,0,0,0,0,0,2,0.04068348250610252,19
1,2180,0,0,0,0,0,0,0,1,0.04068348250610252,20
1,2180,0,0,0,0,0,0,0,2,0.04068348250610252,20
1,2181,0,0,0,0,0,0,0,1,0.04068348250610252,21
1,2181,0,0,0,0,0,0,0,2,0.04068348250610252,21
1,2182,0,0,0,0,0,0,0,1,0.04068348250610252,22
1,2182,0,0,0,0,0,0,0,2,0.04068348250610252,22
1,2183,0,0,0,0,0,0,0,1,0.04068348250610252,23
1,2183,0,0,0,0,0,0,0,2,0.04068348250610252,23
1,2184,0,0,0,0,0,0,0,1,0.04068348250610252,0
1,2184,0,0,0,0,0,0,0,2,0.04068348250610252,0
1,2185,0,0,0,0,0,0,0,1,0.04068348250610252,1
1,2185,0,0,0,0,0,0,0,2,0.04068348250610252,1
1,2186,0,0,0,0,0,0,0,1,0.04068348250610252,2
1,2186,0,0,0,0,0,0,0,2,0.04068348250610252,2
1,2187,0,0,0,0,0,0,0,1,0.04068348250610252,3
1,2187,0,0,0,0,0,0,0,2,0.04068348250610252,3
1,2188,0,0,0,0,0,0,0,1,0.04068348250610252,4
1,2188,0,0,0,0,0,0,0,2,0.04068348250610252,4
1,2189,0,0,0,0,0,0,0,1,0.04068348250610252,5
1,2189,0,0,0,0,0,0,0,2,0.04068348250610252,5
1,2190,0,0,0,0,0,0,0,1,0.04068348250610252,6
1,2190,0,0,0,0,0,0,0,2,0.04068348250610252,6
1,2191,0,0,0,0,0,0,0,1,0.04068348250610252,7
1,2191,0,0,0,0,0,0,0,2,0.04068348250610252,7
1,2192,0,0,0,0,0,0,0,1,0.04068348250610252,8
1,2192,0,0,0,0,0,0,0,2,0.04068348250610252,8
1,2193,0,0,0,0,0,0,0,1,0.04068348250610252,9
1,2193,0,0,0,0,0,0,0,2,0.04068348250610252,9
1,2194,0,0,0,0,0,0,0,1,0.04068348250610252,10
1,2194,0,0,0,0,0,0,0,2,0.04068348250610252,10
1,2195,0,0,0,0,0,0,0,1,0.04068348250610252,11
1,2195,0,0,0,0,0,0,0,2,0.04068348250610252,11
1,2196,0,0,0,0,0,0,0,1,0.04068348250610252,12
1,2196,0,0,0,0,0,0,0,2,0.04068348250610252,12
1,2197,0,0,0,0,0,0,0,1,0.04068348250610252,13
1,2197,0,0,0,0,0,0,0,2,0.04068348250610252,13
1,2198,0,0,0,0,0,0,0,1,0.04068348250610252,14
1,2198,0,0,0,0,0,0,0,2,0.04068348250610252,14
1,2199,0,0,0,0,0,0,0,1,0.04068348250610252,15
1,2199,0,0,0,0,0,0,0,2,0.04068348250610252,15
1,2200,0,0,0,0,0,0,0,1,0.04068348250610252,16
1,2200,0,0,0,0,0,0,0,2,0.04068348250610252,16
1,2201,0,0,0,0,0,0,0,1,0.04068348250610252,17
1,2201,0,0,0,0,0,0,0,2,0.04068348250610252,17
1,2202,0,0,0,0,0,0,0,1,0.04068348250610252,18
1,2202,0,0,0,0,0,0,0,2,0.04068348250610252,18
1,2203,0,0,0,0,0,0,0,1,0.04068348250610252,19
1,2203,0,0,0,0,0,0,0,2,0.04068348250610252,19
1,2204,0,0,0,0,0,0,0,1,0.04068348250610252,20
1,2204,0,0,0,0,0,0,0,2,0.04068348250610252,20
1,2205,0,0,0,0,0,0,0,1,0.04068348250610252,21
1,2205,0,0,0,0,0,0,0,2,0.04068348250610252,21
1,2206,0,0,0,0,0,0,0,1,0.04068348250610252,22
1,2206,0,0,0,0,0,0,0,2,0.04068348250610252,22
1,2207,0,0,0,0,0,0,0,1,0.04068348250610252,23
1,2207,0,0,0,0,0,0,0,2,0.04068348250610252,23
1,2208,0,0,0,0,0,0,0,1,0.04068348250610252,0
1,2208,0,0,0,0,0,0,0,2,0.04068348250610252,0
1,2209,0,0,0,0,0,0,0,1,0.04068348250610252,1
1,2209,0,0,0,0,0,0,0,2,0.04068348250610252,1
1,2210,0,0,0,0,0,0,0,1,0.04068348250610252,2
1,2210,0,0,0,0,0,0,0,2,0.04068348250610252,2
1,2211,0,0,0,0,0,0,0,1,0.04068348250610252,3
1,2211,0,0,0,0,0,0,0,2,0.04068348250610252,3
1,2212,0,0,0,0,0,0,0,1,0.04068348250610252,4
1,2212,0,0,0,0,0,0,0,2,0.04068348250610252,4
1,2213,0,0,0,0,0,0,0,1,0.04068348250610252,5
1,2213,0,0,0,0,0,0,0,2,0.04068348250610252,5
1,2214,0,0,0,0,0,0,0,1,0.04068348250610252,6
1,2214,0,0,0,0,0,0,0,2,0.04068348250610252,6
1,2215,0,0,0,0,0,0,0,1,0.04068348250610252,7
1,2215,0,0,0,0,0,0,0,2,0.04068348250610252,7
1,2216,0,0,0,0,0,0,0,1,0.04068348250610252,8
1,2216,0,0,0,0,0,0,0,2,0.04068348250610252,8
1,2217,0,0,0,0,0,0,0,1,0.04068348250610252,9
1,2217,0,0,0,0,0,0,0,2,0.04068348250610252,9
1,2218,0,0,0,0,0,0,0,1,0.04068348250610252,10
1,2218,0,0,0,0,0,0,0,2,0.04068348250610252,10
1,2219,0,0,0,0,0,0,0,1,0.04068348250610252,11
1,2219,0,0,0,0,0,0,0,2,0.04068348250610252,11
1,2220,0,0,0,0,0,0,0,1,0.04068348250610252,12
1,2220,0,0,0,0,0,0,0,2,0.04068348250610252,12
1,2221,0,0,0,0,0,0,0,1,0.04068348250610252,13
1,2221,0,0,0,0,0,0,0,2,0.04068348250610252,13
1,2222,0,0,0,0,0,0,0,1,0.04068348250610252,14
1,2222,0,0,0,0,0,0,0,2,0.04068348250610252,14
1,2223,0,0,0,0,0,0,0,1,0.04068348250610252,15
1,2223,0,0,0,0,0,0,0,2,0.04068348250610252,15
1,2224,0,0,0,0,0,0,0,1,0.04068348250610252,16
1,2224,0,0,0,0,0,0,0,2,0.04068348250610252,16
1,2225,0,0,0,0,0,0,0,1,0.04068348250610252,17
1,2225,0,0,0,0,0,0,0,2,0.04068348250610252,17
1,2226,0,0,0,0,0,0,0,1,0.04068348250610252,18
1,2226,0,0,0,0,0,0,0,2,0.04068348250610252,18
1,2227,0,0,0,0,0,0,0,1,0.04068348250610252,19
1,2227,0,0,0,0,0,0,0,2,0.04068348250610252,19
1,2228,0,0,0,0,0,0,0,1,0.04068348250610252,20
1,2228,0,0,0,0,0,0,0,2,0.04068348250610252,20
1,2229,0,0,0,0,0,0,0,1,0.04068348250610252,21
1,2229,0,0,0,0,0,0,0,2,0.04068348250610252,21
1,2230,0,0,0,0,0,0,0,1,0.04068348250610252,22
1,2230,0,0,0,0,0,0,0,2,0.04068348250610252,22
1,2231,0,0,0,0,0,0,0,1,0.04068348250610252,23
1,2231,0,0,0,0,0,0,0,2,0.04068348250610252,23
1,2232,0,0,0,0,0,0,0,1,0.04068348250610252,0
1,2232,0,0,0,0,0,0,0,2,0.04068348250610252,0
1,2233,0,0,0,0,0,0,0,1,0.04068348250610252,1
1,2233,0,0,0,0,0,0,0,2,0.04068348250610252,1
1,2234,0,0,0,0,0,0,0,1,0.04068348250610252,2
1,2234,0,0,0,0,0,0,0,2,0.04068348250610252,2
1,2235,0,0,0,0,0,0,0,1,0.04068348250610252,3
1,2235,0,0,0,0,0,0,0,2,0.04068348250610252,3
1,2236,0,0,0,0,0,0,0,1,0.04068348250610252,4
1,2236,0,0,0,0,0,0,0,2,0.04068348250610252,4
1,2237,0,0,0,0,0,0,0,1,0.04068348250610252,5
1,2237,0,0,0,0,0,0,0,2,0.04068348250610252,5
1,2238,0,0,0,0,0,0,0,1,0.04068348250610252,6
1,2238,0,0,0,0,0,0,0,2,0.04068348250610252,6
1,2239,0,0,0,0,0,0,0,1,0.04068348250610252,7
1,2239,0,0,0,0,0,0,0,2,0.04068348250610252,7
1,2240,0,0,0,0,0,0,0,1,0.04068348250610252,8
1,2240,0,0,0,0,0,0,0,2,0.04068348250610252,8
1,2241,0,0,0,0,0,0,0,1,0.04068348250610252,9
1,2241,0,0,0,0,0,0,0,2,0.04068348250610252,9
1,2242,0,0,0,0,0,0,0,1,0.04068348250610252,10
1,2242,0,0,0,0,0,0,0,2,0.04068348250610252,10
1,2243,0,0,0,0,0,0,0,1,0.04068348250610252,11
1,2243,0,0,0,0,0,0,0,2,0.04068348250610252,11
1,2244,0,0,0,0,0,0,0,1,0.04068348250610252,12
1,2244,0,0,0,0,0,0,0,2,0.04068348250610252,12
1,2245,0,0,0,0,0,0,0,1,0.04068348250610252,13
1,2245,0,0,0,0,0,0,0,2,0.04068348250610252,13
1,2246,0,0,0,0,0,0,0,1,0.04068348250610252,14
1,2246,0,0,0,0,0,0,0,2,0.04068348250610252,14
1,2247,0,0,0,0,0,0,0,1,0.04068348250610252,15
1,2247,0,0,0,0,0,0,0,2,0.04068348250610252,15
1,2248,0,0,0,0,0,0,0,1,0.04068348250610252,16
1,2248,0,0,0,0,0,0,0,2,0.04068348250610252,16
1,2249,0,0,0,0,0,0,0,1,0.04068348250610252,17
1,2249,0,0,0,0,0,0,0,2,0.04068348250610252,17
1,2250,0,0,0,0,0,0,0,1,0.04068348250610252,18
1,2250,0,0,0,0,0,0,0,2,0.04068348250610252,18
1,2251,0,0,0,0,0,0,0,1,0.04068348250610252,19
1,2251,0,0,0,0,0,0,0,2,0.04068348250610252,19
1,2252,0,0,0,0,0,0,0,1,0.04068348250610252,20
1,2252,0,0,0,0,0,0,0,2,0.04068348250610252,20
1,2253,0,0,0,0,0,0,0,1,0.04068348250610252,21
1,2253,0,0,0,0,0,0,0,2,0.04068348250610252,21
1,2254,0,0,0,0,0,0,0,1,0.04068348250610252,22
1,2254,0,0,0,0,0,0,0,2,0.04068348250610252,22
1,2255,0,0,0,0,0,0,0,1,0.04068348250610252,23
1,2255,0,0,0,0,0,0,0,2,0.04068348250610252,23
1,2256,0,0,0,0,0,0,0,1,0.04068348250610252,0
1,2256,0,0,0,0,0,0,0,2,0.04068348250610252,0
1,2257,0,0,0,0,0,0,0,1,0.04068348250610252,1
1,2257,0,0,0,0,0,0,0,2,0.04068348250610252,1
1,2258,0,0,0,0,0,0,0,1,0.04068348250610252,2
1,2258,0,0,0,0,0,0,0,2,0.04068348250610252,2
1,2259,0,0,0,0,0,0,0,1,0.04068348250610252,3
1,2259,0,0,0,0,0,0,0,2,0.04068348250610252,3
1,2260,0,0,0,0,0,0,0,1,0.04068348250610252,4
1,2260,0,0,0,0,0,0,0,2,0.04068348250610252,4
1,2261,0,0,0,0,0,0,0,1,0.04068348250610252,5
1,2261,0,0,0,0,0,0,0,2,0.04068348250610252,5
1,2262,0,0,0,0,0,0,0,1,0.04068348250610252,6
1,2262,0,0,0,0,0,0,0,2,0.04068348250610252,6
1,2263,0,0,0,0,0,0,0,1,0.04068348250610252,7
1,2263,0,0,0,0,0,0,0,2,0.04068348250610252,7
1,2264,0,0,0,0,0,0,0,1,0.04068348250610252,8
1,2264,0,0,0,0,0,0,0,2,0.04068348250610252,8
1,2265,0,0,0,0,0,0,0,1,0.04068348250610252,9
1,2265,0,0,0,0,0,0,0,2,0.04068348250610252,9
1,2266,0,0,0,0,0,0,0,1,0.04068348250610252,10
1,2266,0,0,0,0,0,0,0,2,0.04068348250610252,10
1,2267,0,0,0,0,0,0,0,1,0.04068348250610252,11
1,2267,0,0,0,0,0,0,0,2,0.04068348250610252,11
1,2268,0,0,0,0,0,0,0,1,0.04068348250610252,12
1,2268,0,0,0,0,0,0,0,2,0.04068348250610252,12
1,2269,0,0,0,0,0,0,0,1,0.04068348250610252,13
1,2269,0,0,0,0,0,0,0,2,0.04068348250610252,13
1,2270,0,0,0,0,0,0,0,1,0.04068348250610252,14
1,2270,0,0,0,0,0,0,0,2,0.04068348250610252,14
1,2271,0,0,0,0,0,0,0,1,0.04068348250610252,15
1,2271,0,0,0,0,0,0,0,2,0.04068348250610252,15
1,2272,0,0,0,0,0,0,0,1,0.04068348250610252,16
1,2272,0,0,0,0,0,0,0,2,0.04068348250610252,16
1,2273,0,0,0,0,0,0,0,1,0.04068348250610252,17
1,2273,0,0,0,0,0,0,0,2,0.04068348250610252,17
1,2274,0,0,0,0,0,0,0,1,0.04068348250610252,18
1,2274,0,0,0,0,0,0,0,2,0.04068348250610252,18
1,2275,0,0,0,0,0,0,0,1,0.04068348250610252,19
1,2275,0,0,0,0,0,0,0,2,0.04068348250610252,19
1,2276,0,0,0,0,0,0,0,1,0.04068348250610252,20
1,2276,0,0,0,0,0,0,0,2,0.04068348250610252,20
1,2277,0,0,0,0,0,0,0,1,0.04068348250610252,21
1,2277,0,0,0,0,0,0,0,2,0.04068348250610252,21
1,2278,0,0,0,0,0,0,0,1,0.04068348250610252,22
1,2278,0,0,0,0,0,0,0,2,0.04068348250610252,22
1,2279,0,0,0,0,0,0,0,1,0.04068348250610252,23
1,2279,0,0,0,0,0,0,0,2,0.04068348250610252,23
1,2280,0,0,0,0,0,0,0,1,0.04068348250610252,0
1,2280,0,0,0,0,0,0,0,2,0.04068348250610252,0
1,2281,0,0,0,0,0,0,0,1,0.04068348250610252,1
1,2281,0,0,0,0,0,0,0,2,0.04068348250610252,1
1,2282,0,0,0,0,0,0,0,1,0.04068348250610252,2
1,2282,0,0,0,0,0,0,0,2,0.04068348250610252,2
1,2283,0,0,0,0,0,0,0,1,0.04068348250610252,3
1,2283,0,0,0,0,0,0,0,2,0.04068348250610252,3
1,2284,0,0,0,0,0,0,0,1,0.04068348250610252,4
1,2284,0,0,0,0,0,0,0,2,0.04068348250610252,4
1,2285,0,0,0,0,0,0,0,1,0.04068348250610252,5
1,2285,0,0,0,0,0,0,0,2,0.04068348250610252,5
1,2286,0,0,0,0,0,0,0,1,0.04068348250610252,6
1,2286,0,0,0,0,0,0,0,2,0.04068348250610252,6
1,2287,0,0,0,0,0,0,0,1,0.04068348250610252,7
1,2287,0,0,0,0,0,0,0,2,0.04068348250610252,7
1,2288,0,0,0,0,0,0,0,1,0.04068348250610252,8
1,2288,0,0,0,0,0,0,0,2,0.04068348250610252,8
1,2289,0,0,0,0,0,0,0,1,0.04068348250610252,9
1,2289,0,0,0,0,0,0,0,2,0.04068348250610252,9
1,2290,0,0,0,0,0,0,0,1,0.04068348250610252,10
1,2290,0,0,0,0,0,0,0,2,0.04068348250610252,10
1,2291,0,0,0,0,0,0,0,1,0.04068348250610252,11
1,2291,0,0,0,0,0,0,0,2,0.04068348250610252,11
1,2292,0,0,0,0,0,0,0,1,0.04068348250610252,12
1,2292,0,0,0,0,0,0,0,2,0.04068348250610252,12
1,2293,0,0,0,0,0,0,0,1,0.04068348250610252,13
1,2293,0,0,0,0,0,0,0,2,0.04068348250610252,13
1,2294,0,0,0,0,0,0,0,1,0.04068348250610252,14
1,2294,0,0,0,0,0,0,0,2,0.04068348250610252,14
1,2295,0,0,0,0,0,0,0,1,0.04068348250610252,15
1,2295,0,0,0,0,0,0,0,2,0.04068348250610252,15
1,2296,0,0,0,0,0,0,0,1,0.04068348250610252,16
1,2296,0,0,0,0,0,0,0,2,0.04068348250610252,16
1,2297,0,0,0,0,0,0,0,1,0.04068348250610252,17
1,2297,0,0,0,0,0,0,0,2,0.04068348250610252,17
1,2298,0,0,0,0,0,0,0,1,0.04068348250610252,18
1,2298,0,0,0,0,0,0,0,2,0.04068348250610252,18
1,2299,0,0,0,0,0,0,0,1,0.04068348250610252,19
1,2299,0,0,0,0,0,0,0,2,0.04068348250610252,19
1,2300,0,0,0,0,0,0,0,1,0.04068348250610252,20
1,2300,0,0,0,0,0,0,0,2,0.04068348250610252,20
1,2301,0,0,0,0,0,0,0,1,0.04068348250610252,21
1,2301,0,0,0,0,0,0,0,2,0.04068348250610252,21
1,2302,0,0,0,0,0,0,0,1,0.04068348250610252,22
1,2302,0,0,0,0,0,0,0,2,0.04068348250610252,22
1,2303,0,0,0,0,0,0,0,1,0.04068348250610252,23
1,2303,0,0,0,0,0,0,0,2,0.04068348250610252,23
1,2304,0,0,0,0,0,0,0,1,0.04068348250610252,0
1,2304,0,0,0,0,0,0,0,2,0.04068348250610252,0
1,2305,0,0,0,0,0,0,0,1,0.04068348250610252,1
1,2305,0,0,0,0,0,0,0,2,0.04068348250610252,1
1,2306,0,0,0,0,0,0,0,1,0.04068348250610252,2
1,2306,0,0,0,0,0,0,0,2,0.04068348250610252,2
1,2307,0,0,0,0,0,0,0,1,0.04068348250610252,3
1,2307,0,0,0,0,0,0,0,2,0.04068348250610252,3
1,2308,0,0,0,0,0,0,0,1,0.04068348250610252,4
1,2308,0,0,0,0,0,0,0,2,0.04068348250610252,4
1,2309,0,0,0,0,0,0,0,1,0.04068348250610252,5
1,2309,0,0,0,0,0,0,0,2,0.04068348250610252,5
1,2310,0,0,0,0,0,0,0,1,0.04068348250610252,6
1,2310,0,0,0,0,0,0,0,2,0.04068348250610252,6
1,2311,0,0,0,0,0,0,0,1,0.04068348250610252,7
1,2311,0,0,0,0,0,0,0,2,0.04068348250610252,7
1,2312,0,0,0,0,0,0,0,1,0.04068348250610252,8
1,2312,0,0,0,0,0,0,0,2,0.04068348250610252,8
1,2313,0,0,0,0,0,0,0,1,0.04068348250610252,9
1,2313,0,0,0,0,0,0,0,2,0.04068348250610252,9
1,2314,0,0,0,0,0,0,0,1,0.04068348250610252,10
1,2314,0,0,0,0,0,0,0,2,0.04068348250610252,10
1,2315,0,0,0,0,0,0,0,1,0.04068348250610252,11
1,2315,0,0,0,0,0,0,0,2,0.04068348250610252,11
1,2316,0,0,0,0,0,0,0,1,0.04068348250610252,12
1,2316,0,0,0,0,0,0,0,2,0.04068348250610252,12
1,2317,0,0,0,0,0,0,0,1,0.04068348250610252,13
1,2317,0,0,0,0,0,0,0,2,0.04068348250610252,13
1,2318,0,0,0,0,0,0,0,1,0.04068348250610252,14
1,2318,0,0,0,0,0,0,0,2,0.04068348250610252,14
1,2319,0,0,0,0,0,0,0,1,0.04068348250610252,15
1,2319,0,0,0,0,0,0,0,2,0.04068348250610252,15
1,2320,0,0,0,0,0,0,0,1,0.04068348250610252,16
1,2320,0,0,0,0,0,0,0,2,0.04068348250610252,16
1,2321,0,0,0,0,0,0,0,1,0.04068348250610252,17
1,2321,0,0,0,0,0,0,0,2,0.04068348250610252,17
1,2322,0,0,0,0,0,0,0,1,0.04068348250610252,18
1,2322,0,0,0,0,0,0,0,2,0.04068348250610252,18
1,2323,0,0,0,0,0,0,0,1,0.04068348250610252,19
1,2323,0,0,0,0,0,0,0,2,0.04068348250610252,19
1,2324,0,0,0,0,0,0,0,1,0.04068348250610252,20
1,2324,0,0,0,0,0,0,0,2,0.04068348250610252,20
1,2325,0,0,0,0,0,0,0,1,0.04068348250610252,21
1,2325,0,0,0,0,0,0,0,2,0.04068348250610252,21
1,2326,0,0,0,0,0,0,0,1,0.04068348250610252,22
1,2326,0,0,0,0,0,0,0,2,0.04068348250610252,22
1,2327,0,0,0,0,0,0,0,1,0.04068348250610252,23
1,2327,0,0,0,0,0,0,0,2,0.04068348250610252,23
1,2328,0,0,0,0,0,0,0,1,0.04068348250610252,0
1,2328,0,0,0,0,0,0,0,2,0.04068348250610252,0
1,2329,0,0,0,0,0,0,0,1,0.04068348250610252,1
1,2329,0,0,0,0,0,0,0,2,0.04068348250610252,1
1,2330,0,0,0,0,0,0,0,1,0.04068348250610252,2
1,2330,0,0,0,0,0,0,0,2,0.04068348250610252,2
1,2331,0,0,0,0,0,0,0,1,0.04068348250610252,3
1,2331,0,0,0,0,0,0,0,2,0.04068348250610252,3
1,2332,0,0,0,0,0,0,0,1,0.04068348250610252,4
1,2332,0,0,0,0,0,0,0,2,0.04068348250610252,4
1,2333,0,0,0,0,0,0,0,1,0.04068348250610252,5
1,2333,0,0,0,0,0,0,0,2,0.04068348250610252,5
1,2334,0,0,0,0,0,0,0,1,0.04068348250610252,6
1,2334,0,0,0,0,0,0,0,2,0.04068348250610252,6
1,2335,0,0,0,0,0,0,0,1,0.04068348250610252,7
1,2335,0,0,0,0,0,0,0,2,0.04068348250610252,7
1,2336,0,0,0,0,0,0,0,1,0.04068348250610252,8
1,2336,0,0,0,0,0,0,0,2,0.04068348250610252,8
1,2337,0,0,0,0,0,0,0,1,0.04068348250610252,9
1,2337,0,0,0,0,0,0,0,2,0.04068348250610252,9
1,2338,0,0,0,0,0,0,0,1,0.04068348250610252,10
1,2338,0,0,0,0,0,0,0,2,0.04068348250610252,10
1,2339,0,0,0,0,0,0,0,1,0.04068348250610252,11
1,2339,0,0,0,0,0,0,0,2,0.04068348250610252,11
1,2340,0,0,0,0,0,0,0,1,0.04068348250610252,12
1,2340,0,0,0,0,0,0,0,2,0.04068348250610252,12
1,2341,0,0,0,0,0,0,0,1,0.04068348250610252,13
1,2341,0,0,0,0,0,0,0,2,0.04068348250610252,13
1,2342,0,0,0,0,0,0,0,1,0.04068348250610252,14
1,2342,0,0,0,0,0,0,0,2,0.04068348250610252,14
1,2343,0,0,0,0,0,0,0,1,0.04068348250610252,15
1,2343,0,0,0,0,0,0,0,2,0.04068348250610252,15
1,2344,0,0,0,0,0,0,0,1,0.04068348250610252,16
1,2344,0,0,0,0,0,0,0,2,0.04068348250610252,16
1,2345,0,0,0,0,0,0,0,1,0.04068348250610252,17
1,2345,0,0,0,0,0,0,0,2,0.04068348250610252,17
1,2346,0,0,0,0,0,0,0,1,0.04068348250610252,18
1,2346,0,0,0,0,0,0,0,2,0.04068348250610252,18
1,2347,0,0,0,0,0,0,0,1,0.04068348250610252,19
1,2347,0,0,0,0,0,0,0,2,0.04068348250610252,19
1,2348,0,0,0,0,0,0,0,1,0.04068348250610252,20
1,2348,0,0,0,0,0,0,0,2,0.04068348250610252,20
1,2349,0,0,0,0,0,0,0,1,0.04068348250610252,21
1,2349,0,0,0,0,0,0,0,2,0.04068348250610252,21
1,2350,0,0,0,0,0,0,0,1,0.04068348250610252,22
1,2350,0,0,0,0,0,0,0,2,0.04068348250610252,22
1,2351,0,0,0,0,0,0,0,1,0.04068348250610252,23
1,2351,0,0,0,0,0,0,0,2,0.04068348250610252,23
1,2352,0,0,0,0,0,0,0,1,0.04068348250610252,0
1,2352,0,0,0,0,0,0,0,2,0.04068348250610252,0
1,2353,0,0,0,0,0,0,0,1,0.04068348250610252,1
1,2353,0,0,0,0,0,0,0,2,0.04068348250610252,1
1,2354,0,0,0,0,0,0,0,1,0.04068348250610252,2
1,2354,0,0,0,0,0,0,0,2,0.04068348250610252,2
1,2355,0,0,0,0,0,0,0,1,0.04068348250610252,3
1,2355,0,0,0,0,0,0,0,2,0.04068348250610252,3
1,2356,0,0,0,0,0,0,0,1,0.04068348250610252,4
1,2356,0,0,0,0,0,0,0,2,0.04068348250610252,4
1,2357,0,0,0,0,0,0,0,1,0.04068348250610252,5
1,2357,0,0,0,0,0,0,0,2,0.04068348250610252,5
1,2358,0,0,0,0,0,0,0,1,0.04068348250610252,6
1,2358,0,0,0,0,0,0,0,2,0.04068348250610252,6
1,2359,0,0,0,0,0,0,0,1,0.04068348250610252,7
1,2359,0,0,0,0,0,0,0,2,0.04068348250610252,7
1,2360,0,0,0,0,0,0,0,1,0.04068348250610252,8
1,2360,0,0,0,0,0,0,0,2,0.04068348250610252,8
1,2361,0,0,0,0,0,0,0,1,0.04068348250610252,9
1,2361,0,0,0,0,0,0,0,2,0.04068348250610252,9
1,2362,0,0,0,0,0,0,0,1,0.04068348250610252,10
1,2362,0,0,0,0,0,0,0,2,0.04068348250610252,10
1,2363,0,0,0,0,0,0,0,1,0.04068348250610252,11
1,2363,0,0,0,0,0,0,0,2,0.04068348250610252,11
1,2364,0,0,0,0,0,0,0,1,0.04068348250610252,12
1,2364,0,0,0,0,0,0,0,2,0.04068348250610252,12
1,2365,0,0,0,0,0,0,0,1,0.04068348250610252,13
1,2365,0,0,0,0,0,0,0,2,0.04068348250610252,13
1,2366,0,0,0,0,0,0,0,1,0.04068348250610252,14
1,2366,0,0,0,0,0,0,0,2,0.04068348250610252,14
1,2367,0,0,0,0,0,0,0,1,0.04068348250610252,15
1,2367,0,0,0,0,0,0,0,2,0.04068348250610252,15
1,2368,0,0,0,0,0,0,0,1,0.04068348250610252,16
1,2368,0,0,0,0,0,0,0,2,0.04068348250610252,16
1,2369,0,0,0,0,0,0,0,1,0.04068348250610252,17
1,2369,0,0,0,0,0,0,0,2,0.04068348250610252,17
1,2370,0,0,0,0,0,0,0,1,0.04068348250610252,18
1,2370,0,0,0,0,0,0,0,2,0.04068348250610252,18
1,2371,0,0,0,0,0,0,0,1,0.04068348250610252,19
1,2371,0,0,0,0,0,0,0,2,0.04068348250610252,19
1,2372,0,0,0,0,0,0,0,1,0.04068348250610252,20
1,2372,0,0,0,0,0,0,0,2,0.04068348250610252,20
1,2373,0,0,0,0,0,0,0,1,0.04068348250610252,21
1,2373,0,0,0,0,0,0,0,2,0.04068348250610252,21
1,2374,0,0,0,0,0,0,0,1,0.04068348250610252,22
1,2374,0,0,0,0,0,0,0,2,0.04068348250610252,22
1,2375,0,0,0,0,0,0,0,1,0.04068348250610252,23
1,2375,0,0,0,0,0,0,0,2,0.04068348250610252,23
1,2376,0,0,0,0,0,0,0,1,0.04068348250610252,0
1,2376,0,0,0,0,0,0,0,2,0.04068348250610252,0
1,2377,0,0,0,0,0,0,0,1,0.04068348250610252,1
1,2377,0,0,0,0,0,0,0,2,0.04068348250610252,1
1,2378,0,0,0,0,0,0,0,1,0.04068348250610252,2
1,2378,0,0,0,0,0,0,0,2,0.04068348250610252,2
1,2379,0,0,0,0,0,0,0,1,0.04068348250610252,3
1,2379,0,0,0,0,0,0,0,2,0.04068348250610252,3
1,2380,0,0,0,0,0,0,0,1,0.04068348250610252,4
1,2380,0,0,0,0,0,0,0,2,0.04068348250610252,4
1,2381,0,0,0,0,0,0,0,1,0.04068348250610252,5
1,2381,0,0,0,0,0,0,0,2,0.04068348250610252,5
1,2382,0,0,0,0,0,0,0,1,0.04068348250610252,6
1,2382,0,0,0,0,0,0,0,2,0.04068348250610252,6
1,2383,0,0,0,0,0,0,0,1,0.04068348250610252,7
1,2383,0,0,0,0,0,0,0,2,0.04068348250610252,7
1,2384,0,0,0,0,0,0,0,1,0.04068348250610252,8
1,2384,0,0,0,0,0,0,0,2,0.04068348250610252,8
1,2385,0,0,0,0,0,0,0,1,0.04068348250610252,9
1,2385,0,0,0,0,0,0,0,2,0.04068348250610252,9
1,2386,0,0,0,0,0,0,0,1,0.04068348250610252,10
1,2386,0,0,0,0,0,0,0,2,0.04068348250610252,10
1,2387,0,0,0,0,0,0,0,1,0.04068348250610252,11
1,2387,0,0,0,0,0,0,0,2,0.04068348250610252,11
1,2388,0,0,0,0,0,0,0,1,0.04068348250610252,12
1,2388,0,0,0,0,0,0,0,2,0.04068348250610252,12
1,2389,0,0,0,0,0,0,0,1,0.04068348250610252,13
1,2389,0,0,0,0,0,0,0,2,0.04068348250610252,13
1,2390,0,0,0,0,0,0,0,1,0.04068348250610252,14
1,2390,0,0,0,0,0,0,0,2,0.04068348250610252,14
1,2391,0,0,0,0,0,0,0,1,0.04068348250610252,15
1,2391,0,0,0,0,0,0,0,2,0.04068348250610252,15
1,2392,0,0,0,0,0,0,0,1,0.04068348250610252,16
1,2392,0,0,0,0,0,0,0,2,0.04068348250610252,16
1,2393,0,0,0,0,0,0,0,1,0.04068348250610252,17
1,2393,0,0,0,0,0,0,0,2,0.04068348250610252,17
1,2394,0,0,0,0,0,0,0,1,0.04068348250610252,18
1,2394,0,0,0,0,0,0,0,2,0.04068348250610252,18
1,2395,0,0,0,0,0,0,0,1,0.04068348250610252,19
1,2395,0,0,0,0,0,0,0,2,0.04068348250610252,19
1,2396,0,0,0,0,0,0,0,1,0.04068348250610252,20
1,2396,0,0,0,0,0,0,0,2,0.04068348250610252,20
1,2397,0,0,0,0,0,0,0,1,0.04068348250610252,21
1,2397,0,0,0,0,0,0,0,2,0.04068348250610252,21
1,2398,0,0,0,0,0,0,0,1,0.04068348250610252,22
1,2398,0,0,0,0,0,0,0,2,0.04068348250610252,22
1,2399,0,0,0,0,0,0,0,1,0.04068348250610252,23
1,2399,0,0,0,0,0,0,0,2,0.04068348250610252,23
1,2400,0,0,0,0,0,0,0,1,0.04068348250610252,0
1,2400,0,0,0,0,0,0,0,2,0.04068348250610252,0
1,2401,0,0,0,0,0,0,0,1,0.04068348250610252,1
1,2401,0,0,0,0,0,0,0,2,0.04068348250610252,1
1,2402,0,0,0,0,0,0,0,1,0.04068348250610252,2
1,2402,0,0,0,0,0,0,0,2,0.04068348250610252,2
1,2403,0,0,0,0,0,0,0,1,0.04068348250610252,3
1,2403,0,0,0,0,0,0,0,2,0.04068348250610252,3
1,2404,0,0,0,0,0,0,0,1,0.04068348250610252,4
1,2404,0,0,0,0,0,0,0,2,0.04068348250610252,4
1,2405,0,0,0,0,0,0,0,1,0.04068348250610252,5
1,2405,0,0,0,0,0,0,0,2,0.04068348250610252,5
1,2406,0,0,0,0,0,0,0,1,0.04068348250610252,6
1,2406,0,0,0,0,0,0,0,2,0.04068348250610252,6
1,2407,0,0,0,0,0,0,0,1,0.04068348250610252,7
1,2407,0,0,0,0,0,0,0,2,0.04068348250610252,7
1,2408,0,0,0,0,0,0,0,1,0.04068348250610252,8
1,2408,0,0,0,0,0,0,0,2,0.04068348250610252,8
1,2409,0,0,0,0,0,0,0,1,0.04068348250610252,9
1,2409,0,0,0,0,0,0,0,2,0.04068348250610252,9
1,2410,0,0,0,0,0,0,0,1,0.04068348250610252,10
1,2410,0,0,0,0,0,0,0,2,0.04068348250610252,10
1,2411,0,0,0,0,0,0,0,1,0.04068348250610252,11
1,2411,0,0,0,0,0,0,0,2,0.04068348250610252,11
1,2412,0,0,0,0,0,0,0,1,0.04068348250610252,12
1,2412,0,0,0,0,0,0,0,2,0.04068348250610252,12
1,2413,0,0,0,0,0,0,0,1,0.04068348250610252,13
1,2413,0,0,0,0,0,0,0,2,0.04068348250610252,13
1,2414,0,0,0,0,0,0,0,1,0.04068348250610252,14
1,2414,0,0,0,0,0,0,0,2,0.04068348250610252,14
1,2415,0,0,0,0,0,0,0,1,0.04068348250610252,15
1,2415,0,0,0,0,0,0,0,2,0.04068348250610252,15
1,2416,0,0,0,0,0,0,0,1,0.04068348250610252,16
1,2416,0,0,0,0,0,0,0,2,0.04068348250610252,16
1,2417,0,0,0,0,0,0,0,1,0.04068348250610252,17
1,2417,0,0,0,0,0,0,0,2,0.04068348250610252,17
1,2418,0,0,0,0,0,0,0,1,0.04068348250610252,18
1,2418,0,0,0,0,0,0,0,2,0.04068348250610252,18
1,2419,0,0,0,0,0,0,0,1,0.04068348250610252,19
1,2419,0,0,0,0,0,0,0,2,0.04068348250610252,19
1,2420,0,0,0,0,0,0,0,1,0.04068348250610252,20
1,2420,0,0,0,0,0,0,0,2,0.04068348250610252,20
1,2421,0,0,0,0,0,0,0,1,0.04068348250610252,21
1,2421,0,0,0,0,0,0,0,2,0.04068348250610252,21
1,2422,0,0,0,0,0,0,0,1,0.04068348250610252,22
1,2422,0,0,0,0,0,0,0,2,0.04068348250610252,22
1,2423,0,0,0,0,0,0,0,1,0.04068348250610252,23
1,2423,0,0,0,0,0,0,0,2,0.04068348250610252,23
1,2424,0,0,0,0,0,0,0,1,0.04068348250610252,0
1,2424,0,0,0,0,0,0,0,2,0.04068348250610252,0
1,2425,0,0,0,0,0,0,0,1,0.04068348250610252,1
1,2425,0,0,0,0,0,0,0,2,0.04068348250610252,1
1,2426,0,0,0,0,0,0,0,1,0.04068348250610252,2
1,2426,0,0,0,0,0,0,0,2,0.04068348250610252,2
1,2427,0,0,0,0,0,0,0,1,0.04068348250610252,3
1,2427,0,0,0,0,0,0,0,2,0.04068348250610252,3
1,2428,0,0,0,0,0,0,0,1,0.04068348250610252,4
1,2428,0,0,0,0,0,0,0,2,0.04068348250610252,4
1,2429,0,0,0,0,0,0,0,1,0.04068348250610252,5
1,2429,0,0,0,0,0,0,0,2,0.04068348250610252,5
1,2430,0,0,0,0,0,0,0,1,0.04068348250610252,6
1,2430,0,0,0,0,0,0,0,2,0.04068348250610252,6
1,2431,0,0,0,0,0,0,0,1,0.04068348250610252,7
1,2431,0,0,0,0,0,0,0,2,0.04068348250610252,7
1,2432,0,0,0,0,0,0,0,1,0.04068348250610252,8
1,2432,0,0,0,0,0,0,0,2,0.04068348250610252,8
1,2433,0,0,0,0,0,0,0,1,0.04068348250610252,9
1,2433,0,0,0,0,0,0,0,2,0.04068348250610252,9
1,2434,0,0,0,0,0,0,0,1,0.04068348250610252,10
1,2434,0,0,0,0,0,0,0,2,0.04068348250610252,10
1,2435,0,0,0,0,0,0,0,1,0.04068348250610252,11
1,2435,0,0,0,0,0,0,0,2,0.04068348250610252,11
1,2436,0,0,0,0,0,0,0,1,0.04068348250610252,12
1,2436,0,0,0,0,0,0,0,2,0.04068348250610252,12
1,2437,0,0,0,0,0,0,0,1,0.04068348250610252,13
1,2437,0,0,0,0,0,0,0,2,0.04068348250610252,13
1,2438,0,0,0,0,0,0,0,1,0.04068348250610252,14
1,2438,0,0,0,0,0,0,0,2,0.04068348250610252,14
1,2439,0,0,0,0,0,0,0,1,0.04068348250610252,15
1,2439,0,0,0,0,0,0,0,2,0.04068348250610252,15
1,2440,0,0,0,0,0,0,0,1,0.04068348250610252,16
1,2440,0,0,0,0,0,0,0,2,0.04068348250610252,16
1,2441,0,0,0,0,0,0,0,1,0.04068348250610252,17
1,2441,0,0,0,0,0,0,0,2,0.04068348250610252,17
1,2442,0,0,0,0,0,0,0,1,0.04068348250610252,18
1,2442,0,0,0,0,0,0,0,2,0.04068348250610252,18
1,2443,0,0,0,0,0,0,0,1,0.04068348250610252,19
1,2443,0,0,0,0,0,0,0,2,0.04068348250610252,19
1,2444,0,0,0,0,0,0,0,1,0.04068348250610252,20
1,2444,0,0,0,0,0,0,0,2,0.04068348250610252,20
1,2445,0,0,0,0,0,0,0,1,0.04068348250610252,21
1,2445,0,0,0,0,0,0,0,2,0.04068348250610252,21
1,2446,0,0,0,0,0,0,0,1,0.04068348250610252,22
1,2446,0,0,0,0,0,0,0,2,0.04068348250610252,22
1,2447,0,0,0,0,0,0,0,1,0.04068348250610252,23
1,2447,0,0,0,0,0,0,0,2,0.04068348250610252,23
1,2448,0,0,0,0,0,0,0,1,0.04068348250610252,0
1,2448,0,0,0,0,0,0,0,2,0.04068348250610252,0
1,2449,0,0,0,0,0,0,0,1,0.04068348250610252,1
1,2449,0,0,0,0,0,0,0,2,0.04068348250610252,1
1,2450,0,0,0,0,0,0,0,1,0.04068348250610252,2
1,2450,0,0,0,0,0,0,0,2,0.04068348250610252,2
1,2451,0,0,0,0,0,0,0,1,0.04068348250610252,3
1,2451,0,0,0,0,0,0,0,2,0.04068348250610252,3
1,2452,0,0,0,0,0,0,0,1,0.04068348250610252,4
1,2452,0,0,0,0,0,0,0,2,0.04068348250610252,4
1,2453,0,0,0,0,0,0,0,1,0.04068348250610252,5
1,2453,0,0,0,0,0,0,0,2,0.04068348250610252,5
1,2454,0,0,0,0,0,0,0,1,0.04068348250610252,6
1,2454,0,0,0,0,0,0,0,2,0.04068348250610252,6
1,2455,0,0,0,0,0,0,0,1,0.04068348250610252,7
1,2455,0,0,0,0,0,0,0,2,0.04068348250610252,7
1,2456,0,0,0,0,0,0,0,1,0.04068348250610252,8
1,2456,0,0,0,0,0,0,0,2,0.04068348250610252,8
1,2457,0,0,0,0,0,0,0,1,0.04068348250610252,9
1,2457,0,0,0,0,0,0,0,2,0.04068348250610252,9
1,2458,0,0,0,0,0,0,0,1,0.04068348250610252,10
1,2458,0,0,0,0,0,0,0,2,0.04068348250610252,10
1,2459,0,0,0,0,0,0,0,1,0.04068348250610252,11
1,2459,0,0,0,0,0,0,0,2,0.04068348250610252,11
1,2460,0,0,0,0,0,0,0,1,0.04068348250610252,12
1,2460,0,0,0,0,0,0,0,2,0.04068348250610252,12
1,2461,0,0,0,0,0,0,0,1,0.04068348250610252,13
1,2461,0,0,0,0,0,0,0,2,0.04068348250610252,13
1,2462,0,0,0,0,0,0,0,1,0.04068348250610252,14
1,2462,0,0,0,0,0,0,0,2,0.04068348250610252,14
1,2463,0,0,0,0,0,0,0,1,0.04068348250610252,15
1,2463,0,0,0,0,0,0,0,2,0.04068348250610252,15
1,2464,0,0,0,0,0,0,0,1,0.04068348250610252,16
1,2464,0,0,0,0,0,0,0,2,0.04068348250610252,16
1,2465,0,0,0,0,0,0,0,1,0.04068348250610252,17
1,2465,0,0,0,0,0,0,0,2,0.04068348250610252,17
1,2466,0,0,0,0,0,0,0,1,0.04068348250610252,18
1,2466,0,0,0,0,0,0,0,2,0.04068348250610252,18
1,2467,0,0,0,0,0,0,0,1,0.04068348250610252,19
1,2467,0,0,0,0,0,0,0,2,0.04068348250610252,19
1,2468,0,0,0,0,0,0,0,1,0.04068348250610252,20
1,2468,0,0,0,0,0,0,0,2,0.04068348250610252,20
1,2469,0,0,0,0,0,0,0,1,0.04068348250610252,21
1,2469,0,0,0,0,0,0,0,2,0.04068348250610252,21
1,2470,0,0,0,0,0,0,0,1,0.04068348250610252,22
1,2470,0,0,0,0,0,0,0,2,0.04068348250610252,22
1,2471,0,0,0,0,0,0,0,1,0.04068348250610252,23
1,2471,0,0,0,0,0,0,0,2,0.04068348250610252,23
1,2472,0,0,0,0,0,0,0,1,0.04068348250610252,0
1,2472,0,0,0,0,0,0,0,2,0.04068348250610252,0
1,2473,0,0,0,0,0,0,0,1,0.04068348250610252,1
1,2473,0,0,0,0,0,0,0,2,0.04068348250610252,1
1,2474,0,0,0,0,0,0,0,1,0.04068348250610252,2
1,2474,0,0,0,0,0,0,0,2,0.04068348250610252,2
1,2475,0,0,0,0,0,0,0,1,0.04068348250610252,3
1,2475,0,0,0,0,0,0,0,2,0.04068348250610252,3
1,2476,0,0,0,0,0,0,0,1,0.04068348250610252,4
1,2476,0,0,0,0,0,0,0,2,0.04068348250610252,4
1,2477,0,0,0,0,0,0,0,1,0.04068348250610252,5
1,2477,0,0,0,0,0,0,0,2,0.04068348250610252,5
1,2478,0,0,0,0,0,0,0,1,0.04068348250610252,6
1,2478,0,0,0,0,0,0,0,2,0.04068348250610252,6
1,2479,0,0,0,0,0,0,0,1,0.04068348250610252,7
1,2479,0,0,0,0,0,0,0,2,0.04068348250610252,7
1,2480,0,0,0,0,0,0,0,1,0.04068348250610252,8
1,2480,0,0,0,0,0,0,0,2,0.04068348250610252,8
1,2481,0,0,0,0,0,0,0,1,0.04068348250610252,9
1,2481,0,0,0,0,0,0,0,2,0.04068348250610252,9
1,2482,0,0,0,0,0,0,0,1,0.04068348250610252,10
1,2482,0,0,0,0,0,0,0,2,0.04068348250610252,10
1,2483,0,0,0,0,0,0,0,1,0.04068348250610252,11
1,2483,0,0,0,0,0,0,0,2,0.04068348250610252,11
1,2484,0,0,0,0,0,0,0,1,0.04068348250610252,12
1,2484,0,0,0,0,0,0,0,2,0.04068348250610252,12
1,2485,0,0,0,0,0,0,0,1,0.04068348250610252,13
1,2485,0,0,0,0,0,0,0,2,0.04068348250610252,13
1,2486,0,0,0,0,0,0,0,1,0.04068348250610252,14
1,2486,0,0,0,0,0,0,0,2,0.04068348250610252,14
1,2487,0,0,0,0,0,0,0,1,0.04068348250610252,15
1,2487,0,0,0,0,0,0,0,2,0.04068348250610252,15
1,2488,0,0,0,0,0,0,0,1,0.04068348250610252,16
1,2488,0,0,0,0,0,0,0,2,0.04068348250610252,16
1,2489,0,0,0,0,0,0,0,1,0.04068348250610252,17
1,2489,0,0,0,0,0,0,0,2,0.04068348250610252,17
1,2490,0,0,0,0,0,0,0,1,0.04068348250610252,18
1,2490,0,0,0,0,0,0,0,2,0.04068348250610252,18
1,2491,0,0,0,0,0,0,0,1,0.04068348250610252,19
1,2491,0,0,0,0,0,0,0,2,0.04068348250610252,19
1,2492,0,0,0,0,0,0,0,1,0.04068348250610252,20
1,2492,0,0,0,0,0,0,0,2,0.04068348250610252,20
1,2493,0,0,0,0,0,0,0,1,0.04068348250610252,21
1,2493,0,0,0,0,0,0,0,2,0.04068348250610252,21
1,2494,0,0,0,0,0,0,0,1,0.04068348250610252,22
1,2494,0,0,0,0,0,0,0,2,0.04068348250610252,22
1,2495,0,0,0,0,0,0,0,1,0.04068348250610252,23
1,2495,0,0,0,0,0,0,0,2,0.04068348250610252,23
1,2496,0,0,0,0,0,0,0,1,0.04068348250610252,0
1,2496,0,0,0,0,0,0,0,2,0.04068348250610252,0
1,2497,0,0,0,0,0,0,0,1,0.04068348250610252,1
1,2497,0,0,0,0,0,0,0,2,0.04068348250610252,1
1,2498,0,0,0,0,0,0,0,1,0.04068348250610252,2
1,2498,0,0,0,0,0,0,0,2,0.04068348250610252,2
1,2499,0,0,0,0,0,0,0,1,0.04068348250610252,3
1,2499,0,0,0,0,0,0,0,2,0.04068348250610252,3
1,2500,0,0,0,0,0,0,0,1,0.04068348250610252,4
1,2500,0,0,0,0,0,0,0,2,0.04068348250610252,4
1,2501,0,0,0,0,0,0,0,1,0.04068348250610252,5
1,2501,0,0,0,0,0,0,0,2,0.04068348250610252,5
1,2502,0,0,0,0,0,0,0,1,0.04068348250610252,6
1,2502,0,0,0,0,0,0,0,2,0.04068348250610252,6
1,2503,0,0,0,0,0,0,0,1,0.04068348250610252,7
1,2503,0,0,0,0,0,0,0,2,0.04068348250610252,7
1,2504,0,0,0,0,0,0,0,1,0.04068348250610252,8
1,2504,0,0,0,0,0,0,0,2,0.04068348250610252,8
1,2505,0,0,0,0,0,0,0,1,0.04068348250610252,9
1,2505,0,0,0,0,0,0,0,2,0.04068348250610252,9
1,2506,0,0,0,0,0,0,0,1,0.04068348250610252,10
1,2506,0,0,0,0,0,0,0,2,0.04068348250610252,10
1,2507,0,0,0,0,0,0,0,1,0.04068348250610252,11
1,2507,0,0,0,0,0,0,0,2,0.04068348250610252,11
1,2508,0,0,0,0,0,0,0,1,0.04068348250610252,12
1,2508,0,0,0,0,0,0,0,2,0.04068348250610252,12
1,2509,0,0,0,0,0,0,0,1,0.04068348250610252,13
1,2509,0,0,0,0,0,0,0,2,0.04068348250610252,13
1,2510,0,0,0,0,0,0,0,1,0.04068348250610252,14
1,2510,0,0,0,0,0,0,0,2,0.04068348250610252,14
1,2511,0,0,0,0,0,0,0,1,0.04068348250610252,15
1,2511,0,0,0,0,0,0,0,2,0.04068348250610252,15
1,2512,0,0,0,0,0,0,0,1,0.04068348250610252,16
1,2512,0,0,0,0,0,0,0,2,0.04068348250610252,16
1,2513,0,0,0,0,0,0,0,1,0.04068348250610252,17
1,2513,0,0,0,0,0,0,0,2,0.04068348250610252,17
1,2514,0,0,0,0,0,0,0,1,0.04068348250610252,18
1,2514,0,0,0,0,0,0,0,2,0.04068348250610252,18
1,2515,0,0,0,0,0,0,0,1,0.04068348250610252,19
1,2515,0,0,0,0,0,0,0,2,0.04068348250610252,19
1,2516,0,0,0,0,0,0,0,1,0.04068348250610252,20
1,2516,0,0,0,0,0,0,0,2,0.04068348250610252,20
1,2517,0,0,0,0,0,0,0,1,0.04068348250610252,21
1,2517,0,0,0,0,0,0,0,2,0.04068348250610252,21
1,2518,0,0,0,0,0,0,0,1,0.04068348250610252,22
1,2518,0,0,0,0,0,0,0,2,0.04068348250610252,22
1,2519,0,0,0,0,0,0,0,1,0.04068348250610252,23
1,2519,0,0,0,0,0,0,0,2,0.04068348250610252,23
1,2520,0,0,0,0,0,0,0,1,0.04068348250610252,0
1,2520,0,0,0,0,0,0,0,2,0.04068348250610252,0
1,2521,0,0,0,0,0,0,0,1,0.04068348250610252,1
1,2521,0,0,0,0,0,0,0,2,0.04068348250610252,1
1,2522,0,0,0,0,0,0,0,1,0.04068348250610252,2
1,2522,0,0,0,0,0,0,0,2,0.04068348250610252,2
1,2523,0,0,0,0,0,0,0,1,0.04068348250610252,3
1,2523,0,0,0,0,0,0,0,2,0.04068348250610252,3
1,2524,0,0,0,0,0,0,0,1,0.04068348250610252,4
1,2524,0,0,0,0,0,0,0,2,0.04068348250610252,4
1,2525,0,0,0,0,0,0,0,1,0.04068348250610252,5
1,2525,0,0,0,0,0,0,0,2,0.04068348250610252,5
1,2526,0,0,0,0,0,0,0,1,0.04068348250610252,6
1,2526,0,0,0,0,0,0,0,2,0.04068348250610252,6
1,2527,0,0,0,0,0,0,0,1,0.04068348250610252,7
1,2527,0,0,0,0,0,0,0,2,0.04068348250610252,7
1,2528,0,0,0,0,0,0,0,1,0.04068348250610252,8
1,2528,0,0,0,0,0,0,0,2,0.04068348250610252,8
1,2529,0,0,0,0,0,0,0,1,0.04068348250610252,9
1,2529,0,0,0,0,0,0,0,2,0.04068348250610252,9
1,2530,0,0,0,0,0,0,0,1,0.04068348250610252,10
1,2530,0,0,0,0,0,0,0,2,0.04068348250610252,10
1,2531,0,0,0,0,0,0,0,1,0.04068348250610252,11
1,2531,0,0,0,0,0,0,0,2,0.04068348250610252,11
1,2532,0,0,0,0,0,0,0,1,0.04068348250610252,12
1,2532,0,0,0,0,0,0,0,2,0.04068348250610252,12
1,2533,0,0,0,0,0,0,0,1,0.04068348250610252,13
1,2533,0,0,0,0,0,0,0,2,0.04068348250610252,13
1,2534,0,0,0,0,0,0,0,1,0.04068348250610252,14
1,2534,0,0,0,0,0,0,0,2,0.04068348250610252,14
1,2535,0,0,0,0,0,0,0,1,0.04068348250610252,15
1,2535,0,0,0,0,0,0,0,2,0.04068348250610252,15
1,2536,0,0,0,0,0,0,0,1,0.04068348250610252,16
1,2536,0,0,0,0,0,0,0,2,0.04068348250610252,16
1,2537,0,0,0,0,0,0,0,1,0.04068348250610252,17
1,2537,0,0,0,0,0,0,0,2,0.04068348250610252,17
1,2538,0,0,0,0,0,0,0,1,0.04068348250610252,18
1,2538,0,0,0,0,0,0,0,2,0.04068348250610252,18
1,2539,0,0,0,0,0,0,0,1,0.04068348250610252,19
1,2539,0,0,0,0,0,0,0,2,0.04068348250610252,19
1,2540,0,0,0,0,0,0,0,1,0.04068348250610252,20
1,2540,0,0,0,0,0,0,0,2,0.04068348250610252,20
1,2541,0,0,0,0,0,0,0,1,0.04068348250610252,21
1,2541,0,0,0,0,0,0,0,2,0.04068348250610252,21
1,2542,0,0,0,0,0,0,0,1,0.04068348250610252,22
1,2542,0,0,0,0,0,0,0,2,0.04068348250610252,22
1,2543,0,0,0,0,0,0,0,1,0.04068348250610252,23
1,2543,0,0,0,0,0,0,0,2,0.04068348250610252,23
1,2544,0,0,0,0,0,0,0,1,0.04068348250610252,0
1,2544,0,0,0,0,0,0,0,2,0.04068348250610252,0
1,2545,0,0,0,0,0,0,0,1,0.04068348250610252,1
1,2545,0,0,0,0,0,0,0,2,0.04068348250610252,1
1,2546,0,0,0,0,0,0,0,1,0.04068348250610252,2
1,2546,0,0,0,0,0,0,0,2,0.04068348250610252,2
1,2547,0,0,0,0,0,0,0,1,0.04068348250610252,3
1,2547,0,0,0,0,0,0,0,2,0.04068348250610252,3
1,2548,0,0,0,0,0,0,0,1,0.04068348250610252,4
1,2548,0,0,0,0,0,0,0,2,0.04068348250610252,4
1,2549,0,0,0,0,0,0,0,1,0.04068348250610252,5
1,2549,0,0,0,0,0,0,0,2,0.04068348250610252,5
1,2550,0,0,0,0,0,0,0,1,0.04068348250610252,6
1,2550,0,0,0,0,0,0,0,2,0.04068348250610252,6
1,2551,0,0,0,0,0,0,0,1,0.04068348250610252,7
1,2551,0,0,0,0,0,0,0,2,0.04068348250610252,7
1,2552,0,0,0,0,0,0,0,1,0.04068348250610252,8
1,2552,0,0,0,0,0,0,0,2,0.04068348250610252,8
1,2553,0,0,0,0,0,0,0,1,0.04068348250610252,9
1,2553,0,0,0,0,0,0,0,2,0.04068348250610252,9
1,2554,0,0,0,0,0,0,0,1,0.04068348250610252,10
1,2554,0,0,0,0,0,0,0,2,0.04068348250610252,10
1,2555,0,0,0,0,0,0,0,1,0.04068348250610252,11
1,2555,0,0,0,0,0,0,0,2,0.04068348250610252,11
1,2556,0,0,0,0,0,0,0,1,0.04068348250610252,12
1,2556,0,0,0,0,0,0,0,2,0.04068348250610252,12
1,2557,0,0,0,0,0,0,0,1,0.04068348250610252,13
1,2557,0,0,0,0,0,0,0,2,0.04068348250610252,13
1,2558,0,0,0,0,0,0,0,1,0.04068348250610252,14
1,2558,0,0,0,0,0,0,0,2,0.04068348250610252,14
1,2559,0,0,0,0,0,0,0,1,0.04068348250610252,15
1,2559,0,0,0,0,0,0,0,2,0.04068348250610252,15
1,2560,0,0,0,0,0,0,0,1,0.04068348250610252,16
1,2560,0,0,0,0,0,0,0,2,0.04068348250610252,16
1,2561,0,0,0,0,0,0,0,1,0.04068348250610252,17
1,2561,0,0,0,0,0,0,0,2,0.04068348250610252,17
1,2562,0,0,0,0,0,0,0,1,0.04068348250610252,18
1,2562,0,0,0,0,0,0,0,2,0.04068348250610252,18
1,2563,0,0,0,0,0,0,0,1,0.04068348250610252,19
1,2563,0,0,0,0,0,0,0,2,0.04068348250610252,19
1,2564,0,0,0,0,0,0,0,1,0.04068348250610252,20
1,2564,0,0,0,0,0,0,0,2,0.04068348250610252,20
1,2565,0,0,0,0,0,0,0,1,0.04068348250610252,21
1,2565,0,0,0,0,0,0,0,2,0.04068348250610252,21
1,2566,0,0,0,0,0,0,0,1,0.04068348250610252,22
1,2566,0,0,0,0,0,0,0,2,0.04068348250610252,22
1,2567,0,0,0,0,0,0,0,1,0.04068348250610252,23
1,2567,0,0,0,0,0,0,0,2,0.04068348250610252,23
1,2568,0,0,0,0,0,0,0,1,0.04068348250610252,0
1,2568,0,0,0,0,0,0,0,2,0.04068348250610252,0
1,2569,0,0,0,0,0,0,0,1,0.04068348250610252,1
1,2569,0,0,0,0,0,0,0,2,0.04068348250610252,1
1,2570,0,0,0,0,0,0,0,1,0.04068348250610252,2
1,2570,0,0,0,0,0,0,0,2,0.04068348250610252,2
1,2571,0,0,0,0,0,0,0,1,0.04068348250610252,3
1,2571,0,0,0,0,0,0,0,2,0.04068348250610252,3
1,2572,0,0,0,0,0,0,0,1,0.04068348250610252,4
1,2572,0,0,0,0,0,0,0,2,0.04068348250610252,4
1,2573,0,0,0,0,0,0,0,1,0.04068348250610252,5
1,2573,0,0,0,0,0,0,0,2,0.04068348250610252,5
1,2574,0,0,0,0,0,0,0,1,0.04068348250610252,6
1,2574,0,0,0,0,0,0,0,2,0.04068348250610252,6
1,2575,0,0,0,0,0,0,0,1,0.04068348250610252,7
1,2575,0,0,0,0,0,0,0,2,0.04068348250610252,7
1,2576,0,0,0,0,0,0,0,1,0.04068348250610252,8
1,2576,0,0,0,0,0,0,0,2,0.04068348250610252,8
1,2577,0,0,0,0,0,0,0,1,0.04068348250610252,9
1,2577,0,0,0,0,0,0,0,2,0.04068348250610252,9
1,2578,0,0,0,0,0,0,0,1,0.04068348250610252,10
1,2578,0,0,0,0,0,0,0,2,0.04068348250610252,10
1,2579,0,0,0,0,0,0,0,1,0.04068348250610252,11
1,2579,0,0,0,0,0,0,0,2,0.04068348250610252,11
1,2580,0,0,0,0,0,0,0,1,0.04068348250610252,12
1,2580,0,0,0,0,0,0,0,2,0.04068348250610252,12
1,2581,0,0,0,0,0,0,0,1,0.04068348250610252,13
1,2581,0,0,0,0,0,0,0,2,0.04068348250610252,13
1,2582,0,0,0,0,0,0,0,1,0.04068348250610252,14
1,2582,0,0,0,0,0,0,0,2,0.04068348250610252,14
1,2583,0,0,0,0,0,0,0,1,0.04068348250610252,15
1,2583,0,0,0,0,0,0,0,2,0.04068348250610252,15
1,2584,0,0,0,0,0,0,0,1,0.04068348250610252,16
1,2584,0,0,0,0,0,0,0,2,0.04068348250610252,16
1,2585,0,0,0,0,0,0,0,1,0.04068348250610252,17
1,2585,0,0,0,0,0,0,0,2,0.04068348250610252,17
1,2586,0,0,0,0,0,0,0,1,0.04068348250610252,18
1,2586,0,0,0,0,0,0,0,2,0.04068348250610252,18
1,2587,0,0,0,0,0,0,0,1,0.04068348250610252,19
1,2587,0,0,0,0,0,0,0,2,0.04068348250610252,19
1,2588,0,0,0,0,0,0,0,1,0.04068348250610252,20
1,2588,0,0,0,0,0,0,0,2,0.04068348250610252,20
1,2589,0,0,0,0,0,0,0,1,0.04068348250610252,21
1,2589,0,0,0,0,0,0,0,2,0.04068348250610252,21
1,2590,0,0,0,0,0,0,0,1,0.04068348250610252,22
1,2590,0,0,0,0,0,0,0,2,0.04068348250610252,22
1,2591,0,0,0,0,0,0,0,1,0.04068348250610252,23
1,2591,0,0,0,0,0,0,0,2,0.04068348250610252,23
1,2592,0,0,0,0,0,0,0,1,0.04068348250610252,0
1,2592,0,0,0,0,0,0,0,2,0.04068348250610252,0
1,2593,0,0,0,0,0,0,0,1,0.04068348250610252,1
1,2593,0,0,0,0,0,0,0,2,0.04068348250610252,1
1,2594,0,0,0,0,0,0,0,1,0.04068348250610252,2
1,2594,0,0,0,0,0,0,0,2,0.04068348250610252,2
1,2595,0,0,0,0,0,0,0,1,0.04068348250610252,3
1,2595,0,0,0,0,0,0,0,2,0.04068348250610252,3
1,2596,0,0,0,0,0,0,0,1,0.04068348250610252,4
1,2596,0,0,0,0,0,0,0,2,0.04068348250610252,4
1,2597,0,0,0,0,0,0,0,1,0.04068348250610252,5
1,2597,0,0,0,0,0,0,0,2,0.04068348250610252,5
1,2598,0,0,0,0,0,0,0,1,0.04068348250610252,6
1,2598,0,0,0,0,0,0,0,2,0.04068348250610252,6
1,2599,0,0,0,0,0,0,0,1,0.04068348250610252,7
1,2599,0,0,0,0,0,0,0,2,0.04068348250610252,7
1,2600,0,0,0,0,0,0,0,1,0.04068348250610252,8
1,2600,0,0,0,0,0,0,0,2,0.04068348250610252,8
1,2601,0,0,0,0,0,0,0,1,0.04068348250610252,9
1,2601,0,0,0,0,0,0,0,2,0.04068348250610252,9
1,2602,0,0,0,0,0,0,0,1,0.04068348250610252,10
1,2602,0,0,0,0,0,0,0,2,0.04068348250610252,10
1,2603,0,0,0,0,0,0,0,1,0.04068348250610252,11
1,2603,0,0,0,0,0,0,0,2,0.04068348250610252,11
1,2604,0,0,0,0,0,0,0,1,0.04068348250610252,12
1,2604,0,0,0,0,0,0,0,2,0.04068348250610252,12
1,2605,0,0,0,0,0,0,0,1,0.04068348250610252,13
1,2605,0,0,0,0,0,0,0,2,0.04068348250610252,13
1,2606,0,0,0,0,0,0,0,1,0.04068348250610252,14
1,2606,0,0,0,0,0,0,0,2,0.04068348250610252,14
1,2607,0,0,0,0,0,0,0,1,0.04068348250610252,15
1,2607,0,0,0,0,0,0,0,2,0.04068348250610252,15
1,2608,0,0,0,0,0,0,0,1,0.04068348250610252,16
1,2608,0,0,0,0,0,0,0,2,0.04068348250610252,16
1,2609,0,0,0,0,0,0,0,1,0.04068348250610252,17
1,2609,0,0,0,0,0,0,0,2,0.04068348250610252,17
1,2610,0,0,0,0,0,0,0,1,0.04068348250610252,18
1,2610,0,0,0,0,0,0,0,2,0.04068348250610252,18
1,2611,0,0,0,0,0,0,0,1,0.04068348250610252,19
1,2611,0,0,0,0,0,0,0,2,0.04068348250610252,19
1,2612,0,0,0,0,0,0,0,1,0.04068348250610252,20
1,2612,0,0,0,0,0,0,0,2,0.04068348250610252,20
1,2613,0,0,0,0,0,0,0,1,0.04068348250610252,21
1,2613,0,0,0,0,0,0,0,2,0.04068348250610252,21
1,2614,0,0,0,0,0,0,0,1,0.04068348250610252,22
1,2614,0,0,0,0,0,0,0,2,0.04068348250610252,22
1,2615,0,0,0,0,0,0,0,1,0.04068348250610252,23
1,2615,0,0,0,0,0,0,0,2,0.04068348250610252,23
1,2616,0,0,0,0,0,0,0,1,0.04068348250610252,0
1,2616,0,0,0,0,0,0,0,2,0.04068348250610252,0
1,2617,0,0,0,0,0,0,0,1,0.04068348250610252,1
1,2617,0,0,0,0,0,0,0,2,0.04068348250610252,1
1,2618,0,0,0,0,0,0,0,1,0.04068348250610252,2
1,2618,0,0,0,0,0,0,0,2,0.04068348250610252,2
1,2619,0,0,0,0,0,0,0,1,0.04068348250610252,3
1,2619,0,0,0,0,0,0,0,2,0.04068348250610252,3
1,2620,0,0,0,0,0,0,0,1,0.04068348250610252,4
1,2620,0,0,0,0,0,0,0,2,0.04068348250610252,4
1,2621,0,0,0,0,0,0,0,1,0.04068348250610252,5
1,2621,0,0,0,0,0,0,0,2,0.04068348250610252,5
1,2622,0,0,0,0,0,0,0,1,0.04068348250610252,6
1,2622,0,0,0,0,0,0,0,2,0.04068348250610252,6
1,2623,0,0,0,0,0,0,0,1,0.04068348250610252,7
1,2623,0,0,0,0,0,0,0,2,0.04068348250610252,7
1,2624,0,0,0,0,0,0,0,1,0.04068348250610252,8
1,2624,0,0,0,0,0,0,0,2,0.04068348250610252,8
1,2625,0,0,0,0,0,0,0,1,0.04068348250610252,9
1,2625,0,0,0,0,0,0,0,2,0.04068348250610252,9
1,2626,0,0,0,0,0,0,0,1,0.04068348250610252,10
1,2626,0,0,0,0,0,0,0,2,0.04068348250610252,10
1,2627,0,0,0,0,0,0,0,1,0.04068348250610252,11
1,2627,0,0,0,0,0,0,0,2,0.04068348250610252,11
1,2628,0,0,0,0,0,0,0,1,0.04068348250610252,12
1,2628,0,0,0,0,0,0,0,2,0.04068348250610252,12
1,2629,0,0,0,0,0,0,0,1,0.04068348250610252,13
1,2629,0,0,0,0,0,0,0,2,0.04068348250610252,13
1,2630,0,0,0,0,0,0,0,1,0.04068348250610252,14
1,2630,0,0,0,0,0,0,0,2,0.04068348250610252,14
1,2631,0,0,0,0,0,0,0,1,0.04068348250610252,15
1,2631,0,0,0,0,0,0,0,2,0.04068348250610252,15
1,2632,0,0,0,0,0,0,0,1,0.04068348250610252,16
1,2632,0,0,0,0,0,0,0,2,0.04068348250610252,16
1,2633,0,0,0,0,0,0,0,1,0.04068348250610252,17
1,2633,0,0,0,0,0,0,0,2,0.04068348250610252,17
1,2634,0,0,0,0,0,0,0,1,0.04068348250610252,18
1,2634,0,0,0,0,0,0,0,2,0.04068348250610252,18
1,2635,0,0,0,0,0,0,0,1,0.04068348250610252,19
1,2635,0,0,0,0,0,0,0,2,0.04068348250610252,19
1,2636,0,0,0,0,0,0,0,1,0.04068348250610252,20
1,2636,0,0,0,0,0,0,0,2,0.04068348250610252,20
1,2637,0,0,0,0,0,0,0,1,0.04068348250610252,21
1,2637,0,0,0,0,0,0,0,2,0.04068348250610252,21
1,2638,0,0,0,0,0,0,0,1,0.04068348250610252,22
1,2638,0,0,0,0,0,0,0,2,0.04068348250610252,22
1,2639,0,0,0,0,0,0,0,1,0.04068348250610252,23
1,2639,0,0,0,0,0,0,0,2,0.04068348250610252,23
1,2640,0,0,0,0,0,0,0,1,0.04068348250610252,0
1,2640,0,0,0,0,0,0,0,2,0.04068348250610252,0
1,2641,0,0,0,0,0,0,0,1,0.04068348250610252,1
1,2641,0,0,0,0,0,0,0,2,0.04068348250610252,1
1,2642,0,0,0,0,0,0,0,1,0.04068348250610252,2
1,2642,0,0,0,0,0,0,0,2,0.04068348250610252,2
1,2643,0,0,0,0,0,0,0,1,0.04068348250610252,3
1,2643,0,0,0,0,0,0,0,2,0.04068348250610252,3
1,2644,0,0,0,0,0,0,0,1,0.04068348250610252,4
1,2644,0,0,0,0,0,0,0,2,0.04068348250610252,4
1,2645,0,0,0,0,0,0,0,1,0.04068348250610252,5
1,2645,0,0,0,0,0,0,0,2,0.04068348250610252,5
1,2646,0,0,0,0,0,0,0,1,0.04068348250610252,6
1,2646,0,0,0,0,0,0,0,2,0.04068348250610252,6
1,2647,0,0,0,0,0,0,0,1,0.04068348250610252,7
1,2647,0,0,0,0,0,0,0,2,0.04068348250610252,7
1,2648,0,0,0,0,0,0,0,1,0.04068348250610252,8
1,2648,0,0,0,0,0,0,0,2,0.04068348250610252,8
1,2649,0,0,0,0,0,0,0,1,0.04068348250610252,9
1,2649,0,0,0,0,0,0,0,2,0.04068348250610252,9
1,2650,0,0,0,0,0,0,0,1,0.04068348250610252,10
1,2650,0,0,0,0,0,0,0,2,0.04068348250610252,10
1,2651,0,0,0,0,0,0,0,1,0.04068348250610252,11
1,2651,0,0,0,0,0,0,0,2,0.04068348250610252,11
1,2652,0,0,0,0,0,0,0,1,0.04068348250610252,12
1,2652,0,0,0,0,0,0,0,2,0.04068348250610252,12
1,2653,0,0,0,0,0,0,0,1,0.04068348250610252,13
1,2653,0,0,0,0,0,0,0,2,0.04068348250610252,13
1,2654,0,0,0,0,0,0,0,1,0.04068348250610252,14
1,2654,0,0,0,0,0,0,0,2,0.04068348250610252,14
1,2655,0,0,0,0,0,0,0,1,0.04068348250610252,15
1,2655,0,0,0,0,0,0,0,2,0.04068348250610252,15
1,2656,0,0,0,0,0,0,0,1,0.04068348250610252,16
1,2656,0,0,0,0,0,0,0,2,0.04068348250610252,16
1,2657,0,0,0,0,0,0,0,1,0.04068348250610252,17
1,2657,0,0,0,0,0,0,0,2,0.04068348250610252,17
1,2658,0,0,0,0,0,0,0,1,0.04068348250610252,18
1,2658,0,0,0,0,0,0,0,2,0.04068348250610252,18
1,2659,0,0,0,0,0,0,0,1,0.04068348250610252,19
1,2659,0,0,0,0,0,0,0,2,0.04068348250610252,19
1,2660,0,0,0,0,0,0,0,1,0.04068348250610252,20
1,2660,0,0,0,0,0,0,0,2,0.04068348250610252,20
1,2661,0,0,0,0,0,0,0,1,0.04068348250610252,21
1,2661,0,0,0,0,0,0,0,2,0.04068348250610252,21
1,2662,0,0,0,0,0,0,0,1,0.04068348250610252,22
1,2662,0,0,0,0,0,0,0,2,0.04068348250610252,22
1,2663,0,0,0,0,0,0,0,1,0.04068348250610252,23
1,2663,0,0,0,0,0,0,0,2,0.04068348250610252,23
1,2664,0,0,0,0,0,0,0,1,0.04068348250610252,0
1,2664,0,0,0,0,0,0,0,2,0.04068348250610252,0
1,2665,0,0,0,0,0,0,0,1,0.04068348250610252,1
1,2665,0,0,0,0,0,0,0,2,0.04068348250610252,1
1,2666,0,0,0,0,0,0,0,1,0.04068348250610252,2
1,2666,0,0,0,0,0,0,0,2,0.04068348250610252,2
1,2667,0,0,0,0,0,0,0,1,0.04068348250610252,3
1,2667,0,0,0,0,0,0,0,2,0.04068348250610252,3
1,2668,0,0,0,0,0,0,0,1,0.04068348250610252,4
1,2668,0,0,0,0,0,0,0,2,0.04068348250610252,4
1,2669,0,0,0,0,0,0,0,1,0.04068348250610252,5
1,2669,0,0,0,0,0,0,0,2,0.04068348250610252,5
1,2670,0,0,0,0,0,0,0,1,0.04068348250610252,6
1,2670,0,0,0,0,0,0,0,2,0.04068348250610252,6
1,2671,0,0,0,0,0,0,0,1,0.04068348250610252,7
1,2671,0,0,0,0,0,0,0,2,0.04068348250610252,7
1,2672,0,0,0,0,0,0,0,1,0.04068348250610252,8
1,2672,0,0,0,0,0,0,0,2,0.04068348250610252,8
1,2673,0,0,0,0,0,0,0,1,0.04068348250610252,9
1,2673,0,0,0,0,0,0,0,2,0.04068348250610252,9
1,2674,0,0,0,0,0,0,0,1,0.04068348250610252,10
1,2674,0,0,0,0,0,0,0,2,0.04068348250610252,10
1,2675,0,0,0,0,0,0,0,1,0.04068348250610252,11
1,2675,0,0,0,0,0,0,0,2,0.04068348250610252,11
1,2676,0,0,0,0,0,0,0,1,0.04068348250610252,12
1,2676,0,0,0,0,0,0,0,2,0.04068348250610252,12
1,2677,0,0,0,0,0,0,0,1,0.04068348250610252,13
1,2677,0,0,0,0,0,0,0,2,0.04068348250610252,13
1,2678,0,0,0,0,0,0,0,1,0.04068348250610252,14
1,2678,0,0,0,0,0,0,0,2,0.04068348250610252,14
1,2679,0,0,0,0,0,0,0,1,0.04068348250610252,15
1,2679,0,0,0,0,0,0,0,2,0.04068348250610252,15
1,2680,0,0,0,0,0,0,0,1,0.04068348250610252,16
1,2680,0,0,0,0,0,0,0,2,0.04068348250610252,16
1,2681,0,0,0,0,0,0,0,1,0.04068348250610252,17
1,2681,0,0,0,0,0,0,0,2,0.04068348250610252,17
1,2682,0,0,0,0,0,0,0,1,0.04068348250610252,18
1,2682,0,0,0,0,0,0,0,2,0.04068348250610252,18
1,2683,0,0,0,0,0,0,0,1,0.04068348250610252,19
1,2683,0,0,0,0,0,0,0,2,0.04068348250610252,19
1,2684,0,0,0,0,0,0,0,1,0.04068348250610252,20
1,2684,0,0,0,0,0,0,0,2,0.04068348250610252,20
1,2685,0,0,0,0,0,0,0,1,0.04068348250610252,21
1,2685,0,0,0,0,0,0,0,2,0.04068348250610252,21
1,2686,0,0,0,0,0,0,0,1,0.04068348250610252,22
1,2686,0,0,0,0,0,0,0,2,0.04068348250610252,22
1,2687,0,0,0,0,0,0,0,1,0.04068348250610252,23
1,2687,0,0,0,0,0,0,0,2,0.04068348250610252,23
1,2688,0,0,0,0,0,0,0,1,0.04068348250610252,24
1,2688,0,0,0,0,0,0,0,2,0.04068348250610252,24
2,0,0,0.16273393002441008,1,1,24,111,0,1,0.16273393002441008,0
2,0,0,0,0,0,0,0,0,1,0.16273393002441008,0
2,0,0,0,0,0,0,0,0,2,0.16273393002441008,0
2,1,0,0,0,0,0,0,0,1,0.16273393002441008,1
2,1,0,0,0,0,0,0,0,2,0.16273393002441008,1
2,2,0,0,0,0,0,0,0,1,0.16273393002441008,2
2,2,0,0,0,0,0,0,0,2,0.16273393002441008,2
2,3,0,0,0,0,0,0,0,1,0.16273393002441008,3
2,3,0,0,0,0,0,0,0,2,0.16273393002441008,3
2,4,0,0,0,0,0,0,0,1,0.16273393002441008,4
2,4,0,0,0,0,0,0,0,2,0.16273393002441008,4
2,5,0,0,0,0,0,0,0,1,0.16273393002441008,5
2,5,0,0,0,0,0,0,0,2,0.16273393002441008,5
2,6,0,0,0,0,0,0,0,1,0.16273393002441008,6
2,6,0,0,0,0,0,0,0,2,0.16273393002441008,6
2,7,0,0,0,0,0,0,0,1,0.16273393002441008,7
2,7,0,0,0,0,0,0,0,2,0.16273393002441008,7
2,8,0,0,0,0,0,0,0,1,0.16273393002441008,8
2,8,0,0,0,0,0,0,0,2,0.16273393002441008,8
2,9,0,0,0,0,0,0,0,1,0.16273393002441008,9
2,9,0,0,0,0,0,0,0,2,0.16273393002441008,9
2,10,0,0,0,0,0,0,0,1,0.16273393002441008,10
2,10,0,0,0,0,0,0,0,2,0.16273393002441008,10
2,11,0,0,0,0,0,0,0,1,0.16273393002441008,11
2,11,0,0,0,0,0,0,0,2,0.16273393002441008,11
2,12,0,0,0,0,0,0,0,1,0.16273393002441008,12
2,12,0,0,0,0,0,0,0,2,0.16273393002441008,12
2,13,0,0,0,0,0,0,0,1,0.16273393002441008,13
2,13,0,0,0,0,0,0,0,2,0.16273393002441008,13
2,14,0,0,0,0,0,0,0,1,0.16273393002441008,14
2,14,0,0,0,0,0,0,0,2,0.16273393002441008,14
2,15,0,0,0,0,0,0,0,1,0.16273393002441008,15
2,15,0,0,0,0,0,0,0,2,0.16273393002441008,15
2,16,0,0,0,0,0,0,0,1,0.16273393002441008,16
2,16,0,0,0,0,0,0,0,2,0.16273393002441008,16
2,17,0,0,0,0,0,0,0,1,0.16273393002441008,17
2,17,0,0,0,0,0,0,0,2,0.16273393002441008,17
2,18,0,0,0,0,0,0,0,1,0.16273393002441008,18
2,18,0,0,0,0,0,0,0,2,0.16273393002441008,18
2,19,0,0,0,0,0,0,0,1,0.16273393002441008,19
2,19,0,0,0,0,0,0,0,2,0.16273393002441008,19
2,20,0,0,0,0,0,0,0,1,0.16273393002441008,20
2,20,0,0,0,0,0,0,0,2,0.16273393002441008,20
2,21,0,0,0,0,0,0,0,1,0.16273393002441008,21
2,21,0,0,0,0,0,0,0,2,0.16273393002441008,21
2,22,0,0,0,0,0,0,0,1,0.16273393002441008,22
2,22,0,0,0,0,0,0,0,2,0.16273393002441008,22
2,23,0,0,0,0,0,0,0,1,0.16273393002441008,23
2,23,0,0,0,0,0,0,0,2,0.16273393002441008,23
2,24,0,0,0,0,0,0,0,1,0.16273393002441008,0
2,24,0,0,0,0,0,0,0,2,0.16273393002441008,0
2,25,0,0,0,0,0,0,0,1,0.16273393002441008,1
2,25,0,0,0,0,0,0,0,2,0.16273393002441008,1
2,26,0,0,0,0,0,0,0,1,0.16273393002441008,2
2,26,0,0,0,0,0,0,0,2,0.16273393002441008,2
2,27,0,0,0,0,0,0,0,1,0.16273393002441008,3
2,27,0,0,0,0,0,0,0,2,0.16273393002441008,3
2,28,0,0,0,0,0,0,0,1,0.16273393002441008,4
2,28,0,0,0,0,0,0,0,2,0.16273393002441008,4
2,29,0,0,0,0,0,0,0,1,0.16273393002441008,5
2,29,0,0,0,0,0,0,0,2,0.16273393002441008,5
2,30,0,0,0,0,0,0,0,1,0.16273393002441008,6
2,30,0,0,0,0,0,0,0,2,0.16273393002441008,6
2,31,0,0,0,0,0,0,0,1,0.16273393002441008,7
2,31,0,0,0,0,0,0,0,2,0.16273393002441008,7
2,32,0,0,0,0,0,0,0,1,0.16273393002441008,8
2,32,0,0,0,0,0,0,0,2,0.16273393002441008,8
2,33,0,0,0,0,0,0,0,1,0.16273393002441008,9
2,33,0,0,0,0,0,0,0,2,0.16273393002441008,9
2,34,0,0,0,0,0,0,0,1,0.16273393002441008,10
2,34,0,0,0,0,0,0,0,2,0.16273393002441008,10
2,35,0,0,0,0,0,0,0,1,0.16273393002441008,11
2,35,0,0,0,0,0,0,0,2,0.16273393002441008,11
2,36,0,0,0,0,0,0,0,1,0.16273393002441008,12
2,36,0,0,0,0,0,0,0,2,0.16273393002441008,12
2,37,0,0,0,0,0,0,0,1,0.16273393002441008,13
2,37,0,0,0,0,0,0,0,2,0.16273393002441008,13
2,38,0,0,0,0,0,0,0,1,0.16273393002441008,14
2,38,0,0,0,0,0,0,0,2,0.16273393002441008,14
2,39,0,0,0,0,0,0,0,1,0.16273393002441008,15
2,39,0,0,0,0,0,0,0,2,0.16273393002441008,15
2,40,0,0,0,0,0,0,0,1,0.16273393002441008,16
2,40,0,0,0,0,0,0,0,2,0.16273393002441008,16
2,41,0,0,0,0,0,0,0,1,0.16273393002441008,17
2,41,0,0,0,0,0,0,0,2,0.16273393002441008,17
2,42,0,0,0,0,0,0,0,1,0.16273393002441008,18
2,42,0,0,0,0,0,0,0,2,0.16273393002441008,18
2,43,0,0,0,0,0,0,0,1,0.16273393002441008,19
2,43,0,0,0,0,0,0,0,2,0.16273393002441008,19
2,44,0,0,0,0,0,0,0,1,0.16273393002441008,20
2,44,0,0,0,0,0,0,0,2,0.16273393002441008,20
2,45,0,0,0,0,0,0,0,1,0.16273393002441008,21
2,45,0,0,0,0,0,0,0,2,0.16273393002441008,21
2,46,0,0,0,0,0,0,0,1,0.16273393002441008,22
2,46,0,0,0,0,0,0,0,2,0.16273393002441008,22
2,47,0,0,0,0,0,0,0,1,0.16273393002441008,23
2,47,0,0,0,0,0,0,0,2,0.16273393002441008,23
2,48,0,0,0,0,0,0,0,1,0.16273393002441008,0
2,48,0,0,0,0,0,0,0,2,0.16273393002441008,0
2,49,0,0,0,0,0,0,0,1,0.16273393002441008,1
2,49,0,0,0,0,0,0,0,2,0.16273393002441008,1
2,50,0,0,0,0,0,0,0,1,0.16273393002441008,2
2,50,0,0,0,0,0,0,0,2,0.16273393002441008,2
2,51,0,0,0,0,0,0,0,1,0.16273393002441008,3
2,51,0,0,0,0,0,0,0,2,0.16273393002441008,3
2,52,0,0,0,0,0,0,0,1,0.16273393002441008,4
2,52,0,0,0,0,0,0,0,2,0.16273393002441008,4
2,53,0,0,0,0,0,0,0,1,0.16273393002441008,5
2,53,0,0,0,0,0,0,0,2,0.16273393002441008,5
2,54,0,0,0,0,0,0,0,1,0.16273393002441008,6
2,54,0,0,0,0,0,0,0,2,0.16273393002441008,6
2,55,0,0,0,0,0,0,0,1,0.16273393002441008,7
2,55,0,0,0,0,0,0,0,2,0.16273393002441008,7
2,56,0,0,0,0,0,0,0,1,0.16273393002441008,8
2,56,0,0,0,0,0,0,0,2,0.16273393002441008,8
2,57,0,0,0,0,0,0,0,1,0.16273393002441008,9
2,57,0,0,0,0,0,0,0,2,0.16273393002441008,9
2,58,0,0,0,0,0,0,0,1,0.16273393002441008,10
2,58,0,0,0,0,0,0,0,2,0.16273393002441008,10
2,59,0,0,0,0,0,0,0,1,0.16273393002441008,11
2,59,0,0,0,0,0,0,0,2,0.16273393002441008,11
2,60,0,0,0,0,0,0,0,1,0.16273393002441008,12
2,60,0,0,0,0,0,0,0,2,0.16273393002441008,12
2,61,0,0,0,0,0,0,0,1,0.16273393002441008,13
2,61,0,0,0,0,0,0,0,2,0.16273393002441008,13
2,62,0,0,0,0,0,0,0,1,0.16273393002441008,14
2,62,0,0,0,0,0,0,0,2,0.16273393002441008,14
2,63,0,0,0,0,0,0,0,1,0.16273393002441008,15
2,63,0,0,0,0,0,0,0,2,0.16273393002441008,15
2,64,0,0,0,0,0,0,0,1,0.16273393002441008,16
2,64,0,0,0,0,0,0,0,2,0.16273393002441008,16
2,65,0,0,0,0,0,0,0,1,0.16273393002441008,17
2,65,0,0,0,0,0,0,0,2,0.16273393002441008,17
2,66,0,0,0,0,0,0,0,1,0.16273393002441008,18
2,66,0,0,0,0,0,0,0,2,0.16273393002441008,18
2,67,0,0,0,0,0,0,0,1,0.16273393002441008,19
2,67,0,0,0,0,0,0,0,2,0.16273393002441008,19
2,68,0,0,0,0,0,0,0,1,0.16273393002441008,20
2,68,0,0,0,0,0,0,0,2,0.16273393002441008,20
2,69,0,0,0,0,0,0,0,1,0.16273393002441008,21
2,69,0,0,0,0,0,0,0,2,0.16273393002441008,21
2,70,0,0,0,0,0,0,0,1,0.16273393002441008,22
2,70,0,0,0,0,0,0,0,2,0.16273393002441008,22
2,71,0,0,0,0,0,0,0,1,0.16273393002441008,23
2,71,0,0,0,0,0,0,0,2,0.16273393002441008,23
2,72,0,0,0,0,0,0,0,1,0.16273393002441008,0
2,72,0,0,0,0,0,0,0,2,0.16273393002441008,0
2,73,0,0,0,0,0,0,0,1,0.16273393002441008,1
2,73,0,0,0,0,0,0,0,2,0.16273393002441008,1
2,74,0,0,0,0,0,0,0,1,0.16273393002441008,2
2,74,0,0,0,0,0,0,0,2,0.16273393002441008,2
2,75,0,0,0,0,0,0,0,1,0.16273393002441008,3
2,75,0,0,0,0,0,0,0,2,0.16273393002441008,3
2,76,0,0,0,0,0,0,0,1,0.16273393002441008,4
2,76,0,0,0,0,0,0,0,2,0.16273393002441008,4
2,77,0,0,0,0,0,0,0,1,0.16273393002441008,5
2,77,0,0,0,0,0,0,0,2,0.16273393002441008,5
2,78,0,0,0,0,0,0,0,1,0.16273393002441008,6
2,78,0,0,0,0,0,0,0,2,0.16273393002441008,6
2,79,0,0,0,0,0,0,0,1,0.16273393002441008,7
2,79,0,0,0,0,0,0,0,2,0.16273393002441008,7
2,80,0,0,0,0,0,0,0,1,0.16273393002441008,8
2,80,0,0,0,0,0,0,0,2,0.16273393002441008,8
2,81,0,0,0,0,0,0,0,1,0.16273393002441008,9
2,81,0,0,0,0,0,0,0,2,0.16273393002441008,9
2,82,0,0,0,0,0,0,0,1,0.16273393002441008,10
2,82,0,0,0,0,0,0,0,2,0.16273393002441008,10
2,83,0,0,0,0,0,0,0,1,0.16273393002441008,11
2,83,0,0,0,0,0,0,0,2,0.16273393002441008,11
2,84,0,0,0,0,0,0,0,1,0.16273393002441008,12
2,84,0,0,0,0,0,0,0,2,0.16273393002441008,12
2,85,0,0,0,0,0,0,0,1,0.16273393002441008,13
2,85,0,0,0,0,0,0,0,2,0.16273393002441008,13
2,86,0,0,0,0,0,0,0,1,0.16273393002441008,14
2,86,0,0,0,0,0,0,0,2,0.16273393002441008,14
2,87,0,0,0,0,0,0,0,1,0.16273393002441008,15
2,87,0,0,0,0,0,0,0,2,0.16273393002441008,15
2,88,0,0,0,0,0,0,0,1,0.16273393002441008,16
2,88,0,0,0,0,0,0,0,2,0.16273393002441008,16
2,89,0,0,0,0,0,0,0,1,0.16273393002441008,17
2,89,0,0,0,0,0,0,0,2,0.16273393002441008,17
2,90,0,0,0,0,0,0,0,1,0.16273393002441008,18
2,90,0,0,0,0,0,0,0,2,0.16273393002441008,18
2,91,0,0,0,0,0,0,0,1,0.16273393002441008,19
2,91,0,0,0,0,0,0,0,2,0.16273393002441008,19
2,92,0,0,0,0,0,0,0,1,0.16273393002441008,20
2,92,0,0,0,0,0,0,0,2,0.16273393002441008,20
2,93,0,0,0,0,0,0,0,1,0.16273393002441008,21
2,93,0,0,0,0,0,0,0,2,0.16273393002441008,21
2,94,0,0,0,0,0,0,0,1,0.16273393002441008,22
2,94,0,0,0,0,0,0,0,2,0.16273393002441008,22
2,95,0,0,0,0,0,0,0,1,0.16273393002441008,23
2,95,0,0,0,0,0,0,0,2,0.16273393002441008,23
2,96,0,0,0,0,0,0,0,1,0.16273393002441008,0
2,96,0,0,0,0,0,0,0,2,0.16273393002441008,0
2,97,0,0,0,0,0,0,0,1,0.16273393002441008,1
2,97,0,0,0,0,0,0,0,2,0.16273393002441008,1
2,98,0,0,0,0,0,0,0,1,0.16273393002441008,2
2,98,0,0,0,0,0,0,0,2,0.16273393002441008,2
2,99,0,0,0,0,0,0,0,1,0.16273393002441008,3
2,99,0,0,0,0,0,0,0,2,0.16273393002441008,3
2,100,0,0,0,0,0,0,0,1,0.16273393002441008,4
2,100,0,0,0,0,0,0,0,2,0.16273393002441008,4
2,101,0,0,0,0,0,0,0,1,0.16273393002441008,5
2,101,0,0,0,0,0,0,0,2,0.16273393002441008,5
2,102,0,0,0,0,0,0,0,1,0.16273393002441008,6
2,102,0,0,0,0,0,0,0,2,0.16273393002441008,6
2,103,0,0,0,0,0,0,0,1,0.16273393002441008,7
2,103,0,0,0,0,0,0,0,2,0.16273393002441008,7
2,104,0,0,0,0,0,0,0,1,0.16273393002441008,8
2,104,0,0,0,0,0,0,0,2,0.16273393002441008,8
2,105,0,0,0,0,0,0,0,1,0.16273393002441008,9
2,105,0,0,0,0,0,0,0,2,0.16273393002441008,9
2,106,0,0,0,0,0,0,0,1,0.16273393002441008,10
2,106,0,0,0,0,0,0,0,2,0.16273393002441008,10
2,107,0,0,0,0,0,0,0,1,0.16273393002441008,11
2,107,0,0,0,0,0,0,0,2,0.16273393002441008,11
2,108,0,0,0,0,0,0,0,1,0.16273393002441008,12
2,108,0,0,0,0,0,0,0,2,0.16273393002441008,12
2,109,0,0,0,0,0,0,0,1,0.16273393002441008,13
2,109,0,0,0,0,0,0,0,2,0.16273393002441008,13
2,110,0,0,0,0,0,0,0,1,0.16273393002441008,14
2,110,0,0,0,0,0,0,0,2,0.16273393002441008,14
2,111,0,0,0,0,0,0,0,1,0.16273393002441008,15
2,111,0,0,0,0,0,0,0,2,0.16273393002441008,15
2,112,0,0,0,0,0,0,0,1,0.16273393002441008,16
2,112,0,0,0,0,0,0,0,2,0.16273393002441008,16
2,113,0,0,0,0,0,0,0,1,0.16273393002441008,17
2,113,0,0,0,0,0,0,0,2,0.16273393002441008,17
2,114,0,0,0,0,0,0,0,1,0.16273393002441008,18
2,114,0,0,0,0,0,0,0,2,0.16273393002441008,18
2,115,0,0,0,0,0,0,0,1,0.16273393002441008,19
2,115,0,0,0,0,0,0,0,2,0.16273393002441008,19
2,116,0,0,0,0,0,0,0,1,0.16273393002441008,20
2,116,0,0,0,0,0,0,0,2,0.16273393002441008,20
2,117,0,0,0,0,0,0,0,1,0.16273393002441008,21
2,117,0,0,0,0,0,0,0,2,0.16273393002441008,21
2,118,0,0,0,0,0,0,0,1,0.16273393002441008,22
2,118,0,0,0,0,0,0,0,2,0.16273393002441008,22
2,119,0,0,0,0,0,0,0,1,0.16273393002441008,23
2,119,0,0,0,0,0,0,0,2,0.16273393002441008,23
2,120,0,0,0,0,0,0,0,1,0.16273393002441008,0
2,120,0,0,0,0,0,0,0,2,0.16273393002441008,0
2,121,0,0,0,0,0,0,0,1,0.16273393002441008,1
2,121,0,0,0,0,0,0,0,2,0.16273393002441008,1
2,122,0,0,0,0,0,0,0,1,0.16273393002441008,2
2,122,0,0,0,0,0,0,0,2,0.16273393002441008,2
2,123,0,0,0,0,0,0,0,1,0.16273393002441008,3
2,123,0,0,0,0,0,0,0,2,0.16273393002441008,3
2,124,0,0,0,0,0,0,0,1,0.16273393002441008,4
2,124,0,0,0,0,0,0,0,2,0.16273393002441008,4
2,125,0,0,0,0,0,0,0,1,0.16273393002441008,5
2,125,0,0,0,0,0,0,0,2,0.16273393002441008,5
2,126,0,0,0,0,0,0,0,1,0.16273393002441008,6
2,126,0,0,0,0,0,0,0,2,0.16273393002441008,6
2,127,0,0,0,0,0,0,0,1,0.16273393002441008,7
2,127,0,0,0,0,0,0,0,2,0.16273393002441008,7
2,128,0,0,0,0,0,0,0,1,0.16273393002441008,8
2,128,0,0,0,0,0,0,0,2,0.16273393002441008,8
2,129,0,0,0,0,0,0,0,1,0.16273393002441008,9
2,129,0,0,0,0,0,0,0,2,0.16273393002441008,9
2,130,0,0,0,0,0,0,0,1,0.16273393002441008,10
2,130,0,0,0,0,0,0,0,2,0.16273393002441008,10
2,131,0,0,0,0,0,0,0,1,0.16273393002441008,11
2,131,0,0,0,0,0,0,0,2,0.16273393002441008,11
2,132,0,0,0,0,0,0,0,1,0.16273393002441008,12
2,132,0,0,0,0,0,0,0,2,0.16273393002441008,12
2,133,0,0,0,0,0,0,0,1,0.16273393002441008,13
2,133,0,0,0,0,0,0,0,2,0.16273393002441008,13
2,134,0,0,0,0,0,0,0,1,0.16273393002441008,14
2,134,0,0,0,0,0,0,0,2,0.16273393002441008,14
2,135,0,0,0,0,0,0,0,1,0.16273393002441008,15
2,135,0,0,0,0,0,0,0,2,0.16273393002441008,15
2,136,0,0,0,0,0,0,0,1,0.16273393002441008,16
2,136,0,0,0,0,0,0,0,2,0.16273393002441008,16
2,137,0,0,0,0,0,0,0,1,0.16273393002441008,17
2,137,0,0,0,0,0,0,0,2,0.16273393002441008,17
2,138,0,0,0,0,0,0,0,1,0.16273393002441008,18
2,138,0,0,0,0,0,0,0,2,0.16273393002441008,18
2,139,0,0,0,0,0,0,0,1,0.16273393002441008,19
2,139,0,0,0,0,0,0,0,2,0.16273393002441008,19
2,140,0,0,0,0,0,0,0,1,0.16273393002441008,20
2,140,0,0,0,0,0,0,0,2,0.16273393002441008,20
2,141,0,0,0,0,0,0,0,1,0.16273393002441008,21
2,141,0,0,0,0,0,0,0,2,0.16273393002441008,21
2,142,0,0,0,0,0,0,0,1,0.16273393002441008,22
2,142,0,0,0,0,0,0,0,2,0.16273393002441008,22
2,143,0,0,0,0,0,0,0,1,0.16273393002441008,23
2,143,0,0,0,0,0,0,0,2,0.16273393002441008,23
2,144,0,0,0,0,0,0,0,1,0.16273393002441008,0
2,144,0,0,0,0,0,0,0,2,0.16273393002441008,0
2,145,0,0,0,0,0,0,0,1,0.16273393002441008,1
2,145,0,0,0,0,0,0,0,2,0.16273393002441008,1
2,146,0,0,0,0,0,0,0,1,0.16273393002441008,2
2,146,0,0,0,0,0,0,0,2,0.16273393002441008,2
2,147,0,0,0,0,0,0,0,1,0.16273393002441008,3
2,147,0,0,0,0,0,0,0,2,0.16273393002441008,3
2,148,0,0,0,0,0,0,0,1,0.16273393002441008,4
2,148,0,0,0,0,0,0,0,2,0.16273393002441008,4
2,149,0,0,0,0,0,0,0,1,0.16273393002441008,5
2,149,0,0,0,0,0,0,0,2,0.16273393002441008,5
2,150,0,0,0,0,0,0,0,1,0.16273393002441008,6
2,150,0,0,0,0,0,0,0,2,0.16273393002441008,6
2,151,0,0,0,0,0,0,0,1,0.16273393002441008,7
2,151,0,0,0,0,0,0,0,2,0.16273393002441008,7
2,152,0,0,0,0,0,0,0,1,0.16273393002441008,8
2,152,0,0,0,0,0,0,0,2,0.16273393002441008,8
2,153,0,0,0,0,0,0,0,1,0.16273393002441008,9
2,153,0,0,0,0,0,0,0,2,0.16273393002441008,9
2,154,0,0,0,0,0,0,0,1,0.16273393002441008,10
2,154,0,0,0,0,0,0,0,2,0.16273393002441008,10
2,155,0,0,0,0,0,0,0,1,0.16273393002441008,11
2,155,0,0,0,0,0,0,0,2,0.16273393002441008,11
2,156,0,0,0,0,0,0,0,1,0.16273393002441008,12
2,156,0,0,0,0,0,0,0,2,0.16273393002441008,12
2,157,0,0,0,0,0,0,0,1,0.16273393002441008,13
2,157,0,0,0,0,0,0,0,2,0.16273393002441008,13
2,158,0,0,0,0,0,0,0,1,0.16273393002441008,14
2,158,0,0,0,0,0,0,0,2,0.16273393002441008,14
2,159,0,0,0,0,0,0,0,1,0.16273393002441008,15
2,159,0,0,0,0,0,0,0,2,0.16273393002441008,15
2,160,0,0,0,0,0,0,0,1,0.16273393002441008,16
2,160,0,0,0,0,0,0,0,2,0.16273393002441008,16
2,161,0,0,0,0,0,0,0,1,0.16273393002441008,17
2,161,0,0,0,0,0,0,0,2,0.16273393002441008,17
2,162,0,0,0,0,0,0,0,1,0.16273393002441008,18
2,162,0,0,0,0,0,0,0,2,0.16273393002441008,18
2,163,0,0,0,0,0,0,0,1,0.16273393002441008,19
2,163,0,0,0,0,0,0,0,2,0.16273393002441008,19
2,164,0,0,0,0,0,0,0,1,0.16273393002441008,20
2,164,0,0,0,0,0,0,0,2,0.16273393002441008,20
2,165,0,0,0,0,0,0,0,1,0.16273393002441008,21
2,165,0,0,0,0,0,0,0,2,0.16273393002441008,21
2,166,0,0,0,0,0,0,0,1,0.16273393002441008,22
2,166,0,0,0,0,0,0,0,2,0.16273393002441008,22
2,167,0,0,0,0,0,0,0,1,0.16273393002441008,23
2,167,0,0,0,0,0,0,0,2,0.16273393002441008,23
2,168,0,0,0,0,0,0,0,1,0.16273393002441008,0
2,168,0,0,0,0,0,0,0,2,0.16273393002441008,0
2,169,0,0,0,0,0,0,0,1,0.16273393002441008,1
2,169,0,0,0,0,0,0,0,2,0.16273393002441008,1
2,170,0,0,0,0,0,0,0,1,0.16273393002441008,2
2,170,0,0,0,0,0,0,0,2,0.16273393002441008,2
2,171,0,0,0,0,0,0,0,1,0.16273393002441008,3
2,171,0,0,0,0,0,0,0,2,0.16273393002441008,3
2,172,0,0,0,0,0,0,0,1,0.16273393002441008,4
2,172,0,0,0,0,0,0,0,2,0.16273393002441008,4
2,173,0,0,0,0,0,0,0,1,0.16273393002441008,5
2,173,0,0,0,0,0,0,0,2,0.16273393002441008,5
2,174,0,0,0,0,0,0,0,1,0.16273393002441008,6
2,174,0,0,0,0,0,0,0,2,0.16273393002441008,6
2,175,0,0,0,0,0,0,0,1,0.16273393002441008,7
2,175,0,0,0,0,0,0,0,2,0.16273393002441008,7
2,176,0,0,0,0,0,0,0,1,0.16273393002441008,8
2,176,0,0,0,0,0,0,0,2,0.16273393002441008,8
2,177,0,0,0,0,0,0,0,1,0.16273393002441008,9
2,177,0,0,0,0,0,0,0,2,0.16273393002441008,9
2,178,0,0,0,0,0,0,0,1,0.16273393002441008,10
2,178,0,0,0,0,0,0,0,2,0.16273393002441008,10
2,179,0,0,0,0,0,0,0,1,0.16273393002441008,11
2,179,0,0,0,0,0,0,0,2,0.16273393002441008,11
2,180,0,0,0,0,0,0,0,1,0.16273393002441008,12
2,180,0,0,0,0,0,0,0,2,0.16273393002441008,12
2,181,0,0,0,0,0,0,0,1,0.16273393002441008,13
2,181,0,0,0,0,0,0,0,2,0.16273393002441008,13
2,182,0,0,0,0,0,0,0,1,0.16273393002441008,14
2,182,0,0,0,0,0,0,0,2,0.16273393002441008,14
2,183,0,0,0,0,0,0,0,1,0.16273393002441008,15
2,183,0,0,0,0,0,0,0,2,0.16273393002441008,15
2,184,0,0,0,0,0,0,0,1,0.16273393002441008,16
2,184,0,0,0,0,0,0,0,2,0.16273393002441008,16
2,185,0,0,0,0,0,0,0,1,0.16273393002441008,17
2,185,0,0,0,0,0,0,0,2,0.16273393002441008,17
2,186,0,0,0,0,0,0,0,1,0.16273393002441008,18
2,186,0,0,0,0,0,0,0,2,0.16273393002441008,18
2,187,0,0,0,0,0,0,0,1,0.16273393002441008,19
2,187,0,0,0,0,0,0,0,2,0.16273393002441008,19
2,188,0,0,0,0,0,0,0,1,0.16273393002441008,20
2,188,0,0,0,0,0,0,0,2,0.16273393002441008,20
2,189,0,0,0,0,0,0,0,1,0.16273393002441008,21
2,189,0,0,0,0,0,0,0,2,0.16273393002441008,21
2,190,0,0,0,0,0,0,0,1,0.16273393002441008,22
2,190,0,0,0,0,0,0,0,2,0.16273393002441008,22
2,191,0,0,0,0,0,0,0,1,0.16273393002441008,23
2,191,0,0,0,0,0,0,0,2,0.16273393002441008,23
2,192,0,0,0,0,0,0,0,1,0.16273393002441008,0
2,192,0,0,0,0,0,0,0,2,0.16273393002441008,0
2,193,0,0,0,0,0,0,0,1,0.16273393002441008,1
2,193,0,0,0,0,0,0,0,2,0.16273393002441008,1
2,194,0,0,0,0,0,0,0,1,0.16273393002441008,2
2,194,0,0,0,0,0,0,0,2,0.16273393002441008,2
2,195,0,0,0,0,0,0,0,1,0.16273393002441008,3
2,195,0,0,0,0,0,0,0,2,0.16273393002441008,3
2,196,0,0,0,0,0,0,0,1,0.16273393002441008,4
2,196,0,0,0,0,0,0,0,2,0.16273393002441008,4
2,197,0,0,0,0,0,0,0,1,0.16273393002441008,5
2,197,0,0,0,0,0,0,0,2,0.16273393002441008,5
2,198,0,0,0,0,0,0,0,1,0.16273393002441008,6
2,198,0,0,0,0,0,0,0,2,0.16273393002441008,6
2,199,0,0,0,0,0,0,0,1,0.16273393002441008,7
2,199,0,0,0,0,0,0,0,2,0.16273393002441008,7
2,200,0,0,0,0,0,0,0,1,0.16273393002441008,8
2,200,0,0,0,0,0,0,0,2,0.16273393002441008,8
2,201,0,0,0,0,0,0,0,1,0.16273393002441008,9
2,201,0,0,0,0,0,0,0,2,0.16273393002441008,9
2,202,0,0,0,0,0,0,0,1,0.16273393002441008,10
2,202,0,0,0,0,0,0,0,2,0.16273393002441008,10
2,203,0,0,0,0,0,0,0,1,0.16273393002441008,11
2,203,0,0,0,0,0,0,0,2,0.16273393002441008,11
2,204,0,0,0,0,0,0,0,1,0.16273393002441008,12
2,204,0,0,0,0,0,0,0,2,0.16273393002441008,12
2,205,0,0,0,0,0,0,0,1,0.16273393002441008,13
2,205,0,0,0,0,0,0,0,2,0.16273393002441008,13
2,206,0,0,0,0,0,0,0,1,0.16273393002441008,14
2,206,0,0,0,0,0,0,0,2,0.16273393002441008,14
2,207,0,0,0,0,0,0,0,1,0.16273393002441008,15
2,207,0,0,0,0,0,0,0,2,0.16273393002441008,15
2,208,0,0,0,0,0,0,0,1,0.16273393002441008,16
2,208,0,0,0,0,0,0,0,2,0.16273393002441008,16
2,209,0,0,0,0,0,0,0,1,0.16273393002441008,17
2,209,0,0,0,0,0,0,0,2,0.16273393002441008,17
2,210,0,0,0,0,0,0,0,1,0.16273393002441008,18
2,210,0,0,0,0,0,0,0,2,0.16273393002441008,18
2,211,0,0,0,0,0,0,0,1,0.16273393002441008,19
2,211,0,0,0,0,0,0,0,2,0.16273393002441008,19
2,212,0,0,0,0,0,0,0,1,0.16273393002441008,20
2,212,0,0,0,0,0,0,0,2,0.16273393002441008,20
2,213,0,0,0,0,0,0,0,1,0.16273393002441008,21
2,213,0,0,0,0,0,0,0,2,0.16273393002441008,21
2,214,0,0,0,0,0,0,0,1,0.16273393002441008,22
2,214,0,0,0,0,0,0,0,2,0.16273393002441008,22
2,215,0,0,0,0,0,0,0,1,0.16273393002441008,23
2,215,0,0,0,0,0,0,0,2,0.16273393002441008,23
2,216,0,0,0,0,0,0,0,1,0.16273393002441008,0
2,216,0,0,0,0,0,0,0,2,0.16273393002441008,0
2,217,0,0,0,0,0,0,0,1,0.16273393002441008,1
2,217,0,0,0,0,0,0,0,2,0.16273393002441008,1
2,218,0,0,0,0,0,0,0,1,0.16273393002441008,2
2,218,0,0,0,0,0,0,0,2,0.16273393002441008,2
2,219,0,0,0,0,0,0,0,1,0.16273393002441008,3
2,219,0,0,0,0,0,0,0,2,0.16273393002441008,3
2,220,0,0,0,0,0,0,0,1,0.16273393002441008,4
2,220,0,0,0,0,0,0,0,2,0.16273393002441008,4
2,221,0,0,0,0,0,0,0,1,0.16273393002441008,5
2,221,0,0,0,0,0,0,0,2,0.16273393002441008,5
2,222,0,0,0,0,0,0,0,1,0.16273393002441008,6
2,222,0,0,0,0,0,0,0,2,0.16273393002441008,6
2,223,0,0,0,0,0,0,0,1,0.16273393002441008,7
2,223,0,0,0,0,0,0,0,2,0.16273393002441008,7
2,224,0,0,0,0,0,0,0,1,0.16273393002441008,8
2,224,0,0,0,0,0,0,0,2,0.16273393002441008,8
2,225,0,0,0,0,0,0,0,1,0.16273393002441008,9
2,225,0,0,0,0,0,0,0,2,0.16273393002441008,9
2,226,0,0,0,0,0,0,0,1,0.16273393002441008,10
2,226,0,0,0,0,0,0,0,2,0.16273393002441008,10
2,227,0,0,0,0,0,0,0,1,0.16273393002441008,11
2,227,0,0,0,0,0,0,0,2,0.16273393002441008,11
2,228,0,0,0,0,0,0,0,1,0.16273393002441008,12
2,228,0,0,0,0,0,0,0,2,0.16273393002441008,12
2,229,0,0,0,0,0,0,0,1,0.16273393002441008,13
2,229,0,0,0,0,0,0,0,2,0.16273393002441008,13
2,230,0,0,0,0,0,0,0,1,0.16273393002441008,14
2,230,0,0,0,0,0,0,0,2,0.16273393002441008,14
2,231,0,0,0,0,0,0,0,1,0.16273393002441008,15
2,231,0,0,0,0,0,0,0,2,0.16273393002441008,15
2,232,0,0,0,0,0,0,0,1,0.16273393002441008,16
2,232,0,0,0,0,0,0,0,2,0.16273393002441008,16
2,233,0,0,0,0,0,0,0,1,0.16273393002441008,17
2,233,0,0,0,0,0,0,0,2,0.16273393002441008,17
2,234,0,0,0,0,0,0,0,1,0.16273393002441008,18
2,234,0,0,0,0,0,0,0,2,0.16273393002441008,18
2,235,0,0,0,0,0,0,0,1,0.16273393002441008,19
2,235,0,0,0,0,0,0,0,2,0.16273393002441008,19
2,236,0,0,0,0,0,0,0,1,0.16273393002441008,20
2,236,0,0,0,0,0,0,0,2,0.16273393002441008,20
2,237,0,0,0,0,0,0,0,1,0.16273393002441008,21
2,237,0,0,0,0,0,0,0,2,0.16273393002441008,21
2,238,0,0,0,0,0,0,0,1,0.16273393002441008,22
2,238,0,0,0,0,0,0,0,2,0.16273393002441008,22
2,239,0,0,0,0,0,0,0,1,0.16273393002441008,23
2,239,0,0,0,0,0,0,0,2,0.16273393002441008,23
2,240,0,0,0,0,0,0,0,1,0.16273393002441008,0
2,240,0,0,0,0,0,0,0,2,0.16273393002441008,0
2,241,0,0,0,0,0,0,0,1,0.16273393002441008,1
2,241,0,0,0,0,0,0,0,2,0.16273393002441008,1
2,242,0,0,0,0,0,0,0,1,0.16273393002441008,2
2,242,0,0,0,0,0,0,0,2,0.16273393002441008,2
2,243,0,0,0,0,0,0,0,1,0.16273393002441008,3
2,243,0,0,0,0,0,0,0,2,0.16273393002441008,3
2,244,0,0,0,0,0,0,0,1,0.16273393002441008,4
2,244,0,0,0,0,0,0,0,2,0.16273393002441008,4
2,245,0,0,0,0,0,0,0,1,0.16273393002441008,5
2,245,0,0,0,0,0,0,0,2,0.16273393002441008,5
2,246,0,0,0,0,0,0,0,1,0.16273393002441008,6
2,246,0,0,0,0,0,0,0,2,0.16273393002441008,6
2,247,0,0,0,0,0,0,0,1,0.16273393002441008,7
2,247,0,0,0,0,0,0,0,2,0.16273393002441008,7
2,248,0,0,0,0,0,0,0,1,0.16273393002441008,8
2,248,0,0,0,0,0,0,0,2,0.16273393002441008,8
2,249,0,0,0,0,0,0,0,1,0.16273393002441008,9
2,249,0,0,0,0,0,0,0,2,0.16273393002441008,9
2,250,0,0,0,0,0,0,0,1,0.16273393002441008,10
2,250,0,0,0,0,0,0,0,2,0.16273393002441008,10
2,251,0,0,0,0,0,0,0,1,0.16273393002441008,11
2,251,0,0,0,0,0,0,0,2,0.16273393002441008,11
2,252,0,0,0,0,0,0,0,1,0.16273393002441008,12
2,252,0,0,0,0,0,0,0,2,0.16273393002441008,12
2,253,0,0,0,0,0,0,0,1,0.16273393002441008,13
2,253,0,0,0,0,0,0,0,2,0.16273393002441008,13
2,254,0,0,0,0,0,0,0,1,0.16273393002441008,14
2,254,0,0,0,0,0,0,0,2,0.16273393002441008,14
2,255,0,0,0,0,0,0,0,1,0.16273393002441008,15
2,255,0,0,0,0,0,0,0,2,0.16273393002441008,15
2,256,0,0,0,0,0,0,0,1,0.16273393002441008,16
2,256,0,0,0,0,0,0,0,2,0.16273393002441008,16
2,257,0,0,0,0,0,0,0,1,0.16273393002441008,17
2,257,0,0,0,0,0,0,0,2,0.16273393002441008,17
2,258,0,0,0,0,0,0,0,1,0.16273393002441008,18
2,258,0,0,0,0,0,0,0,2,0.16273393002441008,18
2,259,0,0,0,0,0,0,0,1,0.16273393002441008,19
2,259,0,0,0,0,0,0,0,2,0.16273393002441008,19
2,260,0,0,0,0,0,0,0,1,0.16273393002441008,20
2,260,0,0,0,0,0,0,0,2,0.16273393002441008,20
2,261,0,0,0,0,0,0,0,1,0.16273393002441008,21
2,261,0,0,0,0,0,0,0,2,0.16273393002441008,21
2,262,0,0,0,0,0,0,0,1,0.16273393002441008,22
2,262,0,0,0,0,0,0,0,2,0.16273393002441008,22
2,263,0,0,0,0,0,0,0,1,0.16273393002441008,23
2,263,0,0,0,0,0,0,0,2,0.16273393002441008,23
2,264,0,0,0,0,0,0,0,1,0.16273393002441008,0
2,264,0,0,0,0,0,0,0,2,0.16273393002441008,0
2,265,0,0,0,0,0,0,0,1,0.16273393002441008,1
2,265,0,0,0,0,0,0,0,2,0.16273393002441008,1
2,266,0,0,0,0,0,0,0,1,0.16273393002441008,2
2,266,0,0,0,0,0,0,0,2,0.16273393002441008,2
2,267,0,0,0,0,0,0,0,1,0.16273393002441008,3
2,267,0,0,0,0,0,0,0,2,0.16273393002441008,3
2,268,0,0,0,0,0,0,0,1,0.16273393002441008,4
2,268,0,0,0,0,0,0,0,2,0.16273393002441008,4
2,269,0,0,0,0,0,0,0,1,0.16273393002441008,5
2,269,0,0,0,0,0,0,0,2,0.16273393002441008,5
2,270,0,0,0,0,0,0,0,1,0.16273393002441008,6
2,270,0,0,0,0,0,0,0,2,0.16273393002441008,6
2,271,0,0,0,0,0,0,0,1,0.16273393002441008,7
2,271,0,0,0,0,0,0,0,2,0.16273393002441008,7
2,272,0,0,0,0,0,0,0,1,0.16273393002441008,8
2,272,0,0,0,0,0,0,0,2,0.16273393002441008,8
2,273,0,0,0,0,0,0,0,1,0.16273393002441008,9
2,273,0,0,0,0,0,0,0,2,0.16273393002441008,9
2,274,0,0,0,0,0,0,0,1,0.16273393002441008,10
2,274,0,0,0,0,0,0,0,2,0.16273393002441008,10
2,275,0,0,0,0,0,0,0,1,0.16273393002441008,11
2,275,0,0,0,0,0,0,0,2,0.16273393002441008,11
2,276,0,0,0,0,0,0,0,1,0.16273393002441008,12
2,276,0,0,0,0,0,0,0,2,0.16273393002441008,12
2,277,0,0,0,0,0,0,0,1,0.16273393002441008,13
2,277,0,0,0,0,0,0,0,2,0.16273393002441008,13
2,278,0,0,0,0,0,0,0,1,0.16273393002441008,14
2,278,0,0,0,0,0,0,0,2,0.16273393002441008,14
2,279,0,0,0,0,0,0,0,1,0.16273393002441008,15
2,279,0,0,0,0,0,0,0,2,0.16273393002441008,15
2,280,0,0,0,0,0,0,0,1,0.16273393002441008,16
2,280,0,0,0,0,0,0,0,2,0.16273393002441008,16
2,281,0,0,0,0,0,0,0,1,0.16273393002441008,17
2,281,0,0,0,0,0,0,0,2,0.16273393002441008,17
2,282,0,0,0,0,0,0,0,1,0.16273393002441008,18
2,282,0,0,0,0,0,0,0,2,0.16273393002441008,18
2,283,0,0,0,0,0,0,0,1,0.16273393002441008,19
2,283,0,0,0,0,0,0,0,2,0.16273393002441008,19
2,284,0,0,0,0,0,0,0,1,0.16273393002441008,20
2,284,0,0,0,0,0,0,0,2,0.16273393002441008,20
2,285,0,0,0,0,0,0,0,1,0.16273393002441008,21
2,285,0,0,0,0,0,0,0,2,0.16273393002441008,21
2,286,0,0,0,0,0,0,0,1,0.16273393002441008,22
2,286,0,0,0,0,0,0,0,2,0.16273393002441008,22
2,287,0,0,0,0,0,0,0,1,0.16273393002441008,23
2,287,0,0,0,0,0,0,0,2,0.16273393002441008,23
2,288,0,0,0,0,0,0,0,1,0.16273393002441008,0
2,288,0,0,0,0,0,0,0,2,0.16273393002441008,0
2,289,0,0,0,0,0,0,0,1,0.16273393002441008,1
2,289,0,0,0,0,0,0,0,2,0.16273393002441008,1
2,290,0,0,0,0,0,0,0,1,0.16273393002441008,2
2,290,0,0,0,0,0,0,0,2,0.16273393002441008,2
2,291,0,0,0,0,0,0,0,1,0.16273393002441008,3
2,291,0,0,0,0,0,0,0,2,0.16273393002441008,3
2,292,0,0,0,0,0,0,0,1,0.16273393002441008,4
2,292,0,0,0,0,0,0,0,2,0.16273393002441008,4
2,293,0,0,0,0,0,0,0,1,0.16273393002441008,5
2,293,0,0,0,0,0,0,0,2,0.16273393002441008,5
2,294,0,0,0,0,0,0,0,1,0.16273393002441008,6
2,294,0,0,0,0,0,0,0,2,0.16273393002441008,6
2,295,0,0,0,0,0,0,0,1,0.16273393002441008,7
2,295,0,0,0,0,0,0,0,2,0.16273393002441008,7
2,296,0,0,0,0,0,0,0,1,0.16273393002441008,8
2,296,0,0,0,0,0,0,0,2,0.16273393002441008,8
2,297,0,0,0,0,0,0,0,1,0.16273393002441008,9
2,297,0,0,0,0,0,0,0,2,0.16273393002441008,9
2,298,0,0,0,0,0,0,0,1,0.16273393002441008,10
2,298,0,0,0,0,0,0,0,2,0.16273393002441008,10
2,299,0,0,0,0,0,0,0,1,0.16273393002441008,11
2,299,0,0,0,0,0,0,0,2,0.16273393002441008,11
2,300,0,0,0,0,0,0,0,1,0.16273393002441008,12
2,300,0,0,0,0,0,0,0,2,0.16273393002441008,12
2,301,0,0,0,0,0,0,0,1,0.16273393002441008,13
2,301,0,0,0,0,0,0,0,2,0.16273393002441008,13
2,302,0,0,0,0,0,0,0,1,0.16273393002441008,14
2,302,0,0,0,0,0,0,0,2,0.16273393002441008,14
2,303,0,0,0,0,0,0,0,1,0.16273393002441008,15
2,303,0,0,0,0,0,0,0,2,0.16273393002441008,15
2,304,0,0,0,0,0,0,0,1,0.16273393002441008,16
2,304,0,0,0,0,0,0,0,2,0.16273393002441008,16
2,305,0,0,0,0,0,0,0,1,0.16273393002441008,17
2,305,0,0,0,0,0,0,0,2,0.16273393002441008,17
2,306,0,0,0,0,0,0,0,1,0.16273393002441008,18
2,306,0,0,0,0,0,0,0,2,0.16273393002441008,18
2,307,0,0,0,0,0,0,0,1,0.16273393002441008,19
2,307,0,0,0,0,0,0,0,2,0.16273393002441008,19
2,308,0,0,0,0,0,0,0,1,0.16273393002441008,20
2,308,0,0,0,0,0,0,0,2,0.16273393002441008,20
2,309,0,0,0,0,0,0,0,1,0.16273393002441008,21
2,309,0,0,0,0,0,0,0,2,0.16273393002441008,21
2,310,0,0,0,0,0,0,0,1,0.16273393002441008,22
2,310,0,0,0,0,0,0,0,2,0.16273393002441008,22
2,311,0,0,0,0,0,0,0,1,0.16273393002441008,23
2,311,0,0,0,0,0,0,0,2,0.16273393002441008,23
2,312,0,0,0,0,0,0,0,1,0.16273393002441008,0
2,312,0,0,0,0,0,0,0,2,0.16273393002441008,0
2,313,0,0,0,0,0,0,0,1,0.16273393002441008,1
2,313,0,0,0,0,0,0,0,2,0.16273393002441008,1
2,314,0,0,0,0,0,0,0,1,0.16273393002441008,2
2,314,0,0,0,0,0,0,0,2,0.16273393002441008,2
2,315,0,0,0,0,0,0,0,1,0.16273393002441008,3
2,315,0,0,0,0,0,0,0,2,0.16273393002441008,3
2,316,0,0,0,0,0,0,0,1,0.16273393002441008,4
2,316,0,0,0,0,0,0,0,2,0.16273393002441008,4
2,317,0,0,0,0,0,0,0,1,0.16273393002441008,5
2,317,0,0,0,0,0,0,0,2,0.16273393002441008,5
2,318,0,0,0,0,0,0,0,1,0.16273393002441008,6
2,318,0,0,0,0,0,0,0,2,0.16273393002441008,6
2,319,0,0,0,0,0,0,0,1,0.16273393002441008,7
2,319,0,0,0,0,0,0,0,2,0.16273393002441008,7
2,320,0,0,0,0,0,0,0,1,0.16273393002441008,8
2,320,0,0,0,0,0,0,0,2,0.16273393002441008,8
2,321,0,0,0,0,0,0,0,1,0.16273393002441008,9
2,321,0,0,0,0,0,0,0,2,0.16273393002441008,9
2,322,0,0,0,0,0,0,0,1,0.16273393002441008,10
2,322,0,0,0,0,0,0,0,2,0.16273393002441008,10
2,323,0,0,0,0,0,0,0,1,0.16273393002441008,11
2,323,0,0,0,0,0,0,0,2,0.16273393002441008,11
2,324,0,0,0,0,0,0,0,1,0.16273393002441008,12
2,324,0,0,0,0,0,0,0,2,0.16273393002441008,12
2,325,0,0,0,0,0,0,0,1,0.16273393002441008,13
2,325,0,0,0,0,0,0,0,2,0.16273393002441008,13
2,326,0,0,0,0,0,0,0,1,0.16273393002441008,14
2,326,0,0,0,0,0,0,0,2,0.16273393002441008,14
2,327,0,0,0,0,0,0,0,1,0.16273393002441008,15
2,327,0,0,0,0,0,0,0,2,0.16273393002441008,15
2,328,0,0,0,0,0,0,0,1,0.16273393002441008,16
2,328,0,0,0,0,0,0,0,2,0.16273393002441008,16
2,329,0,0,0,0,0,0,0,1,0.16273393002441008,17
2,329,0,0,0,0,0,0,0,2,0.16273393002441008,17
2,330,0,0,0,0,0,0,0,1,0.16273393002441008,18
2,330,0,0,0,0,0,0,0,2,0.16273393002441008,18
2,331,0,0,0,0,0,0,0,1,0.16273393002441008,19
2,331,0,0,0,0,0,0,0,2,0.16273393002441008,19
2,332,0,0,0,0,0,0,0,1,0.16273393002441008,20
2,332,0,0,0,0,0,0,0,2,0.16273393002441008,20
2,333,0,0,0,0,0,0,0,1,0.16273393002441008,21
2,333,0,0,0,0,0,0,0,2,0.16273393002441008,21
2,334,0,0,0,0,0,0,0,1,0.16273393002441008,22
2,334,0,0,0,0,0,0,0,2,0.16273393002441008,22
2,335,0,0,0,0,0,0,0,1,0.16273393002441008,23
2,335,0,0,0,0,0,0,0,2,0.16273393002441008,23
2,336,0,0,0,0,0,0,0,1,0.16273393002441008,0
2,336,0,0,0,0,0,0,0,2,0.16273393002441008,0
2,337,0,0,0,0,0,0,0,1,0.16273393002441008,1
2,337,0,0,0,0,0,0,0,2,0.16273393002441008,1
2,338,0,0,0,0,0,0,0,1,0.16273393002441008,2
2,338,0,0,0,0,0,0,0,2,0.16273393002441008,2
2,339,0,0,0,0,0,0,0,1,0.16273393002441008,3
2,339,0,0,0,0,0,0,0,2,0.16273393002441008,3
2,340,0,0,0,0,0,0,0,1,0.16273393002441008,4
2,340,0,0,0,0,0,0,0,2,0.16273393002441008,4
2,341,0,0,0,0,0,0,0,1,0.16273393002441008,5
2,341,0,0,0,0,0,0,0,2,0.16273393002441008,5
2,342,0,0,0,0,0,0,0,1,0.16273393002441008,6
2,342,0,0,0,0,0,0,0,2,0.16273393002441008,6
2,343,0,0,0,0,0,0,0,1,0.16273393002441008,7
2,343,0,0,0,0,0,0,0,2,0.16273393002441008,7
2,344,0,0,0,0,0,0,0,1,0.16273393002441008,8
2,344,0,0,0,0,0,0,0,2,0.16273393002441008,8
2,345,0,0,0,0,0,0,0,1,0.16273393002441008,9
2,345,0,0,0,0,0,0,0,2,0.16273393002441008,9
2,346,0,0,0,0,0,0,0,1,0.16273393002441008,10
2,346,0,0,0,0,0,0,0,2,0.16273393002441008,10
2,347,0,0,0,0,0,0,0,1,0.16273393002441008,11
2,347,0,0,0,0,0,0,0,2,0.16273393002441008,11
2,348,0,0,0,0,0,0,0,1,0.16273393002441008,12
2,348,0,0,0,0,0,0,0,2,0.16273393002441008,12
2,349,0,0,0,0,0,0,0,1,0.16273393002441008,13
2,349,0,0,0,0,0,0,0,2,0.16273393002441008,13
2,350,0,0,0,0,0,0,0,1,0.16273393002441008,14
2,350,0,0,0,0,0,0,0,2,0.16273393002441008,14
2,351,0,0,0,0,0,0,0,1,0.16273393002441008,15
2,351,0,0,0,0,0,0,0,2,0.16273393002441008,15
2,352,0,0,0,0,0,0,0,1,0.16273393002441008,16
2,352,0,0,0,0,0,0,0,2,0.16273393002441008,16
2,353,0,0,0,0,0,0,0,1,0.16273393002441008,17
2,353,0,0,0,0,0,0,0,2,0.16273393002441008,17
2,354,0,0,0,0,0,0,0,1,0.16273393002441008,18
2,354,0,0,0,0,0,0,0,2,0.16273393002441008,18
2,355,0,0,0,0,0,0,0,1,0.16273393002441008,19
2,355,0,0,0,0,0,0,0,2,0.16273393002441008,19
2,356,0,0,0,0,0,0,0,1,0.16273393002441008,20
2,356,0,0,0,0,0,0,0,2,0.16273393002441008,20
2,357,0,0,0,0,0,0,0,1,0.16273393002441008,21
2,357,0,0,0,0,0,0,0,2,0.16273393002441008,21
2,358,0,0,0,0,0,0,0,1,0.16273393002441008,22
2,358,0,0,0,0,0,0,0,2,0.16273393002441008,22
2,359,0,0,0,0,0,0,0,1,0.16273393002441008,23
2,359,0,0,0,0,0,0,0,2,0.16273393002441008,23
2,360,0,0,0,0,0,0,0,1,0.16273393002441008,0
2,360,0,0,0,0,0,0,0,2,0.16273393002441008,0
2,361,0,0,0,0,0,0,0,1,0.16273393002441008,1
2,361,0,0,0,0,0,0,0,2,0.16273393002441008,1
2,362,0,0,0,0,0,0,0,1,0.16273393002441008,2
2,362,0,0,0,0,0,0,0,2,0.16273393002441008,2
2,363,0,0,0,0,0,0,0,1,0.16273393002441008,3
2,363,0,0,0,0,0,0,0,2,0.16273393002441008,3
2,364,0,0,0,0,0,0,0,1,0.16273393002441008,4
2,364,0,0,0,0,0,0,0,2,0.16273393002441008,4
2,365,0,0,0,0,0,0,0,1,0.16273393002441008,5
2,365,0,0,0,0,0,0,0,2,0.16273393002441008,5
2,366,0,0,0,0,0,0,0,1,0.16273393002441008,6
2,366,0,0,0,0,0,0,0,2,0.16273393002441008,6
2,367,0,0,0,0,0,0,0,1,0.16273393002441008,7
2,367,0,0,0,0,0,0,0,2,0.16273393002441008,7
2,368,0,0,0,0,0,0,0,1,0.16273393002441008,8
2,368,0,0,0,0,0,0,0,2,0.16273393002441008,8
2,369,0,0,0,0,0,0,0,1,0.16273393002441008,9
2,369,0,0,0,0,0,0,0,2,0.16273393002441008,9
2,370,0,0,0,0,0,0,0,1,0.16273393002441008,10
2,370,0,0,0,0,0,0,0,2,0.16273393002441008,10
2,371,0,0,0,0,0,0,0,1,0.16273393002441008,11
2,371,0,0,0,0,0,0,0,2,0.16273393002441008,11
2,372,0,0,0,0,0,0,0,1,0.16273393002441008,12
2,372,0,0,0,0,0,0,0,2,0.16273393002441008,12
2,373,0,0,0,0,0,0,0,1,0.16273393002441008,13
2,373,0,0,0,0,0,0,0,2,0.16273393002441008,13
2,374,0,0,0,0,0,0,0,1,0.16273393002441008,14
2,374,0,0,0,0,0,0,0,2,0.16273393002441008,14
2,375,0,0,0,0,0,0,0,1,0.16273393002441008,15
2,375,0,0,0,0,0,0,0,2,0.16273393002441008,15
2,376,0,0,0,0,0,0,0,1,0.16273393002441008,16
2,376,0,0,0,0,0,0,0,2,0.16273393002441008,16
2,377,0,0,0,0,0,0,0,1,0.16273393002441008,17
2,377,0,0,0,0,0,0,0,2,0.16273393002441008,17
2,378,0,0,0,0,0,0,0,1,0.16273393002441008,18
2,378,0,0,0,0,0,0,0,2,0.16273393002441008,18
2,379,0,0,0,0,0,0,0,1,0.16273393002441008,19
2,379,0,0,0,0,0,0,0,2,0.16273393002441008,19
2,380,0,0,0,0,0,0,0,1,0.16273393002441008,20
2,380,0,0,0,0,0,0,0,2,0.16273393002441008,20
2,381,0,0,0,0,0,0,0,1,0.16273393002441008,21
2,381,0,0,0,0,0,0,0,2,0.16273393002441008,21
2,382,0,0,0,0,0,0,0,1,0.16273393002441008,22
2,382,0,0,0,0,0,0,0,2,0.16273393002441008,22
2,383,0,0,0,0,0,0,0,1,0.16273393002441008,23
2,383,0,0,0,0,0,0,0,2,0.16273393002441008,23
2,384,0,0,0,0,0,0,0,1,0.16273393002441008,0
2,384,0,0,0,0,0,0,0,2,0.16273393002441008,0
2,385,0,0,0,0,0,0,0,1,0.16273393002441008,1
2,385,0,0,0,0,0,0,0,2,0.16273393002441008,1
2,386,0,0,0,0,0,0,0,1,0.16273393002441008,2
2,386,0,0,0,0,0,0,0,2,0.16273393002441008,2
2,387,0,0,0,0,0,0,0,1,0.16273393002441008,3
2,387,0,0,0,0,0,0,0,2,0.16273393002441008,3
2,388,0,0,0,0,0,0,0,1,0.16273393002441008,4
2,388,0,0,0,0,0,0,0,2,0.16273393002441008,4
2,389,0,0,0,0,0,0,0,1,0.16273393002441008,5
2,389,0,0,0,0,0,0,0,2,0.16273393002441008,5
2,390,0,0,0,0,0,0,0,1,0.16273393002441008,6
2,390,0,0,0,0,0,0,0,2,0.16273393002441008,6
2,391,0,0,0,0,0,0,0,1,0.16273393002441008,7
2,391,0,0,0,0,0,0,0,2,0.16273393002441008,7
2,392,0,0,0,0,0,0,0,1,0.16273393002441008,8
2,392,0,0,0,0,0,0,0,2,0.16273393002441008,8
2,393,0,0,0,0,0,0,0,1,0.16273393002441008,9
2,393,0,0,0,0,0,0,0,2,0.16273393002441008,9
2,394,0,0,0,0,0,0,0,1,0.16273393002441008,10
2,394,0,0,0,0,0,0,0,2,0.16273393002441008,10
2,395,0,0,0,0,0,0,0,1,0.16273393002441008,11
2,395,0,0,0,0,0,0,0,2,0.16273393002441008,11
2,396,0,0,0,0,0,0,0,1,0.16273393002441008,12
2,396,0,0,0,0,0,0,0,2,0.16273393002441008,12
2,397,0,0,0,0,0,0,0,1,0.16273393002441008,13
2,397,0,0,0,0,0,0,0,2,0.16273393002441008,13
2,398,0,0,0,0,0,0,0,1,0.16273393002441008,14
2,398,0,0,0,0,0,0,0,2,0.16273393002441008,14
2,399,0,0,0,0,0,0,0,1,0.16273393002441008,15
2,399,0,0,0,0,0,0,0,2,0.16273393002441008,15
2,400,0,0,0,0,0,0,0,1,0.16273393002441008,16
2,400,0,0,0,0,0,0,0,2,0.16273393002441008,16
2,401,0,0,0,0,0,0,0,1,0.16273393002441008,17
2,401,0,0,0,0,0,0,0,2,0.16273393002441008,17
2,402,0,0,0,0,0,0,0,1,0.16273393002441008,18
2,402,0,0,0,0,0,0,0,2,0.16273393002441008,18
2,403,0,0,0,0,0,0,0,1,0.16273393002441008,19
2,403,0,0,0,0,0,0,0,2,0.16273393002441008,19
2,404,0,0,0,0,0,0,0,1,0.16273393002441008,20
2,404,0,0,0,0,0,0,0,2,0.16273393002441008,20
2,405,0,0,0,0,0,0,0,1,0.16273393002441008,21
2,405,0,0,0,0,0,0,0,2,0.16273393002441008,21
2,406,0,0,0,0,0,0,0,1,0.16273393002441008,22
2,406,0,0,0,0,0,0,0,2,0.16273393002441008,22
2,407,0,0,0,0,0,0,0,1,0.16273393002441008,23
2,407,0,0,0,0,0,0,0,2,0.16273393002441008,23
2,408,0,0,0,0,0,0,0,1,0.16273393002441008,0
2,408,0,0,0,0,0,0,0,2,0.16273393002441008,0
2,409,0,0,0,0,0,0,0,1,0.16273393002441008,1
2,409,0,0,0,0,0,0,0,2,0.16273393002441008,1
2,410,0,0,0,0,0,0,0,1,0.16273393002441008,2
2,410,0,0,0,0,0,0,0,2,0.16273393002441008,2
2,411,0,0,0,0,0,0,0,1,0.16273393002441008,3
2,411,0,0,0,0,0,0,0,2,0.16273393002441008,3
2,412,0,0,0,0,0,0,0,1,0.16273393002441008,4
2,412,0,0,0,0,0,0,0,2,0.16273393002441008,4
2,413,0,0,0,0,0,0,0,1,0.16273393002441008,5
2,413,0,0,0,0,0,0,0,2,0.16273393002441008,5
2,414,0,0,0,0,0,0,0,1,0.16273393002441008,6
2,414,0,0,0,0,0,0,0,2,0.16273393002441008,6
2,415,0,0,0,0,0,0,0,1,0.16273393002441008,7
2,415,0,0,0,0,0,0,0,2,0.16273393002441008,7
2,416,0,0,0,0,0,0,0,1,0.16273393002441008,8
2,416,0,0,0,0,0,0,0,2,0.16273393002441008,8
2,417,0,0,0,0,0,0,0,1,0.16273393002441008,9
2,417,0,0,0,0,0,0,0,2,0.16273393002441008,9
2,418,0,0,0,0,0,0,0,1,0.16273393002441008,10
2,418,0,0,0,0,0,0,0,2,0.16273393002441008,10
2,419,0,0,0,0,0,0,0,1,0.16273393002441008,11
2,419,0,0,0,0,0,0,0,2,0.16273393002441008,11
2,420,0,0,0,0,0,0,0,1,0.16273393002441008,12
2,420,0,0,0,0,0,0,0,2,0.16273393002441008,12
2,421,0,0,0,0,0,0,0,1,0.16273393002441008,13
2,421,0,0,0,0,0,0,0,2,0.16273393002441008,13
2,422,0,0,0,0,0,0,0,1,0.16273393002441008,14
2,422,0,0,0,0,0,0,0,2,0.16273393002441008,14
2,423,0,0,0,0,0,0,0,1,0.16273393002441008,15
2,423,0,0,0,0,0,0,0,2,0.16273393002441008,15
2,424,0,0,0,0,0,0,0,1,0.16273393002441008,16
2,424,0,0,0,0,0,0,0,2,0.16273393002441008,16
2,425,0,0,0,0,0,0,0,1,0.16273393002441008,17
2,425,0,0,0,0,0,0,0,2,0.16273393002441008,17
2,426,0,0,0,0,0,0,0,1,0.16273393002441008,18
2,426,0,0,0,0,0,0,0,2,0.16273393002441008,18
2,427,0,0,0,0,0,0,0,1,0.16273393002441008,19
2,427,0,0,0,0,0,0,0,2,0.16273393002441008,19
2,428,0,0,0,0,0,0,0,1,0.16273393002441008,20
2,428,0,0,0,0,0,0,0,2,0.16273393002441008,20
2,429,0,0,0,0,0,0,0,1,0.16273393002441008,21
2,429,0,0,0,0,0,0,0,2,0.16273393002441008,21
2,430,0,0,0,0,0,0,0,1,0.16273393002441008,22
2,430,0,0,0,0,0,0,0,2,0.16273393002441008,22
2,431,0,0,0,0,0,0,0,1,0.16273393002441008,23
2,431,0,0,0,0,0,0,0,2,0.16273393002441008,23
2,432,0,0,0,0,0,0,0,1,0.16273393002441008,0
2,432,0,0,0,0,0,0,0,2,0.16273393002441008,0
2,433,0,0,0,0,0,0,0,1,0.16273393002441008,1
2,433,0,0,0,0,0,0,0,2,0.16273393002441008,1
2,434,0,0,0,0,0,0,0,1,0.16273393002441008,2
2,434,0,0,0,0,0,0,0,2,0.16273393002441008,2
2,435,0,0,0,0,0,0,0,1,0.16273393002441008,3
2,435,0,0,0,0,0,0,0,2,0.16273393002441008,3
2,436,0,0,0,0,0,0,0,1,0.16273393002441008,4
2,436,0,0,0,0,0,0,0,2,0.16273393002441008,4
2,437,0,0,0,0,0,0,0,1,0.16273393002441008,5
2,437,0,0,0,0,0,0,0,2,0.16273393002441008,5
2,438,0,0,0,0,0,0,0,1,0.16273393002441008,6
2,438,0,0,0,0,0,0,0,2,0.16273393002441008,6
2,439,0,0,0,0,0,0,0,1,0.16273393002441008,7
2,439,0,0,0,0,0,0,0,2,0.16273393002441008,7
2,440,0,0,0,0,0,0,0,1,0.16273393002441008,8
2,440,0,0,0,0,0,0,0,2,0.16273393002441008,8
2,441,0,0,0,0,0,0,0,1,0.16273393002441008,9
2,441,0,0,0,0,0,0,0,2,0.16273393002441008,9
2,442,0,0,0,0,0,0,0,1,0.16273393002441008,10
2,442,0,0,0,0,0,0,0,2,0.16273393002441008,10
2,443,0,0,0,0,0,0,0,1,0.16273393002441008,11
2,443,0,0,0,0,0,0,0,2,0.16273393002441008,11
2,444,0,0,0,0,0,0,0,1,0.16273393002441008,12
2,444,0,0,0,0,0,0,0,2,0.16273393002441008,12
2,445,0,0,0,0,0,0,0,1,0.16273393002441008,13
2,445,0,0,0,0,0,0,0,2,0.16273393002441008,13
2,446,0,0,0,0,0,0,0,1,0.16273393002441008,14
2,446,0,0,0,0,0,0,0,2,0.16273393002441008,14
2,447,0,0,0,0,0,0,0,1,0.16273393002441008,15
2,447,0,0,0,0,0,0,0,2,0.16273393002441008,15
2,448,0,0,0,0,0,0,0,1,0.16273393002441008,16
2,448,0,0,0,0,0,0,0,2,0.16273393002441008,16
2,449,0,0,0,0,0,0,0,1,0.16273393002441008,17
2,449,0,0,0,0,0,0,0,2,0.16273393002441008,17
2,450,0,0,0,0,0,0,0,1,0.16273393002441008,18
2,450,0,0,0,0,0,0,0,2,0.16273393002441008,18
2,451,0,0,0,0,0,0,0,1,0.16273393002441008,19
2,451,0,0,0,0,0,0,0,2,0.16273393002441008,19
2,452,0,0,0,0,0,0,0,1,0.16273393002441008,20
2,452,0,0,0,0,0,0,0,2,0.16273393002441008,20
2,453,0,0,0,0,0,0,0,1,0.16273393002441008,21
2,453,0,0,0,0,0,0,0,2,0.16273393002441008,21
2,454,0,0,0,0,0,0,0,1,0.16273393002441008,22
2,454,0,0,0,0,0,0,0,2,0.16273393002441008,22
2,455,0,0,0,0,0,0,0,1,0.16273393002441008,23
2,455,0,0,0,0,0,0,0,2,0.16273393002441008,23
2,456,0,0,0,0,0,0,0,1,0.16273393002441008,0
2,456,0,0,0,0,0,0,0,2,0.16273393002441008,0
2,457,0,0,0,0,0,0,0,1,0.16273393002441008,1
2,457,0,0,0,0,0,0,0,2,0.16273393002441008,1
2,458,0,0,0,0,0,0,0,1,0.16273393002441008,2
2,458,0,0,0,0,0,0,0,2,0.16273393002441008,2
2,459,0,0,0,0,0,0,0,1,0.16273393002441008,3
2,459,0,0,0,0,0,0,0,2,0.16273393002441008,3
2,460,0,0,0,0,0,0,0,1,0.16273393002441008,4
2,460,0,0,0,0,0,0,0,2,0.16273393002441008,4
2,461,0,0,0,0,0,0,0,1,0.16273393002441008,5
2,461,0,0,0,0,0,0,0,2,0.16273393002441008,5
2,462,0,0,0,0,0,0,0,1,0.16273393002441008,6
2,462,0,0,0,0,0,0,0,2,0.16273393002441008,6
2,463,0,0,0,0,0,0,0,1,0.16273393002441008,7
2,463,0,0,0,0,0,0,0,2,0.16273393002441008,7
2,464,0,0,0,0,0,0,0,1,0.16273393002441008,8
2,464,0,0,0,0,0,0,0,2,0.16273393002441008,8
2,465,0,0,0,0,0,0,0,1,0.16273393002441008,9
2,465,0,0,0,0,0,0,0,2,0.16273393002441008,9
2,466,0,0,0,0,0,0,0,1,0.16273393002441008,10
2,466,0,0,0,0,0,0,0,2,0.16273393002441008,10
2,467,0,0,0,0,0,0,0,1,0.16273393002441008,11
2,467,0,0,0,0,0,0,0,2,0.16273393002441008,11
2,468,0,0,0,0,0,0,0,1,0.16273393002441008,12
2,468,0,0,0,0,0,0,0,2,0.16273393002441008,12
2,469,0,0,0,0,0,0,0,1,0.16273393002441008,13
2,469,0,0,0,0,0,0,0,2,0.16273393002441008,13
2,470,0,0,0,0,0,0,0,1,0.16273393002441008,14
2,470,0,0,0,0,0,0,0,2,0.16273393002441008,14
2,471,0,0,0,0,0,0,0,1,0.16273393002441008,15
2,471,0,0,0,0,0,0,0,2,0.16273393002441008,15
2,472,0,0,0,0,0,0,0,1,0.16273393002441008,16
2,472,0,0,0,0,0,0,0,2,0.16273393002441008,16
2,473,0,0,0,0,0,0,0,1,0.16273393002441008,17
2,473,0,0,0,0,0,0,0,2,0.16273393002441008,17
2,474,0,0,0,0,0,0,0,1,0.16273393002441008,18
2,474,0,0,0,0,0,0,0,2,0.16273393002441008,18
2,475,0,0,0,0,0,0,0,1,0.16273393002441008,19
2,475,0,0,0,0,0,0,0,2,0.16273393002441008,19
2,476,0,0,0,0,0,0,0,1,0.16273393002441008,20
2,476,0,0,0,0,0,0,0,2,0.16273393002441008,20
2,477,0,0,0,0,0,0,0,1,0.16273393002441008,21
2,477,0,0,0,0,0,0,0,2,0.16273393002441008,21
2,478,0,0,0,0,0,0,0,1,0.16273393002441008,22
2,478,0,0,0,0,0,0,0,2,0.16273393002441008,22
2,479,0,0,0,0,0,0,0,1,0.16273393002441008,23
2,479,0,0,0,0,0,0,0,2,0.16273393002441008,23
2,480,0,0,0,0,0,0,0,1,0.16273393002441008,0
2,480,0,0,0,0,0,0,0,2,0.16273393002441008,0
2,481,0,0,0,0,0,0,0,1,0.16273393002441008,1
2,481,0,0,0,0,0,0,0,2,0.16273393002441008,1
2,482,0,0,0,0,0,0,0,1,0.16273393002441008,2
2,482,0,0,0,0,0,0,0,2,0.16273393002441008,2
2,483,0,0,0,0,0,0,0,1,0.16273393002441008,3
2,483,0,0,0,0,0,0,0,2,0.16273393002441008,3
2,484,0,0,0,0,0,0,0,1,0.16273393002441008,4
2,484,0,0,0,0,0,0,0,2,0.16273393002441008,4
2,485,0,0,0,0,0,0,0,1,0.16273393002441008,5
2,485,0,0,0,0,0,0,0,2,0.16273393002441008,5
2,486,0,0,0,0,0,0,0,1,0.16273393002441008,6
2,486,0,0,0,0,0,0,0,2,0.16273393002441008,6
2,487,0,0,0,0,0,0,0,1,0.16273393002441008,7
2,487,0,0,0,0,0,0,0,2,0.16273393002441008,7
2,488,0,0,0,0,0,0,0,1,0.16273393002441008,8
2,488,0,0,0,0,0,0,0,2,0.16273393002441008,8
2,489,0,0,0,0,0,0,0,1,0.16273393002441008,9
2,489,0,0,0,0,0,0,0,2,0.16273393002441008,9
2,490,0,0,0,0,0,0,0,1,0.16273393002441008,10
2,490,0,0,0,0,0,0,0,2,0.16273393002441008,10
2,491,0,0,0,0,0,0,0,1,0.16273393002441008,11
2,491,0,0,0,0,0,0,0,2,0.16273393002441008,11
2,492,0,0,0,0,0,0,0,1,0.16273393002441008,12
2,492,0,0,0,0,0,0,0,2,0.16273393002441008,12
2,493,0,0,0,0,0,0,0,1,0.16273393002441008,13
2,493,0,0,0,0,0,0,0,2,0.16273393002441008,13
2,494,0,0,0,0,0,0,0,1,0.16273393002441008,14
2,494,0,0,0,0,0,0,0,2,0.16273393002441008,14
2,495,0,0,0,0,0,0,0,1,0.16273393002441008,15
2,495,0,0,0,0,0,0,0,2,0.16273393002441008,15
2,496,0,0,0,0,0,0,0,1,0.16273393002441008,16
2,496,0,0,0,0,0,0,0,2,0.16273393002441008,16
2,497,0,0,0,0,0,0,0,1,0.16273393002441008,17
2,497,0,0,0,0,0,0,0,2,0.16273393002441008,17
2,498,0,0,0,0,0,0,0,1,0.16273393002441008,18
2,498,0,0,0,0,0,0,0,2,0.16273393002441008,18
2,499,0,0,0,0,0,0,0,1,0.16273393002441008,19
2,499,0,0,0,0,0,0,0,2,0.16273393002441008,19
2,500,0,0,0,0,0,0,0,1,0.16273393002441008,20
2,500,0,0,0,0,0,0,0,2,0.16273393002441008,20
2,501,0,0,0,0,0,0,0,1,0.16273393002441008,21
2,501,0,0,0,0,0,0,0,2,0.16273393002441008,21
2,502,0,0,0,0,0,0,0,1,0.16273393002441008,22
2,502,0,0,0,0,0,0,0,2,0.16273393002441008,22
2,503,0,0,0,0,0,0,0,1,0.16273393002441008,23
2,503,0,0,0,0,0,0,0,2,0.16273393002441008,23
2,504,0,0,0,0,0,0,0,1,0.16273393002441008,0
2,504,0,0,0,0,0,0,0,2,0.16273393002441008,0
2,505,0,0,0,0,0,0,0,1,0.16273393002441008,1
2,505,0,0,0,0,0,0,0,2,0.16273393002441008,1
2,506,0,0,0,0,0,0,0,1,0.16273393002441008,2
2,506,0,0,0,0,0,0,0,2,0.16273393002441008,2
2,507,0,0,0,0,0,0,0,1,0.16273393002441008,3
2,507,0,0,0,0,0,0,0,2,0.16273393002441008,3
2,508,0,0,0,0,0,0,0,1,0.16273393002441008,4
2,508,0,0,0,0,0,0,0,2,0.16273393002441008,4
2,509,0,0,0,0,0,0,0,1,0.16273393002441008,5
2,509,0,0,0,0,0,0,0,2,0.16273393002441008,5
2,510,0,0,0,0,0,0,0,1,0.16273393002441008,6
2,510,0,0,0,0,0,0,0,2,0.16273393002441008,6
2,511,0,0,0,0,0,0,0,1,0.16273393002441008,7
2,511,0,0,0,0,0,0,0,2,0.16273393002441008,7
2,512,0,0,0,0,0,0,0,1,0.16273393002441008,8
2,512,0,0,0,0,0,0,0,2,0.16273393002441008,8
2,513,0,0,0,0,0,0,0,1,0.16273393002441008,9
2,513,0,0,0,0,0,0,0,2,0.16273393002441008,9
2,514,0,0,0,0,0,0,0,1,0.16273393002441008,10
2,514,0,0,0,0,0,0,0,2,0.16273393002441008,10
2,515,0,0,0,0,0,0,0,1,0.16273393002441008,11
2,515,0,0,0,0,0,0,0,2,0.16273393002441008,11
2,516,0,0,0,0,0,0,0,1,0.16273393002441008,12
2,516,0,0,0,0,0,0,0,2,0.16273393002441008,12
2,517,0,0,0,0,0,0,0,1,0.16273393002441008,13
2,517,0,0,0,0,0,0,0,2,0.16273393002441008,13
2,518,0,0,0,0,0,0,0,1,0.16273393002441008,14
2,518,0,0,0,0,0,0,0,2,0.16273393002441008,14
2,519,0,0,0,0,0,0,0,1,0.16273393002441008,15
2,519,0,0,0,0,0,0,0,2,0.16273393002441008,15
2,520,0,0,0,0,0,0,0,1,0.16273393002441008,16
2,520,0,0,0,0,0,0,0,2,0.16273393002441008,16
2,521,0,0,0,0,0,0,0,1,0.16273393002441008,17
2,521,0,0,0,0,0,0,0,2,0.16273393002441008,17
2,522,0,0,0,0,0,0,0,1,0.16273393002441008,18
2,522,0,0,0,0,0,0,0,2,0.16273393002441008,18
2,523,0,0,0,0,0,0,0,1,0.16273393002441008,19
2,523,0,0,0,0,0,0,0,2,0.16273393002441008,19
2,524,0,0,0,0,0,0,0,1,0.16273393002441008,20
2,524,0,0,0,0,0,0,0,2,0.16273393002441008,20
2,525,0,0,0,0,0,0,0,1,0.16273393002441008,21
2,525,0,0,0,0,0,0,0,2,0.16273393002441008,21
2,526,0,0,0,0,0,0,0,1,0.16273393002441008,22
2,526,0,0,0,0,0,0,0,2,0.16273393002441008,22
2,527,0,0,0,0,0,0,0,1,0.16273393002441008,23
2,527,0,0,0,0,0,0,0,2,0.16273393002441008,23
2,528,0,0,0,0,0,0,0,1,0.16273393002441008,0
2,528,0,0,0,0,0,0,0,2,0.16273393002441008,0
2,529,0,0,0,0,0,0,0,1,0.16273393002441008,1
2,529,0,0,0,0,0,0,0,2,0.16273393002441008,1
2,530,0,0,0,0,0,0,0,1,0.16273393002441008,2
2,530,0,0,0,0,0,0,0,2,0.16273393002441008,2
2,531,0,0,0,0,0,0,0,1,0.16273393002441008,3
2,531,0,0,0,0,0,0,0,2,0.16273393002441008,3
2,532,0,0,0,0,0,0,0,1,0.16273393002441008,4
2,532,0,0,0,0,0,0,0,2,0.16273393002441008,4
2,533,0,0,0,0,0,0,0,1,0.16273393002441008,5
2,533,0,0,0,0,0,0,0,2,0.16273393002441008,5
2,534,0,0,0,0,0,0,0,1,0.16273393002441008,6
2,534,0,0,0,0,0,0,0,2,0.16273393002441008,6
2,535,0,0,0,0,0,0,0,1,0.16273393002441008,7
2,535,0,0,0,0,0,0,0,2,0.16273393002441008,7
2,536,0,0,0,0,0,0,0,1,0.16273393002441008,8
2,536,0,0,0,0,0,0,0,2,0.16273393002441008,8
2,537,0,0,0,0,0,0,0,1,0.16273393002441008,9
2,537,0,0,0,0,0,0,0,2,0.16273393002441008,9
2,538,0,0,0,0,0,0,0,1,0.16273393002441008,10
2,538,0,0,0,0,0,0,0,2,0.16273393002441008,10
2,539,0,0,0,0,0,0,0,1,0.16273393002441008,11
2,539,0,0,0,0,0,0,0,2,0.16273393002441008,11
2,540,0,0,0,0,0,0,0,1,0.16273393002441008,12
2,540,0,0,0,0,0,0,0,2,0.16273393002441008,12
2,541,0,0,0,0,0,0,0,1,0.16273393002441008,13
2,541,0,0,0,0,0,0,0,2,0.16273393002441008,13
2,542,0,0,0,0,0,0,0,1,0.16273393002441008,14
2,542,0,0,0,0,0,0,0,2,0.16273393002441008,14
2,543,0,0,0,0,0,0,0,1,0.16273393002441008,15
2,543,0,0,0,0,0,0,0,2,0.16273393002441008,15
2,544,0,0,0,0,0,0,0,1,0.16273393002441008,16
2,544,0,0,0,0,0,0,0,2,0.16273393002441008,16
2,545,0,0,0,0,0,0,0,1,0.16273393002441008,17
2,545,0,0,0,0,0,0,0,2,0.16273393002441008,17
2,546,0,0,0,0,0,0,0,1,0.16273393002441008,18
2,546,0,0,0,0,0,0,0,2,0.16273393002441008,18
2,547,0,0,0,0,0,0,0,1,0.16273393002441008,19
2,547,0,0,0,0,0,0,0,2,0.16273393002441008,19
2,548,0,0,0,0,0,0,0,1,0.16273393002441008,20
2,548,0,0,0,0,0,0,0,2,0.16273393002441008,20
2,549,0,0,0,0,0,0,0,1,0.16273393002441008,21
2,549,0,0,0,0,0,0,0,2,0.16273393002441008,21
2,550,0,0,0,0,0,0,0,1,0.16273393002441008,22
2,550,0,0,0,0,0,0,0,2,0.16273393002441008,22
2,551,0,0,0,0,0,0,0,1,0.16273393002441008,23
2,551,0,0,0,0,0,0,0,2,0.16273393002441008,23
2,552,0,0,0,0,0,0,0,1,0.16273393002441008,0
2,552,0,0,0,0,0,0,0,2,0.16273393002441008,0
2,553,0,0,0,0,0,0,0,1,0.16273393002441008,1
2,553,0,0,0,0,0,0,0,2,0.16273393002441008,1
2,554,0,0,0,0,0,0,0,1,0.16273393002441008,2
2,554,0,0,0,0,0,0,0,2,0.16273393002441008,2
2,555,0,0,0,0,0,0,0,1,0.16273393002441008,3
2,555,0,0,0,0,0,0,0,2,0.16273393002441008,3
2,556,0,0,0,0,0,0,0,1,0.16273393002441008,4
2,556,0,0,0,0,0,0,0,2,0.16273393002441008,4
2,557,0,0,0,0,0,0,0,1,0.16273393002441008,5
2,557,0,0,0,0,0,0,0,2,0.16273393002441008,5
2,558,0,0,0,0,0,0,0,1,0.16273393002441008,6
2,558,0,0,0,0,0,0,0,2,0.16273393002441008,6
2,559,0,0,0,0,0,0,0,1,0.16273393002441008,7
2,559,0,0,0,0,0,0,0,2,0.16273393002441008,7
2,560,0,0,0,0,0,0,0,1,0.16273393002441008,8
2,560,0,0,0,0,0,0,0,2,0.16273393002441008,8
2,561,0,0,0,0,0,0,0,1,0.16273393002441008,9
2,561,0,0,0,0,0,0,0,2,0.16273393002441008,9
2,562,0,0,0,0,0,0,0,1,0.16273393002441008,10
2,562,0,0,0,0,0,0,0,2,0.16273393002441008,10
2,563,0,0,0,0,0,0,0,1,0.16273393002441008,11
2,563,0,0,0,0,0,0,0,2,0.16273393002441008,11
2,564,0,0,0,0,0,0,0,1,0.16273393002441008,12
2,564,0,0,0,0,0,0,0,2,0.16273393002441008,12
2,565,0,0,0,0,0,0,0,1,0.16273393002441008,13
2,565,0,0,0,0,0,0,0,2,0.16273393002441008,13
2,566,0,0,0,0,0,0,0,1,0.16273393002441008,14
2,566,0,0,0,0,0,0,0,2,0.16273393002441008,14
2,567,0,0,0,0,0,0,0,1,0.16273393002441008,15
2,567,0,0,0,0,0,0,0,2,0.16273393002441008,15
2,568,0,0,0,0,0,0,0,1,0.16273393002441008,16
2,568,0,0,0,0,0,0,0,2,0.16273393002441008,16
2,569,0,0,0,0,0,0,0,1,0.16273393002441008,17
2,569,0,0,0,0,0,0,0,2,0.16273393002441008,17
2,570,0,0,0,0,0,0,0,1,0.16273393002441008,18
2,570,0,0,0,0,0,0,0,2,0.16273393002441008,18
2,571,0,0,0,0,0,0,0,1,0.16273393002441008,19
2,571,0,0,0,0,0,0,0,2,0.16273393002441008,19
2,572,0,0,0,0,0,0,0,1,0.16273393002441008,20
2,572,0,0,0,0,0,0,0,2,0.16273393002441008,20
2,573,0,0,0,0,0,0,0,1,0.16273393002441008,21
2,573,0,0,0,0,0,0,0,2,0.16273393002441008,21
2,574,0,0,0,0,0,0,0,1,0.16273393002441008,22
2,574,0,0,0,0,0,0,0,2,0.16273393002441008,22
2,575,0,0,0,0,0,0,0,1,0.16273393002441008,23
2,575,0,0,0,0,0,0,0,2,0.16273393002441008,23
2,576,0,0,0,0,0,0,0,1,0.16273393002441008,0
2,576,0,0,0,0,0,0,0,2,0.16273393002441008,0
2,577,0,0,0,0,0,0,0,1,0.16273393002441008,1
2,577,0,0,0,0,0,0,0,2,0.16273393002441008,1
2,578,0,0,0,0,0,0,0,1,0.16273393002441008,2
2,578,0,0,0,0,0,0,0,2,0.16273393002441008,2
2,579,0,0,0,0,0,0,0,1,0.16273393002441008,3
2,579,0,0,0,0,0,0,0,2,0.16273393002441008,3
2,580,0,0,0,0,0,0,0,1,0.16273393002441008,4
2,580,0,0,0,0,0,0,0,2,0.16273393002441008,4
2,581,0,0,0,0,0,0,0,1,0.16273393002441008,5
2,581,0,0,0,0,0,0,0,2,0.16273393002441008,5
2,582,0,0,0,0,0,0,0,1,0.16273393002441008,6
2,582,0,0,0,0,0,0,0,2,0.16273393002441008,6
2,583,0,0,0,0,0,0,0,1,0.16273393002441008,7
2,583,0,0,0,0,0,0,0,2,0.16273393002441008,7
2,584,0,0,0,0,0,0,0,1,0.16273393002441008,8
2,584,0,0,0,0,0,0,0,2,0.16273393002441008,8
2,585,0,0,0,0,0,0,0,1,0.16273393002441008,9
2,585,0,0,0,0,0,0,0,2,0.16273393002441008,9
2,586,0,0,0,0,0,0,0,1,0.16273393002441008,10
2,586,0,0,0,0,0,0,0,2,0.16273393002441008,10
2,587,0,0,0,0,0,0,0,1,0.16273393002441008,11
2,587,0,0,0,0,0,0,0,2,0.16273393002441008,11
2,588,0,0,0,0,0,0,0,1,0.16273393002441008,12
2,588,0,0,0,0,0,0,0,2,0.16273393002441008,12
2,589,0,0,0,0,0,0,0,1,0.16273393002441008,13
2,589,0,0,0,0,0,0,0,2,0.16273393002441008,13
2,590,0,0,0,0,0,0,0,1,0.16273393002441008,14
2,590,0,0,0,0,0,0,0,2,0.16273393002441008,14
2,591,0,0,0,0,0,0,0,1,0.16273393002441008,15
2,591,0,0,0,0,0,0,0,2,0.16273393002441008,15
2,592,0,0,0,0,0,0,0,1,0.16273393002441008,16
2,592,0,0,0,0,0,0,0,2,0.16273393002441008,16
2,593,0,0,0,0,0,0,0,1,0.16273393002441008,17
2,593,0,0,0,0,0,0,0,2,0.16273393002441008,17
2,594,0,0,0,0,0,0,0,1,0.16273393002441008,18
2,594,0,0,0,0,0,0,0,2,0.16273393002441008,18
2,595,0,0,0,0,0,0,0,1,0.16273393002441008,19
2,595,0,0,0,0,0,0,0,2,0.16273393002441008,19
2,596,0,0,0,0,0,0,0,1,0.16273393002441008,20
2,596,0,0,0,0,0,0,0,2,0.16273393002441008,20
2,597,0,0,0,0,0,0,0,1,0.16273393002441008,21
2,597,0,0,0,0,0,0,0,2,0.16273393002441008,21
2,598,0,0,0,0,0,0,0,1,0.16273393002441008,22
2,598,0,0,0,0,0,0,0,2,0.16273393002441008,22
2,599,0,0,0,0,0,0,0,1,0.16273393002441008,23
2,599,0,0,0,0,0,0,0,2,0.16273393002441008,23
2,600,0,0,0,0,0,0,0,1,0.16273393002441008,0
2,600,0,0,0,0,0,0,0,2,0.16273393002441008,0
2,601,0,0,0,0,0,0,0,1,0.16273393002441008,1
2,601,0,0,0,0,0,0,0,2,0.16273393002441008,1
2,602,0,0,0,0,0,0,0,1,0.16273393002441008,2
2,602,0,0,0,0,0,0,0,2,0.16273393002441008,2
2,603,0,0,0,0,0,0,0,1,0.16273393002441008,3
2,603,0,0,0,0,0,0,0,2,0.16273393002441008,3
2,604,0,0,0,0,0,0,0,1,0.16273393002441008,4
2,604,0,0,0,0,0,0,0,2,0.16273393002441008,4
2,605,0,0,0,0,0,0,0,1,0.16273393002441008,5
2,605,0,0,0,0,0,0,0,2,0.16273393002441008,5
2,606,0,0,0,0,0,0,0,1,0.16273393002441008,6
2,606,0,0,0,0,0,0,0,2,0.16273393002441008,6
2,607,0,0,0,0,0,0,0,1,0.16273393002441008,7
2,607,0,0,0,0,0,0,0,2,0.16273393002441008,7
2,608,0,0,0,0,0,0,0,1,0.16273393002441008,8
2,608,0,0,0,0,0,0,0,2,0.16273393002441008,8
2,609,0,0,0,0,0,0,0,1,0.16273393002441008,9
2,609,0,0,0,0,0,0,0,2,0.16273393002441008,9
2,610,0,0,0,0,0,0,0,1,0.16273393002441008,10
2,610,0,0,0,0,0,0,0,2,0.16273393002441008,10
2,611,0,0,0,0,0,0,0,1,0.16273393002441008,11
2,611,0,0,0,0,0,0,0,2,0.16273393002441008,11
2,612,0,0,0,0,0,0,0,1,0.16273393002441008,12
2,612,0,0,0,0,0,0,0,2,0.16273393002441008,12
2,613,0,0,0,0,0,0,0,1,0.16273393002441008,13
2,613,0,0,0,0,0,0,0,2,0.16273393002441008,13
2,614,0,0,0,0,0,0,0,1,0.16273393002441008,14
2,614,0,0,0,0,0,0,0,2,0.16273393002441008,14
2,615,0,0,0,0,0,0,0,1,0.16273393002441008,15
2,615,0,0,0,0,0,0,0,2,0.16273393002441008,15
2,616,0,0,0,0,0,0,0,1,0.16273393002441008,16
2,616,0,0,0,0,0,0,0,2,0.16273393002441008,16
2,617,0,0,0,0,0,0,0,1,0.16273393002441008,17
2,617,0,0,0,0,0,0,0,2,0.16273393002441008,17
2,618,0,0,0,0,0,0,0,1,0.16273393002441008,18
2,618,0,0,0,0,0,0,0,2,0.16273393002441008,18
2,619,0,0,0,0,0,0,0,1,0.16273393002441008,19
2,619,0,0,0,0,0,0,0,2,0.16273393002441008,19
2,620,0,0,0,0,0,0,0,1,0.16273393002441008,20
2,620,0,0,0,0,0,0,0,2,0.16273393002441008,20
2,621,0,0,0,0,0,0,0,1,0.16273393002441008,21
2,621,0,0,0,0,0,0,0,2,0.16273393002441008,21
2,622,0,0,0,0,0,0,0,1,0.16273393002441008,22
2,622,0,0,0,0,0,0,0,2,0.16273393002441008,22
2,623,0,0,0,0,0,0,0,1,0.16273393002441008,23
2,623,0,0,0,0,0,0,0,2,0.16273393002441008,23
2,624,0,0,0,0,0,0,0,1,0.16273393002441008,0
2,624,0,0,0,0,0,0,0,2,0.16273393002441008,0
2,625,0,0,0,0,0,0,0,1,0.16273393002441008,1
2,625,0,0,0,0,0,0,0,2,0.16273393002441008,1
2,626,0,0,0,0,0,0,0,1,0.16273393002441008,2
2,626,0,0,0,0,0,0,0,2,0.16273393002441008,2
2,627,0,0,0,0,0,0,0,1,0.16273393002441008,3
2,627,0,0,0,0,0,0,0,2,0.16273393002441008,3
2,628,0,0,0,0,0,0,0,1,0.16273393002441008,4
2,628,0,0,0,0,0,0,0,2,0.16273393002441008,4
2,629,0,0,0,0,0,0,0,1,0.16273393002441008,5
2,629,0,0,0,0,0,0,0,2,0.16273393002441008,5
2,630,0,0,0,0,0,0,0,1,0.16273393002441008,6
2,630,0,0,0,0,0,0,0,2,0.16273393002441008,6
2,631,0,0,0,0,0,0,0,1,0.16273393002441008,7
2,631,0,0,0,0,0,0,0,2,0.16273393002441008,7
2,632,0,0,0,0,0,0,0,1,0.16273393002441008,8
2,632,0,0,0,0,0,0,0,2,0.16273393002441008,8
2,633,0,0,0,0,0,0,0,1,0.16273393002441008,9
2,633,0,0,0,0,0,0,0,2,0.16273393002441008,9
2,634,0,0,0,0,0,0,0,1,0.16273393002441008,10
2,634,0,0,0,0,0,0,0,2,0.16273393002441008,10
2,635,0,0,0,0,0,0,0,1,0.16273393002441008,11
2,635,0,0,0,0,0,0,0,2,0.16273393002441008,11
2,636,0,0,0,0,0,0,0,1,0.16273393002441008,12
2,636,0,0,0,0,0,0,0,2,0.16273393002441008,12
2,637,0,0,0,0,0,0,0,1,0.16273393002441008,13
2,637,0,0,0,0,0,0,0,2,0.16273393002441008,13
2,638,0,0,0,0,0,0,0,1,0.16273393002441008,14
2,638,0,0,0,0,0,0,0,2,0.16273393002441008,14
2,639,0,0,0,0,0,0,0,1,0.16273393002441008,15
2,639,0,0,0,0,0,0,0,2,0.16273393002441008,15
2,640,0,0,0,0,0,0,0,1,0.16273393002441008,16
2,640,0,0,0,0,0,0,0,2,0.16273393002441008,16
2,641,0,0,0,0,0,0,0,1,0.16273393002441008,17
2,641,0,0,0,0,0,0,0,2,0.16273393002441008,17
2,642,0,0,0,0,0,0,0,1,0.16273393002441008,18
2,642,0,0,0,0,0,0,0,2,0.16273393002441008,18
2,643,0,0,0,0,0,0,0,1,0.16273393002441008,19
2,643,0,0,0,0,0,0,0,2,0.16273393002441008,19
2,644,0,0,0,0,0,0,0,1,0.16273393002441008,20
2,644,0,0,0,0,0,0,0,2,0.16273393002441008,20
2,645,0,0,0,0,0,0,0,1,0.16273393002441008,21
2,645,0,0,0,0,0,0,0,2,0.16273393002441008,21
2,646,0,0,0,0,0,0,0,1,0.16273393002441008,22
2,646,0,0,0,0,0,0,0,2,0.16273393002441008,22
2,647,0,0,0,0,0,0,0,1,0.16273393002441008,23
2,647,0,0,0,0,0,0,0,2,0.16273393002441008,23
2,648,0,0,0,0,0,0,0,1,0.16273393002441008,0
2,648,0,0,0,0,0,0,0,2,0.16273393002441008,0
2,649,0,0,0,0,0,0,0,1,0.16273393002441008,1
2,649,0,0,0,0,0,0,0,2,0.16273393002441008,1
2,650,0,0,0,0,0,0,0,1,0.16273393002441008,2
2,650,0,0,0,0,0,0,0,2,0.16273393002441008,2
2,651,0,0,0,0,0,0,0,1,0.16273393002441008,3
2,651,0,0,0,0,0,0,0,2,0.16273393002441008,3
2,652,0,0,0,0,0,0,0,1,0.16273393002441008,4
2,652,0,0,0,0,0,0,0,2,0.16273393002441008,4
2,653,0,0,0,0,0,0,0,1,0.16273393002441008,5
2,653,0,0,0,0,0,0,0,2,0.16273393002441008,5
2,654,0,0,0,0,0,0,0,1,0.16273393002441008,6
2,654,0,0,0,0,0,0,0,2,0.16273393002441008,6
2,655,0,0,0,0,0,0,0,1,0.16273393002441008,7
2,655,0,0,0,0,0,0,0,2,0.16273393002441008,7
2,656,0,0,0,0,0,0,0,1,0.16273393002441008,8
2,656,0,0,0,0,0,0,0,2,0.16273393002441008,8
2,657,0,0,0,0,0,0,0,1,0.16273393002441008,9
2,657,0,0,0,0,0,0,0,2,0.16273393002441008,9
2,658,0,0,0,0,0,0,0,1,0.16273393002441008,10
2,658,0,0,0,0,0,0,0,2,0.16273393002441008,10
2,659,0,0,0,0,0,0,0,1,0.16273393002441008,11
2,659,0,0,0,0,0,0,0,2,0.16273393002441008,11
2,660,0,0,0,0,0,0,0,1,0.16273393002441008,12
2,660,0,0,0,0,0,0,0,2,0.16273393002441008,12
2,661,0,0,0,0,0,0,0,1,0.16273393002441008,13
2,661,0,0,0,0,0,0,0,2,0.16273393002441008,13
2,662,0,0,0,0,0,0,0,1,0.16273393002441008,14
2,662,0,0,0,0,0,0,0,2,0.16273393002441008,14
2,663,0,0,0,0,0,0,0,1,0.16273393002441008,15
2,663,0,0,0,0,0,0,0,2,0.16273393002441008,15
2,664,0,0,0,0,0,0,0,1,0.16273393002441008,16
2,664,0,0,0,0,0,0,0,2,0.16273393002441008,16
2,665,0,0,0,0,0,0,0,1,0.16273393002441008,17
2,665,0,0,0,0,0,0,0,2,0.16273393002441008,17
2,666,0,0,0,0,0,0,0,1,0.16273393002441008,18
2,666,0,0,0,0,0,0,0,2,0.16273393002441008,18
2,667,0,0,0,0,0,0,0,1,0.16273393002441008,19
2,667,0,0,0,0,0,0,0,2,0.16273393002441008,19
2,668,0,0,0,0,0,0,0,1,0.16273393002441008,20
2,668,0,0,0,0,0,0,0,2,0.16273393002441008,20
2,669,0,0,0,0,0,0,0,1,0.16273393002441008,21
2,669,0,0,0,0,0,0,0,2,0.16273393002441008,21
2,670,0,0,0,0,0,0,0,1,0.16273393002441008,22
2,670,0,0,0,0,0,0,0,2,0.16273393002441008,22
2,671,0,0,0,0,0,0,0,1,0.16273393002441008,23
2,671,0,0,0,0,0,0,0,2,0.16273393002441008,23
2,672,0,0,0,0,0,0,0,1,0.16273393002441008,0
2,672,0,0,0,0,0,0,0,2,0.16273393002441008,0
2,672,0,0,0,0,0,0,0,1,0.16273393002441008,0
2,672,0,0,0,0,0,0,0,2,0.16273393002441008,0
2,673,0,0,0,0,0,0,0,1,0.16273393002441008,1
2,673,0,0,0,0,0,0,0,2,0.16273393002441008,1
2,674,0,0,0,0,0,0,0,1,0.16273393002441008,2
2,674,0,0,0,0,0,0,0,2,0.16273393002441008,2
2,675,0,0,0,0,0,0,0,1,0.16273393002441008,3
2,675,0,0,0,0,0,0,0,2,0.16273393002441008,3
2,676,0,0,0,0,0,0,0,1,0.16273393002441008,4
2,676,0,0,0,0,0,0,0,2,0.16273393002441008,4
2,677,0,0,0,0,0,0,0,1,0.16273393002441008,5
2,677,0,0,0,0,0,0,0,2,0.16273393002441008,5
2,678,0,0,0,0,0,0,0,1,0.16273393002441008,6
2,678,0,0,0,0,0,0,0,2,0.16273393002441008,6
2,679,0,0,0,0,0,0,0,1,0.16273393002441008,7
2,679,0,0,0,0,0,0,0,2,0.16273393002441008,7
2,680,0,0,0,0,0,0,0,1,0.16273393002441008,8
2,680,0,0,0,0,0,0,0,2,0.16273393002441008,8
2,681,0,0,0,0,0,0,0,1,0.16273393002441008,9
2,681,0,0,0,0,0,0,0,2,0.16273393002441008,9
2,682,0,0,0,0,0,0,0,1,0.16273393002441008,10
2,682,0,0,0,0,0,0,0,2,0.16273393002441008,10
2,683,0,0,0,0,0,0,0,1,0.16273393002441008,11
2,683,0,0,0,0,0,0,0,2,0.16273393002441008,11
2,684,0,0,0,0,0,0,0,1,0.16273393002441008,12
2,684,0,0,0,0,0,0,0,2,0.16273393002441008,12
2,685,0,0,0,0,0,0,0,1,0.16273393002441008,13
2,685,0,0,0,0,0,0,0,2,0.16273393002441008,13
2,686,0,0,0,0,0,0,0,1,0.16273393002441008,14
2,686,0,0,0,0,0,0,0,2,0.16273393002441008,14
2,687,0,0,0,0,0,0,0,1,0.16273393002441008,15
2,687,0,0,0,0,0,0,0,2,0.16273393002441008,15
2,688,0,0,0,0,0,0,0,1,0.16273393002441008,16
2,688,0,0,0,0,0,0,0,2,0.16273393002441008,16
2,689,0,0,0,0,0,0,0,1,0.16273393002441008,17
2,689,0,0,0,0,0,0,0,2,0.16273393002441008,17
2,690,0,0,0,0,0,0,0,1,0.16273393002441008,18
2,690,0,0,0,0,0,0,0,2,0.16273393002441008,18
2,691,0,0,0,0,0,0,0,1,0.16273393002441008,19
2,691,0,0,0,0,0,0,0,2,0.16273393002441008,19
2,692,0,0,0,0,0,0,0,1,0.16273393002441008,20
2,692,0,0,0,0,0,0,0,2,0.16273393002441008,20
2,693,0,0,0,0,0,0,0,1,0.16273393002441008,21
2,693,0,0,0,0,0,0,0,2,0.16273393002441008,21
2,694,0,0,0,0,0,0,0,1,0.16273393002441008,22
2,694,0,0,0,0,0,0,0,2,0.16273393002441008,22
2,695,0,0,0,0,0,0,0,1,0.16273393002441008,23
2,695,0,0,0,0,0,0,0,2,0.16273393002441008,23
2,696,0,0,0,0,0,0,0,1,0.16273393002441008,0
2,696,0,0,0,0,0,0,0,2,0.16273393002441008,0
2,697,0,0,0,0,0,0,0,1,0.16273393002441008,1
2,697,0,0,0,0,0,0,0,2,0.16273393002441008,1
2,698,0,0,0,0,0,0,0,1,0.16273393002441008,2
2,698,0,0,0,0,0,0,0,2,0.16273393002441008,2
2,699,0,0,0,0,0,0,0,1,0.16273393002441008,3
2,699,0,0,0,0,0,0,0,2,0.16273393002441008,3
2,700,0,0,0,0,0,0,0,1,0.16273393002441008,4
2,700,0,0,0,0,0,0,0,2,0.16273393002441008,4
2,701,0,0,0,0,0,0,0,1,0.16273393002441008,5
2,701,0,0,0,0,0,0,0,2,0.16273393002441008,5
2,702,0,0,0,0,0,0,0,1,0.16273393002441008,6
2,702,0,0,0,0,0,0,0,2,0.16273393002441008,6
2,703,0,0,0,0,0,0,0,1,0.16273393002441008,7
2,703,0,0,0,0,0,0,0,2,0.16273393002441008,7
2,704,0,0,0,0,0,0,0,1,0.16273393002441008,8
2,704,0,0,0,0,0,0,0,2,0.16273393002441008,8
2,705,0,0,0,0,0,0,0,1,0.16273393002441008,9
2,705,0,0,0,0,0,0,0,2,0.16273393002441008,9
2,706,0,0,0,0,0,0,0,1,0.16273393002441008,10
2,706,0,0,0,0,0,0,0,2,0.16273393002441008,10
2,707,0,0,0,0,0,0,0,1,0.16273393002441008,11
2,707,0,0,0,0,0,0,0,2,0.16273393002441008,11
2,708,0,0,0,0,0,0,0,1,0.16273393002441008,12
2,708,0,0,0,0,0,0,0,2,0.16273393002441008,12
2,709,0,0,0,0,0,0,0,1,0.16273393002441008,13
2,709,0,0,0,0,0,0,0,2,0.16273393002441008,13
2,710,0,0,0,0,0,0,0,1,0.16273393002441008,14
2,710,0,0,0,0,0,0,0,2,0.16273393002441008,14
2,711,0,0,0,0,0,0,0,1,0.16273393002441008,15
2,711,0,0,0,0,0,0,0,2,0.16273393002441008,15
2,712,0,0,0,0,0,0,0,1,0.16273393002441008,16
2,712,0,0,0,0,0,0,0,2,0.16273393002441008,16
2,713,0,0,0,0,0,0,0,1,0.16273393002441008,17
2,713,0,0,0,0,0,0,0,2,0.16273393002441008,17
2,714,0,0,0,0,0,0,0,1,0.16273393002441008,18
2,714,0,0,0,0,0,0,0,2,0.16273393002441008,18
2,715,0,0,0,0,0,0,0,1,0.16273393002441008,19
2,715,0,0,0,0,0,0,0,2,0.16273393002441008,19
2,716,0,0,0,0,0,0,0,1,0.16273393002441008,20
2,716,0,0,0,0,0,0,0,2,0.16273393002441008,20
2,717,0,0,0,0,0,0,0,1,0.16273393002441008,21
2,717,0,0,0,0,0,0,0,2,0.16273393002441008,21
2,718,0,0,0,0,0,0,0,1,0.16273393002441008,22
2,718,0,0,0,0,0,0,0,2,0.16273393002441008,22
2,719,0,0,0,0,0,0,0,1,0.16273393002441008,23
2,719,0,0,0,0,0,0,0,2,0.16273393002441008,23
2,720,0,0,0,0,0,0,0,1,0.16273393002441008,0
2,720,0,0,0,0,0,0,0,2,0.16273393002441008,0
2,721,0,0,0,0,0,0,0,1,0.16273393002441008,1
2,721,0,0,0,0,0,0,0,2,0.16273393002441008,1
2,722,0,0,0,0,0,0,0,1,0.16273393002441008,2
2,722,0,0,0,0,0,0,0,2,0.16273393002441008,2
2,723,0,0,0,0,0,0,0,1,0.16273393002441008,3
2,723,0,0,0,0,0,0,0,2,0.16273393002441008,3
2,724,0,0,0,0,0,0,0,1,0.16273393002441008,4
2,724,0,0,0,0,0,0,0,2,0.16273393002441008,4
2,725,0,0,0,0,0,0,0,1,0.16273393002441008,5
2,725,0,0,0,0,0,0,0,2,0.16273393002441008,5
2,726,0,0,0,0,0,0,0,1,0.16273393002441008,6
2,726,0,0,0,0,0,0,0,2,0.16273393002441008,6
2,727,0,0,0,0,0,0,0,1,0.16273393002441008,7
2,727,0,0,0,0,0,0,0,2,0.16273393002441008,7
2,728,0,0,0,0,0,0,0,1,0.16273393002441008,8
2,728,0,0,0,0,0,0,0,2,0.16273393002441008,8
2,729,0,0,0,0,0,0,0,1,0.16273393002441008,9
2,729,0,0,0,0,0,0,0,2,0.16273393002441008,9
2,730,0,0,0,0,0,0,0,1,0.16273393002441008,10
2,730,0,0,0,0,0,0,0,2,0.16273393002441008,10
2,731,0,0,0,0,0,0,0,1,0.16273393002441008,11
2,731,0,0,0,0,0,0,0,2,0.16273393002441008,11
2,732,0,0,0,0,0,0,0,1,0.16273393002441008,12
2,732,0,0,0,0,0,0,0,2,0.16273393002441008,12
2,733,0,0,0,0,0,0,0,1,0.16273393002441008,13
2,733,0,0,0,0,0,0,0,2,0.16273393002441008,13
2,734,0,0,0,0,0,0,0,1,0.16273393002441008,14
2,734,0,0,0,0,0,0,0,2,0.16273393002441008,14
2,735,0,0,0,0,0,0,0,1,0.16273393002441008,15
2,735,0,0,0,0,0,0,0,2,0.16273393002441008,15
2,736,0,0,0,0,0,0,0,1,0.16273393002441008,16
2,736,0,0,0,0,0,0,0,2,0.16273393002441008,16
2,737,0,0,0,0,0,0,0,1,0.16273393002441008,17
2,737,0,0,0,0,0,0,0,2,0.16273393002441008,17
2,738,0,0,0,0,0,0,0,1,0.16273393002441008,18
2,738,0,0,0,0,0,0,0,2,0.16273393002441008,18
2,739,0,0,0,0,0,0,0,1,0.16273393002441008,19
2,739,0,0,0,0,0,0,0,2,0.16273393002441008,19
2,740,0,0,0,0,0,0,0,1,0.16273393002441008,20
2,740,0,0,0,0,0,0,0,2,0.16273393002441008,20
2,741,0,0,0,0,0,0,0,1,0.16273393002441008,21
2,741,0,0,0,0,0,0,0,2,0.16273393002441008,21
2,742,0,0,0,0,0,0,0,1,0.16273393002441008,22
2,742,0,0,0,0,0,0,0,2,0.16273393002441008,22
2,743,0,0,0,0,0,0,0,1,0.16273393002441008,23
2,743,0,0,0,0,0,0,0,2,0.16273393002441008,23
2,744,0,0,0,0,0,0,0,1,0.16273393002441008,0
2,744,0,0,0,0,0,0,0,2,0.16273393002441008,0
2,745,0,0,0,0,0,0,0,1,0.16273393002441008,1
2,745,0,0,0,0,0,0,0,2,0.16273393002441008,1
2,746,0,0,0,0,0,0,0,1,0.16273393002441008,2
2,746,0,0,0,0,0,0,0,2,0.16273393002441008,2
2,747,0,0,0,0,0,0,0,1,0.16273393002441008,3
2,747,0,0,0,0,0,0,0,2,0.16273393002441008,3
2,748,0,0,0,0,0,0,0,1,0.16273393002441008,4
2,748,0,0,0,0,0,0,0,2,0.16273393002441008,4
2,749,0,0,0,0,0,0,0,1,0.16273393002441008,5
2,749,0,0,0,0,0,0,0,2,0.16273393002441008,5
2,750,0,0,0,0,0,0,0,1,0.16273393002441008,6
2,750,0,0,0,0,0,0,0,2,0.16273393002441008,6
2,751,0,0,0,0,0,0,0,1,0.16273393002441008,7
2,751,0,0,0,0,0,0,0,2,0.16273393002441008,7
2,752,0,0,0,0,0,0,0,1,0.16273393002441008,8
2,752,0,0,0,0,0,0,0,2,0.16273393002441008,8
2,753,0,0,0,0,0,0,0,1,0.16273393002441008,9
2,753,0,0,0,0,0,0,0,2,0.16273393002441008,9
2,754,0,0,0,0,0,0,0,1,0.16273393002441008,10
2,754,0,0,0,0,0,0,0,2,0.16273393002441008,10
2,755,0,0,0,0,0,0,0,1,0.16273393002441008,11
2,755,0,0,0,0,0,0,0,2,0.16273393002441008,11
2,756,0,0,0,0,0,0,0,1,0.16273393002441008,12
2,756,0,0,0,0,0,0,0,2,0.16273393002441008,12
2,757,0,0,0,0,0,0,0,1,0.16273393002441008,13
2,757,0,0,0,0,0,0,0,2,0.16273393002441008,13
2,758,0,0,0,0,0,0,0,1,0.16273393002441008,14
2,758,0,0,0,0,0,0,0,2,0.16273393002441008,14
2,759,0,0,0,0,0,0,0,1,0.16273393002441008,15
2,759,0,0,0,0,0,0,0,2,0.16273393002441008,15
2,760,0,0,0,0,0,0,0,1,0.16273393002441008,16
2,760,0,0,0,0,0,0,0,2,0.16273393002441008,16
2,761,0,0,0,0,0,0,0,1,0.16273393002441008,17
2,761,0,0,0,0,0,0,0,2,0.16273393002441008,17
2,762,0,0,0,0,0,0,0,1,0.16273393002441008,18
2,762,0,0,0,0,0,0,0,2,0.16273393002441008,18
2,763,0,0,0,0,0,0,0,1,0.16273393002441008,19
2,763,0,0,0,0,0,0,0,2,0.16273393002441008,19
2,764,0,0,0,0,0,0,0,1,0.16273393002441008,20
2,764,0,0,0,0,0,0,0,2,0.16273393002441008,20
2,765,0,0,0,0,0,0,0,1,0.16273393002441008,21
2,765,0,0,0,0,0,0,0,2,0.16273393002441008,21
2,766,0,0,0,0,0,0,0,1,0.16273393002441008,22
2,766,0,0,0,0,0,0,0,2,0.16273393002441008,22
2,767,0,0,0,0,0,0,0,1,0.16273393002441008,23
2,767,0,0,0,0,0,0,0,2,0.16273393002441008,23
2,768,0,0,0,0,0,0,0,1,0.16273393002441008,0
2,768,0,0,0,0,0,0,0,2,0.16273393002441008,0
2,769,0,0,0,0,0,0,0,1,0.16273393002441008,1
2,769,0,0,0,0,0,0,0,2,0.16273393002441008,1
2,770,0,0,0,0,0,0,0,1,0.16273393002441008,2
2,770,0,0,0,0,0,0,0,2,0.16273393002441008,2
2,771,0,0,0,0,0,0,0,1,0.16273393002441008,3
2,771,0,0,0,0,0,0,0,2,0.16273393002441008,3
2,772,0,0,0,0,0,0,0,1,0.16273393002441008,4
2,772,0,0,0,0,0,0,0,2,0.16273393002441008,4
2,773,0,0,0,0,0,0,0,1,0.16273393002441008,5
2,773,0,0,0,0,0,0,0,2,0.16273393002441008,5
2,774,0,0,0,0,0,0,0,1,0.16273393002441008,6
2,774,0,0,0,0,0,0,0,2,0.16273393002441008,6
2,775,0,0,0,0,0,0,0,1,0.16273393002441008,7
2,775,0,0,0,0,0,0,0,2,0.16273393002441008,7
2,776,0,0,0,0,0,0,0,1,0.16273393002441008,8
2,776,0,0,0,0,0,0,0,2,0.16273393002441008,8
2,777,0,0,0,0,0,0,0,1,0.16273393002441008,9
2,777,0,0,0,0,0,0,0,2,0.16273393002441008,9
2,778,0,0,0,0,0,0,0,1,0.16273393002441008,10
2,778,0,0,0,0,0,0,0,2,0.16273393002441008,10
2,779,0,0,0,0,0,0,0,1,0.16273393002441008,11
2,779,0,0,0,0,0,0,0,2,0.16273393002441008,11
2,780,0,0,0,0,0,0,0,1,0.16273393002441008,12
2,780,0,0,0,0,0,0,0,2,0.16273393002441008,12
2,781,0,0,0,0,0,0,0,1,0.16273393002441008,13
2,781,0,0,0,0,0,0,0,2,0.16273393002441008,13
2,782,0,0,0,0,0,0,0,1,0.16273393002441008,14
2,782,0,0,0,0,0,0,0,2,0.16273393002441008,14
2,783,0,0,0,0,0,0,0,1,0.16273393002441008,15
2,783,0,0,0,0,0,0,0,2,0.16273393002441008,15
2,784,0,0,0,0,0,0,0,1,0.16273393002441008,16
2,784,0,0,0,0,0,0,0,2,0.16273393002441008,16
2,785,0,0,0,0,0,0,0,1,0.16273393002441008,17
2,785,0,0,0,0,0,0,0,2,0.16273393002441008,17
2,786,0,0,0,0,0,0,0,1,0.16273393002441008,18
2,786,0,0,0,0,0,0,0,2,0.16273393002441008,18
2,787,0,0,0,0,0,0,0,1,0.16273393002441008,19
2,787,0,0,0,0,0,0,0,2,0.16273393002441008,19
2,788,0,0,0,0,0,0,0,1,0.16273393002441008,20
2,788,0,0,0,0,0,0,0,2,0.16273393002441008,20
2,789,0,0,0,0,0,0,0,1,0.16273393002441008,21
2,789,0,0,0,0,0,0,0,2,0.16273393002441008,21
2,790,0,0,0,0,0,0,0,1,0.16273393002441008,22
2,790,0,0,0,0,0,0,0,2,0.16273393002441008,22
2,791,0,0,0,0,0,0,0,1,0.16273393002441008,23
2,791,0,0,0,0,0,0,0,2,0.16273393002441008,23
2,792,0,0,0,0,0,0,0,1,0.16273393002441008,0
2,792,0,0,0,0,0,0,0,2,0.16273393002441008,0
2,793,0,0,0,0,0,0,0,1,0.16273393002441008,1
2,793,0,0,0,0,0,0,0,2,0.16273393002441008,1
2,794,0,0,0,0,0,0,0,1,0.16273393002441008,2
2,794,0,0,0,0,0,0,0,2,0.16273393002441008,2
2,795,0,0,0,0,0,0,0,1,0.16273393002441008,3
2,795,0,0,0,0,0,0,0,2,0.16273393002441008,3
2,796,0,0,0,0,0,0,0,1,0.16273393002441008,4
2,796,0,0,0,0,0,0,0,2,0.16273393002441008,4
2,797,0,0,0,0,0,0,0,1,0.16273393002441008,5
2,797,0,0,0,0,0,0,0,2,0.16273393002441008,5
2,798,0,0,0,0,0,0,0,1,0.16273393002441008,6
2,798,0,0,0,0,0,0,0,2,0.16273393002441008,6
2,799,0,0,0,0,0,0,0,1,0.16273393002441008,7
2,799,0,0,0,0,0,0,0,2,0.16273393002441008,7
2,800,0,0,0,0,0,0,0,1,0.16273393002441008,8
2,800,0,0,0,0,0,0,0,2,0.16273393002441008,8
2,801,0,0,0,0,0,0,0,1,0.16273393002441008,9
2,801,0,0,0,0,0,0,0,2,0.16273393002441008,9
2,802,0,0,0,0,0,0,0,1,0.16273393002441008,10
2,802,0,0,0,0,0,0,0,2,0.16273393002441008,10
2,803,0,0,0,0,0,0,0,1,0.16273393002441008,11
2,803,0,0,0,0,0,0,0,2,0.16273393002441008,11
2,804,0,0,0,0,0,0,0,1,0.16273393002441008,12
2,804,0,0,0,0,0,0,0,2,0.16273393002441008,12
2,805,0,0,0,0,0,0,0,1,0.16273393002441008,13
2,805,0,0,0,0,0,0,0,2,0.16273393002441008,13
2,806,0,0,0,0,0,0,0,1,0.16273393002441008,14
2,806,0,0,0,0,0,0,0,2,0.16273393002441008,14
2,807,0,0,0,0,0,0,0,1,0.16273393002441008,15
2,807,0,0,0,0,0,0,0,2,0.16273393002441008,15
2,808,0,0,0,0,0,0,0,1,0.16273393002441008,16
2,808,0,0,0,0,0,0,0,2,0.16273393002441008,16
2,809,0,0,0,0,0,0,0,1,0.16273393002441008,17
2,809,0,0,0,0,0,0,0,2,0.16273393002441008,17
2,810,0,0,0,0,0,0,0,1,0.16273393002441008,18
2,810,0,0,0,0,0,0,0,2,0.16273393002441008,18
2,811,0,0,0,0,0,0,0,1,0.16273393002441008,19
2,811,0,0,0,0,0,0,0,2,0.16273393002441008,19
2,812,0,0,0,0,0,0,0,1,0.16273393002441008,20
2,812,0,0,0,0,0,0,0,2,0.16273393002441008,20
2,813,0,0,0,0,0,0,0,1,0.16273393002441008,21
2,813,0,0,0,0,0,0,0,2,0.16273393002441008,21
2,814,0,0,0,0,0,0,0,1,0.16273393002441008,22
2,814,0,0,0,0,0,0,0,2,0.16273393002441008,22
2,815,0,0,0,0,0,0,0,1,0.16273393002441008,23
2,815,0,0,0,0,0,0,0,2,0.16273393002441008,23
2,816,0,0,0,0,0,0,0,1,0.16273393002441008,0
2,816,0,0,0,0,0,0,0,2,0.16273393002441008,0
2,817,0,0,0,0,0,0,0,1,0.16273393002441008,1
2,817,0,0,0,0,0,0,0,2,0.16273393002441008,1
2,818,0,0,0,0,0,0,0,1,0.16273393002441008,2
2,818,0,0,0,0,0,0,0,2,0.16273393002441008,2
2,819,0,0,0,0,0,0,0,1,0.16273393002441008,3
2,819,0,0,0,0,0,0,0,2,0.16273393002441008,3
2,820,0,0,0,0,0,0,0,1,0.16273393002441008,4
2,820,0,0,0,0,0,0,0,2,0.16273393002441008,4
2,821,0,0,0,0,0,0,0,1,0.16273393002441008,5
2,821,0,0,0,0,0,0,0,2,0.16273393002441008,5
2,822,0,0,0,0,0,0,0,1,0.16273393002441008,6
2,822,0,0,0,0,0,0,0,2,0.16273393002441008,6
2,823,0,0,0,0,0,0,0,1,0.16273393002441008,7
2,823,0,0,0,0,0,0,0,2,0.16273393002441008,7
2,824,0,0,0,0,0,0,0,1,0.16273393002441008,8
2,824,0,0,0,0,0,0,0,2,0.16273393002441008,8
2,825,0,0,0,0,0,0,0,1,0.16273393002441008,9
2,825,0,0,0,0,0,0,0,2,0.16273393002441008,9
2,826,0,0,0,0,0,0,0,1,0.16273393002441008,10
2,826,0,0,0,0,0,0,0,2,0.16273393002441008,10
2,827,0,0,0,0,0,0,0,1,0.16273393002441008,11
2,827,0,0,0,0,0,0,0,2,0.16273393002441008,11
2,828,0,0,0,0,0,0,0,1,0.16273393002441008,12
2,828,0,0,0,0,0,0,0,2,0.16273393002441008,12
2,829,0,0,0,0,0,0,0,1,0.16273393002441008,13
2,829,0,0,0,0,0,0,0,2,0.16273393002441008,13
2,830,0,0,0,0,0,0,0,1,0.16273393002441008,14
2,830,0,0,0,0,0,0,0,2,0.16273393002441008,14
2,831,0,0,0,0,0,0,0,1,0.16273393002441008,15
2,831,0,0,0,0,0,0,0,2,0.16273393002441008,15
2,832,0,0,0,0,0,0,0,1,0.16273393002441008,16
2,832,0,0,0,0,0,0,0,2,0.16273393002441008,16
2,833,0,0,0,0,0,0,0,1,0.16273393002441008,17
2,833,0,0,0,0,0,0,0,2,0.16273393002441008,17
2,834,0,0,0,0,0,0,0,1,0.16273393002441008,18
2,834,0,0,0,0,0,0,0,2,0.16273393002441008,18
2,835,0,0,0,0,0,0,0,1,0.16273393002441008,19
2,835,0,0,0,0,0,0,0,2,0.16273393002441008,19
2,836,0,0,0,0,0,0,0,1,0.16273393002441008,20
2,836,0,0,0,0,0,0,0,2,0.16273393002441008,20
2,837,0,0,0,0,0,0,0,1,0.16273393002441008,21
2,837,0,0,0,0,0,0,0,2,0.16273393002441008,21
2,838,0,0,0,0,0,0,0,1,0.16273393002441008,22
2,838,0,0,0,0,0,0,0,2,0.16273393002441008,22
2,839,0,0,0,0,0,0,0,1,0.16273393002441008,23
2,839,0,0,0,0,0,0,0,2,0.16273393002441008,23
2,840,0,0,0,0,0,0,0,1,0.16273393002441008,0
2,840,0,0,0,0,0,0,0,2,0.16273393002441008,0
2,841,0,0,0,0,0,0,0,1,0.16273393002441008,1
2,841,0,0,0,0,0,0,0,2,0.16273393002441008,1
2,842,0,0,0,0,0,0,0,1,0.16273393002441008,2
2,842,0,0,0,0,0,0,0,2,0.16273393002441008,2
2,843,0,0,0,0,0,0,0,1,0.16273393002441008,3
2,843,0,0,0,0,0,0,0,2,0.16273393002441008,3
2,844,0,0,0,0,0,0,0,1,0.16273393002441008,4
2,844,0,0,0,0,0,0,0,2,0.16273393002441008,4
2,845,0,0,0,0,0,0,0,1,0.16273393002441008,5
2,845,0,0,0,0,0,0,0,2,0.16273393002441008,5
2,846,0,0,0,0,0,0,0,1,0.16273393002441008,6
2,846,0,0,0,0,0,0,0,2,0.16273393002441008,6
2,847,0,0,0,0,0,0,0,1,0.16273393002441008,7
2,847,0,0,0,0,0,0,0,2,0.16273393002441008,7
2,848,0,0,0,0,0,0,0,1,0.16273393002441008,8
2,848,0,0,0,0,0,0,0,2,0.16273393002441008,8
2,849,0,0,0,0,0,0,0,1,0.16273393002441008,9
2,849,0,0,0,0,0,0,0,2,0.16273393002441008,9
2,850,0,0,0,0,0,0,0,1,0.16273393002441008,10
2,850,0,0,0,0,0,0,0,2,0.16273393002441008,10
2,851,0,0,0,0,0,0,0,1,0.16273393002441008,11
2,851,0,0,0,0,0,0,0,2,0.16273393002441008,11
2,852,0,0,0,0,0,0,0,1,0.16273393002441008,12
2,852,0,0,0,0,0,0,0,2,0.16273393002441008,12
2,853,0,0,0,0,0,0,0,1,0.16273393002441008,13
2,853,0,0,0,0,0,0,0,2,0.16273393002441008,13
2,854,0,0,0,0,0,0,0,1,0.16273393002441008,14
2,854,0,0,0,0,0,0,0,2,0.16273393002441008,14
2,855,0,0,0,0,0,0,0,1,0.16273393002441008,15
2,855,0,0,0,0,0,0,0,2,0.16273393002441008,15
2,856,0,0,0,0,0,0,0,1,0.16273393002441008,16
2,856,0,0,0,0,0,0,0,2,0.16273393002441008,16
2,857,0,0,0,0,0,0,0,1,0.16273393002441008,17
2,857,0,0,0,0,0,0,0,2,0.16273393002441008,17
2,858,0,0,0,0,0,0,0,1,0.16273393002441008,18
2,858,0,0,0,0,0,0,0,2,0.16273393002441008,18
2,859,0,0,0,0,0,0,0,1,0.16273393002441008,19
2,859,0,0,0,0,0,0,0,2,0.16273393002441008,19
2,860,0,0,0,0,0,0,0,1,0.16273393002441008,20
2,860,0,0,0,0,0,0,0,2,0.16273393002441008,20
2,861,0,0,0,0,0,0,0,1,0.16273393002441008,21
2,861,0,0,0,0,0,0,0,2,0.16273393002441008,21
2,862,0,0,0,0,0,0,0,1,0.16273393002441008,22
2,862,0,0,0,0,0,0,0,2,0.16273393002441008,22
2,863,0,0,0,0,0,0,0,1,0.16273393002441008,23
2,863,0,0,0,0,0,0,0,2,0.16273393002441008,23
2,864,0,0,0,0,0,0,0,1,0.16273393002441008,0
2,864,0,0,0,0,0,0,0,2,0.16273393002441008,0
2,865,0,0,0,0,0,0,0,1,0.16273393002441008,1
2,865,0,0,0,0,0,0,0,2,0.16273393002441008,1
2,866,0,0,0,0,0,0,0,1,0.16273393002441008,2
2,866,0,0,0,0,0,0,0,2,0.16273393002441008,2
2,867,0,0,0,0,0,0,0,1,0.16273393002441008,3
2,867,0,0,0,0,0,0,0,2,0.16273393002441008,3
2,868,0,0,0,0,0,0,0,1,0.16273393002441008,4
2,868,0,0,0,0,0,0,0,2,0.16273393002441008,4
2,869,0,0,0,0,0,0,0,1,0.16273393002441008,5
2,869,0,0,0,0,0,0,0,2,0.16273393002441008,5
2,870,0,0,0,0,0,0,0,1,0.16273393002441008,6
2,870,0,0,0,0,0,0,0,2,0.16273393002441008,6
2,871,0,0,0,0,0,0,0,1,0.16273393002441008,7
2,871,0,0,0,0,0,0,0,2,0.16273393002441008,7
2,872,0,0,0,0,0,0,0,1,0.16273393002441008,8
2,872,0,0,0,0,0,0,0,2,0.16273393002441008,8
2,873,0,0,0,0,0,0,0,1,0.16273393002441008,9
2,873,0,0,0,0,0,0,0,2,0.16273393002441008,9
2,874,0,0,0,0,0,0,0,1,0.16273393002441008,10
2,874,0,0,0,0,0,0,0,2,0.16273393002441008,10
2,875,0,0,0,0,0,0,0,1,0.16273393002441008,11
2,875,0,0,0,0,0,0,0,2,0.16273393002441008,11
2,876,0,0,0,0,0,0,0,1,0.16273393002441008,12
2,876,0,0,0,0,0,0,0,2,0.16273393002441008,12
2,877,0,0,0,0,0,0,0,1,0.16273393002441008,13
2,877,0,0,0,0,0,0,0,2,0.16273393002441008,13
2,878,0,0,0,0,0,0,0,1,0.16273393002441008,14
2,878,0,0,0,0,0,0,0,2,0.16273393002441008,14
2,879,0,0,0,0,0,0,0,1,0.16273393002441008,15
2,879,0,0,0,0,0,0,0,2,0.16273393002441008,15
2,880,0,0,0,0,0,0,0,1,0.16273393002441008,16
2,880,0,0,0,0,0,0,0,2,0.16273393002441008,16
2,881,0,0,0,0,0,0,0,1,0.16273393002441008,17
2,881,0,0,0,0,0,0,0,2,0.16273393002441008,17
2,882,0,0,0,0,0,0,0,1,0.16273393002441008,18
2,882,0,0,0,0,0,0,0,2,0.16273393002441008,18
2,883,0,0,0,0,0,0,0,1,0.16273393002441008,19
2,883,0,0,0,0,0,0,0,2,0.16273393002441008,19
2,884,0,0,0,0,0,0,0,1,0.16273393002441008,20
2,884,0,0,0,0,0,0,0,2,0.16273393002441008,20
2,885,0,0,0,0,0,0,0,1,0.16273393002441008,21
2,885,0,0,0,0,0,0,0,2,0.16273393002441008,21
2,886,0,0,0,0,0,0,0,1,0.16273393002441008,22
2,886,0,0,0,0,0,0,0,2,0.16273393002441008,22
2,887,0,0,0,0,0,0,0,1,0.16273393002441008,23
2,887,0,0,0,0,0,0,0,2,0.16273393002441008,23
2,888,0,0,0,0,0,0,0,1,0.16273393002441008,0
2,888,0,0,0,0,0,0,0,2,0.16273393002441008,0
2,889,0,0,0,0,0,0,0,1,0.16273393002441008,1
2,889,0,0,0,0,0,0,0,2,0.16273393002441008,1
2,890,0,0,0,0,0,0,0,1,0.16273393002441008,2
2,890,0,0,0,0,0,0,0,2,0.16273393002441008,2
2,891,0,0,0,0,0,0,0,1,0.16273393002441008,3
2,891,0,0,0,0,0,0,0,2,0.16273393002441008,3
2,892,0,0,0,0,0,0,0,1,0.16273393002441008,4
2,892,0,0,0,0,0,0,0,2,0.16273393002441008,4
2,893,0,0,0,0,0,0,0,1,0.16273393002441008,5
2,893,0,0,0,0,0,0,0,2,0.16273393002441008,5
2,894,0,0,0,0,0,0,0,1,0.16273393002441008,6
2,894,0,0,0,0,0,0,0,2,0.16273393002441008,6
2,895,0,0,0,0,0,0,0,1,0.16273393002441008,7
2,895,0,0,0,0,0,0,0,2,0.16273393002441008,7
2,896,0,0,0,0,0,0,0,1,0.16273393002441008,8
2,896,0,0,0,0,0,0,0,2,0.16273393002441008,8
2,897,0,0,0,0,0,0,0,1,0.16273393002441008,9
2,897,0,0,0,0,0,0,0,2,0.16273393002441008,9
2,898,0,0,0,0,0,0,0,1,0.16273393002441008,10
2,898,0,0,0,0,0,0,0,2,0.16273393002441008,10
2,899,0,0,0,0,0,0,0,1,0.16273393002441008,11
2,899,0,0,0,0,0,0,0,2,0.16273393002441008,11
2,900,0,0,0,0,0,0,0,1,0.16273393002441008,12
2,900,0,0,0,0,0,0,0,2,0.16273393002441008,12
2,901,0,0,0,0,0,0,0,1,0.16273393002441008,13
2,901,0,0,0,0,0,0,0,2,0.16273393002441008,13
2,902,0,0,0,0,0,0,0,1,0.16273393002441008,14
2,902,0,0,0,0,0,0,0,2,0.16273393002441008,14
2,903,0,0,0,0,0,0,0,1,0.16273393002441008,15
2,903,0,0,0,0,0,0,0,2,0.16273393002441008,15
2,904,0,0,0,0,0,0,0,1,0.16273393002441008,16
2,904,0,0,0,0,0,0,0,2,0.16273393002441008,16
2,905,0,0,0,0,0,0,0,1,0.16273393002441008,17
2,905,0,0,0,0,0,0,0,2,0.16273393002441008,17
2,906,0,0,0,0,0,0,0,1,0.16273393002441008,18
2,906,0,0,0,0,0,0,0,2,0.16273393002441008,18
2,907,0,0,0,0,0,0,0,1,0.16273393002441008,19
2,907,0,0,0,0,0,0,0,2,0.16273393002441008,19
2,908,0,0,0,0,0,0,0,1,0.16273393002441008,20
2,908,0,0,0,0,0,0,0,2,0.16273393002441008,20
2,909,0,0,0,0,0,0,0,1,0.16273393002441008,21
2,909,0,0,0,0,0,0,0,2,0.16273393002441008,21
2,910,0,0,0,0,0,0,0,1,0.16273393002441008,22
2,910,0,0,0,0,0,0,0,2,0.16273393002441008,22
2,911,0,0,0,0,0,0,0,1,0.16273393002441008,23
2,911,0,0,0,0,0,0,0,2,0.16273393002441008,23
2,912,0,0,0,0,0,0,0,1,0.16273393002441008,0
2,912,0,0,0,0,0,0,0,2,0.16273393002441008,0
2,913,0,0,0,0,0,0,0,1,0.16273393002441008,1
2,913,0,0,0,0,0,0,0,2,0.16273393002441008,1
2,914,0,0,0,0,0,0,0,1,0.16273393002441008,2
2,914,0,0,0,0,0,0,0,2,0.16273393002441008,2
2,915,0,0,0,0,0,0,0,1,0.16273393002441008,3
2,915,0,0,0,0,0,0,0,2,0.16273393002441008,3
2,916,0,0,0,0,0,0,0,1,0.16273393002441008,4
2,916,0,0,0,0,0,0,0,2,0.16273393002441008,4
2,917,0,0,0,0,0,0,0,1,0.16273393002441008,5
2,917,0,0,0,0,0,0,0,2,0.16273393002441008,5
2,918,0,0,0,0,0,0,0,1,0.16273393002441008,6
2,918,0,0,0,0,0,0,0,2,0.16273393002441008,6
2,919,0,0,0,0,0,0,0,1,0.16273393002441008,7
2,919,0,0,0,0,0,0,0,2,0.16273393002441008,7
2,920,0,0,0,0,0,0,0,1,0.16273393002441008,8
2,920,0,0,0,0,0,0,0,2,0.16273393002441008,8
2,921,0,0,0,0,0,0,0,1,0.16273393002441008,9
2,921,0,0,0,0,0,0,0,2,0.16273393002441008,9
2,922,0,0,0,0,0,0,0,1,0.16273393002441008,10
2,922,0,0,0,0,0,0,0,2,0.16273393002441008,10
2,923,0,0,0,0,0,0,0,1,0.16273393002441008,11
2,923,0,0,0,0,0,0,0,2,0.16273393002441008,11
2,924,0,0,0,0,0,0,0,1,0.16273393002441008,12
2,924,0,0,0,0,0,0,0,2,0.16273393002441008,12
2,925,0,0,0,0,0,0,0,1,0.16273393002441008,13
2,925,0,0,0,0,0,0,0,2,0.16273393002441008,13
2,926,0,0,0,0,0,0,0,1,0.16273393002441008,14
2,926,0,0,0,0,0,0,0,2,0.16273393002441008,14
2,927,0,0,0,0,0,0,0,1,0.16273393002441008,15
2,927,0,0,0,0,0,0,0,2,0.16273393002441008,15
2,928,0,0,0,0,0,0,0,1,0.16273393002441008,16
2,928,0,0,0,0,0,0,0,2,0.16273393002441008,16
2,929,0,0,0,0,0,0,0,1,0.16273393002441008,17
2,929,0,0,0,0,0,0,0,2,0.16273393002441008,17
2,930,0,0,0,0,0,0,0,1,0.16273393002441008,18
2,930,0,0,0,0,0,0,0,2,0.16273393002441008,18
2,931,0,0,0,0,0,0,0,1,0.16273393002441008,19
2,931,0,0,0,0,0,0,0,2,0.16273393002441008,19
2,932,0,0,0,0,0,0,0,1,0.16273393002441008,20
2,932,0,0,0,0,0,0,0,2,0.16273393002441008,20
2,933,0,0,0,0,0,0,0,1,0.16273393002441008,21
2,933,0,0,0,0,0,0,0,2,0.16273393002441008,21
2,934,0,0,0,0,0,0,0,1,0.16273393002441008,22
2,934,0,0,0,0,0,0,0,2,0.16273393002441008,22
2,935,0,0,0,0,0,0,0,1,0.16273393002441008,23
2,935,0,0,0,0,0,0,0,2,0.16273393002441008,23
2,936,0,0,0,0,0,0,0,1,0.16273393002441008,0
2,936,0,0,0,0,0,0,0,2,0.16273393002441008,0
2,937,0,0,0,0,0,0,0,1,0.16273393002441008,1
2,937,0,0,0,0,0,0,0,2,0.16273393002441008,1
2,938,0,0,0,0,0,0,0,1,0.16273393002441008,2
2,938,0,0,0,0,0,0,0,2,0.16273393002441008,2
2,939,0,0,0,0,0,0,0,1,0.16273393002441008,3
2,939,0,0,0,0,0,0,0,2,0.16273393002441008,3
2,940,0,0,0,0,0,0,0,1,0.16273393002441008,4
2,940,0,0,0,0,0,0,0,2,0.16273393002441008,4
2,941,0,0,0,0,0,0,0,1,0.16273393002441008,5
2,941,0,0,0,0,0,0,0,2,0.16273393002441008,5
2,942,0,0,0,0,0,0,0,1,0.16273393002441008,6
2,942,0,0,0,0,0,0,0,2,0.16273393002441008,6
2,943,0,0,0,0,0,0,0,1,0.16273393002441008,7
2,943,0,0,0,0,0,0,0,2,0.16273393002441008,7
2,944,0,0,0,0,0,0,0,1,0.16273393002441008,8
2,944,0,0,0,0,0,0,0,2,0.16273393002441008,8
2,945,0,0,0,0,0,0,0,1,0.16273393002441008,9
2,945,0,0,0,0,0,0,0,2,0.16273393002441008,9
2,946,0,0,0,0,0,0,0,1,0.16273393002441008,10
2,946,0,0,0,0,0,0,0,2,0.16273393002441008,10
2,947,0,0,0,0,0,0,0,1,0.16273393002441008,11
2,947,0,0,0,0,0,0,0,2,0.16273393002441008,11
2,948,0,0,0,0,0,0,0,1,0.16273393002441008,12
2,948,0,0,0,0,0,0,0,2,0.16273393002441008,12
2,949,0,0,0,0,0,0,0,1,0.16273393002441008,13
2,949,0,0,0,0,0,0,0,2,0.16273393002441008,13
2,950,0,0,0,0,0,0,0,1,0.16273393002441008,14
2,950,0,0,0,0,0,0,0,2,0.16273393002441008,14
2,951,0,0,0,0,0,0,0,1,0.16273393002441008,15
2,951,0,0,0,0,0,0,0,2,0.16273393002441008,15
2,952,0,0,0,0,0,0,0,1,0.16273393002441008,16
2,952,0,0,0,0,0,0,0,2,0.16273393002441008,16
2,953,0,0,0,0,0,0,0,1,0.16273393002441008,17
2,953,0,0,0,0,0,0,0,2,0.16273393002441008,17
2,954,0,0,0,0,0,0,0,1,0.16273393002441008,18
2,954,0,0,0,0,0,0,0,2,0.16273393002441008,18
2,955,0,0,0,0,0,0,0,1,0.16273393002441008,19
2,955,0,0,0,0,0,0,0,2,0.16273393002441008,19
2,956,0,0,0,0,0,0,0,1,0.16273393002441008,20
2,956,0,0,0,0,0,0,0,2,0.16273393002441008,20
2,957,0,0,0,0,0,0,0,1,0.16273393002441008,21
2,957,0,0,0,0,0,0,0,2,0.16273393002441008,21
2,958,0,0,0,0,0,0,0,1,0.16273393002441008,22
2,958,0,0,0,0,0,0,0,2,0.16273393002441008,22
2,959,0,0,0,0,0,0,0,1,0.16273393002441008,23
2,959,0,0,0,0,0,0,0,2,0.16273393002441008,23
2,960,0,0,0,0,0,0,0,1,0.16273393002441008,0
2,960,0,0,0,0,0,0,0,2,0.16273393002441008,0
2,961,0,0,0,0,0,0,0,1,0.16273393002441008,1
2,961,0,0,0,0,0,0,0,2,0.16273393002441008,1
2,962,0,0,0,0,0,0,0,1,0.16273393002441008,2
2,962,0,0,0,0,0,0,0,2,0.16273393002441008,2
2,963,0,0,0,0,0,0,0,1,0.16273393002441008,3
2,963,0,0,0,0,0,0,0,2,0.16273393002441008,3
2,964,0,0,0,0,0,0,0,1,0.16273393002441008,4
2,964,0,0,0,0,0,0,0,2,0.16273393002441008,4
2,965,0,0,0,0,0,0,0,1,0.16273393002441008,5
2,965,0,0,0,0,0,0,0,2,0.16273393002441008,5
2,966,0,0,0,0,0,0,0,1,0.16273393002441008,6
2,966,0,0,0,0,0,0,0,2,0.16273393002441008,6
2,967,0,0,0,0,0,0,0,1,0.16273393002441008,7
2,967,0,0,0,0,0,0,0,2,0.16273393002441008,7
2,968,0,0,0,0,0,0,0,1,0.16273393002441008,8
2,968,0,0,0,0,0,0,0,2,0.16273393002441008,8
2,969,0,0,0,0,0,0,0,1,0.16273393002441008,9
2,969,0,0,0,0,0,0,0,2,0.16273393002441008,9
2,970,0,0,0,0,0,0,0,1,0.16273393002441008,10
2,970,0,0,0,0,0,0,0,2,0.16273393002441008,10
2,971,0,0,0,0,0,0,0,1,0.16273393002441008,11
2,971,0,0,0,0,0,0,0,2,0.16273393002441008,11
2,972,0,0,0,0,0,0,0,1,0.16273393002441008,12
2,972,0,0,0,0,0,0,0,2,0.16273393002441008,12
2,973,0,0,0,0,0,0,0,1,0.16273393002441008,13
2,973,0,0,0,0,0,0,0,2,0.16273393002441008,13
2,974,0,0,0,0,0,0,0,1,0.16273393002441008,14
2,974,0,0,0,0,0,0,0,2,0.16273393002441008,14
2,975,0,0,0,0,0,0,0,1,0.16273393002441008,15
2,975,0,0,0,0,0,0,0,2,0.16273393002441008,15
2,976,0,0,0,0,0,0,0,1,0.16273393002441008,16
2,976,0,0,0,0,0,0,0,2,0.16273393002441008,16
2,977,0,0,0,0,0,0,0,1,0.16273393002441008,17
2,977,0,0,0,0,0,0,0,2,0.16273393002441008,17
2,978,0,0,0,0,0,0,0,1,0.16273393002441008,18
2,978,0,0,0,0,0,0,0,2,0.16273393002441008,18
2,979,0,0,0,0,0,0,0,1,0.16273393002441008,19
2,979,0,0,0,0,0,0,0,2,0.16273393002441008,19
2,980,0,0,0,0,0,0,0,1,0.16273393002441008,20
2,980,0,0,0,0,0,0,0,2,0.16273393002441008,20
2,981,0,0,0,0,0,0,0,1,0.16273393002441008,21
2,981,0,0,0,0,0,0,0,2,0.16273393002441008,21
2,982,0,0,0,0,0,0,0,1,0.16273393002441008,22
2,982,0,0,0,0,0,0,0,2,0.16273393002441008,22
2,983,0,0,0,0,0,0,0,1,0.16273393002441008,23
2,983,0,0,0,0,0,0,0,2,0.16273393002441008,23
2,984,0,0,0,0,0,0,0,1,0.16273393002441008,0
2,984,0,0,0,0,0,0,0,2,0.16273393002441008,0
2,985,0,0,0,0,0,0,0,1,0.16273393002441008,1
2,985,0,0,0,0,0,0,0,2,0.16273393002441008,1
2,986,0,0,0,0,0,0,0,1,0.16273393002441008,2
2,986,0,0,0,0,0,0,0,2,0.16273393002441008,2
2,987,0,0,0,0,0,0,0,1,0.16273393002441008,3
2,987,0,0,0,0,0,0,0,2,0.16273393002441008,3
2,988,0,0,0,0,0,0,0,1,0.16273393002441008,4
2,988,0,0,0,0,0,0,0,2,0.16273393002441008,4
2,989,0,0,0,0,0,0,0,1,0.16273393002441008,5
2,989,0,0,0,0,0,0,0,2,0.16273393002441008,5
2,990,0,0,0,0,0,0,0,1,0.16273393002441008,6
2,990,0,0,0,0,0,0,0,2,0.16273393002441008,6
2,991,0,0,0,0,0,0,0,1,0.16273393002441008,7
2,991,0,0,0,0,0,0,0,2,0.16273393002441008,7
2,992,0,0,0,0,0,0,0,1,0.16273393002441008,8
2,992,0,0,0,0,0,0,0,2,0.16273393002441008,8
2,993,0,0,0,0,0,0,0,1,0.16273393002441008,9
2,993,0,0,0,0,0,0,0,2,0.16273393002441008,9
2,994,0,0,0,0,0,0,0,1,0.16273393002441008,10
2,994,0,0,0,0,0,0,0,2,0.16273393002441008,10
2,995,0,0,0,0,0,0,0,1,0.16273393002441008,11
2,995,0,0,0,0,0,0,0,2,0.16273393002441008,11
2,996,0,0,0,0,0,0,0,1,0.16273393002441008,12
2,996,0,0,0,0,0,0,0,2,0.16273393002441008,12
2,997,0,0,0,0,0,0,0,1,0.16273393002441008,13
2,997,0,0,0,0,0,0,0,2,0.16273393002441008,13
2,998,0,0,0,0,0,0,0,1,0.16273393002441008,14
2,998,0,0,0,0,0,0,0,2,0.16273393002441008,14
2,999,0,0,0,0,0,0,0,1,0.16273393002441008,15
2,999,0,0,0,0,0,0,0,2,0.16273393002441008,15
2,1000,0,0,0,0,0,0,0,1,0.16273393002441008,16
2,1000,0,0,0,0,0,0,0,2,0.16273393002441008,16
2,1001,0,0,0,0,0,0,0,1,0.16273393002441008,17
2,1001,0,0,0,0,0,0,0,2,0.16273393002441008,17
2,1002,0,0,0,0,0,0,0,1,0.16273393002441008,18
2,1002,0,0,0,0,0,0,0,2,0.16273393002441008,18
2,1003,0,0,0,0,0,0,0,1,0.16273393002441008,19
2,1003,0,0,0,0,0,0,0,2,0.16273393002441008,19
2,1004,0,0,0,0,0,0,0,1,0.16273393002441008,20
2,1004,0,0,0,0,0,0,0,2,0.16273393002441008,20
2,1005,0,0,0,0,0,0,0,1,0.16273393002441008,21
2,1005,0,0,0,0,0,0,0,2,0.16273393002441008,21
2,1006,0,0,0,0,0,0,0,1,0.16273393002441008,22
2,1006,0,0,0,0,0,0,0,2,0.16273393002441008,22
2,1007,0,0,0,0,0,0,0,1,0.16273393002441008,23
2,1007,0,0,0,0,0,0,0,2,0.16273393002441008,23
2,1008,0,0,0,0,0,0,0,1,0.16273393002441008,0
2,1008,0,0,0,0,0,0,0,2,0.16273393002441008,0
2,1009,0,0,0,0,0,0,0,1,0.16273393002441008,1
2,1009,0,0,0,0,0,0,0,2,0.16273393002441008,1
2,1010,0,0,0,0,0,0,0,1,0.16273393002441008,2
2,1010,0,0,0,0,0,0,0,2,0.16273393002441008,2
2,1011,0,0,0,0,0,0,0,1,0.16273393002441008,3
2,1011,0,0,0,0,0,0,0,2,0.16273393002441008,3
2,1012,0,0,0,0,0,0,0,1,0.16273393002441008,4
2,1012,0,0,0,0,0,0,0,2,0.16273393002441008,4
2,1013,0,0,0,0,0,0,0,1,0.16273393002441008,5
2,1013,0,0,0,0,0,0,0,2,0.16273393002441008,5
2,1014,0,0,0,0,0,0,0,1,0.16273393002441008,6
2,1014,0,0,0,0,0,0,0,2,0.16273393002441008,6
2,1015,0,0,0,0,0,0,0,1,0.16273393002441008,7
2,1015,0,0,0,0,0,0,0,2,0.16273393002441008,7
2,1016,0,0,0,0,0,0,0,1,0.16273393002441008,8
2,1016,0,0,0,0,0,0,0,2,0.16273393002441008,8
2,1017,0,0,0,0,0,0,0,1,0.16273393002441008,9
2,1017,0,0,0,0,0,0,0,2,0.16273393002441008,9
2,1018,0,0,0,0,0,0,0,1,0.16273393002441008,10
2,1018,0,0,0,0,0,0,0,2,0.16273393002441008,10
2,1019,0,0,0,0,0,0,0,1,0.16273393002441008,11
2,1019,0,0,0,0,0,0,0,2,0.16273393002441008,11
2,1020,0,0,0,0,0,0,0,1,0.16273393002441008,12
2,1020,0,0,0,0,0,0,0,2,0.16273393002441008,12
2,1021,0,0,0,0,0,0,0,1,0.16273393002441008,13
2,1021,0,0,0,0,0,0,0,2,0.16273393002441008,13
2,1022,0,0,0,0,0,0,0,1,0.16273393002441008,14
2,1022,0,0,0,0,0,0,0,2,0.16273393002441008,14
2,1023,0,0,0,0,0,0,0,1,0.16273393002441008,15
2,1023,0,0,0,0,0,0,0,2,0.16273393002441008,15
2,1024,0,0,0,0,0,0,0,1,0.16273393002441008,16
2,1024,0,0,0,0,0,0,0,2,0.16273393002441008,16
2,1025,0,0,0,0,0,0,0,1,0.16273393002441008,17
2,1025,0,0,0,0,0,0,0,2,0.16273393002441008,17
2,1026,0,0,0,0,0,0,0,1,0.16273393002441008,18
2,1026,0,0,0,0,0,0,0,2,0.16273393002441008,18
2,1027,0,0,0,0,0,0,0,1,0.16273393002441008,19
2,1027,0,0,0,0,0,0,0,2,0.16273393002441008,19
2,1028,0,0,0,0,0,0,0,1,0.16273393002441008,20
2,1028,0,0,0,0,0,0,0,2,0.16273393002441008,20
2,1029,0,0,0,0,0,0,0,1,0.16273393002441008,21
2,1029,0,0,0,0,0,0,0,2,0.16273393002441008,21
2,1030,0,0,0,0,0,0,0,1,0.16273393002441008,22
2,1030,0,0,0,0,0,0,0,2,0.16273393002441008,22
2,1031,0,0,0,0,0,0,0,1,0.16273393002441008,23
2,1031,0,0,0,0,0,0,0,2,0.16273393002441008,23
2,1032,0,0,0,0,0,0,0,1,0.16273393002441008,0
2,1032,0,0,0,0,0,0,0,2,0.16273393002441008,0
2,1033,0,0,0,0,0,0,0,1,0.16273393002441008,1
2,1033,0,0,0,0,0,0,0,2,0.16273393002441008,1
2,1034,0,0,0,0,0,0,0,1,0.16273393002441008,2
2,1034,0,0,0,0,0,0,0,2,0.16273393002441008,2
2,1035,0,0,0,0,0,0,0,1,0.16273393002441008,3
2,1035,0,0,0,0,0,0,0,2,0.16273393002441008,3
2,1036,0,0,0,0,0,0,0,1,0.16273393002441008,4
2,1036,0,0,0,0,0,0,0,2,0.16273393002441008,4
2,1037,0,0,0,0,0,0,0,1,0.16273393002441008,5
2,1037,0,0,0,0,0,0,0,2,0.16273393002441008,5
2,1038,0,0,0,0,0,0,0,1,0.16273393002441008,6
2,1038,0,0,0,0,0,0,0,2,0.16273393002441008,6
2,1039,0,0,0,0,0,0,0,1,0.16273393002441008,7
2,1039,0,0,0,0,0,0,0,2,0.16273393002441008,7
2,1040,0,0,0,0,0,0,0,1,0.16273393002441008,8
2,1040,0,0,0,0,0,0,0,2,0.16273393002441008,8
2,1041,0,0,0,0,0,0,0,1,0.16273393002441008,9
2,1041,0,0,0,0,0,0,0,2,0.16273393002441008,9
2,1042,0,0,0,0,0,0,0,1,0.16273393002441008,10
2,1042,0,0,0,0,0,0,0,2,0.16273393002441008,10
2,1043,0,0,0,0,0,0,0,1,0.16273393002441008,11
2,1043,0,0,0,0,0,0,0,2,0.16273393002441008,11
2,1044,0,0,0,0,0,0,0,1,0.16273393002441008,12
2,1044,0,0,0,0,0,0,0,2,0.16273393002441008,12
2,1045,0,0,0,0,0,0,0,1,0.16273393002441008,13
2,1045,0,0,0,0,0,0,0,2,0.16273393002441008,13
2,1046,0,0,0,0,0,0,0,1,0.16273393002441008,14
2,1046,0,0,0,0,0,0,0,2,0.16273393002441008,14
2,1047,0,0,0,0,0,0,0,1,0.16273393002441008,15
2,1047,0,0,0,0,0,0,0,2,0.16273393002441008,15
2,1048,0,0,0,0,0,0,0,1,0.16273393002441008,16
2,1048,0,0,0,0,0,0,0,2,0.16273393002441008,16
2,1049,0,0,0,0,0,0,0,1,0.16273393002441008,17
2,1049,0,0,0,0,0,0,0,2,0.16273393002441008,17
2,1050,0,0,0,0,0,0,0,1,0.16273393002441008,18
2,1050,0,0,0,0,0,0,0,2,0.16273393002441008,18
2,1051,0,0,0,0,0,0,0,1,0.16273393002441008,19
2,1051,0,0,0,0,0,0,0,2,0.16273393002441008,19
2,1052,0,0,0,0,0,0,0,1,0.16273393002441008,20
2,1052,0,0,0,0,0,0,0,2,0.16273393002441008,20
2,1053,0,0,0,0,0,0,0,1,0.16273393002441008,21
2,1053,0,0,0,0,0,0,0,2,0.16273393002441008,21
2,1054,0,0,0,0,0,0,0,1,0.16273393002441008,22
2,1054,0,0,0,0,0,0,0,2,0.16273393002441008,22
2,1055,0,0,0,0,0,0,0,1,0.16273393002441008,23
2,1055,0,0,0,0,0,0,0,2,0.16273393002441008,23
2,1056,0,0,0,0,0,0,0,1,0.16273393002441008,0
2,1056,0,0,0,0,0,0,0,2,0.16273393002441008,0
2,1057,0,0,0,0,0,0,0,1,0.16273393002441008,1
2,1057,0,0,0,0,0,0,0,2,0.16273393002441008,1
2,1058,0,0,0,0,0,0,0,1,0.16273393002441008,2
2,1058,0,0,0,0,0,0,0,2,0.16273393002441008,2
2,1059,0,0,0,0,0,0,0,1,0.16273393002441008,3
2,1059,0,0,0,0,0,0,0,2,0.16273393002441008,3
2,1060,0,0,0,0,0,0,0,1,0.16273393002441008,4
2,1060,0,0,0,0,0,0,0,2,0.16273393002441008,4
2,1061,0,0,0,0,0,0,0,1,0.16273393002441008,5
2,1061,0,0,0,0,0,0,0,2,0.16273393002441008,5
2,1062,0,0,0,0,0,0,0,1,0.16273393002441008,6
2,1062,0,0,0,0,0,0,0,2,0.16273393002441008,6
2,1063,0,0,0,0,0,0,0,1,0.16273393002441008,7
2,1063,0,0,0,0,0,0,0,2,0.16273393002441008,7
2,1064,0,0,0,0,0,0,0,1,0.16273393002441008,8
2,1064,0,0,0,0,0,0,0,2,0.16273393002441008,8
2,1065,0,0,0,0,0,0,0,1,0.16273393002441008,9
2,1065,0,0,0,0,0,0,0,2,0.16273393002441008,9
2,1066,0,0,0,0,0,0,0,1,0.16273393002441008,10
2,1066,0,0,0,0,0,0,0,2,0.16273393002441008,10
2,1067,0,0,0,0,0,0,0,1,0.16273393002441008,11
2,1067,0,0,0,0,0,0,0,2,0.16273393002441008,11
2,1068,0,0,0,0,0,0,0,1,0.16273393002441008,12
2,1068,0,0,0,0,0,0,0,2,0.16273393002441008,12
2,1069,0,0,0,0,0,0,0,1,0.16273393002441008,13
2,1069,0,0,0,0,0,0,0,2,0.16273393002441008,13
2,1070,0,0,0,0,0,0,0,1,0.16273393002441008,14
2,1070,0,0,0,0,0,0,0,2,0.16273393002441008,14
2,1071,0,0,0,0,0,0,0,1,0.16273393002441008,15
2,1071,0,0,0,0,0,0,0,2,0.16273393002441008,15
2,1072,0,0,0,0,0,0,0,1,0.16273393002441008,16
2,1072,0,0,0,0,0,0,0,2,0.16273393002441008,16
2,1073,0,0,0,0,0,0,0,1,0.16273393002441008,17
2,1073,0,0,0,0,0,0,0,2,0.16273393002441008,17
2,1074,0,0,0,0,0,0,0,1,0.16273393002441008,18
2,1074,0,0,0,0,0,0,0,2,0.16273393002441008,18
2,1075,0,0,0,0,0,0,0,1,0.16273393002441008,19
2,1075,0,0,0,0,0,0,0,2,0.16273393002441008,19
2,1076,0,0,0,0,0,0,0,1,0.16273393002441008,20
2,1076,0,0,0,0,0,0,0,2,0.16273393002441008,20
2,1077,0,0,0,0,0,0,0,1,0.16273393002441008,21
2,1077,0,0,0,0,0,0,0,2,0.16273393002441008,21
2,1078,0,0,0,0,0,0,0,1,0.16273393002441008,22
2,1078,0,0,0,0,0,0,0,2,0.16273393002441008,22
2,1079,0,0,0,0,0,0,0,1,0.16273393002441008,23
2,1079,0,0,0,0,0,0,0,2,0.16273393002441008,23
2,1080,0,0,0,0,0,0,0,1,0.16273393002441008,0
2,1080,0,0,0,0,0,0,0,2,0.16273393002441008,0
2,1081,0,0,0,0,0,0,0,1,0.16273393002441008,1
2,1081,0,0,0,0,0,0,0,2,0.16273393002441008,1
2,1082,0,0,0,0,0,0,0,1,0.16273393002441008,2
2,1082,0,0,0,0,0,0,0,2,0.16273393002441008,2
2,1083,0,0,0,0,0,0,0,1,0.16273393002441008,3
2,1083,0,0,0,0,0,0,0,2,0.16273393002441008,3
2,1084,0,0,0,0,0,0,0,1,0.16273393002441008,4
2,1084,0,0,0,0,0,0,0,2,0.16273393002441008,4
2,1085,0,0,0,0,0,0,0,1,0.16273393002441008,5
2,1085,0,0,0,0,0,0,0,2,0.16273393002441008,5
2,1086,0,0,0,0,0,0,0,1,0.16273393002441008,6
2,1086,0,0,0,0,0,0,0,2,0.16273393002441008,6
2,1087,0,0,0,0,0,0,0,1,0.16273393002441008,7
2,1087,0,0,0,0,0,0,0,2,0.16273393002441008,7
2,1088,0,0,0,0,0,0,0,1,0.16273393002441008,8
2,1088,0,0,0,0,0,0,0,2,0.16273393002441008,8
2,1089,0,0,0,0,0,0,0,1,0.16273393002441008,9
2,1089,0,0,0,0,0,0,0,2,0.16273393002441008,9
2,1090,0,0,0,0,0,0,0,1,0.16273393002441008,10
2,1090,0,0,0,0,0,0,0,2,0.16273393002441008,10
2,1091,0,0,0,0,0,0,0,1,0.16273393002441008,11
2,1091,0,0,0,0,0,0,0,2,0.16273393002441008,11
2,1092,0,0,0,0,0,0,0,1,0.16273393002441008,12
2,1092,0,0,0,0,0,0,0,2,0.16273393002441008,12
2,1093,0,0,0,0,0,0,0,1,0.16273393002441008,13
2,1093,0,0,0,0,0,0,0,2,0.16273393002441008,13
2,1094,0,0,0,0,0,0,0,1,0.16273393002441008,14
2,1094,0,0,0,0,0,0,0,2,0.16273393002441008,14
2,1095,0,0,0,0,0,0,0,1,0.16273393002441008,15
2,1095,0,0,0,0,0,0,0,2,0.16273393002441008,15
2,1096,0,0,0,0,0,0,0,1,0.16273393002441008,16
2,1096,0,0,0,0,0,0,0,2,0.16273393002441008,16
2,1097,0,0,0,0,0,0,0,1,0.16273393002441008,17
2,1097,0,0,0,0,0,0,0,2,0.16273393002441008,17
2,1098,0,0,0,0,0,0,0,1,0.16273393002441008,18
2,1098,0,0,0,0,0,0,0,2,0.16273393002441008,18
2,1099,0,0,0,0,0,0,0,1,0.16273393002441008,19
2,1099,0,0,0,0,0,0,0,2,0.16273393002441008,19
2,1100,0,0,0,0,0,0,0,1,0.16273393002441008,20
2,1100,0,0,0,0,0,0,0,2,0.16273393002441008,20
2,1101,0,0,0,0,0,0,0,1,0.16273393002441008,21
2,1101,0,0,0,0,0,0,0,2,0.16273393002441008,21
2,1102,0,0,0,0,0,0,0,1,0.16273393002441008,22
2,1102,0,0,0,0,0,0,0,2,0.16273393002441008,22
2,1103,0,0,0,0,0,0,0,1,0.16273393002441008,23
2,1103,0,0,0,0,0,0,0,2,0.16273393002441008,23
2,1104,0,0,0,0,0,0,0,1,0.16273393002441008,0
2,1104,0,0,0,0,0,0,0,2,0.16273393002441008,0
2,1105,0,0,0,0,0,0,0,1,0.16273393002441008,1
2,1105,0,0,0,0,0,0,0,2,0.16273393002441008,1
2,1106,0,0,0,0,0,0,0,1,0.16273393002441008,2
2,1106,0,0,0,0,0,0,0,2,0.16273393002441008,2
2,1107,0,0,0,0,0,0,0,1,0.16273393002441008,3
2,1107,0,0,0,0,0,0,0,2,0.16273393002441008,3
2,1108,0,0,0,0,0,0,0,1,0.16273393002441008,4
2,1108,0,0,0,0,0,0,0,2,0.16273393002441008,4
2,1109,0,0,0,0,0,0,0,1,0.16273393002441008,5
2,1109,0,0,0,0,0,0,0,2,0.16273393002441008,5
2,1110,0,0,0,0,0,0,0,1,0.16273393002441008,6
2,1110,0,0,0,0,0,0,0,2,0.16273393002441008,6
2,1111,0,0,0,0,0,0,0,1,0.16273393002441008,7
2,1111,0,0,0,0,0,0,0,2,0.16273393002441008,7
2,1112,0,0,0,0,0,0,0,1,0.16273393002441008,8
2,1112,0,0,0,0,0,0,0,2,0.16273393002441008,8
2,1113,0,0,0,0,0,0,0,1,0.16273393002441008,9
2,1113,0,0,0,0,0,0,0,2,0.16273393002441008,9
2,1114,0,0,0,0,0,0,0,1,0.16273393002441008,10
2,1114,0,0,0,0,0,0,0,2,0.16273393002441008,10
2,1115,0,0,0,0,0,0,0,1,0.16273393002441008,11
2,1115,0,0,0,0,0,0,0,2,0.16273393002441008,11
2,1116,0,0,0,0,0,0,0,1,0.16273393002441008,12
2,1116,0,0,0,0,0,0,0,2,0.16273393002441008,12
2,1117,0,0,0,0,0,0,0,1,0.16273393002441008,13
2,1117,0,0,0,0,0,0,0,2,0.16273393002441008,13
2,1118,0,0,0,0,0,0,0,1,0.16273393002441008,14
2,1118,0,0,0,0,0,0,0,2,0.16273393002441008,14
2,1119,0,0,0,0,0,0,0,1,0.16273393002441008,15
2,1119,0,0,0,0,0,0,0,2,0.16273393002441008,15
2,1120,0,0,0,0,0,0,0,1,0.16273393002441008,16
2,1120,0,0,0,0,0,0,0,2,0.16273393002441008,16
2,1121,0,0,0,0,0,0,0,1,0.16273393002441008,17
2,1121,0,0,0,0,0,0,0,2,0.16273393002441008,17
2,1122,0,0,0,0,0,0,0,1,0.16273393002441008,18
2,1122,0,0,0,0,0,0,0,2,0.16273393002441008,18
2,1123,0,0,0,0,0,0,0,1,0.16273393002441008,19
2,1123,0,0,0,0,0,0,0,2,0.16273393002441008,19
2,1124,0,0,0,0,0,0,0,1,0.16273393002441008,20
2,1124,0,0,0,0,0,0,0,2,0.16273393002441008,20
2,1125,0,0,0,0,0,0,0,1,0.16273393002441008,21
2,1125,0,0,0,0,0,0,0,2,0.16273393002441008,21
2,1126,0,0,0,0,0,0,0,1,0.16273393002441008,22
2,1126,0,0,0,0,0,0,0,2,0.16273393002441008,22
2,1127,0,0,0,0,0,0,0,1,0.16273393002441008,23
2,1127,0,0,0,0,0,0,0,2,0.16273393002441008,23
2,1128,0,0,0,0,0,0,0,1,0.16273393002441008,0
2,1128,0,0,0,0,0,0,0,2,0.16273393002441008,0
2,1129,0,0,0,0,0,0,0,1,0.16273393002441008,1
2,1129,0,0,0,0,0,0,0,2,0.16273393002441008,1
2,1130,0,0,0,0,0,0,0,1,0.16273393002441008,2
2,1130,0,0,0,0,0,0,0,2,0.16273393002441008,2
2,1131,0,0,0,0,0,0,0,1,0.16273393002441008,3
2,1131,0,0,0,0,0,0,0,2,0.16273393002441008,3
2,1132,0,0,0,0,0,0,0,1,0.16273393002441008,4
2,1132,0,0,0,0,0,0,0,2,0.16273393002441008,4
2,1133,0,0,0,0,0,0,0,1,0.16273393002441008,5
2,1133,0,0,0,0,0,0,0,2,0.16273393002441008,5
2,1134,0,0,0,0,0,0,0,1,0.16273393002441008,6
2,1134,0,0,0,0,0,0,0,2,0.16273393002441008,6
2,1135,0,0,0,0,0,0,0,1,0.16273393002441008,7
2,1135,0,0,0,0,0,0,0,2,0.16273393002441008,7
2,1136,0,0,0,0,0,0,0,1,0.16273393002441008,8
2,1136,0,0,0,0,0,0,0,2,0.16273393002441008,8
2,1137,0,0,0,0,0,0,0,1,0.16273393002441008,9
2,1137,0,0,0,0,0,0,0,2,0.16273393002441008,9
2,1138,0,0,0,0,0,0,0,1,0.16273393002441008,10
2,1138,0,0,0,0,0,0,0,2,0.16273393002441008,10
2,1139,0,0,0,0,0,0,0,1,0.16273393002441008,11
2,1139,0,0,0,0,0,0,0,2,0.16273393002441008,11
2,1140,0,0,0,0,0,0,0,1,0.16273393002441008,12
2,1140,0,0,0,0,0,0,0,2,0.16273393002441008,12
2,1141,0,0,0,0,0,0,0,1,0.16273393002441008,13
2,1141,0,0,0,0,0,0,0,2,0.16273393002441008,13
2,1142,0,0,0,0,0,0,0,1,0.16273393002441008,14
2,1142,0,0,0,0,0,0,0,2,0.16273393002441008,14
2,1143,0,0,0,0,0,0,0,1,0.16273393002441008,15
2,1143,0,0,0,0,0,0,0,2,0.16273393002441008,15
2,1144,0,0,0,0,0,0,0,1,0.16273393002441008,16
2,1144,0,0,0,0,0,0,0,2,0.16273393002441008,16
2,1145,0,0,0,0,0,0,0,1,0.16273393002441008,17
2,1145,0,0,0,0,0,0,0,2,0.16273393002441008,17
2,1146,0,0,0,0,0,0,0,1,0.16273393002441008,18
2,1146,0,0,0,0,0,0,0,2,0.16273393002441008,18
2,1147,0,0,0,0,0,0,0,1,0.16273393002441008,19
2,1147,0,0,0,0,0,0,0,2,0.16273393002441008,19
2,1148,0,0,0,0,0,0,0,1,0.16273393002441008,20
2,1148,0,0,0,0,0,0,0,2,0.16273393002441008,20
2,1149,0,0,0,0,0,0,0,1,0.16273393002441008,21
2,1149,0,0,0,0,0,0,0,2,0.16273393002441008,21
2,1150,0,0,0,0,0,0,0,1,0.16273393002441008,22
2,1150,0,0,0,0,0,0,0,2,0.16273393002441008,22
2,1151,0,0,0,0,0,0,0,1,0.16273393002441008,23
2,1151,0,0,0,0,0,0,0,2,0.16273393002441008,23
2,1152,0,0,0,0,0,0,0,1,0.16273393002441008,0
2,1152,0,0,0,0,0,0,0,2,0.16273393002441008,0
2,1153,0,0,0,0,0,0,0,1,0.16273393002441008,1
2,1153,0,0,0,0,0,0,0,2,0.16273393002441008,1
2,1154,0,0,0,0,0,0,0,1,0.16273393002441008,2
2,1154,0,0,0,0,0,0,0,2,0.16273393002441008,2
2,1155,0,0,0,0,0,0,0,1,0.16273393002441008,3
2,1155,0,0,0,0,0,0,0,2,0.16273393002441008,3
2,1156,0,0,0,0,0,0,0,1,0.16273393002441008,4
2,1156,0,0,0,0,0,0,0,2,0.16273393002441008,4
2,1157,0,0,0,0,0,0,0,1,0.16273393002441008,5
2,1157,0,0,0,0,0,0,0,2,0.16273393002441008,5
2,1158,0,0,0,0,0,0,0,1,0.16273393002441008,6
2,1158,0,0,0,0,0,0,0,2,0.16273393002441008,6
2,1159,0,0,0,0,0,0,0,1,0.16273393002441008,7
2,1159,0,0,0,0,0,0,0,2,0.16273393002441008,7
2,1160,0,0,0,0,0,0,0,1,0.16273393002441008,8
2,1160,0,0,0,0,0,0,0,2,0.16273393002441008,8
2,1161,0,0,0,0,0,0,0,1,0.16273393002441008,9
2,1161,0,0,0,0,0,0,0,2,0.16273393002441008,9
2,1162,0,0,0,0,0,0,0,1,0.16273393002441008,10
2,1162,0,0,0,0,0,0,0,2,0.16273393002441008,10
2,1163,0,0,0,0,0,0,0,1,0.16273393002441008,11
2,1163,0,0,0,0,0,0,0,2,0.16273393002441008,11
2,1164,0,0,0,0,0,0,0,1,0.16273393002441008,12
2,1164,0,0,0,0,0,0,0,2,0.16273393002441008,12
2,1165,0,0,0,0,0,0,0,1,0.16273393002441008,13
2,1165,0,0,0,0,0,0,0,2,0.16273393002441008,13
2,1166,0,0,0,0,0,0,0,1,0.16273393002441008,14
2,1166,0,0,0,0,0,0,0,2,0.16273393002441008,14
2,1167,0,0,0,0,0,0,0,1,0.16273393002441008,15
2,1167,0,0,0,0,0,0,0,2,0.16273393002441008,15
2,1168,0,0,0,0,0,0,0,1,0.16273393002441008,16
2,1168,0,0,0,0,0,0,0,2,0.16273393002441008,16
2,1169,0,0,0,0,0,0,0,1,0.16273393002441008,17
2,1169,0,0,0,0,0,0,0,2,0.16273393002441008,17
2,1170,0,0,0,0,0,0,0,1,0.16273393002441008,18
2,1170,0,0,0,0,0,0,0,2,0.16273393002441008,18
2,1171,0,0,0,0,0,0,0,1,0.16273393002441008,19
2,1171,0,0,0,0,0,0,0,2,0.16273393002441008,19
2,1172,0,0,0,0,0,0,0,1,0.16273393002441008,20
2,1172,0,0,0,0,0,0,0,2,0.16273393002441008,20
2,1173,0,0,0,0,0,0,0,1,0.16273393002441008,21
2,1173,0,0,0,0,0,0,0,2,0.16273393002441008,21
2,1174,0,0,0,0,0,0,0,1,0.16273393002441008,22
2,1174,0,0,0,0,0,0,0,2,0.16273393002441008,22
2,1175,0,0,0,0,0,0,0,1,0.16273393002441008,23
2,1175,0,0,0,0,0,0,0,2,0.16273393002441008,23
2,1176,0,0,0,0,0,0,0,1,0.16273393002441008,0
2,1176,0,0,0,0,0,0,0,2,0.16273393002441008,0
2,1177,0,0,0,0,0,0,0,1,0.16273393002441008,1
2,1177,0,0,0,0,0,0,0,2,0.16273393002441008,1
2,1178,0,0,0,0,0,0,0,1,0.16273393002441008,2
2,1178,0,0,0,0,0,0,0,2,0.16273393002441008,2
2,1179,0,0,0,0,0,0,0,1,0.16273393002441008,3
2,1179,0,0,0,0,0,0,0,2,0.16273393002441008,3
2,1180,0,0,0,0,0,0,0,1,0.16273393002441008,4
2,1180,0,0,0,0,0,0,0,2,0.16273393002441008,4
2,1181,0,0,0,0,0,0,0,1,0.16273393002441008,5
2,1181,0,0,0,0,0,0,0,2,0.16273393002441008,5
2,1182,0,0,0,0,0,0,0,1,0.16273393002441008,6
2,1182,0,0,0,0,0,0,0,2,0.16273393002441008,6
2,1183,0,0,0,0,0,0,0,1,0.16273393002441008,7
2,1183,0,0,0,0,0,0,0,2,0.16273393002441008,7
2,1184,0,0,0,0,0,0,0,1,0.16273393002441008,8
2,1184,0,0,0,0,0,0,0,2,0.16273393002441008,8
2,1185,0,0,0,0,0,0,0,1,0.16273393002441008,9
2,1185,0,0,0,0,0,0,0,2,0.16273393002441008,9
2,1186,0,0,0,0,0,0,0,1,0.16273393002441008,10
2,1186,0,0,0,0,0,0,0,2,0.16273393002441008,10
2,1187,0,0,0,0,0,0,0,1,0.16273393002441008,11
2,1187,0,0,0,0,0,0,0,2,0.16273393002441008,11
2,1188,0,0,0,0,0,0,0,1,0.16273393002441008,12
2,1188,0,0,0,0,0,0,0,2,0.16273393002441008,12
2,1189,0,0,0,0,0,0,0,1,0.16273393002441008,13
2,1189,0,0,0,0,0,0,0,2,0.16273393002441008,13
2,1190,0,0,0,0,0,0,0,1,0.16273393002441008,14
2,1190,0,0,0,0,0,0,0,2,0.16273393002441008,14
2,1191,0,0,0,0,0,0,0,1,0.16273393002441008,15
2,1191,0,0,0,0,0,0,0,2,0.16273393002441008,15
2,1192,0,0,0,0,0,0,0,1,0.16273393002441008,16
2,1192,0,0,0,0,0,0,0,2,0.16273393002441008,16
2,1193,0,0,0,0,0,0,0,1,0.16273393002441008,17
2,1193,0,0,0,0,0,0,0,2,0.16273393002441008,17
2,1194,0,0,0,0,0,0,0,1,0.16273393002441008,18
2,1194,0,0,0,0,0,0,0,2,0.16273393002441008,18
2,1195,0,0,0,0,0,0,0,1,0.16273393002441008,19
2,1195,0,0,0,0,0,0,0,2,0.16273393002441008,19
2,1196,0,0,0,0,0,0,0,1,0.16273393002441008,20
2,1196,0,0,0,0,0,0,0,2,0.16273393002441008,20
2,1197,0,0,0,0,0,0,0,1,0.16273393002441008,21
2,1197,0,0,0,0,0,0,0,2,0.16273393002441008,21
2,1198,0,0,0,0,0,0,0,1,0.16273393002441008,22
2,1198,0,0,0,0,0,0,0,2,0.16273393002441008,22
2,1199,0,0,0,0,0,0,0,1,0.16273393002441008,23
2,1199,0,0,0,0,0,0,0,2,0.16273393002441008,23
2,1200,0,0,0,0,0,0,0,1,0.16273393002441008,0
2,1200,0,0,0,0,0,0,0,2,0.16273393002441008,0
2,1201,0,0,0,0,0,0,0,1,0.16273393002441008,1
2,1201,0,0,0,0,0,0,0,2,0.16273393002441008,1
2,1202,0,0,0,0,0,0,0,1,0.16273393002441008,2
2,1202,0,0,0,0,0,0,0,2,0.16273393002441008,2
2,1203,0,0,0,0,0,0,0,1,0.16273393002441008,3
2,1203,0,0,0,0,0,0,0,2,0.16273393002441008,3
2,1204,0,0,0,0,0,0,0,1,0.16273393002441008,4
2,1204,0,0,0,0,0,0,0,2,0.16273393002441008,4
2,1205,0,0,0,0,0,0,0,1,0.16273393002441008,5
2,1205,0,0,0,0,0,0,0,2,0.16273393002441008,5
2,1206,0,0,0,0,0,0,0,1,0.16273393002441008,6
2,1206,0,0,0,0,0,0,0,2,0.16273393002441008,6
2,1207,0,0,0,0,0,0,0,1,0.16273393002441008,7
2,1207,0,0,0,0,0,0,0,2,0.16273393002441008,7
2,1208,0,0,0,0,0,0,0,1,0.16273393002441008,8
2,1208,0,0,0,0,0,0,0,2,0.16273393002441008,8
2,1209,0,0,0,0,0,0,0,1,0.16273393002441008,9
2,1209,0,0,0,0,0,0,0,2,0.16273393002441008,9
2,1210,0,0,0,0,0,0,0,1,0.16273393002441008,10
2,1210,0,0,0,0,0,0,0,2,0.16273393002441008,10
2,1211,0,0,0,0,0,0,0,1,0.16273393002441008,11
2,1211,0,0,0,0,0,0,0,2,0.16273393002441008,11
2,1212,0,0,0,0,0,0,0,1,0.16273393002441008,12
2,1212,0,0,0,0,0,0,0,2,0.16273393002441008,12
2,1213,0,0,0,0,0,0,0,1,0.16273393002441008,13
2,1213,0,0,0,0,0,0,0,2,0.16273393002441008,13
2,1214,0,0,0,0,0,0,0,1,0.16273393002441008,14
2,1214,0,0,0,0,0,0,0,2,0.16273393002441008,14
2,1215,0,0,0,0,0,0,0,1,0.16273393002441008,15
2,1215,0,0,0,0,0,0,0,2,0.16273393002441008,15
2,1216,0,0,0,0,0,0,0,1,0.16273393002441008,16
2,1216,0,0,0,0,0,0,0,2,0.16273393002441008,16
2,1217,0,0,0,0,0,0,0,1,0.16273393002441008,17
2,1217,0,0,0,0,0,0,0,2,0.16273393002441008,17
2,1218,0,0,0,0,0,0,0,1,0.16273393002441008,18
2,1218,0,0,0,0,0,0,0,2,0.16273393002441008,18
2,1219,0,0,0,0,0,0,0,1,0.16273393002441008,19
2,1219,0,0,0,0,0,0,0,2,0.16273393002441008,19
2,1220,0,0,0,0,0,0,0,1,0.16273393002441008,20
2,1220,0,0,0,0,0,0,0,2,0.16273393002441008,20
2,1221,0,0,0,0,0,0,0,1,0.16273393002441008,21
2,1221,0,0,0,0,0,0,0,2,0.16273393002441008,21
2,1222,0,0,0,0,0,0,0,1,0.16273393002441008,22
2,1222,0,0,0,0,0,0,0,2,0.16273393002441008,22
2,1223,0,0,0,0,0,0,0,1,0.16273393002441008,23
2,1223,0,0,0,0,0,0,0,2,0.16273393002441008,23
2,1224,0,0,0,0,0,0,0,1,0.16273393002441008,0
2,1224,0,0,0,0,0,0,0,2,0.16273393002441008,0
2,1225,0,0,0,0,0,0,0,1,0.16273393002441008,1
2,1225,0,0,0,0,0,0,0,2,0.16273393002441008,1
2,1226,0,0,0,0,0,0,0,1,0.16273393002441008,2
2,1226,0,0,0,0,0,0,0,2,0.16273393002441008,2
2,1227,0,0,0,0,0,0,0,1,0.16273393002441008,3
2,1227,0,0,0,0,0,0,0,2,0.16273393002441008,3
2,1228,0,0,0,0,0,0,0,1,0.16273393002441008,4
2,1228,0,0,0,0,0,0,0,2,0.16273393002441008,4
2,1229,0,0,0,0,0,0,0,1,0.16273393002441008,5
2,1229,0,0,0,0,0,0,0,2,0.16273393002441008,5
2,1230,0,0,0,0,0,0,0,1,0.16273393002441008,6
2,1230,0,0,0,0,0,0,0,2,0.16273393002441008,6
2,1231,0,0,0,0,0,0,0,1,0.16273393002441008,7
2,1231,0,0,0,0,0,0,0,2,0.16273393002441008,7
2,1232,0,0,0,0,0,0,0,1,0.16273393002441008,8
2,1232,0,0,0,0,0,0,0,2,0.16273393002441008,8
2,1233,0,0,0,0,0,0,0,1,0.16273393002441008,9
2,1233,0,0,0,0,0,0,0,2,0.16273393002441008,9
2,1234,0,0,0,0,0,0,0,1,0.16273393002441008,10
2,1234,0,0,0,0,0,0,0,2,0.16273393002441008,10
2,1235,0,0,0,0,0,0,0,1,0.16273393002441008,11
2,1235,0,0,0,0,0,0,0,2,0.16273393002441008,11
2,1236,0,0,0,0,0,0,0,1,0.16273393002441008,12
2,1236,0,0,0,0,0,0,0,2,0.16273393002441008,12
2,1237,0,0,0,0,0,0,0,1,0.16273393002441008,13
2,1237,0,0,0,0,0,0,0,2,0.16273393002441008,13
2,1238,0,0,0,0,0,0,0,1,0.16273393002441008,14
2,1238,0,0,0,0,0,0,0,2,0.16273393002441008,14
2,1239,0,0,0,0,0,0,0,1,0.16273393002441008,15
2,1239,0,0,0,0,0,0,0,2,0.16273393002441008,15
2,1240,0,0,0,0,0,0,0,1,0.16273393002441008,16
2,1240,0,0,0,0,0,0,0,2,0.16273393002441008,16
2,1241,0,0,0,0,0,0,0,1,0.16273393002441008,17
2,1241,0,0,0,0,0,0,0,2,0.16273393002441008,17
2,1242,0,0,0,0,0,0,0,1,0.16273393002441008,18
2,1242,0,0,0,0,0,0,0,2,0.16273393002441008,18
2,1243,0,0,0,0,0,0,0,1,0.16273393002441008,19
2,1243,0,0,0,0,0,0,0,2,0.16273393002441008,19
2,1244,0,0,0,0,0,0,0,1,0.16273393002441008,20
2,1244,0,0,0,0,0,0,0,2,0.16273393002441008,20
2,1245,0,0,0,0,0,0,0,1,0.16273393002441008,21
2,1245,0,0,0,0,0,0,0,2,0.16273393002441008,21
2,1246,0,0,0,0,0,0,0,1,0.16273393002441008,22
2,1246,0,0,0,0,0,0,0,2,0.16273393002441008,22
2,1247,0,0,0,0,0,0,0,1,0.16273393002441008,23
2,1247,0,0,0,0,0,0,0,2,0.16273393002441008,23
2,1248,0,0,0,0,0,0,0,1,0.16273393002441008,0
2,1248,0,0,0,0,0,0,0,2,0.16273393002441008,0
2,1249,0,0,0,0,0,0,0,1,0.16273393002441008,1
2,1249,0,0,0,0,0,0,0,2,0.16273393002441008,1
2,1250,0,0,0,0,0,0,0,1,0.16273393002441008,2
2,1250,0,0,0,0,0,0,0,2,0.16273393002441008,2
2,1251,0,0,0,0,0,0,0,1,0.16273393002441008,3
2,1251,0,0,0,0,0,0,0,2,0.16273393002441008,3
2,1252,0,0,0,0,0,0,0,1,0.16273393002441008,4
2,1252,0,0,0,0,0,0,0,2,0.16273393002441008,4
2,1253,0,0,0,0,0,0,0,1,0.16273393002441008,5
2,1253,0,0,0,0,0,0,0,2,0.16273393002441008,5
2,1254,0,0,0,0,0,0,0,1,0.16273393002441008,6
2,1254,0,0,0,0,0,0,0,2,0.16273393002441008,6
2,1255,0,0,0,0,0,0,0,1,0.16273393002441008,7
2,1255,0,0,0,0,0,0,0,2,0.16273393002441008,7
2,1256,0,0,0,0,0,0,0,1,0.16273393002441008,8
2,1256,0,0,0,0,0,0,0,2,0.16273393002441008,8
2,1257,0,0,0,0,0,0,0,1,0.16273393002441008,9
2,1257,0,0,0,0,0,0,0,2,0.16273393002441008,9
2,1258,0,0,0,0,0,0,0,1,0.16273393002441008,10
2,1258,0,0,0,0,0,0,0,2,0.16273393002441008,10
2,1259,0,0,0,0,0,0,0,1,0.16273393002441008,11
2,1259,0,0,0,0,0,0,0,2,0.16273393002441008,11
2,1260,0,0,0,0,0,0,0,1,0.16273393002441008,12
2,1260,0,0,0,0,0,0,0,2,0.16273393002441008,12
2,1261,0,0,0,0,0,0,0,1,0.16273393002441008,13
2,1261,0,0,0,0,0,0,0,2,0.16273393002441008,13
2,1262,0,0,0,0,0,0,0,1,0.16273393002441008,14
2,1262,0,0,0,0,0,0,0,2,0.16273393002441008,14
2,1263,0,0,0,0,0,0,0,1,0.16273393002441008,15
2,1263,0,0,0,0,0,0,0,2,0.16273393002441008,15
2,1264,0,0,0,0,0,0,0,1,0.16273393002441008,16
2,1264,0,0,0,0,0,0,0,2,0.16273393002441008,16
2,1265,0,0,0,0,0,0,0,1,0.16273393002441008,17
2,1265,0,0,0,0,0,0,0,2,0.16273393002441008,17
2,1266,0,0,0,0,0,0,0,1,0.16273393002441008,18
2,1266,0,0,0,0,0,0,0,2,0.16273393002441008,18
2,1267,0,0,0,0,0,0,0,1,0.16273393002441008,19
2,1267,0,0,0,0,0,0,0,2,0.16273393002441008,19
2,1268,0,0,0,0,0,0,0,1,0.16273393002441008,20
2,1268,0,0,0,0,0,0,0,2,0.16273393002441008,20
2,1269,0,0,0,0,0,0,0,1,0.16273393002441008,21
2,1269,0,0,0,0,0,0,0,2,0.16273393002441008,21
2,1270,0,0,0,0,0,0,0,1,0.16273393002441008,22
2,1270,0,0,0,0,0,0,0,2,0.16273393002441008,22
2,1271,0,0,0,0,0,0,0,1,0.16273393002441008,23
2,1271,0,0,0,0,0,0,0,2,0.16273393002441008,23
2,1272,0,0,0,0,0,0,0,1,0.16273393002441008,0
2,1272,0,0,0,0,0,0,0,2,0.16273393002441008,0
2,1273,0,0,0,0,0,0,0,1,0.16273393002441008,1
2,1273,0,0,0,0,0,0,0,2,0.16273393002441008,1
2,1274,0,0,0,0,0,0,0,1,0.16273393002441008,2
2,1274,0,0,0,0,0,0,0,2,0.16273393002441008,2
2,1275,0,0,0,0,0,0,0,1,0.16273393002441008,3
2,1275,0,0,0,0,0,0,0,2,0.16273393002441008,3
2,1276,0,0,0,0,0,0,0,1,0.16273393002441008,4
2,1276,0,0,0,0,0,0,0,2,0.16273393002441008,4
2,1277,0,0,0,0,0,0,0,1,0.16273393002441008,5
2,1277,0,0,0,0,0,0,0,2,0.16273393002441008,5
2,1278,0,0,0,0,0,0,0,1,0.16273393002441008,6
2,1278,0,0,0,0,0,0,0,2,0.16273393002441008,6
2,1279,0,0,0,0,0,0,0,1,0.16273393002441008,7
2,1279,0,0,0,0,0,0,0,2,0.16273393002441008,7
2,1280,0,0,0,0,0,0,0,1,0.16273393002441008,8
2,1280,0,0,0,0,0,0,0,2,0.16273393002441008,8
2,1281,0,0,0,0,0,0,0,1,0.16273393002441008,9
2,1281,0,0,0,0,0,0,0,2,0.16273393002441008,9
2,1282,0,0,0,0,0,0,0,1,0.16273393002441008,10
2,1282,0,0,0,0,0,0,0,2,0.16273393002441008,10
2,1283,0,0,0,0,0,0,0,1,0.16273393002441008,11
2,1283,0,0,0,0,0,0,0,2,0.16273393002441008,11
2,1284,0,0,0,0,0,0,0,1,0.16273393002441008,12
2,1284,0,0,0,0,0,0,0,2,0.16273393002441008,12
2,1285,0,0,0,0,0,0,0,1,0.16273393002441008,13
2,1285,0,0,0,0,0,0,0,2,0.16273393002441008,13
2,1286,0,0,0,0,0,0,0,1,0.16273393002441008,14
2,1286,0,0,0,0,0,0,0,2,0.16273393002441008,14
2,1287,0,0,0,0,0,0,0,1,0.16273393002441008,15
2,1287,0,0,0,0,0,0,0,2,0.16273393002441008,15
2,1288,0,0,0,0,0,0,0,1,0.16273393002441008,16
2,1288,0,0,0,0,0,0,0,2,0.16273393002441008,16
2,1289,0,0,0,0,0,0,0,1,0.16273393002441008,17
2,1289,0,0,0,0,0,0,0,2,0.16273393002441008,17
2,1290,0,0,0,0,0,0,0,1,0.16273393002441008,18
2,1290,0,0,0,0,0,0,0,2,0.16273393002441008,18
2,1291,0,0,0,0,0,0,0,1,0.16273393002441008,19
2,1291,0,0,0,0,0,0,0,2,0.16273393002441008,19
2,1292,0,0,0,0,0,0,0,1,0.16273393002441008,20
2,1292,0,0,0,0,0,0,0,2,0.16273393002441008,20
2,1293,0,0,0,0,0,0,0,1,0.16273393002441008,21
2,1293,0,0,0,0,0,0,0,2,0.16273393002441008,21
2,1294,0,0,0,0,0,0,0,1,0.16273393002441008,22
2,1294,0,0,0,0,0,0,0,2,0.16273393002441008,22
2,1295,0,0,0,0,0,0,0,1,0.16273393002441008,23
2,1295,0,0,0,0,0,0,0,2,0.16273393002441008,23
2,1296,0,0,0,0,0,0,0,1,0.16273393002441008,0
2,1296,0,0,0,0,0,0,0,2,0.16273393002441008,0
2,1297,0,0,0,0,0,0,0,1,0.16273393002441008,1
2,1297,0,0,0,0,0,0,0,2,0.16273393002441008,1
2,1298,0,0,0,0,0,0,0,1,0.16273393002441008,2
2,1298,0,0,0,0,0,0,0,2,0.16273393002441008,2
2,1299,0,0,0,0,0,0,0,1,0.16273393002441008,3
2,1299,0,0,0,0,0,0,0,2,0.16273393002441008,3
2,1300,0,0,0,0,0,0,0,1,0.16273393002441008,4
2,1300,0,0,0,0,0,0,0,2,0.16273393002441008,4
2,1301,0,0,0,0,0,0,0,1,0.16273393002441008,5
2,1301,0,0,0,0,0,0,0,2,0.16273393002441008,5
2,1302,0,0,0,0,0,0,0,1,0.16273393002441008,6
2,1302,0,0,0,0,0,0,0,2,0.16273393002441008,6
2,1303,0,0,0,0,0,0,0,1,0.16273393002441008,7
2,1303,0,0,0,0,0,0,0,2,0.16273393002441008,7
2,1304,0,0,0,0,0,0,0,1,0.16273393002441008,8
2,1304,0,0,0,0,0,0,0,2,0.16273393002441008,8
2,1305,0,0,0,0,0,0,0,1,0.16273393002441008,9
2,1305,0,0,0,0,0,0,0,2,0.16273393002441008,9
2,1306,0,0,0,0,0,0,0,1,0.16273393002441008,10
2,1306,0,0,0,0,0,0,0,2,0.16273393002441008,10
2,1307,0,0,0,0,0,0,0,1,0.16273393002441008,11
2,1307,0,0,0,0,0,0,0,2,0.16273393002441008,11
2,1308,0,0,0,0,0,0,0,1,0.16273393002441008,12
2,1308,0,0,0,0,0,0,0,2,0.16273393002441008,12
2,1309,0,0,0,0,0,0,0,1,0.16273393002441008,13
2,1309,0,0,0,0,0,0,0,2,0.16273393002441008,13
2,1310,0,0,0,0,0,0,0,1,0.16273393002441008,14
2,1310,0,0,0,0,0,0,0,2,0.16273393002441008,14
2,1311,0,0,0,0,0,0,0,1,0.16273393002441008,15
2,1311,0,0,0,0,0,0,0,2,0.16273393002441008,15
2,1312,0,0,0,0,0,0,0,1,0.16273393002441008,16
2,1312,0,0,0,0,0,0,0,2,0.16273393002441008,16
2,1313,0,0,0,0,0,0,0,1,0.16273393002441008,17
2,1313,0,0,0,0,0,0,0,2,0.16273393002441008,17
2,1314,0,0,0,0,0,0,0,1,0.16273393002441008,18
2,1314,0,0,0,0,0,0,0,2,0.16273393002441008,18
2,1315,0,0,0,0,0,0,0,1,0.16273393002441008,19
2,1315,0,0,0,0,0,0,0,2,0.16273393002441008,19
2,1316,0,0,0,0,0,0,0,1,0.16273393002441008,20
2,1316,0,0,0,0,0,0,0,2,0.16273393002441008,20
2,1317,0,0,0,0,0,0,0,1,0.16273393002441008,21
2,1317,0,0,0,0,0,0,0,2,0.16273393002441008,21
2,1318,0,0,0,0,0,0,0,1,0.16273393002441008,22
2,1318,0,0,0,0,0,0,0,2,0.16273393002441008,22
2,1319,0,0,0,0,0,0,0,1,0.16273393002441008,23
2,1319,0,0,0,0,0,0,0,2,0.16273393002441008,23
2,1320,0,0,0,0,0,0,0,1,0.16273393002441008,0
2,1320,0,0,0,0,0,0,0,2,0.16273393002441008,0
2,1321,0,0,0,0,0,0,0,1,0.16273393002441008,1
2,1321,0,0,0,0,0,0,0,2,0.16273393002441008,1
2,1322,0,0,0,0,0,0,0,1,0.16273393002441008,2
2,1322,0,0,0,0,0,0,0,2,0.16273393002441008,2
2,1323,0,0,0,0,0,0,0,1,0.16273393002441008,3
2,1323,0,0,0,0,0,0,0,2,0.16273393002441008,3
2,1324,0,0,0,0,0,0,0,1,0.16273393002441008,4
2,1324,0,0,0,0,0,0,0,2,0.16273393002441008,4
2,1325,0,0,0,0,0,0,0,1,0.16273393002441008,5
2,1325,0,0,0,0,0,0,0,2,0.16273393002441008,5
2,1326,0,0,0,0,0,0,0,1,0.16273393002441008,6
2,1326,0,0,0,0,0,0,0,2,0.16273393002441008,6
2,1327,0,0,0,0,0,0,0,1,0.16273393002441008,7
2,1327,0,0,0,0,0,0,0,2,0.16273393002441008,7
2,1328,0,0,0,0,0,0,0,1,0.16273393002441008,8
2,1328,0,0,0,0,0,0,0,2,0.16273393002441008,8
2,1329,0,0,0,0,0,0,0,1,0.16273393002441008,9
2,1329,0,0,0,0,0,0,0,2,0.16273393002441008,9
2,1330,0,0,0,0,0,0,0,1,0.16273393002441008,10
2,1330,0,0,0,0,0,0,0,2,0.16273393002441008,10
2,1331,0,0,0,0,0,0,0,1,0.16273393002441008,11
2,1331,0,0,0,0,0,0,0,2,0.16273393002441008,11
2,1332,0,0,0,0,0,0,0,1,0.16273393002441008,12
2,1332,0,0,0,0,0,0,0,2,0.16273393002441008,12
2,1333,0,0,0,0,0,0,0,1,0.16273393002441008,13
2,1333,0,0,0,0,0,0,0,2,0.16273393002441008,13
2,1334,0,0,0,0,0,0,0,1,0.16273393002441008,14
2,1334,0,0,0,0,0,0,0,2,0.16273393002441008,14
2,1335,0,0,0,0,0,0,0,1,0.16273393002441008,15
2,1335,0,0,0,0,0,0,0,2,0.16273393002441008,15
2,1336,0,0,0,0,0,0,0,1,0.16273393002441008,16
2,1336,0,0,0,0,0,0,0,2,0.16273393002441008,16
2,1337,0,0,0,0,0,0,0,1,0.16273393002441008,17
2,1337,0,0,0,0,0,0,0,2,0.16273393002441008,17
2,1338,0,0,0,0,0,0,0,1,0.16273393002441008,18
2,1338,0,0,0,0,0,0,0,2,0.16273393002441008,18
2,1339,0,0,0,0,0,0,0,1,0.16273393002441008,19
2,1339,0,0,0,0,0,0,0,2,0.16273393002441008,19
2,1340,0,0,0,0,0,0,0,1,0.16273393002441008,20
2,1340,0,0,0,0,0,0,0,2,0.16273393002441008,20
2,1341,0,0,0,0,0,0,0,1,0.16273393002441008,21
2,1341,0,0,0,0,0,0,0,2,0.16273393002441008,21
2,1342,0,0,0,0,0,0,0,1,0.16273393002441008,22
2,1342,0,0,0,0,0,0,0,2,0.16273393002441008,22
2,1343,0,0,0,0,0,0,0,1,0.16273393002441008,23
2,1343,0,0,0,0,0,0,0,2,0.16273393002441008,23
2,1344,0,0,0,0,0,0,0,1,0.16273393002441008,0
2,1344,0,0,0,0,0,0,0,2,0.16273393002441008,0
2,1345,0,0,0,0,0,0,0,1,0.16273393002441008,1
2,1345,0,0,0,0,0,0,0,2,0.16273393002441008,1
2,1346,0,0,0,0,0,0,0,1,0.16273393002441008,2
2,1346,0,0,0,0,0,0,0,2,0.16273393002441008,2
2,1347,0,0,0,0,0,0,0,1,0.16273393002441008,3
2,1347,0,0,0,0,0,0,0,2,0.16273393002441008,3
2,1348,0,0,0,0,0,0,0,1,0.16273393002441008,4
2,1348,0,0,0,0,0,0,0,2,0.16273393002441008,4
2,1349,0,0,0,0,0,0,0,1,0.16273393002441008,5
2,1349,0,0,0,0,0,0,0,2,0.16273393002441008,5
2,1350,0,0,0,0,0,0,0,1,0.16273393002441008,6
2,1350,0,0,0,0,0,0,0,2,0.16273393002441008,6
2,1351,0,0,0,0,0,0,0,1,0.16273393002441008,7
2,1351,0,0,0,0,0,0,0,2,0.16273393002441008,7
2,1352,0,0,0,0,0,0,0,1,0.16273393002441008,8
2,1352,0,0,0,0,0,0,0,2,0.16273393002441008,8
2,1353,0,0,0,0,0,0,0,1,0.16273393002441008,9
2,1353,0,0,0,0,0,0,0,2,0.16273393002441008,9
2,1354,0,0,0,0,0,0,0,1,0.16273393002441008,10
2,1354,0,0,0,0,0,0,0,2,0.16273393002441008,10
2,1355,0,0,0,0,0,0,0,1,0.16273393002441008,11
2,1355,0,0,0,0,0,0,0,2,0.16273393002441008,11
2,1356,0,0,0,0,0,0,0,1,0.16273393002441008,12
2,1356,0,0,0,0,0,0,0,2,0.16273393002441008,12
2,1357,0,0,0,0,0,0,0,1,0.16273393002441008,13
2,1357,0,0,0,0,0,0,0,2,0.16273393002441008,13
2,1358,0,0,0,0,0,0,0,1,0.16273393002441008,14
2,1358,0,0,0,0,0,0,0,2,0.16273393002441008,14
2,1359,0,0,0,0,0,0,0,1,0.16273393002441008,15
2,1359,0,0,0,0,0,0,0,2,0.16273393002441008,15
2,1360,0,0,0,0,0,0,0,1,0.16273393002441008,16
2,1360,0,0,0,0,0,0,0,2,0.16273393002441008,16
2,1361,0,0,0,0,0,0,0,1,0.16273393002441008,17
2,1361,0,0,0,0,0,0,0,2,0.16273393002441008,17
2,1362,0,0,0,0,0,0,0,1,0.16273393002441008,18
2,1362,0,0,0,0,0,0,0,2,0.16273393002441008,18
2,1363,0,0,0,0,0,0,0,1,0.16273393002441008,19
2,1363,0,0,0,0,0,0,0,2,0.16273393002441008,19
2,1364,0,0,0,0,0,0,0,1,0.16273393002441008,20
2,1364,0,0,0,0,0,0,0,2,0.16273393002441008,20
2,1365,0,0,0,0,0,0,0,1,0.16273393002441008,21
2,1365,0,0,0,0,0,0,0,2,0.16273393002441008,21
2,1366,0,0,0,0,0,0,0,1,0.16273393002441008,22
2,1366,0,0,0,0,0,0,0,2,0.16273393002441008,22
2,1367,0,0,0,0,0,0,0,1,0.16273393002441008,23
2,1367,0,0,0,0,0,0,0,2,0.16273393002441008,23
2,1368,0,0,0,0,0,0,0,1,0.16273393002441008,0
2,1368,0,0,0,0,0,0,0,2,0.16273393002441008,0
2,1369,0,0,0,0,0,0,0,1,0.16273393002441008,1
2,1369,0,0,0,0,0,0,0,2,0.16273393002441008,1
2,1370,0,0,0,0,0,0,0,1,0.16273393002441008,2
2,1370,0,0,0,0,0,0,0,2,0.16273393002441008,2
2,1371,0,0,0,0,0,0,0,1,0.16273393002441008,3
2,1371,0,0,0,0,0,0,0,2,0.16273393002441008,3
2,1372,0,0,0,0,0,0,0,1,0.16273393002441008,4
2,1372,0,0,0,0,0,0,0,2,0.16273393002441008,4
2,1373,0,0,0,0,0,0,0,1,0.16273393002441008,5
2,1373,0,0,0,0,0,0,0,2,0.16273393002441008,5
2,1374,0,0,0,0,0,0,0,1,0.16273393002441008,6
2,1374,0,0,0,0,0,0,0,2,0.16273393002441008,6
2,1375,0,0,0,0,0,0,0,1,0.16273393002441008,7
2,1375,0,0,0,0,0,0,0,2,0.16273393002441008,7
2,1376,0,0,0,0,0,0,0,1,0.16273393002441008,8
2,1376,0,0,0,0,0,0,0,2,0.16273393002441008,8
2,1377,0,0,0,0,0,0,0,1,0.16273393002441008,9
2,1377,0,0,0,0,0,0,0,2,0.16273393002441008,9
2,1378,0,0,0,0,0,0,0,1,0.16273393002441008,10
2,1378,0,0,0,0,0,0,0,2,0.16273393002441008,10
2,1379,0,0,0,0,0,0,0,1,0.16273393002441008,11
2,1379,0,0,0,0,0,0,0,2,0.16273393002441008,11
2,1380,0,0,0,0,0,0,0,1,0.16273393002441008,12
2,1380,0,0,0,0,0,0,0,2,0.16273393002441008,12
2,1381,0,0,0,0,0,0,0,1,0.16273393002441008,13
2,1381,0,0,0,0,0,0,0,2,0.16273393002441008,13
2,1382,0,0,0,0,0,0,0,1,0.16273393002441008,14
2,1382,0,0,0,0,0,0,0,2,0.16273393002441008,14
2,1383,0,0,0,0,0,0,0,1,0.16273393002441008,15
2,1383,0,0,0,0,0,0,0,2,0.16273393002441008,15
2,1384,0,0,0,0,0,0,0,1,0.16273393002441008,16
2,1384,0,0,0,0,0,0,0,2,0.16273393002441008,16
2,1385,0,0,0,0,0,0,0,1,0.16273393002441008,17
2,1385,0,0,0,0,0,0,0,2,0.16273393002441008,17
2,1386,0,0,0,0,0,0,0,1,0.16273393002441008,18
2,1386,0,0,0,0,0,0,0,2,0.16273393002441008,18
2,1387,0,0,0,0,0,0,0,1,0.16273393002441008,19
2,1387,0,0,0,0,0,0,0,2,0.16273393002441008,19
2,1388,0,0,0,0,0,0,0,1,0.16273393002441008,20
2,1388,0,0,0,0,0,0,0,2,0.16273393002441008,20
2,1389,0,0,0,0,0,0,0,1,0.16273393002441008,21
2,1389,0,0,0,0,0,0,0,2,0.16273393002441008,21
2,1390,0,0,0,0,0,0,0,1,0.16273393002441008,22
2,1390,0,0,0,0,0,0,0,2,0.16273393002441008,22
2,1391,0,0,0,0,0,0,0,1,0.16273393002441008,23
2,1391,0,0,0,0,0,0,0,2,0.16273393002441008,23
2,1392,0,0,0,0,0,0,0,1,0.16273393002441008,0
2,1392,0,0,0,0,0,0,0,2,0.16273393002441008,0
2,1393,0,0,0,0,0,0,0,1,0.16273393002441008,1
2,1393,0,0,0,0,0,0,0,2,0.16273393002441008,1
2,1394,0,0,0,0,0,0,0,1,0.16273393002441008,2
2,1394,0,0,0,0,0,0,0,2,0.16273393002441008,2
2,1395,0,0,0,0,0,0,0,1,0.16273393002441008,3
2,1395,0,0,0,0,0,0,0,2,0.16273393002441008,3
2,1396,0,0,0,0,0,0,0,1,0.16273393002441008,4
2,1396,0,0,0,0,0,0,0,2,0.16273393002441008,4
2,1397,0,0,0,0,0,0,0,1,0.16273393002441008,5
2,1397,0,0,0,0,0,0,0,2,0.16273393002441008,5
2,1398,0,0,0,0,0,0,0,1,0.16273393002441008,6
2,1398,0,0,0,0,0,0,0,2,0.16273393002441008,6
2,1399,0,0,0,0,0,0,0,1,0.16273393002441008,7
2,1399,0,0,0,0,0,0,0,2,0.16273393002441008,7
2,1400,0,0,0,0,0,0,0,1,0.16273393002441008,8
2,1400,0,0,0,0,0,0,0,2,0.16273393002441008,8
2,1401,0,0,0,0,0,0,0,1,0.16273393002441008,9
2,1401,0,0,0,0,0,0,0,2,0.16273393002441008,9
2,1402,0,0,0,0,0,0,0,1,0.16273393002441008,10
2,1402,0,0,0,0,0,0,0,2,0.16273393002441008,10
2,1403,0,0,0,0,0,0,0,1,0.16273393002441008,11
2,1403,0,0,0,0,0,0,0,2,0.16273393002441008,11
2,1404,0,0,0,0,0,0,0,1,0.16273393002441008,12
2,1404,0,0,0,0,0,0,0,2,0.16273393002441008,12
2,1405,0,0,0,0,0,0,0,1,0.16273393002441008,13
2,1405,0,0,0,0,0,0,0,2,0.16273393002441008,13
2,1406,0,0,0,0,0,0,0,1,0.16273393002441008,14
2,1406,0,0,0,0,0,0,0,2,0.16273393002441008,14
2,1407,0,0,0,0,0,0,0,1,0.16273393002441008,15
2,1407,0,0,0,0,0,0,0,2,0.16273393002441008,15
2,1408,0,0,0,0,0,0,0,1,0.16273393002441008,16
2,1408,0,0,0,0,0,0,0,2,0.16273393002441008,16
2,1409,0,0,0,0,0,0,0,1,0.16273393002441008,17
2,1409,0,0,0,0,0,0,0,2,0.16273393002441008,17
2,1410,0,0,0,0,0,0,0,1,0.16273393002441008,18
2,1410,0,0,0,0,0,0,0,2,0.16273393002441008,18
2,1411,0,0,0,0,0,0,0,1,0.16273393002441008,19
2,1411,0,0,0,0,0,0,0,2,0.16273393002441008,19
2,1412,0,0,0,0,0,0,0,1,0.16273393002441008,20
2,1412,0,0,0,0,0,0,0,2,0.16273393002441008,20
2,1413,0,0,0,0,0,0,0,1,0.16273393002441008,21
2,1413,0,0,0,0,0,0,0,2,0.16273393002441008,21
2,1414,0,0,0,0,0,0,0,1,0.16273393002441008,22
2,1414,0,0,0,0,0,0,0,2,0.16273393002441008,22
2,1415,0,0,0,0,0,0,0,1,0.16273393002441008,23
2,1415,0,0,0,0,0,0,0,2,0.16273393002441008,23
2,1416,0,0,0,0,0,0,0,1,0.16273393002441008,0
2,1416,0,0,0,0,0,0,0,2,0.16273393002441008,0
2,1417,0,0,0,0,0,0,0,1,0.16273393002441008,1
2,1417,0,0,0,0,0,0,0,2,0.16273393002441008,1
2,1418,0,0,0,0,0,0,0,1,0.16273393002441008,2
2,1418,0,0,0,0,0,0,0,2,0.16273393002441008,2
2,1419,0,0,0,0,0,0,0,1,0.16273393002441008,3
2,1419,0,0,0,0,0,0,0,2,0.16273393002441008,3
2,1420,0,0,0,0,0,0,0,1,0.16273393002441008,4
2,1420,0,0,0,0,0,0,0,2,0.16273393002441008,4
2,1421,0,0,0,0,0,0,0,1,0.16273393002441008,5
2,1421,0,0,0,0,0,0,0,2,0.16273393002441008,5
2,1422,0,0,0,0,0,0,0,1,0.16273393002441008,6
2,1422,0,0,0,0,0,0,0,2,0.16273393002441008,6
2,1423,0,0,0,0,0,0,0,1,0.16273393002441008,7
2,1423,0,0,0,0,0,0,0,2,0.16273393002441008,7
2,1424,0,0,0,0,0,0,0,1,0.16273393002441008,8
2,1424,0,0,0,0,0,0,0,2,0.16273393002441008,8
2,1425,0,0,0,0,0,0,0,1,0.16273393002441008,9
2,1425,0,0,0,0,0,0,0,2,0.16273393002441008,9
2,1426,0,0,0,0,0,0,0,1,0.16273393002441008,10
2,1426,0,0,0,0,0,0,0,2,0.16273393002441008,10
2,1427,0,0,0,0,0,0,0,1,0.16273393002441008,11
2,1427,0,0,0,0,0,0,0,2,0.16273393002441008,11
2,1428,0,0,0,0,0,0,0,1,0.16273393002441008,12
2,1428,0,0,0,0,0,0,0,2,0.16273393002441008,12
2,1429,0,0,0,0,0,0,0,1,0.16273393002441008,13
2,1429,0,0,0,0,0,0,0,2,0.16273393002441008,13
2,1430,0,0,0,0,0,0,0,1,0.16273393002441008,14
2,1430,0,0,0,0,0,0,0,2,0.16273393002441008,14
2,1431,0,0,0,0,0,0,0,1,0.16273393002441008,15
2,1431,0,0,0,0,0,0,0,2,0.16273393002441008,15
2,1432,0,0,0,0,0,0,0,1,0.16273393002441008,16
2,1432,0,0,0,0,0,0,0,2,0.16273393002441008,16
2,1433,0,0,0,0,0,0,0,1,0.16273393002441008,17
2,1433,0,0,0,0,0,0,0,2,0.16273393002441008,17
2,1434,0,0,0,0,0,0,0,1,0.16273393002441008,18
2,1434,0,0,0,0,0,0,0,2,0.16273393002441008,18
2,1435,0,0,0,0,0,0,0,1,0.16273393002441008,19
2,1435,0,0,0,0,0,0,0,2,0.16273393002441008,19
2,1436,0,0,0,0,0,0,0,1,0.16273393002441008,20
2,1436,0,0,0,0,0,0,0,2,0.16273393002441008,20
2,1437,0,0,0,0,0,0,0,1,0.16273393002441008,21
2,1437,0,0,0,0,0,0,0,2,0.16273393002441008,21
2,1438,0,0,0,0,0,0,0,1,0.16273393002441008,22
2,1438,0,0,0,0,0,0,0,2,0.16273393002441008,22
2,1439,0,0,0,0,0,0,0,1,0.16273393002441008,23
2,1439,0,0,0,0,0,0,0,2,0.16273393002441008,23
2,1440,0,0,0,0,0,0,0,1,0.16273393002441008,0
2,1440,0,0,0,0,0,0,0,2,0.16273393002441008,0
2,1441,0,0,0,0,0,0,0,1,0.16273393002441008,1
2,1441,0,0,0,0,0,0,0,2,0.16273393002441008,1
2,1442,0,0,0,0,0,0,0,1,0.16273393002441008,2
2,1442,0,0,0,0,0,0,0,2,0.16273393002441008,2
2,1443,0,0,0,0,0,0,0,1,0.16273393002441008,3
2,1443,0,0,0,0,0,0,0,2,0.16273393002441008,3
2,1444,0,0,0,0,0,0,0,1,0.16273393002441008,4
2,1444,0,0,0,0,0,0,0,2,0.16273393002441008,4
2,1445,0,0,0,0,0,0,0,1,0.16273393002441008,5
2,1445,0,0,0,0,0,0,0,2,0.16273393002441008,5
2,1446,0,0,0,0,0,0,0,1,0.16273393002441008,6
2,1446,0,0,0,0,0,0,0,2,0.16273393002441008,6
2,1447,0,0,0,0,0,0,0,1,0.16273393002441008,7
2,1447,0,0,0,0,0,0,0,2,0.16273393002441008,7
2,1448,0,0,0,0,0,0,0,1,0.16273393002441008,8
2,1448,0,0,0,0,0,0,0,2,0.16273393002441008,8
2,1449,0,0,0,0,0,0,0,1,0.16273393002441008,9
2,1449,0,0,0,0,0,0,0,2,0.16273393002441008,9
2,1450,0,0,0,0,0,0,0,1,0.16273393002441008,10
2,1450,0,0,0,0,0,0,0,2,0.16273393002441008,10
2,1451,0,0,0,0,0,0,0,1,0.16273393002441008,11
2,1451,0,0,0,0,0,0,0,2,0.16273393002441008,11
2,1452,0,0,0,0,0,0,0,1,0.16273393002441008,12
2,1452,0,0,0,0,0,0,0,2,0.16273393002441008,12
2,1453,0,0,0,0,0,0,0,1,0.16273393002441008,13
2,1453,0,0,0,0,0,0,0,2,0.16273393002441008,13
2,1454,0,0,0,0,0,0,0,1,0.16273393002441008,14
2,1454,0,0,0,0,0,0,0,2,0.16273393002441008,14
2,1455,0,0,0,0,0,0,0,1,0.16273393002441008,15
2,1455,0,0,0,0,0,0,0,2,0.16273393002441008,15
2,1456,0,0,0,0,0,0,0,1,0.16273393002441008,16
2,1456,0,0,0,0,0,0,0,2,0.16273393002441008,16
2,1457,0,0,0,0,0,0,0,1,0.16273393002441008,17
2,1457,0,0,0,0,0,0,0,2,0.16273393002441008,17
2,1458,0,0,0,0,0,0,0,1,0.16273393002441008,18
2,1458,0,0,0,0,0,0,0,2,0.16273393002441008,18
2,1459,0,0,0,0,0,0,0,1,0.16273393002441008,19
2,1459,0,0,0,0,0,0,0,2,0.16273393002441008,19
2,1460,0,0,0,0,0,0,0,1,0.16273393002441008,20
2,1460,0,0,0,0,0,0,0,2,0.16273393002441008,20
2,1461,0,0,0,0,0,0,0,1,0.16273393002441008,21
2,1461,0,0,0,0,0,0,0,2,0.16273393002441008,21
2,1462,0,0,0,0,0,0,0,1,0.16273393002441008,22
2,1462,0,0,0,0,0,0,0,2,0.16273393002441008,22
2,1463,0,0,0,0,0,0,0,1,0.16273393002441008,23
2,1463,0,0,0,0,0,0,0,2,0.16273393002441008,23
2,1464,0,0,0,0,0,0,0,1,0.16273393002441008,0
2,1464,0,0,0,0,0,0,0,2,0.16273393002441008,0
2,1465,0,0,0,0,0,0,0,1,0.16273393002441008,1
2,1465,0,0,0,0,0,0,0,2,0.16273393002441008,1
2,1466,0,0,0,0,0,0,0,1,0.16273393002441008,2
2,1466,0,0,0,0,0,0,0,2,0.16273393002441008,2
2,1467,0,0,0,0,0,0,0,1,0.16273393002441008,3
2,1467,0,0,0,0,0,0,0,2,0.16273393002441008,3
2,1468,0,0,0,0,0,0,0,1,0.16273393002441008,4
2,1468,0,0,0,0,0,0,0,2,0.16273393002441008,4
2,1469,0,0,0,0,0,0,0,1,0.16273393002441008,5
2,1469,0,0,0,0,0,0,0,2,0.16273393002441008,5
2,1470,0,0,0,0,0,0,0,1,0.16273393002441008,6
2,1470,0,0,0,0,0,0,0,2,0.16273393002441008,6
2,1471,0,0,0,0,0,0,0,1,0.16273393002441008,7
2,1471,0,0,0,0,0,0,0,2,0.16273393002441008,7
2,1472,0,0,0,0,0,0,0,1,0.16273393002441008,8
2,1472,0,0,0,0,0,0,0,2,0.16273393002441008,8
2,1473,0,0,0,0,0,0,0,1,0.16273393002441008,9
2,1473,0,0,0,0,0,0,0,2,0.16273393002441008,9
2,1474,0,0,0,0,0,0,0,1,0.16273393002441008,10
2,1474,0,0,0,0,0,0,0,2,0.16273393002441008,10
2,1475,0,0,0,0,0,0,0,1,0.16273393002441008,11
2,1475,0,0,0,0,0,0,0,2,0.16273393002441008,11
2,1476,0,0,0,0,0,0,0,1,0.16273393002441008,12
2,1476,0,0,0,0,0,0,0,2,0.16273393002441008,12
2,1477,0,0,0,0,0,0,0,1,0.16273393002441008,13
2,1477,0,0,0,0,0,0,0,2,0.16273393002441008,13
2,1478,0,0,0,0,0,0,0,1,0.16273393002441008,14
2,1478,0,0,0,0,0,0,0,2,0.16273393002441008,14
2,1479,0,0,0,0,0,0,0,1,0.16273393002441008,15
2,1479,0,0,0,0,0,0,0,2,0.16273393002441008,15
2,1480,0,0,0,0,0,0,0,1,0.16273393002441008,16
2,1480,0,0,0,0,0,0,0,2,0.16273393002441008,16
2,1481,0,0,0,0,0,0,0,1,0.16273393002441008,17
2,1481,0,0,0,0,0,0,0,2,0.16273393002441008,17
2,1482,0,0,0,0,0,0,0,1,0.16273393002441008,18
2,1482,0,0,0,0,0,0,0,2,0.16273393002441008,18
2,1483,0,0,0,0,0,0,0,1,0.16273393002441008,19
2,1483,0,0,0,0,0,0,0,2,0.16273393002441008,19
2,1484,0,0,0,0,0,0,0,1,0.16273393002441008,20
2,1484,0,0,0,0,0,0,0,2,0.16273393002441008,20
2,1485,0,0,0,0,0,0,0,1,0.16273393002441008,21
2,1485,0,0,0,0,0,0,0,2,0.16273393002441008,21
2,1486,0,0,0,0,0,0,0,1,0.16273393002441008,22
2,1486,0,0,0,0,0,0,0,2,0.16273393002441008,22
2,1487,0,0,0,0,0,0,0,1,0.16273393002441008,23
2,1487,0,0,0,0,0,0,0,2,0.16273393002441008,23
2,1488,0,0,0,0,0,0,0,1,0.16273393002441008,0
2,1488,0,0,0,0,0,0,0,2,0.16273393002441008,0
2,1489,0,0,0,0,0,0,0,1,0.16273393002441008,1
2,1489,0,0,0,0,0,0,0,2,0.16273393002441008,1
2,1490,0,0,0,0,0,0,0,1,0.16273393002441008,2
2,1490,0,0,0,0,0,0,0,2,0.16273393002441008,2
2,1491,0,0,0,0,0,0,0,1,0.16273393002441008,3
2,1491,0,0,0,0,0,0,0,2,0.16273393002441008,3
2,1492,0,0,0,0,0,0,0,1,0.16273393002441008,4
2,1492,0,0,0,0,0,0,0,2,0.16273393002441008,4
2,1493,0,0,0,0,0,0,0,1,0.16273393002441008,5
2,1493,0,0,0,0,0,0,0,2,0.16273393002441008,5
2,1494,0,0,0,0,0,0,0,1,0.16273393002441008,6
2,1494,0,0,0,0,0,0,0,2,0.16273393002441008,6
2,1495,0,0,0,0,0,0,0,1,0.16273393002441008,7
2,1495,0,0,0,0,0,0,0,2,0.16273393002441008,7
2,1496,0,0,0,0,0,0,0,1,0.16273393002441008,8
2,1496,0,0,0,0,0,0,0,2,0.16273393002441008,8
2,1497,0,0,0,0,0,0,0,1,0.16273393002441008,9
2,1497,0,0,0,0,0,0,0,2,0.16273393002441008,9
2,1498,0,0,0,0,0,0,0,1,0.16273393002441008,10
2,1498,0,0,0,0,0,0,0,2,0.16273393002441008,10
2,1499,0,0,0,0,0,0,0,1,0.16273393002441008,11
2,1499,0,0,0,0,0,0,0,2,0.16273393002441008,11
2,1500,0,0,0,0,0,0,0,1,0.16273393002441008,12
2,1500,0,0,0,0,0,0,0,2,0.16273393002441008,12
2,1501,0,0,0,0,0,0,0,1,0.16273393002441008,13
2,1501,0,0,0,0,0,0,0,2,0.16273393002441008,13
2,1502,0,0,0,0,0,0,0,1,0.16273393002441008,14
2,1502,0,0,0,0,0,0,0,2,0.16273393002441008,14
2,1503,0,0,0,0,0,0,0,1,0.16273393002441008,15
2,1503,0,0,0,0,0,0,0,2,0.16273393002441008,15
2,1504,0,0,0,0,0,0,0,1,0.16273393002441008,16
2,1504,0,0,0,0,0,0,0,2,0.16273393002441008,16
2,1505,0,0,0,0,0,0,0,1,0.16273393002441008,17
2,1505,0,0,0,0,0,0,0,2,0.16273393002441008,17
2,1506,0,0,0,0,0,0,0,1,0.16273393002441008,18
2,1506,0,0,0,0,0,0,0,2,0.16273393002441008,18
2,1507,0,0,0,0,0,0,0,1,0.16273393002441008,19
2,1507,0,0,0,0,0,0,0,2,0.16273393002441008,19
2,1508,0,0,0,0,0,0,0,1,0.16273393002441008,20
2,1508,0,0,0,0,0,0,0,2,0.16273393002441008,20
2,1509,0,0,0,0,0,0,0,1,0.16273393002441008,21
2,1509,0,0,0,0,0,0,0,2,0.16273393002441008,21
2,1510,0,0,0,0,0,0,0,1,0.16273393002441008,22
2,1510,0,0,0,0,0,0,0,2,0.16273393002441008,22
2,1511,0,0,0,0,0,0,0,1,0.16273393002441008,23
2,1511,0,0,0,0,0,0,0,2,0.16273393002441008,23
2,1512,0,0,0,0,0,0,0,1,0.16273393002441008,0
2,1512,0,0,0,0,0,0,0,2,0.16273393002441008,0
2,1513,0,0,0,0,0,0,0,1,0.16273393002441008,1
2,1513,0,0,0,0,0,0,0,2,0.16273393002441008,1
2,1514,0,0,0,0,0,0,0,1,0.16273393002441008,2
2,1514,0,0,0,0,0,0,0,2,0.16273393002441008,2
2,1515,0,0,0,0,0,0,0,1,0.16273393002441008,3
2,1515,0,0,0,0,0,0,0,2,0.16273393002441008,3
2,1516,0,0,0,0,0,0,0,1,0.16273393002441008,4
2,1516,0,0,0,0,0,0,0,2,0.16273393002441008,4
2,1517,0,0,0,0,0,0,0,1,0.16273393002441008,5
2,1517,0,0,0,0,0,0,0,2,0.16273393002441008,5
2,1518,0,0,0,0,0,0,0,1,0.16273393002441008,6
2,1518,0,0,0,0,0,0,0,2,0.16273393002441008,6
2,1519,0,0,0,0,0,0,0,1,0.16273393002441008,7
2,1519,0,0,0,0,0,0,0,2,0.16273393002441008,7
2,1520,0,0,0,0,0,0,0,1,0.16273393002441008,8
2,1520,0,0,0,0,0,0,0,2,0.16273393002441008,8
2,1521,0,0,0,0,0,0,0,1,0.16273393002441008,9
2,1521,0,0,0,0,0,0,0,2,0.16273393002441008,9
2,1522,0,0,0,0,0,0,0,1,0.16273393002441008,10
2,1522,0,0,0,0,0,0,0,2,0.16273393002441008,10
2,1523,0,0,0,0,0,0,0,1,0.16273393002441008,11
2,1523,0,0,0,0,0,0,0,2,0.16273393002441008,11
2,1524,0,0,0,0,0,0,0,1,0.16273393002441008,12
2,1524,0,0,0,0,0,0,0,2,0.16273393002441008,12
2,1525,0,0,0,0,0,0,0,1,0.16273393002441008,13
2,1525,0,0,0,0,0,0,0,2,0.16273393002441008,13
2,1526,0,0,0,0,0,0,0,1,0.16273393002441008,14
2,1526,0,0,0,0,0,0,0,2,0.16273393002441008,14
2,1527,0,0,0,0,0,0,0,1,0.16273393002441008,15
2,1527,0,0,0,0,0,0,0,2,0.16273393002441008,15
2,1528,0,0,0,0,0,0,0,1,0.16273393002441008,16
2,1528,0,0,0,0,0,0,0,2,0.16273393002441008,16
2,1529,0,0,0,0,0,0,0,1,0.16273393002441008,17
2,1529,0,0,0,0,0,0,0,2,0.16273393002441008,17
2,1530,0,0,0,0,0,0,0,1,0.16273393002441008,18
2,1530,0,0,0,0,0,0,0,2,0.16273393002441008,18
2,1531,0,0,0,0,0,0,0,1,0.16273393002441008,19
2,1531,0,0,0,0,0,0,0,2,0.16273393002441008,19
2,1532,0,0,0,0,0,0,0,1,0.16273393002441008,20
2,1532,0,0,0,0,0,0,0,2,0.16273393002441008,20
2,1533,0,0,0,0,0,0,0,1,0.16273393002441008,21
2,1533,0,0,0,0,0,0,0,2,0.16273393002441008,21
2,1534,0,0,0,0,0,0,0,1,0.16273393002441008,22
2,1534,0,0,0,0,0,0,0,2,0.16273393002441008,22
2,1535,0,0,0,0,0,0,0,1,0.16273393002441008,23
2,1535,0,0,0,0,0,0,0,2,0.16273393002441008,23
2,1536,0,0,0,0,0,0,0,1,0.16273393002441008,0
2,1536,0,0,0,0,0,0,0,2,0.16273393002441008,0
2,1537,0,0,0,0,0,0,0,1,0.16273393002441008,1
2,1537,0,0,0,0,0,0,0,2,0.16273393002441008,1
2,1538,0,0,0,0,0,0,0,1,0.16273393002441008,2
2,1538,0,0,0,0,0,0,0,2,0.16273393002441008,2
2,1539,0,0,0,0,0,0,0,1,0.16273393002441008,3
2,1539,0,0,0,0,0,0,0,2,0.16273393002441008,3
2,1540,0,0,0,0,0,0,0,1,0.16273393002441008,4
2,1540,0,0,0,0,0,0,0,2,0.16273393002441008,4
2,1541,0,0,0,0,0,0,0,1,0.16273393002441008,5
2,1541,0,0,0,0,0,0,0,2,0.16273393002441008,5
2,1542,0,0,0,0,0,0,0,1,0.16273393002441008,6
2,1542,0,0,0,0,0,0,0,2,0.16273393002441008,6
2,1543,0,0,0,0,0,0,0,1,0.16273393002441008,7
2,1543,0,0,0,0,0,0,0,2,0.16273393002441008,7
2,1544,0,0,0,0,0,0,0,1,0.16273393002441008,8
2,1544,0,0,0,0,0,0,0,2,0.16273393002441008,8
2,1545,0,0,0,0,0,0,0,1,0.16273393002441008,9
2,1545,0,0,0,0,0,0,0,2,0.16273393002441008,9
2,1546,0,0,0,0,0,0,0,1,0.16273393002441008,10
2,1546,0,0,0,0,0,0,0,2,0.16273393002441008,10
2,1547,0,0,0,0,0,0,0,1,0.16273393002441008,11
2,1547,0,0,0,0,0,0,0,2,0.16273393002441008,11
2,1548,0,0,0,0,0,0,0,1,0.16273393002441008,12
2,1548,0,0,0,0,0,0,0,2,0.16273393002441008,12
2,1549,0,0,0,0,0,0,0,1,0.16273393002441008,13
2,1549,0,0,0,0,0,0,0,2,0.16273393002441008,13
2,1550,0,0,0,0,0,0,0,1,0.16273393002441008,14
2,1550,0,0,0,0,0,0,0,2,0.16273393002441008,14
2,1551,0,0,0,0,0,0,0,1,0.16273393002441008,15
2,1551,0,0,0,0,0,0,0,2,0.16273393002441008,15
2,1552,0,0,0,0,0,0,0,1,0.16273393002441008,16
2,1552,0,0,0,0,0,0,0,2,0.16273393002441008,16
2,1553,0,0,0,0,0,0,0,1,0.16273393002441008,17
2,1553,0,0,0,0,0,0,0,2,0.16273393002441008,17
2,1554,0,0,0,0,0,0,0,1,0.16273393002441008,18
2,1554,0,0,0,0,0,0,0,2,0.16273393002441008,18
2,1555,0,0,0,0,0,0,0,1,0.16273393002441008,19
2,1555,0,0,0,0,0,0,0,2,0.16273393002441008,19
2,1556,0,0,0,0,0,0,0,1,0.16273393002441008,20
2,1556,0,0,0,0,0,0,0,2,0.16273393002441008,20
2,1557,0,0,0,0,0,0,0,1,0.16273393002441008,21
2,1557,0,0,0,0,0,0,0,2,0.16273393002441008,21
2,1558,0,0,0,0,0,0,0,1,0.16273393002441008,22
2,1558,0,0,0,0,0,0,0,2,0.16273393002441008,22
2,1559,0,0,0,0,0,0,0,1,0.16273393002441008,23
2,1559,0,0,0,0,0,0,0,2,0.16273393002441008,23
2,1560,0,0,0,0,0,0,0,1,0.16273393002441008,0
2,1560,0,0,0,0,0,0,0,2,0.16273393002441008,0
2,1561,0,0,0,0,0,0,0,1,0.16273393002441008,1
2,1561,0,0,0,0,0,0,0,2,0.16273393002441008,1
2,1562,0,0,0,0,0,0,0,1,0.16273393002441008,2
2,1562,0,0,0,0,0,0,0,2,0.16273393002441008,2
2,1563,0,0,0,0,0,0,0,1,0.16273393002441008,3
2,1563,0,0,0,0,0,0,0,2,0.16273393002441008,3
2,1564,0,0,0,0,0,0,0,1,0.16273393002441008,4
2,1564,0,0,0,0,0,0,0,2,0.16273393002441008,4
2,1565,0,0,0,0,0,0,0,1,0.16273393002441008,5
2,1565,0,0,0,0,0,0,0,2,0.16273393002441008,5
2,1566,0,0,0,0,0,0,0,1,0.16273393002441008,6
2,1566,0,0,0,0,0,0,0,2,0.16273393002441008,6
2,1567,0,0,0,0,0,0,0,1,0.16273393002441008,7
2,1567,0,0,0,0,0,0,0,2,0.16273393002441008,7
2,1568,0,0,0,0,0,0,0,1,0.16273393002441008,8
2,1568,0,0,0,0,0,0,0,2,0.16273393002441008,8
2,1569,0,0,0,0,0,0,0,1,0.16273393002441008,9
2,1569,0,0,0,0,0,0,0,2,0.16273393002441008,9
2,1570,0,0,0,0,0,0,0,1,0.16273393002441008,10
2,1570,0,0,0,0,0,0,0,2,0.16273393002441008,10
2,1571,0,0,0,0,0,0,0,1,0.16273393002441008,11
2,1571,0,0,0,0,0,0,0,2,0.16273393002441008,11
2,1572,0,0,0,0,0,0,0,1,0.16273393002441008,12
2,1572,0,0,0,0,0,0,0,2,0.16273393002441008,12
2,1573,0,0,0,0,0,0,0,1,0.16273393002441008,13
2,1573,0,0,0,0,0,0,0,2,0.16273393002441008,13
2,1574,0,0,0,0,0,0,0,1,0.16273393002441008,14
2,1574,0,0,0,0,0,0,0,2,0.16273393002441008,14
2,1575,0,0,0,0,0,0,0,1,0.16273393002441008,15
2,1575,0,0,0,0,0,0,0,2,0.16273393002441008,15
2,1576,0,0,0,0,0,0,0,1,0.16273393002441008,16
2,1576,0,0,0,0,0,0,0,2,0.16273393002441008,16
2,1577,0,0,0,0,0,0,0,1,0.16273393002441008,17
2,1577,0,0,0,0,0,0,0,2,0.16273393002441008,17
2,1578,0,0,0,0,0,0,0,1,0.16273393002441008,18
2,1578,0,0,0,0,0,0,0,2,0.16273393002441008,18
2,1579,0,0,0,0,0,0,0,1,0.16273393002441008,19
2,1579,0,0,0,0,0,0,0,2,0.16273393002441008,19
2,1580,0,0,0,0,0,0,0,1,0.16273393002441008,20
2,1580,0,0,0,0,0,0,0,2,0.16273393002441008,20
2,1581,0,0,0,0,0,0,0,1,0.16273393002441008,21
2,1581,0,0,0,0,0,0,0,2,0.16273393002441008,21
2,1582,0,0,0,0,0,0,0,1,0.16273393002441008,22
2,1582,0,0,0,0,0,0,0,2,0.16273393002441008,22
2,1583,0,0,0,0,0,0,0,1,0.16273393002441008,23
2,1583,0,0,0,0,0,0,0,2,0.16273393002441008,23
2,1584,0,0,0,0,0,0,0,1,0.16273393002441008,0
2,1584,0,0,0,0,0,0,0,2,0.16273393002441008,0
2,1585,0,0,0,0,0,0,0,1,0.16273393002441008,1
2,1585,0,0,0,0,0,0,0,2,0.16273393002441008,1
2,1586,0,0,0,0,0,0,0,1,0.16273393002441008,2
2,1586,0,0,0,0,0,0,0,2,0.16273393002441008,2
2,1587,0,0,0,0,0,0,0,1,0.16273393002441008,3
2,1587,0,0,0,0,0,0,0,2,0.16273393002441008,3
2,1588,0,0,0,0,0,0,0,1,0.16273393002441008,4
2,1588,0,0,0,0,0,0,0,2,0.16273393002441008,4
2,1589,0,0,0,0,0,0,0,1,0.16273393002441008,5
2,1589,0,0,0,0,0,0,0,2,0.16273393002441008,5
2,1590,0,0,0,0,0,0,0,1,0.16273393002441008,6
2,1590,0,0,0,0,0,0,0,2,0.16273393002441008,6
2,1591,0,0,0,0,0,0,0,1,0.16273393002441008,7
2,1591,0,0,0,0,0,0,0,2,0.16273393002441008,7
2,1592,0,0,0,0,0,0,0,1,0.16273393002441008,8
2,1592,0,0,0,0,0,0,0,2,0.16273393002441008,8
2,1593,0,0,0,0,0,0,0,1,0.16273393002441008,9
2,1593,0,0,0,0,0,0,0,2,0.16273393002441008,9
2,1594,0,0,0,0,0,0,0,1,0.16273393002441008,10
2,1594,0,0,0,0,0,0,0,2,0.16273393002441008,10
2,1595,0,0,0,0,0,0,0,1,0.16273393002441008,11
2,1595,0,0,0,0,0,0,0,2,0.16273393002441008,11
2,1596,0,0,0,0,0,0,0,1,0.16273393002441008,12
2,1596,0,0,0,0,0,0,0,2,0.16273393002441008,12
2,1597,0,0,0,0,0,0,0,1,0.16273393002441008,13
2,1597,0,0,0,0,0,0,0,2,0.16273393002441008,13
2,1598,0,0,0,0,0,0,0,1,0.16273393002441008,14
2,1598,0,0,0,0,0,0,0,2,0.16273393002441008,14
2,1599,0,0,0,0,0,0,0,1,0.16273393002441008,15
2,1599,0,0,0,0,0,0,0,2,0.16273393002441008,15
2,1600,0,0,0,0,0,0,0,1,0.16273393002441008,16
2,1600,0,0,0,0,0,0,0,2,0.16273393002441008,16
2,1601,0,0,0,0,0,0,0,1,0.16273393002441008,17
2,1601,0,0,0,0,0,0,0,2,0.16273393002441008,17
2,1602,0,0,0,0,0,0,0,1,0.16273393002441008,18
2,1602,0,0,0,0,0,0,0,2,0.16273393002441008,18
2,1603,0,0,0,0,0,0,0,1,0.16273393002441008,19
2,1603,0,0,0,0,0,0,0,2,0.16273393002441008,19
2,1604,0,0,0,0,0,0,0,1,0.16273393002441008,20
2,1604,0,0,0,0,0,0,0,2,0.16273393002441008,20
2,1605,0,0,0,0,0,0,0,1,0.16273393002441008,21
2,1605,0,0,0,0,0,0,0,2,0.16273393002441008,21
2,1606,0,0,0,0,0,0,0,1,0.16273393002441008,22
2,1606,0,0,0,0,0,0,0,2,0.16273393002441008,22
2,1607,0,0,0,0,0,0,0,1,0.16273393002441008,23
2,1607,0,0,0,0,0,0,0,2,0.16273393002441008,23
2,1608,0,0,0,0,0,0,0,1,0.16273393002441008,0
2,1608,0,0,0,0,0,0,0,2,0.16273393002441008,0
2,1609,0,0,0,0,0,0,0,1,0.16273393002441008,1
2,1609,0,0,0,0,0,0,0,2,0.16273393002441008,1
2,1610,0,0,0,0,0,0,0,1,0.16273393002441008,2
2,1610,0,0,0,0,0,0,0,2,0.16273393002441008,2
2,1611,0,0,0,0,0,0,0,1,0.16273393002441008,3
2,1611,0,0,0,0,0,0,0,2,0.16273393002441008,3
2,1612,0,0,0,0,0,0,0,1,0.16273393002441008,4
2,1612,0,0,0,0,0,0,0,2,0.16273393002441008,4
2,1613,0,0,0,0,0,0,0,1,0.16273393002441008,5
2,1613,0,0,0,0,0,0,0,2,0.16273393002441008,5
2,1614,0,0,0,0,0,0,0,1,0.16273393002441008,6
2,1614,0,0,0,0,0,0,0,2,0.16273393002441008,6
2,1615,0,0,0,0,0,0,0,1,0.16273393002441008,7
2,1615,0,0,0,0,0,0,0,2,0.16273393002441008,7
2,1616,0,0,0,0,0,0,0,1,0.16273393002441008,8
2,1616,0,0,0,0,0,0,0,2,0.16273393002441008,8
2,1617,0,0,0,0,0,0,0,1,0.16273393002441008,9
2,1617,0,0,0,0,0,0,0,2,0.16273393002441008,9
2,1618,0,0,0,0,0,0,0,1,0.16273393002441008,10
2,1618,0,0,0,0,0,0,0,2,0.16273393002441008,10
2,1619,0,0,0,0,0,0,0,1,0.16273393002441008,11
2,1619,0,0,0,0,0,0,0,2,0.16273393002441008,11
2,1620,0,0,0,0,0,0,0,1,0.16273393002441008,12
2,1620,0,0,0,0,0,0,0,2,0.16273393002441008,12
2,1621,0,0,0,0,0,0,0,1,0.16273393002441008,13
2,1621,0,0,0,0,0,0,0,2,0.16273393002441008,13
2,1622,0,0,0,0,0,0,0,1,0.16273393002441008,14
2,1622,0,0,0,0,0,0,0,2,0.16273393002441008,14
2,1623,0,0,0,0,0,0,0,1,0.16273393002441008,15
2,1623,0,0,0,0,0,0,0,2,0.16273393002441008,15
2,1624,0,0,0,0,0,0,0,1,0.16273393002441008,16
2,1624,0,0,0,0,0,0,0,2,0.16273393002441008,16
2,1625,0,0,0,0,0,0,0,1,0.16273393002441008,17
2,1625,0,0,0,0,0,0,0,2,0.16273393002441008,17
2,1626,0,0,0,0,0,0,0,1,0.16273393002441008,18
2,1626,0,0,0,0,0,0,0,2,0.16273393002441008,18
2,1627,0,0,0,0,0,0,0,1,0.16273393002441008,19
2,1627,0,0,0,0,0,0,0,2,0.16273393002441008,19
2,1628,0,0,0,0,0,0,0,1,0.16273393002441008,20
2,1628,0,0,0,0,0,0,0,2,0.16273393002441008,20
2,1629,0,0,0,0,0,0,0,1,0.16273393002441008,21
2,1629,0,0,0,0,0,0,0,2,0.16273393002441008,21
2,1630,0,0,0,0,0,0,0,1,0.16273393002441008,22
2,1630,0,0,0,0,0,0,0,2,0.16273393002441008,22
2,1631,0,0,0,0,0,0,0,1,0.16273393002441008,23
2,1631,0,0,0,0,0,0,0,2,0.16273393002441008,23
2,1632,0,0,0,0,0,0,0,1,0.16273393002441008,0
2,1632,0,0,0,0,0,0,0,2,0.16273393002441008,0
2,1633,0,0,0,0,0,0,0,1,0.16273393002441008,1
2,1633,0,0,0,0,0,0,0,2,0.16273393002441008,1
2,1634,0,0,0,0,0,0,0,1,0.16273393002441008,2
2,1634,0,0,0,0,0,0,0,2,0.16273393002441008,2
2,1635,0,0,0,0,0,0,0,1,0.16273393002441008,3
2,1635,0,0,0,0,0,0,0,2,0.16273393002441008,3
2,1636,0,0,0,0,0,0,0,1,0.16273393002441008,4
2,1636,0,0,0,0,0,0,0,2,0.16273393002441008,4
2,1637,0,0,0,0,0,0,0,1,0.16273393002441008,5
2,1637,0,0,0,0,0,0,0,2,0.16273393002441008,5
2,1638,0,0,0,0,0,0,0,1,0.16273393002441008,6
2,1638,0,0,0,0,0,0,0,2,0.16273393002441008,6
2,1639,0,0,0,0,0,0,0,1,0.16273393002441008,7
2,1639,0,0,0,0,0,0,0,2,0.16273393002441008,7
2,1640,0,0,0,0,0,0,0,1,0.16273393002441008,8
2,1640,0,0,0,0,0,0,0,2,0.16273393002441008,8
2,1641,0,0,0,0,0,0,0,1,0.16273393002441008,9
2,1641,0,0,0,0,0,0,0,2,0.16273393002441008,9
2,1642,0,0,0,0,0,0,0,1,0.16273393002441008,10
2,1642,0,0,0,0,0,0,0,2,0.16273393002441008,10
2,1643,0,0,0,0,0,0,0,1,0.16273393002441008,11
2,1643,0,0,0,0,0,0,0,2,0.16273393002441008,11
2,1644,0,0,0,0,0,0,0,1,0.16273393002441008,12
2,1644,0,0,0,0,0,0,0,2,0.16273393002441008,12
2,1645,0,0,0,0,0,0,0,1,0.16273393002441008,13
2,1645,0,0,0,0,0,0,0,2,0.16273393002441008,13
2,1646,0,0,0,0,0,0,0,1,0.16273393002441008,14
2,1646,0,0,0,0,0,0,0,2,0.16273393002441008,14
2,1647,0,0,0,0,0,0,0,1,0.16273393002441008,15
2,1647,0,0,0,0,0,0,0,2,0.16273393002441008,15
2,1648,0,0,0,0,0,0,0,1,0.16273393002441008,16
2,1648,0,0,0,0,0,0,0,2,0.16273393002441008,16
2,1649,0,0,0,0,0,0,0,1,0.16273393002441008,17
2,1649,0,0,0,0,0,0,0,2,0.16273393002441008,17
2,1650,0,0,0,0,0,0,0,1,0.16273393002441008,18
2,1650,0,0,0,0,0,0,0,2,0.16273393002441008,18
2,1651,0,0,0,0,0,0,0,1,0.16273393002441008,19
2,1651,0,0,0,0,0,0,0,2,0.16273393002441008,19
2,1652,0,0,0,0,0,0,0,1,0.16273393002441008,20
2,1652,0,0,0,0,0,0,0,2,0.16273393002441008,20
2,1653,0,0,0,0,0,0,0,1,0.16273393002441008,21
2,1653,0,0,0,0,0,0,0,2,0.16273393002441008,21
2,1654,0,0,0,0,0,0,0,1,0.16273393002441008,22
2,1654,0,0,0,0,0,0,0,2,0.16273393002441008,22
2,1655,0,0,0,0,0,0,0,1,0.16273393002441008,23
2,1655,0,0,0,0,0,0,0,2,0.16273393002441008,23
2,1656,0,0,0,0,0,0,0,1,0.16273393002441008,0
2,1656,0,0,0,0,0,0,0,2,0.16273393002441008,0
2,1657,0,0,0,0,0,0,0,1,0.16273393002441008,1
2,1657,0,0,0,0,0,0,0,2,0.16273393002441008,1
2,1658,0,0,0,0,0,0,0,1,0.16273393002441008,2
2,1658,0,0,0,0,0,0,0,2,0.16273393002441008,2
2,1659,0,0,0,0,0,0,0,1,0.16273393002441008,3
2,1659,0,0,0,0,0,0,0,2,0.16273393002441008,3
2,1660,0,0,0,0,0,0,0,1,0.16273393002441008,4
2,1660,0,0,0,0,0,0,0,2,0.16273393002441008,4
2,1661,0,0,0,0,0,0,0,1,0.16273393002441008,5
2,1661,0,0,0,0,0,0,0,2,0.16273393002441008,5
2,1662,0,0,0,0,0,0,0,1,0.16273393002441008,6
2,1662,0,0,0,0,0,0,0,2,0.16273393002441008,6
2,1663,0,0,0,0,0,0,0,1,0.16273393002441008,7
2,1663,0,0,0,0,0,0,0,2,0.16273393002441008,7
2,1664,0,0,0,0,0,0,0,1,0.16273393002441008,8
2,1664,0,0,0,0,0,0,0,2,0.16273393002441008,8
2,1665,0,0,0,0,0,0,0,1,0.16273393002441008,9
2,1665,0,0,0,0,0,0,0,2,0.16273393002441008,9
2,1666,0,0,0,0,0,0,0,1,0.16273393002441008,10
2,1666,0,0,0,0,0,0,0,2,0.16273393002441008,10
2,1667,0,0,0,0,0,0,0,1,0.16273393002441008,11
2,1667,0,0,0,0,0,0,0,2,0.16273393002441008,11
2,1668,0,0,0,0,0,0,0,1,0.16273393002441008,12
2,1668,0,0,0,0,0,0,0,2,0.16273393002441008,12
2,1669,0,0,0,0,0,0,0,1,0.16273393002441008,13
2,1669,0,0,0,0,0,0,0,2,0.16273393002441008,13
2,1670,0,0,0,0,0,0,0,1,0.16273393002441008,14
2,1670,0,0,0,0,0,0,0,2,0.16273393002441008,14
2,1671,0,0,0,0,0,0,0,1,0.16273393002441008,15
2,1671,0,0,0,0,0,0,0,2,0.16273393002441008,15
2,1672,0,0,0,0,0,0,0,1,0.16273393002441008,16
2,1672,0,0,0,0,0,0,0,2,0.16273393002441008,16
2,1673,0,0,0,0,0,0,0,1,0.16273393002441008,17
2,1673,0,0,0,0,0,0,0,2,0.16273393002441008,17
2,1674,0,0,0,0,0,0,0,1,0.16273393002441008,18
2,1674,0,0,0,0,0,0,0,2,0.16273393002441008,18
2,1675,0,0,0,0,0,0,0,1,0.16273393002441008,19
2,1675,0,0,0,0,0,0,0,2,0.16273393002441008,19
2,1676,0,0,0,0,0,0,0,1,0.16273393002441008,20
2,1676,0,0,0,0,0,0,0,2,0.16273393002441008,20
2,1677,0,0,0,0,0,0,0,1,0.16273393002441008,21
2,1677,0,0,0,0,0,0,0,2,0.16273393002441008,21
2,1678,0,0,0,0,0,0,0,1,0.16273393002441008,22
2,1678,0,0,0,0,0,0,0,2,0.16273393002441008,22
2,1679,0,0,0,0,0,0,0,1,0.16273393002441008,23
2,1679,0,0,0,0,0,0,0,2,0.16273393002441008,23
2,1680,0,0,0,0,0,0,0,1,0.16273393002441008,0
2,1680,0,0,0,0,0,0,0,2,0.16273393002441008,0
2,1681,0,0,0,0,0,0,0,1,0.16273393002441008,1
2,1681,0,0,0,0,0,0,0,2,0.16273393002441008,1
2,1682,0,0,0,0,0,0,0,1,0.16273393002441008,2
2,1682,0,0,0,0,0,0,0,2,0.16273393002441008,2
2,1683,0,0,0,0,0,0,0,1,0.16273393002441008,3
2,1683,0,0,0,0,0,0,0,2,0.16273393002441008,3
2,1684,0,0,0,0,0,0,0,1,0.16273393002441008,4
2,1684,0,0,0,0,0,0,0,2,0.16273393002441008,4
2,1685,0,0,0,0,0,0,0,1,0.16273393002441008,5
2,1685,0,0,0,0,0,0,0,2,0.16273393002441008,5
2,1686,0,0,0,0,0,0,0,1,0.16273393002441008,6
2,1686,0,0,0,0,0,0,0,2,0.16273393002441008,6
2,1687,0,0,0,0,0,0,0,1,0.16273393002441008,7
2,1687,0,0,0,0,0,0,0,2,0.16273393002441008,7
2,1688,0,0,0,0,0,0,0,1,0.16273393002441008,8
2,1688,0,0,0,0,0,0,0,2,0.16273393002441008,8
2,1689,0,0,0,0,0,0,0,1,0.16273393002441008,9
2,1689,0,0,0,0,0,0,0,2,0.16273393002441008,9
2,1690,0,0,0,0,0,0,0,1,0.16273393002441008,10
2,1690,0,0,0,0,0,0,0,2,0.16273393002441008,10
2,1691,0,0,0,0,0,0,0,1,0.16273393002441008,11
2,1691,0,0,0,0,0,0,0,2,0.16273393002441008,11
2,1692,0,0,0,0,0,0,0,1,0.16273393002441008,12
2,1692,0,0,0,0,0,0,0,2,0.16273393002441008,12
2,1693,0,0,0,0,0,0,0,1,0.16273393002441008,13
2,1693,0,0,0,0,0,0,0,2,0.16273393002441008,13
2,1694,0,0,0,0,0,0,0,1,0.16273393002441008,14
2,1694,0,0,0,0,0,0,0,2,0.16273393002441008,14
2,1695,0,0,0,0,0,0,0,1,0.16273393002441008,15
2,1695,0,0,0,0,0,0,0,2,0.16273393002441008,15
2,1696,0,0,0,0,0,0,0,1,0.16273393002441008,16
2,1696,0,0,0,0,0,0,0,2,0.16273393002441008,16
2,1697,0,0,0,0,0,0,0,1,0.16273393002441008,17
2,1697,0,0,0,0,0,0,0,2,0.16273393002441008,17
2,1698,0,0,0,0,0,0,0,1,0.16273393002441008,18
2,1698,0,0,0,0,0,0,0,2,0.16273393002441008,18
2,1699,0,0,0,0,0,0,0,1,0.16273393002441008,19
2,1699,0,0,0,0,0,0,0,2,0.16273393002441008,19
2,1700,0,0,0,0,0,0,0,1,0.16273393002441008,20
2,1700,0,0,0,0,0,0,0,2,0.16273393002441008,20
2,1701,0,0,0,0,0,0,0,1,0.16273393002441008,21
2,1701,0,0,0,0,0,0,0,2,0.16273393002441008,21
2,1702,0,0,0,0,0,0,0,1,0.16273393002441008,22
2,1702,0,0,0,0,0,0,0,2,0.16273393002441008,22
2,1703,0,0,0,0,0,0,0,1,0.16273393002441008,23
2,1703,0,0,0,0,0,0,0,2,0.16273393002441008,23
2,1704,0,0,0,0,0,0,0,1,0.16273393002441008,0
2,1704,0,0,0,0,0,0,0,2,0.16273393002441008,0
2,1705,0,0,0,0,0,0,0,1,0.16273393002441008,1
2,1705,0,0,0,0,0,0,0,2,0.16273393002441008,1
2,1706,0,0,0,0,0,0,0,1,0.16273393002441008,2
2,1706,0,0,0,0,0,0,0,2,0.16273393002441008,2
2,1707,0,0,0,0,0,0,0,1,0.16273393002441008,3
2,1707,0,0,0,0,0,0,0,2,0.16273393002441008,3
2,1708,0,0,0,0,0,0,0,1,0.16273393002441008,4
2,1708,0,0,0,0,0,0,0,2,0.16273393002441008,4
2,1709,0,0,0,0,0,0,0,1,0.16273393002441008,5
2,1709,0,0,0,0,0,0,0,2,0.16273393002441008,5
2,1710,0,0,0,0,0,0,0,1,0.16273393002441008,6
2,1710,0,0,0,0,0,0,0,2,0.16273393002441008,6
2,1711,0,0,0,0,0,0,0,1,0.16273393002441008,7
2,1711,0,0,0,0,0,0,0,2,0.16273393002441008,7
2,1712,0,0,0,0,0,0,0,1,0.16273393002441008,8
2,1712,0,0,0,0,0,0,0,2,0.16273393002441008,8
2,1713,0,0,0,0,0,0,0,1,0.16273393002441008,9
2,1713,0,0,0,0,0,0,0,2,0.16273393002441008,9
2,1714,0,0,0,0,0,0,0,1,0.16273393002441008,10
2,1714,0,0,0,0,0,0,0,2,0.16273393002441008,10
2,1715,0,0,0,0,0,0,0,1,0.16273393002441008,11
2,1715,0,0,0,0,0,0,0,2,0.16273393002441008,11
2,1716,0,0,0,0,0,0,0,1,0.16273393002441008,12
2,1716,0,0,0,0,0,0,0,2,0.16273393002441008,12
2,1717,0,0,0,0,0,0,0,1,0.16273393002441008,13
2,1717,0,0,0,0,0,0,0,2,0.16273393002441008,13
2,1718,0,0,0,0,0,0,0,1,0.16273393002441008,14
2,1718,0,0,0,0,0,0,0,2,0.16273393002441008,14
2,1719,0,0,0,0,0,0,0,1,0.16273393002441008,15
2,1719,0,0,0,0,0,0,0,2,0.16273393002441008,15
2,1720,0,0,0,0,0,0,0,1,0.16273393002441008,16
2,1720,0,0,0,0,0,0,0,2,0.16273393002441008,16
2,1721,0,0,0,0,0,0,0,1,0.16273393002441008,17
2,1721,0,0,0,0,0,0,0,2,0.16273393002441008,17
2,1722,0,0,0,0,0,0,0,1,0.16273393002441008,18
2,1722,0,0,0,0,0,0,0,2,0.16273393002441008,18
2,1723,0,0,0,0,0,0,0,1,0.16273393002441008,19
2,1723,0,0,0,0,0,0,0,2,0.16273393002441008,19
2,1724,0,0,0,0,0,0,0,1,0.16273393002441008,20
2,1724,0,0,0,0,0,0,0,2,0.16273393002441008,20
2,1725,0,0,0,0,0,0,0,1,0.16273393002441008,21
2,1725,0,0,0,0,0,0,0,2,0.16273393002441008,21
2,1726,0,0,0,0,0,0,0,1,0.16273393002441008,22
2,1726,0,0,0,0,0,0,0,2,0.16273393002441008,22
2,1727,0,0,0,0,0,0,0,1,0.16273393002441008,23
2,1727,0,0,0,0,0,0,0,2,0.16273393002441008,23
2,1728,0,0,0,0,0,0,0,1,0.16273393002441008,0
2,1728,0,0,0,0,0,0,0,2,0.16273393002441008,0
2,1729,0,0,0,0,0,0,0,1,0.16273393002441008,1
2,1729,0,0,0,0,0,0,0,2,0.16273393002441008,1
2,1730,0,0,0,0,0,0,0,1,0.16273393002441008,2
2,1730,0,0,0,0,0,0,0,2,0.16273393002441008,2
2,1731,0,0,0,0,0,0,0,1,0.16273393002441008,3
2,1731,0,0,0,0,0,0,0,2,0.16273393002441008,3
2,1732,0,0,0,0,0,0,0,1,0.16273393002441008,4
2,1732,0,0,0,0,0,0,0,2,0.16273393002441008,4
2,1733,0,0,0,0,0,0,0,1,0.16273393002441008,5
2,1733,0,0,0,0,0,0,0,2,0.16273393002441008,5
2,1734,0,0,0,0,0,0,0,1,0.16273393002441008,6
2,1734,0,0,0,0,0,0,0,2,0.16273393002441008,6
2,1735,0,0,0,0,0,0,0,1,0.16273393002441008,7
2,1735,0,0,0,0,0,0,0,2,0.16273393002441008,7
2,1736,0,0,0,0,0,0,0,1,0.16273393002441008,8
2,1736,0,0,0,0,0,0,0,2,0.16273393002441008,8
2,1737,0,0,0,0,0,0,0,1,0.16273393002441008,9
2,1737,0,0,0,0,0,0,0,2,0.16273393002441008,9
2,1738,0,0,0,0,0,0,0,1,0.16273393002441008,10
2,1738,0,0,0,0,0,0,0,2,0.16273393002441008,10
2,1739,0,0,0,0,0,0,0,1,0.16273393002441008,11
2,1739,0,0,0,0,0,0,0,2,0.16273393002441008,11
2,1740,0,0,0,0,0,0,0,1,0.16273393002441008,12
2,1740,0,0,0,0,0,0,0,2,0.16273393002441008,12
2,1741,0,0,0,0,0,0,0,1,0.16273393002441008,13
2,1741,0,0,0,0,0,0,0,2,0.16273393002441008,13
2,1742,0,0,0,0,0,0,0,1,0.16273393002441008,14
2,1742,0,0,0,0,0,0,0,2,0.16273393002441008,14
2,1743,0,0,0,0,0,0,0,1,0.16273393002441008,15
2,1743,0,0,0,0,0,0,0,2,0.16273393002441008,15
2,1744,0,0,0,0,0,0,0,1,0.16273393002441008,16
2,1744,0,0,0,0,0,0,0,2,0.16273393002441008,16
2,1745,0,0,0,0,0,0,0,1,0.16273393002441008,17
2,1745,0,0,0,0,0,0,0,2,0.16273393002441008,17
2,1746,0,0,0,0,0,0,0,1,0.16273393002441008,18
2,1746,0,0,0,0,0,0,0,2,0.16273393002441008,18
2,1747,0,0,0,0,0,0,0,1,0.16273393002441008,19
2,1747,0,0,0,0,0,0,0,2,0.16273393002441008,19
2,1748,0,0,0,0,0,0,0,1,0.16273393002441008,20
2,1748,0,0,0,0,0,0,0,2,0.16273393002441008,20
2,1749,0,0,0,0,0,0,0,1,0.16273393002441008,21
2,1749,0,0,0,0,0,0,0,2,0.16273393002441008,21
2,1750,0,0,0,0,0,0,0,1,0.16273393002441008,22
2,1750,0,0,0,0,0,0,0,2,0.16273393002441008,22
2,1751,0,0,0,0,0,0,0,1,0.16273393002441008,23
2,1751,0,0,0,0,0,0,0,2,0.16273393002441008,23
2,1752,0,0,0,0,0,0,0,1,0.16273393002441008,0
2,1752,0,0,0,0,0,0,0,2,0.16273393002441008,0
2,1753,0,0,0,0,0,0,0,1,0.16273393002441008,1
2,1753,0,0,0,0,0,0,0,2,0.16273393002441008,1
2,1754,0,0,0,0,0,0,0,1,0.16273393002441008,2
2,1754,0,0,0,0,0,0,0,2,0.16273393002441008,2
2,1755,0,0,0,0,0,0,0,1,0.16273393002441008,3
2,1755,0,0,0,0,0,0,0,2,0.16273393002441008,3
2,1756,0,0,0,0,0,0,0,1,0.16273393002441008,4
2,1756,0,0,0,0,0,0,0,2,0.16273393002441008,4
2,1757,0,0,0,0,0,0,0,1,0.16273393002441008,5
2,1757,0,0,0,0,0,0,0,2,0.16273393002441008,5
2,1758,0,0,0,0,0,0,0,1,0.16273393002441008,6
2,1758,0,0,0,0,0,0,0,2,0.16273393002441008,6
2,1759,0,0,0,0,0,0,0,1,0.16273393002441008,7
2,1759,0,0,0,0,0,0,0,2,0.16273393002441008,7
2,1760,0,0,0,0,0,0,0,1,0.16273393002441008,8
2,1760,0,0,0,0,0,0,0,2,0.16273393002441008,8
2,1761,0,0,0,0,0,0,0,1,0.16273393002441008,9
2,1761,0,0,0,0,0,0,0,2,0.16273393002441008,9
2,1762,0,0,0,0,0,0,0,1,0.16273393002441008,10
2,1762,0,0,0,0,0,0,0,2,0.16273393002441008,10
2,1763,0,0,0,0,0,0,0,1,0.16273393002441008,11
2,1763,0,0,0,0,0,0,0,2,0.16273393002441008,11
2,1764,0,0,0,0,0,0,0,1,0.16273393002441008,12
2,1764,0,0,0,0,0,0,0,2,0.16273393002441008,12
2,1765,0,0,0,0,0,0,0,1,0.16273393002441008,13
2,1765,0,0,0,0,0,0,0,2,0.16273393002441008,13
2,1766,0,0,0,0,0,0,0,1,0.16273393002441008,14
2,1766,0,0,0,0,0,0,0,2,0.16273393002441008,14
2,1767,0,0,0,0,0,0,0,1,0.16273393002441008,15
2,1767,0,0,0,0,0,0,0,2,0.16273393002441008,15
2,1768,0,0,0,0,0,0,0,1,0.16273393002441008,16
2,1768,0,0,0,0,0,0,0,2,0.16273393002441008,16
2,1769,0,0,0,0,0,0,0,1,0.16273393002441008,17
2,1769,0,0,0,0,0,0,0,2,0.16273393002441008,17
2,1770,0,0,0,0,0,0,0,1,0.16273393002441008,18
2,1770,0,0,0,0,0,0,0,2,0.16273393002441008,18
2,1771,0,0,0,0,0,0,0,1,0.16273393002441008,19
2,1771,0,0,0,0,0,0,0,2,0.16273393002441008,19
2,1772,0,0,0,0,0,0,0,1,0.16273393002441008,20
2,1772,0,0,0,0,0,0,0,2,0.16273393002441008,20
2,1773,0,0,0,0,0,0,0,1,0.16273393002441008,21
2,1773,0,0,0,0,0,0,0,2,0.16273393002441008,21
2,1774,0,0,0,0,0,0,0,1,0.16273393002441008,22
2,1774,0,0,0,0,0,0,0,2,0.16273393002441008,22
2,1775,0,0,0,0,0,0,0,1,0.16273393002441008,23
2,1775,0,0,0,0,0,0,0,2,0.16273393002441008,23
2,1776,0,0,0,0,0,0,0,1,0.16273393002441008,0
2,1776,0,0,0,0,0,0,0,2,0.16273393002441008,0
2,1777,0,0,0,0,0,0,0,1,0.16273393002441008,1
2,1777,0,0,0,0,0,0,0,2,0.16273393002441008,1
2,1778,0,0,0,0,0,0,0,1,0.16273393002441008,2
2,1778,0,0,0,0,0,0,0,2,0.16273393002441008,2
2,1779,0,0,0,0,0,0,0,1,0.16273393002441008,3
2,1779,0,0,0,0,0,0,0,2,0.16273393002441008,3
2,1780,0,0,0,0,0,0,0,1,0.16273393002441008,4
2,1780,0,0,0,0,0,0,0,2,0.16273393002441008,4
2,1781,0,0,0,0,0,0,0,1,0.16273393002441008,5
2,1781,0,0,0,0,0,0,0,2,0.16273393002441008,5
2,1782,0,0,0,0,0,0,0,1,0.16273393002441008,6
2,1782,0,0,0,0,0,0,0,2,0.16273393002441008,6
2,1783,0,0,0,0,0,0,0,1,0.16273393002441008,7
2,1783,0,0,0,0,0,0,0,2,0.16273393002441008,7
2,1784,0,0,0,0,0,0,0,1,0.16273393002441008,8
2,1784,0,0,0,0,0,0,0,2,0.16273393002441008,8
2,1785,0,0,0,0,0,0,0,1,0.16273393002441008,9
2,1785,0,0,0,0,0,0,0,2,0.16273393002441008,9
2,1786,0,0,0,0,0,0,0,1,0.16273393002441008,10
2,1786,0,0,0,0,0,0,0,2,0.16273393002441008,10
2,1787,0,0,0,0,0,0,0,1,0.16273393002441008,11
2,1787,0,0,0,0,0,0,0,2,0.16273393002441008,11
2,1788,0,0,0,0,0,0,0,1,0.16273393002441008,12
2,1788,0,0,0,0,0,0,0,2,0.16273393002441008,12
2,1789,0,0,0,0,0,0,0,1,0.16273393002441008,13
2,1789,0,0,0,0,0,0,0,2,0.16273393002441008,13
2,1790,0,0,0,0,0,0,0,1,0.16273393002441008,14
2,1790,0,0,0,0,0,0,0,2,0.16273393002441008,14
2,1791,0,0,0,0,0,0,0,1,0.16273393002441008,15
2,1791,0,0,0,0,0,0,0,2,0.16273393002441008,15
2,1792,0,0,0,0,0,0,0,1,0.16273393002441008,16
2,1792,0,0,0,0,0,0,0,2,0.16273393002441008,16
2,1793,0,0,0,0,0,0,0,1,0.16273393002441008,17
2,1793,0,0,0,0,0,0,0,2,0.16273393002441008,17
2,1794,0,0,0,0,0,0,0,1,0.16273393002441008,18
2,1794,0,0,0,0,0,0,0,2,0.16273393002441008,18
2,1795,0,0,0,0,0,0,0,1,0.16273393002441008,19
2,1795,0,0,0,0,0,0,0,2,0.16273393002441008,19
2,1796,0,0,0,0,0,0,0,1,0.16273393002441008,20
2,1796,0,0,0,0,0,0,0,2,0.16273393002441008,20
2,1797,0,0,0,0,0,0,0,1,0.16273393002441008,21
2,1797,0,0,0,0,0,0,0,2,0.16273393002441008,21
2,1798,0,0,0,0,0,0,0,1,0.16273393002441008,22
2,1798,0,0,0,0,0,0,0,2,0.16273393002441008,22
2,1799,0,0,0,0,0,0,0,1,0.16273393002441008,23
2,1799,0,0,0,0,0,0,0,2,0.16273393002441008,23
2,1800,0,0,0,0,0,0,0,1,0.16273393002441008,0
2,1800,0,0,0,0,0,0,0,2,0.16273393002441008,0
2,1801,0,0,0,0,0,0,0,1,0.16273393002441008,1
2,1801,0,0,0,0,0,0,0,2,0.16273393002441008,1
2,1802,0,0,0,0,0,0,0,1,0.16273393002441008,2
2,1802,0,0,0,0,0,0,0,2,0.16273393002441008,2
2,1803,0,0,0,0,0,0,0,1,0.16273393002441008,3
2,1803,0,0,0,0,0,0,0,2,0.16273393002441008,3
2,1804,0,0,0,0,0,0,0,1,0.16273393002441008,4
2,1804,0,0,0,0,0,0,0,2,0.16273393002441008,4
2,1805,0,0,0,0,0,0,0,1,0.16273393002441008,5
2,1805,0,0,0,0,0,0,0,2,0.16273393002441008,5
2,1806,0,0,0,0,0,0,0,1,0.16273393002441008,6
2,1806,0,0,0,0,0,0,0,2,0.16273393002441008,6
2,1807,0,0,0,0,0,0,0,1,0.16273393002441008,7
2,1807,0,0,0,0,0,0,0,2,0.16273393002441008,7
2,1808,0,0,0,0,0,0,0,1,0.16273393002441008,8
2,1808,0,0,0,0,0,0,0,2,0.16273393002441008,8
2,1809,0,0,0,0,0,0,0,1,0.16273393002441008,9
2,1809,0,0,0,0,0,0,0,2,0.16273393002441008,9
2,1810,0,0,0,0,0,0,0,1,0.16273393002441008,10
2,1810,0,0,0,0,0,0,0,2,0.16273393002441008,10
2,1811,0,0,0,0,0,0,0,1,0.16273393002441008,11
2,1811,0,0,0,0,0,0,0,2,0.16273393002441008,11
2,1812,0,0,0,0,0,0,0,1,0.16273393002441008,12
2,1812,0,0,0,0,0,0,0,2,0.16273393002441008,12
2,1813,0,0,0,0,0,0,0,1,0.16273393002441008,13
2,1813,0,0,0,0,0,0,0,2,0.16273393002441008,13
2,1814,0,0,0,0,0,0,0,1,0.16273393002441008,14
2,1814,0,0,0,0,0,0,0,2,0.16273393002441008,14
2,1815,0,0,0,0,0,0,0,1,0.16273393002441008,15
2,1815,0,0,0,0,0,0,0,2,0.16273393002441008,15
2,1816,0,0,0,0,0,0,0,1,0.16273393002441008,16
2,1816,0,0,0,0,0,0,0,2,0.16273393002441008,16
2,1817,0,0,0,0,0,0,0,1,0.16273393002441008,17
2,1817,0,0,0,0,0,0,0,2,0.16273393002441008,17
2,1818,0,0,0,0,0,0,0,1,0.16273393002441008,18
2,1818,0,0,0,0,0,0,0,2,0.16273393002441008,18
2,1819,0,0,0,0,0,0,0,1,0.16273393002441008,19
2,1819,0,0,0,0,0,0,0,2,0.16273393002441008,19
2,1820,0,0,0,0,0,0,0,1,0.16273393002441008,20
2,1820,0,0,0,0,0,0,0,2,0.16273393002441008,20
2,1821,0,0,0,0,0,0,0,1,0.16273393002441008,21
2,1821,0,0,0,0,0,0,0,2,0.16273393002441008,21
2,1822,0,0,0,0,0,0,0,1,0.16273393002441008,22
2,1822,0,0,0,0,0,0,0,2,0.16273393002441008,22
2,1823,0,0,0,0,0,0,0,1,0.16273393002441008,23
2,1823,0,0,0,0,0,0,0,2,0.16273393002441008,23
2,1824,0,0,0,0,0,0,0,1,0.16273393002441008,0
2,1824,0,0,0,0,0,0,0,2,0.16273393002441008,0
2,1825,0,0,0,0,0,0,0,1,0.16273393002441008,1
2,1825,0,0,0,0,0,0,0,2,0.16273393002441008,1
2,1826,0,0,0,0,0,0,0,1,0.16273393002441008,2
2,1826,0,0,0,0,0,0,0,2,0.16273393002441008,2
2,1827,0,0,0,0,0,0,0,1,0.16273393002441008,3
2,1827,0,0,0,0,0,0,0,2,0.16273393002441008,3
2,1828,0,0,0,0,0,0,0,1,0.16273393002441008,4
2,1828,0,0,0,0,0,0,0,2,0.16273393002441008,4
2,1829,0,0,0,0,0,0,0,1,0.16273393002441008,5
2,1829,0,0,0,0,0,0,0,2,0.16273393002441008,5
2,1830,0,0,0,0,0,0,0,1,0.16273393002441008,6
2,1830,0,0,0,0,0,0,0,2,0.16273393002441008,6
2,1831,0,0,0,0,0,0,0,1,0.16273393002441008,7
2,1831,0,0,0,0,0,0,0,2,0.16273393002441008,7
2,1832,0,0,0,0,0,0,0,1,0.16273393002441008,8
2,1832,0,0,0,0,0,0,0,2,0.16273393002441008,8
2,1833,0,0,0,0,0,0,0,1,0.16273393002441008,9
2,1833,0,0,0,0,0,0,0,2,0.16273393002441008,9
2,1834,0,0,0,0,0,0,0,1,0.16273393002441008,10
2,1834,0,0,0,0,0,0,0,2,0.16273393002441008,10
2,1835,0,0,0,0,0,0,0,1,0.16273393002441008,11
2,1835,0,0,0,0,0,0,0,2,0.16273393002441008,11
2,1836,0,0,0,0,0,0,0,1,0.16273393002441008,12
2,1836,0,0,0,0,0,0,0,2,0.16273393002441008,12
2,1837,0,0,0,0,0,0,0,1,0.16273393002441008,13
2,1837,0,0,0,0,0,0,0,2,0.16273393002441008,13
2,1838,0,0,0,0,0,0,0,1,0.16273393002441008,14
2,1838,0,0,0,0,0,0,0,2,0.16273393002441008,14
2,1839,0,0,0,0,0,0,0,1,0.16273393002441008,15
2,1839,0,0,0,0,0,0,0,2,0.16273393002441008,15
2,1840,0,0,0,0,0,0,0,1,0.16273393002441008,16
2,1840,0,0,0,0,0,0,0,2,0.16273393002441008,16
2,1841,0,0,0,0,0,0,0,1,0.16273393002441008,17
2,1841,0,0,0,0,0,0,0,2,0.16273393002441008,17
2,1842,0,0,0,0,0,0,0,1,0.16273393002441008,18
2,1842,0,0,0,0,0,0,0,2,0.16273393002441008,18
2,1843,0,0,0,0,0,0,0,1,0.16273393002441008,19
2,1843,0,0,0,0,0,0,0,2,0.16273393002441008,19
2,1844,0,0,0,0,0,0,0,1,0.16273393002441008,20
2,1844,0,0,0,0,0,0,0,2,0.16273393002441008,20
2,1845,0,0,0,0,0,0,0,1,0.16273393002441008,21
2,1845,0,0,0,0,0,0,0,2,0.16273393002441008,21
2,1846,0,0,0,0,0,0,0,1,0.16273393002441008,22
2,1846,0,0,0,0,0,0,0,2,0.16273393002441008,22
2,1847,0,0,0,0,0,0,0,1,0.16273393002441008,23
2,1847,0,0,0,0,0,0,0,2,0.16273393002441008,23
2,1848,0,0,0,0,0,0,0,1,0.16273393002441008,0
2,1848,0,0,0,0,0,0,0,2,0.16273393002441008,0
2,1849,0,0,0,0,0,0,0,1,0.16273393002441008,1
2,1849,0,0,0,0,0,0,0,2,0.16273393002441008,1
2,1850,0,0,0,0,0,0,0,1,0.16273393002441008,2
2,1850,0,0,0,0,0,0,0,2,0.16273393002441008,2
2,1851,0,0,0,0,0,0,0,1,0.16273393002441008,3
2,1851,0,0,0,0,0,0,0,2,0.16273393002441008,3
2,1852,0,0,0,0,0,0,0,1,0.16273393002441008,4
2,1852,0,0,0,0,0,0,0,2,0.16273393002441008,4
2,1853,0,0,0,0,0,0,0,1,0.16273393002441008,5
2,1853,0,0,0,0,0,0,0,2,0.16273393002441008,5
2,1854,0,0,0,0,0,0,0,1,0.16273393002441008,6
2,1854,0,0,0,0,0,0,0,2,0.16273393002441008,6
2,1855,0,0,0,0,0,0,0,1,0.16273393002441008,7
2,1855,0,0,0,0,0,0,0,2,0.16273393002441008,7
2,1856,0,0,0,0,0,0,0,1,0.16273393002441008,8
2,1856,0,0,0,0,0,0,0,2,0.16273393002441008,8
2,1857,0,0,0,0,0,0,0,1,0.16273393002441008,9
2,1857,0,0,0,0,0,0,0,2,0.16273393002441008,9
2,1858,0,0,0,0,0,0,0,1,0.16273393002441008,10
2,1858,0,0,0,0,0,0,0,2,0.16273393002441008,10
2,1859,0,0,0,0,0,0,0,1,0.16273393002441008,11
2,1859,0,0,0,0,0,0,0,2,0.16273393002441008,11
2,1860,0,0,0,0,0,0,0,1,0.16273393002441008,12
2,1860,0,0,0,0,0,0,0,2,0.16273393002441008,12
2,1861,0,0,0,0,0,0,0,1,0.16273393002441008,13
2,1861,0,0,0,0,0,0,0,2,0.16273393002441008,13
2,1862,0,0,0,0,0,0,0,1,0.16273393002441008,14
2,1862,0,0,0,0,0,0,0,2,0.16273393002441008,14
2,1863,0,0,0,0,0,0,0,1,0.16273393002441008,15
2,1863,0,0,0,0,0,0,0,2,0.16273393002441008,15
2,1864,0,0,0,0,0,0,0,1,0.16273393002441008,16
2,1864,0,0,0,0,0,0,0,2,0.16273393002441008,16
2,1865,0,0,0,0,0,0,0,1,0.16273393002441008,17
2,1865,0,0,0,0,0,0,0,2,0.16273393002441008,17
2,1866,0,0,0,0,0,0,0,1,0.16273393002441008,18
2,1866,0,0,0,0,0,0,0,2,0.16273393002441008,18
2,1867,0,0,0,0,0,0,0,1,0.16273393002441008,19
2,1867,0,0,0,0,0,0,0,2,0.16273393002441008,19
2,1868,0,0,0,0,0,0,0,1,0.16273393002441008,20
2,1868,0,0,0,0,0,0,0,2,0.16273393002441008,20
2,1869,0,0,0,0,0,0,0,1,0.16273393002441008,21
2,1869,0,0,0,0,0,0,0,2,0.16273393002441008,21
2,1870,0,0,0,0,0,0,0,1,0.16273393002441008,22
2,1870,0,0,0,0,0,0,0,2,0.16273393002441008,22
2,1871,0,0,0,0,0,0,0,1,0.16273393002441008,23
2,1871,0,0,0,0,0,0,0,2,0.16273393002441008,23
2,1872,0,0,0,0,0,0,0,1,0.16273393002441008,0
2,1872,0,0,0,0,0,0,0,2,0.16273393002441008,0
2,1873,0,0,0,0,0,0,0,1,0.16273393002441008,1
2,1873,0,0,0,0,0,0,0,2,0.16273393002441008,1
2,1874,0,0,0,0,0,0,0,1,0.16273393002441008,2
2,1874,0,0,0,0,0,0,0,2,0.16273393002441008,2
2,1875,0,0,0,0,0,0,0,1,0.16273393002441008,3
2,1875,0,0,0,0,0,0,0,2,0.16273393002441008,3
2,1876,0,0,0,0,0,0,0,1,0.16273393002441008,4
2,1876,0,0,0,0,0,0,0,2,0.16273393002441008,4
2,1877,0,0,0,0,0,0,0,1,0.16273393002441008,5
2,1877,0,0,0,0,0,0,0,2,0.16273393002441008,5
2,1878,0,0,0,0,0,0,0,1,0.16273393002441008,6
2,1878,0,0,0,0,0,0,0,2,0.16273393002441008,6
2,1879,0,0,0,0,0,0,0,1,0.16273393002441008,7
2,1879,0,0,0,0,0,0,0,2,0.16273393002441008,7
2,1880,0,0,0,0,0,0,0,1,0.16273393002441008,8
2,1880,0,0,0,0,0,0,0,2,0.16273393002441008,8
2,1881,0,0,0,0,0,0,0,1,0.16273393002441008,9
2,1881,0,0,0,0,0,0,0,2,0.16273393002441008,9
2,1882,0,0,0,0,0,0,0,1,0.16273393002441008,10
2,1882,0,0,0,0,0,0,0,2,0.16273393002441008,10
2,1883,0,0,0,0,0,0,0,1,0.16273393002441008,11
2,1883,0,0,0,0,0,0,0,2,0.16273393002441008,11
2,1884,0,0,0,0,0,0,0,1,0.16273393002441008,12
2,1884,0,0,0,0,0,0,0,2,0.16273393002441008,12
2,1885,0,0,0,0,0,0,0,1,0.16273393002441008,13
2,1885,0,0,0,0,0,0,0,2,0.16273393002441008,13
2,1886,0,0,0,0,0,0,0,1,0.16273393002441008,14
2,1886,0,0,0,0,0,0,0,2,0.16273393002441008,14
2,1887,0,0,0,0,0,0,0,1,0.16273393002441008,15
2,1887,0,0,0,0,0,0,0,2,0.16273393002441008,15
2,1888,0,0,0,0,0,0,0,1,0.16273393002441008,16
2,1888,0,0,0,0,0,0,0,2,0.16273393002441008,16
2,1889,0,0,0,0,0,0,0,1,0.16273393002441008,17
2,1889,0,0,0,0,0,0,0,2,0.16273393002441008,17
2,1890,0,0,0,0,0,0,0,1,0.16273393002441008,18
2,1890,0,0,0,0,0,0,0,2,0.16273393002441008,18
2,1891,0,0,0,0,0,0,0,1,0.16273393002441008,19
2,1891,0,0,0,0,0,0,0,2,0.16273393002441008,19
2,1892,0,0,0,0,0,0,0,1,0.16273393002441008,20
2,1892,0,0,0,0,0,0,0,2,0.16273393002441008,20
2,1893,0,0,0,0,0,0,0,1,0.16273393002441008,21
2,1893,0,0,0,0,0,0,0,2,0.16273393002441008,21
2,1894,0,0,0,0,0,0,0,1,0.16273393002441008,22
2,1894,0,0,0,0,0,0,0,2,0.16273393002441008,22
2,1895,0,0,0,0,0,0,0,1,0.16273393002441008,23
2,1895,0,0,0,0,0,0,0,2,0.16273393002441008,23
2,1896,0,0,0,0,0,0,0,1,0.16273393002441008,0
2,1896,0,0,0,0,0,0,0,2,0.16273393002441008,0
2,1897,0,0,0,0,0,0,0,1,0.16273393002441008,1
2,1897,0,0,0,0,0,0,0,2,0.16273393002441008,1
2,1898,0,0,0,0,0,0,0,1,0.16273393002441008,2
2,1898,0,0,0,0,0,0,0,2,0.16273393002441008,2
2,1899,0,0,0,0,0,0,0,1,0.16273393002441008,3
2,1899,0,0,0,0,0,0,0,2,0.16273393002441008,3
2,1900,0,0,0,0,0,0,0,1,0.16273393002441008,4
2,1900,0,0,0,0,0,0,0,2,0.16273393002441008,4
2,1901,0,0,0,0,0,0,0,1,0.16273393002441008,5
2,1901,0,0,0,0,0,0,0,2,0.16273393002441008,5
2,1902,0,0,0,0,0,0,0,1,0.16273393002441008,6
2,1902,0,0,0,0,0,0,0,2,0.16273393002441008,6
2,1903,0,0,0,0,0,0,0,1,0.16273393002441008,7
2,1903,0,0,0,0,0,0,0,2,0.16273393002441008,7
2,1904,0,0,0,0,0,0,0,1,0.16273393002441008,8
2,1904,0,0,0,0,0,0,0,2,0.16273393002441008,8
2,1905,0,0,0,0,0,0,0,1,0.16273393002441008,9
2,1905,0,0,0,0,0,0,0,2,0.16273393002441008,9
2,1906,0,0,0,0,0,0,0,1,0.16273393002441008,10
2,1906,0,0,0,0,0,0,0,2,0.16273393002441008,10
2,1907,0,0,0,0,0,0,0,1,0.16273393002441008,11
2,1907,0,0,0,0,0,0,0,2,0.16273393002441008,11
2,1908,0,0,0,0,0,0,0,1,0.16273393002441008,12
2,1908,0,0,0,0,0,0,0,2,0.16273393002441008,12
2,1909,0,0,0,0,0,0,0,1,0.16273393002441008,13
2,1909,0,0,0,0,0,0,0,2,0.16273393002441008,13
2,1910,0,0,0,0,0,0,0,1,0.16273393002441008,14
2,1910,0,0,0,0,0,0,0,2,0.16273393002441008,14
2,1911,0,0,0,0,0,0,0,1,0.16273393002441008,15
2,1911,0,0,0,0,0,0,0,2,0.16273393002441008,15
2,1912,0,0,0,0,0,0,0,1,0.16273393002441008,16
2,1912,0,0,0,0,0,0,0,2,0.16273393002441008,16
2,1913,0,0,0,0,0,0,0,1,0.16273393002441008,17
2,1913,0,0,0,0,0,0,0,2,0.16273393002441008,17
2,1914,0,0,0,0,0,0,0,1,0.16273393002441008,18
2,1914,0,0,0,0,0,0,0,2,0.16273393002441008,18
2,1915,0,0,0,0,0,0,0,1,0.16273393002441008,19
2,1915,0,0,0,0,0,0,0,2,0.16273393002441008,19
2,1916,0,0,0,0,0,0,0,1,0.16273393002441008,20
2,1916,0,0,0,0,0,0,0,2,0.16273393002441008,20
2,1917,0,0,0,0,0,0,0,1,0.16273393002441008,21
2,1917,0,0,0,0,0,0,0,2,0.16273393002441008,21
2,1918,0,0,0,0,0,0,0,1,0.16273393002441008,22
2,1918,0,0,0,0,0,0,0,2,0.16273393002441008,22
2,1919,0,0,0,0,0,0,0,1,0.16273393002441008,23
2,1919,0,0,0,0,0,0,0,2,0.16273393002441008,23
2,1920,0,0,0,0,0,0,0,1,0.16273393002441008,0
2,1920,0,0,0,0,0,0,0,2,0.16273393002441008,0
2,1921,0,0,0,0,0,0,0,1,0.16273393002441008,1
2,1921,0,0,0,0,0,0,0,2,0.16273393002441008,1
2,1922,0,0,0,0,0,0,0,1,0.16273393002441008,2
2,1922,0,0,0,0,0,0,0,2,0.16273393002441008,2
2,1923,0,0,0,0,0,0,0,1,0.16273393002441008,3
2,1923,0,0,0,0,0,0,0,2,0.16273393002441008,3
2,1924,0,0,0,0,0,0,0,1,0.16273393002441008,4
2,1924,0,0,0,0,0,0,0,2,0.16273393002441008,4
2,1925,0,0,0,0,0,0,0,1,0.16273393002441008,5
2,1925,0,0,0,0,0,0,0,2,0.16273393002441008,5
2,1926,0,0,0,0,0,0,0,1,0.16273393002441008,6
2,1926,0,0,0,0,0,0,0,2,0.16273393002441008,6
2,1927,0,0,0,0,0,0,0,1,0.16273393002441008,7
2,1927,0,0,0,0,0,0,0,2,0.16273393002441008,7
2,1928,0,0,0,0,0,0,0,1,0.16273393002441008,8
2,1928,0,0,0,0,0,0,0,2,0.16273393002441008,8
2,1929,0,0,0,0,0,0,0,1,0.16273393002441008,9
2,1929,0,0,0,0,0,0,0,2,0.16273393002441008,9
2,1930,0,0,0,0,0,0,0,1,0.16273393002441008,10
2,1930,0,0,0,0,0,0,0,2,0.16273393002441008,10
2,1931,0,0,0,0,0,0,0,1,0.16273393002441008,11
2,1931,0,0,0,0,0,0,0,2,0.16273393002441008,11
2,1932,0,0,0,0,0,0,0,1,0.16273393002441008,12
2,1932,0,0,0,0,0,0,0,2,0.16273393002441008,12
2,1933,0,0,0,0,0,0,0,1,0.16273393002441008,13
2,1933,0,0,0,0,0,0,0,2,0.16273393002441008,13
2,1934,0,0,0,0,0,0,0,1,0.16273393002441008,14
2,1934,0,0,0,0,0,0,0,2,0.16273393002441008,14
2,1935,0,0,0,0,0,0,0,1,0.16273393002441008,15
2,1935,0,0,0,0,0,0,0,2,0.16273393002441008,15
2,1936,0,0,0,0,0,0,0,1,0.16273393002441008,16
2,1936,0,0,0,0,0,0,0,2,0.16273393002441008,16
2,1937,0,0,0,0,0,0,0,1,0.16273393002441008,17
2,1937,0,0,0,0,0,0,0,2,0.16273393002441008,17
2,1938,0,0,0,0,0,0,0,1,0.16273393002441008,18
2,1938,0,0,0,0,0,0,0,2,0.16273393002441008,18
2,1939,0,0,0,0,0,0,0,1,0.16273393002441008,19
2,1939,0,0,0,0,0,0,0,2,0.16273393002441008,19
2,1940,0,0,0,0,0,0,0,1,0.16273393002441008,20
2,1940,0,0,0,0,0,0,0,2,0.16273393002441008,20
2,1941,0,0,0,0,0,0,0,1,0.16273393002441008,21
2,1941,0,0,0,0,0,0,0,2,0.16273393002441008,21
2,1942,0,0,0,0,0,0,0,1,0.16273393002441008,22
2,1942,0,0,0,0,0,0,0,2,0.16273393002441008,22
2,1943,0,0,0,0,0,0,0,1,0.16273393002441008,23
2,1943,0,0,0,0,0,0,0,2,0.16273393002441008,23
2,1944,0,0,0,0,0,0,0,1,0.16273393002441008,0
2,1944,0,0,0,0,0,0,0,2,0.16273393002441008,0
2,1945,0,0,0,0,0,0,0,1,0.16273393002441008,1
2,1945,0,0,0,0,0,0,0,2,0.16273393002441008,1
2,1946,0,0,0,0,0,0,0,1,0.16273393002441008,2
2,1946,0,0,0,0,0,0,0,2,0.16273393002441008,2
2,1947,0,0,0,0,0,0,0,1,0.16273393002441008,3
2,1947,0,0,0,0,0,0,0,2,0.16273393002441008,3
2,1948,0,0,0,0,0,0,0,1,0.16273393002441008,4
2,1948,0,0,0,0,0,0,0,2,0.16273393002441008,4
2,1949,0,0,0,0,0,0,0,1,0.16273393002441008,5
2,1949,0,0,0,0,0,0,0,2,0.16273393002441008,5
2,1950,0,0,0,0,0,0,0,1,0.16273393002441008,6
2,1950,0,0,0,0,0,0,0,2,0.16273393002441008,6
2,1951,0,0,0,0,0,0,0,1,0.16273393002441008,7
2,1951,0,0,0,0,0,0,0,2,0.16273393002441008,7
2,1952,0,0,0,0,0,0,0,1,0.16273393002441008,8
2,1952,0,0,0,0,0,0,0,2,0.16273393002441008,8
2,1953,0,0,0,0,0,0,0,1,0.16273393002441008,9
2,1953,0,0,0,0,0,0,0,2,0.16273393002441008,9
2,1954,0,0,0,0,0,0,0,1,0.16273393002441008,10
2,1954,0,0,0,0,0,0,0,2,0.16273393002441008,10
2,1955,0,0,0,0,0,0,0,1,0.16273393002441008,11
2,1955,0,0,0,0,0,0,0,2,0.16273393002441008,11
2,1956,0,0,0,0,0,0,0,1,0.16273393002441008,12
2,1956,0,0,0,0,0,0,0,2,0.16273393002441008,12
2,1957,0,0,0,0,0,0,0,1,0.16273393002441008,13
2,1957,0,0,0,0,0,0,0,2,0.16273393002441008,13
2,1958,0,0,0,0,0,0,0,1,0.16273393002441008,14
2,1958,0,0,0,0,0,0,0,2,0.16273393002441008,14
2,1959,0,0,0,0,0,0,0,1,0.16273393002441008,15
2,1959,0,0,0,0,0,0,0,2,0.16273393002441008,15
2,1960,0,0,0,0,0,0,0,1,0.16273393002441008,16
2,1960,0,0,0,0,0,0,0,2,0.16273393002441008,16
2,1961,0,0,0,0,0,0,0,1,0.16273393002441008,17
2,1961,0,0,0,0,0,0,0,2,0.16273393002441008,17
2,1962,0,0,0,0,0,0,0,1,0.16273393002441008,18
2,1962,0,0,0,0,0,0,0,2,0.16273393002441008,18
2,1963,0,0,0,0,0,0,0,1,0.16273393002441008,19
2,1963,0,0,0,0,0,0,0,2,0.16273393002441008,19
2,1964,0,0,0,0,0,0,0,1,0.16273393002441008,20
2,1964,0,0,0,0,0,0,0,2,0.16273393002441008,20
2,1965,0,0,0,0,0,0,0,1,0.16273393002441008,21
2,1965,0,0,0,0,0,0,0,2,0.16273393002441008,21
2,1966,0,0,0,0,0,0,0,1,0.16273393002441008,22
2,1966,0,0,0,0,0,0,0,2,0.16273393002441008,22
2,1967,0,0,0,0,0,0,0,1,0.16273393002441008,23
2,1967,0,0,0,0,0,0,0,2,0.16273393002441008,23
2,1968,0,0,0,0,0,0,0,1,0.16273393002441008,0
2,1968,0,0,0,0,0,0,0,2,0.16273393002441008,0
2,1969,0,0,0,0,0,0,0,1,0.16273393002441008,1
2,1969,0,0,0,0,0,0,0,2,0.16273393002441008,1
2,1970,0,0,0,0,0,0,0,1,0.16273393002441008,2
2,1970,0,0,0,0,0,0,0,2,0.16273393002441008,2
2,1971,0,0,0,0,0,0,0,1,0.16273393002441008,3
2,1971,0,0,0,0,0,0,0,2,0.16273393002441008,3
2,1972,0,0,0,0,0,0,0,1,0.16273393002441008,4
2,1972,0,0,0,0,0,0,0,2,0.16273393002441008,4
2,1973,0,0,0,0,0,0,0,1,0.16273393002441008,5
2,1973,0,0,0,0,0,0,0,2,0.16273393002441008,5
2,1974,0,0,0,0,0,0,0,1,0.16273393002441008,6
2,1974,0,0,0,0,0,0,0,2,0.16273393002441008,6
2,1975,0,0,0,0,0,0,0,1,0.16273393002441008,7
2,1975,0,0,0,0,0,0,0,2,0.16273393002441008,7
2,1976,0,0,0,0,0,0,0,1,0.16273393002441008,8
2,1976,0,0,0,0,0,0,0,2,0.16273393002441008,8
2,1977,0,0,0,0,0,0,0,1,0.16273393002441008,9
2,1977,0,0,0,0,0,0,0,2,0.16273393002441008,9
2,1978,0,0,0,0,0,0,0,1,0.16273393002441008,10
2,1978,0,0,0,0,0,0,0,2,0.16273393002441008,10
2,1979,0,0,0,0,0,0,0,1,0.16273393002441008,11
2,1979,0,0,0,0,0,0,0,2,0.16273393002441008,11
2,1980,0,0,0,0,0,0,0,1,0.16273393002441008,12
2,1980,0,0,0,0,0,0,0,2,0.16273393002441008,12
2,1981,0,0,0,0,0,0,0,1,0.16273393002441008,13
2,1981,0,0,0,0,0,0,0,2,0.16273393002441008,13
2,1982,0,0,0,0,0,0,0,1,0.16273393002441008,14
2,1982,0,0,0,0,0,0,0,2,0.16273393002441008,14
2,1983,0,0,0,0,0,0,0,1,0.16273393002441008,15
2,1983,0,0,0,0,0,0,0,2,0.16273393002441008,15
2,1984,0,0,0,0,0,0,0,1,0.16273393002441008,16
2,1984,0,0,0,0,0,0,0,2,0.16273393002441008,16
2,1985,0,0,0,0,0,0,0,1,0.16273393002441008,17
2,1985,0,0,0,0,0,0,0,2,0.16273393002441008,17
2,1986,0,0,0,0,0,0,0,1,0.16273393002441008,18
2,1986,0,0,0,0,0,0,0,2,0.16273393002441008,18
2,1987,0,0,0,0,0,0,0,1,0.16273393002441008,19
2,1987,0,0,0,0,0,0,0,2,0.16273393002441008,19
2,1988,0,0,0,0,0,0,0,1,0.16273393002441008,20
2,1988,0,0,0,0,0,0,0,2,0.16273393002441008,20
2,1989,0,0,0,0,0,0,0,1,0.16273393002441008,21
2,1989,0,0,0,0,0,0,0,2,0.16273393002441008,21
2,1990,0,0,0,0,0,0,0,1,0.16273393002441008,22
2,1990,0,0,0,0,0,0,0,2,0.16273393002441008,22
2,1991,0,0,0,0,0,0,0,1,0.16273393002441008,23
2,1991,0,0,0,0,0,0,0,2,0.16273393002441008,23
2,1992,0,0,0,0,0,0,0,1,0.16273393002441008,0
2,1992,0,0,0,0,0,0,0,2,0.16273393002441008,0
2,1993,0,0,0,0,0,0,0,1,0.16273393002441008,1
2,1993,0,0,0,0,0,0,0,2,0.16273393002441008,1
2,1994,0,0,0,0,0,0,0,1,0.16273393002441008,2
2,1994,0,0,0,0,0,0,0,2,0.16273393002441008,2
2,1995,0,0,0,0,0,0,0,1,0.16273393002441008,3
2,1995,0,0,0,0,0,0,0,2,0.16273393002441008,3
2,1996,0,0,0,0,0,0,0,1,0.16273393002441008,4
2,1996,0,0,0,0,0,0,0,2,0.16273393002441008,4
2,1997,0,0,0,0,0,0,0,1,0.16273393002441008,5
2,1997,0,0,0,0,0,0,0,2,0.16273393002441008,5
2,1998,0,0,0,0,0,0,0,1,0.16273393002441008,6
2,1998,0,0,0,0,0,0,0,2,0.16273393002441008,6
2,1999,0,0,0,0,0,0,0,1,0.16273393002441008,7
2,1999,0,0,0,0,0,0,0,2,0.16273393002441008,7
2,2000,0,0,0,0,0,0,0,1,0.16273393002441008,8
2,2000,0,0,0,0,0,0,0,2,0.16273393002441008,8
2,2001,0,0,0,0,0,0,0,1,0.16273393002441008,9
2,2001,0,0,0,0,0,0,0,2,0.16273393002441008,9
2,2002,0,0,0,0,0,0,0,1,0.16273393002441008,10
2,2002,0,0,0,0,0,0,0,2,0.16273393002441008,10
2,2003,0,0,0,0,0,0,0,1,0.16273393002441008,11
2,2003,0,0,0,0,0,0,0,2,0.16273393002441008,11
2,2004,0,0,0,0,0,0,0,1,0.16273393002441008,12
2,2004,0,0,0,0,0,0,0,2,0.16273393002441008,12
2,2005,0,0,0,0,0,0,0,1,0.16273393002441008,13
2,2005,0,0,0,0,0,0,0,2,0.16273393002441008,13
2,2006,0,0,0,0,0,0,0,1,0.16273393002441008,14
2,2006,0,0,0,0,0,0,0,2,0.16273393002441008,14
2,2007,0,0,0,0,0,0,0,1,0.16273393002441008,15
2,2007,0,0,0,0,0,0,0,2,0.16273393002441008,15
2,2008,0,0,0,0,0,0,0,1,0.16273393002441008,16
2,2008,0,0,0,0,0,0,0,2,0.16273393002441008,16
2,2009,0,0,0,0,0,0,0,1,0.16273393002441008,17
2,2009,0,0,0,0,0,0,0,2,0.16273393002441008,17
2,2010,0,0,0,0,0,0,0,1,0.16273393002441008,18
2,2010,0,0,0,0,0,0,0,2,0.16273393002441008,18
2,2011,0,0,0,0,0,0,0,1,0.16273393002441008,19
2,2011,0,0,0,0,0,0,0,2,0.16273393002441008,19
2,2012,0,0,0,0,0,0,0,1,0.16273393002441008,20
2,2012,0,0,0,0,0,0,0,2,0.16273393002441008,20
2,2013,0,0,0,0,0,0,0,1,0.16273393002441008,21
2,2013,0,0,0,0,0,0,0,2,0.16273393002441008,21
2,2014,0,0,0,0,0,0,0,1,0.16273393002441008,22
2,2014,0,0,0,0,0,0,0,2,0.16273393002441008,22
2,2015,0,0,0,0,0,0,0,1,0.16273393002441008,23
2,2015,0,0,0,0,0,0,0,2,0.16273393002441008,23
2,2016,0,0,0,0,0,0,0,1,0.16273393002441008,0
2,2016,0,0,0,0,0,0,0,2,0.16273393002441008,0
2,2017,0,0,0,0,0,0,0,1,0.16273393002441008,1
2,2017,0,0,0,0,0,0,0,2,0.16273393002441008,1
2,2018,0,0,0,0,0,0,0,1,0.16273393002441008,2
2,2018,0,0,0,0,0,0,0,2,0.16273393002441008,2
2,2019,0,0,0,0,0,0,0,1,0.16273393002441008,3
2,2019,0,0,0,0,0,0,0,2,0.16273393002441008,3
2,2020,0,0,0,0,0,0,0,1,0.16273393002441008,4
2,2020,0,0,0,0,0,0,0,2,0.16273393002441008,4
2,2021,0,0,0,0,0,0,0,1,0.16273393002441008,5
2,2021,0,0,0,0,0,0,0,2,0.16273393002441008,5
2,2022,0,0,0,0,0,0,0,1,0.16273393002441008,6
2,2022,0,0,0,0,0,0,0,2,0.16273393002441008,6
2,2023,0,0,0,0,0,0,0,1,0.16273393002441008,7
2,2023,0,0,0,0,0,0,0,2,0.16273393002441008,7
2,2024,0,0,0,0,0,0,0,1,0.16273393002441008,8
2,2024,0,0,0,0,0,0,0,2,0.16273393002441008,8
2,2025,0,0,0,0,0,0,0,1,0.16273393002441008,9
2,2025,0,0,0,0,0,0,0,2,0.16273393002441008,9
2,2026,0,0,0,0,0,0,0,1,0.16273393002441008,10
2,2026,0,0,0,0,0,0,0,2,0.16273393002441008,10
2,2027,0,0,0,0,0,0,0,1,0.16273393002441008,11
2,2027,0,0,0,0,0,0,0,2,0.16273393002441008,11
2,2028,0,0,0,0,0,0,0,1,0.16273393002441008,12
2,2028,0,0,0,0,0,0,0,2,0.16273393002441008,12
2,2029,0,0,0,0,0,0,0,1,0.16273393002441008,13
2,2029,0,0,0,0,0,0,0,2,0.16273393002441008,13
2,2030,0,0,0,0,0,0,0,1,0.16273393002441008,14
2,2030,0,0,0,0,0,0,0,2,0.16273393002441008,14
2,2031,0,0,0,0,0,0,0,1,0.16273393002441008,15
2,2031,0,0,0,0,0,0,0,2,0.16273393002441008,15
2,2032,0,0,0,0,0,0,0,1,0.16273393002441008,16
2,2032,0,0,0,0,0,0,0,2,0.16273393002441008,16
2,2033,0,0,0,0,0,0,0,1,0.16273393002441008,17
2,2033,0,0,0,0,0,0,0,2,0.16273393002441008,17
2,2034,0,0,0,0,0,0,0,1,0.16273393002441008,18
2,2034,0,0,0,0,0,0,0,2,0.16273393002441008,18
2,2035,0,0,0,0,0,0,0,1,0.16273393002441008,19
2,2035,0,0,0,0,0,0,0,2,0.16273393002441008,19
2,2036,0,0,0,0,0,0,0,1,0.16273393002441008,20
2,2036,0,0,0,0,0,0,0,2,0.16273393002441008,20
2,2037,0,0,0,0,0,0,0,1,0.16273393002441008,21
2,2037,0,0,0,0,0,0,0,2,0.16273393002441008,21
2,2038,0,0,0,0,0,0,0,1,0.16273393002441008,22
2,2038,0,0,0,0,0,0,0,2,0.16273393002441008,22
2,2039,0,0,0,0,0,0,0,1,0.16273393002441008,23
2,2039,0,0,0,0,0,0,0,2,0.16273393002441008,23
2,2040,0,0,0,0,0,0,0,1,0.16273393002441008,0
2,2040,0,0,0,0,0,0,0,2,0.16273393002441008,0
2,2041,0,0,0,0,0,0,0,1,0.16273393002441008,1
2,2041,0,0,0,0,0,0,0,2,0.16273393002441008,1
2,2042,0,0,0,0,0,0,0,1,0.16273393002441008,2
2,2042,0,0,0,0,0,0,0,2,0.16273393002441008,2
2,2043,0,0,0,0,0,0,0,1,0.16273393002441008,3
2,2043,0,0,0,0,0,0,0,2,0.16273393002441008,3
2,2044,0,0,0,0,0,0,0,1,0.16273393002441008,4
2,2044,0,0,0,0,0,0,0,2,0.16273393002441008,4
2,2045,0,0,0,0,0,0,0,1,0.16273393002441008,5
2,2045,0,0,0,0,0,0,0,2,0.16273393002441008,5
2,2046,0,0,0,0,0,0,0,1,0.16273393002441008,6
2,2046,0,0,0,0,0,0,0,2,0.16273393002441008,6
2,2047,0,0,0,0,0,0,0,1,0.16273393002441008,7
2,2047,0,0,0,0,0,0,0,2,0.16273393002441008,7
2,2048,0,0,0,0,0,0,0,1,0.16273393002441008,8
2,2048,0,0,0,0,0,0,0,2,0.16273393002441008,8
2,2049,0,0,0,0,0,0,0,1,0.16273393002441008,9
2,2049,0,0,0,0,0,0,0,2,0.16273393002441008,9
2,2050,0,0,0,0,0,0,0,1,0.16273393002441008,10
2,2050,0,0,0,0,0,0,0,2,0.16273393002441008,10
2,2051,0,0,0,0,0,0,0,1,0.16273393002441008,11
2,2051,0,0,0,0,0,0,0,2,0.16273393002441008,11
2,2052,0,0,0,0,0,0,0,1,0.16273393002441008,12
2,2052,0,0,0,0,0,0,0,2,0.16273393002441008,12
2,2053,0,0,0,0,0,0,0,1,0.16273393002441008,13
2,2053,0,0,0,0,0,0,0,2,0.16273393002441008,13
2,2054,0,0,0,0,0,0,0,1,0.16273393002441008,14
2,2054,0,0,0,0,0,0,0,2,0.16273393002441008,14
2,2055,0,0,0,0,0,0,0,1,0.16273393002441008,15
2,2055,0,0,0,0,0,0,0,2,0.16273393002441008,15
2,2056,0,0,0,0,0,0,0,1,0.16273393002441008,16
2,2056,0,0,0,0,0,0,0,2,0.16273393002441008,16
2,2057,0,0,0,0,0,0,0,1,0.16273393002441008,17
2,2057,0,0,0,0,0,0,0,2,0.16273393002441008,17
2,2058,0,0,0,0,0,0,0,1,0.16273393002441008,18
2,2058,0,0,0,0,0,0,0,2,0.16273393002441008,18
2,2059,0,0,0,0,0,0,0,1,0.16273393002441008,19
2,2059,0,0,0,0,0,0,0,2,0.16273393002441008,19
2,2060,0,0,0,0,0,0,0,1,0.16273393002441008,20
2,2060,0,0,0,0,0,0,0,2,0.16273393002441008,20
2,2061,0,0,0,0,0,0,0,1,0.16273393002441008,21
2,2061,0,0,0,0,0,0,0,2,0.16273393002441008,21
2,2062,0,0,0,0,0,0,0,1,0.16273393002441008,22
2,2062,0,0,0,0,0,0,0,2,0.16273393002441008,22
2,2063,0,0,0,0,0,0,0,1,0.16273393002441008,23
2,2063,0,0,0,0,0,0,0,2,0.16273393002441008,23
2,2064,0,0,0,0,0,0,0,1,0.16273393002441008,0
2,2064,0,0,0,0,0,0,0,2,0.16273393002441008,0
2,2065,0,0,0,0,0,0,0,1,0.16273393002441008,1
2,2065,0,0,0,0,0,0,0,2,0.16273393002441008,1
2,2066,0,0,0,0,0,0,0,1,0.16273393002441008,2
2,2066,0,0,0,0,0,0,0,2,0.16273393002441008,2
2,2067,0,0,0,0,0,0,0,1,0.16273393002441008,3
2,2067,0,0,0,0,0,0,0,2,0.16273393002441008,3
2,2068,0,0,0,0,0,0,0,1,0.16273393002441008,4
2,2068,0,0,0,0,0,0,0,2,0.16273393002441008,4
2,2069,0,0,0,0,0,0,0,1,0.16273393002441008,5
2,2069,0,0,0,0,0,0,0,2,0.16273393002441008,5
2,2070,0,0,0,0,0,0,0,1,0.16273393002441008,6
2,2070,0,0,0,0,0,0,0,2,0.16273393002441008,6
2,2071,0,0,0,0,0,0,0,1,0.16273393002441008,7
2,2071,0,0,0,0,0,0,0,2,0.16273393002441008,7
2,2072,0,0,0,0,0,0,0,1,0.16273393002441008,8
2,2072,0,0,0,0,0,0,0,2,0.16273393002441008,8
2,2073,0,0,0,0,0,0,0,1,0.16273393002441008,9
2,2073,0,0,0,0,0,0,0,2,0.16273393002441008,9
2,2074,0,0,0,0,0,0,0,1,0.16273393002441008,10
2,2074,0,0,0,0,0,0,0,2,0.16273393002441008,10
2,2075,0,0,0,0,0,0,0,1,0.16273393002441008,11
2,2075,0,0,0,0,0,0,0,2,0.16273393002441008,11
2,2076,0,0,0,0,0,0,0,1,0.16273393002441008,12
2,2076,0,0,0,0,0,0,0,2,0.16273393002441008,12
2,2077,0,0,0,0,0,0,0,1,0.16273393002441008,13
2,2077,0,0,0,0,0,0,0,2,0.16273393002441008,13
2,2078,0,0,0,0,0,0,0,1,0.16273393002441008,14
2,2078,0,0,0,0,0,0,0,2,0.16273393002441008,14
2,2079,0,0,0,0,0,0,0,1,0.16273393002441008,15
2,2079,0,0,0,0,0,0,0,2,0.16273393002441008,15
2,2080,0,0,0,0,0,0,0,1,0.16273393002441008,16
2,2080,0,0,0,0,0,0,0,2,0.16273393002441008,16
2,2081,0,0,0,0,0,0,0,1,0.16273393002441008,17
2,2081,0,0,0,0,0,0,0,2,0.16273393002441008,17
2,2082,0,0,0,0,0,0,0,1,0.16273393002441008,18
2,2082,0,0,0,0,0,0,0,2,0.16273393002441008,18
2,2083,0,0,0,0,0,0,0,1,0.16273393002441008,19
2,2083,0,0,0,0,0,0,0,2,0.16273393002441008,19
2,2084,0,0,0,0,0,0,0,1,0.16273393002441008,20
2,2084,0,0,0,0,0,0,0,2,0.16273393002441008,20
2,2085,0,0,0,0,0,0,0,1,0.16273393002441008,21
2,2085,0,0,0,0,0,0,0,2,0.16273393002441008,21
2,2086,0,0,0,0,0,0,0,1,0.16273393002441008,22
2,2086,0,0,0,0,0,0,0,2,0.16273393002441008,22
2,2087,0,0,0,0,0,0,0,1,0.16273393002441008,23
2,2087,0,0,0,0,0,0,0,2,0.16273393002441008,23
2,2088,0,0,0,0,0,0,0,1,0.16273393002441008,0
2,2088,0,0,0,0,0,0,0,2,0.16273393002441008,0
2,2089,0,0,0,0,0,0,0,1,0.16273393002441008,1
2,2089,0,0,0,0,0,0,0,2,0.16273393002441008,1
2,2090,0,0,0,0,0,0,0,1,0.16273393002441008,2
2,2090,0,0,0,0,0,0,0,2,0.16273393002441008,2
2,2091,0,0,0,0,0,0,0,1,0.16273393002441008,3
2,2091,0,0,0,0,0,0,0,2,0.16273393002441008,3
2,2092,0,0,0,0,0,0,0,1,0.16273393002441008,4
2,2092,0,0,0,0,0,0,0,2,0.16273393002441008,4
2,2093,0,0,0,0,0,0,0,1,0.16273393002441008,5
2,2093,0,0,0,0,0,0,0,2,0.16273393002441008,5
2,2094,0,0,0,0,0,0,0,1,0.16273393002441008,6
2,2094,0,0,0,0,0,0,0,2,0.16273393002441008,6
2,2095,0,0,0,0,0,0,0,1,0.16273393002441008,7
2,2095,0,0,0,0,0,0,0,2,0.16273393002441008,7
2,2096,0,0,0,0,0,0,0,1,0.16273393002441008,8
2,2096,0,0,0,0,0,0,0,2,0.16273393002441008,8
2,2097,0,0,0,0,0,0,0,1,0.16273393002441008,9
2,2097,0,0,0,0,0,0,0,2,0.16273393002441008,9
2,2098,0,0,0,0,0,0,0,1,0.16273393002441008,10
2,2098,0,0,0,0,0,0,0,2,0.16273393002441008,10
2,2099,0,0,0,0,0,0,0,1,0.16273393002441008,11
2,2099,0,0,0,0,0,0,0,2,0.16273393002441008,11
2,2100,0,0,0,0,0,0,0,1,0.16273393002441008,12
2,2100,0,0,0,0,0,0,0,2,0.16273393002441008,12
2,2101,0,0,0,0,0,0,0,1,0.16273393002441008,13
2,2101,0,0,0,0,0,0,0,2,0.16273393002441008,13
2,2102,0,0,0,0,0,0,0,1,0.16273393002441008,14
2,2102,0,0,0,0,0,0,0,2,0.16273393002441008,14
2,2103,0,0,0,0,0,0,0,1,0.16273393002441008,15
2,2103,0,0,0,0,0,0,0,2,0.16273393002441008,15
2,2104,0,0,0,0,0,0,0,1,0.16273393002441008,16
2,2104,0,0,0,0,0,0,0,2,0.16273393002441008,16
2,2105,0,0,0,0,0,0,0,1,0.16273393002441008,17
2,2105,0,0,0,0,0,0,0,2,0.16273393002441008,17
2,2106,0,0,0,0,0,0,0,1,0.16273393002441008,18
2,2106,0,0,0,0,0,0,0,2,0.16273393002441008,18
2,2107,0,0,0,0,0,0,0,1,0.16273393002441008,19
2,2107,0,0,0,0,0,0,0,2,0.16273393002441008,19
2,2108,0,0,0,0,0,0,0,1,0.16273393002441008,20
2,2108,0,0,0,0,0,0,0,2,0.16273393002441008,20
2,2109,0,0,0,0,0,0,0,1,0.16273393002441008,21
2,2109,0,0,0,0,0,0,0,2,0.16273393002441008,21
2,2110,0,0,0,0,0,0,0,1,0.16273393002441008,22
2,2110,0,0,0,0,0,0,0,2,0.16273393002441008,22
2,2111,0,0,0,0,0,0,0,1,0.16273393002441008,23
2,2111,0,0,0,0,0,0,0,2,0.16273393002441008,23
2,2112,0,0,0,0,0,0,0,1,0.16273393002441008,0
2,2112,0,0,0,0,0,0,0,2,0.16273393002441008,0
2,2113,0,0,0,0,0,0,0,1,0.16273393002441008,1
2,2113,0,0,0,0,0,0,0,2,0.16273393002441008,1
2,2114,0,0,0,0,0,0,0,1,0.16273393002441008,2
2,2114,0,0,0,0,0,0,0,2,0.16273393002441008,2
2,2115,0,0,0,0,0,0,0,1,0.16273393002441008,3
2,2115,0,0,0,0,0,0,0,2,0.16273393002441008,3
2,2116,0,0,0,0,0,0,0,1,0.16273393002441008,4
2,2116,0,0,0,0,0,0,0,2,0.16273393002441008,4
2,2117,0,0,0,0,0,0,0,1,0.16273393002441008,5
2,2117,0,0,0,0,0,0,0,2,0.16273393002441008,5
2,2118,0,0,0,0,0,0,0,1,0.16273393002441008,6
2,2118,0,0,0,0,0,0,0,2,0.16273393002441008,6
2,2119,0,0,0,0,0,0,0,1,0.16273393002441008,7
2,2119,0,0,0,0,0,0,0,2,0.16273393002441008,7
2,2120,0,0,0,0,0,0,0,1,0.16273393002441008,8
2,2120,0,0,0,0,0,0,0,2,0.16273393002441008,8
2,2121,0,0,0,0,0,0,0,1,0.16273393002441008,9
2,2121,0,0,0,0,0,0,0,2,0.16273393002441008,9
2,2122,0,0,0,0,0,0,0,1,0.16273393002441008,10
2,2122,0,0,0,0,0,0,0,2,0.16273393002441008,10
2,2123,0,0,0,0,0,0,0,1,0.16273393002441008,11
2,2123,0,0,0,0,0,0,0,2,0.16273393002441008,11
2,2124,0,0,0,0,0,0,0,1,0.16273393002441008,12
2,2124,0,0,0,0,0,0,0,2,0.16273393002441008,12
2,2125,0,0,0,0,0,0,0,1,0.16273393002441008,13
2,2125,0,0,0,0,0,0,0,2,0.16273393002441008,13
2,2126,0,0,0,0,0,0,0,1,0.16273393002441008,14
2,2126,0,0,0,0,0,0,0,2,0.16273393002441008,14
2,2127,0,0,0,0,0,0,0,1,0.16273393002441008,15
2,2127,0,0,0,0,0,0,0,2,0.16273393002441008,15
2,2128,0,0,0,0,0,0,0,1,0.16273393002441008,16
2,2128,0,0,0,0,0,0,0,2,0.16273393002441008,16
2,2129,0,0,0,0,0,0,0,1,0.16273393002441008,17
2,2129,0,0,0,0,0,0,0,2,0.16273393002441008,17
2,2130,0,0,0,0,0,0,0,1,0.16273393002441008,18
2,2130,0,0,0,0,0,0,0,2,0.16273393002441008,18
2,2131,0,0,0,0,0,0,0,1,0.16273393002441008,19
2,2131,0,0,0,0,0,0,0,2,0.16273393002441008,19
2,2132,0,0,0,0,0,0,0,1,0.16273393002441008,20
2,2132,0,0,0,0,0,0,0,2,0.16273393002441008,20
2,2133,0,0,0,0,0,0,0,1,0.16273393002441008,21
2,2133,0,0,0,0,0,0,0,2,0.16273393002441008,21
2,2134,0,0,0,0,0,0,0,1,0.16273393002441008,22
2,2134,0,0,0,0,0,0,0,2,0.16273393002441008,22
2,2135,0,0,0,0,0,0,0,1,0.16273393002441008,23
2,2135,0,0,0,0,0,0,0,2,0.16273393002441008,23
2,2136,0,0,0,0,0,0,0,1,0.16273393002441008,0
2,2136,0,0,0,0,0,0,0,2,0.16273393002441008,0
2,2137,0,0,0,0,0,0,0,1,0.16273393002441008,1
2,2137,0,0,0,0,0,0,0,2,0.16273393002441008,1
2,2138,0,0,0,0,0,0,0,1,0.16273393002441008,2
2,2138,0,0,0,0,0,0,0,2,0.16273393002441008,2
2,2139,0,0,0,0,0,0,0,1,0.16273393002441008,3
2,2139,0,0,0,0,0,0,0,2,0.16273393002441008,3
2,2140,0,0,0,0,0,0,0,1,0.16273393002441008,4
2,2140,0,0,0,0,0,0,0,2,0.16273393002441008,4
2,2141,0,0,0,0,0,0,0,1,0.16273393002441008,5
2,2141,0,0,0,0,0,0,0,2,0.16273393002441008,5
2,2142,0,0,0,0,0,0,0,1,0.16273393002441008,6
2,2142,0,0,0,0,0,0,0,2,0.16273393002441008,6
2,2143,0,0,0,0,0,0,0,1,0.16273393002441008,7
2,2143,0,0,0,0,0,0,0,2,0.16273393002441008,7
2,2144,0,0,0,0,0,0,0,1,0.16273393002441008,8
2,2144,0,0,0,0,0,0,0,2,0.16273393002441008,8
2,2145,0,0,0,0,0,0,0,1,0.16273393002441008,9
2,2145,0,0,0,0,0,0,0,2,0.16273393002441008,9
2,2146,0,0,0,0,0,0,0,1,0.16273393002441008,10
2,2146,0,0,0,0,0,0,0,2,0.16273393002441008,10
2,2147,0,0,0,0,0,0,0,1,0.16273393002441008,11
2,2147,0,0,0,0,0,0,0,2,0.16273393002441008,11
2,2148,0,0,0,0,0,0,0,1,0.16273393002441008,12
2,2148,0,0,0,0,0,0,0,2,0.16273393002441008,12
2,2149,0,0,0,0,0,0,0,1,0.16273393002441008,13
2,2149,0,0,0,0,0,0,0,2,0.16273393002441008,13
2,2150,0,0,0,0,0,0,0,1,0.16273393002441008,14
2,2150,0,0,0,0,0,0,0,2,0.16273393002441008,14
2,2151,0,0,0,0,0,0,0,1,0.16273393002441008,15
2,2151,0,0,0,0,0,0,0,2,0.16273393002441008,15
2,2152,0,0,0,0,0,0,0,1,0.16273393002441008,16
2,2152,0,0,0,0,0,0,0,2,0.16273393002441008,16
2,2153,0,0,0,0,0,0,0,1,0.16273393002441008,17
2,2153,0,0,0,0,0,0,0,2,0.16273393002441008,17
2,2154,0,0,0,0,0,0,0,1,0.16273393002441008,18
2,2154,0,0,0,0,0,0,0,2,0.16273393002441008,18
2,2155,0,0,0,0,0,0,0,1,0.16273393002441008,19
2,2155,0,0,0,0,0,0,0,2,0.16273393002441008,19
2,2156,0,0,0,0,0,0,0,1,0.16273393002441008,20
2,2156,0,0,0,0,0,0,0,2,0.16273393002441008,20
2,2157,0,0,0,0,0,0,0,1,0.16273393002441008,21
2,2157,0,0,0,0,0,0,0,2,0.16273393002441008,21
2,2158,0,0,0,0,0,0,0,1,0.16273393002441008,22
2,2158,0,0,0,0,0,0,0,2,0.16273393002441008,22
2,2159,0,0,0,0,0,0,0,1,0.16273393002441008,23
2,2159,0,0,0,0,0,0,0,2,0.16273393002441008,23
2,2160,0,0,0,0,0,0,0,1,0.16273393002441008,0
2,2160,0,0,0,0,0,0,0,2,0.16273393002441008,0
2,2161,0,0,0,0,0,0,0,1,0.16273393002441008,1
2,2161,0,0,0,0,0,0,0,2,0.16273393002441008,1
2,2162,0,0,0,0,0,0,0,1,0.16273393002441008,2
2,2162,0,0,0,0,0,0,0,2,0.16273393002441008,2
2,2163,0,0,0,0,0,0,0,1,0.16273393002441008,3
2,2163,0,0,0,0,0,0,0,2,0.16273393002441008,3
2,2164,0,0,0,0,0,0,0,1,0.16273393002441008,4
2,2164,0,0,0,0,0,0,0,2,0.16273393002441008,4
2,2165,0,0,0,0,0,0,0,1,0.16273393002441008,5
2,2165,0,0,0,0,0,0,0,2,0.16273393002441008,5
2,2166,0,0,0,0,0,0,0,1,0.16273393002441008,6
2,2166,0,0,0,0,0,0,0,2,0.16273393002441008,6
2,2167,0,0,0,0,0,0,0,1,0.16273393002441008,7
2,2167,0,0,0,0,0,0,0,2,0.16273393002441008,7
2,2168,0,0,0,0,0,0,0,1,0.16273393002441008,8
2,2168,0,0,0,0,0,0,0,2,0.16273393002441008,8
2,2169,0,0,0,0,0,0,0,1,0.16273393002441008,9
2,2169,0,0,0,0,0,0,0,2,0.16273393002441008,9
2,2170,0,0,0,0,0,0,0,1,0.16273393002441008,10
2,2170,0,0,0,0,0,0,0,2,0.16273393002441008,10
2,2171,0,0,0,0,0,0,0,1,0.16273393002441008,11
2,2171,0,0,0,0,0,0,0,2,0.16273393002441008,11
2,2172,0,0,0,0,0,0,0,1,0.16273393002441008,12
2,2172,0,0,0,0,0,0,0,2,0.16273393002441008,12
2,2173,0,0,0,0,0,0,0,1,0.16273393002441008,13
2,2173,0,0,0,0,0,0,0,2,0.16273393002441008,13
2,2174,0,0,0,0,0,0,0,1,0.16273393002441008,14
2,2174,0,0,0,0,0,0,0,2,0.16273393002441008,14
2,2175,0,0,0,0,0,0,0,1,0.16273393002441008,15
2,2175,0,0,0,0,0,0,0,2,0.16273393002441008,15
2,2176,0,0,0,0,0,0,0,1,0.16273393002441008,16
2,2176,0,0,0,0,0,0,0,2,0.16273393002441008,16
2,2177,0,0,0,0,0,0,0,1,0.16273393002441008,17
2,2177,0,0,0,0,0,0,0,2,0.16273393002441008,17
2,2178,0,0,0,0,0,0,0,1,0.16273393002441008,18
2,2178,0,0,0,0,0,0,0,2,0.16273393002441008,18
2,2179,0,0,0,0,0,0,0,1,0.16273393002441008,19
2,2179,0,0,0,0,0,0,0,2,0.16273393002441008,19
2,2180,0,0,0,0,0,0,0,1,0.16273393002441008,20
2,2180,0,0,0,0,0,0,0,2,0.16273393002441008,20
2,2181,0,0,0,0,0,0,0,1,0.16273393002441008,21
2,2181,0,0,0,0,0,0,0,2,0.16273393002441008,21
2,2182,0,0,0,0,0,0,0,1,0.16273393002441008,22
2,2182,0,0,0,0,0,0,0,2,0.16273393002441008,22
2,2183,0,0,0,0,0,0,0,1,0.16273393002441008,23
2,2183,0,0,0,0,0,0,0,2,0.16273393002441008,23
2,2184,0,0,0,0,0,0,0,1,0.16273393002441008,0
2,2184,0,0,0,0,0,0,0,2,0.16273393002441008,0
2,2185,0,0,0,0,0,0,0,1,0.16273393002441008,1
2,2185,0,0,0,0,0,0,0,2,0.16273393002441008,1
2,2186,0,0,0,0,0,0,0,1,0.16273393002441008,2
2,2186,0,0,0,0,0,0,0,2,0.16273393002441008,2
2,2187,0,0,0,0,0,0,0,1,0.16273393002441008,3
2,2187,0,0,0,0,0,0,0,2,0.16273393002441008,3
2,2188,0,0,0,0,0,0,0,1,0.16273393002441008,4
2,2188,0,0,0,0,0,0,0,2,0.16273393002441008,4
2,2189,0,0,0,0,0,0,0,1,0.16273393002441008,5
2,2189,0,0,0,0,0,0,0,2,0.16273393002441008,5
2,2190,0,0,0,0,0,0,0,1,0.16273393002441008,6
2,2190,0,0,0,0,0,0,0,2,0.16273393002441008,6
2,2191,0,0,0,0,0,0,0,1,0.16273393002441008,7
2,2191,0,0,0,0,0,0,0,2,0.16273393002441008,7
2,2192,0,0,0,0,0,0,0,1,0.16273393002441008,8
2,2192,0,0,0,0,0,0,0,2,0.16273393002441008,8
2,2193,0,0,0,0,0,0,0,1,0.16273393002441008,9
2,2193,0,0,0,0,0,0,0,2,0.16273393002441008,9
2,2194,0,0,0,0,0,0,0,1,0.16273393002441008,10
2,2194,0,0,0,0,0,0,0,2,0.16273393002441008,10
2,2195,0,0,0,0,0,0,0,1,0.16273393002441008,11
2,2195,0,0,0,0,0,0,0,2,0.16273393002441008,11
2,2196,0,0,0,0,0,0,0,1,0.16273393002441008,12
2,2196,0,0,0,0,0,0,0,2,0.16273393002441008,12
2,2197,0,0,0,0,0,0,0,1,0.16273393002441008,13
2,2197,0,0,0,0,0,0,0,2,0.16273393002441008,13
2,2198,0,0,0,0,0,0,0,1,0.16273393002441008,14
2,2198,0,0,0,0,0,0,0,2,0.16273393002441008,14
2,2199,0,0,0,0,0,0,0,1,0.16273393002441008,15
2,2199,0,0,0,0,0,0,0,2,0.16273393002441008,15
2,2200,0,0,0,0,0,0,0,1,0.16273393002441008,16
2,2200,0,0,0,0,0,0,0,2,0.16273393002441008,16
2,2201,0,0,0,0,0,0,0,1,0.16273393002441008,17
2,2201,0,0,0,0,0,0,0,2,0.16273393002441008,17
2,2202,0,0,0,0,0,0,0,1,0.16273393002441008,18
2,2202,0,0,0,0,0,0,0,2,0.16273393002441008,18
2,2203,0,0,0,0,0,0,0,1,0.16273393002441008,19
2,2203,0,0,0,0,0,0,0,2,0.16273393002441008,19
2,2204,0,0,0,0,0,0,0,1,0.16273393002441008,20
2,2204,0,0,0,0,0,0,0,2,0.16273393002441008,20
2,2205,0,0,0,0,0,0,0,1,0.16273393002441008,21
2,2205,0,0,0,0,0,0,0,2,0.16273393002441008,21
2,2206,0,0,0,0,0,0,0,1,0.16273393002441008,22
2,2206,0,0,0,0,0,0,0,2,0.16273393002441008,22
2,2207,0,0,0,0,0,0,0,1,0.16273393002441008,23
2,2207,0,0,0,0,0,0,0,2,0.16273393002441008,23
2,2208,0,0,0,0,0,0,0,1,0.16273393002441008,0
2,2208,0,0,0,0,0,0,0,2,0.16273393002441008,0
2,2209,0,0,0,0,0,0,0,1,0.16273393002441008,1
2,2209,0,0,0,0,0,0,0,2,0.16273393002441008,1
2,2210,0,0,0,0,0,0,0,1,0.16273393002441008,2
2,2210,0,0,0,0,0,0,0,2,0.16273393002441008,2
2,2211,0,0,0,0,0,0,0,1,0.16273393002441008,3
2,2211,0,0,0,0,0,0,0,2,0.16273393002441008,3
2,2212,0,0,0,0,0,0,0,1,0.16273393002441008,4
2,2212,0,0,0,0,0,0,0,2,0.16273393002441008,4
2,2213,0,0,0,0,0,0,0,1,0.16273393002441008,5
2,2213,0,0,0,0,0,0,0,2,0.16273393002441008,5
2,2214,0,0,0,0,0,0,0,1,0.16273393002441008,6
2,2214,0,0,0,0,0,0,0,2,0.16273393002441008,6
2,2215,0,0,0,0,0,0,0,1,0.16273393002441008,7
2,2215,0,0,0,0,0,0,0,2,0.16273393002441008,7
2,2216,0,0,0,0,0,0,0,1,0.16273393002441008,8
2,2216,0,0,0,0,0,0,0,2,0.16273393002441008,8
2,2217,0,0,0,0,0,0,0,1,0.16273393002441008,9
2,2217,0,0,0,0,0,0,0,2,0.16273393002441008,9
2,2218,0,0,0,0,0,0,0,1,0.16273393002441008,10
2,2218,0,0,0,0,0,0,0,2,0.16273393002441008,10
2,2219,0,0,0,0,0,0,0,1,0.16273393002441008,11
2,2219,0,0,0,0,0,0,0,2,0.16273393002441008,11
2,2220,0,0,0,0,0,0,0,1,0.16273393002441008,12
2,2220,0,0,0,0,0,0,0,2,0.16273393002441008,12
2,2221,0,0,0,0,0,0,0,1,0.16273393002441008,13
2,2221,0,0,0,0,0,0,0,2,0.16273393002441008,13
2,2222,0,0,0,0,0,0,0,1,0.16273393002441008,14
2,2222,0,0,0,0,0,0,0,2,0.16273393002441008,14
2,2223,0,0,0,0,0,0,0,1,0.16273393002441008,15
2,2223,0,0,0,0,0,0,0,2,0.16273393002441008,15
2,2224,0,0,0,0,0,0,0,1,0.16273393002441008,16
2,2224,0,0,0,0,0,0,0,2,0.16273393002441008,16
2,2225,0,0,0,0,0,0,0,1,0.16273393002441008,17
2,2225,0,0,0,0,0,0,0,2,0.16273393002441008,17
2,2226,0,0,0,0,0,0,0,1,0.16273393002441008,18
2,2226,0,0,0,0,0,0,0,2,0.16273393002441008,18
2,2227,0,0,0,0,0,0,0,1,0.16273393002441008,19
2,2227,0,0,0,0,0,0,0,2,0.16273393002441008,19
2,2228,0,0,0,0,0,0,0,1,0.16273393002441008,20
2,2228,0,0,0,0,0,0,0,2,0.16273393002441008,20
2,2229,0,0,0,0,0,0,0,1,0.16273393002441008,21
2,2229,0,0,0,0,0,0,0,2,0.16273393002441008,21
2,2230,0,0,0,0,0,0,0,1,0.16273393002441008,22
2,2230,0,0,0,0,0,0,0,2,0.16273393002441008,22
2,2231,0,0,0,0,0,0,0,1,0.16273393002441008,23
2,2231,0,0,0,0,0,0,0,2,0.16273393002441008,23
2,2232,0,0,0,0,0,0,0,1,0.16273393002441008,0
2,2232,0,0,0,0,0,0,0,2,0.16273393002441008,0
2,2233,0,0,0,0,0,0,0,1,0.16273393002441008,1
2,2233,0,0,0,0,0,0,0,2,0.16273393002441008,1
2,2234,0,0,0,0,0,0,0,1,0.16273393002441008,2
2,2234,0,0,0,0,0,0,0,2,0.16273393002441008,2
2,2235,0,0,0,0,0,0,0,1,0.16273393002441008,3
2,2235,0,0,0,0,0,0,0,2,0.16273393002441008,3
2,2236,0,0,0,0,0,0,0,1,0.16273393002441008,4
2,2236,0,0,0,0,0,0,0,2,0.16273393002441008,4
2,2237,0,0,0,0,0,0,0,1,0.16273393002441008,5
2,2237,0,0,0,0,0,0,0,2,0.16273393002441008,5
2,2238,0,0,0,0,0,0,0,1,0.16273393002441008,6
2,2238,0,0,0,0,0,0,0,2,0.16273393002441008,6
2,2239,0,0,0,0,0,0,0,1,0.16273393002441008,7
2,2239,0,0,0,0,0,0,0,2,0.16273393002441008,7
2,2240,0,0,0,0,0,0,0,1,0.16273393002441008,8
2,2240,0,0,0,0,0,0,0,2,0.16273393002441008,8
2,2241,0,0,0,0,0,0,0,1,0.16273393002441008,9
2,2241,0,0,0,0,0,0,0,2,0.16273393002441008,9
2,2242,0,0,0,0,0,0,0,1,0.16273393002441008,10
2,2242,0,0,0,0,0,0,0,2,0.16273393002441008,10
2,2243,0,0,0,0,0,0,0,1,0.16273393002441008,11
2,2243,0,0,0,0,0,0,0,2,0.16273393002441008,11
2,2244,0,0,0,0,0,0,0,1,0.16273393002441008,12
2,2244,0,0,0,0,0,0,0,2,0.16273393002441008,12
2,2245,0,0,0,0,0,0,0,1,0.16273393002441008,13
2,2245,0,0,0,0,0,0,0,2,0.16273393002441008,13
2,2246,0,0,0,0,0,0,0,1,0.16273393002441008,14
2,2246,0,0,0,0,0,0,0,2,0.16273393002441008,14
2,2247,0,0,0,0,0,0,0,1,0.16273393002441008,15
2,2247,0,0,0,0,0,0,0,2,0.16273393002441008,15
2,2248,0,0,0,0,0,0,0,1,0.16273393002441008,16
2,2248,0,0,0,0,0,0,0,2,0.16273393002441008,16
2,2249,0,0,0,0,0,0,0,1,0.16273393002441008,17
2,2249,0,0,0,0,0,0,0,2,0.16273393002441008,17
2,2250,0,0,0,0,0,0,0,1,0.16273393002441008,18
2,2250,0,0,0,0,0,0,0,2,0.16273393002441008,18
2,2251,0,0,0,0,0,0,0,1,0.16273393002441008,19
2,2251,0,0,0,0,0,0,0,2,0.16273393002441008,19
2,2252,0,0,0,0,0,0,0,1,0.16273393002441008,20
2,2252,0,0,0,0,0,0,0,2,0.16273393002441008,20
2,2253,0,0,0,0,0,0,0,1,0.16273393002441008,21
2,2253,0,0,0,0,0,0,0,2,0.16273393002441008,21
2,2254,0,0,0,0,0,0,0,1,0.16273393002441008,22
2,2254,0,0,0,0,0,0,0,2,0.16273393002441008,22
2,2255,0,0,0,0,0,0,0,1,0.16273393002441008,23
2,2255,0,0,0,0,0,0,0,2,0.16273393002441008,23
2,2256,0,0,0,0,0,0,0,1,0.16273393002441008,0
2,2256,0,0,0,0,0,0,0,2,0.16273393002441008,0
2,2257,0,0,0,0,0,0,0,1,0.16273393002441008,1
2,2257,0,0,0,0,0,0,0,2,0.16273393002441008,1
2,2258,0,0,0,0,0,0,0,1,0.16273393002441008,2
2,2258,0,0,0,0,0,0,0,2,0.16273393002441008,2
2,2259,0,0,0,0,0,0,0,1,0.16273393002441008,3
2,2259,0,0,0,0,0,0,0,2,0.16273393002441008,3
2,2260,0,0,0,0,0,0,0,1,0.16273393002441008,4
2,2260,0,0,0,0,0,0,0,2,0.16273393002441008,4
2,2261,0,0,0,0,0,0,0,1,0.16273393002441008,5
2,2261,0,0,0,0,0,0,0,2,0.16273393002441008,5
2,2262,0,0,0,0,0,0,0,1,0.16273393002441008,6
2,2262,0,0,0,0,0,0,0,2,0.16273393002441008,6
2,2263,0,0,0,0,0,0,0,1,0.16273393002441008,7
2,2263,0,0,0,0,0,0,0,2,0.16273393002441008,7
2,2264,0,0,0,0,0,0,0,1,0.16273393002441008,8
2,2264,0,0,0,0,0,0,0,2,0.16273393002441008,8
2,2265,0,0,0,0,0,0,0,1,0.16273393002441008,9
2,2265,0,0,0,0,0,0,0,2,0.16273393002441008,9
2,2266,0,0,0,0,0,0,0,1,0.16273393002441008,10
2,2266,0,0,0,0,0,0,0,2,0.16273393002441008,10
2,2267,0,0,0,0,0,0,0,1,0.16273393002441008,11
2,2267,0,0,0,0,0,0,0,2,0.16273393002441008,11
2,2268,0,0,0,0,0,0,0,1,0.16273393002441008,12
2,2268,0,0,0,0,0,0,0,2,0.16273393002441008,12
2,2269,0,0,0,0,0,0,0,1,0.16273393002441008,13
2,2269,0,0,0,0,0,0,0,2,0.16273393002441008,13
2,2270,0,0,0,0,0,0,0,1,0.16273393002441008,14
2,2270,0,0,0,0,0,0,0,2,0.16273393002441008,14
2,2271,0,0,0,0,0,0,0,1,0.16273393002441008,15
2,2271,0,0,0,0,0,0,0,2,0.16273393002441008,15
2,2272,0,0,0,0,0,0,0,1,0.16273393002441008,16
2,2272,0,0,0,0,0,0,0,2,0.16273393002441008,16
2,2273,0,0,0,0,0,0,0,1,0.16273393002441008,17
2,2273,0,0,0,0,0,0,0,2,0.16273393002441008,17
2,2274,0,0,0,0,0,0,0,1,0.16273393002441008,18
2,2274,0,0,0,0,0,0,0,2,0.16273393002441008,18
2,2275,0,0,0,0,0,0,0,1,0.16273393002441008,19
2,2275,0,0,0,0,0,0,0,2,0.16273393002441008,19
2,2276,0,0,0,0,0,0,0,1,0.16273393002441008,20
2,2276,0,0,0,0,0,0,0,2,0.16273393002441008,20
2,2277,0,0,0,0,0,0,0,1,0.16273393002441008,21
2,2277,0,0,0,0,0,0,0,2,0.16273393002441008,21
2,2278,0,0,0,0,0,0,0,1,0.16273393002441008,22
2,2278,0,0,0,0,0,0,0,2,0.16273393002441008,22
2,2279,0,0,0,0,0,0,0,1,0.16273393002441008,23
2,2279,0,0,0,0,0,0,0,2,0.16273393002441008,23
2,2280,0,0,0,0,0,0,0,1,0.16273393002441008,0
2,2280,0,0,0,0,0,0,0,2,0.16273393002441008,0
2,2281,0,0,0,0,0,0,0,1,0.16273393002441008,1
2,2281,0,0,0,0,0,0,0,2,0.16273393002441008,1
2,2282,0,0,0,0,0,0,0,1,0.16273393002441008,2
2,2282,0,0,0,0,0,0,0,2,0.16273393002441008,2
2,2283,0,0,0,0,0,0,0,1,0.16273393002441008,3
2,2283,0,0,0,0,0,0,0,2,0.16273393002441008,3
2,2284,0,0,0,0,0,0,0,1,0.16273393002441008,4
2,2284,0,0,0,0,0,0,0,2,0.16273393002441008,4
2,2285,0,0,0,0,0,0,0,1,0.16273393002441008,5
2,2285,0,0,0,0,0,0,0,2,0.16273393002441008,5
2,2286,0,0,0,0,0,0,0,1,0.16273393002441008,6
2,2286,0,0,0,0,0,0,0,2,0.16273393002441008,6
2,2287,0,0,0,0,0,0,0,1,0.16273393002441008,7
2,2287,0,0,0,0,0,0,0,2,0.16273393002441008,7
2,2288,0,0,0,0,0,0,0,1,0.16273393002441008,8
2,2288,0,0,0,0,0,0,0,2,0.16273393002441008,8
2,2289,0,0,0,0,0,0,0,1,0.16273393002441008,9
2,2289,0,0,0,0,0,0,0,2,0.16273393002441008,9
2,2290,0,0,0,0,0,0,0,1,0.16273393002441008,10
2,2290,0,0,0,0,0,0,0,2,0.16273393002441008,10
2,2291,0,0,0,0,0,0,0,1,0.16273393002441008,11
2,2291,0,0,0,0,0,0,0,2,0.16273393002441008,11
2,2292,0,0,0,0,0,0,0,1,0.16273393002441008,12
2,2292,0,0,0,0,0,0,0,2,0.16273393002441008,12
2,2293,0,0,0,0,0,0,0,1,0.16273393002441008,13
2,2293,0,0,0,0,0,0,0,2,0.16273393002441008,13
2,2294,0,0,0,0,0,0,0,1,0.16273393002441008,14
2,2294,0,0,0,0,0,0,0,2,0.16273393002441008,14
2,2295,0,0,0,0,0,0,0,1,0.16273393002441008,15
2,2295,0,0,0,0,0,0,0,2,0.16273393002441008,15
2,2296,0,0,0,0,0,0,0,1,0.16273393002441008,16
2,2296,0,0,0,0,0,0,0,2,0.16273393002441008,16
2,2297,0,0,0,0,0,0,0,1,0.16273393002441008,17
2,2297,0,0,0,0,0,0,0,2,0.16273393002441008,17
2,2298,0,0,0,0,0,0,0,1,0.16273393002441008,18
2,2298,0,0,0,0,0,0,0,2,0.16273393002441008,18
2,2299,0,0,0,0,0,0,0,1,0.16273393002441008,19
2,2299,0,0,0,0,0,0,0,2,0.16273393002441008,19
2,2300,0,0,0,0,0,0,0,1,0.16273393002441008,20
2,2300,0,0,0,0,0,0,0,2,0.16273393002441008,20
2,2301,0,0,0,0,0,0,0,1,0.16273393002441008,21
2,2301,0,0,0,0,0,0,0,2,0.16273393002441008,21
2,2302,0,0,0,0,0,0,0,1,0.16273393002441008,22
2,2302,0,0,0,0,0,0,0,2,0.16273393002441008,22
2,2303,0,0,0,0,0,0,0,1,0.16273393002441008,23
2,2303,0,0,0,0,0,0,0,2,0.16273393002441008,23
2,2304,0,0,0,0,0,0,0,1,0.16273393002441008,0
2,2304,0,0,0,0,0,0,0,2,0.16273393002441008,0
2,2305,0,0,0,0,0,0,0,1,0.16273393002441008,1
2,2305,0,0,0,0,0,0,0,2,0.16273393002441008,1
2,2306,0,0,0,0,0,0,0,1,0.16273393002441008,2
2,2306,0,0,0,0,0,0,0,2,0.16273393002441008,2
2,2307,0,0,0,0,0,0,0,1,0.16273393002441008,3
2,2307,0,0,0,0,0,0,0,2,0.16273393002441008,3
2,2308,0,0,0,0,0,0,0,1,0.16273393002441008,4
2,2308,0,0,0,0,0,0,0,2,0.16273393002441008,4
2,2309,0,0,0,0,0,0,0,1,0.16273393002441008,5
2,2309,0,0,0,0,0,0,0,2,0.16273393002441008,5
2,2310,0,0,0,0,0,0,0,1,0.16273393002441008,6
2,2310,0,0,0,0,0,0,0,2,0.16273393002441008,6
2,2311,0,0,0,0,0,0,0,1,0.16273393002441008,7
2,2311,0,0,0,0,0,0,0,2,0.16273393002441008,7
2,2312,0,0,0,0,0,0,0,1,0.16273393002441008,8
2,2312,0,0,0,0,0,0,0,2,0.16273393002441008,8
2,2313,0,0,0,0,0,0,0,1,0.16273393002441008,9
2,2313,0,0,0,0,0,0,0,2,0.16273393002441008,9
2,2314,0,0,0,0,0,0,0,1,0.16273393002441008,10
2,2314,0,0,0,0,0,0,0,2,0.16273393002441008,10
2,2315,0,0,0,0,0,0,0,1,0.16273393002441008,11
2,2315,0,0,0,0,0,0,0,2,0.16273393002441008,11
2,2316,0,0,0,0,0,0,0,1,0.16273393002441008,12
2,2316,0,0,0,0,0,0,0,2,0.16273393002441008,12
2,2317,0,0,0,0,0,0,0,1,0.16273393002441008,13
2,2317,0,0,0,0,0,0,0,2,0.16273393002441008,13
2,2318,0,0,0,0,0,0,0,1,0.16273393002441008,14
2,2318,0,0,0,0,0,0,0,2,0.16273393002441008,14
2,2319,0,0,0,0,0,0,0,1,0.16273393002441008,15
2,2319,0,0,0,0,0,0,0,2,0.16273393002441008,15
2,2320,0,0,0,0,0,0,0,1,0.16273393002441008,16
2,2320,0,0,0,0,0,0,0,2,0.16273393002441008,16
2,2321,0,0,0,0,0,0,0,1,0.16273393002441008,17
2,2321,0,0,0,0,0,0,0,2,0.16273393002441008,17
2,2322,0,0,0,0,0,0,0,1,0.16273393002441008,18
2,2322,0,0,0,0,0,0,0,2,0.16273393002441008,18
2,2323,0,0,0,0,0,0,0,1,0.16273393002441008,19
2,2323,0,0,0,0,0,0,0,2,0.16273393002441008,19
2,2324,0,0,0,0,0,0,0,1,0.16273393002441008,20
2,2324,0,0,0,0,0,0,0,2,0.16273393002441008,20
2,2325,0,0,0,0,0,0,0,1,0.16273393002441008,21
2,2325,0,0,0,0,0,0,0,2,0.16273393002441008,21
2,2326,0,0,0,0,0,0,0,1,0.16273393002441008,22
2,2326,0,0,0,0,0,0,0,2,0.16273393002441008,22
2,2327,0,0,0,0,0,0,0,1,0.16273393002441008,23
2,2327,0,0,0,0,0,0,0,2,0.16273393002441008,23
2,2328,0,0,0,0,0,0,0,1,0.16273393002441008,0
2,2328,0,0,0,0,0,0,0,2,0.16273393002441008,0
2,2329,0,0,0,0,0,0,0,1,0.16273393002441008,1
2,2329,0,0,0,0,0,0,0,2,0.16273393002441008,1
2,2330,0,0,0,0,0,0,0,1,0.16273393002441008,2
2,2330,0,0,0,0,0,0,0,2,0.16273393002441008,2
2,2331,0,0,0,0,0,0,0,1,0.16273393002441008,3
2,2331,0,0,0,0,0,0,0,2,0.16273393002441008,3
2,2332,0,0,0,0,0,0,0,1,0.16273393002441008,4
2,2332,0,0,0,0,0,0,0,2,0.16273393002441008,4
2,2333,0,0,0,0,0,0,0,1,0.16273393002441008,5
2,2333,0,0,0,0,0,0,0,2,0.16273393002441008,5
2,2334,0,0,0,0,0,0,0,1,0.16273393002441008,6
2,2334,0,0,0,0,0,0,0,2,0.16273393002441008,6
2,2335,0,0,0,0,0,0,0,1,0.16273393002441008,7
2,2335,0,0,0,0,0,0,0,2,0.16273393002441008,7
2,2336,0,0,0,0,0,0,0,1,0.16273393002441008,8
2,2336,0,0,0,0,0,0,0,2,0.16273393002441008,8
2,2337,0,0,0,0,0,0,0,1,0.16273393002441008,9
2,2337,0,0,0,0,0,0,0,2,0.16273393002441008,9
2,2338,0,0,0,0,0,0,0,1,0.16273393002441008,10
2,2338,0,0,0,0,0,0,0,2,0.16273393002441008,10
2,2339,0,0,0,0,0,0,0,1,0.16273393002441008,11
2,2339,0,0,0,0,0,0,0,2,0.16273393002441008,11
2,2340,0,0,0,0,0,0,0,1,0.16273393002441008,12
2,2340,0,0,0,0,0,0,0,2,0.16273393002441008,12
2,2341,0,0,0,0,0,0,0,1,0.16273393002441008,13
2,2341,0,0,0,0,0,0,0,2,0.16273393002441008,13
2,2342,0,0,0,0,0,0,0,1,0.16273393002441008,14
2,2342,0,0,0,0,0,0,0,2,0.16273393002441008,14
2,2343,0,0,0,0,0,0,0,1,0.16273393002441008,15
2,2343,0,0,0,0,0,0,0,2,0.16273393002441008,15
2,2344,0,0,0,0,0,0,0,1,0.16273393002441008,16
2,2344,0,0,0,0,0,0,0,2,0.16273393002441008,16
2,2345,0,0,0,0,0,0,0,1,0.16273393002441008,17
2,2345,0,0,0,0,0,0,0,2,0.16273393002441008,17
2,2346,0,0,0,0,0,0,0,1,0.16273393002441008,18
2,2346,0,0,0,0,0,0,0,2,0.16273393002441008,18
2,2347,0,0,0,0,0,0,0,1,0.16273393002441008,19
2,2347,0,0,0,0,0,0,0,2,0.16273393002441008,19
2,2348,0,0,0,0,0,0,0,1,0.16273393002441008,20
2,2348,0,0,0,0,0,0,0,2,0.16273393002441008,20
2,2349,0,0,0,0,0,0,0,1,0.16273393002441008,21
2,2349,0,0,0,0,0,0,0,2,0.16273393002441008,21
2,2350,0,0,0,0,0,0,0,1,0.16273393002441008,22
2,2350,0,0,0,0,0,0,0,2,0.16273393002441008,22
2,2351,0,0,0,0,0,0,0,1,0.16273393002441008,23
2,2351,0,0,0,0,0,0,0,2,0.16273393002441008,23
2,2352,0,0,0,0,0,0,0,1,0.16273393002441008,0
2,2352,0,0,0,0,0,0,0,2,0.16273393002441008,0
2,2353,0,0,0,0,0,0,0,1,0.16273393002441008,1
2,2353,0,0,0,0,0,0,0,2,0.16273393002441008,1
2,2354,0,0,0,0,0,0,0,1,0.16273393002441008,2
2,2354,0,0,0,0,0,0,0,2,0.16273393002441008,2
2,2355,0,0,0,0,0,0,0,1,0.16273393002441008,3
2,2355,0,0,0,0,0,0,0,2,0.16273393002441008,3
2,2356,0,0,0,0,0,0,0,1,0.16273393002441008,4
2,2356,0,0,0,0,0,0,0,2,0.16273393002441008,4
2,2357,0,0,0,0,0,0,0,1,0.16273393002441008,5
2,2357,0,0,0,0,0,0,0,2,0.16273393002441008,5
2,2358,0,0,0,0,0,0,0,1,0.16273393002441008,6
2,2358,0,0,0,0,0,0,0,2,0.16273393002441008,6
2,2359,0,0,0,0,0,0,0,1,0.16273393002441008,7
2,2359,0,0,0,0,0,0,0,2,0.16273393002441008,7
2,2360,0,0,0,0,0,0,0,1,0.16273393002441008,8
2,2360,0,0,0,0,0,0,0,2,0.16273393002441008,8
2,2361,0,0,0,0,0,0,0,1,0.16273393002441008,9
2,2361,0,0,0,0,0,0,0,2,0.16273393002441008,9
2,2362,0,0,0,0,0,0,0,1,0.16273393002441008,10
2,2362,0,0,0,0,0,0,0,2,0.16273393002441008,10
2,2363,0,0,0,0,0,0,0,1,0.16273393002441008,11
2,2363,0,0,0,0,0,0,0,2,0.16273393002441008,11
2,2364,0,0,0,0,0,0,0,1,0.16273393002441008,12
2,2364,0,0,0,0,0,0,0,2,0.16273393002441008,12
2,2365,0,0,0,0,0,0,0,1,0.16273393002441008,13
2,2365,0,0,0,0,0,0,0,2,0.16273393002441008,13
2,2366,0,0,0,0,0,0,0,1,0.16273393002441008,14
2,2366,0,0,0,0,0,0,0,2,0.16273393002441008,14
2,2367,0,0,0,0,0,0,0,1,0.16273393002441008,15
2,2367,0,0,0,0,0,0,0,2,0.16273393002441008,15
2,2368,0,0,0,0,0,0,0,1,0.16273393002441008,16
2,2368,0,0,0,0,0,0,0,2,0.16273393002441008,16
2,2369,0,0,0,0,0,0,0,1,0.16273393002441008,17
2,2369,0,0,0,0,0,0,0,2,0.16273393002441008,17
2,2370,0,0,0,0,0,0,0,1,0.16273393002441008,18
2,2370,0,0,0,0,0,0,0,2,0.16273393002441008,18
2,2371,0,0,0,0,0,0,0,1,0.16273393002441008,19
2,2371,0,0,0,0,0,0,0,2,0.16273393002441008,19
2,2372,0,0,0,0,0,0,0,1,0.16273393002441008,20
2,2372,0,0,0,0,0,0,0,2,0.16273393002441008,20
2,2373,0,0,0,0,0,0,0,1,0.16273393002441008,21
2,2373,0,0,0,0,0,0,0,2,0.16273393002441008,21
2,2374,0,0,0,0,0,0,0,1,0.16273393002441008,22
2,2374,0,0,0,0,0,0,0,2,0.16273393002441008,22
2,2375,0,0,0,0,0,0,0,1,0.16273393002441008,23
2,2375,0,0,0,0,0,0,0,2,0.16273393002441008,23
2,2376,0,0,0,0,0,0,0,1,0.16273393002441008,0
2,2376,0,0,0,0,0,0,0,2,0.16273393002441008,0
2,2377,0,0,0,0,0,0,0,1,0.16273393002441008,1
2,2377,0,0,0,0,0,0,0,2,0.16273393002441008,1
2,2378,0,0,0,0,0,0,0,1,0.16273393002441008,2
2,2378,0,0,0,0,0,0,0,2,0.16273393002441008,2
2,2379,0,0,0,0,0,0,0,1,0.16273393002441008,3
2,2379,0,0,0,0,0,0,0,2,0.16273393002441008,3
2,2380,0,0,0,0,0,0,0,1,0.16273393002441008,4
2,2380,0,0,0,0,0,0,0,2,0.16273393002441008,4
2,2381,0,0,0,0,0,0,0,1,0.16273393002441008,5
2,2381,0,0,0,0,0,0,0,2,0.16273393002441008,5
2,2382,0,0,0,0,0,0,0,1,0.16273393002441008,6
2,2382,0,0,0,0,0,0,0,2,0.16273393002441008,6
2,2383,0,0,0,0,0,0,0,1,0.16273393002441008,7
2,2383,0,0,0,0,0,0,0,2,0.16273393002441008,7
2,2384,0,0,0,0,0,0,0,1,0.16273393002441008,8
2,2384,0,0,0,0,0,0,0,2,0.16273393002441008,8
2,2385,0,0,0,0,0,0,0,1,0.16273393002441008,9
2,2385,0,0,0,0,0,0,0,2,0.16273393002441008,9
2,2386,0,0,0,0,0,0,0,1,0.16273393002441008,10
2,2386,0,0,0,0,0,0,0,2,0.16273393002441008,10
2,2387,0,0,0,0,0,0,0,1,0.16273393002441008,11
2,2387,0,0,0,0,0,0,0,2,0.16273393002441008,11
2,2388,0,0,0,0,0,0,0,1,0.16273393002441008,12
2,2388,0,0,0,0,0,0,0,2,0.16273393002441008,12
2,2389,0,0,0,0,0,0,0,1,0.16273393002441008,13
2,2389,0,0,0,0,0,0,0,2,0.16273393002441008,13
2,2390,0,0,0,0,0,0,0,1,0.16273393002441008,14
2,2390,0,0,0,0,0,0,0,2,0.16273393002441008,14
2,2391,0,0,0,0,0,0,0,1,0.16273393002441008,15
2,2391,0,0,0,0,0,0,0,2,0.16273393002441008,15
2,2392,0,0,0,0,0,0,0,1,0.16273393002441008,16
2,2392,0,0,0,0,0,0,0,2,0.16273393002441008,16
2,2393,0,0,0,0,0,0,0,1,0.16273393002441008,17
2,2393,0,0,0,0,0,0,0,2,0.16273393002441008,17
2,2394,0,0,0,0,0,0,0,1,0.16273393002441008,18
2,2394,0,0,0,0,0,0,0,2,0.16273393002441008,18
2,2395,0,0,0,0,0,0,0,1,0.16273393002441008,19
2,2395,0,0,0,0,0,0,0,2,0.16273393002441008,19
2,2396,0,0,0,0,0,0,0,1,0.16273393002441008,20
2,2396,0,0,0,0,0,0,0,2,0.16273393002441008,20
2,2397,0,0,0,0,0,0,0,1,0.16273393002441008,21
2,2397,0,0,0,0,0,0,0,2,0.16273393002441008,21
2,2398,0,0,0,0,0,0,0,1,0.16273393002441008,22
2,2398,0,0,0,0,0,0,0,2,0.16273393002441008,22
2,2399,0,0,0,0,0,0,0,1,0.16273393002441008,23
2,2399,0,0,0,0,0,0,0,2,0.16273393002441008,23
2,2400,0,0,0,0,0,0,0,1,0.16273393002441008,0
2,2400,0,0,0,0,0,0,0,2,0.16273393002441008,0
2,2401,0,0,0,0,0,0,0,1,0.16273393002441008,1
2,2401,0,0,0,0,0,0,0,2,0.16273393002441008,1
2,2402,0,0,0,0,0,0,0,1,0.16273393002441008,2
2,2402,0,0,0,0,0,0,0,2,0.16273393002441008,2
2,2403,0,0,0,0,0,0,0,1,0.16273393002441008,3
2,2403,0,0,0,0,0,0,0,2,0.16273393002441008,3
2,2404,0,0,0,0,0,0,0,1,0.16273393002441008,4
2,2404,0,0,0,0,0,0,0,2,0.16273393002441008,4
2,2405,0,0,0,0,0,0,0,1,0.16273393002441008,5
2,2405,0,0,0,0,0,0,0,2,0.16273393002441008,5
2,2406,0,0,0,0,0,0,0,1,0.16273393002441008,6
2,2406,0,0,0,0,0,0,0,2,0.16273393002441008,6
2,2407,0,0,0,0,0,0,0,1,0.16273393002441008,7
2,2407,0,0,0,0,0,0,0,2,0.16273393002441008,7
2,2408,0,0,0,0,0,0,0,1,0.16273393002441008,8
2,2408,0,0,0,0,0,0,0,2,0.16273393002441008,8
2,2409,0,0,0,0,0,0,0,1,0.16273393002441008,9
2,2409,0,0,0,0,0,0,0,2,0.16273393002441008,9
2,2410,0,0,0,0,0,0,0,1,0.16273393002441008,10
2,2410,0,0,0,0,0,0,0,2,0.16273393002441008,10
2,2411,0,0,0,0,0,0,0,1,0.16273393002441008,11
2,2411,0,0,0,0,0,0,0,2,0.16273393002441008,11
2,2412,0,0,0,0,0,0,0,1,0.16273393002441008,12
2,2412,0,0,0,0,0,0,0,2,0.16273393002441008,12
2,2413,0,0,0,0,0,0,0,1,0.16273393002441008,13
2,2413,0,0,0,0,0,0,0,2,0.16273393002441008,13
2,2414,0,0,0,0,0,0,0,1,0.16273393002441008,14
2,2414,0,0,0,0,0,0,0,2,0.16273393002441008,14
2,2415,0,0,0,0,0,0,0,1,0.16273393002441008,15
2,2415,0,0,0,0,0,0,0,2,0.16273393002441008,15
2,2416,0,0,0,0,0,0,0,1,0.16273393002441008,16
2,2416,0,0,0,0,0,0,0,2,0.16273393002441008,16
2,2417,0,0,0,0,0,0,0,1,0.16273393002441008,17
2,2417,0,0,0,0,0,0,0,2,0.16273393002441008,17
2,2418,0,0,0,0,0,0,0,1,0.16273393002441008,18
2,2418,0,0,0,0,0,0,0,2,0.16273393002441008,18
2,2419,0,0,0,0,0,0,0,1,0.16273393002441008,19
2,2419,0,0,0,0,0,0,0,2,0.16273393002441008,19
2,2420,0,0,0,0,0,0,0,1,0.16273393002441008,20
2,2420,0,0,0,0,0,0,0,2,0.16273393002441008,20
2,2421,0,0,0,0,0,0,0,1,0.16273393002441008,21
2,2421,0,0,0,0,0,0,0,2,0.16273393002441008,21
2,2422,0,0,0,0,0,0,0,1,0.16273393002441008,22
2,2422,0,0,0,0,0,0,0,2,0.16273393002441008,22
2,2423,0,0,0,0,0,0,0,1,0.16273393002441008,23
2,2423,0,0,0,0,0,0,0,2,0.16273393002441008,23
2,2424,0,0,0,0,0,0,0,1,0.16273393002441008,0
2,2424,0,0,0,0,0,0,0,2,0.16273393002441008,0
2,2425,0,0,0,0,0,0,0,1,0.16273393002441008,1
2,2425,0,0,0,0,0,0,0,2,0.16273393002441008,1
2,2426,0,0,0,0,0,0,0,1,0.16273393002441008,2
2,2426,0,0,0,0,0,0,0,2,0.16273393002441008,2
2,2427,0,0,0,0,0,0,0,1,0.16273393002441008,3
2,2427,0,0,0,0,0,0,0,2,0.16273393002441008,3
2,2428,0,0,0,0,0,0,0,1,0.16273393002441008,4
2,2428,0,0,0,0,0,0,0,2,0.16273393002441008,4
2,2429,0,0,0,0,0,0,0,1,0.16273393002441008,5
2,2429,0,0,0,0,0,0,0,2,0.16273393002441008,5
2,2430,0,0,0,0,0,0,0,1,0.16273393002441008,6
2,2430,0,0,0,0,0,0,0,2,0.16273393002441008,6
2,2431,0,0,0,0,0,0,0,1,0.16273393002441008,7
2,2431,0,0,0,0,0,0,0,2,0.16273393002441008,7
2,2432,0,0,0,0,0,0,0,1,0.16273393002441008,8
2,2432,0,0,0,0,0,0,0,2,0.16273393002441008,8
2,2433,0,0,0,0,0,0,0,1,0.16273393002441008,9
2,2433,0,0,0,0,0,0,0,2,0.16273393002441008,9
2,2434,0,0,0,0,0,0,0,1,0.16273393002441008,10
2,2434,0,0,0,0,0,0,0,2,0.16273393002441008,10
2,2435,0,0,0,0,0,0,0,1,0.16273393002441008,11
2,2435,0,0,0,0,0,0,0,2,0.16273393002441008,11
2,2436,0,0,0,0,0,0,0,1,0.16273393002441008,12
2,2436,0,0,0,0,0,0,0,2,0.16273393002441008,12
2,2437,0,0,0,0,0,0,0,1,0.16273393002441008,13
2,2437,0,0,0,0,0,0,0,2,0.16273393002441008,13
2,2438,0,0,0,0,0,0,0,1,0.16273393002441008,14
2,2438,0,0,0,0,0,0,0,2,0.16273393002441008,14
2,2439,0,0,0,0,0,0,0,1,0.16273393002441008,15
2,2439,0,0,0,0,0,0,0,2,0.16273393002441008,15
2,2440,0,0,0,0,0,0,0,1,0.16273393002441008,16
2,2440,0,0,0,0,0,0,0,2,0.16273393002441008,16
2,2441,0,0,0,0,0,0,0,1,0.16273393002441008,17
2,2441,0,0,0,0,0,0,0,2,0.16273393002441008,17
2,2442,0,0,0,0,0,0,0,1,0.16273393002441008,18
2,2442,0,0,0,0,0,0,0,2,0.16273393002441008,18
2,2443,0,0,0,0,0,0,0,1,0.16273393002441008,19
2,2443,0,0,0,0,0,0,0,2,0.16273393002441008,19
2,2444,0,0,0,0,0,0,0,1,0.16273393002441008,20
2,2444,0,0,0,0,0,0,0,2,0.16273393002441008,20
2,2445,0,0,0,0,0,0,0,1,0.16273393002441008,21
2,2445,0,0,0,0,0,0,0,2,0.16273393002441008,21
2,2446,0,0,0,0,0,0,0,1,0.16273393002441008,22
2,2446,0,0,0,0,0,0,0,2,0.16273393002441008,22
2,2447,0,0,0,0,0,0,0,1,0.16273393002441008,23
2,2447,0,0,0,0,0,0,0,2,0.16273393002441008,23
2,2448,0,0,0,0,0,0,0,1,0.16273393002441008,0
2,2448,0,0,0,0,0,0,0,2,0.16273393002441008,0
2,2449,0,0,0,0,0,0,0,1,0.16273393002441008,1
2,2449,0,0,0,0,0,0,0,2,0.16273393002441008,1
2,2450,0,0,0,0,0,0,0,1,0.16273393002441008,2
2,2450,0,0,0,0,0,0,0,2,0.16273393002441008,2
2,2451,0,0,0,0,0,0,0,1,0.16273393002441008,3
2,2451,0,0,0,0,0,0,0,2,0.16273393002441008,3
2,2452,0,0,0,0,0,0,0,1,0.16273393002441008,4
2,2452,0,0,0,0,0,0,0,2,0.16273393002441008,4
2,2453,0,0,0,0,0,0,0,1,0.16273393002441008,5
2,2453,0,0,0,0,0,0,0,2,0.16273393002441008,5
2,2454,0,0,0,0,0,0,0,1,0.16273393002441008,6
2,2454,0,0,0,0,0,0,0,2,0.16273393002441008,6
2,2455,0,0,0,0,0,0,0,1,0.16273393002441008,7
2,2455,0,0,0,0,0,0,0,2,0.16273393002441008,7
2,2456,0,0,0,0,0,0,0,1,0.16273393002441008,8
2,2456,0,0,0,0,0,0,0,2,0.16273393002441008,8
2,2457,0,0,0,0,0,0,0,1,0.16273393002441008,9
2,2457,0,0,0,0,0,0,0,2,0.16273393002441008,9
2,2458,0,0,0,0,0,0,0,1,0.16273393002441008,10
2,2458,0,0,0,0,0,0,0,2,0.16273393002441008,10
2,2459,0,0,0,0,0,0,0,1,0.16273393002441008,11
2,2459,0,0,0,0,0,0,0,2,0.16273393002441008,11
2,2460,0,0,0,0,0,0,0,1,0.16273393002441008,12
2,2460,0,0,0,0,0,0,0,2,0.16273393002441008,12
2,2461,0,0,0,0,0,0,0,1,0.16273393002441008,13
2,2461,0,0,0,0,0,0,0,2,0.16273393002441008,13
2,2462,0,0,0,0,0,0,0,1,0.16273393002441008,14
2,2462,0,0,0,0,0,0,0,2,0.16273393002441008,14
2,2463,0,0,0,0,0,0,0,1,0.16273393002441008,15
2,2463,0,0,0,0,0,0,0,2,0.16273393002441008,15
2,2464,0,0,0,0,0,0,0,1,0.16273393002441008,16
2,2464,0,0,0,0,0,0,0,2,0.16273393002441008,16
2,2465,0,0,0,0,0,0,0,1,0.16273393002441008,17
2,2465,0,0,0,0,0,0,0,2,0.16273393002441008,17
2,2466,0,0,0,0,0,0,0,1,0.16273393002441008,18
2,2466,0,0,0,0,0,0,0,2,0.16273393002441008,18
2,2467,0,0,0,0,0,0,0,1,0.16273393002441008,19
2,2467,0,0,0,0,0,0,0,2,0.16273393002441008,19
2,2468,0,0,0,0,0,0,0,1,0.16273393002441008,20
2,2468,0,0,0,0,0,0,0,2,0.16273393002441008,20
2,2469,0,0,0,0,0,0,0,1,0.16273393002441008,21
2,2469,0,0,0,0,0,0,0,2,0.16273393002441008,21
2,2470,0,0,0,0,0,0,0,1,0.16273393002441008,22
2,2470,0,0,0,0,0,0,0,2,0.16273393002441008,22
2,2471,0,0,0,0,0,0,0,1,0.16273393002441008,23
2,2471,0,0,0,0,0,0,0,2,0.16273393002441008,23
2,2472,0,0,0,0,0,0,0,1,0.16273393002441008,0
2,2472,0,0,0,0,0,0,0,2,0.16273393002441008,0
2,2473,0,0,0,0,0,0,0,1,0.16273393002441008,1
2,2473,0,0,0,0,0,0,0,2,0.16273393002441008,1
2,2474,0,0,0,0,0,0,0,1,0.16273393002441008,2
2,2474,0,0,0,0,0,0,0,2,0.16273393002441008,2
2,2475,0,0,0,0,0,0,0,1,0.16273393002441008,3
2,2475,0,0,0,0,0,0,0,2,0.16273393002441008,3
2,2476,0,0,0,0,0,0,0,1,0.16273393002441008,4
2,2476,0,0,0,0,0,0,0,2,0.16273393002441008,4
2,2477,0,0,0,0,0,0,0,1,0.16273393002441008,5
2,2477,0,0,0,0,0,0,0,2,0.16273393002441008,5
2,2478,0,0,0,0,0,0,0,1,0.16273393002441008,6
2,2478,0,0,0,0,0,0,0,2,0.16273393002441008,6
2,2479,0,0,0,0,0,0,0,1,0.16273393002441008,7
2,2479,0,0,0,0,0,0,0,2,0.16273393002441008,7
2,2480,0,0,0,0,0,0,0,1,0.16273393002441008,8
2,2480,0,0,0,0,0,0,0,2,0.16273393002441008,8
2,2481,0,0,0,0,0,0,0,1,0.16273393002441008,9
2,2481,0,0,0,0,0,0,0,2,0.16273393002441008,9
2,2482,0,0,0,0,0,0,0,1,0.16273393002441008,10
2,2482,0,0,0,0,0,0,0,2,0.16273393002441008,10
2,2483,0,0,0,0,0,0,0,1,0.16273393002441008,11
2,2483,0,0,0,0,0,0,0,2,0.16273393002441008,11
2,2484,0,0,0,0,0,0,0,1,0.16273393002441008,12
2,2484,0,0,0,0,0,0,0,2,0.16273393002441008,12
2,2485,0,0,0,0,0,0,0,1,0.16273393002441008,13
2,2485,0,0,0,0,0,0,0,2,0.16273393002441008,13
2,2486,0,0,0,0,0,0,0,1,0.16273393002441008,14
2,2486,0,0,0,0,0,0,0,2,0.16273393002441008,14
2,2487,0,0,0,0,0,0,0,1,0.16273393002441008,15
2,2487,0,0,0,0,0,0,0,2,0.16273393002441008,15
2,2488,0,0,0,0,0,0,0,1,0.16273393002441008,16
2,2488,0,0,0,0,0,0,0,2,0.16273393002441008,16
2,2489,0,0,0,0,0,0,0,1,0.16273393002441008,17
2,2489,0,0,0,0,0,0,0,2,0.16273393002441008,17
2,2490,0,0,0,0,0,0,0,1,0.16273393002441008,18
2,2490,0,0,0,0,0,0,0,2,0.16273393002441008,18
2,2491,0,0,0,0,0,0,0,1,0.16273393002441008,19
2,2491,0,0,0,0,0,0,0,2,0.16273393002441008,19
2,2492,0,0,0,0,0,0,0,1,0.16273393002441008,20
2,2492,0,0,0,0,0,0,0,2,0.16273393002441008,20
2,2493,0,0,0,0,0,0,0,1,0.16273393002441008,21
2,2493,0,0,0,0,0,0,0,2,0.16273393002441008,21
2,2494,0,0,0,0,0,0,0,1,0.16273393002441008,22
2,2494,0,0,0,0,0,0,0,2,0.16273393002441008,22
2,2495,0,0,0,0,0,0,0,1,0.16273393002441008,23
2,2495,0,0,0,0,0,0,0,2,0.16273393002441008,23
2,2496,0,0,0,0,0,0,0,1,0.16273393002441008,0
2,2496,0,0,0,0,0,0,0,2,0.16273393002441008,0
2,2497,0,0,0,0,0,0,0,1,0.16273393002441008,1
2,2497,0,0,0,0,0,0,0,2,0.16273393002441008,1
2,2498,0,0,0,0,0,0,0,1,0.16273393002441008,2
2,2498,0,0,0,0,0,0,0,2,0.16273393002441008,2
2,2499,0,0,0,0,0,0,0,1,0.16273393002441008,3
2,2499,0,0,0,0,0,0,0,2,0.16273393002441008,3
2,2500,0,0,0,0,0,0,0,1,0.16273393002441008,4
2,2500,0,0,0,0,0,0,0,2,0.16273393002441008,4
2,2501,0,0,0,0,0,0,0,1,0.16273393002441008,5
2,2501,0,0,0,0,0,0,0,2,0.16273393002441008,5
2,2502,0,0,0,0,0,0,0,1,0.16273393002441008,6
2,2502,0,0,0,0,0,0,0,2,0.16273393002441008,6
2,2503,0,0,0,0,0,0,0,1,0.16273393002441008,7
2,2503,0,0,0,0,0,0,0,2,0.16273393002441008,7
2,2504,0,0,0,0,0,0,0,1,0.16273393002441008,8
2,2504,0,0,0,0,0,0,0,2,0.16273393002441008,8
2,2505,0,0,0,0,0,0,0,1,0.16273393002441008,9
2,2505,0,0,0,0,0,0,0,2,0.16273393002441008,9
2,2506,0,0,0,0,0,0,0,1,0.16273393002441008,10
2,2506,0,0,0,0,0,0,0,2,0.16273393002441008,10
2,2507,0,0,0,0,0,0,0,1,0.16273393002441008,11
2,2507,0,0,0,0,0,0,0,2,0.16273393002441008,11
2,2508,0,0,0,0,0,0,0,1,0.16273393002441008,12
2,2508,0,0,0,0,0,0,0,2,0.16273393002441008,12
2,2509,0,0,0,0,0,0,0,1,0.16273393002441008,13
2,2509,0,0,0,0,0,0,0,2,0.16273393002441008,13
2,2510,0,0,0,0,0,0,0,1,0.16273393002441008,14
2,2510,0,0,0,0,0,0,0,2,0.16273393002441008,14
2,2511,0,0,0,0,0,0,0,1,0.16273393002441008,15
2,2511,0,0,0,0,0,0,0,2,0.16273393002441008,15
2,2512,0,0,0,0,0,0,0,1,0.16273393002441008,16
2,2512,0,0,0,0,0,0,0,2,0.16273393002441008,16
2,2513,0,0,0,0,0,0,0,1,0.16273393002441008,17
2,2513,0,0,0,0,0,0,0,2,0.16273393002441008,17
2,2514,0,0,0,0,0,0,0,1,0.16273393002441008,18
2,2514,0,0,0,0,0,0,0,2,0.16273393002441008,18
2,2515,0,0,0,0,0,0,0,1,0.16273393002441008,19
2,2515,0,0,0,0,0,0,0,2,0.16273393002441008,19
2,2516,0,0,0,0,0,0,0,1,0.16273393002441008,20
2,2516,0,0,0,0,0,0,0,2,0.16273393002441008,20
2,2517,0,0,0,0,0,0,0,1,0.16273393002441008,21
2,2517,0,0,0,0,0,0,0,2,0.16273393002441008,21
2,2518,0,0,0,0,0,0,0,1,0.16273393002441008,22
2,2518,0,0,0,0,0,0,0,2,0.16273393002441008,22
2,2519,0,0,0,0,0,0,0,1,0.16273393002441008,23
2,2519,0,0,0,0,0,0,0,2,0.16273393002441008,23
2,2520,0,0,0,0,0,0,0,1,0.16273393002441008,0
2,2520,0,0,0,0,0,0,0,2,0.16273393002441008,0
2,2521,0,0,0,0,0,0,0,1,0.16273393002441008,1
2,2521,0,0,0,0,0,0,0,2,0.16273393002441008,1
2,2522,0,0,0,0,0,0,0,1,0.16273393002441008,2
2,2522,0,0,0,0,0,0,0,2,0.16273393002441008,2
2,2523,0,0,0,0,0,0,0,1,0.16273393002441008,3
2,2523,0,0,0,0,0,0,0,2,0.16273393002441008,3
2,2524,0,0,0,0,0,0,0,1,0.16273393002441008,4
2,2524,0,0,0,0,0,0,0,2,0.16273393002441008,4
2,2525,0,0,0,0,0,0,0,1,0.16273393002441008,5
2,2525,0,0,0,0,0,0,0,2,0.16273393002441008,5
2,2526,0,0,0,0,0,0,0,1,0.16273393002441008,6
2,2526,0,0,0,0,0,0,0,2,0.16273393002441008,6
2,2527,0,0,0,0,0,0,0,1,0.16273393002441008,7
2,2527,0,0,0,0,0,0,0,2,0.16273393002441008,7
2,2528,0,0,0,0,0,0,0,1,0.16273393002441008,8
2,2528,0,0,0,0,0,0,0,2,0.16273393002441008,8
2,2529,0,0,0,0,0,0,0,1,0.16273393002441008,9
2,2529,0,0,0,0,0,0,0,2,0.16273393002441008,9
2,2530,0,0,0,0,0,0,0,1,0.16273393002441008,10
2,2530,0,0,0,0,0,0,0,2,0.16273393002441008,10
2,2531,0,0,0,0,0,0,0,1,0.16273393002441008,11
2,2531,0,0,0,0,0,0,0,2,0.16273393002441008,11
2,2532,0,0,0,0,0,0,0,1,0.16273393002441008,12
2,2532,0,0,0,0,0,0,0,2,0.16273393002441008,12
2,2533,0,0,0,0,0,0,0,1,0.16273393002441008,13
2,2533,0,0,0,0,0,0,0,2,0.16273393002441008,13
2,2534,0,0,0,0,0,0,0,1,0.16273393002441008,14
2,2534,0,0,0,0,0,0,0,2,0.16273393002441008,14
2,2535,0,0,0,0,0,0,0,1,0.16273393002441008,15
2,2535,0,0,0,0,0,0,0,2,0.16273393002441008,15
2,2536,0,0,0,0,0,0,0,1,0.16273393002441008,16
2,2536,0,0,0,0,0,0,0,2,0.16273393002441008,16
2,2537,0,0,0,0,0,0,0,1,0.16273393002441008,17
2,2537,0,0,0,0,0,0,0,2,0.16273393002441008,17
2,2538,0,0,0,0,0,0,0,1,0.16273393002441008,18
2,2538,0,0,0,0,0,0,0,2,0.16273393002441008,18
2,2539,0,0,0,0,0,0,0,1,0.16273393002441008,19
2,2539,0,0,0,0,0,0,0,2,0.16273393002441008,19
2,2540,0,0,0,0,0,0,0,1,0.16273393002441008,20
2,2540,0,0,0,0,0,0,0,2,0.16273393002441008,20
2,2541,0,0,0,0,0,0,0,1,0.16273393002441008,21
2,2541,0,0,0,0,0,0,0,2,0.16273393002441008,21
2,2542,0,0,0,0,0,0,0,1,0.16273393002441008,22
2,2542,0,0,0,0,0,0,0,2,0.16273393002441008,22
2,2543,0,0,0,0,0,0,0,1,0.16273393002441008,23
2,2543,0,0,0,0,0,0,0,2,0.16273393002441008,23
2,2544,0,0,0,0,0,0,0,1,0.16273393002441008,0
2,2544,0,0,0,0,0,0,0,2,0.16273393002441008,0
2,2545,0,0,0,0,0,0,0,1,0.16273393002441008,1
2,2545,0,0,0,0,0,0,0,2,0.16273393002441008,1
2,2546,0,0,0,0,0,0,0,1,0.16273393002441008,2
2,2546,0,0,0,0,0,0,0,2,0.16273393002441008,2
2,2547,0,0,0,0,0,0,0,1,0.16273393002441008,3
2,2547,0,0,0,0,0,0,0,2,0.16273393002441008,3
2,2548,0,0,0,0,0,0,0,1,0.16273393002441008,4
2,2548,0,0,0,0,0,0,0,2,0.16273393002441008,4
2,2549,0,0,0,0,0,0,0,1,0.16273393002441008,5
2,2549,0,0,0,0,0,0,0,2,0.16273393002441008,5
2,2550,0,0,0,0,0,0,0,1,0.16273393002441008,6
2,2550,0,0,0,0,0,0,0,2,0.16273393002441008,6
2,2551,0,0,0,0,0,0,0,1,0.16273393002441008,7
2,2551,0,0,0,0,0,0,0,2,0.16273393002441008,7
2,2552,0,0,0,0,0,0,0,1,0.16273393002441008,8
2,2552,0,0,0,0,0,0,0,2,0.16273393002441008,8
2,2553,0,0,0,0,0,0,0,1,0.16273393002441008,9
2,2553,0,0,0,0,0,0,0,2,0.16273393002441008,9
2,2554,0,0,0,0,0,0,0,1,0.16273393002441008,10
2,2554,0,0,0,0,0,0,0,2,0.16273393002441008,10
2,2555,0,0,0,0,0,0,0,1,0.16273393002441008,11
2,2555,0,0,0,0,0,0,0,2,0.16273393002441008,11
2,2556,0,0,0,0,0,0,0,1,0.16273393002441008,12
2,2556,0,0,0,0,0,0,0,2,0.16273393002441008,12
2,2557,0,0,0,0,0,0,0,1,0.16273393002441008,13
2,2557,0,0,0,0,0,0,0,2,0.16273393002441008,13
2,2558,0,0,0,0,0,0,0,1,0.16273393002441008,14
2,2558,0,0,0,0,0,0,0,2,0.16273393002441008,14
2,2559,0,0,0,0,0,0,0,1,0.16273393002441008,15
2,2559,0,0,0,0,0,0,0,2,0.16273393002441008,15
2,2560,0,0,0,0,0,0,0,1,0.16273393002441008,16
2,2560,0,0,0,0,0,0,0,2,0.16273393002441008,16
2,2561,0,0,0,0,0,0,0,1,0.16273393002441008,17
2,2561,0,0,0,0,0,0,0,2,0.16273393002441008,17
2,2562,0,0,0,0,0,0,0,1,0.16273393002441008,18
2,2562,0,0,0,0,0,0,0,2,0.16273393002441008,18
2,2563,0,0,0,0,0,0,0,1,0.16273393002441008,19
2,2563,0,0,0,0,0,0,0,2,0.16273393002441008,19
2,2564,0,0,0,0,0,0,0,1,0.16273393002441008,20
2,2564,0,0,0,0,0,0,0,2,0.16273393002441008,20
2,2565,0,0,0,0,0,0,0,1,0.16273393002441008,21
2,2565,0,0,0,0,0,0,0,2,0.16273393002441008,21
2,2566,0,0,0,0,0,0,0,1,0.16273393002441008,22
2,2566,0,0,0,0,0,0,0,2,0.16273393002441008,22
2,2567,0,0,0,0,0,0,0,1,0.16273393002441008,23
2,2567,0,0,0,0,0,0,0,2,0.16273393002441008,23
2,2568,0,0,0,0,0,0,0,1,0.16273393002441008,0
2,2568,0,0,0,0,0,0,0,2,0.16273393002441008,0
2,2569,0,0,0,0,0,0,0,1,0.16273393002441008,1
2,2569,0,0,0,0,0,0,0,2,0.16273393002441008,1
2,2570,0,0,0,0,0,0,0,1,0.16273393002441008,2
2,2570,0,0,0,0,0,0,0,2,0.16273393002441008,2
2,2571,0,0,0,0,0,0,0,1,0.16273393002441008,3
2,2571,0,0,0,0,0,0,0,2,0.16273393002441008,3
2,2572,0,0,0,0,0,0,0,1,0.16273393002441008,4
2,2572,0,0,0,0,0,0,0,2,0.16273393002441008,4
2,2573,0,0,0,0,0,0,0,1,0.16273393002441008,5
2,2573,0,0,0,0,0,0,0,2,0.16273393002441008,5
2,2574,0,0,0,0,0,0,0,1,0.16273393002441008,6
2,2574,0,0,0,0,0,0,0,2,0.16273393002441008,6
2,2575,0,0,0,0,0,0,0,1,0.16273393002441008,7
2,2575,0,0,0,0,0,0,0,2,0.16273393002441008,7
2,2576,0,0,0,0,0,0,0,1,0.16273393002441008,8
2,2576,0,0,0,0,0,0,0,2,0.16273393002441008,8
2,2577,0,0,0,0,0,0,0,1,0.16273393002441008,9
2,2577,0,0,0,0,0,0,0,2,0.16273393002441008,9
2,2578,0,0,0,0,0,0,0,1,0.16273393002441008,10
2,2578,0,0,0,0,0,0,0,2,0.16273393002441008,10
2,2579,0,0,0,0,0,0,0,1,0.16273393002441008,11
2,2579,0,0,0,0,0,0,0,2,0.16273393002441008,11
2,2580,0,0,0,0,0,0,0,1,0.16273393002441008,12
2,2580,0,0,0,0,0,0,0,2,0.16273393002441008,12
2,2581,0,0,0,0,0,0,0,1,0.16273393002441008,13
2,2581,0,0,0,0,0,0,0,2,0.16273393002441008,13
2,2582,0,0,0,0,0,0,0,1,0.16273393002441008,14
2,2582,0,0,0,0,0,0,0,2,0.16273393002441008,14
2,2583,0,0,0,0,0,0,0,1,0.16273393002441008,15
2,2583,0,0,0,0,0,0,0,2,0.16273393002441008,15
2,2584,0,0,0,0,0,0,0,1,0.16273393002441008,16
2,2584,0,0,0,0,0,0,0,2,0.16273393002441008,16
2,2585,0,0,0,0,0,0,0,1,0.16273393002441008,17
2,2585,0,0,0,0,0,0,0,2,0.16273393002441008,17
2,2586,0,0,0,0,0,0,0,1,0.16273393002441008,18
2,2586,0,0,0,0,0,0,0,2,0.16273393002441008,18
2,2587,0,0,0,0,0,0,0,1,0.16273393002441008,19
2,2587,0,0,0,0,0,0,0,2,0.16273393002441008,19
2,2588,0,0,0,0,0,0,0,1,0.16273393002441008,20
2,2588,0,0,0,0,0,0,0,2,0.16273393002441008,20
2,2589,0,0,0,0,0,0,0,1,0.16273393002441008,21
2,2589,0,0,0,0,0,0,0,2,0.16273393002441008,21
2,2590,0,0,0,0,0,0,0,1,0.16273393002441008,22
2,2590,0,0,0,0,0,0,0,2,0.16273393002441008,22
2,2591,0,0,0,0,0,0,0,1,0.16273393002441008,23
2,2591,0,0,0,0,0,0,0,2,0.16273393002441008,23
2,2592,0,0,0,0,0,0,0,1,0.16273393002441008,0
2,2592,0,0,0,0,0,0,0,2,0.16273393002441008,0
2,2593,0,0,0,0,0,0,0,1,0.16273393002441008,1
2,2593,0,0,0,0,0,0,0,2,0.16273393002441008,1
2,2594,0,0,0,0,0,0,0,1,0.16273393002441008,2
2,2594,0,0,0,0,0,0,0,2,0.16273393002441008,2
2,2595,0,0,0,0,0,0,0,1,0.16273393002441008,3
2,2595,0,0,0,0,0,0,0,2,0.16273393002441008,3
2,2596,0,0,0,0,0,0,0,1,0.16273393002441008,4
2,2596,0,0,0,0,0,0,0,2,0.16273393002441008,4
2,2597,0,0,0,0,0,0,0,1,0.16273393002441008,5
2,2597,0,0,0,0,0,0,0,2,0.16273393002441008,5
2,2598,0,0,0,0,0,0,0,1,0.16273393002441008,6
2,2598,0,0,0,0,0,0,0,2,0.16273393002441008,6
2,2599,0,0,0,0,0,0,0,1,0.16273393002441008,7
2,2599,0,0,0,0,0,0,0,2,0.16273393002441008,7
2,2600,0,0,0,0,0,0,0,1,0.16273393002441008,8
2,2600,0,0,0,0,0,0,0,2,0.16273393002441008,8
2,2601,0,0,0,0,0,0,0,1,0.16273393002441008,9
2,2601,0,0,0,0,0,0,0,2,0.16273393002441008,9
2,2602,0,0,0,0,0,0,0,1,0.16273393002441008,10
2,2602,0,0,0,0,0,0,0,2,0.16273393002441008,10
2,2603,0,0,0,0,0,0,0,1,0.16273393002441008,11
2,2603,0,0,0,0,0,0,0,2,0.16273393002441008,11
2,2604,0,0,0,0,0,0,0,1,0.16273393002441008,12
2,2604,0,0,0,0,0,0,0,2,0.16273393002441008,12
2,2605,0,0,0,0,0,0,0,1,0.16273393002441008,13
2,2605,0,0,0,0,0,0,0,2,0.16273393002441008,13
2,2606,0,0,0,0,0,0,0,1,0.16273393002441008,14
2,2606,0,0,0,0,0,0,0,2,0.16273393002441008,14
2,2607,0,0,0,0,0,0,0,1,0.16273393002441008,15
2,2607,0,0,0,0,0,0,0,2,0.16273393002441008,15
2,2608,0,0,0,0,0,0,0,1,0.16273393002441008,16
2,2608,0,0,0,0,0,0,0,2,0.16273393002441008,16
2,2609,0,0,0,0,0,0,0,1,0.16273393002441008,17
2,2609,0,0,0,0,0,0,0,2,0.16273393002441008,17
2,2610,0,0,0,0,0,0,0,1,0.16273393002441008,18
2,2610,0,0,0,0,0,0,0,2,0.16273393002441008,18
2,2611,0,0,0,0,0,0,0,1,0.16273393002441008,19
2,2611,0,0,0,0,0,0,0,2,0.16273393002441008,19
2,2612,0,0,0,0,0,0,0,1,0.16273393002441008,20
2,2612,0,0,0,0,0,0,0,2,0.16273393002441008,20
2,2613,0,0,0,0,0,0,0,1,0.16273393002441008,21
2,2613,0,0,0,0,0,0,0,2,0.16273393002441008,21
2,2614,0,0,0,0,0,0,0,1,0.16273393002441008,22
2,2614,0,0,0,0,0,0,0,2,0.16273393002441008,22
2,2615,0,0,0,0,0,0,0,1,0.16273393002441008,23
2,2615,0,0,0,0,0,0,0,2,0.16273393002441008,23
2,2616,0,0,0,0,0,0,0,1,0.16273393002441008,0
2,2616,0,0,0,0,0,0,0,2,0.16273393002441008,0
2,2617,0,0,0,0,0,0,0,1,0.16273393002441008,1
2,2617,0,0,0,0,0,0,0,2,0.16273393002441008,1
2,2618,0,0,0,0,0,0,0,1,0.16273393002441008,2
2,2618,0,0,0,0,0,0,0,2,0.16273393002441008,2
2,2619,0,0,0,0,0,0,0,1,0.16273393002441008,3
2,2619,0,0,0,0,0,0,0,2,0.16273393002441008,3
2,2620,0,0,0,0,0,0,0,1,0.16273393002441008,4
2,2620,0,0,0,0,0,0,0,2,0.16273393002441008,4
2,2621,0,0,0,0,0,0,0,1,0.16273393002441008,5
2,2621,0,0,0,0,0,0,0,2,0.16273393002441008,5
2,2622,0,0,0,0,0,0,0,1,0.16273393002441008,6
2,2622,0,0,0,0,0,0,0,2,0.16273393002441008,6
2,2623,0,0,0,0,0,0,0,1,0.16273393002441008,7
2,2623,0,0,0,0,0,0,0,2,0.16273393002441008,7
2,2624,0,0,0,0,0,0,0,1,0.16273393002441008,8
2,2624,0,0,0,0,0,0,0,2,0.16273393002441008,8
2,2625,0,0,0,0,0,0,0,1,0.16273393002441008,9
2,2625,0,0,0,0,0,0,0,2,0.16273393002441008,9
2,2626,0,0,0,0,0,0,0,1,0.16273393002441008,10
2,2626,0,0,0,0,0,0,0,2,0.16273393002441008,10
2,2627,0,0,0,0,0,0,0,1,0.16273393002441008,11
2,2627,0,0,0,0,0,0,0,2,0.16273393002441008,11
2,2628,0,0,0,0,0,0,0,1,0.16273393002441008,12
2,2628,0,0,0,0,0,0,0,2,0.16273393002441008,12
2,2629,0,0,0,0,0,0,0,1,0.16273393002441008,13
2,2629,0,0,0,0,0,0,0,2,0.16273393002441008,13
2,2630,0,0,0,0,0,0,0,1,0.16273393002441008,14
2,2630,0,0,0,0,0,0,0,2,0.16273393002441008,14
2,2631,0,0,0,0,0,0,0,1,0.16273393002441008,15
2,2631,0,0,0,0,0,0,0,2,0.16273393002441008,15
2,2632,0,0,0,0,0,0,0,1,0.16273393002441008,16
2,2632,0,0,0,0,0,0,0,2,0.16273393002441008,16
2,2633,0,0,0,0,0,0,0,1,0.16273393002441008,17
2,2633,0,0,0,0,0,0,0,2,0.16273393002441008,17
2,2634,0,0,0,0,0,0,0,1,0.16273393002441008,18
2,2634,0,0,0,0,0,0,0,2,0.16273393002441008,18
2,2635,0,0,0,0,0,0,0,1,0.16273393002441008,19
2,2635,0,0,0,0,0,0,0,2,0.16273393002441008,19
2,2636,0,0,0,0,0,0,0,1,0.16273393002441008,20
2,2636,0,0,0,0,0,0,0,2,0.16273393002441008,20
2,2637,0,0,0,0,0,0,0,1,0.16273393002441008,21
2,2637,0,0,0,0,0,0,0,2,0.16273393002441008,21
2,2638,0,0,0,0,0,0,0,1,0.16273393002441008,22
2,2638,0,0,0,0,0,0,0,2,0.16273393002441008,22
2,2639,0,0,0,0,0,0,0,1,0.16273393002441008,23
2,2639,0,0,0,0,0,0,0,2,0.16273393002441008,23
2,2640,0,0,0,0,0,0,0,1,0.16273393002441008,0
2,2640,0,0,0,0,0,0,0,2,0.16273393002441008,0
2,2641,0,0,0,0,0,0,0,1,0.16273393002441008,1
2,2641,0,0,0,0,0,0,0,2,0.16273393002441008,1
2,2642,0,0,0,0,0,0,0,1,0.16273393002441008,2
2,2642,0,0,0,0,0,0,0,2,0.16273393002441008,2
2,2643,0,0,0,0,0,0,0,1,0.16273393002441008,3
2,2643,0,0,0,0,0,0,0,2,0.16273393002441008,3
2,2644,0,0,0,0,0,0,0,1,0.16273393002441008,4
2,2644,0,0,0,0,0,0,0,2,0.16273393002441008,4
2,2645,0,0,0,0,0,0,0,1,0.16273393002441008,5
2,2645,0,0,0,0,0,0,0,2,0.16273393002441008,5
2,2646,0,0,0,0,0,0,0,1,0.16273393002441008,6
2,2646,0,0,0,0,0,0,0,2,0.16273393002441008,6
2,2647,0,0,0,0,0,0,0,1,0.16273393002441008,7
2,2647,0,0,0,0,0,0,0,2,0.16273393002441008,7
2,2648,0,0,0,0,0,0,0,1,0.16273393002441008,8
2,2648,0,0,0,0,0,0,0,2,0.16273393002441008,8
2,2649,0,0,0,0,0,0,0,1,0.16273393002441008,9
2,2649,0,0,0,0,0,0,0,2,0.16273393002441008,9
2,2650,0,0,0,0,0,0,0,1,0.16273393002441008,10
2,2650,0,0,0,0,0,0,0,2,0.16273393002441008,10
2,2651,0,0,0,0,0,0,0,1,0.16273393002441008,11
2,2651,0,0,0,0,0,0,0,2,0.16273393002441008,11
2,2652,0,0,0,0,0,0,0,1,0.16273393002441008,12
2,2652,0,0,0,0,0,0,0,2,0.16273393002441008,12
2,2653,0,0,0,0,0,0,0,1,0.16273393002441008,13
2,2653,0,0,0,0,0,0,0,2,0.16273393002441008,13
2,2654,0,0,0,0,0,0,0,1,0.16273393002441008,14
2,2654,0,0,0,0,0,0,0,2,0.16273393002441008,14
2,2655,0,0,0,0,0,0,0,1,0.16273393002441008,15
2,2655,0,0,0,0,0,0,0,2,0.16273393002441008,15
2,2656,0,0,0,0,0,0,0,1,0.16273393002441008,16
2,2656,0,0,0,0,0,0,0,2,0.16273393002441008,16
2,2657,0,0,0,0,0,0,0,1,0.16273393002441008,17
2,2657,0,0,0,0,0,0,0,2,0.16273393002441008,17
2,2658,0,0,0,0,0,0,0,1,0.16273393002441008,18
2,2658,0,0,0,0,0,0,0,2,0.16273393002441008,18
2,2659,0,0,0,0,0,0,0,1,0.16273393002441008,19
2,2659,0,0,0,0,0,0,0,2,0.16273393002441008,19
2,2660,0,0,0,0,0,0,0,1,0.16273393002441008,20
2,2660,0,0,0,0,0,0,0,2,0.16273393002441008,20
2,2661,0,0,0,0,0,0,0,1,0.16273393002441008,21
2,2661,0,0,0,0,0,0,0,2,0.16273393002441008,21
2,2662,0,0,0,0,0,0,0,1,0.16273393002441008,22
2,2662,0,0,0,0,0,0,0,2,0.16273393002441008,22
2,2663,0,0,0,0,0,0,0,1,0.16273393002441008,23
2,2663,0,0,0,0,0,0,0,2,0.16273393002441008,23
2,2664,0,0,0,0,0,0,0,1,0.16273393002441008,0
2,2664,0,0,0,0,0,0,0,2,0.16273393002441008,0
2,2665,0,0,0,0,0,0,0,1,0.16273393002441008,1
2,2665,0,0,0,0,0,0,0,2,0.16273393002441008,1
2,2666,0,0,0,0,0,0,0,1,0.16273393002441008,2
2,2666,0,0,0,0,0,0,0,2,0.16273393002441008,2
2,2667,0,0,0,0,0,0,0,1,0.16273393002441008,3
2,2667,0,0,0,0,0,0,0,2,0.16273393002441008,3
2,2668,0,0,0,0,0,0,0,1,0.16273393002441008,4
2,2668,0,0,0,0,0,0,0,2,0.16273393002441008,4
2,2669,0,0,0,0,0,0,0,1,0.16273393002441008,5
2,2669,0,0,0,0,0,0,0,2,0.16273393002441008,5
2,2670,0,0,0,0,0,0,0,1,0.16273393002441008,6
2,2670,0,0,0,0,0,0,0,2,0.16273393002441008,6
2,2671,0,0,0,0,0,0,0,1,0.16273393002441008,7
2,2671,0,0,0,0,0,0,0,2,0.16273393002441008,7
2,2672,0,0,0,0,0,0,0,1,0.16273393002441008,8
2,2672,0,0,0,0,0,0,0,2,0.16273393002441008,8
2,2673,0,0,0,0,0,0,0,1,0.16273393002441008,9
2,2673,0,0,0,0,0,0,0,2,0.16273393002441008,9
2,2674,0,0,0,0,0,0,0,1,0.16273393002441008,10
2,2674,0,0,0,0,0,0,0,2,0.16273393002441008,10
2,2675,0,0,0,0,0,0,0,1,0.16273393002441008,11
2,2675,0,0,0,0,0,0,0,2,0.16273393002441008,11
2,2676,0,0,0,0,0,0,0,1,0.16273393002441008,12
2,2676,0,0,0,0,0,0,0,2,0.16273393002441008,12
2,2677,0,0,0,0,0,0,0,1,0.16273393002441008,13
2,2677,0,0,0,0,0,0,0,2,0.16273393002441008,13
2,2678,0,0,0,0,0,0,0,1,0.16273393002441008,14
2,2678,0,0,0,0,0,0,0,2,0.16273393002441008,14
2,2679,0,0,0,0,0,0,0,1,0.16273393002441008,15
2,2679,0,0,0,0,0,0,0,2,0.16273393002441008,15
2,2680,0,0,0,0,0,0,0,1,0.16273393002441008,16
2,2680,0,0,0,0,0,0,0,2,0.16273393002441008,16
2,2681,0,0,0,0,0,0,0,1,0.16273393002441008,17
2,2681,0,0,0,0,0,0,0,2,0.16273393002441008,17
2,2682,0,0,0,0,0,0,0,1,0.16273393002441008,18
2,2682,0,0,0,0,0,0,0,2,0.16273393002441008,18
2,2683,0,0,0,0,0,0,0,1,0.16273393002441008,19
2,2683,0,0,0,0,0,0,0,2,0.16273393002441008,19
2,2684,0,0,0,0,0,0,0,1,0.16273393002441008,20
2,2684,0,0,0,0,0,0,0,2,0.16273393002441008,20
2,2685,0,0,0,0,0,0,0,1,0.16273393002441008,21
2,2685,0,0,0,0,0,0,0,2,0.16273393002441008,21
2,2686,0,0,0,0,0,0,0,1,0.16273393002441008,22
2,2686,0,0,0,0,0,0,0,2,0.16273393002441008,22
2,2687,0,0,0,0,0,0,0,1,0.16273393002441008,23
2,2687,0,0,0,0,0,0,0,2,0.16273393002441008,23
2,2688,0,0,0,0,0,0,0,1,0.16273393002441008,24
2,2688,0,0,0,0,0,0,0,2,0.16273393002441008,24
3,0,0,0.6509357200976403,1,1,24,111,0,1,0.6509357200976403,0
3,0,0,0,0,0,0,0,0,1,0.6509357200976403,0
3,0,0,0,0,0,0,0,0,2,0.6509357200976403,0
3,1,0,0,0,0,0,0,0,1,0.6509357200976403,1
3,1,0,0,0,0,0,0,0,2,0.6509357200976403,1
3,2,0,0,0,0,0,0,0,1,0.6509357200976403,2
3,2,0,0,0,0,0,0,0,2,0.6509357200976403,2
3,3,0,0,0,0,0,0,0,1,0.6509357200976403,3
3,3,0,0,0,0,0,0,0,2,0.6509357200976403,3
3,4,0,0,0,0,0,0,0,1,0.6509357200976403,4
3,4,0,0,0,0,0,0,0,2,0.6509357200976403,4
3,5,0,0,0,0,0,0,0,1,0.6509357200976403,5
3,5,0,0,0,0,0,0,0,2,0.6509357200976403,5
3,6,0,0,0,0,0,0,0,1,0.6509357200976403,6
3,6,0,0,0,0,0,0,0,2,0.6509357200976403,6
3,7,0,0,0,0,0,0,0,1,0.6509357200976403,7
3,7,0,0,0,0,0,0,0,2,0.6509357200976403,7
3,8,0,0,0,0,0,0,0,1,0.6509357200976403,8
3,8,0,0,0,0,0,0,0,2,0.6509357200976403,8
3,9,0,0,0,0,0,0,0,1,0.6509357200976403,9
3,9,0,0,0,0,0,0,0,2,0.6509357200976403,9
3,10,0,0,0,0,0,0,0,1,0.6509357200976403,10
3,10,0,0,0,0,0,0,0,2,0.6509357200976403,10
3,11,0,0,0,0,0,0,0,1,0.6509357200976403,11
3,11,0,0,0,0,0,0,0,2,0.6509357200976403,11
3,12,0,0,0,0,0,0,0,1,0.6509357200976403,12
3,12,0,0,0,0,0,0,0,2,0.6509357200976403,12
3,13,0,0,0,0,0,0,0,1,0.6509357200976403,13
3,13,0,0,0,0,0,0,0,2,0.6509357200976403,13
3,14,0,0,0,0,0,0,0,1,0.6509357200976403,14
3,14,0,0,0,0,0,0,0,2,0.6509357200976403,14
3,15,0,0,0,0,0,0,0,1,0.6509357200976403,15
3,15,0,0,0,0,0,0,0,2,0.6509357200976403,15
3,16,0,0,0,0,0,0,0,1,0.6509357200976403,16
3,16,0,0,0,0,0,0,0,2,0.6509357200976403,16
3,17,0,0,0,0,0,0,0,1,0.6509357200976403,17
3,17,0,0,0,0,0,0,0,2,0.6509357200976403,17
3,18,0,0,0,0,0,0,0,1,0.6509357200976403,18
3,18,0,0,0,0,0,0,0,2,0.6509357200976403,18
3,19,0,0,0,0,0,0,0,1,0.6509357200976403,19
3,19,0,0,0,0,0,0,0,2,0.6509357200976403,19
3,20,0,0,0,0,0,0,0,1,0.6509357200976403,20
3,20,0,0,0,0,0,0,0,2,0.6509357200976403,20
3,21,0,0,0,0,0,0,0,1,0.6509357200976403,21
3,21,0,0,0,0,0,0,0,2,0.6509357200976403,21
3,22,0,0,0,0,0,0,0,1,0.6509357200976403,22
3,22,0,0,0,0,0,0,0,2,0.6509357200976403,22
3,23,0,0,0,0,0,0,0,1,0.6509357200976403,23
3,23,0,0,0,0,0,0,0,2,0.6509357200976403,23
3,24,0,0,0,0,0,0,0,1,0.6509357200976403,0
3,24,0,0,0,0,0,0,0,2,0.6509357200976403,0
3,25,0,0,0,0,0,0,0,1,0.6509357200976403,1
3,25,0,0,0,0,0,0,0,2,0.6509357200976403,1
3,26,0,0,0,0,0,0,0,1,0.6509357200976403,2
3,26,0,0,0,0,0,0,0,2,0.6509357200976403,2
3,27,0,0,0,0,0,0,0,1,0.6509357200976403,3
3,27,0,0,0,0,0,0,0,2,0.6509357200976403,3
3,28,0,0,0,0,0,0,0,1,0.6509357200976403,4
3,28,0,0,0,0,0,0,0,2,0.6509357200976403,4
3,29,0,0,0,0,0,0,0,1,0.6509357200976403,5
3,29,0,0,0,0,0,0,0,2,0.6509357200976403,5
3,30,0,0,0,0,0,0,0,1,0.6509357200976403,6
3,30,0,0,0,0,0,0,0,2,0.6509357200976403,6
3,31,0,0,0,0,0,0,0,1,0.6509357200976403,7
3,31,0,0,0,0,0,0,0,2,0.6509357200976403,7
3,32,0,0,0,0,0,0,0,1,0.6509357200976403,8
3,32,0,0,0,0,0,0,0,2,0.6509357200976403,8
3,33,0,0,0,0,0,0,0,1,0.6509357200976403,9
3,33,0,0,0,0,0,0,0,2,0.6509357200976403,9
3,34,0,0,0,0,0,0,0,1,0.6509357200976403,10
3,34,0,0,0,0,0,0,0,2,0.6509357200976403,10
3,35,0,0,0,0,0,0,0,1,0.6509357200976403,11
3,35,0,0,0,0,0,0,0,2,0.6509357200976403,11
3,36,0,0,0,0,0,0,0,1,0.6509357200976403,12
3,36,0,0,0,0,0,0,0,2,0.6509357200976403,12
3,37,0,0,0,0,0,0,0,1,0.6509357200976403,13
3,37,0,0,0,0,0,0,0,2,0.6509357200976403,13
3,38,0,0,0,0,0,0,0,1,0.6509357200976403,14
3,38,0,0,0,0,0,0,0,2,0.6509357200976403,14
3,39,0,0,0,0,0,0,0,1,0.6509357200976403,15
3,39,0,0,0,0,0,0,0,2,0.6509357200976403,15
3,40,0,0,0,0,0,0,0,1,0.6509357200976403,16
3,40,0,0,0,0,0,0,0,2,0.6509357200976403,16
3,41,0,0,0,0,0,0,0,1,0.6509357200976403,17
3,41,0,0,0,0,0,0,0,2,0.6509357200976403,17
3,42,0,0,0,0,0,0,0,1,0.6509357200976403,18
3,42,0,0,0,0,0,0,0,2,0.6509357200976403,18
3,43,0,0,0,0,0,0,0,1,0.6509357200976403,19
3,43,0,0,0,0,0,0,0,2,0.6509357200976403,19
3,44,0,0,0,0,0,0,0,1,0.6509357200976403,20
3,44,0,0,0,0,0,0,0,2,0.6509357200976403,20
3,45,0,0,0,0,0,0,0,1,0.6509357200976403,21
3,45,0,0,0,0,0,0,0,2,0.6509357200976403,21
3,46,0,0,0,0,0,0,0,1,0.6509357200976403,22
3,46,0,0,0,0,0,0,0,2,0.6509357200976403,22
3,47,0,0,0,0,0,0,0,1,0.6509357200976403,23
3,47,0,0,0,0,0,0,0,2,0.6509357200976403,23
3,48,0,0,0,0,0,0,0,1,0.6509357200976403,0
3,48,0,0,0,0,0,0,0,2,0.6509357200976403,0
3,49,0,0,0,0,0,0,0,1,0.6509357200976403,1
3,49,0,0,0,0,0,0,0,2,0.6509357200976403,1
3,50,0,0,0,0,0,0,0,1,0.6509357200976403,2
3,50,0,0,0,0,0,0,0,2,0.6509357200976403,2
3,51,0,0,0,0,0,0,0,1,0.6509357200976403,3
3,51,0,0,0,0,0,0,0,2,0.6509357200976403,3
3,52,0,0,0,0,0,0,0,1,0.6509357200976403,4
3,52,0,0,0,0,0,0,0,2,0.6509357200976403,4
3,53,0,0,0,0,0,0,0,1,0.6509357200976403,5
3,53,0,0,0,0,0,0,0,2,0.6509357200976403,5
3,54,0,0,0,0,0,0,0,1,0.6509357200976403,6
3,54,0,0,0,0,0,0,0,2,0.6509357200976403,6
3,55,0,0,0,0,0,0,0,1,0.6509357200976403,7
3,55,0,0,0,0,0,0,0,2,0.6509357200976403,7
3,56,0,0,0,0,0,0,0,1,0.6509357200976403,8
3,56,0,0,0,0,0,0,0,2,0.6509357200976403,8
3,57,0,0,0,0,0,0,0,1,0.6509357200976403,9
3,57,0,0,0,0,0,0,0,2,0.6509357200976403,9
3,58,0,0,0,0,0,0,0,1,0.6509357200976403,10
3,58,0,0,0,0,0,0,0,2,0.6509357200976403,10
3,59,0,0,0,0,0,0,0,1,0.6509357200976403,11
3,59,0,0,0,0,0,0,0,2,0.6509357200976403,11
3,60,0,0,0,0,0,0,0,1,0.6509357200976403,12
3,60,0,0,0,0,0,0,0,2,0.6509357200976403,12
3,61,0,0,0,0,0,0,0,1,0.6509357200976403,13
3,61,0,0,0,0,0,0,0,2,0.6509357200976403,13
3,62,0,0,0,0,0,0,0,1,0.6509357200976403,14
3,62,0,0,0,0,0,0,0,2,0.6509357200976403,14
3,63,0,0,0,0,0,0,0,1,0.6509357200976403,15
3,63,0,0,0,0,0,0,0,2,0.6509357200976403,15
3,64,0,0,0,0,0,0,0,1,0.6509357200976403,16
3,64,0,0,0,0,0,0,0,2,0.6509357200976403,16
3,65,0,0,0,0,0,0,0,1,0.6509357200976403,17
3,65,0,0,0,0,0,0,0,2,0.6509357200976403,17
3,66,0,0,0,0,0,0,0,1,0.6509357200976403,18
3,66,0,0,0,0,0,0,0,2,0.6509357200976403,18
3,67,0,0,0,0,0,0,0,1,0.6509357200976403,19
3,67,0,0,0,0,0,0,0,2,0.6509357200976403,19
3,68,0,0,0,0,0,0,0,1,0.6509357200976403,20
3,68,0,0,0,0,0,0,0,2,0.6509357200976403,20
3,69,0,0,0,0,0,0,0,1,0.6509357200976403,21
3,69,0,0,0,0,0,0,0,2,0.6509357200976403,21
3,70,0,0,0,0,0,0,0,1,0.6509357200976403,22
3,70,0,0,0,0,0,0,0,2,0.6509357200976403,22
3,71,0,0,0,0,0,0,0,1,0.6509357200976403,23
3,71,0,0,0,0,0,0,0,2,0.6509357200976403,23
3,72,0,0,0,0,0,0,0,1,0.6509357200976403,0
3,72,0,0,0,0,0,0,0,2,0.6509357200976403,0
3,73,0,0,0,0,0,0,0,1,0.6509357200976403,1
3,73,0,0,0,0,0,0,0,2,0.6509357200976403,1
3,74,0,0,0,0,0,0,0,1,0.6509357200976403,2
3,74,0,0,0,0,0,0,0,2,0.6509357200976403,2
3,75,0,0,0,0,0,0,0,1,0.6509357200976403,3
3,75,0,0,0,0,0,0,0,2,0.6509357200976403,3
3,76,0,0,0,0,0,0,0,1,0.6509357200976403,4
3,76,0,0,0,0,0,0,0,2,0.6509357200976403,4
3,77,0,0,0,0,0,0,0,1,0.6509357200976403,5
3,77,0,0,0,0,0,0,0,2,0.6509357200976403,5
3,78,0,0,0,0,0,0,0,1,0.6509357200976403,6
3,78,0,0,0,0,0,0,0,2,0.6509357200976403,6
3,79,0,0,0,0,0,0,0,1,0.6509357200976403,7
3,79,0,0,0,0,0,0,0,2,0.6509357200976403,7
3,80,0,0,0,0,0,0,0,1,0.6509357200976403,8
3,80,0,0,0,0,0,0,0,2,0.6509357200976403,8
3,81,0,0,0,0,0,0,0,1,0.6509357200976403,9
3,81,0,0,0,0,0,0,0,2,0.6509357200976403,9
3,82,0,0,0,0,0,0,0,1,0.6509357200976403,10
3,82,0,0,0,0,0,0,0,2,0.6509357200976403,10
3,83,0,0,0,0,0,0,0,1,0.6509357200976403,11
3,83,0,0,0,0,0,0,0,2,0.6509357200976403,11
3,84,0,0,0,0,0,0,0,1,0.6509357200976403,12
3,84,0,0,0,0,0,0,0,2,0.6509357200976403,12
3,85,0,0,0,0,0,0,0,1,0.6509357200976403,13
3,85,0,0,0,0,0,0,0,2,0.6509357200976403,13
3,86,0,0,0,0,0,0,0,1,0.6509357200976403,14
3,86,0,0,0,0,0,0,0,2,0.6509357200976403,14
3,87,0,0,0,0,0,0,0,1,0.6509357200976403,15
3,87,0,0,0,0,0,0,0,2,0.6509357200976403,15
3,88,0,0,0,0,0,0,0,1,0.6509357200976403,16
3,88,0,0,0,0,0,0,0,2,0.6509357200976403,16
3,89,0,0,0,0,0,0,0,1,0.6509357200976403,17
3,89,0,0,0,0,0,0,0,2,0.6509357200976403,17
3,90,0,0,0,0,0,0,0,1,0.6509357200976403,18
3,90,0,0,0,0,0,0,0,2,0.6509357200976403,18
3,91,0,0,0,0,0,0,0,1,0.6509357200976403,19
3,91,0,0,0,0,0,0,0,2,0.6509357200976403,19
3,92,0,0,0,0,0,0,0,1,0.6509357200976403,20
3,92,0,0,0,0,0,0,0,2,0.6509357200976403,20
3,93,0,0,0,0,0,0,0,1,0.6509357200976403,21
3,93,0,0,0,0,0,0,0,2,0.6509357200976403,21
3,94,0,0,0,0,0,0,0,1,0.6509357200976403,22
3,94,0,0,0,0,0,0,0,2,0.6509357200976403,22
3,95,0,0,0,0,0,0,0,1,0.6509357200976403,23
3,95,0,0,0,0,0,0,0,2,0.6509357200976403,23
3,96,0,0,0,0,0,0,0,1,0.6509357200976403,0
3,96,0,0,0,0,0,0,0,2,0.6509357200976403,0
3,97,0,0,0,0,0,0,0,1,0.6509357200976403,1
3,97,0,0,0,0,0,0,0,2,0.6509357200976403,1
3,98,0,0,0,0,0,0,0,1,0.6509357200976403,2
3,98,0,0,0,0,0,0,0,2,0.6509357200976403,2
3,99,0,0,0,0,0,0,0,1,0.6509357200976403,3
3,99,0,0,0,0,0,0,0,2,0.6509357200976403,3
3,100,0,0,0,0,0,0,0,1,0.6509357200976403,4
3,100,0,0,0,0,0,0,0,2,0.6509357200976403,4
3,101,0,0,0,0,0,0,0,1,0.6509357200976403,5
3,101,0,0,0,0,0,0,0,2,0.6509357200976403,5
3,102,0,0,0,0,0,0,0,1,0.6509357200976403,6
3,102,0,0,0,0,0,0,0,2,0.6509357200976403,6
3,103,0,0,0,0,0,0,0,1,0.6509357200976403,7
3,103,0,0,0,0,0,0,0,2,0.6509357200976403,7
3,104,0,0,0,0,0,0,0,1,0.6509357200976403,8
3,104,0,0,0,0,0,0,0,2,0.6509357200976403,8
3,105,0,0,0,0,0,0,0,1,0.6509357200976403,9
3,105,0,0,0,0,0,0,0,2,0.6509357200976403,9
3,106,0,0,0,0,0,0,0,1,0.6509357200976403,10
3,106,0,0,0,0,0,0,0,2,0.6509357200976403,10
3,107,0,0,0,0,0,0,0,1,0.6509357200976403,11
3,107,0,0,0,0,0,0,0,2,0.6509357200976403,11
3,108,0,0,0,0,0,0,0,1,0.6509357200976403,12
3,108,0,0,0,0,0,0,0,2,0.6509357200976403,12
3,109,0,0,0,0,0,0,0,1,0.6509357200976403,13
3,109,0,0,0,0,0,0,0,2,0.6509357200976403,13
3,110,0,0,0,0,0,0,0,1,0.6509357200976403,14
3,110,0,0,0,0,0,0,0,2,0.6509357200976403,14
3,111,0,0,0,0,0,0,0,1,0.6509357200976403,15
3,111,0,0,0,0,0,0,0,2,0.6509357200976403,15
3,112,0,0,0,0,0,0,0,1,0.6509357200976403,16
3,112,0,0,0,0,0,0,0,2,0.6509357200976403,16
3,113,0,0,0,0,0,0,0,1,0.6509357200976403,17
3,113,0,0,0,0,0,0,0,2,0.6509357200976403,17
3,114,0,0,0,0,0,0,0,1,0.6509357200976403,18
3,114,0,0,0,0,0,0,0,2,0.6509357200976403,18
3,115,0,0,0,0,0,0,0,1,0.6509357200976403,19
3,115,0,0,0,0,0,0,0,2,0.6509357200976403,19
3,116,0,0,0,0,0,0,0,1,0.6509357200976403,20
3,116,0,0,0,0,0,0,0,2,0.6509357200976403,20
3,117,0,0,0,0,0,0,0,1,0.6509357200976403,21
3,117,0,0,0,0,0,0,0,2,0.6509357200976403,21
3,118,0,0,0,0,0,0,0,1,0.6509357200976403,22
3,118,0,0,0,0,0,0,0,2,0.6509357200976403,22
3,119,0,0,0,0,0,0,0,1,0.6509357200976403,23
3,119,0,0,0,0,0,0,0,2,0.6509357200976403,23
3,120,0,0,0,0,0,0,0,1,0.6509357200976403,0
3,120,0,0,0,0,0,0,0,2,0.6509357200976403,0
3,121,0,0,0,0,0,0,0,1,0.6509357200976403,1
3,121,0,0,0,0,0,0,0,2,0.6509357200976403,1
3,122,0,0,0,0,0,0,0,1,0.6509357200976403,2
3,122,0,0,0,0,0,0,0,2,0.6509357200976403,2
3,123,0,0,0,0,0,0,0,1,0.6509357200976403,3
3,123,0,0,0,0,0,0,0,2,0.6509357200976403,3
3,124,0,0,0,0,0,0,0,1,0.6509357200976403,4
3,124,0,0,0,0,0,0,0,2,0.6509357200976403,4
3,125,0,0,0,0,0,0,0,1,0.6509357200976403,5
3,125,0,0,0,0,0,0,0,2,0.6509357200976403,5
3,126,0,0,0,0,0,0,0,1,0.6509357200976403,6
3,126,0,0,0,0,0,0,0,2,0.6509357200976403,6
3,127,0,0,0,0,0,0,0,1,0.6509357200976403,7
3,127,0,0,0,0,0,0,0,2,0.6509357200976403,7
3,128,0,0,0,0,0,0,0,1,0.6509357200976403,8
3,128,0,0,0,0,0,0,0,2,0.6509357200976403,8
3,129,0,0,0,0,0,0,0,1,0.6509357200976403,9
3,129,0,0,0,0,0,0,0,2,0.6509357200976403,9
3,130,0,0,0,0,0,0,0,1,0.6509357200976403,10
3,130,0,0,0,0,0,0,0,2,0.6509357200976403,10
3,131,0,0,0,0,0,0,0,1,0.6509357200976403,11
3,131,0,0,0,0,0,0,0,2,0.6509357200976403,11
3,132,0,0,0,0,0,0,0,1,0.6509357200976403,12
3,132,0,0,0,0,0,0,0,2,0.6509357200976403,12
3,133,0,0,0,0,0,0,0,1,0.6509357200976403,13
3,133,0,0,0,0,0,0,0,2,0.6509357200976403,13
3,134,0,0,0,0,0,0,0,1,0.6509357200976403,14
3,134,0,0,0,0,0,0,0,2,0.6509357200976403,14
3,135,0,0,0,0,0,0,0,1,0.6509357200976403,15
3,135,0,0,0,0,0,0,0,2,0.6509357200976403,15
3,136,0,0,0,0,0,0,0,1,0.6509357200976403,16
3,136,0,0,0,0,0,0,0,2,0.6509357200976403,16
3,137,0,0,0,0,0,0,0,1,0.6509357200976403,17
3,137,0,0,0,0,0,0,0,2,0.6509357200976403,17
3,138,0,0,0,0,0,0,0,1,0.6509357200976403,18
3,138,0,0,0,0,0,0,0,2,0.6509357200976403,18
3,139,0,0,0,0,0,0,0,1,0.6509357200976403,19
3,139,0,0,0,0,0,0,0,2,0.6509357200976403,19
3,140,0,0,0,0,0,0,0,1,0.6509357200976403,20
3,140,0,0,0,0,0,0,0,2,0.6509357200976403,20
3,141,0,0,0,0,0,0,0,1,0.6509357200976403,21
3,141,0,0,0,0,0,0,0,2,0.6509357200976403,21
3,142,0,0,0,0,0,0,0,1,0.6509357200976403,22
3,142,0,0,0,0,0,0,0,2,0.6509357200976403,22
3,143,0,0,0,0,0,0,0,1,0.6509357200976403,23
3,143,0,0,0,0,0,0,0,2,0.6509357200976403,23
3,144,0,0,0,0,0,0,0,1,0.6509357200976403,0
3,144,0,0,0,0,0,0,0,2,0.6509357200976403,0
3,145,0,0,0,0,0,0,0,1,0.6509357200976403,1
3,145,0,0,0,0,0,0,0,2,0.6509357200976403,1
3,146,0,0,0,0,0,0,0,1,0.6509357200976403,2
3,146,0,0,0,0,0,0,0,2,0.6509357200976403,2
3,147,0,0,0,0,0,0,0,1,0.6509357200976403,3
3,147,0,0,0,0,0,0,0,2,0.6509357200976403,3
3,148,0,0,0,0,0,0,0,1,0.6509357200976403,4
3,148,0,0,0,0,0,0,0,2,0.6509357200976403,4
3,149,0,0,0,0,0,0,0,1,0.6509357200976403,5
3,149,0,0,0,0,0,0,0,2,0.6509357200976403,5
3,150,0,0,0,0,0,0,0,1,0.6509357200976403,6
3,150,0,0,0,0,0,0,0,2,0.6509357200976403,6
3,151,0,0,0,0,0,0,0,1,0.6509357200976403,7
3,151,0,0,0,0,0,0,0,2,0.6509357200976403,7
3,152,0,0,0,0,0,0,0,1,0.6509357200976403,8
3,152,0,0,0,0,0,0,0,2,0.6509357200976403,8
3,153,0,0,0,0,0,0,0,1,0.6509357200976403,9
3,153,0,0,0,0,0,0,0,2,0.6509357200976403,9
3,154,0,0,0,0,0,0,0,1,0.6509357200976403,10
3,154,0,0,0,0,0,0,0,2,0.6509357200976403,10
3,155,0,0,0,0,0,0,0,1,0.6509357200976403,11
3,155,0,0,0,0,0,0,0,2,0.6509357200976403,11
3,156,0,0,0,0,0,0,0,1,0.6509357200976403,12
3,156,0,0,0,0,0,0,0,2,0.6509357200976403,12
3,157,0,0,0,0,0,0,0,1,0.6509357200976403,13
3,157,0,0,0,0,0,0,0,2,0.6509357200976403,13
3,158,0,0,0,0,0,0,0,1,0.6509357200976403,14
3,158,0,0,0,0,0,0,0,2,0.6509357200976403,14
3,159,0,0,0,0,0,0,0,1,0.6509357200976403,15
3,159,0,0,0,0,0,0,0,2,0.6509357200976403,15
3,160,0,0,0,0,0,0,0,1,0.6509357200976403,16
3,160,0,0,0,0,0,0,0,2,0.6509357200976403,16
3,161,0,0,0,0,0,0,0,1,0.6509357200976403,17
3,161,0,0,0,0,0,0,0,2,0.6509357200976403,17
3,162,0,0,0,0,0,0,0,1,0.6509357200976403,18
3,162,0,0,0,0,0,0,0,2,0.6509357200976403,18
3,163,0,0,0,0,0,0,0,1,0.6509357200976403,19
3,163,0,0,0,0,0,0,0,2,0.6509357200976403,19
3,164,0,0,0,0,0,0,0,1,0.6509357200976403,20
3,164,0,0,0,0,0,0,0,2,0.6509357200976403,20
3,165,0,0,0,0,0,0,0,1,0.6509357200976403,21
3,165,0,0,0,0,0,0,0,2,0.6509357200976403,21
3,166,0,0,0,0,0,0,0,1,0.6509357200976403,22
3,166,0,0,0,0,0,0,0,2,0.6509357200976403,22
3,167,0,0,0,0,0,0,0,1,0.6509357200976403,23
3,167,0,0,0,0,0,0,0,2,0.6509357200976403,23
3,168,0,0,0,0,0,0,0,1,0.6509357200976403,0
3,168,0,0,0,0,0,0,0,2,0.6509357200976403,0
3,169,0,0,0,0,0,0,0,1,0.6509357200976403,1
3,169,0,0,0,0,0,0,0,2,0.6509357200976403,1
3,170,0,0,0,0,0,0,0,1,0.6509357200976403,2
3,170,0,0,0,0,0,0,0,2,0.6509357200976403,2
3,171,0,0,0,0,0,0,0,1,0.6509357200976403,3
3,171,0,0,0,0,0,0,0,2,0.6509357200976403,3
3,172,0,0,0,0,0,0,0,1,0.6509357200976403,4
3,172,0,0,0,0,0,0,0,2,0.6509357200976403,4
3,173,0,0,0,0,0,0,0,1,0.6509357200976403,5
3,173,0,0,0,0,0,0,0,2,0.6509357200976403,5
3,174,0,0,0,0,0,0,0,1,0.6509357200976403,6
3,174,0,0,0,0,0,0,0,2,0.6509357200976403,6
3,175,0,0,0,0,0,0,0,1,0.6509357200976403,7
3,175,0,0,0,0,0,0,0,2,0.6509357200976403,7
3,176,0,0,0,0,0,0,0,1,0.6509357200976403,8
3,176,0,0,0,0,0,0,0,2,0.6509357200976403,8
3,177,0,0,0,0,0,0,0,1,0.6509357200976403,9
3,177,0,0,0,0,0,0,0,2,0.6509357200976403,9
3,178,0,0,0,0,0,0,0,1,0.6509357200976403,10
3,178,0,0,0,0,0,0,0,2,0.6509357200976403,10
3,179,0,0,0,0,0,0,0,1,0.6509357200976403,11
3,179,0,0,0,0,0,0,0,2,0.6509357200976403,11
3,180,0,0,0,0,0,0,0,1,0.6509357200976403,12
3,180,0,0,0,0,0,0,0,2,0.6509357200976403,12
3,181,0,0,0,0,0,0,0,1,0.6509357200976403,13
3,181,0,0,0,0,0,0,0,2,0.6509357200976403,13
3,182,0,0,0,0,0,0,0,1,0.6509357200976403,14
3,182,0,0,0,0,0,0,0,2,0.6509357200976403,14
3,183,0,0,0,0,0,0,0,1,0.6509357200976403,15
3,183,0,0,0,0,0,0,0,2,0.6509357200976403,15
3,184,0,0,0,0,0,0,0,1,0.6509357200976403,16
3,184,0,0,0,0,0,0,0,2,0.6509357200976403,16
3,185,0,0,0,0,0,0,0,1,0.6509357200976403,17
3,185,0,0,0,0,0,0,0,2,0.6509357200976403,17
3,186,0,0,0,0,0,0,0,1,0.6509357200976403,18
3,186,0,0,0,0,0,0,0,2,0.6509357200976403,18
3,187,0,0,0,0,0,0,0,1,0.6509357200976403,19
3,187,0,0,0,0,0,0,0,2,0.6509357200976403,19
3,188,0,0,0,0,0,0,0,1,0.6509357200976403,20
3,188,0,0,0,0,0,0,0,2,0.6509357200976403,20
3,189,0,0,0,0,0,0,0,1,0.6509357200976403,21
3,189,0,0,0,0,0,0,0,2,0.6509357200976403,21
3,190,0,0,0,0,0,0,0,1,0.6509357200976403,22
3,190,0,0,0,0,0,0,0,2,0.6509357200976403,22
3,191,0,0,0,0,0,0,0,1,0.6509357200976403,23
3,191,0,0,0,0,0,0,0,2,0.6509357200976403,23
3,192,0,0,0,0,0,0,0,1,0.6509357200976403,0
3,192,0,0,0,0,0,0,0,2,0.6509357200976403,0
3,193,0,0,0,0,0,0,0,1,0.6509357200976403,1
3,193,0,0,0,0,0,0,0,2,0.6509357200976403,1
3,194,0,0,0,0,0,0,0,1,0.6509357200976403,2
3,194,0,0,0,0,0,0,0,2,0.6509357200976403,2
3,195,0,0,0,0,0,0,0,1,0.6509357200976403,3
3,195,0,0,0,0,0,0,0,2,0.6509357200976403,3
3,196,0,0,0,0,0,0,0,1,0.6509357200976403,4
3,196,0,0,0,0,0,0,0,2,0.6509357200976403,4
3,197,0,0,0,0,0,0,0,1,0.6509357200976403,5
3,197,0,0,0,0,0,0,0,2,0.6509357200976403,5
3,198,0,0,0,0,0,0,0,1,0.6509357200976403,6
3,198,0,0,0,0,0,0,0,2,0.6509357200976403,6
3,199,0,0,0,0,0,0,0,1,0.6509357200976403,7
3,199,0,0,0,0,0,0,0,2,0.6509357200976403,7
3,200,0,0,0,0,0,0,0,1,0.6509357200976403,8
3,200,0,0,0,0,0,0,0,2,0.6509357200976403,8
3,201,0,0,0,0,0,0,0,1,0.6509357200976403,9
3,201,0,0,0,0,0,0,0,2,0.6509357200976403,9
3,202,0,0,0,0,0,0,0,1,0.6509357200976403,10
3,202,0,0,0,0,0,0,0,2,0.6509357200976403,10
3,203,0,0,0,0,0,0,0,1,0.6509357200976403,11
3,203,0,0,0,0,0,0,0,2,0.6509357200976403,11
3,204,0,0,0,0,0,0,0,1,0.6509357200976403,12
3,204,0,0,0,0,0,0,0,2,0.6509357200976403,12
3,205,0,0,0,0,0,0,0,1,0.6509357200976403,13
3,205,0,0,0,0,0,0,0,2,0.6509357200976403,13
3,206,0,0,0,0,0,0,0,1,0.6509357200976403,14
3,206,0,0,0,0,0,0,0,2,0.6509357200976403,14
3,207,0,0,0,0,0,0,0,1,0.6509357200976403,15
3,207,0,0,0,0,0,0,0,2,0.6509357200976403,15
3,208,0,0,0,0,0,0,0,1,0.6509357200976403,16
3,208,0,0,0,0,0,0,0,2,0.6509357200976403,16
3,209,0,0,0,0,0,0,0,1,0.6509357200976403,17
3,209,0,0,0,0,0,0,0,2,0.6509357200976403,17
3,210,0,0,0,0,0,0,0,1,0.6509357200976403,18
3,210,0,0,0,0,0,0,0,2,0.6509357200976403,18
3,211,0,0,0,0,0,0,0,1,0.6509357200976403,19
3,211,0,0,0,0,0,0,0,2,0.6509357200976403,19
3,212,0,0,0,0,0,0,0,1,0.6509357200976403,20
3,212,0,0,0,0,0,0,0,2,0.6509357200976403,20
3,213,0,0,0,0,0,0,0,1,0.6509357200976403,21
3,213,0,0,0,0,0,0,0,2,0.6509357200976403,21
3,214,0,0,0,0,0,0,0,1,0.6509357200976403,22
3,214,0,0,0,0,0,0,0,2,0.6509357200976403,22
3,215,0,0,0,0,0,0,0,1,0.6509357200976403,23
3,215,0,0,0,0,0,0,0,2,0.6509357200976403,23
3,216,0,0,0,0,0,0,0,1,0.6509357200976403,0
3,216,0,0,0,0,0,0,0,2,0.6509357200976403,0
3,217,0,0,0,0,0,0,0,1,0.6509357200976403,1
3,217,0,0,0,0,0,0,0,2,0.6509357200976403,1
3,218,0,0,0,0,0,0,0,1,0.6509357200976403,2
3,218,0,0,0,0,0,0,0,2,0.6509357200976403,2
3,219,0,0,0,0,0,0,0,1,0.6509357200976403,3
3,219,0,0,0,0,0,0,0,2,0.6509357200976403,3
3,220,0,0,0,0,0,0,0,1,0.6509357200976403,4
3,220,0,0,0,0,0,0,0,2,0.6509357200976403,4
3,221,0,0,0,0,0,0,0,1,0.6509357200976403,5
3,221,0,0,0,0,0,0,0,2,0.6509357200976403,5
3,222,0,0,0,0,0,0,0,1,0.6509357200976403,6
3,222,0,0,0,0,0,0,0,2,0.6509357200976403,6
3,223,0,0,0,0,0,0,0,1,0.6509357200976403,7
3,223,0,0,0,0,0,0,0,2,0.6509357200976403,7
3,224,0,0,0,0,0,0,0,1,0.6509357200976403,8
3,224,0,0,0,0,0,0,0,2,0.6509357200976403,8
3,225,0,0,0,0,0,0,0,1,0.6509357200976403,9
3,225,0,0,0,0,0,0,0,2,0.6509357200976403,9
3,226,0,0,0,0,0,0,0,1,0.6509357200976403,10
3,226,0,0,0,0,0,0,0,2,0.6509357200976403,10
3,227,0,0,0,0,0,0,0,1,0.6509357200976403,11
3,227,0,0,0,0,0,0,0,2,0.6509357200976403,11
3,228,0,0,0,0,0,0,0,1,0.6509357200976403,12
3,228,0,0,0,0,0,0,0,2,0.6509357200976403,12
3,229,0,0,0,0,0,0,0,1,0.6509357200976403,13
3,229,0,0,0,0,0,0,0,2,0.6509357200976403,13
3,230,0,0,0,0,0,0,0,1,0.6509357200976403,14
3,230,0,0,0,0,0,0,0,2,0.6509357200976403,14
3,231,0,0,0,0,0,0,0,1,0.6509357200976403,15
3,231,0,0,0,0,0,0,0,2,0.6509357200976403,15
3,232,0,0,0,0,0,0,0,1,0.6509357200976403,16
3,232,0,0,0,0,0,0,0,2,0.6509357200976403,16
3,233,0,0,0,0,0,0,0,1,0.6509357200976403,17
3,233,0,0,0,0,0,0,0,2,0.6509357200976403,17
3,234,0,0,0,0,0,0,0,1,0.6509357200976403,18
3,234,0,0,0,0,0,0,0,2,0.6509357200976403,18
3,235,0,0,0,0,0,0,0,1,0.6509357200976403,19
3,235,0,0,0,0,0,0,0,2,0.6509357200976403,19
3,236,0,0,0,0,0,0,0,1,0.6509357200976403,20
3,236,0,0,0,0,0,0,0,2,0.6509357200976403,20
3,237,0,0,0,0,0,0,0,1,0.6509357200976403,21
3,237,0,0,0,0,0,0,0,2,0.6509357200976403,21
3,238,0,0,0,0,0,0,0,1,0.6509357200976403,22
3,238,0,0,0,0,0,0,0,2,0.6509357200976403,22
3,239,0,0,0,0,0,0,0,1,0.6509357200976403,23
3,239,0,0,0,0,0,0,0,2,0.6509357200976403,23
3,240,0,0,0,0,0,0,0,1,0.6509357200976403,0
3,240,0,0,0,0,0,0,0,2,0.6509357200976403,0
3,241,0,0,0,0,0,0,0,1,0.6509357200976403,1
3,241,0,0,0,0,0,0,0,2,0.6509357200976403,1
3,242,0,0,0,0,0,0,0,1,0.6509357200976403,2
3,242,0,0,0,0,0,0,0,2,0.6509357200976403,2
3,243,0,0,0,0,0,0,0,1,0.6509357200976403,3
3,243,0,0,0,0,0,0,0,2,0.6509357200976403,3
3,244,0,0,0,0,0,0,0,1,0.6509357200976403,4
3,244,0,0,0,0,0,0,0,2,0.6509357200976403,4
3,245,0,0,0,0,0,0,0,1,0.6509357200976403,5
3,245,0,0,0,0,0,0,0,2,0.6509357200976403,5
3,246,0,0,0,0,0,0,0,1,0.6509357200976403,6
3,246,0,0,0,0,0,0,0,2,0.6509357200976403,6
3,247,0,0,0,0,0,0,0,1,0.6509357200976403,7
3,247,0,0,0,0,0,0,0,2,0.6509357200976403,7
3,248,0,0,0,0,0,0,0,1,0.6509357200976403,8
3,248,0,0,0,0,0,0,0,2,0.6509357200976403,8
3,249,0,0,0,0,0,0,0,1,0.6509357200976403,9
3,249,0,0,0,0,0,0,0,2,0.6509357200976403,9
3,250,0,0,0,0,0,0,0,1,0.6509357200976403,10
3,250,0,0,0,0,0,0,0,2,0.6509357200976403,10
3,251,0,0,0,0,0,0,0,1,0.6509357200976403,11
3,251,0,0,0,0,0,0,0,2,0.6509357200976403,11
3,252,0,0,0,0,0,0,0,1,0.6509357200976403,12
3,252,0,0,0,0,0,0,0,2,0.6509357200976403,12
3,253,0,0,0,0,0,0,0,1,0.6509357200976403,13
3,253,0,0,0,0,0,0,0,2,0.6509357200976403,13
3,254,0,0,0,0,0,0,0,1,0.6509357200976403,14
3,254,0,0,0,0,0,0,0,2,0.6509357200976403,14
3,255,0,0,0,0,0,0,0,1,0.6509357200976403,15
3,255,0,0,0,0,0,0,0,2,0.6509357200976403,15
3,256,0,0,0,0,0,0,0,1,0.6509357200976403,16
3,256,0,0,0,0,0,0,0,2,0.6509357200976403,16
3,257,0,0,0,0,0,0,0,1,0.6509357200976403,17
3,257,0,0,0,0,0,0,0,2,0.6509357200976403,17
3,258,0,0,0,0,0,0,0,1,0.6509357200976403,18
3,258,0,0,0,0,0,0,0,2,0.6509357200976403,18
3,259,0,0,0,0,0,0,0,1,0.6509357200976403,19
3,259,0,0,0,0,0,0,0,2,0.6509357200976403,19
3,260,0,0,0,0,0,0,0,1,0.6509357200976403,20
3,260,0,0,0,0,0,0,0,2,0.6509357200976403,20
3,261,0,0,0,0,0,0,0,1,0.6509357200976403,21
3,261,0,0,0,0,0,0,0,2,0.6509357200976403,21
3,262,0,0,0,0,0,0,0,1,0.6509357200976403,22
3,262,0,0,0,0,0,0,0,2,0.6509357200976403,22
3,263,0,0,0,0,0,0,0,1,0.6509357200976403,23
3,263,0,0,0,0,0,0,0,2,0.6509357200976403,23
3,264,0,0,0,0,0,0,0,1,0.6509357200976403,0
3,264,0,0,0,0,0,0,0,2,0.6509357200976403,0
3,265,0,0,0,0,0,0,0,1,0.6509357200976403,1
3,265,0,0,0,0,0,0,0,2,0.6509357200976403,1
3,266,0,0,0,0,0,0,0,1,0.6509357200976403,2
3,266,0,0,0,0,0,0,0,2,0.6509357200976403,2
3,267,0,0,0,0,0,0,0,1,0.6509357200976403,3
3,267,0,0,0,0,0,0,0,2,0.6509357200976403,3
3,268,0,0,0,0,0,0,0,1,0.6509357200976403,4
3,268,0,0,0,0,0,0,0,2,0.6509357200976403,4
3,269,0,0,0,0,0,0,0,1,0.6509357200976403,5
3,269,0,0,0,0,0,0,0,2,0.6509357200976403,5
3,270,0,0,0,0,0,0,0,1,0.6509357200976403,6
3,270,0,0,0,0,0,0,0,2,0.6509357200976403,6
3,271,0,0,0,0,0,0,0,1,0.6509357200976403,7
3,271,0,0,0,0,0,0,0,2,0.6509357200976403,7
3,272,0,0,0,0,0,0,0,1,0.6509357200976403,8
3,272,0,0,0,0,0,0,0,2,0.6509357200976403,8
3,273,0,0,0,0,0,0,0,1,0.6509357200976403,9
3,273,0,0,0,0,0,0,0,2,0.6509357200976403,9
3,274,0,0,0,0,0,0,0,1,0.6509357200976403,10
3,274,0,0,0,0,0,0,0,2,0.6509357200976403,10
3,275,0,0,0,0,0,0,0,1,0.6509357200976403,11
3,275,0,0,0,0,0,0,0,2,0.6509357200976403,11
3,276,0,0,0,0,0,0,0,1,0.6509357200976403,12
3,276,0,0,0,0,0,0,0,2,0.6509357200976403,12
3,277,0,0,0,0,0,0,0,1,0.6509357200976403,13
3,277,0,0,0,0,0,0,0,2,0.6509357200976403,13
3,278,0,0,0,0,0,0,0,1,0.6509357200976403,14
3,278,0,0,0,0,0,0,0,2,0.6509357200976403,14
3,279,0,0,0,0,0,0,0,1,0.6509357200976403,15
3,279,0,0,0,0,0,0,0,2,0.6509357200976403,15
3,280,0,0,0,0,0,0,0,1,0.6509357200976403,16
3,280,0,0,0,0,0,0,0,2,0.6509357200976403,16
3,281,0,0,0,0,0,0,0,1,0.6509357200976403,17
3,281,0,0,0,0,0,0,0,2,0.6509357200976403,17
3,282,0,0,0,0,0,0,0,1,0.6509357200976403,18
3,282,0,0,0,0,0,0,0,2,0.6509357200976403,18
3,283,0,0,0,0,0,0,0,1,0.6509357200976403,19
3,283,0,0,0,0,0,0,0,2,0.6509357200976403,19
3,284,0,0,0,0,0,0,0,1,0.6509357200976403,20
3,284,0,0,0,0,0,0,0,2,0.6509357200976403,20
3,285,0,0,0,0,0,0,0,1,0.6509357200976403,21
3,285,0,0,0,0,0,0,0,2,0.6509357200976403,21
3,286,0,0,0,0,0,0,0,1,0.6509357200976403,22
3,286,0,0,0,0,0,0,0,2,0.6509357200976403,22
3,287,0,0,0,0,0,0,0,1,0.6509357200976403,23
3,287,0,0,0,0,0,0,0,2,0.6509357200976403,23
3,288,0,0,0,0,0,0,0,1,0.6509357200976403,0
3,288,0,0,0,0,0,0,0,2,0.6509357200976403,0
3,289,0,0,0,0,0,0,0,1,0.6509357200976403,1
3,289,0,0,0,0,0,0,0,2,0.6509357200976403,1
3,290,0,0,0,0,0,0,0,1,0.6509357200976403,2
3,290,0,0,0,0,0,0,0,2,0.6509357200976403,2
3,291,0,0,0,0,0,0,0,1,0.6509357200976403,3
3,291,0,0,0,0,0,0,0,2,0.6509357200976403,3
3,292,0,0,0,0,0,0,0,1,0.6509357200976403,4
3,292,0,0,0,0,0,0,0,2,0.6509357200976403,4
3,293,0,0,0,0,0,0,0,1,0.6509357200976403,5
3,293,0,0,0,0,0,0,0,2,0.6509357200976403,5
3,294,0,0,0,0,0,0,0,1,0.6509357200976403,6
3,294,0,0,0,0,0,0,0,2,0.6509357200976403,6
3,295,0,0,0,0,0,0,0,1,0.6509357200976403,7
3,295,0,0,0,0,0,0,0,2,0.6509357200976403,7
3,296,0,0,0,0,0,0,0,1,0.6509357200976403,8
3,296,0,0,0,0,0,0,0,2,0.6509357200976403,8
3,297,0,0,0,0,0,0,0,1,0.6509357200976403,9
3,297,0,0,0,0,0,0,0,2,0.6509357200976403,9
3,298,0,0,0,0,0,0,0,1,0.6509357200976403,10
3,298,0,0,0,0,0,0,0,2,0.6509357200976403,10
3,299,0,0,0,0,0,0,0,1,0.6509357200976403,11
3,299,0,0,0,0,0,0,0,2,0.6509357200976403,11
3,300,0,0,0,0,0,0,0,1,0.6509357200976403,12
3,300,0,0,0,0,0,0,0,2,0.6509357200976403,12
3,301,0,0,0,0,0,0,0,1,0.6509357200976403,13
3,301,0,0,0,0,0,0,0,2,0.6509357200976403,13
3,302,0,0,0,0,0,0,0,1,0.6509357200976403,14
3,302,0,0,0,0,0,0,0,2,0.6509357200976403,14
3,303,0,0,0,0,0,0,0,1,0.6509357200976403,15
3,303,0,0,0,0,0,0,0,2,0.6509357200976403,15
3,304,0,0,0,0,0,0,0,1,0.6509357200976403,16
3,304,0,0,0,0,0,0,0,2,0.6509357200976403,16
3,305,0,0,0,0,0,0,0,1,0.6509357200976403,17
3,305,0,0,0,0,0,0,0,2,0.6509357200976403,17
3,306,0,0,0,0,0,0,0,1,0.6509357200976403,18
3,306,0,0,0,0,0,0,0,2,0.6509357200976403,18
3,307,0,0,0,0,0,0,0,1,0.6509357200976403,19
3,307,0,0,0,0,0,0,0,2,0.6509357200976403,19
3,308,0,0,0,0,0,0,0,1,0.6509357200976403,20
3,308,0,0,0,0,0,0,0,2,0.6509357200976403,20
3,309,0,0,0,0,0,0,0,1,0.6509357200976403,21
3,309,0,0,0,0,0,0,0,2,0.6509357200976403,21
3,310,0,0,0,0,0,0,0,1,0.6509357200976403,22
3,310,0,0,0,0,0,0,0,2,0.6509357200976403,22
3,311,0,0,0,0,0,0,0,1,0.6509357200976403,23
3,311,0,0,0,0,0,0,0,2,0.6509357200976403,23
3,312,0,0,0,0,0,0,0,1,0.6509357200976403,0
3,312,0,0,0,0,0,0,0,2,0.6509357200976403,0
3,313,0,0,0,0,0,0,0,1,0.6509357200976403,1
3,313,0,0,0,0,0,0,0,2,0.6509357200976403,1
3,314,0,0,0,0,0,0,0,1,0.6509357200976403,2
3,314,0,0,0,0,0,0,0,2,0.6509357200976403,2
3,315,0,0,0,0,0,0,0,1,0.6509357200976403,3
3,315,0,0,0,0,0,0,0,2,0.6509357200976403,3
3,316,0,0,0,0,0,0,0,1,0.6509357200976403,4
3,316,0,0,0,0,0,0,0,2,0.6509357200976403,4
3,317,0,0,0,0,0,0,0,1,0.6509357200976403,5
3,317,0,0,0,0,0,0,0,2,0.6509357200976403,5
3,318,0,0,0,0,0,0,0,1,0.6509357200976403,6
3,318,0,0,0,0,0,0,0,2,0.6509357200976403,6
3,319,0,0,0,0,0,0,0,1,0.6509357200976403,7
3,319,0,0,0,0,0,0,0,2,0.6509357200976403,7
3,320,0,0,0,0,0,0,0,1,0.6509357200976403,8
3,320,0,0,0,0,0,0,0,2,0.6509357200976403,8
3,321,0,0,0,0,0,0,0,1,0.6509357200976403,9
3,321,0,0,0,0,0,0,0,2,0.6509357200976403,9
3,322,0,0,0,0,0,0,0,1,0.6509357200976403,10
3,322,0,0,0,0,0,0,0,2,0.6509357200976403,10
3,323,0,0,0,0,0,0,0,1,0.6509357200976403,11
3,323,0,0,0,0,0,0,0,2,0.6509357200976403,11
3,324,0,0,0,0,0,0,0,1,0.6509357200976403,12
3,324,0,0,0,0,0,0,0,2,0.6509357200976403,12
3,325,0,0,0,0,0,0,0,1,0.6509357200976403,13
3,325,0,0,0,0,0,0,0,2,0.6509357200976403,13
3,326,0,0,0,0,0,0,0,1,0.6509357200976403,14
3,326,0,0,0,0,0,0,0,2,0.6509357200976403,14
3,327,0,0,0,0,0,0,0,1,0.6509357200976403,15
3,327,0,0,0,0,0,0,0,2,0.6509357200976403,15
3,328,0,0,0,0,0,0,0,1,0.6509357200976403,16
3,328,0,0,0,0,0,0,0,2,0.6509357200976403,16
3,329,0,0,0,0,0,0,0,1,0.6509357200976403,17
3,329,0,0,0,0,0,0,0,2,0.6509357200976403,17
3,330,0,0,0,0,0,0,0,1,0.6509357200976403,18
3,330,0,0,0,0,0,0,0,2,0.6509357200976403,18
3,331,0,0,0,0,0,0,0,1,0.6509357200976403,19
3,331,0,0,0,0,0,0,0,2,0.6509357200976403,19
3,332,0,0,0,0,0,0,0,1,0.6509357200976403,20
3,332,0,0,0,0,0,0,0,2,0.6509357200976403,20
3,333,0,0,0,0,0,0,0,1,0.6509357200976403,21
3,333,0,0,0,0,0,0,0,2,0.6509357200976403,21
3,334,0,0,0,0,0,0,0,1,0.6509357200976403,22
3,334,0,0,0,0,0,0,0,2,0.6509357200976403,22
3,335,0,0,0,0,0,0,0,1,0.6509357200976403,23
3,335,0,0,0,0,0,0,0,2,0.6509357200976403,23
3,336,0,0,0,0,0,0,0,1,0.6509357200976403,0
3,336,0,0,0,0,0,0,0,2,0.6509357200976403,0
3,337,0,0,0,0,0,0,0,1,0.6509357200976403,1
3,337,0,0,0,0,0,0,0,2,0.6509357200976403,1
3,338,0,0,0,0,0,0,0,1,0.6509357200976403,2
3,338,0,0,0,0,0,0,0,2,0.6509357200976403,2
3,339,0,0,0,0,0,0,0,1,0.6509357200976403,3
3,339,0,0,0,0,0,0,0,2,0.6509357200976403,3
3,340,0,0,0,0,0,0,0,1,0.6509357200976403,4
3,340,0,0,0,0,0,0,0,2,0.6509357200976403,4
3,341,0,0,0,0,0,0,0,1,0.6509357200976403,5
3,341,0,0,0,0,0,0,0,2,0.6509357200976403,5
3,342,0,0,0,0,0,0,0,1,0.6509357200976403,6
3,342,0,0,0,0,0,0,0,2,0.6509357200976403,6
3,343,0,0,0,0,0,0,0,1,0.6509357200976403,7
3,343,0,0,0,0,0,0,0,2,0.6509357200976403,7
3,344,0,0,0,0,0,0,0,1,0.6509357200976403,8
3,344,0,0,0,0,0,0,0,2,0.6509357200976403,8
3,345,0,0,0,0,0,0,0,1,0.6509357200976403,9
3,345,0,0,0,0,0,0,0,2,0.6509357200976403,9
3,346,0,0,0,0,0,0,0,1,0.6509357200976403,10
3,346,0,0,0,0,0,0,0,2,0.6509357200976403,10
3,347,0,0,0,0,0,0,0,1,0.6509357200976403,11
3,347,0,0,0,0,0,0,0,2,0.6509357200976403,11
3,348,0,0,0,0,0,0,0,1,0.6509357200976403,12
3,348,0,0,0,0,0,0,0,2,0.6509357200976403,12
3,349,0,0,0,0,0,0,0,1,0.6509357200976403,13
3,349,0,0,0,0,0,0,0,2,0.6509357200976403,13
3,350,0,0,0,0,0,0,0,1,0.6509357200976403,14
3,350,0,0,0,0,0,0,0,2,0.6509357200976403,14
3,351,0,0,0,0,0,0,0,1,0.6509357200976403,15
3,351,0,0,0,0,0,0,0,2,0.6509357200976403,15
3,352,0,0,0,0,0,0,0,1,0.6509357200976403,16
3,352,0,0,0,0,0,0,0,2,0.6509357200976403,16
3,353,0,0,0,0,0,0,0,1,0.6509357200976403,17
3,353,0,0,0,0,0,0,0,2,0.6509357200976403,17
3,354,0,0,0,0,0,0,0,1,0.6509357200976403,18
3,354,0,0,0,0,0,0,0,2,0.6509357200976403,18
3,355,0,0,0,0,0,0,0,1,0.6509357200976403,19
3,355,0,0,0,0,0,0,0,2,0.6509357200976403,19
3,356,0,0,0,0,0,0,0,1,0.6509357200976403,20
3,356,0,0,0,0,0,0,0,2,0.6509357200976403,20
3,357,0,0,0,0,0,0,0,1,0.6509357200976403,21
3,357,0,0,0,0,0,0,0,2,0.6509357200976403,21
3,358,0,0,0,0,0,0,0,1,0.6509357200976403,22
3,358,0,0,0,0,0,0,0,2,0.6509357200976403,22
3,359,0,0,0,0,0,0,0,1,0.6509357200976403,23
3,359,0,0,0,0,0,0,0,2,0.6509357200976403,23
3,360,0,0,0,0,0,0,0,1,0.6509357200976403,0
3,360,0,0,0,0,0,0,0,2,0.6509357200976403,0
3,361,0,0,0,0,0,0,0,1,0.6509357200976403,1
3,361,0,0,0,0,0,0,0,2,0.6509357200976403,1
3,362,0,0,0,0,0,0,0,1,0.6509357200976403,2
3,362,0,0,0,0,0,0,0,2,0.6509357200976403,2
3,363,0,0,0,0,0,0,0,1,0.6509357200976403,3
3,363,0,0,0,0,0,0,0,2,0.6509357200976403,3
3,364,0,0,0,0,0,0,0,1,0.6509357200976403,4
3,364,0,0,0,0,0,0,0,2,0.6509357200976403,4
3,365,0,0,0,0,0,0,0,1,0.6509357200976403,5
3,365,0,0,0,0,0,0,0,2,0.6509357200976403,5
3,366,0,0,0,0,0,0,0,1,0.6509357200976403,6
3,366,0,0,0,0,0,0,0,2,0.6509357200976403,6
3,367,0,0,0,0,0,0,0,1,0.6509357200976403,7
3,367,0,0,0,0,0,0,0,2,0.6509357200976403,7
3,368,0,0,0,0,0,0,0,1,0.6509357200976403,8
3,368,0,0,0,0,0,0,0,2,0.6509357200976403,8
3,369,0,0,0,0,0,0,0,1,0.6509357200976403,9
3,369,0,0,0,0,0,0,0,2,0.6509357200976403,9
3,370,0,0,0,0,0,0,0,1,0.6509357200976403,10
3,370,0,0,0,0,0,0,0,2,0.6509357200976403,10
3,371,0,0,0,0,0,0,0,1,0.6509357200976403,11
3,371,0,0,0,0,0,0,0,2,0.6509357200976403,11
3,372,0,0,0,0,0,0,0,1,0.6509357200976403,12
3,372,0,0,0,0,0,0,0,2,0.6509357200976403,12
3,373,0,0,0,0,0,0,0,1,0.6509357200976403,13
3,373,0,0,0,0,0,0,0,2,0.6509357200976403,13
3,374,0,0,0,0,0,0,0,1,0.6509357200976403,14
3,374,0,0,0,0,0,0,0,2,0.6509357200976403,14
3,375,0,0,0,0,0,0,0,1,0.6509357200976403,15
3,375,0,0,0,0,0,0,0,2,0.6509357200976403,15
3,376,0,0,0,0,0,0,0,1,0.6509357200976403,16
3,376,0,0,0,0,0,0,0,2,0.6509357200976403,16
3,377,0,0,0,0,0,0,0,1,0.6509357200976403,17
3,377,0,0,0,0,0,0,0,2,0.6509357200976403,17
3,378,0,0,0,0,0,0,0,1,0.6509357200976403,18
3,378,0,0,0,0,0,0,0,2,0.6509357200976403,18
3,379,0,0,0,0,0,0,0,1,0.6509357200976403,19
3,379,0,0,0,0,0,0,0,2,0.6509357200976403,19
3,380,0,0,0,0,0,0,0,1,0.6509357200976403,20
3,380,0,0,0,0,0,0,0,2,0.6509357200976403,20
3,381,0,0,0,0,0,0,0,1,0.6509357200976403,21
3,381,0,0,0,0,0,0,0,2,0.6509357200976403,21
3,382,0,0,0,0,0,0,0,1,0.6509357200976403,22
3,382,0,0,0,0,0,0,0,2,0.6509357200976403,22
3,383,0,0,0,0,0,0,0,1,0.6509357200976403,23
3,383,0,0,0,0,0,0,0,2,0.6509357200976403,23
3,384,0,0,0,0,0,0,0,1,0.6509357200976403,0
3,384,0,0,0,0,0,0,0,2,0.6509357200976403,0
3,385,0,0,0,0,0,0,0,1,0.6509357200976403,1
3,385,0,0,0,0,0,0,0,2,0.6509357200976403,1
3,386,0,0,0,0,0,0,0,1,0.6509357200976403,2
3,386,0,0,0,0,0,0,0,2,0.6509357200976403,2
3,387,0,0,0,0,0,0,0,1,0.6509357200976403,3
3,387,0,0,0,0,0,0,0,2,0.6509357200976403,3
3,388,0,0,0,0,0,0,0,1,0.6509357200976403,4
3,388,0,0,0,0,0,0,0,2,0.6509357200976403,4
3,389,0,0,0,0,0,0,0,1,0.6509357200976403,5
3,389,0,0,0,0,0,0,0,2,0.6509357200976403,5
3,390,0,0,0,0,0,0,0,1,0.6509357200976403,6
3,390,0,0,0,0,0,0,0,2,0.6509357200976403,6
3,391,0,0,0,0,0,0,0,1,0.6509357200976403,7
3,391,0,0,0,0,0,0,0,2,0.6509357200976403,7
3,392,0,0,0,0,0,0,0,1,0.6509357200976403,8
3,392,0,0,0,0,0,0,0,2,0.6509357200976403,8
3,393,0,0,0,0,0,0,0,1,0.6509357200976403,9
3,393,0,0,0,0,0,0,0,2,0.6509357200976403,9
3,394,0,0,0,0,0,0,0,1,0.6509357200976403,10
3,394,0,0,0,0,0,0,0,2,0.6509357200976403,10
3,395,0,0,0,0,0,0,0,1,0.6509357200976403,11
3,395,0,0,0,0,0,0,0,2,0.6509357200976403,11
3,396,0,0,0,0,0,0,0,1,0.6509357200976403,12
3,396,0,0,0,0,0,0,0,2,0.6509357200976403,12
3,397,0,0,0,0,0,0,0,1,0.6509357200976403,13
3,397,0,0,0,0,0,0,0,2,0.6509357200976403,13
3,398,0,0,0,0,0,0,0,1,0.6509357200976403,14
3,398,0,0,0,0,0,0,0,2,0.6509357200976403,14
3,399,0,0,0,0,0,0,0,1,0.6509357200976403,15
3,399,0,0,0,0,0,0,0,2,0.6509357200976403,15
3,400,0,0,0,0,0,0,0,1,0.6509357200976403,16
3,400,0,0,0,0,0,0,0,2,0.6509357200976403,16
3,401,0,0,0,0,0,0,0,1,0.6509357200976403,17
3,401,0,0,0,0,0,0,0,2,0.6509357200976403,17
3,402,0,0,0,0,0,0,0,1,0.6509357200976403,18
3,402,0,0,0,0,0,0,0,2,0.6509357200976403,18
3,403,0,0,0,0,0,0,0,1,0.6509357200976403,19
3,403,0,0,0,0,0,0,0,2,0.6509357200976403,19
3,404,0,0,0,0,0,0,0,1,0.6509357200976403,20
3,404,0,0,0,0,0,0,0,2,0.6509357200976403,20
3,405,0,0,0,0,0,0,0,1,0.6509357200976403,21
3,405,0,0,0,0,0,0,0,2,0.6509357200976403,21
3,406,0,0,0,0,0,0,0,1,0.6509357200976403,22
3,406,0,0,0,0,0,0,0,2,0.6509357200976403,22
3,407,0,0,0,0,0,0,0,1,0.6509357200976403,23
3,407,0,0,0,0,0,0,0,2,0.6509357200976403,23
3,408,0,0,0,0,0,0,0,1,0.6509357200976403,0
3,408,0,0,0,0,0,0,0,2,0.6509357200976403,0
3,409,0,0,0,0,0,0,0,1,0.6509357200976403,1
3,409,0,0,0,0,0,0,0,2,0.6509357200976403,1
3,410,0,0,0,0,0,0,0,1,0.6509357200976403,2
3,410,0,0,0,0,0,0,0,2,0.6509357200976403,2
3,411,0,0,0,0,0,0,0,1,0.6509357200976403,3
3,411,0,0,0,0,0,0,0,2,0.6509357200976403,3
3,412,0,0,0,0,0,0,0,1,0.6509357200976403,4
3,412,0,0,0,0,0,0,0,2,0.6509357200976403,4
3,413,0,0,0,0,0,0,0,1,0.6509357200976403,5
3,413,0,0,0,0,0,0,0,2,0.6509357200976403,5
3,414,0,0,0,0,0,0,0,1,0.6509357200976403,6
3,414,0,0,0,0,0,0,0,2,0.6509357200976403,6
3,415,0,0,0,0,0,0,0,1,0.6509357200976403,7
3,415,0,0,0,0,0,0,0,2,0.6509357200976403,7
3,416,0,0,0,0,0,0,0,1,0.6509357200976403,8
3,416,0,0,0,0,0,0,0,2,0.6509357200976403,8
3,417,0,0,0,0,0,0,0,1,0.6509357200976403,9
3,417,0,0,0,0,0,0,0,2,0.6509357200976403,9
3,418,0,0,0,0,0,0,0,1,0.6509357200976403,10
3,418,0,0,0,0,0,0,0,2,0.6509357200976403,10
3,419,0,0,0,0,0,0,0,1,0.6509357200976403,11
3,419,0,0,0,0,0,0,0,2,0.6509357200976403,11
3,420,0,0,0,0,0,0,0,1,0.6509357200976403,12
3,420,0,0,0,0,0,0,0,2,0.6509357200976403,12
3,421,0,0,0,0,0,0,0,1,0.6509357200976403,13
3,421,0,0,0,0,0,0,0,2,0.6509357200976403,13
3,422,0,0,0,0,0,0,0,1,0.6509357200976403,14
3,422,0,0,0,0,0,0,0,2,0.6509357200976403,14
3,423,0,0,0,0,0,0,0,1,0.6509357200976403,15
3,423,0,0,0,0,0,0,0,2,0.6509357200976403,15
3,424,0,0,0,0,0,0,0,1,0.6509357200976403,16
3,424,0,0,0,0,0,0,0,2,0.6509357200976403,16
3,425,0,0,0,0,0,0,0,1,0.6509357200976403,17
3,425,0,0,0,0,0,0,0,2,0.6509357200976403,17
3,426,0,0,0,0,0,0,0,1,0.6509357200976403,18
3,426,0,0,0,0,0,0,0,2,0.6509357200976403,18
3,427,0,0,0,0,0,0,0,1,0.6509357200976403,19
3,427,0,0,0,0,0,0,0,2,0.6509357200976403,19
3,428,0,0,0,0,0,0,0,1,0.6509357200976403,20
3,428,0,0,0,0,0,0,0,2,0.6509357200976403,20
3,429,0,0,0,0,0,0,0,1,0.6509357200976403,21
3,429,0,0,0,0,0,0,0,2,0.6509357200976403,21
3,430,0,0,0,0,0,0,0,1,0.6509357200976403,22
3,430,0,0,0,0,0,0,0,2,0.6509357200976403,22
3,431,0,0,0,0,0,0,0,1,0.6509357200976403,23
3,431,0,0,0,0,0,0,0,2,0.6509357200976403,23
3,432,0,0,0,0,0,0,0,1,0.6509357200976403,0
3,432,0,0,0,0,0,0,0,2,0.6509357200976403,0
3,433,0,0,0,0,0,0,0,1,0.6509357200976403,1
3,433,0,0,0,0,0,0,0,2,0.6509357200976403,1
3,434,0,0,0,0,0,0,0,1,0.6509357200976403,2
3,434,0,0,0,0,0,0,0,2,0.6509357200976403,2
3,435,0,0,0,0,0,0,0,1,0.6509357200976403,3
3,435,0,0,0,0,0,0,0,2,0.6509357200976403,3
3,436,0,0,0,0,0,0,0,1,0.6509357200976403,4
3,436,0,0,0,0,0,0,0,2,0.6509357200976403,4
3,437,0,0,0,0,0,0,0,1,0.6509357200976403,5
3,437,0,0,0,0,0,0,0,2,0.6509357200976403,5
3,438,0,0,0,0,0,0,0,1,0.6509357200976403,6
3,438,0,0,0,0,0,0,0,2,0.6509357200976403,6
3,439,0,0,0,0,0,0,0,1,0.6509357200976403,7
3,439,0,0,0,0,0,0,0,2,0.6509357200976403,7
3,440,0,0,0,0,0,0,0,1,0.6509357200976403,8
3,440,0,0,0,0,0,0,0,2,0.6509357200976403,8
3,441,0,0,0,0,0,0,0,1,0.6509357200976403,9
3,441,0,0,0,0,0,0,0,2,0.6509357200976403,9
3,442,0,0,0,0,0,0,0,1,0.6509357200976403,10
3,442,0,0,0,0,0,0,0,2,0.6509357200976403,10
3,443,0,0,0,0,0,0,0,1,0.6509357200976403,11
3,443,0,0,0,0,0,0,0,2,0.6509357200976403,11
3,444,0,0,0,0,0,0,0,1,0.6509357200976403,12
3,444,0,0,0,0,0,0,0,2,0.6509357200976403,12
3,445,0,0,0,0,0,0,0,1,0.6509357200976403,13
3,445,0,0,0,0,0,0,0,2,0.6509357200976403,13
3,446,0,0,0,0,0,0,0,1,0.6509357200976403,14
3,446,0,0,0,0,0,0,0,2,0.6509357200976403,14
3,447,0,0,0,0,0,0,0,1,0.6509357200976403,15
3,447,0,0,0,0,0,0,0,2,0.6509357200976403,15
3,448,0,0,0,0,0,0,0,1,0.6509357200976403,16
3,448,0,0,0,0,0,0,0,2,0.6509357200976403,16
3,449,0,0,0,0,0,0,0,1,0.6509357200976403,17
3,449,0,0,0,0,0,0,0,2,0.6509357200976403,17
3,450,0,0,0,0,0,0,0,1,0.6509357200976403,18
3,450,0,0,0,0,0,0,0,2,0.6509357200976403,18
3,451,0,0,0,0,0,0,0,1,0.6509357200976403,19
3,451,0,0,0,0,0,0,0,2,0.6509357200976403,19
3,452,0,0,0,0,0,0,0,1,0.6509357200976403,20
3,452,0,0,0,0,0,0,0,2,0.6509357200976403,20
3,453,0,0,0,0,0,0,0,1,0.6509357200976403,21
3,453,0,0,0,0,0,0,0,2,0.6509357200976403,21
3,454,0,0,0,0,0,0,0,1,0.6509357200976403,22
3,454,0,0,0,0,0,0,0,2,0.6509357200976403,22
3,455,0,0,0,0,0,0,0,1,0.6509357200976403,23
3,455,0,0,0,0,0,0,0,2,0.6509357200976403,23
3,456,0,0,0,0,0,0,0,1,0.6509357200976403,0
3,456,0,0,0,0,0,0,0,2,0.6509357200976403,0
3,457,0,0,0,0,0,0,0,1,0.6509357200976403,1
3,457,0,0,0,0,0,0,0,2,0.6509357200976403,1
3,458,0,0,0,0,0,0,0,1,0.6509357200976403,2
3,458,0,0,0,0,0,0,0,2,0.6509357200976403,2
3,459,0,0,0,0,0,0,0,1,0.6509357200976403,3
3,459,0,0,0,0,0,0,0,2,0.6509357200976403,3
3,460,0,0,0,0,0,0,0,1,0.6509357200976403,4
3,460,0,0,0,0,0,0,0,2,0.6509357200976403,4
3,461,0,0,0,0,0,0,0,1,0.6509357200976403,5
3,461,0,0,0,0,0,0,0,2,0.6509357200976403,5
3,462,0,0,0,0,0,0,0,1,0.6509357200976403,6
3,462,0,0,0,0,0,0,0,2,0.6509357200976403,6
3,463,0,0,0,0,0,0,0,1,0.6509357200976403,7
3,463,0,0,0,0,0,0,0,2,0.6509357200976403,7
3,464,0,0,0,0,0,0,0,1,0.6509357200976403,8
3,464,0,0,0,0,0,0,0,2,0.6509357200976403,8
3,465,0,0,0,0,0,0,0,1,0.6509357200976403,9
3,465,0,0,0,0,0,0,0,2,0.6509357200976403,9
3,466,0,0,0,0,0,0,0,1,0.6509357200976403,10
3,466,0,0,0,0,0,0,0,2,0.6509357200976403,10
3,467,0,0,0,0,0,0,0,1,0.6509357200976403,11
3,467,0,0,0,0,0,0,0,2,0.6509357200976403,11
3,468,0,0,0,0,0,0,0,1,0.6509357200976403,12
3,468,0,0,0,0,0,0,0,2,0.6509357200976403,12
3,469,0,0,0,0,0,0,0,1,0.6509357200976403,13
3,469,0,0,0,0,0,0,0,2,0.6509357200976403,13
3,470,0,0,0,0,0,0,0,1,0.6509357200976403,14
3,470,0,0,0,0,0,0,0,2,0.6509357200976403,14
3,471,0,0,0,0,0,0,0,1,0.6509357200976403,15
3,471,0,0,0,0,0,0,0,2,0.6509357200976403,15
3,472,0,0,0,0,0,0,0,1,0.6509357200976403,16
3,472,0,0,0,0,0,0,0,2,0.6509357200976403,16
3,473,0,0,0,0,0,0,0,1,0.6509357200976403,17
3,473,0,0,0,0,0,0,0,2,0.6509357200976403,17
3,474,0,0,0,0,0,0,0,1,0.6509357200976403,18
3,474,0,0,0,0,0,0,0,2,0.6509357200976403,18
3,475,0,0,0,0,0,0,0,1,0.6509357200976403,19
3,475,0,0,0,0,0,0,0,2,0.6509357200976403,19
3,476,0,0,0,0,0,0,0,1,0.6509357200976403,20
3,476,0,0,0,0,0,0,0,2,0.6509357200976403,20
3,477,0,0,0,0,0,0,0,1,0.6509357200976403,21
3,477,0,0,0,0,0,0,0,2,0.6509357200976403,21
3,478,0,0,0,0,0,0,0,1,0.6509357200976403,22
3,478,0,0,0,0,0,0,0,2,0.6509357200976403,22
3,479,0,0,0,0,0,0,0,1,0.6509357200976403,23
3,479,0,0,0,0,0,0,0,2,0.6509357200976403,23
3,480,0,0,0,0,0,0,0,1,0.6509357200976403,0
3,480,0,0,0,0,0,0,0,2,0.6509357200976403,0
3,481,0,0,0,0,0,0,0,1,0.6509357200976403,1
3,481,0,0,0,0,0,0,0,2,0.6509357200976403,1
3,482,0,0,0,0,0,0,0,1,0.6509357200976403,2
3,482,0,0,0,0,0,0,0,2,0.6509357200976403,2
3,483,0,0,0,0,0,0,0,1,0.6509357200976403,3
3,483,0,0,0,0,0,0,0,2,0.6509357200976403,3
3,484,0,0,0,0,0,0,0,1,0.6509357200976403,4
3,484,0,0,0,0,0,0,0,2,0.6509357200976403,4
3,485,0,0,0,0,0,0,0,1,0.6509357200976403,5
3,485,0,0,0,0,0,0,0,2,0.6509357200976403,5
3,486,0,0,0,0,0,0,0,1,0.6509357200976403,6
3,486,0,0,0,0,0,0,0,2,0.6509357200976403,6
3,487,0,0,0,0,0,0,0,1,0.6509357200976403,7
3,487,0,0,0,0,0,0,0,2,0.6509357200976403,7
3,488,0,0,0,0,0,0,0,1,0.6509357200976403,8
3,488,0,0,0,0,0,0,0,2,0.6509357200976403,8
3,489,0,0,0,0,0,0,0,1,0.6509357200976403,9
3,489,0,0,0,0,0,0,0,2,0.6509357200976403,9
3,490,0,0,0,0,0,0,0,1,0.6509357200976403,10
3,490,0,0,0,0,0,0,0,2,0.6509357200976403,10
3,491,0,0,0,0,0,0,0,1,0.6509357200976403,11
3,491,0,0,0,0,0,0,0,2,0.6509357200976403,11
3,492,0,0,0,0,0,0,0,1,0.6509357200976403,12
3,492,0,0,0,0,0,0,0,2,0.6509357200976403,12
3,493,0,0,0,0,0,0,0,1,0.6509357200976403,13
3,493,0,0,0,0,0,0,0,2,0.6509357200976403,13
3,494,0,0,0,0,0,0,0,1,0.6509357200976403,14
3,494,0,0,0,0,0,0,0,2,0.6509357200976403,14
3,495,0,0,0,0,0,0,0,1,0.6509357200976403,15
3,495,0,0,0,0,0,0,0,2,0.6509357200976403,15
3,496,0,0,0,0,0,0,0,1,0.6509357200976403,16
3,496,0,0,0,0,0,0,0,2,0.6509357200976403,16
3,497,0,0,0,0,0,0,0,1,0.6509357200976403,17
3,497,0,0,0,0,0,0,0,2,0.6509357200976403,17
3,498,0,0,0,0,0,0,0,1,0.6509357200976403,18
3,498,0,0,0,0,0,0,0,2,0.6509357200976403,18
3,499,0,0,0,0,0,0,0,1,0.6509357200976403,19
3,499,0,0,0,0,0,0,0,2,0.6509357200976403,19
3,500,0,0,0,0,0,0,0,1,0.6509357200976403,20
3,500,0,0,0,0,0,0,0,2,0.6509357200976403,20
3,501,0,0,0,0,0,0,0,1,0.6509357200976403,21
3,501,0,0,0,0,0,0,0,2,0.6509357200976403,21
3,502,0,0,0,0,0,0,0,1,0.6509357200976403,22
3,502,0,0,0,0,0,0,0,2,0.6509357200976403,22
3,503,0,0,0,0,0,0,0,1,0.6509357200976403,23
3,503,0,0,0,0,0,0,0,2,0.6509357200976403,23
3,504,0,0,0,0,0,0,0,1,0.6509357200976403,0
3,504,0,0,0,0,0,0,0,2,0.6509357200976403,0
3,505,0,0,0,0,0,0,0,1,0.6509357200976403,1
3,505,0,0,0,0,0,0,0,2,0.6509357200976403,1
3,506,0,0,0,0,0,0,0,1,0.6509357200976403,2
3,506,0,0,0,0,0,0,0,2,0.6509357200976403,2
3,507,0,0,0,0,0,0,0,1,0.6509357200976403,3
3,507,0,0,0,0,0,0,0,2,0.6509357200976403,3
3,508,0,0,0,0,0,0,0,1,0.6509357200976403,4
3,508,0,0,0,0,0,0,0,2,0.6509357200976403,4
3,509,0,0,0,0,0,0,0,1,0.6509357200976403,5
3,509,0,0,0,0,0,0,0,2,0.6509357200976403,5
3,510,0,0,0,0,0,0,0,1,0.6509357200976403,6
3,510,0,0,0,0,0,0,0,2,0.6509357200976403,6
3,511,0,0,0,0,0,0,0,1,0.6509357200976403,7
3,511,0,0,0,0,0,0,0,2,0.6509357200976403,7
3,512,0,0,0,0,0,0,0,1,0.6509357200976403,8
3,512,0,0,0,0,0,0,0,2,0.6509357200976403,8
3,513,0,0,0,0,0,0,0,1,0.6509357200976403,9
3,513,0,0,0,0,0,0,0,2,0.6509357200976403,9
3,514,0,0,0,0,0,0,0,1,0.6509357200976403,10
3,514,0,0,0,0,0,0,0,2,0.6509357200976403,10
3,515,0,0,0,0,0,0,0,1,0.6509357200976403,11
3,515,0,0,0,0,0,0,0,2,0.6509357200976403,11
3,516,0,0,0,0,0,0,0,1,0.6509357200976403,12
3,516,0,0,0,0,0,0,0,2,0.6509357200976403,12
3,517,0,0,0,0,0,0,0,1,0.6509357200976403,13
3,517,0,0,0,0,0,0,0,2,0.6509357200976403,13
3,518,0,0,0,0,0,0,0,1,0.6509357200976403,14
3,518,0,0,0,0,0,0,0,2,0.6509357200976403,14
3,519,0,0,0,0,0,0,0,1,0.6509357200976403,15
3,519,0,0,0,0,0,0,0,2,0.6509357200976403,15
3,520,0,0,0,0,0,0,0,1,0.6509357200976403,16
3,520,0,0,0,0,0,0,0,2,0.6509357200976403,16
3,521,0,0,0,0,0,0,0,1,0.6509357200976403,17
3,521,0,0,0,0,0,0,0,2,0.6509357200976403,17
3,522,0,0,0,0,0,0,0,1,0.6509357200976403,18
3,522,0,0,0,0,0,0,0,2,0.6509357200976403,18
3,523,0,0,0,0,0,0,0,1,0.6509357200976403,19
3,523,0,0,0,0,0,0,0,2,0.6509357200976403,19
3,524,0,0,0,0,0,0,0,1,0.6509357200976403,20
3,524,0,0,0,0,0,0,0,2,0.6509357200976403,20
3,525,0,0,0,0,0,0,0,1,0.6509357200976403,21
3,525,0,0,0,0,0,0,0,2,0.6509357200976403,21
3,526,0,0,0,0,0,0,0,1,0.6509357200976403,22
3,526,0,0,0,0,0,0,0,2,0.6509357200976403,22
3,527,0,0,0,0,0,0,0,1,0.6509357200976403,23
3,527,0,0,0,0,0,0,0,2,0.6509357200976403,23
3,528,0,0,0,0,0,0,0,1,0.6509357200976403,0
3,528,0,0,0,0,0,0,0,2,0.6509357200976403,0
3,529,0,0,0,0,0,0,0,1,0.6509357200976403,1
3,529,0,0,0,0,0,0,0,2,0.6509357200976403,1
3,530,0,0,0,0,0,0,0,1,0.6509357200976403,2
3,530,0,0,0,0,0,0,0,2,0.6509357200976403,2
3,531,0,0,0,0,0,0,0,1,0.6509357200976403,3
3,531,0,0,0,0,0,0,0,2,0.6509357200976403,3
3,532,0,0,0,0,0,0,0,1,0.6509357200976403,4
3,532,0,0,0,0,0,0,0,2,0.6509357200976403,4
3,533,0,0,0,0,0,0,0,1,0.6509357200976403,5
3,533,0,0,0,0,0,0,0,2,0.6509357200976403,5
3,534,0,0,0,0,0,0,0,1,0.6509357200976403,6
3,534,0,0,0,0,0,0,0,2,0.6509357200976403,6
3,535,0,0,0,0,0,0,0,1,0.6509357200976403,7
3,535,0,0,0,0,0,0,0,2,0.6509357200976403,7
3,536,0,0,0,0,0,0,0,1,0.6509357200976403,8
3,536,0,0,0,0,0,0,0,2,0.6509357200976403,8
3,537,0,0,0,0,0,0,0,1,0.6509357200976403,9
3,537,0,0,0,0,0,0,0,2,0.6509357200976403,9
3,538,0,0,0,0,0,0,0,1,0.6509357200976403,10
3,538,0,0,0,0,0,0,0,2,0.6509357200976403,10
3,539,0,0,0,0,0,0,0,1,0.6509357200976403,11
3,539,0,0,0,0,0,0,0,2,0.6509357200976403,11
3,540,0,0,0,0,0,0,0,1,0.6509357200976403,12
3,540,0,0,0,0,0,0,0,2,0.6509357200976403,12
3,541,0,0,0,0,0,0,0,1,0.6509357200976403,13
3,541,0,0,0,0,0,0,0,2,0.6509357200976403,13
3,542,0,0,0,0,0,0,0,1,0.6509357200976403,14
3,542,0,0,0,0,0,0,0,2,0.6509357200976403,14
3,543,0,0,0,0,0,0,0,1,0.6509357200976403,15
3,543,0,0,0,0,0,0,0,2,0.6509357200976403,15
3,544,0,0,0,0,0,0,0,1,0.6509357200976403,16
3,544,0,0,0,0,0,0,0,2,0.6509357200976403,16
3,545,0,0,0,0,0,0,0,1,0.6509357200976403,17
3,545,0,0,0,0,0,0,0,2,0.6509357200976403,17
3,546,0,0,0,0,0,0,0,1,0.6509357200976403,18
3,546,0,0,0,0,0,0,0,2,0.6509357200976403,18
3,547,0,0,0,0,0,0,0,1,0.6509357200976403,19
3,547,0,0,0,0,0,0,0,2,0.6509357200976403,19
3,548,0,0,0,0,0,0,0,1,0.6509357200976403,20
3,548,0,0,0,0,0,0,0,2,0.6509357200976403,20
3,549,0,0,0,0,0,0,0,1,0.6509357200976403,21
3,549,0,0,0,0,0,0,0,2,0.6509357200976403,21
3,550,0,0,0,0,0,0,0,1,0.6509357200976403,22
3,550,0,0,0,0,0,0,0,2,0.6509357200976403,22
3,551,0,0,0,0,0,0,0,1,0.6509357200976403,23
3,551,0,0,0,0,0,0,0,2,0.6509357200976403,23
3,552,0,0,0,0,0,0,0,1,0.6509357200976403,0
3,552,0,0,0,0,0,0,0,2,0.6509357200976403,0
3,553,0,0,0,0,0,0,0,1,0.6509357200976403,1
3,553,0,0,0,0,0,0,0,2,0.6509357200976403,1
3,554,0,0,0,0,0,0,0,1,0.6509357200976403,2
3,554,0,0,0,0,0,0,0,2,0.6509357200976403,2
3,555,0,0,0,0,0,0,0,1,0.6509357200976403,3
3,555,0,0,0,0,0,0,0,2,0.6509357200976403,3
3,556,0,0,0,0,0,0,0,1,0.6509357200976403,4
3,556,0,0,0,0,0,0,0,2,0.6509357200976403,4
3,557,0,0,0,0,0,0,0,1,0.6509357200976403,5
3,557,0,0,0,0,0,0,0,2,0.6509357200976403,5
3,558,0,0,0,0,0,0,0,1,0.6509357200976403,6
3,558,0,0,0,0,0,0,0,2,0.6509357200976403,6
3,559,0,0,0,0,0,0,0,1,0.6509357200976403,7
3,559,0,0,0,0,0,0,0,2,0.6509357200976403,7
3,560,0,0,0,0,0,0,0,1,0.6509357200976403,8
3,560,0,0,0,0,0,0,0,2,0.6509357200976403,8
3,561,0,0,0,0,0,0,0,1,0.6509357200976403,9
3,561,0,0,0,0,0,0,0,2,0.6509357200976403,9
3,562,0,0,0,0,0,0,0,1,0.6509357200976403,10
3,562,0,0,0,0,0,0,0,2,0.6509357200976403,10
3,563,0,0,0,0,0,0,0,1,0.6509357200976403,11
3,563,0,0,0,0,0,0,0,2,0.6509357200976403,11
3,564,0,0,0,0,0,0,0,1,0.6509357200976403,12
3,564,0,0,0,0,0,0,0,2,0.6509357200976403,12
3,565,0,0,0,0,0,0,0,1,0.6509357200976403,13
3,565,0,0,0,0,0,0,0,2,0.6509357200976403,13
3,566,0,0,0,0,0,0,0,1,0.6509357200976403,14
3,566,0,0,0,0,0,0,0,2,0.6509357200976403,14
3,567,0,0,0,0,0,0,0,1,0.6509357200976403,15
3,567,0,0,0,0,0,0,0,2,0.6509357200976403,15
3,568,0,0,0,0,0,0,0,1,0.6509357200976403,16
3,568,0,0,0,0,0,0,0,2,0.6509357200976403,16
3,569,0,0,0,0,0,0,0,1,0.6509357200976403,17
3,569,0,0,0,0,0,0,0,2,0.6509357200976403,17
3,570,0,0,0,0,0,0,0,1,0.6509357200976403,18
3,570,0,0,0,0,0,0,0,2,0.6509357200976403,18
3,571,0,0,0,0,0,0,0,1,0.6509357200976403,19
3,571,0,0,0,0,0,0,0,2,0.6509357200976403,19
3,572,0,0,0,0,0,0,0,1,0.6509357200976403,20
3,572,0,0,0,0,0,0,0,2,0.6509357200976403,20
3,573,0,0,0,0,0,0,0,1,0.6509357200976403,21
3,573,0,0,0,0,0,0,0,2,0.6509357200976403,21
3,574,0,0,0,0,0,0,0,1,0.6509357200976403,22
3,574,0,0,0,0,0,0,0,2,0.6509357200976403,22
3,575,0,0,0,0,0,0,0,1,0.6509357200976403,23
3,575,0,0,0,0,0,0,0,2,0.6509357200976403,23
3,576,0,0,0,0,0,0,0,1,0.6509357200976403,0
3,576,0,0,0,0,0,0,0,2,0.6509357200976403,0
3,577,0,0,0,0,0,0,0,1,0.6509357200976403,1
3,577,0,0,0,0,0,0,0,2,0.6509357200976403,1
3,578,0,0,0,0,0,0,0,1,0.6509357200976403,2
3,578,0,0,0,0,0,0,0,2,0.6509357200976403,2
3,579,0,0,0,0,0,0,0,1,0.6509357200976403,3
3,579,0,0,0,0,0,0,0,2,0.6509357200976403,3
3,580,0,0,0,0,0,0,0,1,0.6509357200976403,4
3,580,0,0,0,0,0,0,0,2,0.6509357200976403,4
3,581,0,0,0,0,0,0,0,1,0.6509357200976403,5
3,581,0,0,0,0,0,0,0,2,0.6509357200976403,5
3,582,0,0,0,0,0,0,0,1,0.6509357200976403,6
3,582,0,0,0,0,0,0,0,2,0.6509357200976403,6
3,583,0,0,0,0,0,0,0,1,0.6509357200976403,7
3,583,0,0,0,0,0,0,0,2,0.6509357200976403,7
3,584,0,0,0,0,0,0,0,1,0.6509357200976403,8
3,584,0,0,0,0,0,0,0,2,0.6509357200976403,8
3,585,0,0,0,0,0,0,0,1,0.6509357200976403,9
3,585,0,0,0,0,0,0,0,2,0.6509357200976403,9
3,586,0,0,0,0,0,0,0,1,0.6509357200976403,10
3,586,0,0,0,0,0,0,0,2,0.6509357200976403,10
3,587,0,0,0,0,0,0,0,1,0.6509357200976403,11
3,587,0,0,0,0,0,0,0,2,0.6509357200976403,11
3,588,0,0,0,0,0,0,0,1,0.6509357200976403,12
3,588,0,0,0,0,0,0,0,2,0.6509357200976403,12
3,589,0,0,0,0,0,0,0,1,0.6509357200976403,13
3,589,0,0,0,0,0,0,0,2,0.6509357200976403,13
3,590,0,0,0,0,0,0,0,1,0.6509357200976403,14
3,590,0,0,0,0,0,0,0,2,0.6509357200976403,14
3,591,0,0,0,0,0,0,0,1,0.6509357200976403,15
3,591,0,0,0,0,0,0,0,2,0.6509357200976403,15
3,592,0,0,0,0,0,0,0,1,0.6509357200976403,16
3,592,0,0,0,0,0,0,0,2,0.6509357200976403,16
3,593,0,0,0,0,0,0,0,1,0.6509357200976403,17
3,593,0,0,0,0,0,0,0,2,0.6509357200976403,17
3,594,0,0,0,0,0,0,0,1,0.6509357200976403,18
3,594,0,0,0,0,0,0,0,2,0.6509357200976403,18
3,595,0,0,0,0,0,0,0,1,0.6509357200976403,19
3,595,0,0,0,0,0,0,0,2,0.6509357200976403,19
3,596,0,0,0,0,0,0,0,1,0.6509357200976403,20
3,596,0,0,0,0,0,0,0,2,0.6509357200976403,20
3,597,0,0,0,0,0,0,0,1,0.6509357200976403,21
3,597,0,0,0,0,0,0,0,2,0.6509357200976403,21
3,598,0,0,0,0,0,0,0,1,0.6509357200976403,22
3,598,0,0,0,0,0,0,0,2,0.6509357200976403,22
3,599,0,0,0,0,0,0,0,1,0.6509357200976403,23
3,599,0,0,0,0,0,0,0,2,0.6509357200976403,23
3,600,0,0,0,0,0,0,0,1,0.6509357200976403,0
3,600,0,0,0,0,0,0,0,2,0.6509357200976403,0
3,601,0,0,0,0,0,0,0,1,0.6509357200976403,1
3,601,0,0,0,0,0,0,0,2,0.6509357200976403,1
3,602,0,0,0,0,0,0,0,1,0.6509357200976403,2
3,602,0,0,0,0,0,0,0,2,0.6509357200976403,2
3,603,0,0,0,0,0,0,0,1,0.6509357200976403,3
3,603,0,0,0,0,0,0,0,2,0.6509357200976403,3
3,604,0,0,0,0,0,0,0,1,0.6509357200976403,4
3,604,0,0,0,0,0,0,0,2,0.6509357200976403,4
3,605,0,0,0,0,0,0,0,1,0.6509357200976403,5
3,605,0,0,0,0,0,0,0,2,0.6509357200976403,5
3,606,0,0,0,0,0,0,0,1,0.6509357200976403,6
3,606,0,0,0,0,0,0,0,2,0.6509357200976403,6
3,607,0,0,0,0,0,0,0,1,0.6509357200976403,7
3,607,0,0,0,0,0,0,0,2,0.6509357200976403,7
3,608,0,0,0,0,0,0,0,1,0.6509357200976403,8
3,608,0,0,0,0,0,0,0,2,0.6509357200976403,8
3,609,0,0,0,0,0,0,0,1,0.6509357200976403,9
3,609,0,0,0,0,0,0,0,2,0.6509357200976403,9
3,610,0,0,0,0,0,0,0,1,0.6509357200976403,10
3,610,0,0,0,0,0,0,0,2,0.6509357200976403,10
3,611,0,0,0,0,0,0,0,1,0.6509357200976403,11
3,611,0,0,0,0,0,0,0,2,0.6509357200976403,11
3,612,0,0,0,0,0,0,0,1,0.6509357200976403,12
3,612,0,0,0,0,0,0,0,2,0.6509357200976403,12
3,613,0,0,0,0,0,0,0,1,0.6509357200976403,13
3,613,0,0,0,0,0,0,0,2,0.6509357200976403,13
3,614,0,0,0,0,0,0,0,1,0.6509357200976403,14
3,614,0,0,0,0,0,0,0,2,0.6509357200976403,14
3,615,0,0,0,0,0,0,0,1,0.6509357200976403,15
3,615,0,0,0,0,0,0,0,2,0.6509357200976403,15
3,616,0,0,0,0,0,0,0,1,0.6509357200976403,16
3,616,0,0,0,0,0,0,0,2,0.6509357200976403,16
3,617,0,0,0,0,0,0,0,1,0.6509357200976403,17
3,617,0,0,0,0,0,0,0,2,0.6509357200976403,17
3,618,0,0,0,0,0,0,0,1,0.6509357200976403,18
3,618,0,0,0,0,0,0,0,2,0.6509357200976403,18
3,619,0,0,0,0,0,0,0,1,0.6509357200976403,19
3,619,0,0,0,0,0,0,0,2,0.6509357200976403,19
3,620,0,0,0,0,0,0,0,1,0.6509357200976403,20
3,620,0,0,0,0,0,0,0,2,0.6509357200976403,20
3,621,0,0,0,0,0,0,0,1,0.6509357200976403,21
3,621,0,0,0,0,0,0,0,2,0.6509357200976403,21
3,622,0,0,0,0,0,0,0,1,0.6509357200976403,22
3,622,0,0,0,0,0,0,0,2,0.6509357200976403,22
3,623,0,0,0,0,0,0,0,1,0.6509357200976403,23
3,623,0,0,0,0,0,0,0,2,0.6509357200976403,23
3,624,0,0,0,0,0,0,0,1,0.6509357200976403,0
3,624,0,0,0,0,0,0,0,2,0.6509357200976403,0
3,625,0,0,0,0,0,0,0,1,0.6509357200976403,1
3,625,0,0,0,0,0,0,0,2,0.6509357200976403,1
3,626,0,0,0,0,0,0,0,1,0.6509357200976403,2
3,626,0,0,0,0,0,0,0,2,0.6509357200976403,2
3,627,0,0,0,0,0,0,0,1,0.6509357200976403,3
3,627,0,0,0,0,0,0,0,2,0.6509357200976403,3
3,628,0,0,0,0,0,0,0,1,0.6509357200976403,4
3,628,0,0,0,0,0,0,0,2,0.6509357200976403,4
3,629,0,0,0,0,0,0,0,1,0.6509357200976403,5
3,629,0,0,0,0,0,0,0,2,0.6509357200976403,5
3,630,0,0,0,0,0,0,0,1,0.6509357200976403,6
3,630,0,0,0,0,0,0,0,2,0.6509357200976403,6
3,631,0,0,0,0,0,0,0,1,0.6509357200976403,7
3,631,0,0,0,0,0,0,0,2,0.6509357200976403,7
3,632,0,0,0,0,0,0,0,1,0.6509357200976403,8
3,632,0,0,0,0,0,0,0,2,0.6509357200976403,8
3,633,0,0,0,0,0,0,0,1,0.6509357200976403,9
3,633,0,0,0,0,0,0,0,2,0.6509357200976403,9
3,634,0,0,0,0,0,0,0,1,0.6509357200976403,10
3,634,0,0,0,0,0,0,0,2,0.6509357200976403,10
3,635,0,0,0,0,0,0,0,1,0.6509357200976403,11
3,635,0,0,0,0,0,0,0,2,0.6509357200976403,11
3,636,0,0,0,0,0,0,0,1,0.6509357200976403,12
3,636,0,0,0,0,0,0,0,2,0.6509357200976403,12
3,637,0,0,0,0,0,0,0,1,0.6509357200976403,13
3,637,0,0,0,0,0,0,0,2,0.6509357200976403,13
3,638,0,0,0,0,0,0,0,1,0.6509357200976403,14
3,638,0,0,0,0,0,0,0,2,0.6509357200976403,14
3,639,0,0,0,0,0,0,0,1,0.6509357200976403,15
3,639,0,0,0,0,0,0,0,2,0.6509357200976403,15
3,640,0,0,0,0,0,0,0,1,0.6509357200976403,16
3,640,0,0,0,0,0,0,0,2,0.6509357200976403,16
3,641,0,0,0,0,0,0,0,1,0.6509357200976403,17
3,641,0,0,0,0,0,0,0,2,0.6509357200976403,17
3,642,0,0,0,0,0,0,0,1,0.6509357200976403,18
3,642,0,0,0,0,0,0,0,2,0.6509357200976403,18
3,643,0,0,0,0,0,0,0,1,0.6509357200976403,19
3,643,0,0,0,0,0,0,0,2,0.6509357200976403,19
3,644,0,0,0,0,0,0,0,1,0.6509357200976403,20
3,644,0,0,0,0,0,0,0,2,0.6509357200976403,20
3,645,0,0,0,0,0,0,0,1,0.6509357200976403,21
3,645,0,0,0,0,0,0,0,2,0.6509357200976403,21
3,646,0,0,0,0,0,0,0,1,0.6509357200976403,22
3,646,0,0,0,0,0,0,0,2,0.6509357200976403,22
3,647,0,0,0,0,0,0,0,1,0.6509357200976403,23
3,647,0,0,0,0,0,0,0,2,0.6509357200976403,23
3,648,0,0,0,0,0,0,0,1,0.6509357200976403,0
3,648,0,0,0,0,0,0,0,2,0.6509357200976403,0
3,649,0,0,0,0,0,0,0,1,0.6509357200976403,1
3,649,0,0,0,0,0,0,0,2,0.6509357200976403,1
3,650,0,0,0,0,0,0,0,1,0.6509357200976403,2
3,650,0,0,0,0,0,0,0,2,0.6509357200976403,2
3,651,0,0,0,0,0,0,0,1,0.6509357200976403,3
3,651,0,0,0,0,0,0,0,2,0.6509357200976403,3
3,652,0,0,0,0,0,0,0,1,0.6509357200976403,4
3,652,0,0,0,0,0,0,0,2,0.6509357200976403,4
3,653,0,0,0,0,0,0,0,1,0.6509357200976403,5
3,653,0,0,0,0,0,0,0,2,0.6509357200976403,5
3,654,0,0,0,0,0,0,0,1,0.6509357200976403,6
3,654,0,0,0,0,0,0,0,2,0.6509357200976403,6
3,655,0,0,0,0,0,0,0,1,0.6509357200976403,7
3,655,0,0,0,0,0,0,0,2,0.6509357200976403,7
3,656,0,0,0,0,0,0,0,1,0.6509357200976403,8
3,656,0,0,0,0,0,0,0,2,0.6509357200976403,8
3,657,0,0,0,0,0,0,0,1,0.6509357200976403,9
3,657,0,0,0,0,0,0,0,2,0.6509357200976403,9
3,658,0,0,0,0,0,0,0,1,0.6509357200976403,10
3,658,0,0,0,0,0,0,0,2,0.6509357200976403,10
3,659,0,0,0,0,0,0,0,1,0.6509357200976403,11
3,659,0,0,0,0,0,0,0,2,0.6509357200976403,11
3,660,0,0,0,0,0,0,0,1,0.6509357200976403,12
3,660,0,0,0,0,0,0,0,2,0.6509357200976403,12
3,661,0,0,0,0,0,0,0,1,0.6509357200976403,13
3,661,0,0,0,0,0,0,0,2,0.6509357200976403,13
3,662,0,0,0,0,0,0,0,1,0.6509357200976403,14
3,662,0,0,0,0,0,0,0,2,0.6509357200976403,14
3,663,0,0,0,0,0,0,0,1,0.6509357200976403,15
3,663,0,0,0,0,0,0,0,2,0.6509357200976403,15
3,664,0,0,0,0,0,0,0,1,0.6509357200976403,16
3,664,0,0,0,0,0,0,0,2,0.6509357200976403,16
3,665,0,0,0,0,0,0,0,1,0.6509357200976403,17
3,665,0,0,0,0,0,0,0,2,0.6509357200976403,17
3,666,0,0,0,0,0,0,0,1,0.6509357200976403,18
3,666,0,0,0,0,0,0,0,2,0.6509357200976403,18
3,667,0,0,0,0,0,0,0,1,0.6509357200976403,19
3,667,0,0,0,0,0,0,0,2,0.6509357200976403,19
3,668,0,0,0,0,0,0,0,1,0.6509357200976403,20
3,668,0,0,0,0,0,0,0,2,0.6509357200976403,20
3,669,0,0,0,0,0,0,0,1,0.6509357200976403,21
3,669,0,0,0,0,0,0,0,2,0.6509357200976403,21
3,670,0,0,0,0,0,0,0,1,0.6509357200976403,22
3,670,0,0,0,0,0,0,0,2,0.6509357200976403,22
3,671,0,0,0,0,0,0,0,1,0.6509357200976403,23
3,671,0,0,0,0,0,0,0,2,0.6509357200976403,23
3,672,0,0,0,0,0,0,0,1,0.6509357200976403,0
3,672,0,0,0,0,0,0,0,2,0.6509357200976403,0
3,672,0,0,0,0,0,0,0,1,0.6509357200976403,0
3,672,0,0,0,0,0,0,0,2,0.6509357200976403,0
3,673,0,0,0,0,0,0,0,1,0.6509357200976403,1
3,673,0,0,0,0,0,0,0,2,0.6509357200976403,1
3,674,0,0,0,0,0,0,0,1,0.6509357200976403,2
3,674,0,0,0,0,0,0,0,2,0.6509357200976403,2
3,675,0,0,0,0,0,0,0,1,0.6509357200976403,3
3,675,0,0,0,0,0,0,0,2,0.6509357200976403,3
3,676,0,0,0,0,0,0,0,1,0.6509357200976403,4
3,676,0,0,0,0,0,0,0,2,0.6509357200976403,4
3,677,0,0,0,0,0,0,0,1,0.6509357200976403,5
3,677,0,0,0,0,0,0,0,2,0.6509357200976403,5
3,678,0,0,0,0,0,0,0,1,0.6509357200976403,6
3,678,0,0,0,0,0,0,0,2,0.6509357200976403,6
3,679,0,0,0,0,0,0,0,1,0.6509357200976403,7
3,679,0,0,0,0,0,0,0,2,0.6509357200976403,7
3,680,0,0,0,0,0,0,0,1,0.6509357200976403,8
3,680,0,0,0,0,0,0,0,2,0.6509357200976403,8
3,681,0,0,0,0,0,0,0,1,0.6509357200976403,9
3,681,0,0,0,0,0,0,0,2,0.6509357200976403,9
3,682,0,0,0,0,0,0,0,1,0.6509357200976403,10
3,682,0,0,0,0,0,0,0,2,0.6509357200976403,10
3,683,0,0,0,0,0,0,0,1,0.6509357200976403,11
3,683,0,0,0,0,0,0,0,2,0.6509357200976403,11
3,684,0,0,0,0,0,0,0,1,0.6509357200976403,12
3,684,0,0,0,0,0,0,0,2,0.6509357200976403,12
3,685,0,0,0,0,0,0,0,1,0.6509357200976403,13
3,685,0,0,0,0,0,0,0,2,0.6509357200976403,13
3,686,0,0,0,0,0,0,0,1,0.6509357200976403,14
3,686,0,0,0,0,0,0,0,2,0.6509357200976403,14
3,687,0,0,0,0,0,0,0,1,0.6509357200976403,15
3,687,0,0,0,0,0,0,0,2,0.6509357200976403,15
3,688,0,0,0,0,0,0,0,1,0.6509357200976403,16
3,688,0,0,0,0,0,0,0,2,0.6509357200976403,16
3,689,0,0,0,0,0,0,0,1,0.6509357200976403,17
3,689,0,0,0,0,0,0,0,2,0.6509357200976403,17
3,690,0,0,0,0,0,0,0,1,0.6509357200976403,18
3,690,0,0,0,0,0,0,0,2,0.6509357200976403,18
3,691,0,0,0,0,0,0,0,1,0.6509357200976403,19
3,691,0,0,0,0,0,0,0,2,0.6509357200976403,19
3,692,0,0,0,0,0,0,0,1,0.6509357200976403,20
3,692,0,0,0,0,0,0,0,2,0.6509357200976403,20
3,693,0,0,0,0,0,0,0,1,0.6509357200976403,21
3,693,0,0,0,0,0,0,0,2,0.6509357200976403,21
3,694,0,0,0,0,0,0,0,1,0.6509357200976403,22
3,694,0,0,0,0,0,0,0,2,0.6509357200976403,22
3,695,0,0,0,0,0,0,0,1,0.6509357200976403,23
3,695,0,0,0,0,0,0,0,2,0.6509357200976403,23
3,696,0,0,0,0,0,0,0,1,0.6509357200976403,0
3,696,0,0,0,0,0,0,0,2,0.6509357200976403,0
3,697,0,0,0,0,0,0,0,1,0.6509357200976403,1
3,697,0,0,0,0,0,0,0,2,0.6509357200976403,1
3,698,0,0,0,0,0,0,0,1,0.6509357200976403,2
3,698,0,0,0,0,0,0,0,2,0.6509357200976403,2
3,699,0,0,0,0,0,0,0,1,0.6509357200976403,3
3,699,0,0,0,0,0,0,0,2,0.6509357200976403,3
3,700,0,0,0,0,0,0,0,1,0.6509357200976403,4
3,700,0,0,0,0,0,0,0,2,0.6509357200976403,4
3,701,0,0,0,0,0,0,0,1,0.6509357200976403,5
3,701,0,0,0,0,0,0,0,2,0.6509357200976403,5
3,702,0,0,0,0,0,0,0,1,0.6509357200976403,6
3,702,0,0,0,0,0,0,0,2,0.6509357200976403,6
3,703,0,0,0,0,0,0,0,1,0.6509357200976403,7
3,703,0,0,0,0,0,0,0,2,0.6509357200976403,7
3,704,0,0,0,0,0,0,0,1,0.6509357200976403,8
3,704,0,0,0,0,0,0,0,2,0.6509357200976403,8
3,705,0,0,0,0,0,0,0,1,0.6509357200976403,9
3,705,0,0,0,0,0,0,0,2,0.6509357200976403,9
3,706,0,0,0,0,0,0,0,1,0.6509357200976403,10
3,706,0,0,0,0,0,0,0,2,0.6509357200976403,10
3,707,0,0,0,0,0,0,0,1,0.6509357200976403,11
3,707,0,0,0,0,0,0,0,2,0.6509357200976403,11
3,708,0,0,0,0,0,0,0,1,0.6509357200976403,12
3,708,0,0,0,0,0,0,0,2,0.6509357200976403,12
3,709,0,0,0,0,0,0,0,1,0.6509357200976403,13
3,709,0,0,0,0,0,0,0,2,0.6509357200976403,13
3,710,0,0,0,0,0,0,0,1,0.6509357200976403,14
3,710,0,0,0,0,0,0,0,2,0.6509357200976403,14
3,711,0,0,0,0,0,0,0,1,0.6509357200976403,15
3,711,0,0,0,0,0,0,0,2,0.6509357200976403,15
3,712,0,0,0,0,0,0,0,1,0.6509357200976403,16
3,712,0,0,0,0,0,0,0,2,0.6509357200976403,16
3,713,0,0,0,0,0,0,0,1,0.6509357200976403,17
3,713,0,0,0,0,0,0,0,2,0.6509357200976403,17
3,714,0,0,0,0,0,0,0,1,0.6509357200976403,18
3,714,0,0,0,0,0,0,0,2,0.6509357200976403,18
3,715,0,0,0,0,0,0,0,1,0.6509357200976403,19
3,715,0,0,0,0,0,0,0,2,0.6509357200976403,19
3,716,0,0,0,0,0,0,0,1,0.6509357200976403,20
3,716,0,0,0,0,0,0,0,2,0.6509357200976403,20
3,717,0,0,0,0,0,0,0,1,0.6509357200976403,21
3,717,0,0,0,0,0,0,0,2,0.6509357200976403,21
3,718,0,0,0,0,0,0,0,1,0.6509357200976403,22
3,718,0,0,0,0,0,0,0,2,0.6509357200976403,22
3,719,0,0,0,0,0,0,0,1,0.6509357200976403,23
3,719,0,0,0,0,0,0,0,2,0.6509357200976403,23
3,720,0,0,0,0,0,0,0,1,0.6509357200976403,0
3,720,0,0,0,0,0,0,0,2,0.6509357200976403,0
3,721,0,0,0,0,0,0,0,1,0.6509357200976403,1
3,721,0,0,0,0,0,0,0,2,0.6509357200976403,1
3,722,0,0,0,0,0,0,0,1,0.6509357200976403,2
3,722,0,0,0,0,0,0,0,2,0.6509357200976403,2
3,723,0,0,0,0,0,0,0,1,0.6509357200976403,3
3,723,0,0,0,0,0,0,0,2,0.6509357200976403,3
3,724,0,0,0,0,0,0,0,1,0.6509357200976403,4
3,724,0,0,0,0,0,0,0,2,0.6509357200976403,4
3,725,0,0,0,0,0,0,0,1,0.6509357200976403,5
3,725,0,0,0,0,0,0,0,2,0.6509357200976403,5
3,726,0,0,0,0,0,0,0,1,0.6509357200976403,6
3,726,0,0,0,0,0,0,0,2,0.6509357200976403,6
3,727,0,0,0,0,0,0,0,1,0.6509357200976403,7
3,727,0,0,0,0,0,0,0,2,0.6509357200976403,7
3,728,0,0,0,0,0,0,0,1,0.6509357200976403,8
3,728,0,0,0,0,0,0,0,2,0.6509357200976403,8
3,729,0,0,0,0,0,0,0,1,0.6509357200976403,9
3,729,0,0,0,0,0,0,0,2,0.6509357200976403,9
3,730,0,0,0,0,0,0,0,1,0.6509357200976403,10
3,730,0,0,0,0,0,0,0,2,0.6509357200976403,10
3,731,0,0,0,0,0,0,0,1,0.6509357200976403,11
3,731,0,0,0,0,0,0,0,2,0.6509357200976403,11
3,732,0,0,0,0,0,0,0,1,0.6509357200976403,12
3,732,0,0,0,0,0,0,0,2,0.6509357200976403,12
3,733,0,0,0,0,0,0,0,1,0.6509357200976403,13
3,733,0,0,0,0,0,0,0,2,0.6509357200976403,13
3,734,0,0,0,0,0,0,0,1,0.6509357200976403,14
3,734,0,0,0,0,0,0,0,2,0.6509357200976403,14
3,735,0,0,0,0,0,0,0,1,0.6509357200976403,15
3,735,0,0,0,0,0,0,0,2,0.6509357200976403,15
3,736,0,0,0,0,0,0,0,1,0.6509357200976403,16
3,736,0,0,0,0,0,0,0,2,0.6509357200976403,16
3,737,0,0,0,0,0,0,0,1,0.6509357200976403,17
3,737,0,0,0,0,0,0,0,2,0.6509357200976403,17
3,738,0,0,0,0,0,0,0,1,0.6509357200976403,18
3,738,0,0,0,0,0,0,0,2,0.6509357200976403,18
3,739,0,0,0,0,0,0,0,1,0.6509357200976403,19
3,739,0,0,0,0,0,0,0,2,0.6509357200976403,19
3,740,0,0,0,0,0,0,0,1,0.6509357200976403,20
3,740,0,0,0,0,0,0,0,2,0.6509357200976403,20
3,741,0,0,0,0,0,0,0,1,0.6509357200976403,21
3,741,0,0,0,0,0,0,0,2,0.6509357200976403,21
3,742,0,0,0,0,0,0,0,1,0.6509357200976403,22
3,742,0,0,0,0,0,0,0,2,0.6509357200976403,22
3,743,0,0,0,0,0,0,0,1,0.6509357200976403,23
3,743,0,0,0,0,0,0,0,2,0.6509357200976403,23
3,744,0,0,0,0,0,0,0,1,0.6509357200976403,0
3,744,0,0,0,0,0,0,0,2,0.6509357200976403,0
3,745,0,0,0,0,0,0,0,1,0.6509357200976403,1
3,745,0,0,0,0,0,0,0,2,0.6509357200976403,1
3,746,0,0,0,0,0,0,0,1,0.6509357200976403,2
3,746,0,0,0,0,0,0,0,2,0.6509357200976403,2
3,747,0,0,0,0,0,0,0,1,0.6509357200976403,3
3,747,0,0,0,0,0,0,0,2,0.6509357200976403,3
3,748,0,0,0,0,0,0,0,1,0.6509357200976403,4
3,748,0,0,0,0,0,0,0,2,0.6509357200976403,4
3,749,0,0,0,0,0,0,0,1,0.6509357200976403,5
3,749,0,0,0,0,0,0,0,2,0.6509357200976403,5
3,750,0,0,0,0,0,0,0,1,0.6509357200976403,6
3,750,0,0,0,0,0,0,0,2,0.6509357200976403,6
3,751,0,0,0,0,0,0,0,1,0.6509357200976403,7
3,751,0,0,0,0,0,0,0,2,0.6509357200976403,7
3,752,0,0,0,0,0,0,0,1,0.6509357200976403,8
3,752,0,0,0,0,0,0,0,2,0.6509357200976403,8
3,753,0,0,0,0,0,0,0,1,0.6509357200976403,9
3,753,0,0,0,0,0,0,0,2,0.6509357200976403,9
3,754,0,0,0,0,0,0,0,1,0.6509357200976403,10
3,754,0,0,0,0,0,0,0,2,0.6509357200976403,10
3,755,0,0,0,0,0,0,0,1,0.6509357200976403,11
3,755,0,0,0,0,0,0,0,2,0.6509357200976403,11
3,756,0,0,0,0,0,0,0,1,0.6509357200976403,12
3,756,0,0,0,0,0,0,0,2,0.6509357200976403,12
3,757,0,0,0,0,0,0,0,1,0.6509357200976403,13
3,757,0,0,0,0,0,0,0,2,0.6509357200976403,13
3,758,0,0,0,0,0,0,0,1,0.6509357200976403,14
3,758,0,0,0,0,0,0,0,2,0.6509357200976403,14
3,759,0,0,0,0,0,0,0,1,0.6509357200976403,15
3,759,0,0,0,0,0,0,0,2,0.6509357200976403,15
3,760,0,0,0,0,0,0,0,1,0.6509357200976403,16
3,760,0,0,0,0,0,0,0,2,0.6509357200976403,16
3,761,0,0,0,0,0,0,0,1,0.6509357200976403,17
3,761,0,0,0,0,0,0,0,2,0.6509357200976403,17
3,762,0,0,0,0,0,0,0,1,0.6509357200976403,18
3,762,0,0,0,0,0,0,0,2,0.6509357200976403,18
3,763,0,0,0,0,0,0,0,1,0.6509357200976403,19
3,763,0,0,0,0,0,0,0,2,0.6509357200976403,19
3,764,0,0,0,0,0,0,0,1,0.6509357200976403,20
3,764,0,0,0,0,0,0,0,2,0.6509357200976403,20
3,765,0,0,0,0,0,0,0,1,0.6509357200976403,21
3,765,0,0,0,0,0,0,0,2,0.6509357200976403,21
3,766,0,0,0,0,0,0,0,1,0.6509357200976403,22
3,766,0,0,0,0,0,0,0,2,0.6509357200976403,22
3,767,0,0,0,0,0,0,0,1,0.6509357200976403,23
3,767,0,0,0,0,0,0,0,2,0.6509357200976403,23
3,768,0,0,0,0,0,0,0,1,0.6509357200976403,0
3,768,0,0,0,0,0,0,0,2,0.6509357200976403,0
3,769,0,0,0,0,0,0,0,1,0.6509357200976403,1
3,769,0,0,0,0,0,0,0,2,0.6509357200976403,1
3,770,0,0,0,0,0,0,0,1,0.6509357200976403,2
3,770,0,0,0,0,0,0,0,2,0.6509357200976403,2
3,771,0,0,0,0,0,0,0,1,0.6509357200976403,3
3,771,0,0,0,0,0,0,0,2,0.6509357200976403,3
3,772,0,0,0,0,0,0,0,1,0.6509357200976403,4
3,772,0,0,0,0,0,0,0,2,0.6509357200976403,4
3,773,0,0,0,0,0,0,0,1,0.6509357200976403,5
3,773,0,0,0,0,0,0,0,2,0.6509357200976403,5
3,774,0,0,0,0,0,0,0,1,0.6509357200976403,6
3,774,0,0,0,0,0,0,0,2,0.6509357200976403,6
3,775,0,0,0,0,0,0,0,1,0.6509357200976403,7
3,775,0,0,0,0,0,0,0,2,0.6509357200976403,7
3,776,0,0,0,0,0,0,0,1,0.6509357200976403,8
3,776,0,0,0,0,0,0,0,2,0.6509357200976403,8
3,777,0,0,0,0,0,0,0,1,0.6509357200976403,9
3,777,0,0,0,0,0,0,0,2,0.6509357200976403,9
3,778,0,0,0,0,0,0,0,1,0.6509357200976403,10
3,778,0,0,0,0,0,0,0,2,0.6509357200976403,10
3,779,0,0,0,0,0,0,0,1,0.6509357200976403,11
3,779,0,0,0,0,0,0,0,2,0.6509357200976403,11
3,780,0,0,0,0,0,0,0,1,0.6509357200976403,12
3,780,0,0,0,0,0,0,0,2,0.6509357200976403,12
3,781,0,0,0,0,0,0,0,1,0.6509357200976403,13
3,781,0,0,0,0,0,0,0,2,0.6509357200976403,13
3,782,0,0,0,0,0,0,0,1,0.6509357200976403,14
3,782,0,0,0,0,0,0,0,2,0.6509357200976403,14
3,783,0,0,0,0,0,0,0,1,0.6509357200976403,15
3,783,0,0,0,0,0,0,0,2,0.6509357200976403,15
3,784,0,0,0,0,0,0,0,1,0.6509357200976403,16
3,784,0,0,0,0,0,0,0,2,0.6509357200976403,16
3,785,0,0,0,0,0,0,0,1,0.6509357200976403,17
3,785,0,0,0,0,0,0,0,2,0.6509357200976403,17
3,786,0,0,0,0,0,0,0,1,0.6509357200976403,18
3,786,0,0,0,0,0,0,0,2,0.6509357200976403,18
3,787,0,0,0,0,0,0,0,1,0.6509357200976403,19
3,787,0,0,0,0,0,0,0,2,0.6509357200976403,19
3,788,0,0,0,0,0,0,0,1,0.6509357200976403,20
3,788,0,0,0,0,0,0,0,2,0.6509357200976403,20
3,789,0,0,0,0,0,0,0,1,0.6509357200976403,21
3,789,0,0,0,0,0,0,0,2,0.6509357200976403,21
3,790,0,0,0,0,0,0,0,1,0.6509357200976403,22
3,790,0,0,0,0,0,0,0,2,0.6509357200976403,22
3,791,0,0,0,0,0,0,0,1,0.6509357200976403,23
3,791,0,0,0,0,0,0,0,2,0.6509357200976403,23
3,792,0,0,0,0,0,0,0,1,0.6509357200976403,0
3,792,0,0,0,0,0,0,0,2,0.6509357200976403,0
3,793,0,0,0,0,0,0,0,1,0.6509357200976403,1
3,793,0,0,0,0,0,0,0,2,0.6509357200976403,1
3,794,0,0,0,0,0,0,0,1,0.6509357200976403,2
3,794,0,0,0,0,0,0,0,2,0.6509357200976403,2
3,795,0,0,0,0,0,0,0,1,0.6509357200976403,3
3,795,0,0,0,0,0,0,0,2,0.6509357200976403,3
3,796,0,0,0,0,0,0,0,1,0.6509357200976403,4
3,796,0,0,0,0,0,0,0,2,0.6509357200976403,4
3,797,0,0,0,0,0,0,0,1,0.6509357200976403,5
3,797,0,0,0,0,0,0,0,2,0.6509357200976403,5
3,798,0,0,0,0,0,0,0,1,0.6509357200976403,6
3,798,0,0,0,0,0,0,0,2,0.6509357200976403,6
3,799,0,0,0,0,0,0,0,1,0.6509357200976403,7
3,799,0,0,0,0,0,0,0,2,0.6509357200976403,7
3,800,0,0,0,0,0,0,0,1,0.6509357200976403,8
3,800,0,0,0,0,0,0,0,2,0.6509357200976403,8
3,801,0,0,0,0,0,0,0,1,0.6509357200976403,9
3,801,0,0,0,0,0,0,0,2,0.6509357200976403,9
3,802,0,0,0,0,0,0,0,1,0.6509357200976403,10
3,802,0,0,0,0,0,0,0,2,0.6509357200976403,10
3,803,0,0,0,0,0,0,0,1,0.6509357200976403,11
3,803,0,0,0,0,0,0,0,2,0.6509357200976403,11
3,804,0,0,0,0,0,0,0,1,0.6509357200976403,12
3,804,0,0,0,0,0,0,0,2,0.6509357200976403,12
3,805,0,0,0,0,0,0,0,1,0.6509357200976403,13
3,805,0,0,0,0,0,0,0,2,0.6509357200976403,13
3,806,0,0,0,0,0,0,0,1,0.6509357200976403,14
3,806,0,0,0,0,0,0,0,2,0.6509357200976403,14
3,807,0,0,0,0,0,0,0,1,0.6509357200976403,15
3,807,0,0,0,0,0,0,0,2,0.6509357200976403,15
3,808,0,0,0,0,0,0,0,1,0.6509357200976403,16
3,808,0,0,0,0,0,0,0,2,0.6509357200976403,16
3,809,0,0,0,0,0,0,0,1,0.6509357200976403,17
3,809,0,0,0,0,0,0,0,2,0.6509357200976403,17
3,810,0,0,0,0,0,0,0,1,0.6509357200976403,18
3,810,0,0,0,0,0,0,0,2,0.6509357200976403,18
3,811,0,0,0,0,0,0,0,1,0.6509357200976403,19
3,811,0,0,0,0,0,0,0,2,0.6509357200976403,19
3,812,0,0,0,0,0,0,0,1,0.6509357200976403,20
3,812,0,0,0,0,0,0,0,2,0.6509357200976403,20
3,813,0,0,0,0,0,0,0,1,0.6509357200976403,21
3,813,0,0,0,0,0,0,0,2,0.6509357200976403,21
3,814,0,0,0,0,0,0,0,1,0.6509357200976403,22
3,814,0,0,0,0,0,0,0,2,0.6509357200976403,22
3,815,0,0,0,0,0,0,0,1,0.6509357200976403,23
3,815,0,0,0,0,0,0,0,2,0.6509357200976403,23
3,816,0,0,0,0,0,0,0,1,0.6509357200976403,0
3,816,0,0,0,0,0,0,0,2,0.6509357200976403,0
3,817,0,0,0,0,0,0,0,1,0.6509357200976403,1
3,817,0,0,0,0,0,0,0,2,0.6509357200976403,1
3,818,0,0,0,0,0,0,0,1,0.6509357200976403,2
3,818,0,0,0,0,0,0,0,2,0.6509357200976403,2
3,819,0,0,0,0,0,0,0,1,0.6509357200976403,3
3,819,0,0,0,0,0,0,0,2,0.6509357200976403,3
3,820,0,0,0,0,0,0,0,1,0.6509357200976403,4
3,820,0,0,0,0,0,0,0,2,0.6509357200976403,4
3,821,0,0,0,0,0,0,0,1,0.6509357200976403,5
3,821,0,0,0,0,0,0,0,2,0.6509357200976403,5
3,822,0,0,0,0,0,0,0,1,0.6509357200976403,6
3,822,0,0,0,0,0,0,0,2,0.6509357200976403,6
3,823,0,0,0,0,0,0,0,1,0.6509357200976403,7
3,823,0,0,0,0,0,0,0,2,0.6509357200976403,7
3,824,0,0,0,0,0,0,0,1,0.6509357200976403,8
3,824,0,0,0,0,0,0,0,2,0.6509357200976403,8
3,825,0,0,0,0,0,0,0,1,0.6509357200976403,9
3,825,0,0,0,0,0,0,0,2,0.6509357200976403,9
3,826,0,0,0,0,0,0,0,1,0.6509357200976403,10
3,826,0,0,0,0,0,0,0,2,0.6509357200976403,10
3,827,0,0,0,0,0,0,0,1,0.6509357200976403,11
3,827,0,0,0,0,0,0,0,2,0.6509357200976403,11
3,828,0,0,0,0,0,0,0,1,0.6509357200976403,12
3,828,0,0,0,0,0,0,0,2,0.6509357200976403,12
3,829,0,0,0,0,0,0,0,1,0.6509357200976403,13
3,829,0,0,0,0,0,0,0,2,0.6509357200976403,13
3,830,0,0,0,0,0,0,0,1,0.6509357200976403,14
3,830,0,0,0,0,0,0,0,2,0.6509357200976403,14
3,831,0,0,0,0,0,0,0,1,0.6509357200976403,15
3,831,0,0,0,0,0,0,0,2,0.6509357200976403,15
3,832,0,0,0,0,0,0,0,1,0.6509357200976403,16
3,832,0,0,0,0,0,0,0,2,0.6509357200976403,16
3,833,0,0,0,0,0,0,0,1,0.6509357200976403,17
3,833,0,0,0,0,0,0,0,2,0.6509357200976403,17
3,834,0,0,0,0,0,0,0,1,0.6509357200976403,18
3,834,0,0,0,0,0,0,0,2,0.6509357200976403,18
3,835,0,0,0,0,0,0,0,1,0.6509357200976403,19
3,835,0,0,0,0,0,0,0,2,0.6509357200976403,19
3,836,0,0,0,0,0,0,0,1,0.6509357200976403,20
3,836,0,0,0,0,0,0,0,2,0.6509357200976403,20
3,837,0,0,0,0,0,0,0,1,0.6509357200976403,21
3,837,0,0,0,0,0,0,0,2,0.6509357200976403,21
3,838,0,0,0,0,0,0,0,1,0.6509357200976403,22
3,838,0,0,0,0,0,0,0,2,0.6509357200976403,22
3,839,0,0,0,0,0,0,0,1,0.6509357200976403,23
3,839,0,0,0,0,0,0,0,2,0.6509357200976403,23
3,840,0,0,0,0,0,0,0,1,0.6509357200976403,0
3,840,0,0,0,0,0,0,0,2,0.6509357200976403,0
3,841,0,0,0,0,0,0,0,1,0.6509357200976403,1
3,841,0,0,0,0,0,0,0,2,0.6509357200976403,1
3,842,0,0,0,0,0,0,0,1,0.6509357200976403,2
3,842,0,0,0,0,0,0,0,2,0.6509357200976403,2
3,843,0,0,0,0,0,0,0,1,0.6509357200976403,3
3,843,0,0,0,0,0,0,0,2,0.6509357200976403,3
3,844,0,0,0,0,0,0,0,1,0.6509357200976403,4
3,844,0,0,0,0,0,0,0,2,0.6509357200976403,4
3,845,0,0,0,0,0,0,0,1,0.6509357200976403,5
3,845,0,0,0,0,0,0,0,2,0.6509357200976403,5
3,846,0,0,0,0,0,0,0,1,0.6509357200976403,6
3,846,0,0,0,0,0,0,0,2,0.6509357200976403,6
3,847,0,0,0,0,0,0,0,1,0.6509357200976403,7
3,847,0,0,0,0,0,0,0,2,0.6509357200976403,7
3,848,0,0,0,0,0,0,0,1,0.6509357200976403,8
3,848,0,0,0,0,0,0,0,2,0.6509357200976403,8
3,849,0,0,0,0,0,0,0,1,0.6509357200976403,9
3,849,0,0,0,0,0,0,0,2,0.6509357200976403,9
3,850,0,0,0,0,0,0,0,1,0.6509357200976403,10
3,850,0,0,0,0,0,0,0,2,0.6509357200976403,10
3,851,0,0,0,0,0,0,0,1,0.6509357200976403,11
3,851,0,0,0,0,0,0,0,2,0.6509357200976403,11
3,852,0,0,0,0,0,0,0,1,0.6509357200976403,12
3,852,0,0,0,0,0,0,0,2,0.6509357200976403,12
3,853,0,0,0,0,0,0,0,1,0.6509357200976403,13
3,853,0,0,0,0,0,0,0,2,0.6509357200976403,13
3,854,0,0,0,0,0,0,0,1,0.6509357200976403,14
3,854,0,0,0,0,0,0,0,2,0.6509357200976403,14
3,855,0,0,0,0,0,0,0,1,0.6509357200976403,15
3,855,0,0,0,0,0,0,0,2,0.6509357200976403,15
3,856,0,0,0,0,0,0,0,1,0.6509357200976403,16
3,856,0,0,0,0,0,0,0,2,0.6509357200976403,16
3,857,0,0,0,0,0,0,0,1,0.6509357200976403,17
3,857,0,0,0,0,0,0,0,2,0.6509357200976403,17
3,858,0,0,0,0,0,0,0,1,0.6509357200976403,18
3,858,0,0,0,0,0,0,0,2,0.6509357200976403,18
3,859,0,0,0,0,0,0,0,1,0.6509357200976403,19
3,859,0,0,0,0,0,0,0,2,0.6509357200976403,19
3,860,0,0,0,0,0,0,0,1,0.6509357200976403,20
3,860,0,0,0,0,0,0,0,2,0.6509357200976403,20
3,861,0,0,0,0,0,0,0,1,0.6509357200976403,21
3,861,0,0,0,0,0,0,0,2,0.6509357200976403,21
3,862,0,0,0,0,0,0,0,1,0.6509357200976403,22
3,862,0,0,0,0,0,0,0,2,0.6509357200976403,22
3,863,0,0,0,0,0,0,0,1,0.6509357200976403,23
3,863,0,0,0,0,0,0,0,2,0.6509357200976403,23
3,864,0,0,0,0,0,0,0,1,0.6509357200976403,0
3,864,0,0,0,0,0,0,0,2,0.6509357200976403,0
3,865,0,0,0,0,0,0,0,1,0.6509357200976403,1
3,865,0,0,0,0,0,0,0,2,0.6509357200976403,1
3,866,0,0,0,0,0,0,0,1,0.6509357200976403,2
3,866,0,0,0,0,0,0,0,2,0.6509357200976403,2
3,867,0,0,0,0,0,0,0,1,0.6509357200976403,3
3,867,0,0,0,0,0,0,0,2,0.6509357200976403,3
3,868,0,0,0,0,0,0,0,1,0.6509357200976403,4
3,868,0,0,0,0,0,0,0,2,0.6509357200976403,4
3,869,0,0,0,0,0,0,0,1,0.6509357200976403,5
3,869,0,0,0,0,0,0,0,2,0.6509357200976403,5
3,870,0,0,0,0,0,0,0,1,0.6509357200976403,6
3,870,0,0,0,0,0,0,0,2,0.6509357200976403,6
3,871,0,0,0,0,0,0,0,1,0.6509357200976403,7
3,871,0,0,0,0,0,0,0,2,0.6509357200976403,7
3,872,0,0,0,0,0,0,0,1,0.6509357200976403,8
3,872,0,0,0,0,0,0,0,2,0.6509357200976403,8
3,873,0,0,0,0,0,0,0,1,0.6509357200976403,9
3,873,0,0,0,0,0,0,0,2,0.6509357200976403,9
3,874,0,0,0,0,0,0,0,1,0.6509357200976403,10
3,874,0,0,0,0,0,0,0,2,0.6509357200976403,10
3,875,0,0,0,0,0,0,0,1,0.6509357200976403,11
3,875,0,0,0,0,0,0,0,2,0.6509357200976403,11
3,876,0,0,0,0,0,0,0,1,0.6509357200976403,12
3,876,0,0,0,0,0,0,0,2,0.6509357200976403,12
3,877,0,0,0,0,0,0,0,1,0.6509357200976403,13
3,877,0,0,0,0,0,0,0,2,0.6509357200976403,13
3,878,0,0,0,0,0,0,0,1,0.6509357200976403,14
3,878,0,0,0,0,0,0,0,2,0.6509357200976403,14
3,879,0,0,0,0,0,0,0,1,0.6509357200976403,15
3,879,0,0,0,0,0,0,0,2,0.6509357200976403,15
3,880,0,0,0,0,0,0,0,1,0.6509357200976403,16
3,880,0,0,0,0,0,0,0,2,0.6509357200976403,16
3,881,0,0,0,0,0,0,0,1,0.6509357200976403,17
3,881,0,0,0,0,0,0,0,2,0.6509357200976403,17
3,882,0,0,0,0,0,0,0,1,0.6509357200976403,18
3,882,0,0,0,0,0,0,0,2,0.6509357200976403,18
3,883,0,0,0,0,0,0,0,1,0.6509357200976403,19
3,883,0,0,0,0,0,0,0,2,0.6509357200976403,19
3,884,0,0,0,0,0,0,0,1,0.6509357200976403,20
3,884,0,0,0,0,0,0,0,2,0.6509357200976403,20
3,885,0,0,0,0,0,0,0,1,0.6509357200976403,21
3,885,0,0,0,0,0,0,0,2,0.6509357200976403,21
3,886,0,0,0,0,0,0,0,1,0.6509357200976403,22
3,886,0,0,0,0,0,0,0,2,0.6509357200976403,22
3,887,0,0,0,0,0,0,0,1,0.6509357200976403,23
3,887,0,0,0,0,0,0,0,2,0.6509357200976403,23
3,888,0,0,0,0,0,0,0,1,0.6509357200976403,0
3,888,0,0,0,0,0,0,0,2,0.6509357200976403,0
3,889,0,0,0,0,0,0,0,1,0.6509357200976403,1
3,889,0,0,0,0,0,0,0,2,0.6509357200976403,1
3,890,0,0,0,0,0,0,0,1,0.6509357200976403,2
3,890,0,0,0,0,0,0,0,2,0.6509357200976403,2
3,891,0,0,0,0,0,0,0,1,0.6509357200976403,3
3,891,0,0,0,0,0,0,0,2,0.6509357200976403,3
3,892,0,0,0,0,0,0,0,1,0.6509357200976403,4
3,892,0,0,0,0,0,0,0,2,0.6509357200976403,4
3,893,0,0,0,0,0,0,0,1,0.6509357200976403,5
3,893,0,0,0,0,0,0,0,2,0.6509357200976403,5
3,894,0,0,0,0,0,0,0,1,0.6509357200976403,6
3,894,0,0,0,0,0,0,0,2,0.6509357200976403,6
3,895,0,0,0,0,0,0,0,1,0.6509357200976403,7
3,895,0,0,0,0,0,0,0,2,0.6509357200976403,7
3,896,0,0,0,0,0,0,0,1,0.6509357200976403,8
3,896,0,0,0,0,0,0,0,2,0.6509357200976403,8
3,897,0,0,0,0,0,0,0,1,0.6509357200976403,9
3,897,0,0,0,0,0,0,0,2,0.6509357200976403,9
3,898,0,0,0,0,0,0,0,1,0.6509357200976403,10
3,898,0,0,0,0,0,0,0,2,0.6509357200976403,10
3,899,0,0,0,0,0,0,0,1,0.6509357200976403,11
3,899,0,0,0,0,0,0,0,2,0.6509357200976403,11
3,900,0,0,0,0,0,0,0,1,0.6509357200976403,12
3,900,0,0,0,0,0,0,0,2,0.6509357200976403,12
3,901,0,0,0,0,0,0,0,1,0.6509357200976403,13
3,901,0,0,0,0,0,0,0,2,0.6509357200976403,13
3,902,0,0,0,0,0,0,0,1,0.6509357200976403,14
3,902,0,0,0,0,0,0,0,2,0.6509357200976403,14
3,903,0,0,0,0,0,0,0,1,0.6509357200976403,15
3,903,0,0,0,0,0,0,0,2,0.6509357200976403,15
3,904,0,0,0,0,0,0,0,1,0.6509357200976403,16
3,904,0,0,0,0,0,0,0,2,0.6509357200976403,16
3,905,0,0,0,0,0,0,0,1,0.6509357200976403,17
3,905,0,0,0,0,0,0,0,2,0.6509357200976403,17
3,906,0,0,0,0,0,0,0,1,0.6509357200976403,18
3,906,0,0,0,0,0,0,0,2,0.6509357200976403,18
3,907,0,0,0,0,0,0,0,1,0.6509357200976403,19
3,907,0,0,0,0,0,0,0,2,0.6509357200976403,19
3,908,0,0,0,0,0,0,0,1,0.6509357200976403,20
3,908,0,0,0,0,0,0,0,2,0.6509357200976403,20
3,909,0,0,0,0,0,0,0,1,0.6509357200976403,21
3,909,0,0,0,0,0,0,0,2,0.6509357200976403,21
3,910,0,0,0,0,0,0,0,1,0.6509357200976403,22
3,910,0,0,0,0,0,0,0,2,0.6509357200976403,22
3,911,0,0,0,0,0,0,0,1,0.6509357200976403,23
3,911,0,0,0,0,0,0,0,2,0.6509357200976403,23
3,912,0,0,0,0,0,0,0,1,0.6509357200976403,0
3,912,0,0,0,0,0,0,0,2,0.6509357200976403,0
3,913,0,0,0,0,0,0,0,1,0.6509357200976403,1
3,913,0,0,0,0,0,0,0,2,0.6509357200976403,1
3,914,0,0,0,0,0,0,0,1,0.6509357200976403,2
3,914,0,0,0,0,0,0,0,2,0.6509357200976403,2
3,915,0,0,0,0,0,0,0,1,0.6509357200976403,3
3,915,0,0,0,0,0,0,0,2,0.6509357200976403,3
3,916,0,0,0,0,0,0,0,1,0.6509357200976403,4
3,916,0,0,0,0,0,0,0,2,0.6509357200976403,4
3,917,0,0,0,0,0,0,0,1,0.6509357200976403,5
3,917,0,0,0,0,0,0,0,2,0.6509357200976403,5
3,918,0,0,0,0,0,0,0,1,0.6509357200976403,6
3,918,0,0,0,0,0,0,0,2,0.6509357200976403,6
3,919,0,0,0,0,0,0,0,1,0.6509357200976403,7
3,919,0,0,0,0,0,0,0,2,0.6509357200976403,7
3,920,0,0,0,0,0,0,0,1,0.6509357200976403,8
3,920,0,0,0,0,0,0,0,2,0.6509357200976403,8
3,921,0,0,0,0,0,0,0,1,0.6509357200976403,9
3,921,0,0,0,0,0,0,0,2,0.6509357200976403,9
3,922,0,0,0,0,0,0,0,1,0.6509357200976403,10
3,922,0,0,0,0,0,0,0,2,0.6509357200976403,10
3,923,0,0,0,0,0,0,0,1,0.6509357200976403,11
3,923,0,0,0,0,0,0,0,2,0.6509357200976403,11
3,924,0,0,0,0,0,0,0,1,0.6509357200976403,12
3,924,0,0,0,0,0,0,0,2,0.6509357200976403,12
3,925,0,0,0,0,0,0,0,1,0.6509357200976403,13
3,925,0,0,0,0,0,0,0,2,0.6509357200976403,13
3,926,0,0,0,0,0,0,0,1,0.6509357200976403,14
3,926,0,0,0,0,0,0,0,2,0.6509357200976403,14
3,927,0,0,0,0,0,0,0,1,0.6509357200976403,15
3,927,0,0,0,0,0,0,0,2,0.6509357200976403,15
3,928,0,0,0,0,0,0,0,1,0.6509357200976403,16
3,928,0,0,0,0,0,0,0,2,0.6509357200976403,16
3,929,0,0,0,0,0,0,0,1,0.6509357200976403,17
3,929,0,0,0,0,0,0,0,2,0.6509357200976403,17
3,930,0,0,0,0,0,0,0,1,0.6509357200976403,18
3,930,0,0,0,0,0,0,0,2,0.6509357200976403,18
3,931,0,0,0,0,0,0,0,1,0.6509357200976403,19
3,931,0,0,0,0,0,0,0,2,0.6509357200976403,19
3,932,0,0,0,0,0,0,0,1,0.6509357200976403,20
3,932,0,0,0,0,0,0,0,2,0.6509357200976403,20
3,933,0,0,0,0,0,0,0,1,0.6509357200976403,21
3,933,0,0,0,0,0,0,0,2,0.6509357200976403,21
3,934,0,0,0,0,0,0,0,1,0.6509357200976403,22
3,934,0,0,0,0,0,0,0,2,0.6509357200976403,22
3,935,0,0,0,0,0,0,0,1,0.6509357200976403,23
3,935,0,0,0,0,0,0,0,2,0.6509357200976403,23
3,936,0,0,0,0,0,0,0,1,0.6509357200976403,0
3,936,0,0,0,0,0,0,0,2,0.6509357200976403,0
3,937,0,0,0,0,0,0,0,1,0.6509357200976403,1
3,937,0,0,0,0,0,0,0,2,0.6509357200976403,1
3,938,0,0,0,0,0,0,0,1,0.6509357200976403,2
3,938,0,0,0,0,0,0,0,2,0.6509357200976403,2
3,939,0,0,0,0,0,0,0,1,0.6509357200976403,3
3,939,0,0,0,0,0,0,0,2,0.6509357200976403,3
3,940,0,0,0,0,0,0,0,1,0.6509357200976403,4
3,940,0,0,0,0,0,0,0,2,0.6509357200976403,4
3,941,0,0,0,0,0,0,0,1,0.6509357200976403,5
3,941,0,0,0,0,0,0,0,2,0.6509357200976403,5
3,942,0,0,0,0,0,0,0,1,0.6509357200976403,6
3,942,0,0,0,0,0,0,0,2,0.6509357200976403,6
3,943,0,0,0,0,0,0,0,1,0.6509357200976403,7
3,943,0,0,0,0,0,0,0,2,0.6509357200976403,7
3,944,0,0,0,0,0,0,0,1,0.6509357200976403,8
3,944,0,0,0,0,0,0,0,2,0.6509357200976403,8
3,945,0,0,0,0,0,0,0,1,0.6509357200976403,9
3,945,0,0,0,0,0,0,0,2,0.6509357200976403,9
3,946,0,0,0,0,0,0,0,1,0.6509357200976403,10
3,946,0,0,0,0,0,0,0,2,0.6509357200976403,10
3,947,0,0,0,0,0,0,0,1,0.6509357200976403,11
3,947,0,0,0,0,0,0,0,2,0.6509357200976403,11
3,948,0,0,0,0,0,0,0,1,0.6509357200976403,12
3,948,0,0,0,0,0,0,0,2,0.6509357200976403,12
3,949,0,0,0,0,0,0,0,1,0.6509357200976403,13
3,949,0,0,0,0,0,0,0,2,0.6509357200976403,13
3,950,0,0,0,0,0,0,0,1,0.6509357200976403,14
3,950,0,0,0,0,0,0,0,2,0.6509357200976403,14
3,951,0,0,0,0,0,0,0,1,0.6509357200976403,15
3,951,0,0,0,0,0,0,0,2,0.6509357200976403,15
3,952,0,0,0,0,0,0,0,1,0.6509357200976403,16
3,952,0,0,0,0,0,0,0,2,0.6509357200976403,16
3,953,0,0,0,0,0,0,0,1,0.6509357200976403,17
3,953,0,0,0,0,0,0,0,2,0.6509357200976403,17
3,954,0,0,0,0,0,0,0,1,0.6509357200976403,18
3,954,0,0,0,0,0,0,0,2,0.6509357200976403,18
3,955,0,0,0,0,0,0,0,1,0.6509357200976403,19
3,955,0,0,0,0,0,0,0,2,0.6509357200976403,19
3,956,0,0,0,0,0,0,0,1,0.6509357200976403,20
3,956,0,0,0,0,0,0,0,2,0.6509357200976403,20
3,957,0,0,0,0,0,0,0,1,0.6509357200976403,21
3,957,0,0,0,0,0,0,0,2,0.6509357200976403,21
3,958,0,0,0,0,0,0,0,1,0.6509357200976403,22
3,958,0,0,0,0,0,0,0,2,0.6509357200976403,22
3,959,0,0,0,0,0,0,0,1,0.6509357200976403,23
3,959,0,0,0,0,0,0,0,2,0.6509357200976403,23
3,960,0,0,0,0,0,0,0,1,0.6509357200976403,0
3,960,0,0,0,0,0,0,0,2,0.6509357200976403,0
3,961,0,0,0,0,0,0,0,1,0.6509357200976403,1
3,961,0,0,0,0,0,0,0,2,0.6509357200976403,1
3,962,0,0,0,0,0,0,0,1,0.6509357200976403,2
3,962,0,0,0,0,0,0,0,2,0.6509357200976403,2
3,963,0,0,0,0,0,0,0,1,0.6509357200976403,3
3,963,0,0,0,0,0,0,0,2,0.6509357200976403,3
3,964,0,0,0,0,0,0,0,1,0.6509357200976403,4
3,964,0,0,0,0,0,0,0,2,0.6509357200976403,4
3,965,0,0,0,0,0,0,0,1,0.6509357200976403,5
3,965,0,0,0,0,0,0,0,2,0.6509357200976403,5
3,966,0,0,0,0,0,0,0,1,0.6509357200976403,6
3,966,0,0,0,0,0,0,0,2,0.6509357200976403,6
3,967,0,0,0,0,0,0,0,1,0.6509357200976403,7
3,967,0,0,0,0,0,0,0,2,0.6509357200976403,7
3,968,0,0,0,0,0,0,0,1,0.6509357200976403,8
3,968,0,0,0,0,0,0,0,2,0.6509357200976403,8
3,969,0,0,0,0,0,0,0,1,0.6509357200976403,9
3,969,0,0,0,0,0,0,0,2,0.6509357200976403,9
3,970,0,0,0,0,0,0,0,1,0.6509357200976403,10
3,970,0,0,0,0,0,0,0,2,0.6509357200976403,10
3,971,0,0,0,0,0,0,0,1,0.6509357200976403,11
3,971,0,0,0,0,0,0,0,2,0.6509357200976403,11
3,972,0,0,0,0,0,0,0,1,0.6509357200976403,12
3,972,0,0,0,0,0,0,0,2,0.6509357200976403,12
3,973,0,0,0,0,0,0,0,1,0.6509357200976403,13
3,973,0,0,0,0,0,0,0,2,0.6509357200976403,13
3,974,0,0,0,0,0,0,0,1,0.6509357200976403,14
3,974,0,0,0,0,0,0,0,2,0.6509357200976403,14
3,975,0,0,0,0,0,0,0,1,0.6509357200976403,15
3,975,0,0,0,0,0,0,0,2,0.6509357200976403,15
3,976,0,0,0,0,0,0,0,1,0.6509357200976403,16
3,976,0,0,0,0,0,0,0,2,0.6509357200976403,16
3,977,0,0,0,0,0,0,0,1,0.6509357200976403,17
3,977,0,0,0,0,0,0,0,2,0.6509357200976403,17
3,978,0,0,0,0,0,0,0,1,0.6509357200976403,18
3,978,0,0,0,0,0,0,0,2,0.6509357200976403,18
3,979,0,0,0,0,0,0,0,1,0.6509357200976403,19
3,979,0,0,0,0,0,0,0,2,0.6509357200976403,19
3,980,0,0,0,0,0,0,0,1,0.6509357200976403,20
3,980,0,0,0,0,0,0,0,2,0.6509357200976403,20
3,981,0,0,0,0,0,0,0,1,0.6509357200976403,21
3,981,0,0,0,0,0,0,0,2,0.6509357200976403,21
3,982,0,0,0,0,0,0,0,1,0.6509357200976403,22
3,982,0,0,0,0,0,0,0,2,0.6509357200976403,22
3,983,0,0,0,0,0,0,0,1,0.6509357200976403,23
3,983,0,0,0,0,0,0,0,2,0.6509357200976403,23
3,984,0,0,0,0,0,0,0,1,0.6509357200976403,0
3,984,0,0,0,0,0,0,0,2,0.6509357200976403,0
3,985,0,0,0,0,0,0,0,1,0.6509357200976403,1
3,985,0,0,0,0,0,0,0,2,0.6509357200976403,1
3,986,0,0,0,0,0,0,0,1,0.6509357200976403,2
3,986,0,0,0,0,0,0,0,2,0.6509357200976403,2
3,987,0,0,0,0,0,0,0,1,0.6509357200976403,3
3,987,0,0,0,0,0,0,0,2,0.6509357200976403,3
3,988,0,0,0,0,0,0,0,1,0.6509357200976403,4
3,988,0,0,0,0,0,0,0,2,0.6509357200976403,4
3,989,0,0,0,0,0,0,0,1,0.6509357200976403,5
3,989,0,0,0,0,0,0,0,2,0.6509357200976403,5
3,990,0,0,0,0,0,0,0,1,0.6509357200976403,6
3,990,0,0,0,0,0,0,0,2,0.6509357200976403,6
3,991,0,0,0,0,0,0,0,1,0.6509357200976403,7
3,991,0,0,0,0,0,0,0,2,0.6509357200976403,7
3,992,0,0,0,0,0,0,0,1,0.6509357200976403,8
3,992,0,0,0,0,0,0,0,2,0.6509357200976403,8
3,993,0,0,0,0,0,0,0,1,0.6509357200976403,9
3,993,0,0,0,0,0,0,0,2,0.6509357200976403,9
3,994,0,0,0,0,0,0,0,1,0.6509357200976403,10
3,994,0,0,0,0,0,0,0,2,0.6509357200976403,10
3,995,0,0,0,0,0,0,0,1,0.6509357200976403,11
3,995,0,0,0,0,0,0,0,2,0.6509357200976403,11
3,996,0,0,0,0,0,0,0,1,0.6509357200976403,12
3,996,0,0,0,0,0,0,0,2,0.6509357200976403,12
3,997,0,0,0,0,0,0,0,1,0.6509357200976403,13
3,997,0,0,0,0,0,0,0,2,0.6509357200976403,13
3,998,0,0,0,0,0,0,0,1,0.6509357200976403,14
3,998,0,0,0,0,0,0,0,2,0.6509357200976403,14
3,999,0,0,0,0,0,0,0,1,0.6509357200976403,15
3,999,0,0,0,0,0,0,0,2,0.6509357200976403,15
3,1000,0,0,0,0,0,0,0,1,0.6509357200976403,16
3,1000,0,0,0,0,0,0,0,2,0.6509357200976403,16
3,1001,0,0,0,0,0,0,0,1,0.6509357200976403,17
3,1001,0,0,0,0,0,0,0,2,0.6509357200976403,17
3,1002,0,0,0,0,0,0,0,1,0.6509357200976403,18
3,1002,0,0,0,0,0,0,0,2,0.6509357200976403,18
3,1003,0,0,0,0,0,0,0,1,0.6509357200976403,19
3,1003,0,0,0,0,0,0,0,2,0.6509357200976403,19
3,1004,0,0,0,0,0,0,0,1,0.6509357200976403,20
3,1004,0,0,0,0,0,0,0,2,0.6509357200976403,20
3,1005,0,0,0,0,0,0,0,1,0.6509357200976403,21
3,1005,0,0,0,0,0,0,0,2,0.6509357200976403,21
3,1006,0,0,0,0,0,0,0,1,0.6509357200976403,22
3,1006,0,0,0,0,0,0,0,2,0.6509357200976403,22
3,1007,0,0,0,0,0,0,0,1,0.6509357200976403,23
3,1007,0,0,0,0,0,0,0,2,0.6509357200976403,23
3,1008,0,0,0,0,0,0,0,1,0.6509357200976403,0
3,1008,0,0,0,0,0,0,0,2,0.6509357200976403,0
3,1009,0,0,0,0,0,0,0,1,0.6509357200976403,1
3,1009,0,0,0,0,0,0,0,2,0.6509357200976403,1
3,1010,0,0,0,0,0,0,0,1,0.6509357200976403,2
3,1010,0,0,0,0,0,0,0,2,0.6509357200976403,2
3,1011,0,0,0,0,0,0,0,1,0.6509357200976403,3
3,1011,0,0,0,0,0,0,0,2,0.6509357200976403,3
3,1012,0,0,0,0,0,0,0,1,0.6509357200976403,4
3,1012,0,0,0,0,0,0,0,2,0.6509357200976403,4
3,1013,0,0,0,0,0,0,0,1,0.6509357200976403,5
3,1013,0,0,0,0,0,0,0,2,0.6509357200976403,5
3,1014,0,0,0,0,0,0,0,1,0.6509357200976403,6
3,1014,0,0,0,0,0,0,0,2,0.6509357200976403,6
3,1015,0,0,0,0,0,0,0,1,0.6509357200976403,7
3,1015,0,0,0,0,0,0,0,2,0.6509357200976403,7
3,1016,0,0,0,0,0,0,0,1,0.6509357200976403,8
3,1016,0,0,0,0,0,0,0,2,0.6509357200976403,8
3,1017,0,0,0,0,0,0,0,1,0.6509357200976403,9
3,1017,0,0,0,0,0,0,0,2,0.6509357200976403,9
3,1018,0,0,0,0,0,0,0,1,0.6509357200976403,10
3,1018,0,0,0,0,0,0,0,2,0.6509357200976403,10
3,1019,0,0,0,0,0,0,0,1,0.6509357200976403,11
3,1019,0,0,0,0,0,0,0,2,0.6509357200976403,11
3,1020,0,0,0,0,0,0,0,1,0.6509357200976403,12
3,1020,0,0,0,0,0,0,0,2,0.6509357200976403,12
3,1021,0,0,0,0,0,0,0,1,0.6509357200976403,13
3,1021,0,0,0,0,0,0,0,2,0.6509357200976403,13
3,1022,0,0,0,0,0,0,0,1,0.6509357200976403,14
3,1022,0,0,0,0,0,0,0,2,0.6509357200976403,14
3,1023,0,0,0,0,0,0,0,1,0.6509357200976403,15
3,1023,0,0,0,0,0,0,0,2,0.6509357200976403,15
3,1024,0,0,0,0,0,0,0,1,0.6509357200976403,16
3,1024,0,0,0,0,0,0,0,2,0.6509357200976403,16
3,1025,0,0,0,0,0,0,0,1,0.6509357200976403,17
3,1025,0,0,0,0,0,0,0,2,0.6509357200976403,17
3,1026,0,0,0,0,0,0,0,1,0.6509357200976403,18
3,1026,0,0,0,0,0,0,0,2,0.6509357200976403,18
3,1027,0,0,0,0,0,0,0,1,0.6509357200976403,19
3,1027,0,0,0,0,0,0,0,2,0.6509357200976403,19
3,1028,0,0,0,0,0,0,0,1,0.6509357200976403,20
3,1028,0,0,0,0,0,0,0,2,0.6509357200976403,20
3,1029,0,0,0,0,0,0,0,1,0.6509357200976403,21
3,1029,0,0,0,0,0,0,0,2,0.6509357200976403,21
3,1030,0,0,0,0,0,0,0,1,0.6509357200976403,22
3,1030,0,0,0,0,0,0,0,2,0.6509357200976403,22
3,1031,0,0,0,0,0,0,0,1,0.6509357200976403,23
3,1031,0,0,0,0,0,0,0,2,0.6509357200976403,23
3,1032,0,0,0,0,0,0,0,1,0.6509357200976403,0
3,1032,0,0,0,0,0,0,0,2,0.6509357200976403,0
3,1033,0,0,0,0,0,0,0,1,0.6509357200976403,1
3,1033,0,0,0,0,0,0,0,2,0.6509357200976403,1
3,1034,0,0,0,0,0,0,0,1,0.6509357200976403,2
3,1034,0,0,0,0,0,0,0,2,0.6509357200976403,2
3,1035,0,0,0,0,0,0,0,1,0.6509357200976403,3
3,1035,0,0,0,0,0,0,0,2,0.6509357200976403,3
3,1036,0,0,0,0,0,0,0,1,0.6509357200976403,4
3,1036,0,0,0,0,0,0,0,2,0.6509357200976403,4
3,1037,0,0,0,0,0,0,0,1,0.6509357200976403,5
3,1037,0,0,0,0,0,0,0,2,0.6509357200976403,5
3,1038,0,0,0,0,0,0,0,1,0.6509357200976403,6
3,1038,0,0,0,0,0,0,0,2,0.6509357200976403,6
3,1039,0,0,0,0,0,0,0,1,0.6509357200976403,7
3,1039,0,0,0,0,0,0,0,2,0.6509357200976403,7
3,1040,0,0,0,0,0,0,0,1,0.6509357200976403,8
3,1040,0,0,0,0,0,0,0,2,0.6509357200976403,8
3,1041,0,0,0,0,0,0,0,1,0.6509357200976403,9
3,1041,0,0,0,0,0,0,0,2,0.6509357200976403,9
3,1042,0,0,0,0,0,0,0,1,0.6509357200976403,10
3,1042,0,0,0,0,0,0,0,2,0.6509357200976403,10
3,1043,0,0,0,0,0,0,0,1,0.6509357200976403,11
3,1043,0,0,0,0,0,0,0,2,0.6509357200976403,11
3,1044,0,0,0,0,0,0,0,1,0.6509357200976403,12
3,1044,0,0,0,0,0,0,0,2,0.6509357200976403,12
3,1045,0,0,0,0,0,0,0,1,0.6509357200976403,13
3,1045,0,0,0,0,0,0,0,2,0.6509357200976403,13
3,1046,0,0,0,0,0,0,0,1,0.6509357200976403,14
3,1046,0,0,0,0,0,0,0,2,0.6509357200976403,14
3,1047,0,0,0,0,0,0,0,1,0.6509357200976403,15
3,1047,0,0,0,0,0,0,0,2,0.6509357200976403,15
3,1048,0,0,0,0,0,0,0,1,0.6509357200976403,16
3,1048,0,0,0,0,0,0,0,2,0.6509357200976403,16
3,1049,0,0,0,0,0,0,0,1,0.6509357200976403,17
3,1049,0,0,0,0,0,0,0,2,0.6509357200976403,17
3,1050,0,0,0,0,0,0,0,1,0.6509357200976403,18
3,1050,0,0,0,0,0,0,0,2,0.6509357200976403,18
3,1051,0,0,0,0,0,0,0,1,0.6509357200976403,19
3,1051,0,0,0,0,0,0,0,2,0.6509357200976403,19
3,1052,0,0,0,0,0,0,0,1,0.6509357200976403,20
3,1052,0,0,0,0,0,0,0,2,0.6509357200976403,20
3,1053,0,0,0,0,0,0,0,1,0.6509357200976403,21
3,1053,0,0,0,0,0,0,0,2,0.6509357200976403,21
3,1054,0,0,0,0,0,0,0,1,0.6509357200976403,22
3,1054,0,0,0,0,0,0,0,2,0.6509357200976403,22
3,1055,0,0,0,0,0,0,0,1,0.6509357200976403,23
3,1055,0,0,0,0,0,0,0,2,0.6509357200976403,23
3,1056,0,0,0,0,0,0,0,1,0.6509357200976403,0
3,1056,0,0,0,0,0,0,0,2,0.6509357200976403,0
3,1057,0,0,0,0,0,0,0,1,0.6509357200976403,1
3,1057,0,0,0,0,0,0,0,2,0.6509357200976403,1
3,1058,0,0,0,0,0,0,0,1,0.6509357200976403,2
3,1058,0,0,0,0,0,0,0,2,0.6509357200976403,2
3,1059,0,0,0,0,0,0,0,1,0.6509357200976403,3
3,1059,0,0,0,0,0,0,0,2,0.6509357200976403,3
3,1060,0,0,0,0,0,0,0,1,0.6509357200976403,4
3,1060,0,0,0,0,0,0,0,2,0.6509357200976403,4
3,1061,0,0,0,0,0,0,0,1,0.6509357200976403,5
3,1061,0,0,0,0,0,0,0,2,0.6509357200976403,5
3,1062,0,0,0,0,0,0,0,1,0.6509357200976403,6
3,1062,0,0,0,0,0,0,0,2,0.6509357200976403,6
3,1063,0,0,0,0,0,0,0,1,0.6509357200976403,7
3,1063,0,0,0,0,0,0,0,2,0.6509357200976403,7
3,1064,0,0,0,0,0,0,0,1,0.6509357200976403,8
3,1064,0,0,0,0,0,0,0,2,0.6509357200976403,8
3,1065,0,0,0,0,0,0,0,1,0.6509357200976403,9
3,1065,0,0,0,0,0,0,0,2,0.6509357200976403,9
3,1066,0,0,0,0,0,0,0,1,0.6509357200976403,10
3,1066,0,0,0,0,0,0,0,2,0.6509357200976403,10
3,1067,0,0,0,0,0,0,0,1,0.6509357200976403,11
3,1067,0,0,0,0,0,0,0,2,0.6509357200976403,11
3,1068,0,0,0,0,0,0,0,1,0.6509357200976403,12
3,1068,0,0,0,0,0,0,0,2,0.6509357200976403,12
3,1069,0,0,0,0,0,0,0,1,0.6509357200976403,13
3,1069,0,0,0,0,0,0,0,2,0.6509357200976403,13
3,1070,0,0,0,0,0,0,0,1,0.6509357200976403,14
3,1070,0,0,0,0,0,0,0,2,0.6509357200976403,14
3,1071,0,0,0,0,0,0,0,1,0.6509357200976403,15
3,1071,0,0,0,0,0,0,0,2,0.6509357200976403,15
3,1072,0,0,0,0,0,0,0,1,0.6509357200976403,16
3,1072,0,0,0,0,0,0,0,2,0.6509357200976403,16
3,1073,0,0,0,0,0,0,0,1,0.6509357200976403,17
3,1073,0,0,0,0,0,0,0,2,0.6509357200976403,17
3,1074,0,0,0,0,0,0,0,1,0.6509357200976403,18
3,1074,0,0,0,0,0,0,0,2,0.6509357200976403,18
3,1075,0,0,0,0,0,0,0,1,0.6509357200976403,19
3,1075,0,0,0,0,0,0,0,2,0.6509357200976403,19
3,1076,0,0,0,0,0,0,0,1,0.6509357200976403,20
3,1076,0,0,0,0,0,0,0,2,0.6509357200976403,20
3,1077,0,0,0,0,0,0,0,1,0.6509357200976403,21
3,1077,0,0,0,0,0,0,0,2,0.6509357200976403,21
3,1078,0,0,0,0,0,0,0,1,0.6509357200976403,22
3,1078,0,0,0,0,0,0,0,2,0.6509357200976403,22
3,1079,0,0,0,0,0,0,0,1,0.6509357200976403,23
3,1079,0,0,0,0,0,0,0,2,0.6509357200976403,23
3,1080,0,0,0,0,0,0,0,1,0.6509357200976403,0
3,1080,0,0,0,0,0,0,0,2,0.6509357200976403,0
3,1081,0,0,0,0,0,0,0,1,0.6509357200976403,1
3,1081,0,0,0,0,0,0,0,2,0.6509357200976403,1
3,1082,0,0,0,0,0,0,0,1,0.6509357200976403,2
3,1082,0,0,0,0,0,0,0,2,0.6509357200976403,2
3,1083,0,0,0,0,0,0,0,1,0.6509357200976403,3
3,1083,0,0,0,0,0,0,0,2,0.6509357200976403,3
3,1084,0,0,0,0,0,0,0,1,0.6509357200976403,4
3,1084,0,0,0,0,0,0,0,2,0.6509357200976403,4
3,1085,0,0,0,0,0,0,0,1,0.6509357200976403,5
3,1085,0,0,0,0,0,0,0,2,0.6509357200976403,5
3,1086,0,0,0,0,0,0,0,1,0.6509357200976403,6
3,1086,0,0,0,0,0,0,0,2,0.6509357200976403,6
3,1087,0,0,0,0,0,0,0,1,0.6509357200976403,7
3,1087,0,0,0,0,0,0,0,2,0.6509357200976403,7
3,1088,0,0,0,0,0,0,0,1,0.6509357200976403,8
3,1088,0,0,0,0,0,0,0,2,0.6509357200976403,8
3,1089,0,0,0,0,0,0,0,1,0.6509357200976403,9
3,1089,0,0,0,0,0,0,0,2,0.6509357200976403,9
3,1090,0,0,0,0,0,0,0,1,0.6509357200976403,10
3,1090,0,0,0,0,0,0,0,2,0.6509357200976403,10
3,1091,0,0,0,0,0,0,0,1,0.6509357200976403,11
3,1091,0,0,0,0,0,0,0,2,0.6509357200976403,11
3,1092,0,0,0,0,0,0,0,1,0.6509357200976403,12
3,1092,0,0,0,0,0,0,0,2,0.6509357200976403,12
3,1093,0,0,0,0,0,0,0,1,0.6509357200976403,13
3,1093,0,0,0,0,0,0,0,2,0.6509357200976403,13
3,1094,0,0,0,0,0,0,0,1,0.6509357200976403,14
3,1094,0,0,0,0,0,0,0,2,0.6509357200976403,14
3,1095,0,0,0,0,0,0,0,1,0.6509357200976403,15
3,1095,0,0,0,0,0,0,0,2,0.6509357200976403,15
3,1096,0,0,0,0,0,0,0,1,0.6509357200976403,16
3,1096,0,0,0,0,0,0,0,2,0.6509357200976403,16
3,1097,0,0,0,0,0,0,0,1,0.6509357200976403,17
3,1097,0,0,0,0,0,0,0,2,0.6509357200976403,17
3,1098,0,0,0,0,0,0,0,1,0.6509357200976403,18
3,1098,0,0,0,0,0,0,0,2,0.6509357200976403,18
3,1099,0,0,0,0,0,0,0,1,0.6509357200976403,19
3,1099,0,0,0,0,0,0,0,2,0.6509357200976403,19
3,1100,0,0,0,0,0,0,0,1,0.6509357200976403,20
3,1100,0,0,0,0,0,0,0,2,0.6509357200976403,20
3,1101,0,0,0,0,0,0,0,1,0.6509357200976403,21
3,1101,0,0,0,0,0,0,0,2,0.6509357200976403,21
3,1102,0,0,0,0,0,0,0,1,0.6509357200976403,22
3,1102,0,0,0,0,0,0,0,2,0.6509357200976403,22
3,1103,0,0,0,0,0,0,0,1,0.6509357200976403,23
3,1103,0,0,0,0,0,0,0,2,0.6509357200976403,23
3,1104,0,0,0,0,0,0,0,1,0.6509357200976403,0
3,1104,0,0,0,0,0,0,0,2,0.6509357200976403,0
3,1105,0,0,0,0,0,0,0,1,0.6509357200976403,1
3,1105,0,0,0,0,0,0,0,2,0.6509357200976403,1
3,1106,0,0,0,0,0,0,0,1,0.6509357200976403,2
3,1106,0,0,0,0,0,0,0,2,0.6509357200976403,2
3,1107,0,0,0,0,0,0,0,1,0.6509357200976403,3
3,1107,0,0,0,0,0,0,0,2,0.6509357200976403,3
3,1108,0,0,0,0,0,0,0,1,0.6509357200976403,4
3,1108,0,0,0,0,0,0,0,2,0.6509357200976403,4
3,1109,0,0,0,0,0,0,0,1,0.6509357200976403,5
3,1109,0,0,0,0,0,0,0,2,0.6509357200976403,5
3,1110,0,0,0,0,0,0,0,1,0.6509357200976403,6
3,1110,0,0,0,0,0,0,0,2,0.6509357200976403,6
3,1111,0,0,0,0,0,0,0,1,0.6509357200976403,7
3,1111,0,0,0,0,0,0,0,2,0.6509357200976403,7
3,1112,0,0,0,0,0,0,0,1,0.6509357200976403,8
3,1112,0,0,0,0,0,0,0,2,0.6509357200976403,8
3,1113,0,0,0,0,0,0,0,1,0.6509357200976403,9
3,1113,0,0,0,0,0,0,0,2,0.6509357200976403,9
3,1114,0,0,0,0,0,0,0,1,0.6509357200976403,10
3,1114,0,0,0,0,0,0,0,2,0.6509357200976403,10
3,1115,0,0,0,0,0,0,0,1,0.6509357200976403,11
3,1115,0,0,0,0,0,0,0,2,0.6509357200976403,11
3,1116,0,0,0,0,0,0,0,1,0.6509357200976403,12
3,1116,0,0,0,0,0,0,0,2,0.6509357200976403,12
3,1117,0,0,0,0,0,0,0,1,0.6509357200976403,13
3,1117,0,0,0,0,0,0,0,2,0.6509357200976403,13
3,1118,0,0,0,0,0,0,0,1,0.6509357200976403,14
3,1118,0,0,0,0,0,0,0,2,0.6509357200976403,14
3,1119,0,0,0,0,0,0,0,1,0.6509357200976403,15
3,1119,0,0,0,0,0,0,0,2,0.6509357200976403,15
3,1120,0,0,0,0,0,0,0,1,0.6509357200976403,16
3,1120,0,0,0,0,0,0,0,2,0.6509357200976403,16
3,1121,0,0,0,0,0,0,0,1,0.6509357200976403,17
3,1121,0,0,0,0,0,0,0,2,0.6509357200976403,17
3,1122,0,0,0,0,0,0,0,1,0.6509357200976403,18
3,1122,0,0,0,0,0,0,0,2,0.6509357200976403,18
3,1123,0,0,0,0,0,0,0,1,0.6509357200976403,19
3,1123,0,0,0,0,0,0,0,2,0.6509357200976403,19
3,1124,0,0,0,0,0,0,0,1,0.6509357200976403,20
3,1124,0,0,0,0,0,0,0,2,0.6509357200976403,20
3,1125,0,0,0,0,0,0,0,1,0.6509357200976403,21
3,1125,0,0,0,0,0,0,0,2,0.6509357200976403,21
3,1126,0,0,0,0,0,0,0,1,0.6509357200976403,22
3,1126,0,0,0,0,0,0,0,2,0.6509357200976403,22
3,1127,0,0,0,0,0,0,0,1,0.6509357200976403,23
3,1127,0,0,0,0,0,0,0,2,0.6509357200976403,23
3,1128,0,0,0,0,0,0,0,1,0.6509357200976403,0
3,1128,0,0,0,0,0,0,0,2,0.6509357200976403,0
3,1129,0,0,0,0,0,0,0,1,0.6509357200976403,1
3,1129,0,0,0,0,0,0,0,2,0.6509357200976403,1
3,1130,0,0,0,0,0,0,0,1,0.6509357200976403,2
3,1130,0,0,0,0,0,0,0,2,0.6509357200976403,2
3,1131,0,0,0,0,0,0,0,1,0.6509357200976403,3
3,1131,0,0,0,0,0,0,0,2,0.6509357200976403,3
3,1132,0,0,0,0,0,0,0,1,0.6509357200976403,4
3,1132,0,0,0,0,0,0,0,2,0.6509357200976403,4
3,1133,0,0,0,0,0,0,0,1,0.6509357200976403,5
3,1133,0,0,0,0,0,0,0,2,0.6509357200976403,5
3,1134,0,0,0,0,0,0,0,1,0.6509357200976403,6
3,1134,0,0,0,0,0,0,0,2,0.6509357200976403,6
3,1135,0,0,0,0,0,0,0,1,0.6509357200976403,7
3,1135,0,0,0,0,0,0,0,2,0.6509357200976403,7
3,1136,0,0,0,0,0,0,0,1,0.6509357200976403,8
3,1136,0,0,0,0,0,0,0,2,0.6509357200976403,8
3,1137,0,0,0,0,0,0,0,1,0.6509357200976403,9
3,1137,0,0,0,0,0,0,0,2,0.6509357200976403,9
3,1138,0,0,0,0,0,0,0,1,0.6509357200976403,10
3,1138,0,0,0,0,0,0,0,2,0.6509357200976403,10
3,1139,0,0,0,0,0,0,0,1,0.6509357200976403,11
3,1139,0,0,0,0,0,0,0,2,0.6509357200976403,11
3,1140,0,0,0,0,0,0,0,1,0.6509357200976403,12
3,1140,0,0,0,0,0,0,0,2,0.6509357200976403,12
3,1141,0,0,0,0,0,0,0,1,0.6509357200976403,13
3,1141,0,0,0,0,0,0,0,2,0.6509357200976403,13
3,1142,0,0,0,0,0,0,0,1,0.6509357200976403,14
3,1142,0,0,0,0,0,0,0,2,0.6509357200976403,14
3,1143,0,0,0,0,0,0,0,1,0.6509357200976403,15
3,1143,0,0,0,0,0,0,0,2,0.6509357200976403,15
3,1144,0,0,0,0,0,0,0,1,0.6509357200976403,16
3,1144,0,0,0,0,0,0,0,2,0.6509357200976403,16
3,1145,0,0,0,0,0,0,0,1,0.6509357200976403,17
3,1145,0,0,0,0,0,0,0,2,0.6509357200976403,17
3,1146,0,0,0,0,0,0,0,1,0.6509357200976403,18
3,1146,0,0,0,0,0,0,0,2,0.6509357200976403,18
3,1147,0,0,0,0,0,0,0,1,0.6509357200976403,19
3,1147,0,0,0,0,0,0,0,2,0.6509357200976403,19
3,1148,0,0,0,0,0,0,0,1,0.6509357200976403,20
3,1148,0,0,0,0,0,0,0,2,0.6509357200976403,20
3,1149,0,0,0,0,0,0,0,1,0.6509357200976403,21
3,1149,0,0,0,0,0,0,0,2,0.6509357200976403,21
3,1150,0,0,0,0,0,0,0,1,0.6509357200976403,22
3,1150,0,0,0,0,0,0,0,2,0.6509357200976403,22
3,1151,0,0,0,0,0,0,0,1,0.6509357200976403,23
3,1151,0,0,0,0,0,0,0,2,0.6509357200976403,23
3,1152,0,0,0,0,0,0,0,1,0.6509357200976403,0
3,1152,0,0,0,0,0,0,0,2,0.6509357200976403,0
3,1153,0,0,0,0,0,0,0,1,0.6509357200976403,1
3,1153,0,0,0,0,0,0,0,2,0.6509357200976403,1
3,1154,0,0,0,0,0,0,0,1,0.6509357200976403,2
3,1154,0,0,0,0,0,0,0,2,0.6509357200976403,2
3,1155,0,0,0,0,0,0,0,1,0.6509357200976403,3
3,1155,0,0,0,0,0,0,0,2,0.6509357200976403,3
3,1156,0,0,0,0,0,0,0,1,0.6509357200976403,4
3,1156,0,0,0,0,0,0,0,2,0.6509357200976403,4
3,1157,0,0,0,0,0,0,0,1,0.6509357200976403,5
3,1157,0,0,0,0,0,0,0,2,0.6509357200976403,5
3,1158,0,0,0,0,0,0,0,1,0.6509357200976403,6
3,1158,0,0,0,0,0,0,0,2,0.6509357200976403,6
3,1159,0,0,0,0,0,0,0,1,0.6509357200976403,7
3,1159,0,0,0,0,0,0,0,2,0.6509357200976403,7
3,1160,0,0,0,0,0,0,0,1,0.6509357200976403,8
3,1160,0,0,0,0,0,0,0,2,0.6509357200976403,8
3,1161,0,0,0,0,0,0,0,1,0.6509357200976403,9
3,1161,0,0,0,0,0,0,0,2,0.6509357200976403,9
3,1162,0,0,0,0,0,0,0,1,0.6509357200976403,10
3,1162,0,0,0,0,0,0,0,2,0.6509357200976403,10
3,1163,0,0,0,0,0,0,0,1,0.6509357200976403,11
3,1163,0,0,0,0,0,0,0,2,0.6509357200976403,11
3,1164,0,0,0,0,0,0,0,1,0.6509357200976403,12
3,1164,0,0,0,0,0,0,0,2,0.6509357200976403,12
3,1165,0,0,0,0,0,0,0,1,0.6509357200976403,13
3,1165,0,0,0,0,0,0,0,2,0.6509357200976403,13
3,1166,0,0,0,0,0,0,0,1,0.6509357200976403,14
3,1166,0,0,0,0,0,0,0,2,0.6509357200976403,14
3,1167,0,0,0,0,0,0,0,1,0.6509357200976403,15
3,1167,0,0,0,0,0,0,0,2,0.6509357200976403,15
3,1168,0,0,0,0,0,0,0,1,0.6509357200976403,16
3,1168,0,0,0,0,0,0,0,2,0.6509357200976403,16
3,1169,0,0,0,0,0,0,0,1,0.6509357200976403,17
3,1169,0,0,0,0,0,0,0,2,0.6509357200976403,17
3,1170,0,0,0,0,0,0,0,1,0.6509357200976403,18
3,1170,0,0,0,0,0,0,0,2,0.6509357200976403,18
3,1171,0,0,0,0,0,0,0,1,0.6509357200976403,19
3,1171,0,0,0,0,0,0,0,2,0.6509357200976403,19
3,1172,0,0,0,0,0,0,0,1,0.6509357200976403,20
3,1172,0,0,0,0,0,0,0,2,0.6509357200976403,20
3,1173,0,0,0,0,0,0,0,1,0.6509357200976403,21
3,1173,0,0,0,0,0,0,0,2,0.6509357200976403,21
3,1174,0,0,0,0,0,0,0,1,0.6509357200976403,22
3,1174,0,0,0,0,0,0,0,2,0.6509357200976403,22
3,1175,0,0,0,0,0,0,0,1,0.6509357200976403,23
3,1175,0,0,0,0,0,0,0,2,0.6509357200976403,23
3,1176,0,0,0,0,0,0,0,1,0.6509357200976403,0
3,1176,0,0,0,0,0,0,0,2,0.6509357200976403,0
3,1177,0,0,0,0,0,0,0,1,0.6509357200976403,1
3,1177,0,0,0,0,0,0,0,2,0.6509357200976403,1
3,1178,0,0,0,0,0,0,0,1,0.6509357200976403,2
3,1178,0,0,0,0,0,0,0,2,0.6509357200976403,2
3,1179,0,0,0,0,0,0,0,1,0.6509357200976403,3
3,1179,0,0,0,0,0,0,0,2,0.6509357200976403,3
3,1180,0,0,0,0,0,0,0,1,0.6509357200976403,4
3,1180,0,0,0,0,0,0,0,2,0.6509357200976403,4
3,1181,0,0,0,0,0,0,0,1,0.6509357200976403,5
3,1181,0,0,0,0,0,0,0,2,0.6509357200976403,5
3,1182,0,0,0,0,0,0,0,1,0.6509357200976403,6
3,1182,0,0,0,0,0,0,0,2,0.6509357200976403,6
3,1183,0,0,0,0,0,0,0,1,0.6509357200976403,7
3,1183,0,0,0,0,0,0,0,2,0.6509357200976403,7
3,1184,0,0,0,0,0,0,0,1,0.6509357200976403,8
3,1184,0,0,0,0,0,0,0,2,0.6509357200976403,8
3,1185,0,0,0,0,0,0,0,1,0.6509357200976403,9
3,1185,0,0,0,0,0,0,0,2,0.6509357200976403,9
3,1186,0,0,0,0,0,0,0,1,0.6509357200976403,10
3,1186,0,0,0,0,0,0,0,2,0.6509357200976403,10
3,1187,0,0,0,0,0,0,0,1,0.6509357200976403,11
3,1187,0,0,0,0,0,0,0,2,0.6509357200976403,11
3,1188,0,0,0,0,0,0,0,1,0.6509357200976403,12
3,1188,0,0,0,0,0,0,0,2,0.6509357200976403,12
3,1189,0,0,0,0,0,0,0,1,0.6509357200976403,13
3,1189,0,0,0,0,0,0,0,2,0.6509357200976403,13
3,1190,0,0,0,0,0,0,0,1,0.6509357200976403,14
3,1190,0,0,0,0,0,0,0,2,0.6509357200976403,14
3,1191,0,0,0,0,0,0,0,1,0.6509357200976403,15
3,1191,0,0,0,0,0,0,0,2,0.6509357200976403,15
3,1192,0,0,0,0,0,0,0,1,0.6509357200976403,16
3,1192,0,0,0,0,0,0,0,2,0.6509357200976403,16
3,1193,0,0,0,0,0,0,0,1,0.6509357200976403,17
3,1193,0,0,0,0,0,0,0,2,0.6509357200976403,17
3,1194,0,0,0,0,0,0,0,1,0.6509357200976403,18
3,1194,0,0,0,0,0,0,0,2,0.6509357200976403,18
3,1195,0,0,0,0,0,0,0,1,0.6509357200976403,19
3,1195,0,0,0,0,0,0,0,2,0.6509357200976403,19
3,1196,0,0,0,0,0,0,0,1,0.6509357200976403,20
3,1196,0,0,0,0,0,0,0,2,0.6509357200976403,20
3,1197,0,0,0,0,0,0,0,1,0.6509357200976403,21
3,1197,0,0,0,0,0,0,0,2,0.6509357200976403,21
3,1198,0,0,0,0,0,0,0,1,0.6509357200976403,22
3,1198,0,0,0,0,0,0,0,2,0.6509357200976403,22
3,1199,0,0,0,0,0,0,0,1,0.6509357200976403,23
3,1199,0,0,0,0,0,0,0,2,0.6509357200976403,23
3,1200,0,0,0,0,0,0,0,1,0.6509357200976403,0
3,1200,0,0,0,0,0,0,0,2,0.6509357200976403,0
3,1201,0,0,0,0,0,0,0,1,0.6509357200976403,1
3,1201,0,0,0,0,0,0,0,2,0.6509357200976403,1
3,1202,0,0,0,0,0,0,0,1,0.6509357200976403,2
3,1202,0,0,0,0,0,0,0,2,0.6509357200976403,2
3,1203,0,0,0,0,0,0,0,1,0.6509357200976403,3
3,1203,0,0,0,0,0,0,0,2,0.6509357200976403,3
3,1204,0,0,0,0,0,0,0,1,0.6509357200976403,4
3,1204,0,0,0,0,0,0,0,2,0.6509357200976403,4
3,1205,0,0,0,0,0,0,0,1,0.6509357200976403,5
3,1205,0,0,0,0,0,0,0,2,0.6509357200976403,5
3,1206,0,0,0,0,0,0,0,1,0.6509357200976403,6
3,1206,0,0,0,0,0,0,0,2,0.6509357200976403,6
3,1207,0,0,0,0,0,0,0,1,0.6509357200976403,7
3,1207,0,0,0,0,0,0,0,2,0.6509357200976403,7
3,1208,0,0,0,0,0,0,0,1,0.6509357200976403,8
3,1208,0,0,0,0,0,0,0,2,0.6509357200976403,8
3,1209,0,0,0,0,0,0,0,1,0.6509357200976403,9
3,1209,0,0,0,0,0,0,0,2,0.6509357200976403,9
3,1210,0,0,0,0,0,0,0,1,0.6509357200976403,10
3,1210,0,0,0,0,0,0,0,2,0.6509357200976403,10
3,1211,0,0,0,0,0,0,0,1,0.6509357200976403,11
3,1211,0,0,0,0,0,0,0,2,0.6509357200976403,11
3,1212,0,0,0,0,0,0,0,1,0.6509357200976403,12
3,1212,0,0,0,0,0,0,0,2,0.6509357200976403,12
3,1213,0,0,0,0,0,0,0,1,0.6509357200976403,13
3,1213,0,0,0,0,0,0,0,2,0.6509357200976403,13
3,1214,0,0,0,0,0,0,0,1,0.6509357200976403,14
3,1214,0,0,0,0,0,0,0,2,0.6509357200976403,14
3,1215,0,0,0,0,0,0,0,1,0.6509357200976403,15
3,1215,0,0,0,0,0,0,0,2,0.6509357200976403,15
3,1216,0,0,0,0,0,0,0,1,0.6509357200976403,16
3,1216,0,0,0,0,0,0,0,2,0.6509357200976403,16
3,1217,0,0,0,0,0,0,0,1,0.6509357200976403,17
3,1217,0,0,0,0,0,0,0,2,0.6509357200976403,17
3,1218,0,0,0,0,0,0,0,1,0.6509357200976403,18
3,1218,0,0,0,0,0,0,0,2,0.6509357200976403,18
3,1219,0,0,0,0,0,0,0,1,0.6509357200976403,19
3,1219,0,0,0,0,0,0,0,2,0.6509357200976403,19
3,1220,0,0,0,0,0,0,0,1,0.6509357200976403,20
3,1220,0,0,0,0,0,0,0,2,0.6509357200976403,20
3,1221,0,0,0,0,0,0,0,1,0.6509357200976403,21
3,1221,0,0,0,0,0,0,0,2,0.6509357200976403,21
3,1222,0,0,0,0,0,0,0,1,0.6509357200976403,22
3,1222,0,0,0,0,0,0,0,2,0.6509357200976403,22
3,1223,0,0,0,0,0,0,0,1,0.6509357200976403,23
3,1223,0,0,0,0,0,0,0,2,0.6509357200976403,23
3,1224,0,0,0,0,0,0,0,1,0.6509357200976403,0
3,1224,0,0,0,0,0,0,0,2,0.6509357200976403,0
3,1225,0,0,0,0,0,0,0,1,0.6509357200976403,1
3,1225,0,0,0,0,0,0,0,2,0.6509357200976403,1
3,1226,0,0,0,0,0,0,0,1,0.6509357200976403,2
3,1226,0,0,0,0,0,0,0,2,0.6509357200976403,2
3,1227,0,0,0,0,0,0,0,1,0.6509357200976403,3
3,1227,0,0,0,0,0,0,0,2,0.6509357200976403,3
3,1228,0,0,0,0,0,0,0,1,0.6509357200976403,4
3,1228,0,0,0,0,0,0,0,2,0.6509357200976403,4
3,1229,0,0,0,0,0,0,0,1,0.6509357200976403,5
3,1229,0,0,0,0,0,0,0,2,0.6509357200976403,5
3,1230,0,0,0,0,0,0,0,1,0.6509357200976403,6
3,1230,0,0,0,0,0,0,0,2,0.6509357200976403,6
3,1231,0,0,0,0,0,0,0,1,0.6509357200976403,7
3,1231,0,0,0,0,0,0,0,2,0.6509357200976403,7
3,1232,0,0,0,0,0,0,0,1,0.6509357200976403,8
3,1232,0,0,0,0,0,0,0,2,0.6509357200976403,8
3,1233,0,0,0,0,0,0,0,1,0.6509357200976403,9
3,1233,0,0,0,0,0,0,0,2,0.6509357200976403,9
3,1234,0,0,0,0,0,0,0,1,0.6509357200976403,10
3,1234,0,0,0,0,0,0,0,2,0.6509357200976403,10
3,1235,0,0,0,0,0,0,0,1,0.6509357200976403,11
3,1235,0,0,0,0,0,0,0,2,0.6509357200976403,11
3,1236,0,0,0,0,0,0,0,1,0.6509357200976403,12
3,1236,0,0,0,0,0,0,0,2,0.6509357200976403,12
3,1237,0,0,0,0,0,0,0,1,0.6509357200976403,13
3,1237,0,0,0,0,0,0,0,2,0.6509357200976403,13
3,1238,0,0,0,0,0,0,0,1,0.6509357200976403,14
3,1238,0,0,0,0,0,0,0,2,0.6509357200976403,14
3,1239,0,0,0,0,0,0,0,1,0.6509357200976403,15
3,1239,0,0,0,0,0,0,0,2,0.6509357200976403,15
3,1240,0,0,0,0,0,0,0,1,0.6509357200976403,16
3,1240,0,0,0,0,0,0,0,2,0.6509357200976403,16
3,1241,0,0,0,0,0,0,0,1,0.6509357200976403,17
3,1241,0,0,0,0,0,0,0,2,0.6509357200976403,17
3,1242,0,0,0,0,0,0,0,1,0.6509357200976403,18
3,1242,0,0,0,0,0,0,0,2,0.6509357200976403,18
3,1243,0,0,0,0,0,0,0,1,0.6509357200976403,19
3,1243,0,0,0,0,0,0,0,2,0.6509357200976403,19
3,1244,0,0,0,0,0,0,0,1,0.6509357200976403,20
3,1244,0,0,0,0,0,0,0,2,0.6509357200976403,20
3,1245,0,0,0,0,0,0,0,1,0.6509357200976403,21
3,1245,0,0,0,0,0,0,0,2,0.6509357200976403,21
3,1246,0,0,0,0,0,0,0,1,0.6509357200976403,22
3,1246,0,0,0,0,0,0,0,2,0.6509357200976403,22
3,1247,0,0,0,0,0,0,0,1,0.6509357200976403,23
3,1247,0,0,0,0,0,0,0,2,0.6509357200976403,23
3,1248,0,0,0,0,0,0,0,1,0.6509357200976403,0
3,1248,0,0,0,0,0,0,0,2,0.6509357200976403,0
3,1249,0,0,0,0,0,0,0,1,0.6509357200976403,1
3,1249,0,0,0,0,0,0,0,2,0.6509357200976403,1
3,1250,0,0,0,0,0,0,0,1,0.6509357200976403,2
3,1250,0,0,0,0,0,0,0,2,0.6509357200976403,2
3,1251,0,0,0,0,0,0,0,1,0.6509357200976403,3
3,1251,0,0,0,0,0,0,0,2,0.6509357200976403,3
3,1252,0,0,0,0,0,0,0,1,0.6509357200976403,4
3,1252,0,0,0,0,0,0,0,2,0.6509357200976403,4
3,1253,0,0,0,0,0,0,0,1,0.6509357200976403,5
3,1253,0,0,0,0,0,0,0,2,0.6509357200976403,5
3,1254,0,0,0,0,0,0,0,1,0.6509357200976403,6
3,1254,0,0,0,0,0,0,0,2,0.6509357200976403,6
3,1255,0,0,0,0,0,0,0,1,0.6509357200976403,7
3,1255,0,0,0,0,0,0,0,2,0.6509357200976403,7
3,1256,0,0,0,0,0,0,0,1,0.6509357200976403,8
3,1256,0,0,0,0,0,0,0,2,0.6509357200976403,8
3,1257,0,0,0,0,0,0,0,1,0.6509357200976403,9
3,1257,0,0,0,0,0,0,0,2,0.6509357200976403,9
3,1258,0,0,0,0,0,0,0,1,0.6509357200976403,10
3,1258,0,0,0,0,0,0,0,2,0.6509357200976403,10
3,1259,0,0,0,0,0,0,0,1,0.6509357200976403,11
3,1259,0,0,0,0,0,0,0,2,0.6509357200976403,11
3,1260,0,0,0,0,0,0,0,1,0.6509357200976403,12
3,1260,0,0,0,0,0,0,0,2,0.6509357200976403,12
3,1261,0,0,0,0,0,0,0,1,0.6509357200976403,13
3,1261,0,0,0,0,0,0,0,2,0.6509357200976403,13
3,1262,0,0,0,0,0,0,0,1,0.6509357200976403,14
3,1262,0,0,0,0,0,0,0,2,0.6509357200976403,14
3,1263,0,0,0,0,0,0,0,1,0.6509357200976403,15
3,1263,0,0,0,0,0,0,0,2,0.6509357200976403,15
3,1264,0,0,0,0,0,0,0,1,0.6509357200976403,16
3,1264,0,0,0,0,0,0,0,2,0.6509357200976403,16
3,1265,0,0,0,0,0,0,0,1,0.6509357200976403,17
3,1265,0,0,0,0,0,0,0,2,0.6509357200976403,17
3,1266,0,0,0,0,0,0,0,1,0.6509357200976403,18
3,1266,0,0,0,0,0,0,0,2,0.6509357200976403,18
3,1267,0,0,0,0,0,0,0,1,0.6509357200976403,19
3,1267,0,0,0,0,0,0,0,2,0.6509357200976403,19
3,1268,0,0,0,0,0,0,0,1,0.6509357200976403,20
3,1268,0,0,0,0,0,0,0,2,0.6509357200976403,20
3,1269,0,0,0,0,0,0,0,1,0.6509357200976403,21
3,1269,0,0,0,0,0,0,0,2,0.6509357200976403,21
3,1270,0,0,0,0,0,0,0,1,0.6509357200976403,22
3,1270,0,0,0,0,0,0,0,2,0.6509357200976403,22
3,1271,0,0,0,0,0,0,0,1,0.6509357200976403,23
3,1271,0,0,0,0,0,0,0,2,0.6509357200976403,23
3,1272,0,0,0,0,0,0,0,1,0.6509357200976403,0
3,1272,0,0,0,0,0,0,0,2,0.6509357200976403,0
3,1273,0,0,0,0,0,0,0,1,0.6509357200976403,1
3,1273,0,0,0,0,0,0,0,2,0.6509357200976403,1
3,1274,0,0,0,0,0,0,0,1,0.6509357200976403,2
3,1274,0,0,0,0,0,0,0,2,0.6509357200976403,2
3,1275,0,0,0,0,0,0,0,1,0.6509357200976403,3
3,1275,0,0,0,0,0,0,0,2,0.6509357200976403,3
3,1276,0,0,0,0,0,0,0,1,0.6509357200976403,4
3,1276,0,0,0,0,0,0,0,2,0.6509357200976403,4
3,1277,0,0,0,0,0,0,0,1,0.6509357200976403,5
3,1277,0,0,0,0,0,0,0,2,0.6509357200976403,5
3,1278,0,0,0,0,0,0,0,1,0.6509357200976403,6
3,1278,0,0,0,0,0,0,0,2,0.6509357200976403,6
3,1279,0,0,0,0,0,0,0,1,0.6509357200976403,7
3,1279,0,0,0,0,0,0,0,2,0.6509357200976403,7
3,1280,0,0,0,0,0,0,0,1,0.6509357200976403,8
3,1280,0,0,0,0,0,0,0,2,0.6509357200976403,8
3,1281,0,0,0,0,0,0,0,1,0.6509357200976403,9
3,1281,0,0,0,0,0,0,0,2,0.6509357200976403,9
3,1282,0,0,0,0,0,0,0,1,0.6509357200976403,10
3,1282,0,0,0,0,0,0,0,2,0.6509357200976403,10
3,1283,0,0,0,0,0,0,0,1,0.6509357200976403,11
3,1283,0,0,0,0,0,0,0,2,0.6509357200976403,11
3,1284,0,0,0,0,0,0,0,1,0.6509357200976403,12
3,1284,0,0,0,0,0,0,0,2,0.6509357200976403,12
3,1285,0,0,0,0,0,0,0,1,0.6509357200976403,13
3,1285,0,0,0,0,0,0,0,2,0.6509357200976403,13
3,1286,0,0,0,0,0,0,0,1,0.6509357200976403,14
3,1286,0,0,0,0,0,0,0,2,0.6509357200976403,14
3,1287,0,0,0,0,0,0,0,1,0.6509357200976403,15
3,1287,0,0,0,0,0,0,0,2,0.6509357200976403,15
3,1288,0,0,0,0,0,0,0,1,0.6509357200976403,16
3,1288,0,0,0,0,0,0,0,2,0.6509357200976403,16
3,1289,0,0,0,0,0,0,0,1,0.6509357200976403,17
3,1289,0,0,0,0,0,0,0,2,0.6509357200976403,17
3,1290,0,0,0,0,0,0,0,1,0.6509357200976403,18
3,1290,0,0,0,0,0,0,0,2,0.6509357200976403,18
3,1291,0,0,0,0,0,0,0,1,0.6509357200976403,19
3,1291,0,0,0,0,0,0,0,2,0.6509357200976403,19
3,1292,0,0,0,0,0,0,0,1,0.6509357200976403,20
3,1292,0,0,0,0,0,0,0,2,0.6509357200976403,20
3,1293,0,0,0,0,0,0,0,1,0.6509357200976403,21
3,1293,0,0,0,0,0,0,0,2,0.6509357200976403,21
3,1294,0,0,0,0,0,0,0,1,0.6509357200976403,22
3,1294,0,0,0,0,0,0,0,2,0.6509357200976403,22
3,1295,0,0,0,0,0,0,0,1,0.6509357200976403,23
3,1295,0,0,0,0,0,0,0,2,0.6509357200976403,23
3,1296,0,0,0,0,0,0,0,1,0.6509357200976403,0
3,1296,0,0,0,0,0,0,0,2,0.6509357200976403,0
3,1297,0,0,0,0,0,0,0,1,0.6509357200976403,1
3,1297,0,0,0,0,0,0,0,2,0.6509357200976403,1
3,1298,0,0,0,0,0,0,0,1,0.6509357200976403,2
3,1298,0,0,0,0,0,0,0,2,0.6509357200976403,2
3,1299,0,0,0,0,0,0,0,1,0.6509357200976403,3
3,1299,0,0,0,0,0,0,0,2,0.6509357200976403,3
3,1300,0,0,0,0,0,0,0,1,0.6509357200976403,4
3,1300,0,0,0,0,0,0,0,2,0.6509357200976403,4
3,1301,0,0,0,0,0,0,0,1,0.6509357200976403,5
3,1301,0,0,0,0,0,0,0,2,0.6509357200976403,5
3,1302,0,0,0,0,0,0,0,1,0.6509357200976403,6
3,1302,0,0,0,0,0,0,0,2,0.6509357200976403,6
3,1303,0,0,0,0,0,0,0,1,0.6509357200976403,7
3,1303,0,0,0,0,0,0,0,2,0.6509357200976403,7
3,1304,0,0,0,0,0,0,0,1,0.6509357200976403,8
3,1304,0,0,0,0,0,0,0,2,0.6509357200976403,8
3,1305,0,0,0,0,0,0,0,1,0.6509357200976403,9
3,1305,0,0,0,0,0,0,0,2,0.6509357200976403,9
3,1306,0,0,0,0,0,0,0,1,0.6509357200976403,10
3,1306,0,0,0,0,0,0,0,2,0.6509357200976403,10
3,1307,0,0,0,0,0,0,0,1,0.6509357200976403,11
3,1307,0,0,0,0,0,0,0,2,0.6509357200976403,11
3,1308,0,0,0,0,0,0,0,1,0.6509357200976403,12
3,1308,0,0,0,0,0,0,0,2,0.6509357200976403,12
3,1309,0,0,0,0,0,0,0,1,0.6509357200976403,13
3,1309,0,0,0,0,0,0,0,2,0.6509357200976403,13
3,1310,0,0,0,0,0,0,0,1,0.6509357200976403,14
3,1310,0,0,0,0,0,0,0,2,0.6509357200976403,14
3,1311,0,0,0,0,0,0,0,1,0.6509357200976403,15
3,1311,0,0,0,0,0,0,0,2,0.6509357200976403,15
3,1312,0,0,0,0,0,0,0,1,0.6509357200976403,16
3,1312,0,0,0,0,0,0,0,2,0.6509357200976403,16
3,1313,0,0,0,0,0,0,0,1,0.6509357200976403,17
3,1313,0,0,0,0,0,0,0,2,0.6509357200976403,17
3,1314,0,0,0,0,0,0,0,1,0.6509357200976403,18
3,1314,0,0,0,0,0,0,0,2,0.6509357200976403,18
3,1315,0,0,0,0,0,0,0,1,0.6509357200976403,19
3,1315,0,0,0,0,0,0,0,2,0.6509357200976403,19
3,1316,0,0,0,0,0,0,0,1,0.6509357200976403,20
3,1316,0,0,0,0,0,0,0,2,0.6509357200976403,20
3,1317,0,0,0,0,0,0,0,1,0.6509357200976403,21
3,1317,0,0,0,0,0,0,0,2,0.6509357200976403,21
3,1318,0,0,0,0,0,0,0,1,0.6509357200976403,22
3,1318,0,0,0,0,0,0,0,2,0.6509357200976403,22
3,1319,0,0,0,0,0,0,0,1,0.6509357200976403,23
3,1319,0,0,0,0,0,0,0,2,0.6509357200976403,23
3,1320,0,0,0,0,0,0,0,1,0.6509357200976403,0
3,1320,0,0,0,0,0,0,0,2,0.6509357200976403,0
3,1321,0,0,0,0,0,0,0,1,0.6509357200976403,1
3,1321,0,0,0,0,0,0,0,2,0.6509357200976403,1
3,1322,0,0,0,0,0,0,0,1,0.6509357200976403,2
3,1322,0,0,0,0,0,0,0,2,0.6509357200976403,2
3,1323,0,0,0,0,0,0,0,1,0.6509357200976403,3
3,1323,0,0,0,0,0,0,0,2,0.6509357200976403,3
3,1324,0,0,0,0,0,0,0,1,0.6509357200976403,4
3,1324,0,0,0,0,0,0,0,2,0.6509357200976403,4
3,1325,0,0,0,0,0,0,0,1,0.6509357200976403,5
3,1325,0,0,0,0,0,0,0,2,0.6509357200976403,5
3,1326,0,0,0,0,0,0,0,1,0.6509357200976403,6
3,1326,0,0,0,0,0,0,0,2,0.6509357200976403,6
3,1327,0,0,0,0,0,0,0,1,0.6509357200976403,7
3,1327,0,0,0,0,0,0,0,2,0.6509357200976403,7
3,1328,0,0,0,0,0,0,0,1,0.6509357200976403,8
3,1328,0,0,0,0,0,0,0,2,0.6509357200976403,8
3,1329,0,0,0,0,0,0,0,1,0.6509357200976403,9
3,1329,0,0,0,0,0,0,0,2,0.6509357200976403,9
3,1330,0,0,0,0,0,0,0,1,0.6509357200976403,10
3,1330,0,0,0,0,0,0,0,2,0.6509357200976403,10
3,1331,0,0,0,0,0,0,0,1,0.6509357200976403,11
3,1331,0,0,0,0,0,0,0,2,0.6509357200976403,11
3,1332,0,0,0,0,0,0,0,1,0.6509357200976403,12
3,1332,0,0,0,0,0,0,0,2,0.6509357200976403,12
3,1333,0,0,0,0,0,0,0,1,0.6509357200976403,13
3,1333,0,0,0,0,0,0,0,2,0.6509357200976403,13
3,1334,0,0,0,0,0,0,0,1,0.6509357200976403,14
3,1334,0,0,0,0,0,0,0,2,0.6509357200976403,14
3,1335,0,0,0,0,0,0,0,1,0.6509357200976403,15
3,1335,0,0,0,0,0,0,0,2,0.6509357200976403,15
3,1336,0,0,0,0,0,0,0,1,0.6509357200976403,16
3,1336,0,0,0,0,0,0,0,2,0.6509357200976403,16
3,1337,0,0,0,0,0,0,0,1,0.6509357200976403,17
3,1337,0,0,0,0,0,0,0,2,0.6509357200976403,17
3,1338,0,0,0,0,0,0,0,1,0.6509357200976403,18
3,1338,0,0,0,0,0,0,0,2,0.6509357200976403,18
3,1339,0,0,0,0,0,0,0,1,0.6509357200976403,19
3,1339,0,0,0,0,0,0,0,2,0.6509357200976403,19
3,1340,0,0,0,0,0,0,0,1,0.6509357200976403,20
3,1340,0,0,0,0,0,0,0,2,0.6509357200976403,20
3,1341,0,0,0,0,0,0,0,1,0.6509357200976403,21
3,1341,0,0,0,0,0,0,0,2,0.6509357200976403,21
3,1342,0,0,0,0,0,0,0,1,0.6509357200976403,22
3,1342,0,0,0,0,0,0,0,2,0.6509357200976403,22
3,1343,0,0,0,0,0,0,0,1,0.6509357200976403,23
3,1343,0,0,0,0,0,0,0,2,0.6509357200976403,23
3,1344,0,0,0,0,0,0,0,1,0.6509357200976403,0
3,1344,0,0,0,0,0,0,0,2,0.6509357200976403,0
3,1345,0,0,0,0,0,0,0,1,0.6509357200976403,1
3,1345,0,0,0,0,0,0,0,2,0.6509357200976403,1
3,1346,0,0,0,0,0,0,0,1,0.6509357200976403,2
3,1346,0,0,0,0,0,0,0,2,0.6509357200976403,2
3,1347,0,0,0,0,0,0,0,1,0.6509357200976403,3
3,1347,0,0,0,0,0,0,0,2,0.6509357200976403,3
3,1348,0,0,0,0,0,0,0,1,0.6509357200976403,4
3,1348,0,0,0,0,0,0,0,2,0.6509357200976403,4
3,1349,0,0,0,0,0,0,0,1,0.6509357200976403,5
3,1349,0,0,0,0,0,0,0,2,0.6509357200976403,5
3,1350,0,0,0,0,0,0,0,1,0.6509357200976403,6
3,1350,0,0,0,0,0,0,0,2,0.6509357200976403,6
3,1351,0,0,0,0,0,0,0,1,0.6509357200976403,7
3,1351,0,0,0,0,0,0,0,2,0.6509357200976403,7
3,1352,0,0,0,0,0,0,0,1,0.6509357200976403,8
3,1352,0,0,0,0,0,0,0,2,0.6509357200976403,8
3,1353,0,0,0,0,0,0,0,1,0.6509357200976403,9
3,1353,0,0,0,0,0,0,0,2,0.6509357200976403,9
3,1354,0,0,0,0,0,0,0,1,0.6509357200976403,10
3,1354,0,0,0,0,0,0,0,2,0.6509357200976403,10
3,1355,0,0,0,0,0,0,0,1,0.6509357200976403,11
3,1355,0,0,0,0,0,0,0,2,0.6509357200976403,11
3,1356,0,0,0,0,0,0,0,1,0.6509357200976403,12
3,1356,0,0,0,0,0,0,0,2,0.6509357200976403,12
3,1357,0,0,0,0,0,0,0,1,0.6509357200976403,13
3,1357,0,0,0,0,0,0,0,2,0.6509357200976403,13
3,1358,0,0,0,0,0,0,0,1,0.6509357200976403,14
3,1358,0,0,0,0,0,0,0,2,0.6509357200976403,14
3,1359,0,0,0,0,0,0,0,1,0.6509357200976403,15
3,1359,0,0,0,0,0,0,0,2,0.6509357200976403,15
3,1360,0,0,0,0,0,0,0,1,0.6509357200976403,16
3,1360,0,0,0,0,0,0,0,2,0.6509357200976403,16
3,1361,0,0,0,0,0,0,0,1,0.6509357200976403,17
3,1361,0,0,0,0,0,0,0,2,0.6509357200976403,17
3,1362,0,0,0,0,0,0,0,1,0.6509357200976403,18
3,1362,0,0,0,0,0,0,0,2,0.6509357200976403,18
3,1363,0,0,0,0,0,0,0,1,0.6509357200976403,19
3,1363,0,0,0,0,0,0,0,2,0.6509357200976403,19
3,1364,0,0,0,0,0,0,0,1,0.6509357200976403,20
3,1364,0,0,0,0,0,0,0,2,0.6509357200976403,20
3,1365,0,0,0,0,0,0,0,1,0.6509357200976403,21
3,1365,0,0,0,0,0,0,0,2,0.6509357200976403,21
3,1366,0,0,0,0,0,0,0,1,0.6509357200976403,22
3,1366,0,0,0,0,0,0,0,2,0.6509357200976403,22
3,1367,0,0,0,0,0,0,0,1,0.6509357200976403,23
3,1367,0,0,0,0,0,0,0,2,0.6509357200976403,23
3,1368,0,0,0,0,0,0,0,1,0.6509357200976403,0
3,1368,0,0,0,0,0,0,0,2,0.6509357200976403,0
3,1369,0,0,0,0,0,0,0,1,0.6509357200976403,1
3,1369,0,0,0,0,0,0,0,2,0.6509357200976403,1
3,1370,0,0,0,0,0,0,0,1,0.6509357200976403,2
3,1370,0,0,0,0,0,0,0,2,0.6509357200976403,2
3,1371,0,0,0,0,0,0,0,1,0.6509357200976403,3
3,1371,0,0,0,0,0,0,0,2,0.6509357200976403,3
3,1372,0,0,0,0,0,0,0,1,0.6509357200976403,4
3,1372,0,0,0,0,0,0,0,2,0.6509357200976403,4
3,1373,0,0,0,0,0,0,0,1,0.6509357200976403,5
3,1373,0,0,0,0,0,0,0,2,0.6509357200976403,5
3,1374,0,0,0,0,0,0,0,1,0.6509357200976403,6
3,1374,0,0,0,0,0,0,0,2,0.6509357200976403,6
3,1375,0,0,0,0,0,0,0,1,0.6509357200976403,7
3,1375,0,0,0,0,0,0,0,2,0.6509357200976403,7
3,1376,0,0,0,0,0,0,0,1,0.6509357200976403,8
3,1376,0,0,0,0,0,0,0,2,0.6509357200976403,8
3,1377,0,0,0,0,0,0,0,1,0.6509357200976403,9
3,1377,0,0,0,0,0,0,0,2,0.6509357200976403,9
3,1378,0,0,0,0,0,0,0,1,0.6509357200976403,10
3,1378,0,0,0,0,0,0,0,2,0.6509357200976403,10
3,1379,0,0,0,0,0,0,0,1,0.6509357200976403,11
3,1379,0,0,0,0,0,0,0,2,0.6509357200976403,11
3,1380,0,0,0,0,0,0,0,1,0.6509357200976403,12
3,1380,0,0,0,0,0,0,0,2,0.6509357200976403,12
3,1381,0,0,0,0,0,0,0,1,0.6509357200976403,13
3,1381,0,0,0,0,0,0,0,2,0.6509357200976403,13
3,1382,0,0,0,0,0,0,0,1,0.6509357200976403,14
3,1382,0,0,0,0,0,0,0,2,0.6509357200976403,14
3,1383,0,0,0,0,0,0,0,1,0.6509357200976403,15
3,1383,0,0,0,0,0,0,0,2,0.6509357200976403,15
3,1384,0,0,0,0,0,0,0,1,0.6509357200976403,16
3,1384,0,0,0,0,0,0,0,2,0.6509357200976403,16
3,1385,0,0,0,0,0,0,0,1,0.6509357200976403,17
3,1385,0,0,0,0,0,0,0,2,0.6509357200976403,17
3,1386,0,0,0,0,0,0,0,1,0.6509357200976403,18
3,1386,0,0,0,0,0,0,0,2,0.6509357200976403,18
3,1387,0,0,0,0,0,0,0,1,0.6509357200976403,19
3,1387,0,0,0,0,0,0,0,2,0.6509357200976403,19
3,1388,0,0,0,0,0,0,0,1,0.6509357200976403,20
3,1388,0,0,0,0,0,0,0,2,0.6509357200976403,20
3,1389,0,0,0,0,0,0,0,1,0.6509357200976403,21
3,1389,0,0,0,0,0,0,0,2,0.6509357200976403,21
3,1390,0,0,0,0,0,0,0,1,0.6509357200976403,22
3,1390,0,0,0,0,0,0,0,2,0.6509357200976403,22
3,1391,0,0,0,0,0,0,0,1,0.6509357200976403,23
3,1391,0,0,0,0,0,0,0,2,0.6509357200976403,23
3,1392,0,0,0,0,0,0,0,1,0.6509357200976403,0
3,1392,0,0,0,0,0,0,0,2,0.6509357200976403,0
3,1393,0,0,0,0,0,0,0,1,0.6509357200976403,1
3,1393,0,0,0,0,0,0,0,2,0.6509357200976403,1
3,1394,0,0,0,0,0,0,0,1,0.6509357200976403,2
3,1394,0,0,0,0,0,0,0,2,0.6509357200976403,2
3,1395,0,0,0,0,0,0,0,1,0.6509357200976403,3
3,1395,0,0,0,0,0,0,0,2,0.6509357200976403,3
3,1396,0,0,0,0,0,0,0,1,0.6509357200976403,4
3,1396,0,0,0,0,0,0,0,2,0.6509357200976403,4
3,1397,0,0,0,0,0,0,0,1,0.6509357200976403,5
3,1397,0,0,0,0,0,0,0,2,0.6509357200976403,5
3,1398,0,0,0,0,0,0,0,1,0.6509357200976403,6
3,1398,0,0,0,0,0,0,0,2,0.6509357200976403,6
3,1399,0,0,0,0,0,0,0,1,0.6509357200976403,7
3,1399,0,0,0,0,0,0,0,2,0.6509357200976403,7
3,1400,0,0,0,0,0,0,0,1,0.6509357200976403,8
3,1400,0,0,0,0,0,0,0,2,0.6509357200976403,8
3,1401,0,0,0,0,0,0,0,1,0.6509357200976403,9
3,1401,0,0,0,0,0,0,0,2,0.6509357200976403,9
3,1402,0,0,0,0,0,0,0,1,0.6509357200976403,10
3,1402,0,0,0,0,0,0,0,2,0.6509357200976403,10
3,1403,0,0,0,0,0,0,0,1,0.6509357200976403,11
3,1403,0,0,0,0,0,0,0,2,0.6509357200976403,11
3,1404,0,0,0,0,0,0,0,1,0.6509357200976403,12
3,1404,0,0,0,0,0,0,0,2,0.6509357200976403,12
3,1405,0,0,0,0,0,0,0,1,0.6509357200976403,13
3,1405,0,0,0,0,0,0,0,2,0.6509357200976403,13
3,1406,0,0,0,0,0,0,0,1,0.6509357200976403,14
3,1406,0,0,0,0,0,0,0,2,0.6509357200976403,14
3,1407,0,0,0,0,0,0,0,1,0.6509357200976403,15
3,1407,0,0,0,0,0,0,0,2,0.6509357200976403,15
3,1408,0,0,0,0,0,0,0,1,0.6509357200976403,16
3,1408,0,0,0,0,0,0,0,2,0.6509357200976403,16
3,1409,0,0,0,0,0,0,0,1,0.6509357200976403,17
3,1409,0,0,0,0,0,0,0,2,0.6509357200976403,17
3,1410,0,0,0,0,0,0,0,1,0.6509357200976403,18
3,1410,0,0,0,0,0,0,0,2,0.6509357200976403,18
3,1411,0,0,0,0,0,0,0,1,0.6509357200976403,19
3,1411,0,0,0,0,0,0,0,2,0.6509357200976403,19
3,1412,0,0,0,0,0,0,0,1,0.6509357200976403,20
3,1412,0,0,0,0,0,0,0,2,0.6509357200976403,20
3,1413,0,0,0,0,0,0,0,1,0.6509357200976403,21
3,1413,0,0,0,0,0,0,0,2,0.6509357200976403,21
3,1414,0,0,0,0,0,0,0,1,0.6509357200976403,22
3,1414,0,0,0,0,0,0,0,2,0.6509357200976403,22
3,1415,0,0,0,0,0,0,0,1,0.6509357200976403,23
3,1415,0,0,0,0,0,0,0,2,0.6509357200976403,23
3,1416,0,0,0,0,0,0,0,1,0.6509357200976403,0
3,1416,0,0,0,0,0,0,0,2,0.6509357200976403,0
3,1417,0,0,0,0,0,0,0,1,0.6509357200976403,1
3,1417,0,0,0,0,0,0,0,2,0.6509357200976403,1
3,1418,0,0,0,0,0,0,0,1,0.6509357200976403,2
3,1418,0,0,0,0,0,0,0,2,0.6509357200976403,2
3,1419,0,0,0,0,0,0,0,1,0.6509357200976403,3
3,1419,0,0,0,0,0,0,0,2,0.6509357200976403,3
3,1420,0,0,0,0,0,0,0,1,0.6509357200976403,4
3,1420,0,0,0,0,0,0,0,2,0.6509357200976403,4
3,1421,0,0,0,0,0,0,0,1,0.6509357200976403,5
3,1421,0,0,0,0,0,0,0,2,0.6509357200976403,5
3,1422,0,0,0,0,0,0,0,1,0.6509357200976403,6
3,1422,0,0,0,0,0,0,0,2,0.6509357200976403,6
3,1423,0,0,0,0,0,0,0,1,0.6509357200976403,7
3,1423,0,0,0,0,0,0,0,2,0.6509357200976403,7
3,1424,0,0,0,0,0,0,0,1,0.6509357200976403,8
3,1424,0,0,0,0,0,0,0,2,0.6509357200976403,8
3,1425,0,0,0,0,0,0,0,1,0.6509357200976403,9
3,1425,0,0,0,0,0,0,0,2,0.6509357200976403,9
3,1426,0,0,0,0,0,0,0,1,0.6509357200976403,10
3,1426,0,0,0,0,0,0,0,2,0.6509357200976403,10
3,1427,0,0,0,0,0,0,0,1,0.6509357200976403,11
3,1427,0,0,0,0,0,0,0,2,0.6509357200976403,11
3,1428,0,0,0,0,0,0,0,1,0.6509357200976403,12
3,1428,0,0,0,0,0,0,0,2,0.6509357200976403,12
3,1429,0,0,0,0,0,0,0,1,0.6509357200976403,13
3,1429,0,0,0,0,0,0,0,2,0.6509357200976403,13
3,1430,0,0,0,0,0,0,0,1,0.6509357200976403,14
3,1430,0,0,0,0,0,0,0,2,0.6509357200976403,14
3,1431,0,0,0,0,0,0,0,1,0.6509357200976403,15
3,1431,0,0,0,0,0,0,0,2,0.6509357200976403,15
3,1432,0,0,0,0,0,0,0,1,0.6509357200976403,16
3,1432,0,0,0,0,0,0,0,2,0.6509357200976403,16
3,1433,0,0,0,0,0,0,0,1,0.6509357200976403,17
3,1433,0,0,0,0,0,0,0,2,0.6509357200976403,17
3,1434,0,0,0,0,0,0,0,1,0.6509357200976403,18
3,1434,0,0,0,0,0,0,0,2,0.6509357200976403,18
3,1435,0,0,0,0,0,0,0,1,0.6509357200976403,19
3,1435,0,0,0,0,0,0,0,2,0.6509357200976403,19
3,1436,0,0,0,0,0,0,0,1,0.6509357200976403,20
3,1436,0,0,0,0,0,0,0,2,0.6509357200976403,20
3,1437,0,0,0,0,0,0,0,1,0.6509357200976403,21
3,1437,0,0,0,0,0,0,0,2,0.6509357200976403,21
3,1438,0,0,0,0,0,0,0,1,0.6509357200976403,22
3,1438,0,0,0,0,0,0,0,2,0.6509357200976403,22
3,1439,0,0,0,0,0,0,0,1,0.6509357200976403,23
3,1439,0,0,0,0,0,0,0,2,0.6509357200976403,23
3,1440,0,0,0,0,0,0,0,1,0.6509357200976403,0
3,1440,0,0,0,0,0,0,0,2,0.6509357200976403,0
3,1441,0,0,0,0,0,0,0,1,0.6509357200976403,1
3,1441,0,0,0,0,0,0,0,2,0.6509357200976403,1
3,1442,0,0,0,0,0,0,0,1,0.6509357200976403,2
3,1442,0,0,0,0,0,0,0,2,0.6509357200976403,2
3,1443,0,0,0,0,0,0,0,1,0.6509357200976403,3
3,1443,0,0,0,0,0,0,0,2,0.6509357200976403,3
3,1444,0,0,0,0,0,0,0,1,0.6509357200976403,4
3,1444,0,0,0,0,0,0,0,2,0.6509357200976403,4
3,1445,0,0,0,0,0,0,0,1,0.6509357200976403,5
3,1445,0,0,0,0,0,0,0,2,0.6509357200976403,5
3,1446,0,0,0,0,0,0,0,1,0.6509357200976403,6
3,1446,0,0,0,0,0,0,0,2,0.6509357200976403,6
3,1447,0,0,0,0,0,0,0,1,0.6509357200976403,7
3,1447,0,0,0,0,0,0,0,2,0.6509357200976403,7
3,1448,0,0,0,0,0,0,0,1,0.6509357200976403,8
3,1448,0,0,0,0,0,0,0,2,0.6509357200976403,8
3,1449,0,0,0,0,0,0,0,1,0.6509357200976403,9
3,1449,0,0,0,0,0,0,0,2,0.6509357200976403,9
3,1450,0,0,0,0,0,0,0,1,0.6509357200976403,10
3,1450,0,0,0,0,0,0,0,2,0.6509357200976403,10
3,1451,0,0,0,0,0,0,0,1,0.6509357200976403,11
3,1451,0,0,0,0,0,0,0,2,0.6509357200976403,11
3,1452,0,0,0,0,0,0,0,1,0.6509357200976403,12
3,1452,0,0,0,0,0,0,0,2,0.6509357200976403,12
3,1453,0,0,0,0,0,0,0,1,0.6509357200976403,13
3,1453,0,0,0,0,0,0,0,2,0.6509357200976403,13
3,1454,0,0,0,0,0,0,0,1,0.6509357200976403,14
3,1454,0,0,0,0,0,0,0,2,0.6509357200976403,14
3,1455,0,0,0,0,0,0,0,1,0.6509357200976403,15
3,1455,0,0,0,0,0,0,0,2,0.6509357200976403,15
3,1456,0,0,0,0,0,0,0,1,0.6509357200976403,16
3,1456,0,0,0,0,0,0,0,2,0.6509357200976403,16
3,1457,0,0,0,0,0,0,0,1,0.6509357200976403,17
3,1457,0,0,0,0,0,0,0,2,0.6509357200976403,17
3,1458,0,0,0,0,0,0,0,1,0.6509357200976403,18
3,1458,0,0,0,0,0,0,0,2,0.6509357200976403,18
3,1459,0,0,0,0,0,0,0,1,0.6509357200976403,19
3,1459,0,0,0,0,0,0,0,2,0.6509357200976403,19
3,1460,0,0,0,0,0,0,0,1,0.6509357200976403,20
3,1460,0,0,0,0,0,0,0,2,0.6509357200976403,20
3,1461,0,0,0,0,0,0,0,1,0.6509357200976403,21
3,1461,0,0,0,0,0,0,0,2,0.6509357200976403,21
3,1462,0,0,0,0,0,0,0,1,0.6509357200976403,22
3,1462,0,0,0,0,0,0,0,2,0.6509357200976403,22
3,1463,0,0,0,0,0,0,0,1,0.6509357200976403,23
3,1463,0,0,0,0,0,0,0,2,0.6509357200976403,23
3,1464,0,0,0,0,0,0,0,1,0.6509357200976403,0
3,1464,0,0,0,0,0,0,0,2,0.6509357200976403,0
3,1465,0,0,0,0,0,0,0,1,0.6509357200976403,1
3,1465,0,0,0,0,0,0,0,2,0.6509357200976403,1
3,1466,0,0,0,0,0,0,0,1,0.6509357200976403,2
3,1466,0,0,0,0,0,0,0,2,0.6509357200976403,2
3,1467,0,0,0,0,0,0,0,1,0.6509357200976403,3
3,1467,0,0,0,0,0,0,0,2,0.6509357200976403,3
3,1468,0,0,0,0,0,0,0,1,0.6509357200976403,4
3,1468,0,0,0,0,0,0,0,2,0.6509357200976403,4
3,1469,0,0,0,0,0,0,0,1,0.6509357200976403,5
3,1469,0,0,0,0,0,0,0,2,0.6509357200976403,5
3,1470,0,0,0,0,0,0,0,1,0.6509357200976403,6
3,1470,0,0,0,0,0,0,0,2,0.6509357200976403,6
3,1471,0,0,0,0,0,0,0,1,0.6509357200976403,7
3,1471,0,0,0,0,0,0,0,2,0.6509357200976403,7
3,1472,0,0,0,0,0,0,0,1,0.6509357200976403,8
3,1472,0,0,0,0,0,0,0,2,0.6509357200976403,8
3,1473,0,0,0,0,0,0,0,1,0.6509357200976403,9
3,1473,0,0,0,0,0,0,0,2,0.6509357200976403,9
3,1474,0,0,0,0,0,0,0,1,0.6509357200976403,10
3,1474,0,0,0,0,0,0,0,2,0.6509357200976403,10
3,1475,0,0,0,0,0,0,0,1,0.6509357200976403,11
3,1475,0,0,0,0,0,0,0,2,0.6509357200976403,11
3,1476,0,0,0,0,0,0,0,1,0.6509357200976403,12
3,1476,0,0,0,0,0,0,0,2,0.6509357200976403,12
3,1477,0,0,0,0,0,0,0,1,0.6509357200976403,13
3,1477,0,0,0,0,0,0,0,2,0.6509357200976403,13
3,1478,0,0,0,0,0,0,0,1,0.6509357200976403,14
3,1478,0,0,0,0,0,0,0,2,0.6509357200976403,14
3,1479,0,0,0,0,0,0,0,1,0.6509357200976403,15
3,1479,0,0,0,0,0,0,0,2,0.6509357200976403,15
3,1480,0,0,0,0,0,0,0,1,0.6509357200976403,16
3,1480,0,0,0,0,0,0,0,2,0.6509357200976403,16
3,1481,0,0,0,0,0,0,0,1,0.6509357200976403,17
3,1481,0,0,0,0,0,0,0,2,0.6509357200976403,17
3,1482,0,0,0,0,0,0,0,1,0.6509357200976403,18
3,1482,0,0,0,0,0,0,0,2,0.6509357200976403,18
3,1483,0,0,0,0,0,0,0,1,0.6509357200976403,19
3,1483,0,0,0,0,0,0,0,2,0.6509357200976403,19
3,1484,0,0,0,0,0,0,0,1,0.6509357200976403,20
3,1484,0,0,0,0,0,0,0,2,0.6509357200976403,20
3,1485,0,0,0,0,0,0,0,1,0.6509357200976403,21
3,1485,0,0,0,0,0,0,0,2,0.6509357200976403,21
3,1486,0,0,0,0,0,0,0,1,0.6509357200976403,22
3,1486,0,0,0,0,0,0,0,2,0.6509357200976403,22
3,1487,0,0,0,0,0,0,0,1,0.6509357200976403,23
3,1487,0,0,0,0,0,0,0,2,0.6509357200976403,23
3,1488,0,0,0,0,0,0,0,1,0.6509357200976403,0
3,1488,0,0,0,0,0,0,0,2,0.6509357200976403,0
3,1489,0,0,0,0,0,0,0,1,0.6509357200976403,1
3,1489,0,0,0,0,0,0,0,2,0.6509357200976403,1
3,1490,0,0,0,0,0,0,0,1,0.6509357200976403,2
3,1490,0,0,0,0,0,0,0,2,0.6509357200976403,2
3,1491,0,0,0,0,0,0,0,1,0.6509357200976403,3
3,1491,0,0,0,0,0,0,0,2,0.6509357200976403,3
3,1492,0,0,0,0,0,0,0,1,0.6509357200976403,4
3,1492,0,0,0,0,0,0,0,2,0.6509357200976403,4
3,1493,0,0,0,0,0,0,0,1,0.6509357200976403,5
3,1493,0,0,0,0,0,0,0,2,0.6509357200976403,5
3,1494,0,0,0,0,0,0,0,1,0.6509357200976403,6
3,1494,0,0,0,0,0,0,0,2,0.6509357200976403,6
3,1495,0,0,0,0,0,0,0,1,0.6509357200976403,7
3,1495,0,0,0,0,0,0,0,2,0.6509357200976403,7
3,1496,0,0,0,0,0,0,0,1,0.6509357200976403,8
3,1496,0,0,0,0,0,0,0,2,0.6509357200976403,8
3,1497,0,0,0,0,0,0,0,1,0.6509357200976403,9
3,1497,0,0,0,0,0,0,0,2,0.6509357200976403,9
3,1498,0,0,0,0,0,0,0,1,0.6509357200976403,10
3,1498,0,0,0,0,0,0,0,2,0.6509357200976403,10
3,1499,0,0,0,0,0,0,0,1,0.6509357200976403,11
3,1499,0,0,0,0,0,0,0,2,0.6509357200976403,11
3,1500,0,0,0,0,0,0,0,1,0.6509357200976403,12
3,1500,0,0,0,0,0,0,0,2,0.6509357200976403,12
3,1501,0,0,0,0,0,0,0,1,0.6509357200976403,13
3,1501,0,0,0,0,0,0,0,2,0.6509357200976403,13
3,1502,0,0,0,0,0,0,0,1,0.6509357200976403,14
3,1502,0,0,0,0,0,0,0,2,0.6509357200976403,14
3,1503,0,0,0,0,0,0,0,1,0.6509357200976403,15
3,1503,0,0,0,0,0,0,0,2,0.6509357200976403,15
3,1504,0,0,0,0,0,0,0,1,0.6509357200976403,16
3,1504,0,0,0,0,0,0,0,2,0.6509357200976403,16
3,1505,0,0,0,0,0,0,0,1,0.6509357200976403,17
3,1505,0,0,0,0,0,0,0,2,0.6509357200976403,17
3,1506,0,0,0,0,0,0,0,1,0.6509357200976403,18
3,1506,0,0,0,0,0,0,0,2,0.6509357200976403,18
3,1507,0,0,0,0,0,0,0,1,0.6509357200976403,19
3,1507,0,0,0,0,0,0,0,2,0.6509357200976403,19
3,1508,0,0,0,0,0,0,0,1,0.6509357200976403,20
3,1508,0,0,0,0,0,0,0,2,0.6509357200976403,20
3,1509,0,0,0,0,0,0,0,1,0.6509357200976403,21
3,1509,0,0,0,0,0,0,0,2,0.6509357200976403,21
3,1510,0,0,0,0,0,0,0,1,0.6509357200976403,22
3,1510,0,0,0,0,0,0,0,2,0.6509357200976403,22
3,1511,0,0,0,0,0,0,0,1,0.6509357200976403,23
3,1511,0,0,0,0,0,0,0,2,0.6509357200976403,23
3,1512,0,0,0,0,0,0,0,1,0.6509357200976403,0
3,1512,0,0,0,0,0,0,0,2,0.6509357200976403,0
3,1513,0,0,0,0,0,0,0,1,0.6509357200976403,1
3,1513,0,0,0,0,0,0,0,2,0.6509357200976403,1
3,1514,0,0,0,0,0,0,0,1,0.6509357200976403,2
3,1514,0,0,0,0,0,0,0,2,0.6509357200976403,2
3,1515,0,0,0,0,0,0,0,1,0.6509357200976403,3
3,1515,0,0,0,0,0,0,0,2,0.6509357200976403,3
3,1516,0,0,0,0,0,0,0,1,0.6509357200976403,4
3,1516,0,0,0,0,0,0,0,2,0.6509357200976403,4
3,1517,0,0,0,0,0,0,0,1,0.6509357200976403,5
3,1517,0,0,0,0,0,0,0,2,0.6509357200976403,5
3,1518,0,0,0,0,0,0,0,1,0.6509357200976403,6
3,1518,0,0,0,0,0,0,0,2,0.6509357200976403,6
3,1519,0,0,0,0,0,0,0,1,0.6509357200976403,7
3,1519,0,0,0,0,0,0,0,2,0.6509357200976403,7
3,1520,0,0,0,0,0,0,0,1,0.6509357200976403,8
3,1520,0,0,0,0,0,0,0,2,0.6509357200976403,8
3,1521,0,0,0,0,0,0,0,1,0.6509357200976403,9
3,1521,0,0,0,0,0,0,0,2,0.6509357200976403,9
3,1522,0,0,0,0,0,0,0,1,0.6509357200976403,10
3,1522,0,0,0,0,0,0,0,2,0.6509357200976403,10
3,1523,0,0,0,0,0,0,0,1,0.6509357200976403,11
3,1523,0,0,0,0,0,0,0,2,0.6509357200976403,11
3,1524,0,0,0,0,0,0,0,1,0.6509357200976403,12
3,1524,0,0,0,0,0,0,0,2,0.6509357200976403,12
3,1525,0,0,0,0,0,0,0,1,0.6509357200976403,13
3,1525,0,0,0,0,0,0,0,2,0.6509357200976403,13
3,1526,0,0,0,0,0,0,0,1,0.6509357200976403,14
3,1526,0,0,0,0,0,0,0,2,0.6509357200976403,14
3,1527,0,0,0,0,0,0,0,1,0.6509357200976403,15
3,1527,0,0,0,0,0,0,0,2,0.6509357200976403,15
3,1528,0,0,0,0,0,0,0,1,0.6509357200976403,16
3,1528,0,0,0,0,0,0,0,2,0.6509357200976403,16
3,1529,0,0,0,0,0,0,0,1,0.6509357200976403,17
3,1529,0,0,0,0,0,0,0,2,0.6509357200976403,17
3,1530,0,0,0,0,0,0,0,1,0.6509357200976403,18
3,1530,0,0,0,0,0,0,0,2,0.6509357200976403,18
3,1531,0,0,0,0,0,0,0,1,0.6509357200976403,19
3,1531,0,0,0,0,0,0,0,2,0.6509357200976403,19
3,1532,0,0,0,0,0,0,0,1,0.6509357200976403,20
3,1532,0,0,0,0,0,0,0,2,0.6509357200976403,20
3,1533,0,0,0,0,0,0,0,1,0.6509357200976403,21
3,1533,0,0,0,0,0,0,0,2,0.6509357200976403,21
3,1534,0,0,0,0,0,0,0,1,0.6509357200976403,22
3,1534,0,0,0,0,0,0,0,2,0.6509357200976403,22
3,1535,0,0,0,0,0,0,0,1,0.6509357200976403,23
3,1535,0,0,0,0,0,0,0,2,0.6509357200976403,23
3,1536,0,0,0,0,0,0,0,1,0.6509357200976403,0
3,1536,0,0,0,0,0,0,0,2,0.6509357200976403,0
3,1537,0,0,0,0,0,0,0,1,0.6509357200976403,1
3,1537,0,0,0,0,0,0,0,2,0.6509357200976403,1
3,1538,0,0,0,0,0,0,0,1,0.6509357200976403,2
3,1538,0,0,0,0,0,0,0,2,0.6509357200976403,2
3,1539,0,0,0,0,0,0,0,1,0.6509357200976403,3
3,1539,0,0,0,0,0,0,0,2,0.6509357200976403,3
3,1540,0,0,0,0,0,0,0,1,0.6509357200976403,4
3,1540,0,0,0,0,0,0,0,2,0.6509357200976403,4
3,1541,0,0,0,0,0,0,0,1,0.6509357200976403,5
3,1541,0,0,0,0,0,0,0,2,0.6509357200976403,5
3,1542,0,0,0,0,0,0,0,1,0.6509357200976403,6
3,1542,0,0,0,0,0,0,0,2,0.6509357200976403,6
3,1543,0,0,0,0,0,0,0,1,0.6509357200976403,7
3,1543,0,0,0,0,0,0,0,2,0.6509357200976403,7
3,1544,0,0,0,0,0,0,0,1,0.6509357200976403,8
3,1544,0,0,0,0,0,0,0,2,0.6509357200976403,8
3,1545,0,0,0,0,0,0,0,1,0.6509357200976403,9
3,1545,0,0,0,0,0,0,0,2,0.6509357200976403,9
3,1546,0,0,0,0,0,0,0,1,0.6509357200976403,10
3,1546,0,0,0,0,0,0,0,2,0.6509357200976403,10
3,1547,0,0,0,0,0,0,0,1,0.6509357200976403,11
3,1547,0,0,0,0,0,0,0,2,0.6509357200976403,11
3,1548,0,0,0,0,0,0,0,1,0.6509357200976403,12
3,1548,0,0,0,0,0,0,0,2,0.6509357200976403,12
3,1549,0,0,0,0,0,0,0,1,0.6509357200976403,13
3,1549,0,0,0,0,0,0,0,2,0.6509357200976403,13
3,1550,0,0,0,0,0,0,0,1,0.6509357200976403,14
3,1550,0,0,0,0,0,0,0,2,0.6509357200976403,14
3,1551,0,0,0,0,0,0,0,1,0.6509357200976403,15
3,1551,0,0,0,0,0,0,0,2,0.6509357200976403,15
3,1552,0,0,0,0,0,0,0,1,0.6509357200976403,16
3,1552,0,0,0,0,0,0,0,2,0.6509357200976403,16
3,1553,0,0,0,0,0,0,0,1,0.6509357200976403,17
3,1553,0,0,0,0,0,0,0,2,0.6509357200976403,17
3,1554,0,0,0,0,0,0,0,1,0.6509357200976403,18
3,1554,0,0,0,0,0,0,0,2,0.6509357200976403,18
3,1555,0,0,0,0,0,0,0,1,0.6509357200976403,19
3,1555,0,0,0,0,0,0,0,2,0.6509357200976403,19
3,1556,0,0,0,0,0,0,0,1,0.6509357200976403,20
3,1556,0,0,0,0,0,0,0,2,0.6509357200976403,20
3,1557,0,0,0,0,0,0,0,1,0.6509357200976403,21
3,1557,0,0,0,0,0,0,0,2,0.6509357200976403,21
3,1558,0,0,0,0,0,0,0,1,0.6509357200976403,22
3,1558,0,0,0,0,0,0,0,2,0.6509357200976403,22
3,1559,0,0,0,0,0,0,0,1,0.6509357200976403,23
3,1559,0,0,0,0,0,0,0,2,0.6509357200976403,23
3,1560,0,0,0,0,0,0,0,1,0.6509357200976403,0
3,1560,0,0,0,0,0,0,0,2,0.6509357200976403,0
3,1561,0,0,0,0,0,0,0,1,0.6509357200976403,1
3,1561,0,0,0,0,0,0,0,2,0.6509357200976403,1
3,1562,0,0,0,0,0,0,0,1,0.6509357200976403,2
3,1562,0,0,0,0,0,0,0,2,0.6509357200976403,2
3,1563,0,0,0,0,0,0,0,1,0.6509357200976403,3
3,1563,0,0,0,0,0,0,0,2,0.6509357200976403,3
3,1564,0,0,0,0,0,0,0,1,0.6509357200976403,4
3,1564,0,0,0,0,0,0,0,2,0.6509357200976403,4
3,1565,0,0,0,0,0,0,0,1,0.6509357200976403,5
3,1565,0,0,0,0,0,0,0,2,0.6509357200976403,5
3,1566,0,0,0,0,0,0,0,1,0.6509357200976403,6
3,1566,0,0,0,0,0,0,0,2,0.6509357200976403,6
3,1567,0,0,0,0,0,0,0,1,0.6509357200976403,7
3,1567,0,0,0,0,0,0,0,2,0.6509357200976403,7
3,1568,0,0,0,0,0,0,0,1,0.6509357200976403,8
3,1568,0,0,0,0,0,0,0,2,0.6509357200976403,8
3,1569,0,0,0,0,0,0,0,1,0.6509357200976403,9
3,1569,0,0,0,0,0,0,0,2,0.6509357200976403,9
3,1570,0,0,0,0,0,0,0,1,0.6509357200976403,10
3,1570,0,0,0,0,0,0,0,2,0.6509357200976403,10
3,1571,0,0,0,0,0,0,0,1,0.6509357200976403,11
3,1571,0,0,0,0,0,0,0,2,0.6509357200976403,11
3,1572,0,0,0,0,0,0,0,1,0.6509357200976403,12
3,1572,0,0,0,0,0,0,0,2,0.6509357200976403,12
3,1573,0,0,0,0,0,0,0,1,0.6509357200976403,13
3,1573,0,0,0,0,0,0,0,2,0.6509357200976403,13
3,1574,0,0,0,0,0,0,0,1,0.6509357200976403,14
3,1574,0,0,0,0,0,0,0,2,0.6509357200976403,14
3,1575,0,0,0,0,0,0,0,1,0.6509357200976403,15
3,1575,0,0,0,0,0,0,0,2,0.6509357200976403,15
3,1576,0,0,0,0,0,0,0,1,0.6509357200976403,16
3,1576,0,0,0,0,0,0,0,2,0.6509357200976403,16
3,1577,0,0,0,0,0,0,0,1,0.6509357200976403,17
3,1577,0,0,0,0,0,0,0,2,0.6509357200976403,17
3,1578,0,0,0,0,0,0,0,1,0.6509357200976403,18
3,1578,0,0,0,0,0,0,0,2,0.6509357200976403,18
3,1579,0,0,0,0,0,0,0,1,0.6509357200976403,19
3,1579,0,0,0,0,0,0,0,2,0.6509357200976403,19
3,1580,0,0,0,0,0,0,0,1,0.6509357200976403,20
3,1580,0,0,0,0,0,0,0,2,0.6509357200976403,20
3,1581,0,0,0,0,0,0,0,1,0.6509357200976403,21
3,1581,0,0,0,0,0,0,0,2,0.6509357200976403,21
3,1582,0,0,0,0,0,0,0,1,0.6509357200976403,22
3,1582,0,0,0,0,0,0,0,2,0.6509357200976403,22
3,1583,0,0,0,0,0,0,0,1,0.6509357200976403,23
3,1583,0,0,0,0,0,0,0,2,0.6509357200976403,23
3,1584,0,0,0,0,0,0,0,1,0.6509357200976403,0
3,1584,0,0,0,0,0,0,0,2,0.6509357200976403,0
3,1585,0,0,0,0,0,0,0,1,0.6509357200976403,1
3,1585,0,0,0,0,0,0,0,2,0.6509357200976403,1
3,1586,0,0,0,0,0,0,0,1,0.6509357200976403,2
3,1586,0,0,0,0,0,0,0,2,0.6509357200976403,2
3,1587,0,0,0,0,0,0,0,1,0.6509357200976403,3
3,1587,0,0,0,0,0,0,0,2,0.6509357200976403,3
3,1588,0,0,0,0,0,0,0,1,0.6509357200976403,4
3,1588,0,0,0,0,0,0,0,2,0.6509357200976403,4
3,1589,0,0,0,0,0,0,0,1,0.6509357200976403,5
3,1589,0,0,0,0,0,0,0,2,0.6509357200976403,5
3,1590,0,0,0,0,0,0,0,1,0.6509357200976403,6
3,1590,0,0,0,0,0,0,0,2,0.6509357200976403,6
3,1591,0,0,0,0,0,0,0,1,0.6509357200976403,7
3,1591,0,0,0,0,0,0,0,2,0.6509357200976403,7
3,1592,0,0,0,0,0,0,0,1,0.6509357200976403,8
3,1592,0,0,0,0,0,0,0,2,0.6509357200976403,8
3,1593,0,0,0,0,0,0,0,1,0.6509357200976403,9
3,1593,0,0,0,0,0,0,0,2,0.6509357200976403,9
3,1594,0,0,0,0,0,0,0,1,0.6509357200976403,10
3,1594,0,0,0,0,0,0,0,2,0.6509357200976403,10
3,1595,0,0,0,0,0,0,0,1,0.6509357200976403,11
3,1595,0,0,0,0,0,0,0,2,0.6509357200976403,11
3,1596,0,0,0,0,0,0,0,1,0.6509357200976403,12
3,1596,0,0,0,0,0,0,0,2,0.6509357200976403,12
3,1597,0,0,0,0,0,0,0,1,0.6509357200976403,13
3,1597,0,0,0,0,0,0,0,2,0.6509357200976403,13
3,1598,0,0,0,0,0,0,0,1,0.6509357200976403,14
3,1598,0,0,0,0,0,0,0,2,0.6509357200976403,14
3,1599,0,0,0,0,0,0,0,1,0.6509357200976403,15
3,1599,0,0,0,0,0,0,0,2,0.6509357200976403,15
3,1600,0,0,0,0,0,0,0,1,0.6509357200976403,16
3,1600,0,0,0,0,0,0,0,2,0.6509357200976403,16
3,1601,0,0,0,0,0,0,0,1,0.6509357200976403,17
3,1601,0,0,0,0,0,0,0,2,0.6509357200976403,17
3,1602,0,0,0,0,0,0,0,1,0.6509357200976403,18
3,1602,0,0,0,0,0,0,0,2,0.6509357200976403,18
3,1603,0,0,0,0,0,0,0,1,0.6509357200976403,19
3,1603,0,0,0,0,0,0,0,2,0.6509357200976403,19
3,1604,0,0,0,0,0,0,0,1,0.6509357200976403,20
3,1604,0,0,0,0,0,0,0,2,0.6509357200976403,20
3,1605,0,0,0,0,0,0,0,1,0.6509357200976403,21
3,1605,0,0,0,0,0,0,0,2,0.6509357200976403,21
3,1606,0,0,0,0,0,0,0,1,0.6509357200976403,22
3,1606,0,0,0,0,0,0,0,2,0.6509357200976403,22
3,1607,0,0,0,0,0,0,0,1,0.6509357200976403,23
3,1607,0,0,0,0,0,0,0,2,0.6509357200976403,23
3,1608,0,0,0,0,0,0,0,1,0.6509357200976403,0
3,1608,0,0,0,0,0,0,0,2,0.6509357200976403,0
3,1609,0,0,0,0,0,0,0,1,0.6509357200976403,1
3,1609,0,0,0,0,0,0,0,2,0.6509357200976403,1
3,1610,0,0,0,0,0,0,0,1,0.6509357200976403,2
3,1610,0,0,0,0,0,0,0,2,0.6509357200976403,2
3,1611,0,0,0,0,0,0,0,1,0.6509357200976403,3
3,1611,0,0,0,0,0,0,0,2,0.6509357200976403,3
3,1612,0,0,0,0,0,0,0,1,0.6509357200976403,4
3,1612,0,0,0,0,0,0,0,2,0.6509357200976403,4
3,1613,0,0,0,0,0,0,0,1,0.6509357200976403,5
3,1613,0,0,0,0,0,0,0,2,0.6509357200976403,5
3,1614,0,0,0,0,0,0,0,1,0.6509357200976403,6
3,1614,0,0,0,0,0,0,0,2,0.6509357200976403,6
3,1615,0,0,0,0,0,0,0,1,0.6509357200976403,7
3,1615,0,0,0,0,0,0,0,2,0.6509357200976403,7
3,1616,0,0,0,0,0,0,0,1,0.6509357200976403,8
3,1616,0,0,0,0,0,0,0,2,0.6509357200976403,8
3,1617,0,0,0,0,0,0,0,1,0.6509357200976403,9
3,1617,0,0,0,0,0,0,0,2,0.6509357200976403,9
3,1618,0,0,0,0,0,0,0,1,0.6509357200976403,10
3,1618,0,0,0,0,0,0,0,2,0.6509357200976403,10
3,1619,0,0,0,0,0,0,0,1,0.6509357200976403,11
3,1619,0,0,0,0,0,0,0,2,0.6509357200976403,11
3,1620,0,0,0,0,0,0,0,1,0.6509357200976403,12
3,1620,0,0,0,0,0,0,0,2,0.6509357200976403,12
3,1621,0,0,0,0,0,0,0,1,0.6509357200976403,13
3,1621,0,0,0,0,0,0,0,2,0.6509357200976403,13
3,1622,0,0,0,0,0,0,0,1,0.6509357200976403,14
3,1622,0,0,0,0,0,0,0,2,0.6509357200976403,14
3,1623,0,0,0,0,0,0,0,1,0.6509357200976403,15
3,1623,0,0,0,0,0,0,0,2,0.6509357200976403,15
3,1624,0,0,0,0,0,0,0,1,0.6509357200976403,16
3,1624,0,0,0,0,0,0,0,2,0.6509357200976403,16
3,1625,0,0,0,0,0,0,0,1,0.6509357200976403,17
3,1625,0,0,0,0,0,0,0,2,0.6509357200976403,17
3,1626,0,0,0,0,0,0,0,1,0.6509357200976403,18
3,1626,0,0,0,0,0,0,0,2,0.6509357200976403,18
3,1627,0,0,0,0,0,0,0,1,0.6509357200976403,19
3,1627,0,0,0,0,0,0,0,2,0.6509357200976403,19
3,1628,0,0,0,0,0,0,0,1,0.6509357200976403,20
3,1628,0,0,0,0,0,0,0,2,0.6509357200976403,20
3,1629,0,0,0,0,0,0,0,1,0.6509357200976403,21
3,1629,0,0,0,0,0,0,0,2,0.6509357200976403,21
3,1630,0,0,0,0,0,0,0,1,0.6509357200976403,22
3,1630,0,0,0,0,0,0,0,2,0.6509357200976403,22
3,1631,0,0,0,0,0,0,0,1,0.6509357200976403,23
3,1631,0,0,0,0,0,0,0,2,0.6509357200976403,23
3,1632,0,0,0,0,0,0,0,1,0.6509357200976403,0
3,1632,0,0,0,0,0,0,0,2,0.6509357200976403,0
3,1633,0,0,0,0,0,0,0,1,0.6509357200976403,1
3,1633,0,0,0,0,0,0,0,2,0.6509357200976403,1
3,1634,0,0,0,0,0,0,0,1,0.6509357200976403,2
3,1634,0,0,0,0,0,0,0,2,0.6509357200976403,2
3,1635,0,0,0,0,0,0,0,1,0.6509357200976403,3
3,1635,0,0,0,0,0,0,0,2,0.6509357200976403,3
3,1636,0,0,0,0,0,0,0,1,0.6509357200976403,4
3,1636,0,0,0,0,0,0,0,2,0.6509357200976403,4
3,1637,0,0,0,0,0,0,0,1,0.6509357200976403,5
3,1637,0,0,0,0,0,0,0,2,0.6509357200976403,5
3,1638,0,0,0,0,0,0,0,1,0.6509357200976403,6
3,1638,0,0,0,0,0,0,0,2,0.6509357200976403,6
3,1639,0,0,0,0,0,0,0,1,0.6509357200976403,7
3,1639,0,0,0,0,0,0,0,2,0.6509357200976403,7
3,1640,0,0,0,0,0,0,0,1,0.6509357200976403,8
3,1640,0,0,0,0,0,0,0,2,0.6509357200976403,8
3,1641,0,0,0,0,0,0,0,1,0.6509357200976403,9
3,1641,0,0,0,0,0,0,0,2,0.6509357200976403,9
3,1642,0,0,0,0,0,0,0,1,0.6509357200976403,10
3,1642,0,0,0,0,0,0,0,2,0.6509357200976403,10
3,1643,0,0,0,0,0,0,0,1,0.6509357200976403,11
3,1643,0,0,0,0,0,0,0,2,0.6509357200976403,11
3,1644,0,0,0,0,0,0,0,1,0.6509357200976403,12
3,1644,0,0,0,0,0,0,0,2,0.6509357200976403,12
3,1645,0,0,0,0,0,0,0,1,0.6509357200976403,13
3,1645,0,0,0,0,0,0,0,2,0.6509357200976403,13
3,1646,0,0,0,0,0,0,0,1,0.6509357200976403,14
3,1646,0,0,0,0,0,0,0,2,0.6509357200976403,14
3,1647,0,0,0,0,0,0,0,1,0.6509357200976403,15
3,1647,0,0,0,0,0,0,0,2,0.6509357200976403,15
3,1648,0,0,0,0,0,0,0,1,0.6509357200976403,16
3,1648,0,0,0,0,0,0,0,2,0.6509357200976403,16
3,1649,0,0,0,0,0,0,0,1,0.6509357200976403,17
3,1649,0,0,0,0,0,0,0,2,0.6509357200976403,17
3,1650,0,0,0,0,0,0,0,1,0.6509357200976403,18
3,1650,0,0,0,0,0,0,0,2,0.6509357200976403,18
3,1651,0,0,0,0,0,0,0,1,0.6509357200976403,19
3,1651,0,0,0,0,0,0,0,2,0.6509357200976403,19
3,1652,0,0,0,0,0,0,0,1,0.6509357200976403,20
3,1652,0,0,0,0,0,0,0,2,0.6509357200976403,20
3,1653,0,0,0,0,0,0,0,1,0.6509357200976403,21
3,1653,0,0,0,0,0,0,0,2,0.6509357200976403,21
3,1654,0,0,0,0,0,0,0,1,0.6509357200976403,22
3,1654,0,0,0,0,0,0,0,2,0.6509357200976403,22
3,1655,0,0,0,0,0,0,0,1,0.6509357200976403,23
3,1655,0,0,0,0,0,0,0,2,0.6509357200976403,23
3,1656,0,0,0,0,0,0,0,1,0.6509357200976403,0
3,1656,0,0,0,0,0,0,0,2,0.6509357200976403,0
3,1657,0,0,0,0,0,0,0,1,0.6509357200976403,1
3,1657,0,0,0,0,0,0,0,2,0.6509357200976403,1
3,1658,0,0,0,0,0,0,0,1,0.6509357200976403,2
3,1658,0,0,0,0,0,0,0,2,0.6509357200976403,2
3,1659,0,0,0,0,0,0,0,1,0.6509357200976403,3
3,1659,0,0,0,0,0,0,0,2,0.6509357200976403,3
3,1660,0,0,0,0,0,0,0,1,0.6509357200976403,4
3,1660,0,0,0,0,0,0,0,2,0.6509357200976403,4
3,1661,0,0,0,0,0,0,0,1,0.6509357200976403,5
3,1661,0,0,0,0,0,0,0,2,0.6509357200976403,5
3,1662,0,0,0,0,0,0,0,1,0.6509357200976403,6
3,1662,0,0,0,0,0,0,0,2,0.6509357200976403,6
3,1663,0,0,0,0,0,0,0,1,0.6509357200976403,7
3,1663,0,0,0,0,0,0,0,2,0.6509357200976403,7
3,1664,0,0,0,0,0,0,0,1,0.6509357200976403,8
3,1664,0,0,0,0,0,0,0,2,0.6509357200976403,8
3,1665,0,0,0,0,0,0,0,1,0.6509357200976403,9
3,1665,0,0,0,0,0,0,0,2,0.6509357200976403,9
3,1666,0,0,0,0,0,0,0,1,0.6509357200976403,10
3,1666,0,0,0,0,0,0,0,2,0.6509357200976403,10
3,1667,0,0,0,0,0,0,0,1,0.6509357200976403,11
3,1667,0,0,0,0,0,0,0,2,0.6509357200976403,11
3,1668,0,0,0,0,0,0,0,1,0.6509357200976403,12
3,1668,0,0,0,0,0,0,0,2,0.6509357200976403,12
3,1669,0,0,0,0,0,0,0,1,0.6509357200976403,13
3,1669,0,0,0,0,0,0,0,2,0.6509357200976403,13
3,1670,0,0,0,0,0,0,0,1,0.6509357200976403,14
3,1670,0,0,0,0,0,0,0,2,0.6509357200976403,14
3,1671,0,0,0,0,0,0,0,1,0.6509357200976403,15
3,1671,0,0,0,0,0,0,0,2,0.6509357200976403,15
3,1672,0,0,0,0,0,0,0,1,0.6509357200976403,16
3,1672,0,0,0,0,0,0,0,2,0.6509357200976403,16
3,1673,0,0,0,0,0,0,0,1,0.6509357200976403,17
3,1673,0,0,0,0,0,0,0,2,0.6509357200976403,17
3,1674,0,0,0,0,0,0,0,1,0.6509357200976403,18
3,1674,0,0,0,0,0,0,0,2,0.6509357200976403,18
3,1675,0,0,0,0,0,0,0,1,0.6509357200976403,19
3,1675,0,0,0,0,0,0,0,2,0.6509357200976403,19
3,1676,0,0,0,0,0,0,0,1,0.6509357200976403,20
3,1676,0,0,0,0,0,0,0,2,0.6509357200976403,20
3,1677,0,0,0,0,0,0,0,1,0.6509357200976403,21
3,1677,0,0,0,0,0,0,0,2,0.6509357200976403,21
3,1678,0,0,0,0,0,0,0,1,0.6509357200976403,22
3,1678,0,0,0,0,0,0,0,2,0.6509357200976403,22
3,1679,0,0,0,0,0,0,0,1,0.6509357200976403,23
3,1679,0,0,0,0,0,0,0,2,0.6509357200976403,23
3,1680,0,0,0,0,0,0,0,1,0.6509357200976403,0
3,1680,0,0,0,0,0,0,0,2,0.6509357200976403,0
3,1681,0,0,0,0,0,0,0,1,0.6509357200976403,1
3,1681,0,0,0,0,0,0,0,2,0.6509357200976403,1
3,1682,0,0,0,0,0,0,0,1,0.6509357200976403,2
3,1682,0,0,0,0,0,0,0,2,0.6509357200976403,2
3,1683,0,0,0,0,0,0,0,1,0.6509357200976403,3
3,1683,0,0,0,0,0,0,0,2,0.6509357200976403,3
3,1684,0,0,0,0,0,0,0,1,0.6509357200976403,4
3,1684,0,0,0,0,0,0,0,2,0.6509357200976403,4
3,1685,0,0,0,0,0,0,0,1,0.6509357200976403,5
3,1685,0,0,0,0,0,0,0,2,0.6509357200976403,5
3,1686,0,0,0,0,0,0,0,1,0.6509357200976403,6
3,1686,0,0,0,0,0,0,0,2,0.6509357200976403,6
3,1687,0,0,0,0,0,0,0,1,0.6509357200976403,7
3,1687,0,0,0,0,0,0,0,2,0.6509357200976403,7
3,1688,0,0,0,0,0,0,0,1,0.6509357200976403,8
3,1688,0,0,0,0,0,0,0,2,0.6509357200976403,8
3,1689,0,0,0,0,0,0,0,1,0.6509357200976403,9
3,1689,0,0,0,0,0,0,0,2,0.6509357200976403,9
3,1690,0,0,0,0,0,0,0,1,0.6509357200976403,10
3,1690,0,0,0,0,0,0,0,2,0.6509357200976403,10
3,1691,0,0,0,0,0,0,0,1,0.6509357200976403,11
3,1691,0,0,0,0,0,0,0,2,0.6509357200976403,11
3,1692,0,0,0,0,0,0,0,1,0.6509357200976403,12
3,1692,0,0,0,0,0,0,0,2,0.6509357200976403,12
3,1693,0,0,0,0,0,0,0,1,0.6509357200976403,13
3,1693,0,0,0,0,0,0,0,2,0.6509357200976403,13
3,1694,0,0,0,0,0,0,0,1,0.6509357200976403,14
3,1694,0,0,0,0,0,0,0,2,0.6509357200976403,14
3,1695,0,0,0,0,0,0,0,1,0.6509357200976403,15
3,1695,0,0,0,0,0,0,0,2,0.6509357200976403,15
3,1696,0,0,0,0,0,0,0,1,0.6509357200976403,16
3,1696,0,0,0,0,0,0,0,2,0.6509357200976403,16
3,1697,0,0,0,0,0,0,0,1,0.6509357200976403,17
3,1697,0,0,0,0,0,0,0,2,0.6509357200976403,17
3,1698,0,0,0,0,0,0,0,1,0.6509357200976403,18
3,1698,0,0,0,0,0,0,0,2,0.6509357200976403,18
3,1699,0,0,0,0,0,0,0,1,0.6509357200976403,19
3,1699,0,0,0,0,0,0,0,2,0.6509357200976403,19
3,1700,0,0,0,0,0,0,0,1,0.6509357200976403,20
3,1700,0,0,0,0,0,0,0,2,0.6509357200976403,20
3,1701,0,0,0,0,0,0,0,1,0.6509357200976403,21
3,1701,0,0,0,0,0,0,0,2,0.6509357200976403,21
3,1702,0,0,0,0,0,0,0,1,0.6509357200976403,22
3,1702,0,0,0,0,0,0,0,2,0.6509357200976403,22
3,1703,0,0,0,0,0,0,0,1,0.6509357200976403,23
3,1703,0,0,0,0,0,0,0,2,0.6509357200976403,23
3,1704,0,0,0,0,0,0,0,1,0.6509357200976403,0
3,1704,0,0,0,0,0,0,0,2,0.6509357200976403,0
3,1705,0,0,0,0,0,0,0,1,0.6509357200976403,1
3,1705,0,0,0,0,0,0,0,2,0.6509357200976403,1
3,1706,0,0,0,0,0,0,0,1,0.6509357200976403,2
3,1706,0,0,0,0,0,0,0,2,0.6509357200976403,2
3,1707,0,0,0,0,0,0,0,1,0.6509357200976403,3
3,1707,0,0,0,0,0,0,0,2,0.6509357200976403,3
3,1708,0,0,0,0,0,0,0,1,0.6509357200976403,4
3,1708,0,0,0,0,0,0,0,2,0.6509357200976403,4
3,1709,0,0,0,0,0,0,0,1,0.6509357200976403,5
3,1709,0,0,0,0,0,0,0,2,0.6509357200976403,5
3,1710,0,0,0,0,0,0,0,1,0.6509357200976403,6
3,1710,0,0,0,0,0,0,0,2,0.6509357200976403,6
3,1711,0,0,0,0,0,0,0,1,0.6509357200976403,7
3,1711,0,0,0,0,0,0,0,2,0.6509357200976403,7
3,1712,0,0,0,0,0,0,0,1,0.6509357200976403,8
3,1712,0,0,0,0,0,0,0,2,0.6509357200976403,8
3,1713,0,0,0,0,0,0,0,1,0.6509357200976403,9
3,1713,0,0,0,0,0,0,0,2,0.6509357200976403,9
3,1714,0,0,0,0,0,0,0,1,0.6509357200976403,10
3,1714,0,0,0,0,0,0,0,2,0.6509357200976403,10
3,1715,0,0,0,0,0,0,0,1,0.6509357200976403,11
3,1715,0,0,0,0,0,0,0,2,0.6509357200976403,11
3,1716,0,0,0,0,0,0,0,1,0.6509357200976403,12
3,1716,0,0,0,0,0,0,0,2,0.6509357200976403,12
3,1717,0,0,0,0,0,0,0,1,0.6509357200976403,13
3,1717,0,0,0,0,0,0,0,2,0.6509357200976403,13
3,1718,0,0,0,0,0,0,0,1,0.6509357200976403,14
3,1718,0,0,0,0,0,0,0,2,0.6509357200976403,14
3,1719,0,0,0,0,0,0,0,1,0.6509357200976403,15
3,1719,0,0,0,0,0,0,0,2,0.6509357200976403,15
3,1720,0,0,0,0,0,0,0,1,0.6509357200976403,16
3,1720,0,0,0,0,0,0,0,2,0.6509357200976403,16
3,1721,0,0,0,0,0,0,0,1,0.6509357200976403,17
3,1721,0,0,0,0,0,0,0,2,0.6509357200976403,17
3,1722,0,0,0,0,0,0,0,1,0.6509357200976403,18
3,1722,0,0,0,0,0,0,0,2,0.6509357200976403,18
3,1723,0,0,0,0,0,0,0,1,0.6509357200976403,19
3,1723,0,0,0,0,0,0,0,2,0.6509357200976403,19
3,1724,0,0,0,0,0,0,0,1,0.6509357200976403,20
3,1724,0,0,0,0,0,0,0,2,0.6509357200976403,20
3,1725,0,0,0,0,0,0,0,1,0.6509357200976403,21
3,1725,0,0,0,0,0,0,0,2,0.6509357200976403,21
3,1726,0,0,0,0,0,0,0,1,0.6509357200976403,22
3,1726,0,0,0,0,0,0,0,2,0.6509357200976403,22
3,1727,0,0,0,0,0,0,0,1,0.6509357200976403,23
3,1727,0,0,0,0,0,0,0,2,0.6509357200976403,23
3,1728,0,0,0,0,0,0,0,1,0.6509357200976403,0
3,1728,0,0,0,0,0,0,0,2,0.6509357200976403,0
3,1729,0,0,0,0,0,0,0,1,0.6509357200976403,1
3,1729,0,0,0,0,0,0,0,2,0.6509357200976403,1
3,1730,0,0,0,0,0,0,0,1,0.6509357200976403,2
3,1730,0,0,0,0,0,0,0,2,0.6509357200976403,2
3,1731,0,0,0,0,0,0,0,1,0.6509357200976403,3
3,1731,0,0,0,0,0,0,0,2,0.6509357200976403,3
3,1732,0,0,0,0,0,0,0,1,0.6509357200976403,4
3,1732,0,0,0,0,0,0,0,2,0.6509357200976403,4
3,1733,0,0,0,0,0,0,0,1,0.6509357200976403,5
3,1733,0,0,0,0,0,0,0,2,0.6509357200976403,5
3,1734,0,0,0,0,0,0,0,1,0.6509357200976403,6
3,1734,0,0,0,0,0,0,0,2,0.6509357200976403,6
3,1735,0,0,0,0,0,0,0,1,0.6509357200976403,7
3,1735,0,0,0,0,0,0,0,2,0.6509357200976403,7
3,1736,0,0,0,0,0,0,0,1,0.6509357200976403,8
3,1736,0,0,0,0,0,0,0,2,0.6509357200976403,8
3,1737,0,0,0,0,0,0,0,1,0.6509357200976403,9
3,1737,0,0,0,0,0,0,0,2,0.6509357200976403,9
3,1738,0,0,0,0,0,0,0,1,0.6509357200976403,10
3,1738,0,0,0,0,0,0,0,2,0.6509357200976403,10
3,1739,0,0,0,0,0,0,0,1,0.6509357200976403,11
3,1739,0,0,0,0,0,0,0,2,0.6509357200976403,11
3,1740,0,0,0,0,0,0,0,1,0.6509357200976403,12
3,1740,0,0,0,0,0,0,0,2,0.6509357200976403,12
3,1741,0,0,0,0,0,0,0,1,0.6509357200976403,13
3,1741,0,0,0,0,0,0,0,2,0.6509357200976403,13
3,1742,0,0,0,0,0,0,0,1,0.6509357200976403,14
3,1742,0,0,0,0,0,0,0,2,0.6509357200976403,14
3,1743,0,0,0,0,0,0,0,1,0.6509357200976403,15
3,1743,0,0,0,0,0,0,0,2,0.6509357200976403,15
3,1744,0,0,0,0,0,0,0,1,0.6509357200976403,16
3,1744,0,0,0,0,0,0,0,2,0.6509357200976403,16
3,1745,0,0,0,0,0,0,0,1,0.6509357200976403,17
3,1745,0,0,0,0,0,0,0,2,0.6509357200976403,17
3,1746,0,0,0,0,0,0,0,1,0.6509357200976403,18
3,1746,0,0,0,0,0,0,0,2,0.6509357200976403,18
3,1747,0,0,0,0,0,0,0,1,0.6509357200976403,19
3,1747,0,0,0,0,0,0,0,2,0.6509357200976403,19
3,1748,0,0,0,0,0,0,0,1,0.6509357200976403,20
3,1748,0,0,0,0,0,0,0,2,0.6509357200976403,20
3,1749,0,0,0,0,0,0,0,1,0.6509357200976403,21
3,1749,0,0,0,0,0,0,0,2,0.6509357200976403,21
3,1750,0,0,0,0,0,0,0,1,0.6509357200976403,22
3,1750,0,0,0,0,0,0,0,2,0.6509357200976403,22
3,1751,0,0,0,0,0,0,0,1,0.6509357200976403,23
3,1751,0,0,0,0,0,0,0,2,0.6509357200976403,23
3,1752,0,0,0,0,0,0,0,1,0.6509357200976403,0
3,1752,0,0,0,0,0,0,0,2,0.6509357200976403,0
3,1753,0,0,0,0,0,0,0,1,0.6509357200976403,1
3,1753,0,0,0,0,0,0,0,2,0.6509357200976403,1
3,1754,0,0,0,0,0,0,0,1,0.6509357200976403,2
3,1754,0,0,0,0,0,0,0,2,0.6509357200976403,2
3,1755,0,0,0,0,0,0,0,1,0.6509357200976403,3
3,1755,0,0,0,0,0,0,0,2,0.6509357200976403,3
3,1756,0,0,0,0,0,0,0,1,0.6509357200976403,4
3,1756,0,0,0,0,0,0,0,2,0.6509357200976403,4
3,1757,0,0,0,0,0,0,0,1,0.6509357200976403,5
3,1757,0,0,0,0,0,0,0,2,0.6509357200976403,5
3,1758,0,0,0,0,0,0,0,1,0.6509357200976403,6
3,1758,0,0,0,0,0,0,0,2,0.6509357200976403,6
3,1759,0,0,0,0,0,0,0,1,0.6509357200976403,7
3,1759,0,0,0,0,0,0,0,2,0.6509357200976403,7
3,1760,0,0,0,0,0,0,0,1,0.6509357200976403,8
3,1760,0,0,0,0,0,0,0,2,0.6509357200976403,8
3,1761,0,0,0,0,0,0,0,1,0.6509357200976403,9
3,1761,0,0,0,0,0,0,0,2,0.6509357200976403,9
3,1762,0,0,0,0,0,0,0,1,0.6509357200976403,10
3,1762,0,0,0,0,0,0,0,2,0.6509357200976403,10
3,1763,0,0,0,0,0,0,0,1,0.6509357200976403,11
3,1763,0,0,0,0,0,0,0,2,0.6509357200976403,11
3,1764,0,0,0,0,0,0,0,1,0.6509357200976403,12
3,1764,0,0,0,0,0,0,0,2,0.6509357200976403,12
3,1765,0,0,0,0,0,0,0,1,0.6509357200976403,13
3,1765,0,0,0,0,0,0,0,2,0.6509357200976403,13
3,1766,0,0,0,0,0,0,0,1,0.6509357200976403,14
3,1766,0,0,0,0,0,0,0,2,0.6509357200976403,14
3,1767,0,0,0,0,0,0,0,1,0.6509357200976403,15
3,1767,0,0,0,0,0,0,0,2,0.6509357200976403,15
3,1768,0,0,0,0,0,0,0,1,0.6509357200976403,16
3,1768,0,0,0,0,0,0,0,2,0.6509357200976403,16
3,1769,0,0,0,0,0,0,0,1,0.6509357200976403,17
3,1769,0,0,0,0,0,0,0,2,0.6509357200976403,17
3,1770,0,0,0,0,0,0,0,1,0.6509357200976403,18
3,1770,0,0,0,0,0,0,0,2,0.6509357200976403,18
3,1771,0,0,0,0,0,0,0,1,0.6509357200976403,19
3,1771,0,0,0,0,0,0,0,2,0.6509357200976403,19
3,1772,0,0,0,0,0,0,0,1,0.6509357200976403,20
3,1772,0,0,0,0,0,0,0,2,0.6509357200976403,20
3,1773,0,0,0,0,0,0,0,1,0.6509357200976403,21
3,1773,0,0,0,0,0,0,0,2,0.6509357200976403,21
3,1774,0,0,0,0,0,0,0,1,0.6509357200976403,22
3,1774,0,0,0,0,0,0,0,2,0.6509357200976403,22
3,1775,0,0,0,0,0,0,0,1,0.6509357200976403,23
3,1775,0,0,0,0,0,0,0,2,0.6509357200976403,23
3,1776,0,0,0,0,0,0,0,1,0.6509357200976403,0
3,1776,0,0,0,0,0,0,0,2,0.6509357200976403,0
3,1777,0,0,0,0,0,0,0,1,0.6509357200976403,1
3,1777,0,0,0,0,0,0,0,2,0.6509357200976403,1
3,1778,0,0,0,0,0,0,0,1,0.6509357200976403,2
3,1778,0,0,0,0,0,0,0,2,0.6509357200976403,2
3,1779,0,0,0,0,0,0,0,1,0.6509357200976403,3
3,1779,0,0,0,0,0,0,0,2,0.6509357200976403,3
3,1780,0,0,0,0,0,0,0,1,0.6509357200976403,4
3,1780,0,0,0,0,0,0,0,2,0.6509357200976403,4
3,1781,0,0,0,0,0,0,0,1,0.6509357200976403,5
3,1781,0,0,0,0,0,0,0,2,0.6509357200976403,5
3,1782,0,0,0,0,0,0,0,1,0.6509357200976403,6
3,1782,0,0,0,0,0,0,0,2,0.6509357200976403,6
3,1783,0,0,0,0,0,0,0,1,0.6509357200976403,7
3,1783,0,0,0,0,0,0,0,2,0.6509357200976403,7
3,1784,0,0,0,0,0,0,0,1,0.6509357200976403,8
3,1784,0,0,0,0,0,0,0,2,0.6509357200976403,8
3,1785,0,0,0,0,0,0,0,1,0.6509357200976403,9
3,1785,0,0,0,0,0,0,0,2,0.6509357200976403,9
3,1786,0,0,0,0,0,0,0,1,0.6509357200976403,10
3,1786,0,0,0,0,0,0,0,2,0.6509357200976403,10
3,1787,0,0,0,0,0,0,0,1,0.6509357200976403,11
3,1787,0,0,0,0,0,0,0,2,0.6509357200976403,11
3,1788,0,0,0,0,0,0,0,1,0.6509357200976403,12
3,1788,0,0,0,0,0,0,0,2,0.6509357200976403,12
3,1789,0,0,0,0,0,0,0,1,0.6509357200976403,13
3,1789,0,0,0,0,0,0,0,2,0.6509357200976403,13
3,1790,0,0,0,0,0,0,0,1,0.6509357200976403,14
3,1790,0,0,0,0,0,0,0,2,0.6509357200976403,14
3,1791,0,0,0,0,0,0,0,1,0.6509357200976403,15
3,1791,0,0,0,0,0,0,0,2,0.6509357200976403,15
3,1792,0,0,0,0,0,0,0,1,0.6509357200976403,16
3,1792,0,0,0,0,0,0,0,2,0.6509357200976403,16
3,1793,0,0,0,0,0,0,0,1,0.6509357200976403,17
3,1793,0,0,0,0,0,0,0,2,0.6509357200976403,17
3,1794,0,0,0,0,0,0,0,1,0.6509357200976403,18
3,1794,0,0,0,0,0,0,0,2,0.6509357200976403,18
3,1795,0,0,0,0,0,0,0,1,0.6509357200976403,19
3,1795,0,0,0,0,0,0,0,2,0.6509357200976403,19
3,1796,0,0,0,0,0,0,0,1,0.6509357200976403,20
3,1796,0,0,0,0,0,0,0,2,0.6509357200976403,20
3,1797,0,0,0,0,0,0,0,1,0.6509357200976403,21
3,1797,0,0,0,0,0,0,0,2,0.6509357200976403,21
3,1798,0,0,0,0,0,0,0,1,0.6509357200976403,22
3,1798,0,0,0,0,0,0,0,2,0.6509357200976403,22
3,1799,0,0,0,0,0,0,0,1,0.6509357200976403,23
3,1799,0,0,0,0,0,0,0,2,0.6509357200976403,23
3,1800,0,0,0,0,0,0,0,1,0.6509357200976403,0
3,1800,0,0,0,0,0,0,0,2,0.6509357200976403,0
3,1801,0,0,0,0,0,0,0,1,0.6509357200976403,1
3,1801,0,0,0,0,0,0,0,2,0.6509357200976403,1
3,1802,0,0,0,0,0,0,0,1,0.6509357200976403,2
3,1802,0,0,0,0,0,0,0,2,0.6509357200976403,2
3,1803,0,0,0,0,0,0,0,1,0.6509357200976403,3
3,1803,0,0,0,0,0,0,0,2,0.6509357200976403,3
3,1804,0,0,0,0,0,0,0,1,0.6509357200976403,4
3,1804,0,0,0,0,0,0,0,2,0.6509357200976403,4
3,1805,0,0,0,0,0,0,0,1,0.6509357200976403,5
3,1805,0,0,0,0,0,0,0,2,0.6509357200976403,5
3,1806,0,0,0,0,0,0,0,1,0.6509357200976403,6
3,1806,0,0,0,0,0,0,0,2,0.6509357200976403,6
3,1807,0,0,0,0,0,0,0,1,0.6509357200976403,7
3,1807,0,0,0,0,0,0,0,2,0.6509357200976403,7
3,1808,0,0,0,0,0,0,0,1,0.6509357200976403,8
3,1808,0,0,0,0,0,0,0,2,0.6509357200976403,8
3,1809,0,0,0,0,0,0,0,1,0.6509357200976403,9
3,1809,0,0,0,0,0,0,0,2,0.6509357200976403,9
3,1810,0,0,0,0,0,0,0,1,0.6509357200976403,10
3,1810,0,0,0,0,0,0,0,2,0.6509357200976403,10
3,1811,0,0,0,0,0,0,0,1,0.6509357200976403,11
3,1811,0,0,0,0,0,0,0,2,0.6509357200976403,11
3,1812,0,0,0,0,0,0,0,1,0.6509357200976403,12
3,1812,0,0,0,0,0,0,0,2,0.6509357200976403,12
3,1813,0,0,0,0,0,0,0,1,0.6509357200976403,13
3,1813,0,0,0,0,0,0,0,2,0.6509357200976403,13
3,1814,0,0,0,0,0,0,0,1,0.6509357200976403,14
3,1814,0,0,0,0,0,0,0,2,0.6509357200976403,14
3,1815,0,0,0,0,0,0,0,1,0.6509357200976403,15
3,1815,0,0,0,0,0,0,0,2,0.6509357200976403,15
3,1816,0,0,0,0,0,0,0,1,0.6509357200976403,16
3,1816,0,0,0,0,0,0,0,2,0.6509357200976403,16
3,1817,0,0,0,0,0,0,0,1,0.6509357200976403,17
3,1817,0,0,0,0,0,0,0,2,0.6509357200976403,17
3,1818,0,0,0,0,0,0,0,1,0.6509357200976403,18
3,1818,0,0,0,0,0,0,0,2,0.6509357200976403,18
3,1819,0,0,0,0,0,0,0,1,0.6509357200976403,19
3,1819,0,0,0,0,0,0,0,2,0.6509357200976403,19
3,1820,0,0,0,0,0,0,0,1,0.6509357200976403,20
3,1820,0,0,0,0,0,0,0,2,0.6509357200976403,20
3,1821,0,0,0,0,0,0,0,1,0.6509357200976403,21
3,1821,0,0,0,0,0,0,0,2,0.6509357200976403,21
3,1822,0,0,0,0,0,0,0,1,0.6509357200976403,22
3,1822,0,0,0,0,0,0,0,2,0.6509357200976403,22
3,1823,0,0,0,0,0,0,0,1,0.6509357200976403,23
3,1823,0,0,0,0,0,0,0,2,0.6509357200976403,23
3,1824,0,0,0,0,0,0,0,1,0.6509357200976403,0
3,1824,0,0,0,0,0,0,0,2,0.6509357200976403,0
3,1825,0,0,0,0,0,0,0,1,0.6509357200976403,1
3,1825,0,0,0,0,0,0,0,2,0.6509357200976403,1
3,1826,0,0,0,0,0,0,0,1,0.6509357200976403,2
3,1826,0,0,0,0,0,0,0,2,0.6509357200976403,2
3,1827,0,0,0,0,0,0,0,1,0.6509357200976403,3
3,1827,0,0,0,0,0,0,0,2,0.6509357200976403,3
3,1828,0,0,0,0,0,0,0,1,0.6509357200976403,4
3,1828,0,0,0,0,0,0,0,2,0.6509357200976403,4
3,1829,0,0,0,0,0,0,0,1,0.6509357200976403,5
3,1829,0,0,0,0,0,0,0,2,0.6509357200976403,5
3,1830,0,0,0,0,0,0,0,1,0.6509357200976403,6
3,1830,0,0,0,0,0,0,0,2,0.6509357200976403,6
3,1831,0,0,0,0,0,0,0,1,0.6509357200976403,7
3,1831,0,0,0,0,0,0,0,2,0.6509357200976403,7
3,1832,0,0,0,0,0,0,0,1,0.6509357200976403,8
3,1832,0,0,0,0,0,0,0,2,0.6509357200976403,8
3,1833,0,0,0,0,0,0,0,1,0.6509357200976403,9
3,1833,0,0,0,0,0,0,0,2,0.6509357200976403,9
3,1834,0,0,0,0,0,0,0,1,0.6509357200976403,10
3,1834,0,0,0,0,0,0,0,2,0.6509357200976403,10
3,1835,0,0,0,0,0,0,0,1,0.6509357200976403,11
3,1835,0,0,0,0,0,0,0,2,0.6509357200976403,11
3,1836,0,0,0,0,0,0,0,1,0.6509357200976403,12
3,1836,0,0,0,0,0,0,0,2,0.6509357200976403,12
3,1837,0,0,0,0,0,0,0,1,0.6509357200976403,13
3,1837,0,0,0,0,0,0,0,2,0.6509357200976403,13
3,1838,0,0,0,0,0,0,0,1,0.6509357200976403,14
3,1838,0,0,0,0,0,0,0,2,0.6509357200976403,14
3,1839,0,0,0,0,0,0,0,1,0.6509357200976403,15
3,1839,0,0,0,0,0,0,0,2,0.6509357200976403,15
3,1840,0,0,0,0,0,0,0,1,0.6509357200976403,16
3,1840,0,0,0,0,0,0,0,2,0.6509357200976403,16
3,1841,0,0,0,0,0,0,0,1,0.6509357200976403,17
3,1841,0,0,0,0,0,0,0,2,0.6509357200976403,17
3,1842,0,0,0,0,0,0,0,1,0.6509357200976403,18
3,1842,0,0,0,0,0,0,0,2,0.6509357200976403,18
3,1843,0,0,0,0,0,0,0,1,0.6509357200976403,19
3,1843,0,0,0,0,0,0,0,2,0.6509357200976403,19
3,1844,0,0,0,0,0,0,0,1,0.6509357200976403,20
3,1844,0,0,0,0,0,0,0,2,0.6509357200976403,20
3,1845,0,0,0,0,0,0,0,1,0.6509357200976403,21
3,1845,0,0,0,0,0,0,0,2,0.6509357200976403,21
3,1846,0,0,0,0,0,0,0,1,0.6509357200976403,22
3,1846,0,0,0,0,0,0,0,2,0.6509357200976403,22
3,1847,0,0,0,0,0,0,0,1,0.6509357200976403,23
3,1847,0,0,0,0,0,0,0,2,0.6509357200976403,23
3,1848,0,0,0,0,0,0,0,1,0.6509357200976403,0
3,1848,0,0,0,0,0,0,0,2,0.6509357200976403,0
3,1849,0,0,0,0,0,0,0,1,0.6509357200976403,1
3,1849,0,0,0,0,0,0,0,2,0.6509357200976403,1
3,1850,0,0,0,0,0,0,0,1,0.6509357200976403,2
3,1850,0,0,0,0,0,0,0,2,0.6509357200976403,2
3,1851,0,0,0,0,0,0,0,1,0.6509357200976403,3
3,1851,0,0,0,0,0,0,0,2,0.6509357200976403,3
3,1852,0,0,0,0,0,0,0,1,0.6509357200976403,4
3,1852,0,0,0,0,0,0,0,2,0.6509357200976403,4
3,1853,0,0,0,0,0,0,0,1,0.6509357200976403,5
3,1853,0,0,0,0,0,0,0,2,0.6509357200976403,5
3,1854,0,0,0,0,0,0,0,1,0.6509357200976403,6
3,1854,0,0,0,0,0,0,0,2,0.6509357200976403,6
3,1855,0,0,0,0,0,0,0,1,0.6509357200976403,7
3,1855,0,0,0,0,0,0,0,2,0.6509357200976403,7
3,1856,0,0,0,0,0,0,0,1,0.6509357200976403,8
3,1856,0,0,0,0,0,0,0,2,0.6509357200976403,8
3,1857,0,0,0,0,0,0,0,1,0.6509357200976403,9
3,1857,0,0,0,0,0,0,0,2,0.6509357200976403,9
3,1858,0,0,0,0,0,0,0,1,0.6509357200976403,10
3,1858,0,0,0,0,0,0,0,2,0.6509357200976403,10
3,1859,0,0,0,0,0,0,0,1,0.6509357200976403,11
3,1859,0,0,0,0,0,0,0,2,0.6509357200976403,11
3,1860,0,0,0,0,0,0,0,1,0.6509357200976403,12
3,1860,0,0,0,0,0,0,0,2,0.6509357200976403,12
3,1861,0,0,0,0,0,0,0,1,0.6509357200976403,13
3,1861,0,0,0,0,0,0,0,2,0.6509357200976403,13
3,1862,0,0,0,0,0,0,0,1,0.6509357200976403,14
3,1862,0,0,0,0,0,0,0,2,0.6509357200976403,14
3,1863,0,0,0,0,0,0,0,1,0.6509357200976403,15
3,1863,0,0,0,0,0,0,0,2,0.6509357200976403,15
3,1864,0,0,0,0,0,0,0,1,0.6509357200976403,16
3,1864,0,0,0,0,0,0,0,2,0.6509357200976403,16
3,1865,0,0,0,0,0,0,0,1,0.6509357200976403,17
3,1865,0,0,0,0,0,0,0,2,0.6509357200976403,17
3,1866,0,0,0,0,0,0,0,1,0.6509357200976403,18
3,1866,0,0,0,0,0,0,0,2,0.6509357200976403,18
3,1867,0,0,0,0,0,0,0,1,0.6509357200976403,19
3,1867,0,0,0,0,0,0,0,2,0.6509357200976403,19
3,1868,0,0,0,0,0,0,0,1,0.6509357200976403,20
3,1868,0,0,0,0,0,0,0,2,0.6509357200976403,20
3,1869,0,0,0,0,0,0,0,1,0.6509357200976403,21
3,1869,0,0,0,0,0,0,0,2,0.6509357200976403,21
3,1870,0,0,0,0,0,0,0,1,0.6509357200976403,22
3,1870,0,0,0,0,0,0,0,2,0.6509357200976403,22
3,1871,0,0,0,0,0,0,0,1,0.6509357200976403,23
3,1871,0,0,0,0,0,0,0,2,0.6509357200976403,23
3,1872,0,0,0,0,0,0,0,1,0.6509357200976403,0
3,1872,0,0,0,0,0,0,0,2,0.6509357200976403,0
3,1873,0,0,0,0,0,0,0,1,0.6509357200976403,1
3,1873,0,0,0,0,0,0,0,2,0.6509357200976403,1
3,1874,0,0,0,0,0,0,0,1,0.6509357200976403,2
3,1874,0,0,0,0,0,0,0,2,0.6509357200976403,2
3,1875,0,0,0,0,0,0,0,1,0.6509357200976403,3
3,1875,0,0,0,0,0,0,0,2,0.6509357200976403,3
3,1876,0,0,0,0,0,0,0,1,0.6509357200976403,4
3,1876,0,0,0,0,0,0,0,2,0.6509357200976403,4
3,1877,0,0,0,0,0,0,0,1,0.6509357200976403,5
3,1877,0,0,0,0,0,0,0,2,0.6509357200976403,5
3,1878,0,0,0,0,0,0,0,1,0.6509357200976403,6
3,1878,0,0,0,0,0,0,0,2,0.6509357200976403,6
3,1879,0,0,0,0,0,0,0,1,0.6509357200976403,7
3,1879,0,0,0,0,0,0,0,2,0.6509357200976403,7
3,1880,0,0,0,0,0,0,0,1,0.6509357200976403,8
3,1880,0,0,0,0,0,0,0,2,0.6509357200976403,8
3,1881,0,0,0,0,0,0,0,1,0.6509357200976403,9
3,1881,0,0,0,0,0,0,0,2,0.6509357200976403,9
3,1882,0,0,0,0,0,0,0,1,0.6509357200976403,10
3,1882,0,0,0,0,0,0,0,2,0.6509357200976403,10
3,1883,0,0,0,0,0,0,0,1,0.6509357200976403,11
3,1883,0,0,0,0,0,0,0,2,0.6509357200976403,11
3,1884,0,0,0,0,0,0,0,1,0.6509357200976403,12
3,1884,0,0,0,0,0,0,0,2,0.6509357200976403,12
3,1885,0,0,0,0,0,0,0,1,0.6509357200976403,13
3,1885,0,0,0,0,0,0,0,2,0.6509357200976403,13
3,1886,0,0,0,0,0,0,0,1,0.6509357200976403,14
3,1886,0,0,0,0,0,0,0,2,0.6509357200976403,14
3,1887,0,0,0,0,0,0,0,1,0.6509357200976403,15
3,1887,0,0,0,0,0,0,0,2,0.6509357200976403,15
3,1888,0,0,0,0,0,0,0,1,0.6509357200976403,16
3,1888,0,0,0,0,0,0,0,2,0.6509357200976403,16
3,1889,0,0,0,0,0,0,0,1,0.6509357200976403,17
3,1889,0,0,0,0,0,0,0,2,0.6509357200976403,17
3,1890,0,0,0,0,0,0,0,1,0.6509357200976403,18
3,1890,0,0,0,0,0,0,0,2,0.6509357200976403,18
3,1891,0,0,0,0,0,0,0,1,0.6509357200976403,19
3,1891,0,0,0,0,0,0,0,2,0.6509357200976403,19
3,1892,0,0,0,0,0,0,0,1,0.6509357200976403,20
3,1892,0,0,0,0,0,0,0,2,0.6509357200976403,20
3,1893,0,0,0,0,0,0,0,1,0.6509357200976403,21
3,1893,0,0,0,0,0,0,0,2,0.6509357200976403,21
3,1894,0,0,0,0,0,0,0,1,0.6509357200976403,22
3,1894,0,0,0,0,0,0,0,2,0.6509357200976403,22
3,1895,0,0,0,0,0,0,0,1,0.6509357200976403,23
3,1895,0,0,0,0,0,0,0,2,0.6509357200976403,23
3,1896,0,0,0,0,0,0,0,1,0.6509357200976403,0
3,1896,0,0,0,0,0,0,0,2,0.6509357200976403,0
3,1897,0,0,0,0,0,0,0,1,0.6509357200976403,1
3,1897,0,0,0,0,0,0,0,2,0.6509357200976403,1
3,1898,0,0,0,0,0,0,0,1,0.6509357200976403,2
3,1898,0,0,0,0,0,0,0,2,0.6509357200976403,2
3,1899,0,0,0,0,0,0,0,1,0.6509357200976403,3
3,1899,0,0,0,0,0,0,0,2,0.6509357200976403,3
3,1900,0,0,0,0,0,0,0,1,0.6509357200976403,4
3,1900,0,0,0,0,0,0,0,2,0.6509357200976403,4
3,1901,0,0,0,0,0,0,0,1,0.6509357200976403,5
3,1901,0,0,0,0,0,0,0,2,0.6509357200976403,5
3,1902,0,0,0,0,0,0,0,1,0.6509357200976403,6
3,1902,0,0,0,0,0,0,0,2,0.6509357200976403,6
3,1903,0,0,0,0,0,0,0,1,0.6509357200976403,7
3,1903,0,0,0,0,0,0,0,2,0.6509357200976403,7
3,1904,0,0,0,0,0,0,0,1,0.6509357200976403,8
3,1904,0,0,0,0,0,0,0,2,0.6509357200976403,8
3,1905,0,0,0,0,0,0,0,1,0.6509357200976403,9
3,1905,0,0,0,0,0,0,0,2,0.6509357200976403,9
3,1906,0,0,0,0,0,0,0,1,0.6509357200976403,10
3,1906,0,0,0,0,0,0,0,2,0.6509357200976403,10
3,1907,0,0,0,0,0,0,0,1,0.6509357200976403,11
3,1907,0,0,0,0,0,0,0,2,0.6509357200976403,11
3,1908,0,0,0,0,0,0,0,1,0.6509357200976403,12
3,1908,0,0,0,0,0,0,0,2,0.6509357200976403,12
3,1909,0,0,0,0,0,0,0,1,0.6509357200976403,13
3,1909,0,0,0,0,0,0,0,2,0.6509357200976403,13
3,1910,0,0,0,0,0,0,0,1,0.6509357200976403,14
3,1910,0,0,0,0,0,0,0,2,0.6509357200976403,14
3,1911,0,0,0,0,0,0,0,1,0.6509357200976403,15
3,1911,0,0,0,0,0,0,0,2,0.6509357200976403,15
3,1912,0,0,0,0,0,0,0,1,0.6509357200976403,16
3,1912,0,0,0,0,0,0,0,2,0.6509357200976403,16
3,1913,0,0,0,0,0,0,0,1,0.6509357200976403,17
3,1913,0,0,0,0,0,0,0,2,0.6509357200976403,17
3,1914,0,0,0,0,0,0,0,1,0.6509357200976403,18
3,1914,0,0,0,0,0,0,0,2,0.6509357200976403,18
3,1915,0,0,0,0,0,0,0,1,0.6509357200976403,19
3,1915,0,0,0,0,0,0,0,2,0.6509357200976403,19
3,1916,0,0,0,0,0,0,0,1,0.6509357200976403,20
3,1916,0,0,0,0,0,0,0,2,0.6509357200976403,20
3,1917,0,0,0,0,0,0,0,1,0.6509357200976403,21
3,1917,0,0,0,0,0,0,0,2,0.6509357200976403,21
3,1918,0,0,0,0,0,0,0,1,0.6509357200976403,22
3,1918,0,0,0,0,0,0,0,2,0.6509357200976403,22
3,1919,0,0,0,0,0,0,0,1,0.6509357200976403,23
3,1919,0,0,0,0,0,0,0,2,0.6509357200976403,23
3,1920,0,0,0,0,0,0,0,1,0.6509357200976403,0
3,1920,0,0,0,0,0,0,0,2,0.6509357200976403,0
3,1921,0,0,0,0,0,0,0,1,0.6509357200976403,1
3,1921,0,0,0,0,0,0,0,2,0.6509357200976403,1
3,1922,0,0,0,0,0,0,0,1,0.6509357200976403,2
3,1922,0,0,0,0,0,0,0,2,0.6509357200976403,2
3,1923,0,0,0,0,0,0,0,1,0.6509357200976403,3
3,1923,0,0,0,0,0,0,0,2,0.6509357200976403,3
3,1924,0,0,0,0,0,0,0,1,0.6509357200976403,4
3,1924,0,0,0,0,0,0,0,2,0.6509357200976403,4
3,1925,0,0,0,0,0,0,0,1,0.6509357200976403,5
3,1925,0,0,0,0,0,0,0,2,0.6509357200976403,5
3,1926,0,0,0,0,0,0,0,1,0.6509357200976403,6
3,1926,0,0,0,0,0,0,0,2,0.6509357200976403,6
3,1927,0,0,0,0,0,0,0,1,0.6509357200976403,7
3,1927,0,0,0,0,0,0,0,2,0.6509357200976403,7
3,1928,0,0,0,0,0,0,0,1,0.6509357200976403,8
3,1928,0,0,0,0,0,0,0,2,0.6509357200976403,8
3,1929,0,0,0,0,0,0,0,1,0.6509357200976403,9
3,1929,0,0,0,0,0,0,0,2,0.6509357200976403,9
3,1930,0,0,0,0,0,0,0,1,0.6509357200976403,10
3,1930,0,0,0,0,0,0,0,2,0.6509357200976403,10
3,1931,0,0,0,0,0,0,0,1,0.6509357200976403,11
3,1931,0,0,0,0,0,0,0,2,0.6509357200976403,11
3,1932,0,0,0,0,0,0,0,1,0.6509357200976403,12
3,1932,0,0,0,0,0,0,0,2,0.6509357200976403,12
3,1933,0,0,0,0,0,0,0,1,0.6509357200976403,13
3,1933,0,0,0,0,0,0,0,2,0.6509357200976403,13
3,1934,0,0,0,0,0,0,0,1,0.6509357200976403,14
3,1934,0,0,0,0,0,0,0,2,0.6509357200976403,14
3,1935,0,0,0,0,0,0,0,1,0.6509357200976403,15
3,1935,0,0,0,0,0,0,0,2,0.6509357200976403,15
3,1936,0,0,0,0,0,0,0,1,0.6509357200976403,16
3,1936,0,0,0,0,0,0,0,2,0.6509357200976403,16
3,1937,0,0,0,0,0,0,0,1,0.6509357200976403,17
3,1937,0,0,0,0,0,0,0,2,0.6509357200976403,17
3,1938,0,0,0,0,0,0,0,1,0.6509357200976403,18
3,1938,0,0,0,0,0,0,0,2,0.6509357200976403,18
3,1939,0,0,0,0,0,0,0,1,0.6509357200976403,19
3,1939,0,0,0,0,0,0,0,2,0.6509357200976403,19
3,1940,0,0,0,0,0,0,0,1,0.6509357200976403,20
3,1940,0,0,0,0,0,0,0,2,0.6509357200976403,20
3,1941,0,0,0,0,0,0,0,1,0.6509357200976403,21
3,1941,0,0,0,0,0,0,0,2,0.6509357200976403,21
3,1942,0,0,0,0,0,0,0,1,0.6509357200976403,22
3,1942,0,0,0,0,0,0,0,2,0.6509357200976403,22
3,1943,0,0,0,0,0,0,0,1,0.6509357200976403,23
3,1943,0,0,0,0,0,0,0,2,0.6509357200976403,23
3,1944,0,0,0,0,0,0,0,1,0.6509357200976403,0
3,1944,0,0,0,0,0,0,0,2,0.6509357200976403,0
3,1945,0,0,0,0,0,0,0,1,0.6509357200976403,1
3,1945,0,0,0,0,0,0,0,2,0.6509357200976403,1
3,1946,0,0,0,0,0,0,0,1,0.6509357200976403,2
3,1946,0,0,0,0,0,0,0,2,0.6509357200976403,2
3,1947,0,0,0,0,0,0,0,1,0.6509357200976403,3
3,1947,0,0,0,0,0,0,0,2,0.6509357200976403,3
3,1948,0,0,0,0,0,0,0,1,0.6509357200976403,4
3,1948,0,0,0,0,0,0,0,2,0.6509357200976403,4
3,1949,0,0,0,0,0,0,0,1,0.6509357200976403,5
3,1949,0,0,0,0,0,0,0,2,0.6509357200976403,5
3,1950,0,0,0,0,0,0,0,1,0.6509357200976403,6
3,1950,0,0,0,0,0,0,0,2,0.6509357200976403,6
3,1951,0,0,0,0,0,0,0,1,0.6509357200976403,7
3,1951,0,0,0,0,0,0,0,2,0.6509357200976403,7
3,1952,0,0,0,0,0,0,0,1,0.6509357200976403,8
3,1952,0,0,0,0,0,0,0,2,0.6509357200976403,8
3,1953,0,0,0,0,0,0,0,1,0.6509357200976403,9
3,1953,0,0,0,0,0,0,0,2,0.6509357200976403,9
3,1954,0,0,0,0,0,0,0,1,0.6509357200976403,10
3,1954,0,0,0,0,0,0,0,2,0.6509357200976403,10
3,1955,0,0,0,0,0,0,0,1,0.6509357200976403,11
3,1955,0,0,0,0,0,0,0,2,0.6509357200976403,11
3,1956,0,0,0,0,0,0,0,1,0.6509357200976403,12
3,1956,0,0,0,0,0,0,0,2,0.6509357200976403,12
3,1957,0,0,0,0,0,0,0,1,0.6509357200976403,13
3,1957,0,0,0,0,0,0,0,2,0.6509357200976403,13
3,1958,0,0,0,0,0,0,0,1,0.6509357200976403,14
3,1958,0,0,0,0,0,0,0,2,0.6509357200976403,14
3,1959,0,0,0,0,0,0,0,1,0.6509357200976403,15
3,1959,0,0,0,0,0,0,0,2,0.6509357200976403,15
3,1960,0,0,0,0,0,0,0,1,0.6509357200976403,16
3,1960,0,0,0,0,0,0,0,2,0.6509357200976403,16
3,1961,0,0,0,0,0,0,0,1,0.6509357200976403,17
3,1961,0,0,0,0,0,0,0,2,0.6509357200976403,17
3,1962,0,0,0,0,0,0,0,1,0.6509357200976403,18
3,1962,0,0,0,0,0,0,0,2,0.6509357200976403,18
3,1963,0,0,0,0,0,0,0,1,0.6509357200976403,19
3,1963,0,0,0,0,0,0,0,2,0.6509357200976403,19
3,1964,0,0,0,0,0,0,0,1,0.6509357200976403,20
3,1964,0,0,0,0,0,0,0,2,0.6509357200976403,20
3,1965,0,0,0,0,0,0,0,1,0.6509357200976403,21
3,1965,0,0,0,0,0,0,0,2,0.6509357200976403,21
3,1966,0,0,0,0,0,0,0,1,0.6509357200976403,22
3,1966,0,0,0,0,0,0,0,2,0.6509357200976403,22
3,1967,0,0,0,0,0,0,0,1,0.6509357200976403,23
3,1967,0,0,0,0,0,0,0,2,0.6509357200976403,23
3,1968,0,0,0,0,0,0,0,1,0.6509357200976403,0
3,1968,0,0,0,0,0,0,0,2,0.6509357200976403,0
3,1969,0,0,0,0,0,0,0,1,0.6509357200976403,1
3,1969,0,0,0,0,0,0,0,2,0.6509357200976403,1
3,1970,0,0,0,0,0,0,0,1,0.6509357200976403,2
3,1970,0,0,0,0,0,0,0,2,0.6509357200976403,2
3,1971,0,0,0,0,0,0,0,1,0.6509357200976403,3
3,1971,0,0,0,0,0,0,0,2,0.6509357200976403,3
3,1972,0,0,0,0,0,0,0,1,0.6509357200976403,4
3,1972,0,0,0,0,0,0,0,2,0.6509357200976403,4
3,1973,0,0,0,0,0,0,0,1,0.6509357200976403,5
3,1973,0,0,0,0,0,0,0,2,0.6509357200976403,5
3,1974,0,0,0,0,0,0,0,1,0.6509357200976403,6
3,1974,0,0,0,0,0,0,0,2,0.6509357200976403,6
3,1975,0,0,0,0,0,0,0,1,0.6509357200976403,7
3,1975,0,0,0,0,0,0,0,2,0.6509357200976403,7
3,1976,0,0,0,0,0,0,0,1,0.6509357200976403,8
3,1976,0,0,0,0,0,0,0,2,0.6509357200976403,8
3,1977,0,0,0,0,0,0,0,1,0.6509357200976403,9
3,1977,0,0,0,0,0,0,0,2,0.6509357200976403,9
3,1978,0,0,0,0,0,0,0,1,0.6509357200976403,10
3,1978,0,0,0,0,0,0,0,2,0.6509357200976403,10
3,1979,0,0,0,0,0,0,0,1,0.6509357200976403,11
3,1979,0,0,0,0,0,0,0,2,0.6509357200976403,11
3,1980,0,0,0,0,0,0,0,1,0.6509357200976403,12
3,1980,0,0,0,0,0,0,0,2,0.6509357200976403,12
3,1981,0,0,0,0,0,0,0,1,0.6509357200976403,13
3,1981,0,0,0,0,0,0,0,2,0.6509357200976403,13
3,1982,0,0,0,0,0,0,0,1,0.6509357200976403,14
3,1982,0,0,0,0,0,0,0,2,0.6509357200976403,14
3,1983,0,0,0,0,0,0,0,1,0.6509357200976403,15
3,1983,0,0,0,0,0,0,0,2,0.6509357200976403,15
3,1984,0,0,0,0,0,0,0,1,0.6509357200976403,16
3,1984,0,0,0,0,0,0,0,2,0.6509357200976403,16
3,1985,0,0,0,0,0,0,0,1,0.6509357200976403,17
3,1985,0,0,0,0,0,0,0,2,0.6509357200976403,17
3,1986,0,0,0,0,0,0,0,1,0.6509357200976403,18
3,1986,0,0,0,0,0,0,0,2,0.6509357200976403,18
3,1987,0,0,0,0,0,0,0,1,0.6509357200976403,19
3,1987,0,0,0,0,0,0,0,2,0.6509357200976403,19
3,1988,0,0,0,0,0,0,0,1,0.6509357200976403,20
3,1988,0,0,0,0,0,0,0,2,0.6509357200976403,20
3,1989,0,0,0,0,0,0,0,1,0.6509357200976403,21
3,1989,0,0,0,0,0,0,0,2,0.6509357200976403,21
3,1990,0,0,0,0,0,0,0,1,0.6509357200976403,22
3,1990,0,0,0,0,0,0,0,2,0.6509357200976403,22
3,1991,0,0,0,0,0,0,0,1,0.6509357200976403,23
3,1991,0,0,0,0,0,0,0,2,0.6509357200976403,23
3,1992,0,0,0,0,0,0,0,1,0.6509357200976403,0
3,1992,0,0,0,0,0,0,0,2,0.6509357200976403,0
3,1993,0,0,0,0,0,0,0,1,0.6509357200976403,1
3,1993,0,0,0,0,0,0,0,2,0.6509357200976403,1
3,1994,0,0,0,0,0,0,0,1,0.6509357200976403,2
3,1994,0,0,0,0,0,0,0,2,0.6509357200976403,2
3,1995,0,0,0,0,0,0,0,1,0.6509357200976403,3
3,1995,0,0,0,0,0,0,0,2,0.6509357200976403,3
3,1996,0,0,0,0,0,0,0,1,0.6509357200976403,4
3,1996,0,0,0,0,0,0,0,2,0.6509357200976403,4
3,1997,0,0,0,0,0,0,0,1,0.6509357200976403,5
3,1997,0,0,0,0,0,0,0,2,0.6509357200976403,5
3,1998,0,0,0,0,0,0,0,1,0.6509357200976403,6
3,1998,0,0,0,0,0,0,0,2,0.6509357200976403,6
3,1999,0,0,0,0,0,0,0,1,0.6509357200976403,7
3,1999,0,0,0,0,0,0,0,2,0.6509357200976403,7
3,2000,0,0,0,0,0,0,0,1,0.6509357200976403,8
3,2000,0,0,0,0,0,0,0,2,0.6509357200976403,8
3,2001,0,0,0,0,0,0,0,1,0.6509357200976403,9
3,2001,0,0,0,0,0,0,0,2,0.6509357200976403,9
3,2002,0,0,0,0,0,0,0,1,0.6509357200976403,10
3,2002,0,0,0,0,0,0,0,2,0.6509357200976403,10
3,2003,0,0,0,0,0,0,0,1,0.6509357200976403,11
3,2003,0,0,0,0,0,0,0,2,0.6509357200976403,11
3,2004,0,0,0,0,0,0,0,1,0.6509357200976403,12
3,2004,0,0,0,0,0,0,0,2,0.6509357200976403,12
3,2005,0,0,0,0,0,0,0,1,0.6509357200976403,13
3,2005,0,0,0,0,0,0,0,2,0.6509357200976403,13
3,2006,0,0,0,0,0,0,0,1,0.6509357200976403,14
3,2006,0,0,0,0,0,0,0,2,0.6509357200976403,14
3,2007,0,0,0,0,0,0,0,1,0.6509357200976403,15
3,2007,0,0,0,0,0,0,0,2,0.6509357200976403,15
3,2008,0,0,0,0,0,0,0,1,0.6509357200976403,16
3,2008,0,0,0,0,0,0,0,2,0.6509357200976403,16
3,2009,0,0,0,0,0,0,0,1,0.6509357200976403,17
3,2009,0,0,0,0,0,0,0,2,0.6509357200976403,17
3,2010,0,0,0,0,0,0,0,1,0.6509357200976403,18
3,2010,0,0,0,0,0,0,0,2,0.6509357200976403,18
3,2011,0,0,0,0,0,0,0,1,0.6509357200976403,19
3,2011,0,0,0,0,0,0,0,2,0.6509357200976403,19
3,2012,0,0,0,0,0,0,0,1,0.6509357200976403,20
3,2012,0,0,0,0,0,0,0,2,0.6509357200976403,20
3,2013,0,0,0,0,0,0,0,1,0.6509357200976403,21
3,2013,0,0,0,0,0,0,0,2,0.6509357200976403,21
3,2014,0,0,0,0,0,0,0,1,0.6509357200976403,22
3,2014,0,0,0,0,0,0,0,2,0.6509357200976403,22
3,2015,0,0,0,0,0,0,0,1,0.6509357200976403,23
3,2015,0,0,0,0,0,0,0,2,0.6509357200976403,23
3,2016,0,0,0,0,0,0,0,1,0.6509357200976403,0
3,2016,0,0,0,0,0,0,0,2,0.6509357200976403,0
3,2017,0,0,0,0,0,0,0,1,0.6509357200976403,1
3,2017,0,0,0,0,0,0,0,2,0.6509357200976403,1
3,2018,0,0,0,0,0,0,0,1,0.6509357200976403,2
3,2018,0,0,0,0,0,0,0,2,0.6509357200976403,2
3,2019,0,0,0,0,0,0,0,1,0.6509357200976403,3
3,2019,0,0,0,0,0,0,0,2,0.6509357200976403,3
3,2020,0,0,0,0,0,0,0,1,0.6509357200976403,4
3,2020,0,0,0,0,0,0,0,2,0.6509357200976403,4
3,2021,0,0,0,0,0,0,0,1,0.6509357200976403,5
3,2021,0,0,0,0,0,0,0,2,0.6509357200976403,5
3,2022,0,0,0,0,0,0,0,1,0.6509357200976403,6
3,2022,0,0,0,0,0,0,0,2,0.6509357200976403,6
3,2023,0,0,0,0,0,0,0,1,0.6509357200976403,7
3,2023,0,0,0,0,0,0,0,2,0.6509357200976403,7
3,2024,0,0,0,0,0,0,0,1,0.6509357200976403,8
3,2024,0,0,0,0,0,0,0,2,0.6509357200976403,8
3,2025,0,0,0,0,0,0,0,1,0.6509357200976403,9
3,2025,0,0,0,0,0,0,0,2,0.6509357200976403,9
3,2026,0,0,0,0,0,0,0,1,0.6509357200976403,10
3,2026,0,0,0,0,0,0,0,2,0.6509357200976403,10
3,2027,0,0,0,0,0,0,0,1,0.6509357200976403,11
3,2027,0,0,0,0,0,0,0,2,0.6509357200976403,11
3,2028,0,0,0,0,0,0,0,1,0.6509357200976403,12
3,2028,0,0,0,0,0,0,0,2,0.6509357200976403,12
3,2029,0,0,0,0,0,0,0,1,0.6509357200976403,13
3,2029,0,0,0,0,0,0,0,2,0.6509357200976403,13
3,2030,0,0,0,0,0,0,0,1,0.6509357200976403,14
3,2030,0,0,0,0,0,0,0,2,0.6509357200976403,14
3,2031,0,0,0,0,0,0,0,1,0.6509357200976403,15
3,2031,0,0,0,0,0,0,0,2,0.6509357200976403,15
3,2032,0,0,0,0,0,0,0,1,0.6509357200976403,16
3,2032,0,0,0,0,0,0,0,2,0.6509357200976403,16
3,2033,0,0,0,0,0,0,0,1,0.6509357200976403,17
3,2033,0,0,0,0,0,0,0,2,0.6509357200976403,17
3,2034,0,0,0,0,0,0,0,1,0.6509357200976403,18
3,2034,0,0,0,0,0,0,0,2,0.6509357200976403,18
3,2035,0,0,0,0,0,0,0,1,0.6509357200976403,19
3,2035,0,0,0,0,0,0,0,2,0.6509357200976403,19
3,2036,0,0,0,0,0,0,0,1,0.6509357200976403,20
3,2036,0,0,0,0,0,0,0,2,0.6509357200976403,20
3,2037,0,0,0,0,0,0,0,1,0.6509357200976403,21
3,2037,0,0,0,0,0,0,0,2,0.6509357200976403,21
3,2038,0,0,0,0,0,0,0,1,0.6509357200976403,22
3,2038,0,0,0,0,0,0,0,2,0.6509357200976403,22
3,2039,0,0,0,0,0,0,0,1,0.6509357200976403,23
3,2039,0,0,0,0,0,0,0,2,0.6509357200976403,23
3,2040,0,0,0,0,0,0,0,1,0.6509357200976403,0
3,2040,0,0,0,0,0,0,0,2,0.6509357200976403,0
3,2041,0,0,0,0,0,0,0,1,0.6509357200976403,1
3,2041,0,0,0,0,0,0,0,2,0.6509357200976403,1
3,2042,0,0,0,0,0,0,0,1,0.6509357200976403,2
3,2042,0,0,0,0,0,0,0,2,0.6509357200976403,2
3,2043,0,0,0,0,0,0,0,1,0.6509357200976403,3
3,2043,0,0,0,0,0,0,0,2,0.6509357200976403,3
3,2044,0,0,0,0,0,0,0,1,0.6509357200976403,4
3,2044,0,0,0,0,0,0,0,2,0.6509357200976403,4
3,2045,0,0,0,0,0,0,0,1,0.6509357200976403,5
3,2045,0,0,0,0,0,0,0,2,0.6509357200976403,5
3,2046,0,0,0,0,0,0,0,1,0.6509357200976403,6
3,2046,0,0,0,0,0,0,0,2,0.6509357200976403,6
3,2047,0,0,0,0,0,0,0,1,0.6509357200976403,7
3,2047,0,0,0,0,0,0,0,2,0.6509357200976403,7
3,2048,0,0,0,0,0,0,0,1,0.6509357200976403,8
3,2048,0,0,0,0,0,0,0,2,0.6509357200976403,8
3,2049,0,0,0,0,0,0,0,1,0.6509357200976403,9
3,2049,0,0,0,0,0,0,0,2,0.6509357200976403,9
3,2050,0,0,0,0,0,0,0,1,0.6509357200976403,10
3,2050,0,0,0,0,0,0,0,2,0.6509357200976403,10
3,2051,0,0,0,0,0,0,0,1,0.6509357200976403,11
3,2051,0,0,0,0,0,0,0,2,0.6509357200976403,11
3,2052,0,0,0,0,0,0,0,1,0.6509357200976403,12
3,2052,0,0,0,0,0,0,0,2,0.6509357200976403,12
3,2053,0,0,0,0,0,0,0,1,0.6509357200976403,13
3,2053,0,0,0,0,0,0,0,2,0.6509357200976403,13
3,2054,0,0,0,0,0,0,0,1,0.6509357200976403,14
3,2054,0,0,0,0,0,0,0,2,0.6509357200976403,14
3,2055,0,0,0,0,0,0,0,1,0.6509357200976403,15
3,2055,0,0,0,0,0,0,0,2,0.6509357200976403,15
3,2056,0,0,0,0,0,0,0,1,0.6509357200976403,16
3,2056,0,0,0,0,0,0,0,2,0.6509357200976403,16
3,2057,0,0,0,0,0,0,0,1,0.6509357200976403,17
3,2057,0,0,0,0,0,0,0,2,0.6509357200976403,17
3,2058,0,0,0,0,0,0,0,1,0.6509357200976403,18
3,2058,0,0,0,0,0,0,0,2,0.6509357200976403,18
3,2059,0,0,0,0,0,0,0,1,0.6509357200976403,19
3,2059,0,0,0,0,0,0,0,2,0.6509357200976403,19
3,2060,0,0,0,0,0,0,0,1,0.6509357200976403,20
3,2060,0,0,0,0,0,0,0,2,0.6509357200976403,20
3,2061,0,0,0,0,0,0,0,1,0.6509357200976403,21
3,2061,0,0,0,0,0,0,0,2,0.6509357200976403,21
3,2062,0,0,0,0,0,0,0,1,0.6509357200976403,22
3,2062,0,0,0,0,0,0,0,2,0.6509357200976403,22
3,2063,0,0,0,0,0,0,0,1,0.6509357200976403,23
3,2063,0,0,0,0,0,0,0,2,0.6509357200976403,23
3,2064,0,0,0,0,0,0,0,1,0.6509357200976403,0
3,2064,0,0,0,0,0,0,0,2,0.6509357200976403,0
3,2065,0,0,0,0,0,0,0,1,0.6509357200976403,1
3,2065,0,0,0,0,0,0,0,2,0.6509357200976403,1
3,2066,0,0,0,0,0,0,0,1,0.6509357200976403,2
3,2066,0,0,0,0,0,0,0,2,0.6509357200976403,2
3,2067,0,0,0,0,0,0,0,1,0.6509357200976403,3
3,2067,0,0,0,0,0,0,0,2,0.6509357200976403,3
3,2068,0,0,0,0,0,0,0,1,0.6509357200976403,4
3,2068,0,0,0,0,0,0,0,2,0.6509357200976403,4
3,2069,0,0,0,0,0,0,0,1,0.6509357200976403,5
3,2069,0,0,0,0,0,0,0,2,0.6509357200976403,5
3,2070,0,0,0,0,0,0,0,1,0.6509357200976403,6
3,2070,0,0,0,0,0,0,0,2,0.6509357200976403,6
3,2071,0,0,0,0,0,0,0,1,0.6509357200976403,7
3,2071,0,0,0,0,0,0,0,2,0.6509357200976403,7
3,2072,0,0,0,0,0,0,0,1,0.6509357200976403,8
3,2072,0,0,0,0,0,0,0,2,0.6509357200976403,8
3,2073,0,0,0,0,0,0,0,1,0.6509357200976403,9
3,2073,0,0,0,0,0,0,0,2,0.6509357200976403,9
3,2074,0,0,0,0,0,0,0,1,0.6509357200976403,10
3,2074,0,0,0,0,0,0,0,2,0.6509357200976403,10
3,2075,0,0,0,0,0,0,0,1,0.6509357200976403,11
3,2075,0,0,0,0,0,0,0,2,0.6509357200976403,11
3,2076,0,0,0,0,0,0,0,1,0.6509357200976403,12
3,2076,0,0,0,0,0,0,0,2,0.6509357200976403,12
3,2077,0,0,0,0,0,0,0,1,0.6509357200976403,13
3,2077,0,0,0,0,0,0,0,2,0.6509357200976403,13
3,2078,0,0,0,0,0,0,0,1,0.6509357200976403,14
3,2078,0,0,0,0,0,0,0,2,0.6509357200976403,14
3,2079,0,0,0,0,0,0,0,1,0.6509357200976403,15
3,2079,0,0,0,0,0,0,0,2,0.6509357200976403,15
3,2080,0,0,0,0,0,0,0,1,0.6509357200976403,16
3,2080,0,0,0,0,0,0,0,2,0.6509357200976403,16
3,2081,0,0,0,0,0,0,0,1,0.6509357200976403,17
3,2081,0,0,0,0,0,0,0,2,0.6509357200976403,17
3,2082,0,0,0,0,0,0,0,1,0.6509357200976403,18
3,2082,0,0,0,0,0,0,0,2,0.6509357200976403,18
3,2083,0,0,0,0,0,0,0,1,0.6509357200976403,19
3,2083,0,0,0,0,0,0,0,2,0.6509357200976403,19
3,2084,0,0,0,0,0,0,0,1,0.6509357200976403,20
3,2084,0,0,0,0,0,0,0,2,0.6509357200976403,20
3,2085,0,0,0,0,0,0,0,1,0.6509357200976403,21
3,2085,0,0,0,0,0,0,0,2,0.6509357200976403,21
3,2086,0,0,0,0,0,0,0,1,0.6509357200976403,22
3,2086,0,0,0,0,0,0,0,2,0.6509357200976403,22
3,2087,0,0,0,0,0,0,0,1,0.6509357200976403,23
3,2087,0,0,0,0,0,0,0,2,0.6509357200976403,23
3,2088,0,0,0,0,0,0,0,1,0.6509357200976403,0
3,2088,0,0,0,0,0,0,0,2,0.6509357200976403,0
3,2089,0,0,0,0,0,0,0,1,0.6509357200976403,1
3,2089,0,0,0,0,0,0,0,2,0.6509357200976403,1
3,2090,0,0,0,0,0,0,0,1,0.6509357200976403,2
3,2090,0,0,0,0,0,0,0,2,0.6509357200976403,2
3,2091,0,0,0,0,0,0,0,1,0.6509357200976403,3
3,2091,0,0,0,0,0,0,0,2,0.6509357200976403,3
3,2092,0,0,0,0,0,0,0,1,0.6509357200976403,4
3,2092,0,0,0,0,0,0,0,2,0.6509357200976403,4
3,2093,0,0,0,0,0,0,0,1,0.6509357200976403,5
3,2093,0,0,0,0,0,0,0,2,0.6509357200976403,5
3,2094,0,0,0,0,0,0,0,1,0.6509357200976403,6
3,2094,0,0,0,0,0,0,0,2,0.6509357200976403,6
3,2095,0,0,0,0,0,0,0,1,0.6509357200976403,7
3,2095,0,0,0,0,0,0,0,2,0.6509357200976403,7
3,2096,0,0,0,0,0,0,0,1,0.6509357200976403,8
3,2096,0,0,0,0,0,0,0,2,0.6509357200976403,8
3,2097,0,0,0,0,0,0,0,1,0.6509357200976403,9
3,2097,0,0,0,0,0,0,0,2,0.6509357200976403,9
3,2098,0,0,0,0,0,0,0,1,0.6509357200976403,10
3,2098,0,0,0,0,0,0,0,2,0.6509357200976403,10
3,2099,0,0,0,0,0,0,0,1,0.6509357200976403,11
3,2099,0,0,0,0,0,0,0,2,0.6509357200976403,11
3,2100,0,0,0,0,0,0,0,1,0.6509357200976403,12
3,2100,0,0,0,0,0,0,0,2,0.6509357200976403,12
3,2101,0,0,0,0,0,0,0,1,0.6509357200976403,13
3,2101,0,0,0,0,0,0,0,2,0.6509357200976403,13
3,2102,0,0,0,0,0,0,0,1,0.6509357200976403,14
3,2102,0,0,0,0,0,0,0,2,0.6509357200976403,14
3,2103,0,0,0,0,0,0,0,1,0.6509357200976403,15
3,2103,0,0,0,0,0,0,0,2,0.6509357200976403,15
3,2104,0,0,0,0,0,0,0,1,0.6509357200976403,16
3,2104,0,0,0,0,0,0,0,2,0.6509357200976403,16
3,2105,0,0,0,0,0,0,0,1,0.6509357200976403,17
3,2105,0,0,0,0,0,0,0,2,0.6509357200976403,17
3,2106,0,0,0,0,0,0,0,1,0.6509357200976403,18
3,2106,0,0,0,0,0,0,0,2,0.6509357200976403,18
3,2107,0,0,0,0,0,0,0,1,0.6509357200976403,19
3,2107,0,0,0,0,0,0,0,2,0.6509357200976403,19
3,2108,0,0,0,0,0,0,0,1,0.6509357200976403,20
3,2108,0,0,0,0,0,0,0,2,0.6509357200976403,20
3,2109,0,0,0,0,0,0,0,1,0.6509357200976403,21
3,2109,0,0,0,0,0,0,0,2,0.6509357200976403,21
3,2110,0,0,0,0,0,0,0,1,0.6509357200976403,22
3,2110,0,0,0,0,0,0,0,2,0.6509357200976403,22
3,2111,0,0,0,0,0,0,0,1,0.6509357200976403,23
3,2111,0,0,0,0,0,0,0,2,0.6509357200976403,23
3,2112,0,0,0,0,0,0,0,1,0.6509357200976403,0
3,2112,0,0,0,0,0,0,0,2,0.6509357200976403,0
3,2113,0,0,0,0,0,0,0,1,0.6509357200976403,1
3,2113,0,0,0,0,0,0,0,2,0.6509357200976403,1
3,2114,0,0,0,0,0,0,0,1,0.6509357200976403,2
3,2114,0,0,0,0,0,0,0,2,0.6509357200976403,2
3,2115,0,0,0,0,0,0,0,1,0.6509357200976403,3
3,2115,0,0,0,0,0,0,0,2,0.6509357200976403,3
3,2116,0,0,0,0,0,0,0,1,0.6509357200976403,4
3,2116,0,0,0,0,0,0,0,2,0.6509357200976403,4
3,2117,0,0,0,0,0,0,0,1,0.6509357200976403,5
3,2117,0,0,0,0,0,0,0,2,0.6509357200976403,5
3,2118,0,0,0,0,0,0,0,1,0.6509357200976403,6
3,2118,0,0,0,0,0,0,0,2,0.6509357200976403,6
3,2119,0,0,0,0,0,0,0,1,0.6509357200976403,7
3,2119,0,0,0,0,0,0,0,2,0.6509357200976403,7
3,2120,0,0,0,0,0,0,0,1,0.6509357200976403,8
3,2120,0,0,0,0,0,0,0,2,0.6509357200976403,8
3,2121,0,0,0,0,0,0,0,1,0.6509357200976403,9
3,2121,0,0,0,0,0,0,0,2,0.6509357200976403,9
3,2122,0,0,0,0,0,0,0,1,0.6509357200976403,10
3,2122,0,0,0,0,0,0,0,2,0.6509357200976403,10
3,2123,0,0,0,0,0,0,0,1,0.6509357200976403,11
3,2123,0,0,0,0,0,0,0,2,0.6509357200976403,11
3,2124,0,0,0,0,0,0,0,1,0.6509357200976403,12
3,2124,0,0,0,0,0,0,0,2,0.6509357200976403,12
3,2125,0,0,0,0,0,0,0,1,0.6509357200976403,13
3,2125,0,0,0,0,0,0,0,2,0.6509357200976403,13
3,2126,0,0,0,0,0,0,0,1,0.6509357200976403,14
3,2126,0,0,0,0,0,0,0,2,0.6509357200976403,14
3,2127,0,0,0,0,0,0,0,1,0.6509357200976403,15
3,2127,0,0,0,0,0,0,0,2,0.6509357200976403,15
3,2128,0,0,0,0,0,0,0,1,0.6509357200976403,16
3,2128,0,0,0,0,0,0,0,2,0.6509357200976403,16
3,2129,0,0,0,0,0,0,0,1,0.6509357200976403,17
3,2129,0,0,0,0,0,0,0,2,0.6509357200976403,17
3,2130,0,0,0,0,0,0,0,1,0.6509357200976403,18
3,2130,0,0,0,0,0,0,0,2,0.6509357200976403,18
3,2131,0,0,0,0,0,0,0,1,0.6509357200976403,19
3,2131,0,0,0,0,0,0,0,2,0.6509357200976403,19
3,2132,0,0,0,0,0,0,0,1,0.6509357200976403,20
3,2132,0,0,0,0,0,0,0,2,0.6509357200976403,20
3,2133,0,0,0,0,0,0,0,1,0.6509357200976403,21
3,2133,0,0,0,0,0,0,0,2,0.6509357200976403,21
3,2134,0,0,0,0,0,0,0,1,0.6509357200976403,22
3,2134,0,0,0,0,0,0,0,2,0.6509357200976403,22
3,2135,0,0,0,0,0,0,0,1,0.6509357200976403,23
3,2135,0,0,0,0,0,0,0,2,0.6509357200976403,23
3,2136,0,0,0,0,0,0,0,1,0.6509357200976403,0
3,2136,0,0,0,0,0,0,0,2,0.6509357200976403,0
3,2137,0,0,0,0,0,0,0,1,0.6509357200976403,1
3,2137,0,0,0,0,0,0,0,2,0.6509357200976403,1
3,2138,0,0,0,0,0,0,0,1,0.6509357200976403,2
3,2138,0,0,0,0,0,0,0,2,0.6509357200976403,2
3,2139,0,0,0,0,0,0,0,1,0.6509357200976403,3
3,2139,0,0,0,0,0,0,0,2,0.6509357200976403,3
3,2140,0,0,0,0,0,0,0,1,0.6509357200976403,4
3,2140,0,0,0,0,0,0,0,2,0.6509357200976403,4
3,2141,0,0,0,0,0,0,0,1,0.6509357200976403,5
3,2141,0,0,0,0,0,0,0,2,0.6509357200976403,5
3,2142,0,0,0,0,0,0,0,1,0.6509357200976403,6
3,2142,0,0,0,0,0,0,0,2,0.6509357200976403,6
3,2143,0,0,0,0,0,0,0,1,0.6509357200976403,7
3,2143,0,0,0,0,0,0,0,2,0.6509357200976403,7
3,2144,0,0,0,0,0,0,0,1,0.6509357200976403,8
3,2144,0,0,0,0,0,0,0,2,0.6509357200976403,8
3,2145,0,0,0,0,0,0,0,1,0.6509357200976403,9
3,2145,0,0,0,0,0,0,0,2,0.6509357200976403,9
3,2146,0,0,0,0,0,0,0,1,0.6509357200976403,10
3,2146,0,0,0,0,0,0,0,2,0.6509357200976403,10
3,2147,0,0,0,0,0,0,0,1,0.6509357200976403,11
3,2147,0,0,0,0,0,0,0,2,0.6509357200976403,11
3,2148,0,0,0,0,0,0,0,1,0.6509357200976403,12
3,2148,0,0,0,0,0,0,0,2,0.6509357200976403,12
3,2149,0,0,0,0,0,0,0,1,0.6509357200976403,13
3,2149,0,0,0,0,0,0,0,2,0.6509357200976403,13
3,2150,0,0,0,0,0,0,0,1,0.6509357200976403,14
3,2150,0,0,0,0,0,0,0,2,0.6509357200976403,14
3,2151,0,0,0,0,0,0,0,1,0.6509357200976403,15
3,2151,0,0,0,0,0,0,0,2,0.6509357200976403,15
3,2152,0,0,0,0,0,0,0,1,0.6509357200976403,16
3,2152,0,0,0,0,0,0,0,2,0.6509357200976403,16
3,2153,0,0,0,0,0,0,0,1,0.6509357200976403,17
3,2153,0,0,0,0,0,0,0,2,0.6509357200976403,17
3,2154,0,0,0,0,0,0,0,1,0.6509357200976403,18
3,2154,0,0,0,0,0,0,0,2,0.6509357200976403,18
3,2155,0,0,0,0,0,0,0,1,0.6509357200976403,19
3,2155,0,0,0,0,0,0,0,2,0.6509357200976403,19
3,2156,0,0,0,0,0,0,0,1,0.6509357200976403,20
3,2156,0,0,0,0,0,0,0,2,0.6509357200976403,20
3,2157,0,0,0,0,0,0,0,1,0.6509357200976403,21
3,2157,0,0,0,0,0,0,0,2,0.6509357200976403,21
3,2158,0,0,0,0,0,0,0,1,0.6509357200976403,22
3,2158,0,0,0,0,0,0,0,2,0.6509357200976403,22
3,2159,0,0,0,0,0,0,0,1,0.6509357200976403,23
3,2159,0,0,0,0,0,0,0,2,0.6509357200976403,23
3,2160,0,0,0,0,0,0,0,1,0.6509357200976403,0
3,2160,0,0,0,0,0,0,0,2,0.6509357200976403,0
3,2161,0,0,0,0,0,0,0,1,0.6509357200976403,1
3,2161,0,0,0,0,0,0,0,2,0.6509357200976403,1
3,2162,0,0,0,0,0,0,0,1,0.6509357200976403,2
3,2162,0,0,0,0,0,0,0,2,0.6509357200976403,2
3,2163,0,0,0,0,0,0,0,1,0.6509357200976403,3
3,2163,0,0,0,0,0,0,0,2,0.6509357200976403,3
3,2164,0,0,0,0,0,0,0,1,0.6509357200976403,4
3,2164,0,0,0,0,0,0,0,2,0.6509357200976403,4
3,2165,0,0,0,0,0,0,0,1,0.6509357200976403,5
3,2165,0,0,0,0,0,0,0,2,0.6509357200976403,5
3,2166,0,0,0,0,0,0,0,1,0.6509357200976403,6
3,2166,0,0,0,0,0,0,0,2,0.6509357200976403,6
3,2167,0,0,0,0,0,0,0,1,0.6509357200976403,7
3,2167,0,0,0,0,0,0,0,2,0.6509357200976403,7
3,2168,0,0,0,0,0,0,0,1,0.6509357200976403,8
3,2168,0,0,0,0,0,0,0,2,0.6509357200976403,8
3,2169,0,0,0,0,0,0,0,1,0.6509357200976403,9
3,2169,0,0,0,0,0,0,0,2,0.6509357200976403,9
3,2170,0,0,0,0,0,0,0,1,0.6509357200976403,10
3,2170,0,0,0,0,0,0,0,2,0.6509357200976403,10
3,2171,0,0,0,0,0,0,0,1,0.6509357200976403,11
3,2171,0,0,0,0,0,0,0,2,0.6509357200976403,11
3,2172,0,0,0,0,0,0,0,1,0.6509357200976403,12
3,2172,0,0,0,0,0,0,0,2,0.6509357200976403,12
3,2173,0,0,0,0,0,0,0,1,0.6509357200976403,13
3,2173,0,0,0,0,0,0,0,2,0.6509357200976403,13
3,2174,0,0,0,0,0,0,0,1,0.6509357200976403,14
3,2174,0,0,0,0,0,0,0,2,0.6509357200976403,14
3,2175,0,0,0,0,0,0,0,1,0.6509357200976403,15
3,2175,0,0,0,0,0,0,0,2,0.6509357200976403,15
3,2176,0,0,0,0,0,0,0,1,0.6509357200976403,16
3,2176,0,0,0,0,0,0,0,2,0.6509357200976403,16
3,2177,0,0,0,0,0,0,0,1,0.6509357200976403,17
3,2177,0,0,0,0,0,0,0,2,0.6509357200976403,17
3,2178,0,0,0,0,0,0,0,1,0.6509357200976403,18
3,2178,0,0,0,0,0,0,0,2,0.6509357200976403,18
3,2179,0,0,0,0,0,0,0,1,0.6509357200976403,19
3,2179,0,0,0,0,0,0,0,2,0.6509357200976403,19
3,2180,0,0,0,0,0,0,0,1,0.6509357200976403,20
3,2180,0,0,0,0,0,0,0,2,0.6509357200976403,20
3,2181,0,0,0,0,0,0,0,1,0.6509357200976403,21
3,2181,0,0,0,0,0,0,0,2,0.6509357200976403,21
3,2182,0,0,0,0,0,0,0,1,0.6509357200976403,22
3,2182,0,0,0,0,0,0,0,2,0.6509357200976403,22
3,2183,0,0,0,0,0,0,0,1,0.6509357200976403,23
3,2183,0,0,0,0,0,0,0,2,0.6509357200976403,23
3,2184,0,0,0,0,0,0,0,1,0.6509357200976403,0
3,2184,0,0,0,0,0,0,0,2,0.6509357200976403,0
3,2185,0,0,0,0,0,0,0,1,0.6509357200976403,1
3,2185,0,0,0,0,0,0,0,2,0.6509357200976403,1
3,2186,0,0,0,0,0,0,0,1,0.6509357200976403,2
3,2186,0,0,0,0,0,0,0,2,0.6509357200976403,2
3,2187,0,0,0,0,0,0,0,1,0.6509357200976403,3
3,2187,0,0,0,0,0,0,0,2,0.6509357200976403,3
3,2188,0,0,0,0,0,0,0,1,0.6509357200976403,4
3,2188,0,0,0,0,0,0,0,2,0.6509357200976403,4
3,2189,0,0,0,0,0,0,0,1,0.6509357200976403,5
3,2189,0,0,0,0,0,0,0,2,0.6509357200976403,5
3,2190,0,0,0,0,0,0,0,1,0.6509357200976403,6
3,2190,0,0,0,0,0,0,0,2,0.6509357200976403,6
3,2191,0,0,0,0,0,0,0,1,0.6509357200976403,7
3,2191,0,0,0,0,0,0,0,2,0.6509357200976403,7
3,2192,0,0,0,0,0,0,0,1,0.6509357200976403,8
3,2192,0,0,0,0,0,0,0,2,0.6509357200976403,8
3,2193,0,0,0,0,0,0,0,1,0.6509357200976403,9
3,2193,0,0,0,0,0,0,0,2,0.6509357200976403,9
3,2194,0,0,0,0,0,0,0,1,0.6509357200976403,10
3,2194,0,0,0,0,0,0,0,2,0.6509357200976403,10
3,2195,0,0,0,0,0,0,0,1,0.6509357200976403,11
3,2195,0,0,0,0,0,0,0,2,0.6509357200976403,11
3,2196,0,0,0,0,0,0,0,1,0.6509357200976403,12
3,2196,0,0,0,0,0,0,0,2,0.6509357200976403,12
3,2197,0,0,0,0,0,0,0,1,0.6509357200976403,13
3,2197,0,0,0,0,0,0,0,2,0.6509357200976403,13
3,2198,0,0,0,0,0,0,0,1,0.6509357200976403,14
3,2198,0,0,0,0,0,0,0,2,0.6509357200976403,14
3,2199,0,0,0,0,0,0,0,1,0.6509357200976403,15
3,2199,0,0,0,0,0,0,0,2,0.6509357200976403,15
3,2200,0,0,0,0,0,0,0,1,0.6509357200976403,16
3,2200,0,0,0,0,0,0,0,2,0.6509357200976403,16
3,2201,0,0,0,0,0,0,0,1,0.6509357200976403,17
3,2201,0,0,0,0,0,0,0,2,0.6509357200976403,17
3,2202,0,0,0,0,0,0,0,1,0.6509357200976403,18
3,2202,0,0,0,0,0,0,0,2,0.6509357200976403,18
3,2203,0,0,0,0,0,0,0,1,0.6509357200976403,19
3,2203,0,0,0,0,0,0,0,2,0.6509357200976403,19
3,2204,0,0,0,0,0,0,0,1,0.6509357200976403,20
3,2204,0,0,0,0,0,0,0,2,0.6509357200976403,20
3,2205,0,0,0,0,0,0,0,1,0.6509357200976403,21
3,2205,0,0,0,0,0,0,0,2,0.6509357200976403,21
3,2206,0,0,0,0,0,0,0,1,0.6509357200976403,22
3,2206,0,0,0,0,0,0,0,2,0.6509357200976403,22
3,2207,0,0,0,0,0,0,0,1,0.6509357200976403,23
3,2207,0,0,0,0,0,0,0,2,0.6509357200976403,23
3,2208,0,0,0,0,0,0,0,1,0.6509357200976403,0
3,2208,0,0,0,0,0,0,0,2,0.6509357200976403,0
3,2209,0,0,0,0,0,0,0,1,0.6509357200976403,1
3,2209,0,0,0,0,0,0,0,2,0.6509357200976403,1
3,2210,0,0,0,0,0,0,0,1,0.6509357200976403,2
3,2210,0,0,0,0,0,0,0,2,0.6509357200976403,2
3,2211,0,0,0,0,0,0,0,1,0.6509357200976403,3
3,2211,0,0,0,0,0,0,0,2,0.6509357200976403,3
3,2212,0,0,0,0,0,0,0,1,0.6509357200976403,4
3,2212,0,0,0,0,0,0,0,2,0.6509357200976403,4
3,2213,0,0,0,0,0,0,0,1,0.6509357200976403,5
3,2213,0,0,0,0,0,0,0,2,0.6509357200976403,5
3,2214,0,0,0,0,0,0,0,1,0.6509357200976403,6
3,2214,0,0,0,0,0,0,0,2,0.6509357200976403,6
3,2215,0,0,0,0,0,0,0,1,0.6509357200976403,7
3,2215,0,0,0,0,0,0,0,2,0.6509357200976403,7
3,2216,0,0,0,0,0,0,0,1,0.6509357200976403,8
3,2216,0,0,0,0,0,0,0,2,0.6509357200976403,8
3,2217,0,0,0,0,0,0,0,1,0.6509357200976403,9
3,2217,0,0,0,0,0,0,0,2,0.6509357200976403,9
3,2218,0,0,0,0,0,0,0,1,0.6509357200976403,10
3,2218,0,0,0,0,0,0,0,2,0.6509357200976403,10
3,2219,0,0,0,0,0,0,0,1,0.6509357200976403,11
3,2219,0,0,0,0,0,0,0,2,0.6509357200976403,11
3,2220,0,0,0,0,0,0,0,1,0.6509357200976403,12
3,2220,0,0,0,0,0,0,0,2,0.6509357200976403,12
3,2221,0,0,0,0,0,0,0,1,0.6509357200976403,13
3,2221,0,0,0,0,0,0,0,2,0.6509357200976403,13
3,2222,0,0,0,0,0,0,0,1,0.6509357200976403,14
3,2222,0,0,0,0,0,0,0,2,0.6509357200976403,14
3,2223,0,0,0,0,0,0,0,1,0.6509357200976403,15
3,2223,0,0,0,0,0,0,0,2,0.6509357200976403,15
3,2224,0,0,0,0,0,0,0,1,0.6509357200976403,16
3,2224,0,0,0,0,0,0,0,2,0.6509357200976403,16
3,2225,0,0,0,0,0,0,0,1,0.6509357200976403,17
3,2225,0,0,0,0,0,0,0,2,0.6509357200976403,17
3,2226,0,0,0,0,0,0,0,1,0.6509357200976403,18
3,2226,0,0,0,0,0,0,0,2,0.6509357200976403,18
3,2227,0,0,0,0,0,0,0,1,0.6509357200976403,19
3,2227,0,0,0,0,0,0,0,2,0.6509357200976403,19
3,2228,0,0,0,0,0,0,0,1,0.6509357200976403,20
3,2228,0,0,0,0,0,0,0,2,0.6509357200976403,20
3,2229,0,0,0,0,0,0,0,1,0.6509357200976403,21
3,2229,0,0,0,0,0,0,0,2,0.6509357200976403,21
3,2230,0,0,0,0,0,0,0,1,0.6509357200976403,22
3,2230,0,0,0,0,0,0,0,2,0.6509357200976403,22
3,2231,0,0,0,0,0,0,0,1,0.6509357200976403,23
3,2231,0,0,0,0,0,0,0,2,0.6509357200976403,23
3,2232,0,0,0,0,0,0,0,1,0.6509357200976403,0
3,2232,0,0,0,0,0,0,0,2,0.6509357200976403,0
3,2233,0,0,0,0,0,0,0,1,0.6509357200976403,1
3,2233,0,0,0,0,0,0,0,2,0.6509357200976403,1
3,2234,0,0,0,0,0,0,0,1,0.6509357200976403,2
3,2234,0,0,0,0,0,0,0,2,0.6509357200976403,2
3,2235,0,0,0,0,0,0,0,1,0.6509357200976403,3
3,2235,0,0,0,0,0,0,0,2,0.6509357200976403,3
3,2236,0,0,0,0,0,0,0,1,0.6509357200976403,4
3,2236,0,0,0,0,0,0,0,2,0.6509357200976403,4
3,2237,0,0,0,0,0,0,0,1,0.6509357200976403,5
3,2237,0,0,0,0,0,0,0,2,0.6509357200976403,5
3,2238,0,0,0,0,0,0,0,1,0.6509357200976403,6
3,2238,0,0,0,0,0,0,0,2,0.6509357200976403,6
3,2239,0,0,0,0,0,0,0,1,0.6509357200976403,7
3,2239,0,0,0,0,0,0,0,2,0.6509357200976403,7
3,2240,0,0,0,0,0,0,0,1,0.6509357200976403,8
3,2240,0,0,0,0,0,0,0,2,0.6509357200976403,8
3,2241,0,0,0,0,0,0,0,1,0.6509357200976403,9
3,2241,0,0,0,0,0,0,0,2,0.6509357200976403,9
3,2242,0,0,0,0,0,0,0,1,0.6509357200976403,10
3,2242,0,0,0,0,0,0,0,2,0.6509357200976403,10
3,2243,0,0,0,0,0,0,0,1,0.6509357200976403,11
3,2243,0,0,0,0,0,0,0,2,0.6509357200976403,11
3,2244,0,0,0,0,0,0,0,1,0.6509357200976403,12
3,2244,0,0,0,0,0,0,0,2,0.6509357200976403,12
3,2245,0,0,0,0,0,0,0,1,0.6509357200976403,13
3,2245,0,0,0,0,0,0,0,2,0.6509357200976403,13
3,2246,0,0,0,0,0,0,0,1,0.6509357200976403,14
3,2246,0,0,0,0,0,0,0,2,0.6509357200976403,14
3,2247,0,0,0,0,0,0,0,1,0.6509357200976403,15
3,2247,0,0,0,0,0,0,0,2,0.6509357200976403,15
3,2248,0,0,0,0,0,0,0,1,0.6509357200976403,16
3,2248,0,0,0,0,0,0,0,2,0.6509357200976403,16
3,2249,0,0,0,0,0,0,0,1,0.6509357200976403,17
3,2249,0,0,0,0,0,0,0,2,0.6509357200976403,17
3,2250,0,0,0,0,0,0,0,1,0.6509357200976403,18
3,2250,0,0,0,0,0,0,0,2,0.6509357200976403,18
3,2251,0,0,0,0,0,0,0,1,0.6509357200976403,19
3,2251,0,0,0,0,0,0,0,2,0.6509357200976403,19
3,2252,0,0,0,0,0,0,0,1,0.6509357200976403,20
3,2252,0,0,0,0,0,0,0,2,0.6509357200976403,20
3,2253,0,0,0,0,0,0,0,1,0.6509357200976403,21
3,2253,0,0,0,0,0,0,0,2,0.6509357200976403,21
3,2254,0,0,0,0,0,0,0,1,0.6509357200976403,22
3,2254,0,0,0,0,0,0,0,2,0.6509357200976403,22
3,2255,0,0,0,0,0,0,0,1,0.6509357200976403,23
3,2255,0,0,0,0,0,0,0,2,0.6509357200976403,23
3,2256,0,0,0,0,0,0,0,1,0.6509357200976403,0
3,2256,0,0,0,0,0,0,0,2,0.6509357200976403,0
3,2257,0,0,0,0,0,0,0,1,0.6509357200976403,1
3,2257,0,0,0,0,0,0,0,2,0.6509357200976403,1
3,2258,0,0,0,0,0,0,0,1,0.6509357200976403,2
3,2258,0,0,0,0,0,0,0,2,0.6509357200976403,2
3,2259,0,0,0,0,0,0,0,1,0.6509357200976403,3
3,2259,0,0,0,0,0,0,0,2,0.6509357200976403,3
3,2260,0,0,0,0,0,0,0,1,0.6509357200976403,4
3,2260,0,0,0,0,0,0,0,2,0.6509357200976403,4
3,2261,0,0,0,0,0,0,0,1,0.6509357200976403,5
3,2261,0,0,0,0,0,0,0,2,0.6509357200976403,5
3,2262,0,0,0,0,0,0,0,1,0.6509357200976403,6
3,2262,0,0,0,0,0,0,0,2,0.6509357200976403,6
3,2263,0,0,0,0,0,0,0,1,0.6509357200976403,7
3,2263,0,0,0,0,0,0,0,2,0.6509357200976403,7
3,2264,0,0,0,0,0,0,0,1,0.6509357200976403,8
3,2264,0,0,0,0,0,0,0,2,0.6509357200976403,8
3,2265,0,0,0,0,0,0,0,1,0.6509357200976403,9
3,2265,0,0,0,0,0,0,0,2,0.6509357200976403,9
3,2266,0,0,0,0,0,0,0,1,0.6509357200976403,10
3,2266,0,0,0,0,0,0,0,2,0.6509357200976403,10
3,2267,0,0,0,0,0,0,0,1,0.6509357200976403,11
3,2267,0,0,0,0,0,0,0,2,0.6509357200976403,11
3,2268,0,0,0,0,0,0,0,1,0.6509357200976403,12
3,2268,0,0,0,0,0,0,0,2,0.6509357200976403,12
3,2269,0,0,0,0,0,0,0,1,0.6509357200976403,13
3,2269,0,0,0,0,0,0,0,2,0.6509357200976403,13
3,2270,0,0,0,0,0,0,0,1,0.6509357200976403,14
3,2270,0,0,0,0,0,0,0,2,0.6509357200976403,14
3,2271,0,0,0,0,0,0,0,1,0.6509357200976403,15
3,2271,0,0,0,0,0,0,0,2,0.6509357200976403,15
3,2272,0,0,0,0,0,0,0,1,0.6509357200976403,16
3,2272,0,0,0,0,0,0,0,2,0.6509357200976403,16
3,2273,0,0,0,0,0,0,0,1,0.6509357200976403,17
3,2273,0,0,0,0,0,0,0,2,0.6509357200976403,17
3,2274,0,0,0,0,0,0,0,1,0.6509357200976403,18
3,2274,0,0,0,0,0,0,0,2,0.6509357200976403,18
3,2275,0,0,0,0,0,0,0,1,0.6509357200976403,19
3,2275,0,0,0,0,0,0,0,2,0.6509357200976403,19
3,2276,0,0,0,0,0,0,0,1,0.6509357200976403,20
3,2276,0,0,0,0,0,0,0,2,0.6509357200976403,20
3,2277,0,0,0,0,0,0,0,1,0.6509357200976403,21
3,2277,0,0,0,0,0,0,0,2,0.6509357200976403,21
3,2278,0,0,0,0,0,0,0,1,0.6509357200976403,22
3,2278,0,0,0,0,0,0,0,2,0.6509357200976403,22
3,2279,0,0,0,0,0,0,0,1,0.6509357200976403,23
3,2279,0,0,0,0,0,0,0,2,0.6509357200976403,23
3,2280,0,0,0,0,0,0,0,1,0.6509357200976403,0
3,2280,0,0,0,0,0,0,0,2,0.6509357200976403,0
3,2281,0,0,0,0,0,0,0,1,0.6509357200976403,1
3,2281,0,0,0,0,0,0,0,2,0.6509357200976403,1
3,2282,0,0,0,0,0,0,0,1,0.6509357200976403,2
3,2282,0,0,0,0,0,0,0,2,0.6509357200976403,2
3,2283,0,0,0,0,0,0,0,1,0.6509357200976403,3
3,2283,0,0,0,0,0,0,0,2,0.6509357200976403,3
3,2284,0,0,0,0,0,0,0,1,0.6509357200976403,4
3,2284,0,0,0,0,0,0,0,2,0.6509357200976403,4
3,2285,0,0,0,0,0,0,0,1,0.6509357200976403,5
3,2285,0,0,0,0,0,0,0,2,0.6509357200976403,5
3,2286,0,0,0,0,0,0,0,1,0.6509357200976403,6
3,2286,0,0,0,0,0,0,0,2,0.6509357200976403,6
3,2287,0,0,0,0,0,0,0,1,0.6509357200976403,7
3,2287,0,0,0,0,0,0,0,2,0.6509357200976403,7
3,2288,0,0,0,0,0,0,0,1,0.6509357200976403,8
3,2288,0,0,0,0,0,0,0,2,0.6509357200976403,8
3,2289,0,0,0,0,0,0,0,1,0.6509357200976403,9
3,2289,0,0,0,0,0,0,0,2,0.6509357200976403,9
3,2290,0,0,0,0,0,0,0,1,0.6509357200976403,10
3,2290,0,0,0,0,0,0,0,2,0.6509357200976403,10
3,2291,0,0,0,0,0,0,0,1,0.6509357200976403,11
3,2291,0,0,0,0,0,0,0,2,0.6509357200976403,11
3,2292,0,0,0,0,0,0,0,1,0.6509357200976403,12
3,2292,0,0,0,0,0,0,0,2,0.6509357200976403,12
3,2293,0,0,0,0,0,0,0,1,0.6509357200976403,13
3,2293,0,0,0,0,0,0,0,2,0.6509357200976403,13
3,2294,0,0,0,0,0,0,0,1,0.6509357200976403,14
3,2294,0,0,0,0,0,0,0,2,0.6509357200976403,14
3,2295,0,0,0,0,0,0,0,1,0.6509357200976403,15
3,2295,0,0,0,0,0,0,0,2,0.6509357200976403,15
3,2296,0,0,0,0,0,0,0,1,0.6509357200976403,16
3,2296,0,0,0,0,0,0,0,2,0.6509357200976403,16
3,2297,0,0,0,0,0,0,0,1,0.6509357200976403,17
3,2297,0,0,0,0,0,0,0,2,0.6509357200976403,17
3,2298,0,0,0,0,0,0,0,1,0.6509357200976403,18
3,2298,0,0,0,0,0,0,0,2,0.6509357200976403,18
3,2299,0,0,0,0,0,0,0,1,0.6509357200976403,19
3,2299,0,0,0,0,0,0,0,2,0.6509357200976403,19
3,2300,0,0,0,0,0,0,0,1,0.6509357200976403,20
3,2300,0,0,0,0,0,0,0,2,0.6509357200976403,20
3,2301,0,0,0,0,0,0,0,1,0.6509357200976403,21
3,2301,0,0,0,0,0,0,0,2,0.6509357200976403,21
3,2302,0,0,0,0,0,0,0,1,0.6509357200976403,22
3,2302,0,0,0,0,0,0,0,2,0.6509357200976403,22
3,2303,0,0,0,0,0,0,0,1,0.6509357200976403,23
3,2303,0,0,0,0,0,0,0,2,0.6509357200976403,23
3,2304,0,0,0,0,0,0,0,1,0.6509357200976403,0
3,2304,0,0,0,0,0,0,0,2,0.6509357200976403,0
3,2305,0,0,0,0,0,0,0,1,0.6509357200976403,1
3,2305,0,0,0,0,0,0,0,2,0.6509357200976403,1
3,2306,0,0,0,0,0,0,0,1,0.6509357200976403,2
3,2306,0,0,0,0,0,0,0,2,0.6509357200976403,2
3,2307,0,0,0,0,0,0,0,1,0.6509357200976403,3
3,2307,0,0,0,0,0,0,0,2,0.6509357200976403,3
3,2308,0,0,0,0,0,0,0,1,0.6509357200976403,4
3,2308,0,0,0,0,0,0,0,2,0.6509357200976403,4
3,2309,0,0,0,0,0,0,0,1,0.6509357200976403,5
3,2309,0,0,0,0,0,0,0,2,0.6509357200976403,5
3,2310,0,0,0,0,0,0,0,1,0.6509357200976403,6
3,2310,0,0,0,0,0,0,0,2,0.6509357200976403,6
3,2311,0,0,0,0,0,0,0,1,0.6509357200976403,7
3,2311,0,0,0,0,0,0,0,2,0.6509357200976403,7
3,2312,0,0,0,0,0,0,0,1,0.6509357200976403,8
3,2312,0,0,0,0,0,0,0,2,0.6509357200976403,8
3,2313,0,0,0,0,0,0,0,1,0.6509357200976403,9
3,2313,0,0,0,0,0,0,0,2,0.6509357200976403,9
3,2314,0,0,0,0,0,0,0,1,0.6509357200976403,10
3,2314,0,0,0,0,0,0,0,2,0.6509357200976403,10
3,2315,0,0,0,0,0,0,0,1,0.6509357200976403,11
3,2315,0,0,0,0,0,0,0,2,0.6509357200976403,11
3,2316,0,0,0,0,0,0,0,1,0.6509357200976403,12
3,2316,0,0,0,0,0,0,0,2,0.6509357200976403,12
3,2317,0,0,0,0,0,0,0,1,0.6509357200976403,13
3,2317,0,0,0,0,0,0,0,2,0.6509357200976403,13
3,2318,0,0,0,0,0,0,0,1,0.6509357200976403,14
3,2318,0,0,0,0,0,0,0,2,0.6509357200976403,14
3,2319,0,0,0,0,0,0,0,1,0.6509357200976403,15
3,2319,0,0,0,0,0,0,0,2,0.6509357200976403,15
3,2320,0,0,0,0,0,0,0,1,0.6509357200976403,16
3,2320,0,0,0,0,0,0,0,2,0.6509357200976403,16
3,2321,0,0,0,0,0,0,0,1,0.6509357200976403,17
3,2321,0,0,0,0,0,0,0,2,0.6509357200976403,17
3,2322,0,0,0,0,0,0,0,1,0.6509357200976403,18
3,2322,0,0,0,0,0,0,0,2,0.6509357200976403,18
3,2323,0,0,0,0,0,0,0,1,0.6509357200976403,19
3,2323,0,0,0,0,0,0,0,2,0.6509357200976403,19
3,2324,0,0,0,0,0,0,0,1,0.6509357200976403,20
3,2324,0,0,0,0,0,0,0,2,0.6509357200976403,20
3,2325,0,0,0,0,0,0,0,1,0.6509357200976403,21
3,2325,0,0,0,0,0,0,0,2,0.6509357200976403,21
3,2326,0,0,0,0,0,0,0,1,0.6509357200976403,22
3,2326,0,0,0,0,0,0,0,2,0.6509357200976403,22
3,2327,0,0,0,0,0,0,0,1,0.6509357200976403,23
3,2327,0,0,0,0,0,0,0,2,0.6509357200976403,23
3,2328,0,0,0,0,0,0,0,1,0.6509357200976403,0
3,2328,0,0,0,0,0,0,0,2,0.6509357200976403,0
3,2329,0,0,0,0,0,0,0,1,0.6509357200976403,1
3,2329,0,0,0,0,0,0,0,2,0.6509357200976403,1
3,2330,0,0,0,0,0,0,0,1,0.6509357200976403,2
3,2330,0,0,0,0,0,0,0,2,0.6509357200976403,2
3,2331,0,0,0,0,0,0,0,1,0.6509357200976403,3
3,2331,0,0,0,0,0,0,0,2,0.6509357200976403,3
3,2332,0,0,0,0,0,0,0,1,0.6509357200976403,4
3,2332,0,0,0,0,0,0,0,2,0.6509357200976403,4
3,2333,0,0,0,0,0,0,0,1,0.6509357200976403,5
3,2333,0,0,0,0,0,0,0,2,0.6509357200976403,5
3,2334,0,0,0,0,0,0,0,1,0.6509357200976403,6
3,2334,0,0,0,0,0,0,0,2,0.6509357200976403,6
3,2335,0,0,0,0,0,0,0,1,0.6509357200976403,7
3,2335,0,0,0,0,0,0,0,2,0.6509357200976403,7
3,2336,0,0,0,0,0,0,0,1,0.6509357200976403,8
3,2336,0,0,0,0,0,0,0,2,0.6509357200976403,8
3,2337,0,0,0,0,0,0,0,1,0.6509357200976403,9
3,2337,0,0,0,0,0,0,0,2,0.6509357200976403,9
3,2338,0,0,0,0,0,0,0,1,0.6509357200976403,10
3,2338,0,0,0,0,0,0,0,2,0.6509357200976403,10
3,2339,0,0,0,0,0,0,0,1,0.6509357200976403,11
3,2339,0,0,0,0,0,0,0,2,0.6509357200976403,11
3,2340,0,0,0,0,0,0,0,1,0.6509357200976403,12
3,2340,0,0,0,0,0,0,0,2,0.6509357200976403,12
3,2341,0,0,0,0,0,0,0,1,0.6509357200976403,13
3,2341,0,0,0,0,0,0,0,2,0.6509357200976403,13
3,2342,0,0,0,0,0,0,0,1,0.6509357200976403,14
3,2342,0,0,0,0,0,0,0,2,0.6509357200976403,14
3,2343,0,0,0,0,0,0,0,1,0.6509357200976403,15
3,2343,0,0,0,0,0,0,0,2,0.6509357200976403,15
3,2344,0,0,0,0,0,0,0,1,0.6509357200976403,16
3,2344,0,0,0,0,0,0,0,2,0.6509357200976403,16
3,2345,0,0,0,0,0,0,0,1,0.6509357200976403,17
3,2345,0,0,0,0,0,0,0,2,0.6509357200976403,17
3,2346,0,0,0,0,0,0,0,1,0.6509357200976403,18
3,2346,0,0,0,0,0,0,0,2,0.6509357200976403,18
3,2347,0,0,0,0,0,0,0,1,0.6509357200976403,19
3,2347,0,0,0,0,0,0,0,2,0.6509357200976403,19
3,2348,0,0,0,0,0,0,0,1,0.6509357200976403,20
3,2348,0,0,0,0,0,0,0,2,0.6509357200976403,20
3,2349,0,0,0,0,0,0,0,1,0.6509357200976403,21
3,2349,0,0,0,0,0,0,0,2,0.6509357200976403,21
3,2350,0,0,0,0,0,0,0,1,0.6509357200976403,22
3,2350,0,0,0,0,0,0,0,2,0.6509357200976403,22
3,2351,0,0,0,0,0,0,0,1,0.6509357200976403,23
3,2351,0,0,0,0,0,0,0,2,0.6509357200976403,23
3,2352,0,0,0,0,0,0,0,1,0.6509357200976403,0
3,2352,0,0,0,0,0,0,0,2,0.6509357200976403,0
3,2353,0,0,0,0,0,0,0,1,0.6509357200976403,1
3,2353,0,0,0,0,0,0,0,2,0.6509357200976403,1
3,2354,0,0,0,0,0,0,0,1,0.6509357200976403,2
3,2354,0,0,0,0,0,0,0,2,0.6509357200976403,2
3,2355,0,0,0,0,0,0,0,1,0.6509357200976403,3
3,2355,0,0,0,0,0,0,0,2,0.6509357200976403,3
3,2356,0,0,0,0,0,0,0,1,0.6509357200976403,4
3,2356,0,0,0,0,0,0,0,2,0.6509357200976403,4
3,2357,0,0,0,0,0,0,0,1,0.6509357200976403,5
3,2357,0,0,0,0,0,0,0,2,0.6509357200976403,5
3,2358,0,0,0,0,0,0,0,1,0.6509357200976403,6
3,2358,0,0,0,0,0,0,0,2,0.6509357200976403,6
3,2359,0,0,0,0,0,0,0,1,0.6509357200976403,7
3,2359,0,0,0,0,0,0,0,2,0.6509357200976403,7
3,2360,0,0,0,0,0,0,0,1,0.6509357200976403,8
3,2360,0,0,0,0,0,0,0,2,0.6509357200976403,8
3,2361,0,0,0,0,0,0,0,1,0.6509357200976403,9
3,2361,0,0,0,0,0,0,0,2,0.6509357200976403,9
3,2362,0,0,0,0,0,0,0,1,0.6509357200976403,10
3,2362,0,0,0,0,0,0,0,2,0.6509357200976403,10
3,2363,0,0,0,0,0,0,0,1,0.6509357200976403,11
3,2363,0,0,0,0,0,0,0,2,0.6509357200976403,11
3,2364,0,0,0,0,0,0,0,1,0.6509357200976403,12
3,2364,0,0,0,0,0,0,0,2,0.6509357200976403,12
3,2365,0,0,0,0,0,0,0,1,0.6509357200976403,13
3,2365,0,0,0,0,0,0,0,2,0.6509357200976403,13
3,2366,0,0,0,0,0,0,0,1,0.6509357200976403,14
3,2366,0,0,0,0,0,0,0,2,0.6509357200976403,14
3,2367,0,0,0,0,0,0,0,1,0.6509357200976403,15
3,2367,0,0,0,0,0,0,0,2,0.6509357200976403,15
3,2368,0,0,0,0,0,0,0,1,0.6509357200976403,16
3,2368,0,0,0,0,0,0,0,2,0.6509357200976403,16
3,2369,0,0,0,0,0,0,0,1,0.6509357200976403,17
3,2369,0,0,0,0,0,0,0,2,0.6509357200976403,17
3,2370,0,0,0,0,0,0,0,1,0.6509357200976403,18
3,2370,0,0,0,0,0,0,0,2,0.6509357200976403,18
3,2371,0,0,0,0,0,0,0,1,0.6509357200976403,19
3,2371,0,0,0,0,0,0,0,2,0.6509357200976403,19
3,2372,0,0,0,0,0,0,0,1,0.6509357200976403,20
3,2372,0,0,0,0,0,0,0,2,0.6509357200976403,20
3,2373,0,0,0,0,0,0,0,1,0.6509357200976403,21
3,2373,0,0,0,0,0,0,0,2,0.6509357200976403,21
3,2374,0,0,0,0,0,0,0,1,0.6509357200976403,22
3,2374,0,0,0,0,0,0,0,2,0.6509357200976403,22
3,2375,0,0,0,0,0,0,0,1,0.6509357200976403,23
3,2375,0,0,0,0,0,0,0,2,0.6509357200976403,23
3,2376,0,0,0,0,0,0,0,1,0.6509357200976403,0
3,2376,0,0,0,0,0,0,0,2,0.6509357200976403,0
3,2377,0,0,0,0,0,0,0,1,0.6509357200976403,1
3,2377,0,0,0,0,0,0,0,2,0.6509357200976403,1
3,2378,0,0,0,0,0,0,0,1,0.6509357200976403,2
3,2378,0,0,0,0,0,0,0,2,0.6509357200976403,2
3,2379,0,0,0,0,0,0,0,1,0.6509357200976403,3
3,2379,0,0,0,0,0,0,0,2,0.6509357200976403,3
3,2380,0,0,0,0,0,0,0,1,0.6509357200976403,4
3,2380,0,0,0,0,0,0,0,2,0.6509357200976403,4
3,2381,0,0,0,0,0,0,0,1,0.6509357200976403,5
3,2381,0,0,0,0,0,0,0,2,0.6509357200976403,5
3,2382,0,0,0,0,0,0,0,1,0.6509357200976403,6
3,2382,0,0,0,0,0,0,0,2,0.6509357200976403,6
3,2383,0,0,0,0,0,0,0,1,0.6509357200976403,7
3,2383,0,0,0,0,0,0,0,2,0.6509357200976403,7
3,2384,0,0,0,0,0,0,0,1,0.6509357200976403,8
3,2384,0,0,0,0,0,0,0,2,0.6509357200976403,8
3,2385,0,0,0,0,0,0,0,1,0.6509357200976403,9
3,2385,0,0,0,0,0,0,0,2,0.6509357200976403,9
3,2386,0,0,0,0,0,0,0,1,0.6509357200976403,10
3,2386,0,0,0,0,0,0,0,2,0.6509357200976403,10
3,2387,0,0,0,0,0,0,0,1,0.6509357200976403,11
3,2387,0,0,0,0,0,0,0,2,0.6509357200976403,11
3,2388,0,0,0,0,0,0,0,1,0.6509357200976403,12
3,2388,0,0,0,0,0,0,0,2,0.6509357200976403,12
3,2389,0,0,0,0,0,0,0,1,0.6509357200976403,13
3,2389,0,0,0,0,0,0,0,2,0.6509357200976403,13
3,2390,0,0,0,0,0,0,0,1,0.6509357200976403,14
3,2390,0,0,0,0,0,0,0,2,0.6509357200976403,14
3,2391,0,0,0,0,0,0,0,1,0.6509357200976403,15
3,2391,0,0,0,0,0,0,0,2,0.6509357200976403,15
3,2392,0,0,0,0,0,0,0,1,0.6509357200976403,16
3,2392,0,0,0,0,0,0,0,2,0.6509357200976403,16
3,2393,0,0,0,0,0,0,0,1,0.6509357200976403,17
3,2393,0,0,0,0,0,0,0,2,0.6509357200976403,17
3,2394,0,0,0,0,0,0,0,1,0.6509357200976403,18
3,2394,0,0,0,0,0,0,0,2,0.6509357200976403,18
3,2395,0,0,0,0,0,0,0,1,0.6509357200976403,19
3,2395,0,0,0,0,0,0,0,2,0.6509357200976403,19
3,2396,0,0,0,0,0,0,0,1,0.6509357200976403,20
3,2396,0,0,0,0,0,0,0,2,0.6509357200976403,20
3,2397,0,0,0,0,0,0,0,1,0.6509357200976403,21
3,2397,0,0,0,0,0,0,0,2,0.6509357200976403,21
3,2398,0,0,0,0,0,0,0,1,0.6509357200976403,22
3,2398,0,0,0,0,0,0,0,2,0.6509357200976403,22
3,2399,0,0,0,0,0,0,0,1,0.6509357200976403,23
3,2399,0,0,0,0,0,0,0,2,0.6509357200976403,23
3,2400,0,0,0,0,0,0,0,1,0.6509357200976403,0
3,2400,0,0,0,0,0,0,0,2,0.6509357200976403,0
3,2401,0,0,0,0,0,0,0,1,0.6509357200976403,1
3,2401,0,0,0,0,0,0,0,2,0.6509357200976403,1
3,2402,0,0,0,0,0,0,0,1,0.6509357200976403,2
3,2402,0,0,0,0,0,0,0,2,0.6509357200976403,2
3,2403,0,0,0,0,0,0,0,1,0.6509357200976403,3
3,2403,0,0,0,0,0,0,0,2,0.6509357200976403,3
3,2404,0,0,0,0,0,0,0,1,0.6509357200976403,4
3,2404,0,0,0,0,0,0,0,2,0.6509357200976403,4
3,2405,0,0,0,0,0,0,0,1,0.6509357200976403,5
3,2405,0,0,0,0,0,0,0,2,0.6509357200976403,5
3,2406,0,0,0,0,0,0,0,1,0.6509357200976403,6
3,2406,0,0,0,0,0,0,0,2,0.6509357200976403,6
3,2407,0,0,0,0,0,0,0,1,0.6509357200976403,7
3,2407,0,0,0,0,0,0,0,2,0.6509357200976403,7
3,2408,0,0,0,0,0,0,0,1,0.6509357200976403,8
3,2408,0,0,0,0,0,0,0,2,0.6509357200976403,8
3,2409,0,0,0,0,0,0,0,1,0.6509357200976403,9
3,2409,0,0,0,0,0,0,0,2,0.6509357200976403,9
3,2410,0,0,0,0,0,0,0,1,0.6509357200976403,10
3,2410,0,0,0,0,0,0,0,2,0.6509357200976403,10
3,2411,0,0,0,0,0,0,0,1,0.6509357200976403,11
3,2411,0,0,0,0,0,0,0,2,0.6509357200976403,11
3,2412,0,0,0,0,0,0,0,1,0.6509357200976403,12
3,2412,0,0,0,0,0,0,0,2,0.6509357200976403,12
3,2413,0,0,0,0,0,0,0,1,0.6509357200976403,13
3,2413,0,0,0,0,0,0,0,2,0.6509357200976403,13
3,2414,0,0,0,0,0,0,0,1,0.6509357200976403,14
3,2414,0,0,0,0,0,0,0,2,0.6509357200976403,14
3,2415,0,0,0,0,0,0,0,1,0.6509357200976403,15
3,2415,0,0,0,0,0,0,0,2,0.6509357200976403,15
3,2416,0,0,0,0,0,0,0,1,0.6509357200976403,16
3,2416,0,0,0,0,0,0,0,2,0.6509357200976403,16
3,2417,0,0,0,0,0,0,0,1,0.6509357200976403,17
3,2417,0,0,0,0,0,0,0,2,0.6509357200976403,17
3,2418,0,0,0,0,0,0,0,1,0.6509357200976403,18
3,2418,0,0,0,0,0,0,0,2,0.6509357200976403,18
3,2419,0,0,0,0,0,0,0,1,0.6509357200976403,19
3,2419,0,0,0,0,0,0,0,2,0.6509357200976403,19
3,2420,0,0,0,0,0,0,0,1,0.6509357200976403,20
3,2420,0,0,0,0,0,0,0,2,0.6509357200976403,20
3,2421,0,0,0,0,0,0,0,1,0.6509357200976403,21
3,2421,0,0,0,0,0,0,0,2,0.6509357200976403,21
3,2422,0,0,0,0,0,0,0,1,0.6509357200976403,22
3,2422,0,0,0,0,0,0,0,2,0.6509357200976403,22
3,2423,0,0,0,0,0,0,0,1,0.6509357200976403,23
3,2423,0,0,0,0,0,0,0,2,0.6509357200976403,23
3,2424,0,0,0,0,0,0,0,1,0.6509357200976403,0
3,2424,0,0,0,0,0,0,0,2,0.6509357200976403,0
3,2425,0,0,0,0,0,0,0,1,0.6509357200976403,1
3,2425,0,0,0,0,0,0,0,2,0.6509357200976403,1
3,2426,0,0,0,0,0,0,0,1,0.6509357200976403,2
3,2426,0,0,0,0,0,0,0,2,0.6509357200976403,2
3,2427,0,0,0,0,0,0,0,1,0.6509357200976403,3
3,2427,0,0,0,0,0,0,0,2,0.6509357200976403,3
3,2428,0,0,0,0,0,0,0,1,0.6509357200976403,4
3,2428,0,0,0,0,0,0,0,2,0.6509357200976403,4
3,2429,0,0,0,0,0,0,0,1,0.6509357200976403,5
3,2429,0,0,0,0,0,0,0,2,0.6509357200976403,5
3,2430,0,0,0,0,0,0,0,1,0.6509357200976403,6
3,2430,0,0,0,0,0,0,0,2,0.6509357200976403,6
3,2431,0,0,0,0,0,0,0,1,0.6509357200976403,7
3,2431,0,0,0,0,0,0,0,2,0.6509357200976403,7
3,2432,0,0,0,0,0,0,0,1,0.6509357200976403,8
3,2432,0,0,0,0,0,0,0,2,0.6509357200976403,8
3,2433,0,0,0,0,0,0,0,1,0.6509357200976403,9
3,2433,0,0,0,0,0,0,0,2,0.6509357200976403,9
3,2434,0,0,0,0,0,0,0,1,0.6509357200976403,10
3,2434,0,0,0,0,0,0,0,2,0.6509357200976403,10
3,2435,0,0,0,0,0,0,0,1,0.6509357200976403,11
3,2435,0,0,0,0,0,0,0,2,0.6509357200976403,11
3,2436,0,0,0,0,0,0,0,1,0.6509357200976403,12
3,2436,0,0,0,0,0,0,0,2,0.6509357200976403,12
3,2437,0,0,0,0,0,0,0,1,0.6509357200976403,13
3,2437,0,0,0,0,0,0,0,2,0.6509357200976403,13
3,2438,0,0,0,0,0,0,0,1,0.6509357200976403,14
3,2438,0,0,0,0,0,0,0,2,0.6509357200976403,14
3,2439,0,0,0,0,0,0,0,1,0.6509357200976403,15
3,2439,0,0,0,0,0,0,0,2,0.6509357200976403,15
3,2440,0,0,0,0,0,0,0,1,0.6509357200976403,16
3,2440,0,0,0,0,0,0,0,2,0.6509357200976403,16
3,2441,0,0,0,0,0,0,0,1,0.6509357200976403,17
3,2441,0,0,0,0,0,0,0,2,0.6509357200976403,17
3,2442,0,0,0,0,0,0,0,1,0.6509357200976403,18
3,2442,0,0,0,0,0,0,0,2,0.6509357200976403,18
3,2443,0,0,0,0,0,0,0,1,0.6509357200976403,19
3,2443,0,0,0,0,0,0,0,2,0.6509357200976403,19
3,2444,0,0,0,0,0,0,0,1,0.6509357200976403,20
3,2444,0,0,0,0,0,0,0,2,0.6509357200976403,20
3,2445,0,0,0,0,0,0,0,1,0.6509357200976403,21
3,2445,0,0,0,0,0,0,0,2,0.6509357200976403,21
3,2446,0,0,0,0,0,0,0,1,0.6509357200976403,22
3,2446,0,0,0,0,0,0,0,2,0.6509357200976403,22
3,2447,0,0,0,0,0,0,0,1,0.6509357200976403,23
3,2447,0,0,0,0,0,0,0,2,0.6509357200976403,23
3,2448,0,0,0,0,0,0,0,1,0.6509357200976403,0
3,2448,0,0,0,0,0,0,0,2,0.6509357200976403,0
3,2449,0,0,0,0,0,0,0,1,0.6509357200976403,1
3,2449,0,0,0,0,0,0,0,2,0.6509357200976403,1
3,2450,0,0,0,0,0,0,0,1,0.6509357200976403,2
3,2450,0,0,0,0,0,0,0,2,0.6509357200976403,2
3,2451,0,0,0,0,0,0,0,1,0.6509357200976403,3
3,2451,0,0,0,0,0,0,0,2,0.6509357200976403,3
3,2452,0,0,0,0,0,0,0,1,0.6509357200976403,4
3,2452,0,0,0,0,0,0,0,2,0.6509357200976403,4
3,2453,0,0,0,0,0,0,0,1,0.6509357200976403,5
3,2453,0,0,0,0,0,0,0,2,0.6509357200976403,5
3,2454,0,0,0,0,0,0,0,1,0.6509357200976403,6
3,2454,0,0,0,0,0,0,0,2,0.6509357200976403,6
3,2455,0,0,0,0,0,0,0,1,0.6509357200976403,7
3,2455,0,0,0,0,0,0,0,2,0.6509357200976403,7
3,2456,0,0,0,0,0,0,0,1,0.6509357200976403,8
3,2456,0,0,0,0,0,0,0,2,0.6509357200976403,8
3,2457,0,0,0,0,0,0,0,1,0.6509357200976403,9
3,2457,0,0,0,0,0,0,0,2,0.6509357200976403,9
3,2458,0,0,0,0,0,0,0,1,0.6509357200976403,10
3,2458,0,0,0,0,0,0,0,2,0.6509357200976403,10
3,2459,0,0,0,0,0,0,0,1,0.6509357200976403,11
3,2459,0,0,0,0,0,0,0,2,0.6509357200976403,11
3,2460,0,0,0,0,0,0,0,1,0.6509357200976403,12
3,2460,0,0,0,0,0,0,0,2,0.6509357200976403,12
3,2461,0,0,0,0,0,0,0,1,0.6509357200976403,13
3,2461,0,0,0,0,0,0,0,2,0.6509357200976403,13
3,2462,0,0,0,0,0,0,0,1,0.6509357200976403,14
3,2462,0,0,0,0,0,0,0,2,0.6509357200976403,14
3,2463,0,0,0,0,0,0,0,1,0.6509357200976403,15
3,2463,0,0,0,0,0,0,0,2,0.6509357200976403,15
3,2464,0,0,0,0,0,0,0,1,0.6509357200976403,16
3,2464,0,0,0,0,0,0,0,2,0.6509357200976403,16
3,2465,0,0,0,0,0,0,0,1,0.6509357200976403,17
3,2465,0,0,0,0,0,0,0,2,0.6509357200976403,17
3,2466,0,0,0,0,0,0,0,1,0.6509357200976403,18
3,2466,0,0,0,0,0,0,0,2,0.6509357200976403,18
3,2467,0,0,0,0,0,0,0,1,0.6509357200976403,19
3,2467,0,0,0,0,0,0,0,2,0.6509357200976403,19
3,2468,0,0,0,0,0,0,0,1,0.6509357200976403,20
3,2468,0,0,0,0,0,0,0,2,0.6509357200976403,20
3,2469,0,0,0,0,0,0,0,1,0.6509357200976403,21
3,2469,0,0,0,0,0,0,0,2,0.6509357200976403,21
3,2470,0,0,0,0,0,0,0,1,0.6509357200976403,22
3,2470,0,0,0,0,0,0,0,2,0.6509357200976403,22
3,2471,0,0,0,0,0,0,0,1,0.6509357200976403,23
3,2471,0,0,0,0,0,0,0,2,0.6509357200976403,23
3,2472,0,0,0,0,0,0,0,1,0.6509357200976403,0
3,2472,0,0,0,0,0,0,0,2,0.6509357200976403,0
3,2473,0,0,0,0,0,0,0,1,0.6509357200976403,1
3,2473,0,0,0,0,0,0,0,2,0.6509357200976403,1
3,2474,0,0,0,0,0,0,0,1,0.6509357200976403,2
3,2474,0,0,0,0,0,0,0,2,0.6509357200976403,2
3,2475,0,0,0,0,0,0,0,1,0.6509357200976403,3
3,2475,0,0,0,0,0,0,0,2,0.6509357200976403,3
3,2476,0,0,0,0,0,0,0,1,0.6509357200976403,4
3,2476,0,0,0,0,0,0,0,2,0.6509357200976403,4
3,2477,0,0,0,0,0,0,0,1,0.6509357200976403,5
3,2477,0,0,0,0,0,0,0,2,0.6509357200976403,5
3,2478,0,0,0,0,0,0,0,1,0.6509357200976403,6
3,2478,0,0,0,0,0,0,0,2,0.6509357200976403,6
3,2479,0,0,0,0,0,0,0,1,0.6509357200976403,7
3,2479,0,0,0,0,0,0,0,2,0.6509357200976403,7
3,2480,0,0,0,0,0,0,0,1,0.6509357200976403,8
3,2480,0,0,0,0,0,0,0,2,0.6509357200976403,8
3,2481,0,0,0,0,0,0,0,1,0.6509357200976403,9
3,2481,0,0,0,0,0,0,0,2,0.6509357200976403,9
3,2482,0,0,0,0,0,0,0,1,0.6509357200976403,10
3,2482,0,0,0,0,0,0,0,2,0.6509357200976403,10
3,2483,0,0,0,0,0,0,0,1,0.6509357200976403,11
3,2483,0,0,0,0,0,0,0,2,0.6509357200976403,11
3,2484,0,0,0,0,0,0,0,1,0.6509357200976403,12
3,2484,0,0,0,0,0,0,0,2,0.6509357200976403,12
3,2485,0,0,0,0,0,0,0,1,0.6509357200976403,13
3,2485,0,0,0,0,0,0,0,2,0.6509357200976403,13
3,2486,0,0,0,0,0,0,0,1,0.6509357200976403,14
3,2486,0,0,0,0,0,0,0,2,0.6509357200976403,14
3,2487,0,0,0,0,0,0,0,1,0.6509357200976403,15
3,2487,0,0,0,0,0,0,0,2,0.6509357200976403,15
3,2488,0,0,0,0,0,0,0,1,0.6509357200976403,16
3,2488,0,0,0,0,0,0,0,2,0.6509357200976403,16
3,2489,0,0,0,0,0,0,0,1,0.6509357200976403,17
3,2489,0,0,0,0,0,0,0,2,0.6509357200976403,17
3,2490,0,0,0,0,0,0,0,1,0.6509357200976403,18
3,2490,0,0,0,0,0,0,0,2,0.6509357200976403,18
3,2491,0,0,0,0,0,0,0,1,0.6509357200976403,19
3,2491,0,0,0,0,0,0,0,2,0.6509357200976403,19
3,2492,0,0,0,0,0,0,0,1,0.6509357200976403,20
3,2492,0,0,0,0,0,0,0,2,0.6509357200976403,20
3,2493,0,0,0,0,0,0,0,1,0.6509357200976403,21
3,2493,0,0,0,0,0,0,0,2,0.6509357200976403,21
3,2494,0,0,0,0,0,0,0,1,0.6509357200976403,22
3,2494,0,0,0,0,0,0,0,2,0.6509357200976403,22
3,2495,0,0,0,0,0,0,0,1,0.6509357200976403,23
3,2495,0,0,0,0,0,0,0,2,0.6509357200976403,23
3,2496,0,0,0,0,0,0,0,1,0.6509357200976403,0
3,2496,0,0,0,0,0,0,0,2,0.6509357200976403,0
3,2497,0,0,0,0,0,0,0,1,0.6509357200976403,1
3,2497,0,0,0,0,0,0,0,2,0.6509357200976403,1
3,2498,0,0,0,0,0,0,0,1,0.6509357200976403,2
3,2498,0,0,0,0,0,0,0,2,0.6509357200976403,2
3,2499,0,0,0,0,0,0,0,1,0.6509357200976403,3
3,2499,0,0,0,0,0,0,0,2,0.6509357200976403,3
3,2500,0,0,0,0,0,0,0,1,0.6509357200976403,4
3,2500,0,0,0,0,0,0,0,2,0.6509357200976403,4
3,2501,0,0,0,0,0,0,0,1,0.6509357200976403,5
3,2501,0,0,0,0,0,0,0,2,0.6509357200976403,5
3,2502,0,0,0,0,0,0,0,1,0.6509357200976403,6
3,2502,0,0,0,0,0,0,0,2,0.6509357200976403,6
3,2503,0,0,0,0,0,0,0,1,0.6509357200976403,7
3,2503,0,0,0,0,0,0,0,2,0.6509357200976403,7
3,2504,0,0,0,0,0,0,0,1,0.6509357200976403,8
3,2504,0,0,0,0,0,0,0,2,0.6509357200976403,8
3,2505,0,0,0,0,0,0,0,1,0.6509357200976403,9
3,2505,0,0,0,0,0,0,0,2,0.6509357200976403,9
3,2506,0,0,0,0,0,0,0,1,0.6509357200976403,10
3,2506,0,0,0,0,0,0,0,2,0.6509357200976403,10
3,2507,0,0,0,0,0,0,0,1,0.6509357200976403,11
3,2507,0,0,0,0,0,0,0,2,0.6509357200976403,11
3,2508,0,0,0,0,0,0,0,1,0.6509357200976403,12
3,2508,0,0,0,0,0,0,0,2,0.6509357200976403,12
3,2509,0,0,0,0,0,0,0,1,0.6509357200976403,13
3,2509,0,0,0,0,0,0,0,2,0.6509357200976403,13
3,2510,0,0,0,0,0,0,0,1,0.6509357200976403,14
3,2510,0,0,0,0,0,0,0,2,0.6509357200976403,14
3,2511,0,0,0,0,0,0,0,1,0.6509357200976403,15
3,2511,0,0,0,0,0,0,0,2,0.6509357200976403,15
3,2512,0,0,0,0,0,0,0,1,0.6509357200976403,16
3,2512,0,0,0,0,0,0,0,2,0.6509357200976403,16
3,2513,0,0,0,0,0,0,0,1,0.6509357200976403,17
3,2513,0,0,0,0,0,0,0,2,0.6509357200976403,17
3,2514,0,0,0,0,0,0,0,1,0.6509357200976403,18
3,2514,0,0,0,0,0,0,0,2,0.6509357200976403,18
3,2515,0,0,0,0,0,0,0,1,0.6509357200976403,19
3,2515,0,0,0,0,0,0,0,2,0.6509357200976403,19
3,2516,0,0,0,0,0,0,0,1,0.6509357200976403,20
3,2516,0,0,0,0,0,0,0,2,0.6509357200976403,20
3,2517,0,0,0,0,0,0,0,1,0.6509357200976403,21
3,2517,0,0,0,0,0,0,0,2,0.6509357200976403,21
3,2518,0,0,0,0,0,0,0,1,0.6509357200976403,22
3,2518,0,0,0,0,0,0,0,2,0.6509357200976403,22
3,2519,0,0,0,0,0,0,0,1,0.6509357200976403,23
3,2519,0,0,0,0,0,0,0,2,0.6509357200976403,23
3,2520,0,0,0,0,0,0,0,1,0.6509357200976403,0
3,2520,0,0,0,0,0,0,0,2,0.6509357200976403,0
3,2521,0,0,0,0,0,0,0,1,0.6509357200976403,1
3,2521,0,0,0,0,0,0,0,2,0.6509357200976403,1
3,2522,0,0,0,0,0,0,0,1,0.6509357200976403,2
3,2522,0,0,0,0,0,0,0,2,0.6509357200976403,2
3,2523,0,0,0,0,0,0,0,1,0.6509357200976403,3
3,2523,0,0,0,0,0,0,0,2,0.6509357200976403,3
3,2524,0,0,0,0,0,0,0,1,0.6509357200976403,4
3,2524,0,0,0,0,0,0,0,2,0.6509357200976403,4
3,2525,0,0,0,0,0,0,0,1,0.6509357200976403,5
3,2525,0,0,0,0,0,0,0,2,0.6509357200976403,5
3,2526,0,0,0,0,0,0,0,1,0.6509357200976403,6
3,2526,0,0,0,0,0,0,0,2,0.6509357200976403,6
3,2527,0,0,0,0,0,0,0,1,0.6509357200976403,7
3,2527,0,0,0,0,0,0,0,2,0.6509357200976403,7
3,2528,0,0,0,0,0,0,0,1,0.6509357200976403,8
3,2528,0,0,0,0,0,0,0,2,0.6509357200976403,8
3,2529,0,0,0,0,0,0,0,1,0.6509357200976403,9
3,2529,0,0,0,0,0,0,0,2,0.6509357200976403,9
3,2530,0,0,0,0,0,0,0,1,0.6509357200976403,10
3,2530,0,0,0,0,0,0,0,2,0.6509357200976403,10
3,2531,0,0,0,0,0,0,0,1,0.6509357200976403,11
3,2531,0,0,0,0,0,0,0,2,0.6509357200976403,11
3,2532,0,0,0,0,0,0,0,1,0.6509357200976403,12
3,2532,0,0,0,0,0,0,0,2,0.6509357200976403,12
3,2533,0,0,0,0,0,0,0,1,0.6509357200976403,13
3,2533,0,0,0,0,0,0,0,2,0.6509357200976403,13
3,2534,0,0,0,0,0,0,0,1,0.6509357200976403,14
3,2534,0,0,0,0,0,0,0,2,0.6509357200976403,14
3,2535,0,0,0,0,0,0,0,1,0.6509357200976403,15
3,2535,0,0,0,0,0,0,0,2,0.6509357200976403,15
3,2536,0,0,0,0,0,0,0,1,0.6509357200976403,16
3,2536,0,0,0,0,0,0,0,2,0.6509357200976403,16
3,2537,0,0,0,0,0,0,0,1,0.6509357200976403,17
3,2537,0,0,0,0,0,0,0,2,0.6509357200976403,17
3,2538,0,0,0,0,0,0,0,1,0.6509357200976403,18
3,2538,0,0,0,0,0,0,0,2,0.6509357200976403,18
3,2539,0,0,0,0,0,0,0,1,0.6509357200976403,19
3,2539,0,0,0,0,0,0,0,2,0.6509357200976403,19
3,2540,0,0,0,0,0,0,0,1,0.6509357200976403,20
3,2540,0,0,0,0,0,0,0,2,0.6509357200976403,20
3,2541,0,0,0,0,0,0,0,1,0.6509357200976403,21
3,2541,0,0,0,0,0,0,0,2,0.6509357200976403,21
3,2542,0,0,0,0,0,0,0,1,0.6509357200976403,22
3,2542,0,0,0,0,0,0,0,2,0.6509357200976403,22
3,2543,0,0,0,0,0,0,0,1,0.6509357200976403,23
3,2543,0,0,0,0,0,0,0,2,0.6509357200976403,23
3,2544,0,0,0,0,0,0,0,1,0.6509357200976403,0
3,2544,0,0,0,0,0,0,0,2,0.6509357200976403,0
3,2545,0,0,0,0,0,0,0,1,0.6509357200976403,1
3,2545,0,0,0,0,0,0,0,2,0.6509357200976403,1
3,2546,0,0,0,0,0,0,0,1,0.6509357200976403,2
3,2546,0,0,0,0,0,0,0,2,0.6509357200976403,2
3,2547,0,0,0,0,0,0,0,1,0.6509357200976403,3
3,2547,0,0,0,0,0,0,0,2,0.6509357200976403,3
3,2548,0,0,0,0,0,0,0,1,0.6509357200976403,4
3,2548,0,0,0,0,0,0,0,2,0.6509357200976403,4
3,2549,0,0,0,0,0,0,0,1,0.6509357200976403,5
3,2549,0,0,0,0,0,0,0,2,0.6509357200976403,5
3,2550,0,0,0,0,0,0,0,1,0.6509357200976403,6
3,2550,0,0,0,0,0,0,0,2,0.6509357200976403,6
3,2551,0,0,0,0,0,0,0,1,0.6509357200976403,7
3,2551,0,0,0,0,0,0,0,2,0.6509357200976403,7
3,2552,0,0,0,0,0,0,0,1,0.6509357200976403,8
3,2552,0,0,0,0,0,0,0,2,0.6509357200976403,8
3,2553,0,0,0,0,0,0,0,1,0.6509357200976403,9
3,2553,0,0,0,0,0,0,0,2,0.6509357200976403,9
3,2554,0,0,0,0,0,0,0,1,0.6509357200976403,10
3,2554,0,0,0,0,0,0,0,2,0.6509357200976403,10
3,2555,0,0,0,0,0,0,0,1,0.6509357200976403,11
3,2555,0,0,0,0,0,0,0,2,0.6509357200976403,11
3,2556,0,0,0,0,0,0,0,1,0.6509357200976403,12
3,2556,0,0,0,0,0,0,0,2,0.6509357200976403,12
3,2557,0,0,0,0,0,0,0,1,0.6509357200976403,13
3,2557,0,0,0,0,0,0,0,2,0.6509357200976403,13
3,2558,0,0,0,0,0,0,0,1,0.6509357200976403,14
3,2558,0,0,0,0,0,0,0,2,0.6509357200976403,14
3,2559,0,0,0,0,0,0,0,1,0.6509357200976403,15
3,2559,0,0,0,0,0,0,0,2,0.6509357200976403,15
3,2560,0,0,0,0,0,0,0,1,0.6509357200976403,16
3,2560,0,0,0,0,0,0,0,2,0.6509357200976403,16
3,2561,0,0,0,0,0,0,0,1,0.6509357200976403,17
3,2561,0,0,0,0,0,0,0,2,0.6509357200976403,17
3,2562,0,0,0,0,0,0,0,1,0.6509357200976403,18
3,2562,0,0,0,0,0,0,0,2,0.6509357200976403,18
3,2563,0,0,0,0,0,0,0,1,0.6509357200976403,19
3,2563,0,0,0,0,0,0,0,2,0.6509357200976403,19
3,2564,0,0,0,0,0,0,0,1,0.6509357200976403,20
3,2564,0,0,0,0,0,0,0,2,0.6509357200976403,20
3,2565,0,0,0,0,0,0,0,1,0.6509357200976403,21
3,2565,0,0,0,0,0,0,0,2,0.6509357200976403,21
3,2566,0,0,0,0,0,0,0,1,0.6509357200976403,22
3,2566,0,0,0,0,0,0,0,2,0.6509357200976403,22
3,2567,0,0,0,0,0,0,0,1,0.6509357200976403,23
3,2567,0,0,0,0,0,0,0,2,0.6509357200976403,23
3,2568,0,0,0,0,0,0,0,1,0.6509357200976403,0
3,2568,0,0,0,0,0,0,0,2,0.6509357200976403,0
3,2569,0,0,0,0,0,0,0,1,0.6509357200976403,1
3,2569,0,0,0,0,0,0,0,2,0.6509357200976403,1
3,2570,0,0,0,0,0,0,0,1,0.6509357200976403,2
3,2570,0,0,0,0,0,0,0,2,0.6509357200976403,2
3,2571,0,0,0,0,0,0,0,1,0.6509357200976403,3
3,2571,0,0,0,0,0,0,0,2,0.6509357200976403,3
3,2572,0,0,0,0,0,0,0,1,0.6509357200976403,4
3,2572,0,0,0,0,0,0,0,2,0.6509357200976403,4
3,2573,0,0,0,0,0,0,0,1,0.6509357200976403,5
3,2573,0,0,0,0,0,0,0,2,0.6509357200976403,5
3,2574,0,0,0,0,0,0,0,1,0.6509357200976403,6
3,2574,0,0,0,0,0,0,0,2,0.6509357200976403,6
3,2575,0,0,0,0,0,0,0,1,0.6509357200976403,7
3,2575,0,0,0,0,0,0,0,2,0.6509357200976403,7
3,2576,0,0,0,0,0,0,0,1,0.6509357200976403,8
3,2576,0,0,0,0,0,0,0,2,0.6509357200976403,8
3,2577,0,0,0,0,0,0,0,1,0.6509357200976403,9
3,2577,0,0,0,0,0,0,0,2,0.6509357200976403,9
3,2578,0,0,0,0,0,0,0,1,0.6509357200976403,10
3,2578,0,0,0,0,0,0,0,2,0.6509357200976403,10
3,2579,0,0,0,0,0,0,0,1,0.6509357200976403,11
3,2579,0,0,0,0,0,0,0,2,0.6509357200976403,11
3,2580,0,0,0,0,0,0,0,1,0.6509357200976403,12
3,2580,0,0,0,0,0,0,0,2,0.6509357200976403,12
3,2581,0,0,0,0,0,0,0,1,0.6509357200976403,13
3,2581,0,0,0,0,0,0,0,2,0.6509357200976403,13
3,2582,0,0,0,0,0,0,0,1,0.6509357200976403,14
3,2582,0,0,0,0,0,0,0,2,0.6509357200976403,14
3,2583,0,0,0,0,0,0,0,1,0.6509357200976403,15
3,2583,0,0,0,0,0,0,0,2,0.6509357200976403,15
3,2584,0,0,0,0,0,0,0,1,0.6509357200976403,16
3,2584,0,0,0,0,0,0,0,2,0.6509357200976403,16
3,2585,0,0,0,0,0,0,0,1,0.6509357200976403,17
3,2585,0,0,0,0,0,0,0,2,0.6509357200976403,17
3,2586,0,0,0,0,0,0,0,1,0.6509357200976403,18
3,2586,0,0,0,0,0,0,0,2,0.6509357200976403,18
3,2587,0,0,0,0,0,0,0,1,0.6509357200976403,19
3,2587,0,0,0,0,0,0,0,2,0.6509357200976403,19
3,2588,0,0,0,0,0,0,0,1,0.6509357200976403,20
3,2588,0,0,0,0,0,0,0,2,0.6509357200976403,20
3,2589,0,0,0,0,0,0,0,1,0.6509357200976403,21
3,2589,0,0,0,0,0,0,0,2,0.6509357200976403,21
3,2590,0,0,0,0,0,0,0,1,0.6509357200976403,22
3,2590,0,0,0,0,0,0,0,2,0.6509357200976403,22
3,2591,0,0,0,0,0,0,0,1,0.6509357200976403,23
3,2591,0,0,0,0,0,0,0,2,0.6509357200976403,23
3,2592,0,0,0,0,0,0,0,1,0.6509357200976403,0
3,2592,0,0,0,0,0,0,0,2,0.6509357200976403,0
3,2593,0,0,0,0,0,0,0,1,0.6509357200976403,1
3,2593,0,0,0,0,0,0,0,2,0.6509357200976403,1
3,2594,0,0,0,0,0,0,0,1,0.6509357200976403,2
3,2594,0,0,0,0,0,0,0,2,0.6509357200976403,2
3,2595,0,0,0,0,0,0,0,1,0.6509357200976403,3
3,2595,0,0,0,0,0,0,0,2,0.6509357200976403,3
3,2596,0,0,0,0,0,0,0,1,0.6509357200976403,4
3,2596,0,0,0,0,0,0,0,2,0.6509357200976403,4
3,2597,0,0,0,0,0,0,0,1,0.6509357200976403,5
3,2597,0,0,0,0,0,0,0,2,0.6509357200976403,5
3,2598,0,0,0,0,0,0,0,1,0.6509357200976403,6
3,2598,0,0,0,0,0,0,0,2,0.6509357200976403,6
3,2599,0,0,0,0,0,0,0,1,0.6509357200976403,7
3,2599,0,0,0,0,0,0,0,2,0.6509357200976403,7
3,2600,0,0,0,0,0,0,0,1,0.6509357200976403,8
3,2600,0,0,0,0,0,0,0,2,0.6509357200976403,8
3,2601,0,0,0,0,0,0,0,1,0.6509357200976403,9
3,2601,0,0,0,0,0,0,0,2,0.6509357200976403,9
3,2602,0,0,0,0,0,0,0,1,0.6509357200976403,10
3,2602,0,0,0,0,0,0,0,2,0.6509357200976403,10
3,2603,0,0,0,0,0,0,0,1,0.6509357200976403,11
3,2603,0,0,0,0,0,0,0,2,0.6509357200976403,11
3,2604,0,0,0,0,0,0,0,1,0.6509357200976403,12
3,2604,0,0,0,0,0,0,0,2,0.6509357200976403,12
3,2605,0,0,0,0,0,0,0,1,0.6509357200976403,13
3,2605,0,0,0,0,0,0,0,2,0.6509357200976403,13
3,2606,0,0,0,0,0,0,0,1,0.6509357200976403,14
3,2606,0,0,0,0,0,0,0,2,0.6509357200976403,14
3,2607,0,0,0,0,0,0,0,1,0.6509357200976403,15
3,2607,0,0,0,0,0,0,0,2,0.6509357200976403,15
3,2608,0,0,0,0,0,0,0,1,0.6509357200976403,16
3,2608,0,0,0,0,0,0,0,2,0.6509357200976403,16
3,2609,0,0,0,0,0,0,0,1,0.6509357200976403,17
3,2609,0,0,0,0,0,0,0,2,0.6509357200976403,17
3,2610,0,0,0,0,0,0,0,1,0.6509357200976403,18
3,2610,0,0,0,0,0,0,0,2,0.6509357200976403,18
3,2611,0,0,0,0,0,0,0,1,0.6509357200976403,19
3,2611,0,0,0,0,0,0,0,2,0.6509357200976403,19
3,2612,0,0,0,0,0,0,0,1,0.6509357200976403,20
3,2612,0,0,0,0,0,0,0,2,0.6509357200976403,20
3,2613,0,0,0,0,0,0,0,1,0.6509357200976403,21
3,2613,0,0,0,0,0,0,0,2,0.6509357200976403,21
3,2614,0,0,0,0,0,0,0,1,0.6509357200976403,22
3,2614,0,0,0,0,0,0,0,2,0.6509357200976403,22
3,2615,0,0,0,0,0,0,0,1,0.6509357200976403,23
3,2615,0,0,0,0,0,0,0,2,0.6509357200976403,23
3,2616,0,0,0,0,0,0,0,1,0.6509357200976403,0
3,2616,0,0,0,0,0,0,0,2,0.6509357200976403,0
3,2617,0,0,0,0,0,0,0,1,0.6509357200976403,1
3,2617,0,0,0,0,0,0,0,2,0.6509357200976403,1
3,2618,0,0,0,0,0,0,0,1,0.6509357200976403,2
3,2618,0,0,0,0,0,0,0,2,0.6509357200976403,2
3,2619,0,0,0,0,0,0,0,1,0.6509357200976403,3
3,2619,0,0,0,0,0,0,0,2,0.6509357200976403,3
3,2620,0,0,0,0,0,0,0,1,0.6509357200976403,4
3,2620,0,0,0,0,0,0,0,2,0.6509357200976403,4
3,2621,0,0,0,0,0,0,0,1,0.6509357200976403,5
3,2621,0,0,0,0,0,0,0,2,0.6509357200976403,5
3,2622,0,0,0,0,0,0,0,1,0.6509357200976403,6
3,2622,0,0,0,0,0,0,0,2,0.6509357200976403,6
3,2623,0,0,0,0,0,0,0,1,0.6509357200976403,7
3,2623,0,0,0,0,0,0,0,2,0.6509357200976403,7
3,2624,0,0,0,0,0,0,0,1,0.6509357200976403,8
3,2624,0,0,0,0,0,0,0,2,0.6509357200976403,8
3,2625,0,0,0,0,0,0,0,1,0.6509357200976403,9
3,2625,0,0,0,0,0,0,0,2,0.6509357200976403,9
3,2626,0,0,0,0,0,0,0,1,0.6509357200976403,10
3,2626,0,0,0,0,0,0,0,2,0.6509357200976403,10
3,2627,0,0,0,0,0,0,0,1,0.6509357200976403,11
3,2627,0,0,0,0,0,0,0,2,0.6509357200976403,11
3,2628,0,0,0,0,0,0,0,1,0.6509357200976403,12
3,2628,0,0,0,0,0,0,0,2,0.6509357200976403,12
3,2629,0,0,0,0,0,0,0,1,0.6509357200976403,13
3,2629,0,0,0,0,0,0,0,2,0.6509357200976403,13
3,2630,0,0,0,0,0,0,0,1,0.6509357200976403,14
3,2630,0,0,0,0,0,0,0,2,0.6509357200976403,14
3,2631,0,0,0,0,0,0,0,1,0.6509357200976403,15
3,2631,0,0,0,0,0,0,0,2,0.6509357200976403,15
3,2632,0,0,0,0,0,0,0,1,0.6509357200976403,16
3,2632,0,0,0,0,0,0,0,2,0.6509357200976403,16
3,2633,0,0,0,0,0,0,0,1,0.6509357200976403,17
3,2633,0,0,0,0,0,0,0,2,0.6509357200976403,17
3,2634,0,0,0,0,0,0,0,1,0.6509357200976403,18
3,2634,0,0,0,0,0,0,0,2,0.6509357200976403,18
3,2635,0,0,0,0,0,0,0,1,0.6509357200976403,19
3,2635,0,0,0,0,0,0,0,2,0.6509357200976403,19
3,2636,0,0,0,0,0,0,0,1,0.6509357200976403,20
3,2636,0,0,0,0,0,0,0,2,0.6509357200976403,20
3,2637,0,0,0,0,0,0,0,1,0.6509357200976403,21
3,2637,0,0,0,0,0,0,0,2,0.6509357200976403,21
3,2638,0,0,0,0,0,0,0,1,0.6509357200976403,22
3,2638,0,0,0,0,0,0,0,2,0.6509357200976403,22
3,2639,0,0,0,0,0,0,0,1,0.6509357200976403,23
3,2639,0,0,0,0,0,0,0,2,0.6509357200976403,23
3,2640,0,0,0,0,0,0,0,1,0.6509357200976403,0
3,2640,0,0,0,0,0,0,0,2,0.6509357200976403,0
3,2641,0,0,0,0,0,0,0,1,0.6509357200976403,1
3,2641,0,0,0,0,0,0,0,2,0.6509357200976403,1
3,2642,0,0,0,0,0,0,0,1,0.6509357200976403,2
3,2642,0,0,0,0,0,0,0,2,0.6509357200976403,2
3,2643,0,0,0,0,0,0,0,1,0.6509357200976403,3
3,2643,0,0,0,0,0,0,0,2,0.6509357200976403,3
3,2644,0,0,0,0,0,0,0,1,0.6509357200976403,4
3,2644,0,0,0,0,0,0,0,2,0.6509357200976403,4
3,2645,0,0,0,0,0,0,0,1,0.6509357200976403,5
3,2645,0,0,0,0,0,0,0,2,0.6509357200976403,5
3,2646,0,0,0,0,0,0,0,1,0.6509357200976403,6
3,2646,0,0,0,0,0,0,0,2,0.6509357200976403,6
3,2647,0,0,0,0,0,0,0,1,0.6509357200976403,7
3,2647,0,0,0,0,0,0,0,2,0.6509357200976403,7
3,2648,0,0,0,0,0,0,0,1,0.6509357200976403,8
3,2648,0,0,0,0,0,0,0,2,0.6509357200976403,8
3,2649,0,0,0,0,0,0,0,1,0.6509357200976403,9
3,2649,0,0,0,0,0,0,0,2,0.6509357200976403,9
3,2650,0,0,0,0,0,0,0,1,0.6509357200976403,10
3,2650,0,0,0,0,0,0,0,2,0.6509357200976403,10
3,2651,0,0,0,0,0,0,0,1,0.6509357200976403,11
3,2651,0,0,0,0,0,0,0,2,0.6509357200976403,11
3,2652,0,0,0,0,0,0,0,1,0.6509357200976403,12
3,2652,0,0,0,0,0,0,0,2,0.6509357200976403,12
3,2653,0,0,0,0,0,0,0,1,0.6509357200976403,13
3,2653,0,0,0,0,0,0,0,2,0.6509357200976403,13
3,2654,0,0,0,0,0,0,0,1,0.6509357200976403,14
3,2654,0,0,0,0,0,0,0,2,0.6509357200976403,14
3,2655,0,0,0,0,0,0,0,1,0.6509357200976403,15
3,2655,0,0,0,0,0,0,0,2,0.6509357200976403,15
3,2656,0,0,0,0,0,0,0,1,0.6509357200976403,16
3,2656,0,0,0,0,0,0,0,2,0.6509357200976403,16
3,2657,0,0,0,0,0,0,0,1,0.6509357200976403,17
3,2657,0,0,0,0,0,0,0,2,0.6509357200976403,17
3,2658,0,0,0,0,0,0,0,1,0.6509357200976403,18
3,2658,0,0,0,0,0,0,0,2,0.6509357200976403,18
3,2659,0,0,0,0,0,0,0,1,0.6509357200976403,19
3,2659,0,0,0,0,0,0,0,2,0.6509357200976403,19
3,2660,0,0,0,0,0,0,0,1,0.6509357200976403,20
3,2660,0,0,0,0,0,0,0,2,0.6509357200976403,20
3,2661,0,0,0,0,0,0,0,1,0.6509357200976403,21
3,2661,0,0,0,0,0,0,0,2,0.6509357200976403,21
3,2662,0,0,0,0,0,0,0,1,0.6509357200976403,22
3,2662,0,0,0,0,0,0,0,2,0.6509357200976403,22
3,2663,0,0,0,0,0,0,0,1,0.6509357200976403,23
3,2663,0,0,0,0,0,0,0,2,0.6509357200976403,23
3,2664,0,0,0,0,0,0,0,1,0.6509357200976403,0
3,2664,0,0,0,0,0,0,0,2,0.6509357200976403,0
3,2665,0,0,0,0,0,0,0,1,0.6509357200976403,1
3,2665,0,0,0,0,0,0,0,2,0.6509357200976403,1
3,2666,0,0,0,0,0,0,0,1,0.6509357200976403,2
3,2666,0,0,0,0,0,0,0,2,0.6509357200976403,2
3,2667,0,0,0,0,0,0,0,1,0.6509357200976403,3
3,2667,0,0,0,0,0,0,0,2,0.6509357200976403,3
3,2668,0,0,0,0,0,0,0,1,0.6509357200976403,4
3,2668,0,0,0,0,0,0,0,2,0.6509357200976403,4
3,2669,0,0,0,0,0,0,0,1,0.6509357200976403,5
3,2669,0,0,0,0,0,0,0,2,0.6509357200976403,5
3,2670,0,0,0,0,0,0,0,1,0.6509357200976403,6
3,2670,0,0,0,0,0,0,0,2,0.6509357200976403,6
3,2671,0,0,0,0,0,0,0,1,0.6509357200976403,7
3,2671,0,0,0,0,0,0,0,2,0.6509357200976403,7
3,2672,0,0,0,0,0,0,0,1,0.6509357200976403,8
3,2672,0,0,0,0,0,0,0,2,0.6509357200976403,8
3,2673,0,0,0,0,0,0,0,1,0.6509357200976403,9
3,2673,0,0,0,0,0,0,0,2,0.6509357200976403,9
3,2674,0,0,0,0,0,0,0,1,0.6509357200976403,10
3,2674,0,0,0,0,0,0,0,2,0.6509357200976403,10
3,2675,0,0,0,0,0,0,0,1,0.6509357200976403,11
3,2675,0,0,0,0,0,0,0,2,0.6509357200976403,11
3,2676,0,0,0,0,0,0,0,1,0.6509357200976403,12
3,2676,0,0,0,0,0,0,0,2,0.6509357200976403,12
3,2677,0,0,0,0,0,0,0,1,0.6509357200976403,13
3,2677,0,0,0,0,0,0,0,2,0.6509357200976403,13
3,2678,0,0,0,0,0,0,0,1,0.6509357200976403,14
3,2678,0,0,0,0,0,0,0,2,0.6509357200976403,14
3,2679,0,0,0,0,0,0,0,1,0.6509357200976403,15
3,2679,0,0,0,0,0,0,0,2,0.6509357200976403,15
3,2680,0,0,0,0,0,0,0,1,0.6509357200976403,16
3,2680,0,0,0,0,0,0,0,2,0.6509357200976403,16
3,2681,0,0,0,0,0,0,0,1,0.6509357200976403,17
3,2681,0,0,0,0,0,0,0,2,0.6509357200976403,17
3,2682,0,0,0,0,0,0,0,1,0.6509357200976403,18
3,2682,0,0,0,0,0,0,0,2,0.6509357200976403,18
3,2683,0,0,0,0,0,0,0,1,0.6509357200976403,19
3,2683,0,0,0,0,0,0,0,2,0.6509357200976403,19
3,2684,0,0,0,0,0,0,0,1,0.6509357200976403,20
3,2684,0,0,0,0,0,0,0,2,0.6509357200976403,20
3,2685,0,0,0,0,0,0,0,1,0.6509357200976403,21
3,2685,0,0,0,0,0,0,0,2,0.6509357200976403,21
3,2686,0,0,0,0,0,0,0,1,0.6509357200976403,22
3,2686,0,0,0,0,0,0,0,2,0.6509357200976403,22
3,2687,0,0,0,0,0,0,0,1,0.6509357200976403,23
3,2687,0,0,0,0,0,0,0,2,0.6509357200976403,23
3,2688,0,0,0,0,0,0,0,1,0.6509357200976403,24
3,2688,0,0,0,0,0,0,0,2,0.6509357200976403,24
